-0.020790,-0.081290,0.822945,-0.055893,0.001312,-0.690624,0.721050,0.069808,0.226106,0.063375,0.126006,0.037022,-0.090679,0.102148,-0.081322,-0.187321,0.150054,0.016465,0.107805,0.033392,0.089133,-0.002305,-0.147300,0.370248,-0.551758,1.001955,-0.212796,0.147074,-0.001059,-0.234243,-0.689650,0.619052,0.915159,0.125130,0.156469,0.145082
-0.020833,-0.081340,0.822988,-0.055601,0.002129,-0.690714,0.720985,0.068853,0.227176,0.063803,0.124689,0.039300,-0.090804,0.101909,-0.079946,-0.187919,0.147096,0.017494,0.107747,0.032400,0.091552,-0.004132,-0.146999,0.367295,-0.550262,1.005917,-0.212259,0.145759,-0.000325,-0.238192,-0.686602,0.622306,0.922524,0.127547,0.155418,0.143173
-0.020933,-0.081393,0.823044,-0.055463,0.001873,-0.690524,0.721177,0.068806,0.226303,0.063399,0.124693,0.035179,-0.090089,0.101665,-0.080811,-0.186689,0.146814,0.019562,0.107685,0.031457,0.090845,-0.004225,-0.145882,0.369215,-0.548094,1.002567,-0.212675,0.145402,-0.001453,-0.236886,-0.689576,0.622106,0.914319,0.127262,0.154520,0.147197
-0.021016,-0.081489,0.823058,-0.055359,0.001904,-0.690495,0.721213,0.069024,0.226380,0.063782,0.124713,0.034506,-0.089717,0.101542,-0.080711,-0.186744,0.146724,0.019345,0.107815,0.031009,0.090527,-0.004274,-0.144900,0.371035,-0.546415,0.998689,-0.213149,0.145424,-0.002510,-0.234547,-0.693434,0.620875,0.904620,0.126706,0.154311,0.151310
-0.021011,-0.081591,0.823073,-0.055249,0.001943,-0.690470,0.721245,0.069256,0.226458,0.064174,0.124680,0.033854,-0.089344,0.101384,-0.080610,-0.186792,0.146679,0.019102,0.107945,0.030698,0.090223,-0.004361,-0.143953,0.372837,-0.544872,0.994746,-0.213647,0.145513,-0.003539,-0.231961,-0.697390,0.619431,0.894682,0.126118,0.154226,0.155407
-0.020710,-0.081552,0.823049,-0.055396,0.001976,-0.690759,0.720957,0.068575,0.225678,0.063495,0.124689,0.034854,-0.090013,0.101512,-0.081480,-0.186532,0.146761,0.020319,0.107661,0.031270,0.090451,-0.004113,-0.144536,0.373661,-0.546760,0.992183,-0.212842,0.145503,-0.003849,-0.231268,-0.698056,0.620895,0.892524,0.125173,0.154722,0.155036
-0.020494,-0.081482,0.823057,-0.055370,0.001990,-0.690722,0.720994,0.068347,0.225093,0.063902,0.124647,0.034151,-0.089693,0.101358,-0.082038,-0.186147,0.146763,0.020979,0.107777,0.031344,0.090520,-0.004041,-0.144878,0.374650,-0.548568,0.989731,-0.212070,0.145445,-0.004038,-0.231000,-0.698568,0.622630,0.891030,0.124318,0.154894,0.154533
-0.020193,-0.081410,0.823064,-0.055350,0.002001,-0.690684,0.721032,0.068124,0.224511,0.064308,0.124626,0.033433,-0.089378,0.101208,-0.082589,-0.185759,0.146784,0.021626,0.107891,0.031357,0.090590,-0.003952,-0.145189,0.375658,-0.550320,0.987282,-0.211296,0.145371,-0.004231,-0.230826,-0.699042,0.624455,0.889631,0.123477,0.155011,0.154037
-0.020174,-0.081413,0.823028,-0.055400,0.002110,-0.690826,0.720893,0.068221,0.225382,0.063242,0.124657,0.035485,-0.090315,0.101089,-0.081648,-0.185899,0.146778,0.021499,0.106960,0.031922,0.090402,-0.004030,-0.146758,0.374931,-0.552428,0.987772,-0.210394,0.145562,-0.003902,-0.233182,-0.697110,0.627102,0.893694,0.122287,0.155712,0.153657
-0.020221,-0.081403,0.823007,-0.055447,0.002146,-0.690971,0.720750,0.068129,0.225715,0.063008,0.124689,0.036066,-0.090642,0.100890,-0.081229,-0.185440,0.146800,0.022358,0.106197,0.032378,0.090333,-0.004133,-0.148359,0.374186,-0.554357,0.988492,-0.209494,0.145709,-0.003756,-0.235935,-0.694792,0.629913,0.898325,0.121095,0.156173,0.153372
-0.020266,-0.081303,0.822987,-0.055492,0.002184,-0.691119,0.720605,0.068027,0.226046,0.062777,0.124732,0.036643,-0.090966,0.100687,-0.080813,-0.184977,0.146809,0.023229,0.105436,0.032809,0.090267,-0.004233,-0.149961,0.373432,-0.556248,0.989243,-0.208586,0.145831,-0.003619,-0.238748,-0.692443,0.632769,0.903037,0.119910,0.156589,0.153099
-0.020470,-0.081352,0.823038,-0.055473,0.002138,-0.690849,0.720865,0.068203,0.226060,0.063641,0.124670,0.035400,-0.090438,0.101051,-0.081027,-0.186073,0.146681,0.020114,0.107177,0.032111,0.090757,-0.004518,-0.148747,0.374827,-0.557496,0.986810,-0.206958,0.146203,-0.004578,-0.239090,-0.692585,0.632814,0.901933,0.119391,0.156503,0.154090
-0.020609,-0.081346,0.823037,-0.055466,0.002130,-0.690891,0.720825,0.068208,0.226438,0.063602,0.124657,0.035758,-0.090768,0.101085,-0.080576,-0.185899,0.146665,0.019269,0.106760,0.031724,0.091029,-0.004794,-0.147534,0.376216,-0.558829,0.984059,-0.205309,0.146695,-0.005696,-0.238991,-0.693035,0.632576,0.900227,0.118824,0.156710,0.155018
-0.020749,-0.081430,0.823038,-0.055446,0.002145,-0.690941,0.720778,0.068167,0.226837,0.063581,0.124633,0.036119,-0.091101,0.101097,-0.080097,-0.185711,0.146573,0.018470,0.106334,0.031407,0.091316,-0.005145,-0.146312,0.377607,-0.560214,0.981267,-0.203662,0.147224,-0.006809,-0.238798,-0.693518,0.632274,0.898435,0.118244,0.156970,0.155933
-0.020667,-0.081617,0.823038,-0.055336,0.002137,-0.690817,0.720906,0.068464,0.225857,0.063802,0.124686,0.034710,-0.090045,0.101328,-0.081299,-0.186227,0.146768,0.020262,0.108093,0.031510,0.091150,-0.004916,-0.147019,0.376672,-0.559676,0.983863,-0.204215,0.147407,-0.006432,-0.238097,-0.694456,0.630847,0.903145,0.119568,0.157157,0.154887
-0.020528,-0.081700,0.823046,-0.055296,0.002103,-0.690848,0.720879,0.068774,0.225393,0.063577,0.124709,0.033977,-0.089637,0.101649,-0.081740,-0.186531,0.146788,0.020358,0.108892,0.031373,0.091176,-0.004739,-0.147836,0.375758,-0.559204,0.987015,-0.204824,0.147326,-0.006102,-0.237596,-0.695443,0.629474,0.908246,0.120981,0.157058,0.153898
-0.020391,-0.081869,0.823054,-0.055261,0.002070,-0.690880,0.720852,0.069085,0.224947,0.063346,0.124738,0.033243,-0.089234,0.101970,-0.082164,-0.186837,0.146815,0.020453,0.109686,0.031226,0.091216,-0.004557,-0.148664,0.374837,-0.558713,0.990216,-0.205432,0.147202,-0.005792,-0.237136,-0.696422,0.628135,0.913402,0.122402,0.156923,0.152921
-0.020458,-0.081759,0.823027,-0.055466,0.002053,-0.690650,0.721056,0.068797,0.226383,0.063432,0.124661,0.035910,-0.090138,0.101723,-0.081143,-0.186714,0.146659,0.019615,0.107418,0.031661,0.091474,-0.005006,-0.150074,0.373943,-0.559136,0.992257,-0.205953,0.147009,-0.005340,-0.238861,-0.694293,0.628589,0.914818,0.123097,0.156411,0.151592
-0.020583,-0.081645,0.823019,-0.055576,0.002002,-0.690589,0.721106,0.068761,0.227306,0.063291,0.124611,0.037114,-0.090226,0.101694,-0.080571,-0.187080,0.146502,0.018984,0.106894,0.031849,0.091685,-0.005320,-0.151434,0.373254,-0.559512,0.994247,-0.206494,0.146907,-0.005058,-0.240671,-0.691843,0.629079,0.916194,0.123803,0.156029,0.150103
-0.020796,-0.081532,0.823011,-0.055688,0.001942,-0.690524,0.721160,0.068743,0.228217,0.063146,0.124563,0.038315,-0.090311,0.101683,-0.080012,-0.187454,0.146350,0.018347,0.106378,0.032007,0.091882,-0.005612,-0.152773,0.372579,-0.559866,0.996211,-0.207032,0.146818,-0.004778,-0.242496,-0.689377,0.629585,0.917563,0.124510,0.155660,0.148606
-0.020678,-0.081568,0.823031,-0.055495,0.002003,-0.690655,0.721049,0.068758,0.225891,0.064579,0.124720,0.034372,-0.089843,0.101753,-0.081635,-0.186198,0.146888,0.021053,0.107622,0.031636,0.091451,-0.005399,-0.152922,0.371866,-0.560360,0.998635,-0.206880,0.146660,-0.004936,-0.242759,-0.687157,0.629437,0.923673,0.125320,0.155554,0.147187
-0.020530,-0.081585,0.823035,-0.055470,0.002000,-0.690658,0.721049,0.068781,0.225433,0.065963,0.124780,0.033318,-0.089432,0.101691,-0.082501,-0.186047,0.147069,0.022170,0.107734,0.031324,0.091198,-0.005208,-0.153299,0.370913,-0.561007,1.001009,-0.206697,0.146556,-0.005061,-0.243058,-0.685093,0.629331,0.929981,0.126103,0.155253,0.145929
-0.020296,-0.081601,0.823040,-0.055447,0.002006,-0.690660,0.721048,0.068802,0.224999,0.067346,0.124812,0.032284,-0.089028,0.101628,-0.083341,-0.185905,0.147226,0.023303,0.107837,0.031011,0.090976,-0.005030,-0.153684,0.369937,-0.561655,1.003402,-0.206518,0.146452,-0.005184,-0.243370,-0.683045,0.629239,0.936307,0.126887,0.154934,0.144682
-0.020322,-0.081678,0.823014,-0.055512,0.002107,-0.690680,0.721023,0.068694,0.225606,0.063487,0.124671,0.035250,-0.089738,0.101683,-0.081021,-0.186437,0.146828,0.019762,0.107805,0.031288,0.091870,-0.005526,-0.152687,0.368480,-0.561712,1.002853,-0.206984,0.146539,-0.004981,-0.243436,-0.682887,0.627114,0.933844,0.128743,0.154074,0.143180
-0.020489,-0.081870,0.823000,-0.055469,0.002198,-0.690606,0.721098,0.068536,0.225617,0.063056,0.124615,0.035684,-0.089523,0.101677,-0.080477,-0.186945,0.146856,0.018789,0.107933,0.031347,0.092243,-0.005823,-0.151619,0.367240,-0.561900,1.002103,-0.207348,0.146593,-0.005056,-0.243057,-0.682818,0.624729,0.930711,0.130591,0.153591,0.141549
-0.020564,-0.082065,0.822986,-0.055418,0.002290,-0.690536,0.721168,0.068378,0.225609,0.062647,0.124555,0.036115,-0.089302,0.101664,-0.079954,-0.187437,0.146864,0.017829,0.108070,0.031452,0.092590,-0.006144,-0.150544,0.366005,-0.562119,1.001326,-0.207706,0.146666,-0.005127,-0.242591,-0.682767,0.622289,0.927474,0.132431,0.153164,0.139898
-0.020535,-0.081971,0.823026,-0.055216,0.002192,-0.690693,0.721034,0.068574,0.225676,0.063646,0.124670,0.034876,-0.089849,0.101509,-0.081517,-0.186448,0.146852,0.019911,0.107868,0.031392,0.091935,-0.005926,-0.150342,0.365046,-0.561778,1.000981,-0.207878,0.146783,-0.004767,-0.242962,-0.681285,0.621619,0.924714,0.132800,0.153033,0.138501
-0.020451,-0.081864,0.823027,-0.055268,0.002144,-0.690802,0.720925,0.068650,0.225611,0.063817,0.124704,0.034867,-0.089789,0.101397,-0.081589,-0.186233,0.146858,0.020115,0.107981,0.031397,0.091783,-0.005721,-0.150088,0.364014,-0.561297,1.000674,-0.208020,0.146772,-0.004145,-0.243478,-0.679675,0.620743,0.922072,0.133143,0.152888,0.137142
-0.020369,-0.081669,0.823028,-0.055326,0.002098,-0.690908,0.720820,0.068733,0.225558,0.063976,0.124727,0.034866,-0.089736,0.101287,-0.081651,-0.186031,0.146870,0.020315,0.108087,0.031384,0.091649,-0.005509,-0.149834,0.362969,-0.560802,1.000381,-0.208161,0.146746,-0.003518,-0.244008,-0.678065,0.619877,0.919444,0.133478,0.152735,0.135787
-0.020307,-0.081675,0.823030,-0.055340,0.002069,-0.690920,0.720807,0.068759,0.225464,0.064201,0.124709,0.034844,-0.089651,0.101282,-0.081751,-0.185933,0.146876,0.020387,0.108092,0.031123,0.091711,-0.005805,-0.149415,0.362733,-0.560079,1.002174,-0.208428,0.146670,-0.003442,-0.243043,-0.679075,0.619431,0.922187,0.133864,0.152739,0.136214
-0.020243,-0.081585,0.823031,-0.055352,0.002045,-0.690930,0.720797,0.068754,0.225372,0.064424,0.124708,0.034826,-0.089559,0.101247,-0.081855,-0.185830,0.146889,0.020470,0.108095,0.030842,0.091737,-0.005940,-0.149080,0.362436,-0.559433,1.004161,-0.208689,0.146456,-0.003424,-0.241944,-0.679958,0.618876,0.925256,0.134252,0.152513,0.136921
-0.020179,-0.081495,0.823033,-0.055365,0.002019,-0.690940,0.720786,0.068753,0.225278,0.064645,0.124710,0.034808,-0.089472,0.101212,-0.081956,-0.185725,0.146907,0.020549,0.108097,0.030571,0.091757,-0.006070,-0.148763,0.362137,-0.558801,1.006169,-0.208950,0.146226,-0.003412,-0.240842,-0.680836,0.618306,0.928353,0.134629,0.152257,0.137647
-0.020001,-0.081402,0.823033,-0.055395,0.002013,-0.690901,0.720821,0.068539,0.225046,0.065002,0.124722,0.034732,-0.089341,0.101064,-0.082192,-0.185488,0.146906,0.020833,0.108156,0.030890,0.091384,-0.005756,-0.148130,0.362558,-0.559515,1.003597,-0.208391,0.146004,-0.003791,-0.240224,-0.681914,0.619320,0.925511,0.133107,0.151926,0.138477
-0.019841,-0.081220,0.823032,-0.055430,0.002001,-0.690860,0.720857,0.068347,0.224833,0.065352,0.124719,0.034670,-0.089236,0.100924,-0.082409,-0.185262,0.146919,0.021101,0.108189,0.030853,0.091299,-0.005662,-0.147145,0.362926,-0.560093,1.000613,-0.207842,0.145993,-0.004070,-0.239277,-0.683381,0.619994,0.922221,0.131543,0.151960,0.139135
-0.019592,-0.081041,0.823032,-0.055460,0.001996,-0.690819,0.720895,0.068143,0.224622,0.065700,0.124713,0.034605,-0.089130,0.100778,-0.082622,-0.185037,0.146924,0.021369,0.108223,0.030825,0.091227,-0.005595,-0.146124,0.363290,-0.560680,0.997575,-0.207291,0.146014,-0.004332,-0.238281,-0.684880,0.620651,0.918853,0.129976,0.152044,0.139783
-0.019841,-0.081147,0.823030,-0.055401,0.002011,-0.690726,0.720989,0.068102,0.224679,0.064784,0.124708,0.034727,-0.089311,0.100954,-0.082512,-0.185499,0.146925,0.021059,0.108277,0.031248,0.090816,-0.005540,-0.146069,0.362780,-0.559987,0.997494,-0.207586,0.146451,-0.004484,-0.237547,-0.686193,0.619619,0.919905,0.130079,0.152426,0.140434
-0.020015,-0.081315,0.823030,-0.055368,0.001995,-0.690627,0.721085,0.068104,0.224817,0.064453,0.124724,0.034914,-0.089335,0.101169,-0.082394,-0.185970,0.146954,0.020762,0.108310,0.031691,0.090537,-0.005598,-0.145946,0.362383,-0.559243,0.997696,-0.207897,0.146765,-0.004711,-0.236996,-0.687530,0.618502,0.921268,0.130215,0.152617,0.141077
-0.020188,-0.081394,0.823030,-0.055338,0.001977,-0.690531,0.721181,0.068112,0.224957,0.064127,0.124737,0.035099,-0.089361,0.101387,-0.082275,-0.186432,0.146984,0.020462,0.108340,0.032132,0.090260,-0.005652,-0.145838,0.361982,-0.558495,0.997933,-0.208207,0.147050,-0.004950,-0.236467,-0.688856,0.617396,0.922673,0.130354,0.152776,0.141728
-0.020157,-0.081399,0.823022,-0.055361,0.002005,-0.690552,0.721158,0.068163,0.225053,0.064419,0.124708,0.034628,-0.089358,0.101306,-0.082229,-0.186208,0.146969,0.020509,0.108434,0.032139,0.090681,-0.005639,-0.145454,0.362383,-0.560111,0.998953,-0.207320,0.147235,-0.005254,-0.237411,-0.687423,0.617727,0.925732,0.130166,0.152973,0.140981
-0.020050,-0.081401,0.823013,-0.055386,0.002038,-0.690631,0.721080,0.068206,0.225171,0.064709,0.124683,0.034162,-0.089373,0.101220,-0.082164,-0.185987,0.146957,0.020558,0.108508,0.032222,0.091010,-0.005652,-0.144985,0.362776,-0.561575,0.999950,-0.206405,0.147504,-0.005733,-0.238479,-0.685956,0.618140,0.929011,0.130015,0.153090,0.140121
-0.020031,-0.081316,0.823005,-0.055409,0.002072,-0.690710,0.721003,0.068247,0.225291,0.065002,0.124660,0.033693,-0.089388,0.101128,-0.082096,-0.185763,0.146949,0.020607,0.108583,0.032290,0.091340,-0.005666,-0.144506,0.363178,-0.563022,1.000938,-0.205480,0.147781,-0.006221,-0.239569,-0.684475,0.618574,0.932319,0.129871,0.153188,0.139261
-0.019984,-0.081385,0.823019,-0.055439,0.001977,-0.690618,0.721089,0.068418,0.224886,0.064525,0.124777,0.034621,-0.089098,0.101273,-0.082261,-0.185883,0.146981,0.020679,0.108603,0.032204,0.090959,-0.005664,-0.145090,0.360242,-0.561525,1.003575,-0.206992,0.147330,-0.004343,-0.239994,-0.682665,0.617319,0.935668,0.131484,0.152719,0.136708
-0.019830,-0.081445,0.823015,-0.055519,0.001911,-0.690546,0.721152,0.068675,0.224747,0.064532,0.124764,0.034419,-0.088921,0.101430,-0.082335,-0.186033,0.147051,0.020738,0.108639,0.032158,0.090994,-0.005671,-0.145928,0.357478,-0.560015,1.006755,-0.208560,0.146300,-0.002450,-0.240271,-0.680730,0.616155,0.939379,0.133204,0.151679,0.133783
-0.019762,-0.081503,0.823011,-0.055604,0.001844,-0.690476,0.721213,0.068931,0.224616,0.064543,0.124775,0.034210,-0.088744,0.101597,-0.082402,-0.186174,0.147111,0.020806,0.108673,0.032120,0.091032,-0.005673,-0.146838,0.354712,-0.558493,1.009660,-0.210139,0.145683,-0.000547,-0.240726,-0.678944,0.614911,0.942768,0.134886,0.151132,0.131209
-0.019615,-0.081390,0.823027,-0.055584,0.001786,-0.690518,0.721174,0.068890,0.224332,0.064398,0.124827,0.034468,-0.088961,0.101990,-0.082905,-0.186136,0.147131,0.020963,0.108848,0.032307,0.090750,-0.005370,-0.146795,0.357196,-0.556152,1.008599,-0.210707,0.145421,-0.000450,-0.239519,-0.680881,0.614976,0.941033,0.134356,0.150670,0.131822
-0.019547,-0.081389,0.823037,-0.055571,0.001738,-0.690524,0.721170,0.068890,0.224104,0.064666,0.124831,0.034591,-0.088843,0.101977,-0.083142,-0.185994,0.147133,0.021100,0.109001,0.032395,0.090492,-0.005092,-0.146562,0.359749,-0.553780,1.007217,-0.211221,0.145269,-0.000373,-0.238009,-0.682756,0.614865,0.938868,0.133704,0.150447,0.132558
-0.019480,-0.081303,0.823048,-0.055553,0.001697,-0.690532,0.721163,0.068869,0.223881,0.064941,0.124833,0.034712,-0.088729,0.101939,-0.083373,-0.185844,0.147139,0.021241,0.109155,0.032501,0.090232,-0.004845,-0.146304,0.362315,-0.551419,1.005799,-0.211734,0.145143,-0.000288,-0.236450,-0.684645,0.614722,0.936642,0.133041,0.150268,0.133290
-0.019527,-0.081278,0.823033,-0.055670,0.001704,-0.690509,0.721176,0.068986,0.224062,0.064410,0.124790,0.034482,-0.088650,0.102130,-0.083012,-0.185402,0.147255,0.020892,0.108787,0.032844,0.090304,-0.004972,-0.148098,0.362857,-0.554470,1.005052,-0.210319,0.145466,-0.001607,-0.238733,-0.684288,0.618046,0.938031,0.131105,0.151340,0.134824
-0.019589,-0.081324,0.823034,-0.055772,0.001657,-0.690493,0.721184,0.069090,0.224194,0.064190,0.124819,0.034585,-0.088663,0.102366,-0.082740,-0.184934,0.147341,0.020581,0.108409,0.033109,0.090311,-0.005056,-0.149990,0.363452,-0.557408,1.003992,-0.208928,0.146311,-0.002810,-0.241565,-0.683884,0.621487,0.939518,0.129127,0.152780,0.136867
-0.019652,-0.081281,0.823036,-0.055878,0.001607,-0.690476,0.721192,0.069208,0.224325,0.063970,0.124839,0.034694,-0.088674,0.102611,-0.082464,-0.184471,0.147436,0.020262,0.108032,0.033349,0.090324,-0.005109,-0.151837,0.364045,-0.560328,1.003251,-0.207532,0.146711,-0.004045,-0.244290,-0.683310,0.625048,0.941399,0.127192,0.153686,0.138581
-0.019591,-0.081253,0.823022,-0.055772,0.001503,-0.690420,0.721254,0.069348,0.224372,0.064958,0.124818,0.034242,-0.088743,0.102341,-0.082871,-0.184617,0.147251,0.021710,0.109209,0.032574,0.090452,-0.005059,-0.150333,0.364456,-0.556287,1.000447,-0.209937,0.146387,-0.003620,-0.242618,-0.685141,0.622100,0.936394,0.128430,0.153118,0.138909
-0.019575,-0.081260,0.823018,-0.055729,0.001420,-0.690423,0.721255,0.069421,0.224254,0.065226,0.124780,0.033809,-0.088639,0.102263,-0.082994,-0.183487,0.147139,0.022359,0.109544,0.031679,0.090538,-0.004904,-0.148853,0.364872,-0.552462,0.997436,-0.212365,0.146115,-0.003086,-0.240087,-0.687310,0.618748,0.930622,0.129658,0.152887,0.139145
-0.019470,-0.081271,0.823013,-0.055686,0.001339,-0.690425,0.721256,0.069504,0.224138,0.065499,0.124738,0.033373,-0.088537,0.102187,-0.083118,-0.182354,0.147028,0.023002,0.109879,0.030842,0.090618,-0.004760,-0.147378,0.365283,-0.548699,0.994392,-0.214800,0.145864,-0.002535,-0.237423,-0.689513,0.615292,0.924723,0.130867,0.152721,0.139354
-0.019560,-0.081342,0.823037,-0.055798,0.001495,-0.690592,0.721087,0.069800,0.224324,0.065513,0.124776,0.035104,-0.088892,0.102811,-0.082597,-0.184375,0.146943,0.020205,0.109032,0.031484,0.090868,-0.005276,-0.148211,0.364772,-0.549398,0.993283,-0.214235,0.145742,-0.002052,-0.237676,-0.689517,0.615383,0.920723,0.130241,0.152793,0.138870
-0.019734,-0.081295,0.823046,-0.055850,0.001364,-0.690518,0.721155,0.070076,0.224475,0.065652,0.124762,0.036082,-0.089142,0.103314,-0.082170,-0.183742,0.146885,0.019106,0.109059,0.031492,0.091233,-0.005607,-0.148900,0.364441,-0.550157,0.992366,-0.213567,0.145652,-0.001456,-0.238280,-0.689280,0.615645,0.917057,0.129613,0.152741,0.138451
-0.019818,-0.081247,0.823055,-0.055911,0.001228,-0.690446,0.721219,0.070381,0.224623,0.065800,0.124746,0.037058,-0.089393,0.103861,-0.081738,-0.183102,0.146777,0.018035,0.109087,0.031468,0.091602,-0.005904,-0.149586,0.364108,-0.550870,0.991475,-0.212891,0.145540,-0.000862,-0.238959,-0.689026,0.615974,0.913445,0.128994,0.152668,0.138045
-0.019893,-0.081178,0.823021,-0.055981,0.001219,-0.690607,0.721059,0.070187,0.224697,0.065660,0.124732,0.035212,-0.089529,0.102888,-0.082346,-0.184094,0.147069,0.021524,0.108189,0.031305,0.090901,-0.005527,-0.148797,0.365935,-0.549669,0.990711,-0.213051,0.145455,-0.000462,-0.237282,-0.689921,0.615899,0.911781,0.128426,0.152951,0.138645
-0.019932,-0.081000,0.822998,-0.056077,0.001197,-0.690711,0.720952,0.070168,0.224972,0.065620,0.124772,0.035368,-0.090217,0.102611,-0.081914,-0.183439,0.146984,0.022369,0.107371,0.031079,0.090467,-0.005437,-0.147958,0.367420,-0.548338,0.989863,-0.213198,0.145365,0.000095,-0.235594,-0.690819,0.615818,0.910158,0.127833,0.153169,0.139282
-0.019971,-0.080823,0.822975,-0.056186,0.001167,-0.690815,0.720844,0.070203,0.225252,0.065585,0.124777,0.035538,-0.090911,0.102374,-0.081473,-0.182783,0.146893,0.023212,0.106553,0.030849,0.090050,-0.005314,-0.147110,0.368893,-0.547001,0.989014,-0.213340,0.145268,0.000659,-0.233911,-0.691726,0.615747,0.908542,0.127244,0.153381,0.139921
-0.020017,-0.080920,0.823027,-0.056143,0.001344,-0.690748,0.720912,0.070226,0.225110,0.065343,0.124757,0.035373,-0.089547,0.103111,-0.082092,-0.185396,0.146926,0.020201,0.108082,0.031379,0.090595,-0.005079,-0.145469,0.369224,-0.549402,0.987157,-0.211769,0.145743,-0.001320,-0.233279,-0.692126,0.615938,0.907934,0.127193,0.153410,0.140613
-0.020108,-0.081001,0.823030,-0.056186,0.001423,-0.690688,0.720965,0.070362,0.225203,0.064889,0.124746,0.035786,-0.089761,0.103491,-0.082069,-0.186874,0.147045,0.019343,0.107407,0.031594,0.090607,-0.004851,-0.143977,0.369340,-0.551942,0.985093,-0.210247,0.146278,-0.002893,-0.232543,-0.692747,0.616028,0.907422,0.127238,0.153258,0.141164
-0.020112,-0.081083,0.823033,-0.056230,0.001515,-0.690634,0.721013,0.070486,0.225320,0.064441,0.124726,0.036205,-0.089983,0.103886,-0.082012,-0.188345,0.147089,0.018528,0.106727,0.031832,0.090642,-0.004648,-0.142473,0.369456,-0.554497,0.982995,-0.208735,0.146842,-0.004440,-0.231807,-0.693363,0.616118,0.906930,0.127291,0.153083,0.141711
-0.020106,-0.081096,0.823025,-0.056000,0.001207,-0.690694,0.720975,0.070707,0.225165,0.067031,0.124688,0.034938,-0.089018,0.103080,-0.082206,-0.184146,0.147009,0.020597,0.109604,0.031124,0.090348,-0.004782,-0.141492,0.369171,-0.554200,0.984621,-0.208292,0.147151,-0.004179,-0.230295,-0.694845,0.615428,0.908766,0.127084,0.153555,0.141525
-0.020109,-0.081170,0.823028,-0.055922,0.001162,-0.690740,0.720936,0.071089,0.225120,0.068435,0.124692,0.034787,-0.088721,0.103007,-0.082395,-0.183496,0.147022,0.020669,0.110675,0.030908,0.090188,-0.004750,-0.140323,0.369022,-0.554276,0.986648,-0.207809,0.147335,-0.004124,-0.229158,-0.697010,0.615244,0.910760,0.126810,0.153618,0.141823
-0.020114,-0.081154,0.823030,-0.055855,0.001110,-0.690775,0.720909,0.071495,0.225080,0.069810,0.124672,0.034649,-0.088427,0.102962,-0.082578,-0.182875,0.147060,0.020720,0.111749,0.030643,0.090052,-0.004689,-0.139151,0.368862,-0.554334,0.988681,-0.207323,0.147508,-0.004079,-0.228057,-0.699182,0.615083,0.912805,0.126542,0.153638,0.142153
-0.020116,-0.081213,0.823032,-0.056033,0.001232,-0.690767,0.720902,0.070391,0.225026,0.065940,0.124603,0.035746,-0.088663,0.102769,-0.082238,-0.183968,0.147046,0.020207,0.109192,0.031553,0.090175,-0.004691,-0.138745,0.370461,-0.553827,0.988469,-0.206586,0.147450,-0.004896,-0.226950,-0.699869,0.613850,0.912847,0.127271,0.153373,0.141817
-0.020229,-0.081243,0.823041,-0.055985,0.001266,-0.690744,0.720928,0.070119,0.224898,0.065449,0.124561,0.036472,-0.088160,0.102358,-0.082329,-0.183529,0.147063,0.019816,0.109536,0.031893,0.090376,-0.004807,-0.138482,0.372145,-0.553320,0.988213,-0.205883,0.147511,-0.005460,-0.225685,-0.700668,0.612335,0.912763,0.128050,0.153182,0.141668
-0.020251,-0.081274,0.823051,-0.055938,0.001285,-0.690729,0.720945,0.069900,0.224748,0.064991,0.124485,0.037208,-0.087650,0.101953,-0.082447,-0.183061,0.147108,0.019412,0.109888,0.032266,0.090565,-0.004898,-0.138227,0.373815,-0.552824,0.987960,-0.205182,0.147577,-0.006013,-0.224399,-0.701478,0.610799,0.912647,0.128827,0.153007,0.141525
-0.020236,-0.081155,0.823032,-0.055872,0.001333,-0.690856,0.720829,0.070045,0.225007,0.066000,0.124609,0.035424,-0.089177,0.102325,-0.082160,-0.183984,0.147109,0.021264,0.108899,0.031984,0.089938,-0.004843,-0.138269,0.373696,-0.551334,0.987716,-0.206280,0.147469,-0.005346,-0.224503,-0.700882,0.611794,0.909738,0.127540,0.153489,0.142476
-0.020134,-0.081003,0.823021,-0.055905,0.001403,-0.690910,0.720774,0.069811,0.224939,0.066005,0.124657,0.035271,-0.089352,0.101923,-0.082157,-0.183605,0.147062,0.022205,0.108771,0.031805,0.089746,-0.004608,-0.138214,0.373405,-0.549994,0.987401,-0.207439,0.147347,-0.004347,-0.224684,-0.700411,0.612961,0.906744,0.126289,0.154021,0.143390
-0.020030,-0.080852,0.823010,-0.055918,0.001487,-0.690966,0.720720,0.069541,0.224853,0.066017,0.124670,0.035141,-0.089520,0.101453,-0.082171,-0.183222,0.147050,0.023135,0.108649,0.031623,0.089561,-0.004428,-0.138144,0.373083,-0.548652,0.987081,-0.208603,0.147230,-0.003320,-0.224863,-0.699970,0.614148,0.903736,0.125049,0.154564,0.144306
-0.019950,-0.080922,0.823034,-0.055869,0.001472,-0.690847,0.720838,0.069620,0.224731,0.066294,0.124671,0.034910,-0.088584,0.102269,-0.082297,-0.182965,0.146920,0.021614,0.109160,0.031585,0.089807,-0.004675,-0.137451,0.372526,-0.548100,0.984515,-0.209550,0.146849,-0.003381,-0.224237,-0.699865,0.613765,0.899578,0.124963,0.154418,0.143987
-0.019768,-0.081022,0.823027,-0.055848,0.001546,-0.690754,0.720928,0.069610,0.224408,0.066335,0.124650,0.034410,-0.088235,0.102550,-0.082426,-0.181968,0.146866,0.022158,0.109416,0.031485,0.089686,-0.004658,-0.136667,0.371825,-0.547627,0.981834,-0.210498,0.146522,-0.003437,-0.223333,-0.699875,0.613232,0.895253,0.124896,0.154301,0.143641
-0.019673,-0.081036,0.823021,-0.055821,0.001631,-0.690665,0.721015,0.069570,0.224094,0.066380,0.124635,0.033907,-0.087886,0.102821,-0.082549,-0.180961,0.146769,0.022727,0.109672,0.031411,0.089569,-0.004678,-0.135870,0.371128,-0.547176,0.979110,-0.211449,0.146227,-0.003476,-0.222395,-0.699895,0.612669,0.890898,0.124824,0.154191,0.143291
-0.019778,-0.081032,0.823029,-0.055902,0.001581,-0.690826,0.720855,0.069568,0.225125,0.066868,0.124621,0.035316,-0.089187,0.102114,-0.081830,-0.183036,0.146808,0.020479,0.108292,0.031002,0.090359,-0.004705,-0.136233,0.371150,-0.551610,0.977607,-0.209075,0.146961,-0.005114,-0.223764,-0.699025,0.614445,0.887931,0.123430,0.154825,0.144449
-0.019894,-0.080939,0.823017,-0.055944,0.001700,-0.690891,0.720789,0.069461,0.225717,0.067384,0.124600,0.035771,-0.089870,0.101808,-0.081064,-0.182438,0.146879,0.019743,0.107529,0.030565,0.090968,-0.004741,-0.136488,0.370862,-0.555755,0.976173,-0.206686,0.147533,-0.006907,-0.225367,-0.697998,0.616276,0.885163,0.122097,0.155343,0.145529
-0.020007,-0.080933,0.823006,-0.055989,0.001816,-0.690959,0.720720,0.069364,0.226307,0.067909,0.124590,0.036216,-0.090549,0.101545,-0.080296,-0.181832,0.146885,0.019043,0.106770,0.030119,0.091577,-0.004767,-0.136732,0.370571,-0.559879,0.974739,-0.204287,0.148097,-0.008706,-0.227005,-0.696959,0.618139,0.882434,0.120771,0.155841,0.146619
-0.020268,-0.080881,0.823025,-0.056001,0.001467,-0.690757,0.720914,0.069382,0.225932,0.066622,0.124640,0.036378,-0.089505,0.102145,-0.081122,-0.183191,0.146920,0.019772,0.108540,0.030714,0.091598,-0.004790,-0.137180,0.371533,-0.558869,0.973195,-0.204512,0.148074,-0.008262,-0.227686,-0.697156,0.619071,0.880327,0.119918,0.155623,0.146737
-0.020502,-0.080767,0.823019,-0.056128,0.001390,-0.690658,0.720998,0.069419,0.226330,0.065852,0.124578,0.037460,-0.089865,0.102398,-0.080555,-0.183452,0.146911,0.018669,0.108379,0.030951,0.091743,-0.004734,-0.137948,0.372397,-0.557928,0.971878,-0.204782,0.147892,-0.007735,-0.228422,-0.697668,0.620111,0.878215,0.119082,0.155374,0.146972
-0.020653,-0.080739,0.823013,-0.056258,0.001325,-0.690565,0.721078,0.069437,0.226758,0.065084,0.124528,0.038537,-0.090240,0.102626,-0.079958,-0.183700,0.146907,0.017569,0.108204,0.031199,0.091916,-0.004689,-0.138718,0.373258,-0.556980,0.970562,-0.205055,0.147706,-0.007212,-0.229177,-0.698184,0.621165,0.876118,0.118250,0.155120,0.147213
-0.020674,-0.080701,0.823021,-0.056024,0.001430,-0.690587,0.721075,0.069222,0.226285,0.067116,0.124614,0.036135,-0.089496,0.102271,-0.080982,-0.183668,0.146878,0.020256,0.108575,0.031007,0.091143,-0.004347,-0.138663,0.373332,-0.555603,0.969978,-0.205093,0.147745,-0.006867,-0.228698,-0.698151,0.619537,0.878622,0.119054,0.155181,0.146078
-0.020728,-0.080554,0.823016,-0.056041,0.001519,-0.690556,0.721103,0.068975,0.226357,0.067208,0.124637,0.036219,-0.089654,0.102108,-0.080932,-0.183753,0.146845,0.020346,0.108551,0.031180,0.091100,-0.004213,-0.138548,0.372994,-0.554187,0.969322,-0.205118,0.147846,-0.006478,-0.228055,-0.698081,0.617863,0.881321,0.119870,0.155038,0.144938
-0.020696,-0.080494,0.823012,-0.056061,0.001613,-0.690521,0.721135,0.068729,0.226441,0.067293,0.124642,0.036317,-0.089821,0.101940,-0.080869,-0.183852,0.146818,0.020432,0.108524,0.031353,0.091085,-0.004090,-0.138439,0.372629,-0.552783,0.968688,-0.205141,0.147940,-0.006086,-0.227399,-0.698034,0.616186,0.884023,0.120692,0.154880,0.143796
-0.020732,-0.080576,0.823021,-0.055975,0.001452,-0.690445,0.721215,0.068623,0.226293,0.066663,0.124651,0.036313,-0.089861,0.102050,-0.080981,-0.184168,0.146830,0.020392,0.108511,0.032197,0.091021,-0.004626,-0.138735,0.371109,-0.554940,0.969515,-0.204225,0.148230,-0.006633,-0.228721,-0.696376,0.617624,0.888689,0.120426,0.155504,0.143698
-0.020739,-0.080589,0.823024,-0.055932,0.001473,-0.690363,0.721296,0.068501,0.226126,0.066048,0.124653,0.036395,-0.090017,0.102135,-0.081106,-0.184475,0.146844,0.020347,0.108520,0.033000,0.090726,-0.004816,-0.138875,0.369713,-0.556814,0.970499,-0.203311,0.148461,-0.007246,-0.229859,-0.694685,0.619096,0.893606,0.120177,0.156052,0.143650
-0.020658,-0.080690,0.823028,-0.055890,0.001492,-0.690280,0.721379,0.068385,0.225958,0.065432,0.124655,0.036478,-0.090173,0.102225,-0.081229,-0.184784,0.146858,0.020301,0.108527,0.033784,0.090426,-0.004999,-0.138999,0.368331,-0.558670,0.971465,-0.202389,0.148698,-0.007864,-0.231015,-0.692974,0.620582,0.898542,0.119924,0.156584,0.143602
-0.020806,-0.080648,0.823015,-0.055985,0.001426,-0.690177,0.721470,0.068505,0.226338,0.066065,0.124639,0.036369,-0.090173,0.102333,-0.080924,-0.184760,0.146880,0.020119,0.108477,0.033287,0.090642,-0.005414,-0.138490,0.366572,-0.557964,0.973292,-0.203288,0.148559,-0.007420,-0.232142,-0.691293,0.620223,0.900276,0.120246,0.156521,0.143619
-0.020957,-0.080706,0.823017,-0.056050,0.001325,-0.690158,0.721483,0.068606,0.226539,0.066231,0.124668,0.036568,-0.090312,0.102492,-0.080725,-0.184716,0.146848,0.019953,0.108446,0.033090,0.090656,-0.005615,-0.138329,0.364593,-0.557170,0.975172,-0.204215,0.148338,-0.006947,-0.233161,-0.689620,0.619870,0.901853,0.120572,0.156787,0.143580
-0.021107,-0.080675,0.823019,-0.056116,0.001222,-0.690139,0.721497,0.068716,0.226739,0.066399,0.124695,0.036765,-0.090447,0.102659,-0.080536,-0.184677,0.146818,0.019791,0.108414,0.032911,0.090670,-0.005800,-0.138195,0.362604,-0.556395,0.977071,-0.205146,0.148113,-0.006475,-0.234156,-0.687959,0.619485,0.903396,0.120897,0.157083,0.143538
-0.021178,-0.080859,0.823012,-0.055977,0.001454,-0.690145,0.721501,0.068861,0.227127,0.065475,0.124619,0.036135,-0.091057,0.102733,-0.080043,-0.184624,0.146750,0.019098,0.108394,0.032865,0.090785,-0.005548,-0.138874,0.364729,-0.557938,0.974810,-0.203805,0.148015,-0.007311,-0.233719,-0.691221,0.623417,0.897655,0.118041,0.156484,0.145622
-0.021250,-0.080947,0.823011,-0.055929,0.001540,-0.690119,0.721530,0.068947,0.227511,0.065031,0.124597,0.035577,-0.091914,0.102804,-0.079579,-0.184569,0.146679,0.018393,0.108380,0.032750,0.090500,-0.005333,-0.139367,0.366840,-0.559458,0.972249,-0.202579,0.147865,-0.008164,-0.233003,-0.694875,0.627216,0.891389,0.115124,0.156250,0.147954
-0.021322,-0.081124,0.823010,-0.055881,0.001626,-0.690094,0.721557,0.069040,0.227893,0.064593,0.124568,0.035017,-0.092772,0.102876,-0.079118,-0.184515,0.146605,0.017687,0.108368,0.032650,0.090217,-0.005126,-0.139846,0.368956,-0.560997,0.969661,-0.201357,0.147726,-0.009007,-0.232245,-0.698569,0.630984,0.885060,0.112215,0.156051,0.150300
-0.021316,-0.081046,0.823013,-0.055872,0.001477,-0.690040,0.721610,0.068682,0.226940,0.065472,0.124660,0.036844,-0.089850,0.102756,-0.080264,-0.184539,0.146872,0.019587,0.108923,0.032409,0.089992,-0.005208,-0.141377,0.368326,-0.562144,0.972207,-0.201605,0.147961,-0.008369,-0.233248,-0.699982,0.631307,0.883580,0.112072,0.156191,0.149864
-0.021249,-0.080953,0.823014,-0.055841,0.001425,-0.689973,0.721676,0.068537,0.226680,0.065210,0.124590,0.037255,-0.089085,0.102648,-0.080485,-0.184384,0.146958,0.019833,0.109491,0.032246,0.089904,-0.005236,-0.143181,0.367435,-0.563377,0.975201,-0.201783,0.147778,-0.007899,-0.234173,-0.701351,0.631621,0.882450,0.111994,0.155913,0.149208
-0.021273,-0.080858,0.823014,-0.055823,0.001374,-0.689907,0.721741,0.068383,0.226449,0.064938,0.124567,0.037640,-0.088331,0.102555,-0.080676,-0.184230,0.147042,0.020080,0.110047,0.032096,0.089841,-0.005246,-0.145016,0.366528,-0.564618,0.978248,-0.201957,0.147549,-0.007451,-0.235101,-0.702712,0.631933,0.881352,0.111917,0.155600,0.148541
-0.021109,-0.080893,0.823028,-0.055880,0.001364,-0.689909,0.721735,0.068643,0.226382,0.065750,0.124601,0.036145,-0.090340,0.102815,-0.080688,-0.184161,0.146976,0.019778,0.108503,0.032029,0.089622,-0.005222,-0.145372,0.371507,-0.564760,0.973942,-0.200658,0.147696,-0.009399,-0.234111,-0.708466,0.634806,0.876840,0.108558,0.155687,0.153334
-0.021037,-0.080951,0.823033,-0.055901,0.001313,-0.689855,0.721785,0.068793,0.226169,0.065996,0.124643,0.035509,-0.090467,0.103050,-0.080800,-0.183707,0.146964,0.019936,0.108396,0.031869,0.089485,-0.005256,-0.145176,0.376802,-0.564615,0.969052,-0.199296,0.147962,-0.011154,-0.233030,-0.714347,0.637591,0.872093,0.105075,0.155902,0.158267
-0.020963,-0.080924,0.823038,-0.055913,0.001264,-0.689800,0.721837,0.068940,0.225938,0.066243,0.124666,0.034880,-0.090589,0.103273,-0.080927,-0.183259,0.146945,0.020094,0.108295,0.031681,0.089340,-0.005317,-0.144918,0.382110,-0.564447,0.964103,-0.197929,0.148259,-0.012889,-0.231940,-0.720251,0.640392,0.867318,0.101596,0.156124,0.163212
-0.020949,-0.080964,0.823035,-0.055934,0.001334,-0.689726,0.721906,0.068578,0.226196,0.065339,0.124581,0.037849,-0.090525,0.103280,-0.081035,-0.184988,0.147003,0.018642,0.108238,0.032300,0.089992,-0.005400,-0.143800,0.383248,-0.563846,0.960776,-0.197134,0.148492,-0.013746,-0.230142,-0.720414,0.637368,0.868890,0.102670,0.156513,0.162618
-0.021048,-0.080917,0.823045,-0.055887,0.001365,-0.689648,0.721983,0.068211,0.226190,0.064432,0.124479,0.039452,-0.090728,0.103231,-0.081143,-0.186231,0.147086,0.017511,0.107929,0.033059,0.090511,-0.005585,-0.142818,0.384274,-0.563423,0.957546,-0.196362,0.148736,-0.014629,-0.228149,-0.720048,0.634236,0.870796,0.103815,0.156675,0.161825
-0.021148,-0.080870,0.823056,-0.055839,0.001401,-0.689573,0.722059,0.067831,0.226193,0.063524,0.124392,0.041044,-0.090936,0.103172,-0.081243,-0.187466,0.147168,0.016385,0.107616,0.033843,0.091029,-0.005789,-0.141850,0.385305,-0.563023,0.954329,-0.195597,0.148974,-0.015515,-0.226137,-0.719667,0.631079,0.872724,0.104960,0.156809,0.161019
-0.021124,-0.080811,0.823030,-0.055817,0.001276,-0.689560,0.722074,0.068643,0.226847,0.065030,0.124365,0.038208,-0.089893,0.103184,-0.080365,-0.183661,0.147066,0.018775,0.108890,0.033748,0.090318,-0.006042,-0.140784,0.386528,-0.561869,0.950362,-0.195053,0.149205,-0.015505,-0.225414,-0.721145,0.630161,0.872856,0.104869,0.157435,0.160543
-0.021203,-0.080786,0.823022,-0.055843,0.001222,-0.689748,0.721892,0.069201,0.227739,0.065193,0.124365,0.039271,-0.089350,0.103334,-0.079615,-0.182368,0.146982,0.018033,0.109405,0.034198,0.090155,-0.006088,-0.139569,0.387735,-0.560577,0.946283,-0.194480,0.149509,-0.015463,-0.224537,-0.722677,0.629409,0.872975,0.104781,0.158097,0.160133
-0.021195,-0.080762,0.823013,-0.055856,0.001176,-0.689930,0.721717,0.069746,0.228618,0.065336,0.124310,0.040370,-0.088803,0.103424,-0.078884,-0.181095,0.146968,0.017253,0.109919,0.034624,0.089994,-0.006169,-0.138334,0.388933,-0.559276,0.942192,-0.193901,0.149821,-0.015420,-0.223651,-0.724227,0.628669,0.873069,0.104696,0.158774,0.159718
-0.021502,-0.080831,0.823023,-0.055894,0.001124,-0.689531,0.722096,0.068919,0.226304,0.064017,0.124462,0.038367,-0.090723,0.103528,-0.080451,-0.184288,0.146870,0.018275,0.108718,0.034676,0.090268,-0.006095,-0.140003,0.386174,-0.559094,0.948691,-0.195419,0.149947,-0.013373,-0.224901,-0.721658,0.627613,0.881855,0.106925,0.158785,0.156991
-0.021608,-0.080797,0.823015,-0.055949,0.001046,-0.689490,0.722131,0.069307,0.226295,0.062920,0.124559,0.039306,-0.091244,0.103767,-0.080207,-0.184334,0.146894,0.017388,0.108784,0.034743,0.090803,-0.006162,-0.142118,0.382914,-0.558747,0.956077,-0.197009,0.149697,-0.011316,-0.226504,-0.719343,0.626712,0.891355,0.109282,0.158291,0.154327
-0.021626,-0.080757,0.823006,-0.056020,0.000960,-0.689457,0.722156,0.069756,0.226299,0.061856,0.124618,0.040263,-0.091765,0.104038,-0.079950,-0.184351,0.146907,0.016512,0.108847,0.034827,0.091373,-0.006189,-0.144271,0.379621,-0.558384,0.963555,-0.198596,0.149391,-0.009284,-0.228174,-0.717050,0.625856,0.900937,0.111662,0.157734,0.151692
-0.021432,-0.080885,0.823038,-0.055858,0.000976,-0.689417,0.722207,0.068698,0.225842,0.065530,0.124485,0.036650,-0.090515,0.103929,-0.081403,-0.184100,0.147025,0.019744,0.108949,0.034826,0.090775,-0.006200,-0.143634,0.378591,-0.558840,0.962330,-0.198444,0.148873,-0.009543,-0.227652,-0.715899,0.622939,0.900502,0.114769,0.156455,0.148570
-0.021141,-0.080884,0.823050,-0.055808,0.000997,-0.689298,0.722325,0.068490,0.225266,0.066267,0.124515,0.035347,-0.090530,0.104118,-0.082191,-0.183736,0.147114,0.020762,0.109100,0.035143,0.090876,-0.006523,-0.142808,0.377704,-0.559498,0.960322,-0.198262,0.148804,-0.009748,-0.226670,-0.714844,0.619646,0.899279,0.117821,0.155584,0.145392
-0.020853,-0.080887,0.823061,-0.055763,0.001018,-0.689174,0.722446,0.068313,0.224702,0.066990,0.124496,0.034063,-0.090553,0.104326,-0.082965,-0.183391,0.147208,0.021768,0.109247,0.035489,0.091002,-0.006841,-0.141936,0.376800,-0.560215,0.958635,-0.198078,0.148282,-0.009973,-0.225430,-0.713690,0.616382,0.898313,0.120906,0.154227,0.141841
-0.020957,-0.080877,0.823031,-0.055926,0.001071,-0.689252,0.722359,0.068693,0.226151,0.065680,0.124455,0.038347,-0.090939,0.103909,-0.080819,-0.184106,0.146818,0.018455,0.109001,0.035328,0.091214,-0.006492,-0.141014,0.376647,-0.561785,0.957791,-0.197026,0.149375,-0.011751,-0.226119,-0.713010,0.616702,0.896434,0.119990,0.154913,0.142811
-0.021141,-0.080768,0.823021,-0.055979,0.001051,-0.689362,0.722250,0.068927,0.227012,0.066103,0.124391,0.039703,-0.091321,0.103855,-0.079953,-0.184093,0.146732,0.017273,0.109115,0.035295,0.091335,-0.006356,-0.139936,0.376805,-0.563031,0.957228,-0.195970,0.150027,-0.013448,-0.227016,-0.711998,0.617208,0.895007,0.118983,0.155214,0.143634
-0.021234,-0.080747,0.823012,-0.056027,0.001032,-0.689477,0.722137,0.069153,0.227867,0.066540,0.124339,0.041051,-0.091695,0.103807,-0.079091,-0.184065,0.146608,0.016114,0.109232,0.035253,0.091446,-0.006241,-0.138847,0.376956,-0.564256,0.956709,-0.194903,0.150628,-0.015152,-0.227948,-0.710966,0.617757,0.893639,0.117979,0.155477,0.144457
-0.021308,-0.080699,0.823034,-0.055940,0.000939,-0.689267,0.722344,0.068579,0.225956,0.065677,0.124439,0.037600,-0.090052,0.103708,-0.080933,-0.182752,0.146962,0.019378,0.109016,0.034719,0.091343,-0.006363,-0.138942,0.375840,-0.563669,0.957296,-0.195938,0.150524,-0.014536,-0.228925,-0.709175,0.617103,0.894202,0.118883,0.155440,0.143073
-0.021283,-0.080714,0.823032,-0.055922,0.000925,-0.689254,0.722358,0.068388,0.225798,0.065883,0.124501,0.037508,-0.089338,0.103454,-0.080976,-0.181623,0.146946,0.019770,0.109129,0.034142,0.091269,-0.006390,-0.139108,0.374345,-0.563116,0.958137,-0.197052,0.150277,-0.013750,-0.229991,-0.707652,0.616563,0.894855,0.119868,0.155285,0.141665
-0.021262,-0.080641,0.823030,-0.055910,0.000918,-0.689244,0.722368,0.068213,0.225664,0.066100,0.124526,0.037434,-0.088634,0.103194,-0.080994,-0.180486,0.146931,0.020161,0.109234,0.033570,0.091227,-0.006423,-0.139263,0.372836,-0.562557,0.958976,-0.198169,0.150026,-0.012956,-0.231068,-0.706139,0.616036,0.895524,0.120863,0.155120,0.140255
-0.021366,-0.080577,0.823023,-0.056031,0.000897,-0.689339,0.722269,0.068667,0.226073,0.065797,0.124505,0.037508,-0.090404,0.103739,-0.080921,-0.183192,0.146973,0.019200,0.109012,0.034533,0.091439,-0.006840,-0.140315,0.372043,-0.564746,0.961403,-0.197169,0.150233,-0.013027,-0.232876,-0.705181,0.618431,0.899301,0.119710,0.156071,0.141543
-0.021441,-0.080446,0.823017,-0.056139,0.000803,-0.689318,0.722280,0.068838,0.226195,0.065751,0.124544,0.037577,-0.090414,0.103898,-0.080859,-0.183426,0.147033,0.019142,0.108986,0.034592,0.091436,-0.007092,-0.141486,0.371152,-0.566970,0.964025,-0.196100,0.150688,-0.013450,-0.234836,-0.704114,0.620835,0.903315,0.118500,0.156909,0.142954
-0.021514,-0.080401,0.823013,-0.056242,0.000711,-0.689300,0.722289,0.068999,0.226310,0.065714,0.124572,0.037653,-0.090420,0.104044,-0.080805,-0.183655,0.147079,0.019097,0.108962,0.034627,0.091428,-0.007352,-0.142642,0.370261,-0.569155,0.966640,-0.195021,0.151156,-0.013879,-0.236839,-0.703029,0.623284,0.907366,0.117290,0.157729,0.144373
-0.021433,-0.080324,0.823024,-0.056147,0.000698,-0.689170,0.722421,0.068509,0.226069,0.066468,0.124578,0.038315,-0.089220,0.103902,-0.080998,-0.183323,0.146979,0.019522,0.109511,0.034360,0.091652,-0.006935,-0.141053,0.371090,-0.570527,0.963158,-0.193715,0.151048,-0.015508,-0.236994,-0.701745,0.623729,0.903247,0.116706,0.157254,0.145512
-0.021352,-0.080279,0.823036,-0.056035,0.000705,-0.689028,0.722564,0.067981,0.225813,0.067206,0.124548,0.038961,-0.088023,0.103652,-0.081280,-0.182951,0.146853,0.019926,0.110072,0.034135,0.091894,-0.006680,-0.139549,0.372171,-0.572059,0.959167,-0.192378,0.151368,-0.017100,-0.236741,-0.700550,0.623988,0.898478,0.116067,0.157127,0.146585
-0.021271,-0.080324,0.823048,-0.055917,0.000719,-0.688888,0.722707,0.067441,0.225557,0.067947,0.124512,0.039611,-0.086828,0.103380,-0.081563,-0.182575,0.146734,0.020322,0.110632,0.033943,0.092130,-0.006455,-0.138041,0.373268,-0.573626,0.955129,-0.191054,0.151732,-0.018684,-0.236410,-0.699377,0.624188,0.893622,0.115421,0.157055,0.147647
-0.020954,-0.080082,0.823029,-0.055991,0.000880,-0.689132,0.722469,0.067732,0.225315,0.066840,0.124482,0.036636,-0.090007,0.103193,-0.081521,-0.182677,0.146937,0.020120,0.109565,0.033618,0.091928,-0.006206,-0.140153,0.373980,-0.575294,0.953347,-0.190575,0.152091,-0.019364,-0.236747,-0.701361,0.625870,0.886958,0.113918,0.157152,0.149865
-0.020713,-0.079945,0.823027,-0.055998,0.000921,-0.689250,0.722355,0.067453,0.224911,0.067509,0.124583,0.035292,-0.089894,0.102726,-0.081783,-0.182003,0.146957,0.020867,0.109765,0.033273,0.091751,-0.005680,-0.142266,0.374923,-0.577273,0.951836,-0.190139,0.152332,-0.020121,-0.237057,-0.703481,0.627539,0.880232,0.112403,0.157285,0.152204
-0.020468,-0.079807,0.823025,-0.055993,0.000966,-0.689372,0.722240,0.067171,0.224487,0.068191,0.124644,0.033971,-0.089773,0.102240,-0.082065,-0.181318,0.146958,0.021629,0.109973,0.032950,0.091563,-0.005186,-0.144396,0.375847,-0.579267,0.950362,-0.189706,0.152553,-0.020879,-0.237350,-0.705624,0.629195,0.873488,0.110894,0.157423,0.154554
-0.020391,-0.079262,0.822981,-0.054771,0.002125,-0.690531,0.721223,0.063680,0.224379,0.063745,0.124483,0.037254,-0.091963,0.096544,-0.082037,-0.178753,0.147645,0.020791,0.110722,0.032750,0.091377,-0.003622,-0.155179,0.374655,-0.578097,0.946586,-0.193148,0.151639,-0.017443,-0.245315,-0.707341,0.629439,0.870852,0.114815,0.155612,0.150629
-0.020350,-0.078682,0.822942,-0.053428,0.003293,-0.691683,0.720214,0.059616,0.223697,0.060038,0.124533,0.037460,-0.093829,0.090200,-0.082163,-0.175426,0.148698,0.020865,0.111663,0.032361,0.091061,-0.002136,-0.166270,0.373442,-0.576838,0.942992,-0.196769,0.150654,-0.013714,-0.254244,-0.708844,0.630332,0.868878,0.118998,0.153489,0.146675
-0.020313,-0.078187,0.822904,-0.052067,0.004465,-0.692838,0.719198,0.055480,0.223037,0.056336,0.124656,0.037626,-0.095705,0.083793,-0.082295,-0.172087,0.149784,0.020935,0.112601,0.031943,0.090764,-0.000688,-0.177321,0.372168,-0.575501,0.939423,-0.200377,0.149638,-0.009963,-0.263294,-0.710247,0.631354,0.867027,0.123193,0.151302,0.142721
-0.020806,-0.076320,0.822634,-0.049999,0.008072,-0.700182,0.712166,0.050132,0.225529,0.039613,0.123260,0.035955,-0.103326,0.066024,-0.076622,-0.157968,0.149532,0.024301,0.116021,0.032292,0.097385,0.006494,-0.195494,0.374485,-0.587293,0.906129,-0.198054,0.146538,-0.011913,-0.286715,-0.717021,0.643185,0.847487,0.122548,0.146599,0.136572
-0.021205,-0.074403,0.822269,-0.047826,0.011724,-0.707548,0.704948,0.044291,0.228296,0.023123,0.122777,0.033567,-0.111049,0.047612,-0.070937,-0.143838,0.150074,0.027282,0.119225,0.032649,0.104204,0.013911,-0.213095,0.377590,-0.598914,0.869919,-0.196020,0.145553,-0.013552,-0.311108,-0.723743,0.655395,0.827192,0.121993,0.142965,0.130738
-0.021496,-0.072550,0.821909,-0.045556,0.015358,-0.714847,0.697626,0.038373,0.231145,0.006734,0.122471,0.030931,-0.118857,0.029042,-0.065265,-0.129730,0.150771,0.030225,0.122421,0.033015,0.111133,0.021217,-0.230638,0.380831,-0.610703,0.833311,-0.194136,0.144868,-0.015122,-0.335739,-0.730191,0.667949,0.806843,0.121493,0.139432,0.124914
-0.020837,-0.070196,0.821232,-0.041277,0.020683,-0.725143,0.687049,0.029339,0.228694,-0.043399,0.120581,0.026278,-0.139093,0.002629,-0.058539,-0.107219,0.149234,0.035396,0.126470,0.029397,0.123071,0.030531,-0.242117,0.372246,-0.615241,0.791116,-0.198668,0.140283,-0.007993,-0.355241,-0.727732,0.669572,0.762546,0.129667,0.132016,0.115042
-0.020017,-0.067860,0.820474,-0.036614,0.025915,-0.735244,0.676317,0.019932,0.226223,-0.093334,0.120090,0.019655,-0.159413,-0.024945,-0.052239,-0.084859,0.149440,0.039652,0.130479,0.025987,0.134437,0.040105,-0.253264,0.364542,-0.620184,0.746858,-0.203552,0.136479,0.000127,-0.373265,-0.725274,0.669920,0.715492,0.137748,0.125959,0.104073
-0.019022,-0.065523,0.819832,-0.031654,0.031041,-0.745162,0.665408,0.010938,0.223924,-0.142841,0.119653,0.011792,-0.179808,-0.052938,-0.046100,-0.062565,0.150018,0.043790,0.134469,0.022775,0.145652,0.049512,-0.264347,0.356922,-0.625472,0.702649,-0.208394,0.132338,0.008442,-0.390522,-0.722307,0.669969,0.668242,0.145493,0.119663,0.092425
-0.016818,-0.062077,0.818168,-0.024597,0.034857,-0.759165,0.649498,0.003753,0.228897,-0.150355,0.145657,-0.009260,-0.183009,-0.090628,-0.042989,-0.036570,0.155958,0.044698,0.138527,0.022424,0.147828,0.062514,-0.266276,0.368087,-0.620361,0.660822,-0.212024,0.131065,0.021521,-0.395534,-0.700218,0.664316,0.608396,0.151942,0.118420,0.078103
-0.014300,-0.059013,0.816587,-0.016935,0.038889,-0.772710,0.633340,-0.003012,0.233849,-0.157559,0.168126,-0.028828,-0.186035,-0.126764,-0.039763,-0.010832,0.156630,0.048117,0.142769,0.021459,0.150946,0.071569,-0.267547,0.376260,-0.614925,0.624720,-0.213945,0.126855,0.033096,-0.399696,-0.677380,0.660774,0.551209,0.157438,0.115738,0.064828
-0.011561,-0.056100,0.815019,-0.009049,0.042589,-0.785838,0.616897,-0.009871,0.238361,-0.164604,0.190680,-0.048497,-0.189139,-0.162411,-0.036748,0.015012,0.156654,0.051718,0.147074,0.020276,0.153926,0.080505,-0.268852,0.384245,-0.609422,0.589155,-0.215473,0.122159,0.044492,-0.403506,-0.654170,0.657349,0.494249,0.162425,0.112730,0.051447
-0.009026,-0.053132,0.811267,-0.000297,0.043413,-0.795900,0.603870,-0.018598,0.256278,-0.107105,0.228209,-0.076867,-0.178082,-0.194795,-0.041045,0.026005,0.156580,0.039663,0.150195,0.016322,0.152747,0.087805,-0.269751,0.395179,-0.583778,0.563752,-0.223888,0.115041,0.062538,-0.392109,-0.628983,0.647643,0.454299,0.167586,0.112746,0.038900
-0.006528,-0.050148,0.807447,0.008642,0.043718,-0.805667,0.590690,-0.027094,0.274344,-0.050206,0.266886,-0.106471,-0.165971,-0.227477,-0.046294,0.037433,0.157397,0.026971,0.153074,0.012175,0.150342,0.095195,-0.270696,0.406318,-0.558210,0.539026,-0.231959,0.107012,0.080355,-0.380790,-0.602947,0.638063,0.414747,0.172175,0.112349,0.026294
-0.004065,-0.047343,0.803776,0.017783,0.043452,-0.815045,0.577492,-0.035116,0.292369,0.006044,0.306180,-0.136421,-0.152737,-0.259962,-0.052745,0.049097,0.158290,0.013989,0.155744,0.007523,0.146817,0.102623,-0.271424,0.417471,-0.532681,0.514343,-0.239528,0.098706,0.098157,-0.369467,-0.576413,0.628733,0.375258,0.176399,0.111787,0.013606
-0.000168,-0.047061,0.798415,0.020684,0.044722,-0.821412,0.568202,-0.047519,0.303662,0.025664,0.359333,-0.200501,-0.164683,-0.317157,-0.050921,0.056484,0.241039,-0.024687,0.163707,-0.003863,0.150472,0.118848,-0.280030,0.438152,-0.507312,0.478520,-0.237775,0.091264,0.115141,-0.351269,-0.564261,0.600740,0.333812,0.175367,0.111836,-0.003614
0.002750,-0.045304,0.792718,0.026279,0.045965,-0.826551,0.560366,-0.061174,0.312854,0.043008,0.397523,-0.253475,-0.178108,-0.383658,-0.051452,0.060435,0.330755,-0.064702,0.170543,-0.019934,0.152486,0.124154,-0.285993,0.455665,-0.482886,0.445846,-0.236196,0.086860,0.131515,-0.329677,-0.551350,0.577290,0.291047,0.173885,0.114392,-0.019472
0.005461,-0.043742,0.786910,0.032896,0.046745,-0.831306,0.552868,-0.076286,0.320420,0.060597,0.435254,-0.306019,-0.190922,-0.452165,-0.053838,0.064717,0.422754,-0.106361,0.178016,-0.037076,0.152632,0.127154,-0.290511,0.473133,-0.458376,0.413257,-0.234099,0.082474,0.147724,-0.307237,-0.537683,0.554494,0.247763,0.171948,0.117272,-0.035317
0.006929,-0.042906,0.779958,0.037439,0.044680,-0.830383,0.554136,-0.103341,0.315824,0.065658,0.494531,-0.353711,-0.202515,-0.503685,-0.067557,0.060906,0.507635,-0.145265,0.184664,-0.062506,0.151333,0.126853,-0.291891,0.499367,-0.446448,0.379349,-0.229199,0.079612,0.152552,-0.277915,-0.528716,0.523098,0.172150,0.168120,0.116832,-0.052171
0.008546,-0.042170,0.773038,0.041643,0.042617,-0.829147,0.555846,-0.131107,0.311544,0.070023,0.555531,-0.402418,-0.214013,-0.553116,-0.082245,0.056899,0.590383,-0.183563,0.191304,-0.088138,0.150287,0.126356,-0.292978,0.525872,-0.435548,0.345598,-0.224452,0.076644,0.156745,-0.245077,-0.519279,0.490447,0.091960,0.162434,0.118510,-0.068676
0.010121,-0.041569,0.765997,0.045557,0.040740,-0.827858,0.557598,-0.159622,0.308292,0.074521,0.618426,-0.452189,-0.225636,-0.601608,-0.097010,0.053222,0.672160,-0.221605,0.197777,-0.113611,0.150046,0.125672,-0.293632,0.552281,-0.424924,0.311963,-0.219760,0.073643,0.160830,-0.211264,-0.508823,0.457875,0.010400,0.155367,0.120994,-0.084391
0.012610,-0.041135,0.759356,0.046088,0.038372,-0.823347,0.564361,-0.182277,0.303880,0.071455,0.661594,-0.479681,-0.228068,-0.628390,-0.115061,0.051791,0.731070,-0.251569,0.204479,-0.130134,0.143810,0.123602,-0.280284,0.565433,-0.410650,0.268740,-0.216755,0.070054,0.161625,-0.159913,-0.512644,0.407386,-0.067978,0.153422,0.122801,-0.096728
0.015436,-0.040851,0.753051,0.045777,0.035756,-0.818812,0.571115,-0.201167,0.299569,0.069039,0.701153,-0.505493,-0.230112,-0.650476,-0.133254,0.050107,0.784557,-0.279207,0.211362,-0.145495,0.139214,0.122331,-0.266145,0.576674,-0.397638,0.224331,-0.213127,0.067160,0.162685,-0.106096,-0.515529,0.355352,-0.147243,0.151079,0.123894,-0.107782
0.018361,-0.040553,0.746896,0.045100,0.033132,-0.814262,0.577793,-0.219260,0.295793,0.066668,0.740627,-0.531290,-0.232157,-0.671317,-0.151229,0.048379,0.836747,-0.306215,0.218135,-0.160516,0.135376,0.121572,-0.251998,0.587408,-0.384840,0.179878,-0.209439,0.064470,0.163752,-0.051899,-0.515990,0.303264,-0.227110,0.148002,0.125085,-0.118219
0.019944,-0.041503,0.743088,0.041623,0.032089,-0.803799,0.592575,-0.237943,0.290625,0.047473,0.763427,-0.536745,-0.236750,-0.666812,-0.170152,0.042882,0.867888,-0.328203,0.226133,-0.156108,0.132242,0.112926,-0.235564,0.589578,-0.395895,0.123924,-0.201787,0.064634,0.158334,-0.014234,-0.521299,0.274163,-0.245728,0.150010,0.131991,-0.123462
0.021938,-0.042346,0.739740,0.037502,0.030867,-0.793144,0.607094,-0.254608,0.286064,0.028441,0.784029,-0.540817,-0.241280,-0.659487,-0.188844,0.036563,0.895128,-0.348028,0.234027,-0.151813,0.130281,0.105498,-0.219110,0.591456,-0.407209,0.067339,-0.193940,0.065779,0.153346,0.019115,-0.526111,0.245742,-0.256260,0.153787,0.134289,-0.128153
0.024918,-0.041837,0.739338,0.035017,0.030497,-0.781734,0.621881,-0.268177,0.278248,0.011552,0.780554,-0.527153,-0.243452,-0.644036,-0.209429,0.026947,0.892028,-0.348746,0.241690,-0.148202,0.126494,0.090403,-0.198641,0.594871,-0.420159,0.010946,-0.185279,0.067727,0.147675,0.059382,-0.526365,0.217801,-0.267998,0.155310,0.134998,-0.130610
0.024912,-0.042834,0.739970,0.031047,0.030224,-0.766449,0.640843,-0.276767,0.271137,-0.011943,0.771055,-0.516531,-0.247654,-0.612658,-0.230891,0.004686,0.886980,-0.362476,0.249082,-0.132551,0.115704,0.077215,-0.167772,0.598874,-0.435664,-0.050272,-0.180983,0.070699,0.138735,0.059748,-0.554431,0.164159,-0.344688,0.149089,0.134994,-0.138280
0.025096,-0.043983,0.740599,0.026566,0.029714,-0.750792,0.659335,-0.284182,0.265009,-0.035555,0.761223,-0.505709,-0.251910,-0.579804,-0.251571,-0.018275,0.881311,-0.375740,0.256508,-0.116550,0.105792,0.065676,-0.137868,0.603079,-0.451225,-0.112258,-0.176906,0.074619,0.129946,0.061422,-0.581727,0.109759,-0.424303,0.141953,0.137986,-0.145450
0.024055,-0.045926,0.738839,0.020906,0.028567,-0.735557,0.676538,-0.296423,0.263971,-0.060895,0.772496,-0.509063,-0.259481,-0.555818,-0.268763,-0.038453,0.901456,-0.404296,0.261799,-0.098142,0.097616,0.061031,-0.114554,0.607073,-0.465854,-0.172516,-0.173793,0.077151,0.120952,0.053140,-0.610541,0.056629,-0.496212,0.134755,0.139491,-0.154590
0.021544,-0.043914,0.742511,0.018091,0.030507,-0.723648,0.689257,-0.299488,0.261068,-0.083385,0.741731,-0.484661,-0.261800,-0.537244,-0.263068,-0.047508,0.890479,-0.384451,0.261800,-0.058079,0.088044,0.050787,-0.093999,0.600106,-0.472181,-0.172634,-0.174105,0.082614,0.121637,0.001472,-0.621263,0.014722,-0.506018,0.131795,0.140815,-0.180454
0.019708,-0.041732,0.746753,0.014789,0.032455,-0.712146,0.701124,-0.300194,0.258685,-0.103609,0.707726,-0.458374,-0.261800,-0.517168,-0.256187,-0.055771,0.874383,-0.360840,0.261800,-0.017921,0.079731,0.041937,-0.077107,0.590825,-0.477737,-0.165732,-0.174594,0.084032,0.121475,-0.058679,-0.634055,-0.023194,-0.505324,0.129811,0.137240,-0.207026
0.018011,-0.040073,0.750881,0.010829,0.034220,-0.700652,0.712599,-0.299121,0.257928,-0.123566,0.673941,-0.433073,-0.261800,-0.496171,-0.248664,-0.063958,0.859164,-0.338193,0.261800,0.021980,0.072452,0.033643,-0.060494,0.580673,-0.483044,-0.157747,-0.175167,0.084811,0.121269,-0.120846,-0.648156,-0.059516,-0.502545,0.128078,0.132871,-0.233442
0.015459,-0.041351,0.752525,0.008352,0.033149,-0.691451,0.721614,-0.289878,0.257542,-0.137266,0.647195,-0.420327,-0.261800,-0.477407,-0.252613,-0.074095,0.857872,-0.332588,0.261800,0.087132,0.044865,0.033395,-0.015934,0.587025,-0.505695,-0.172562,-0.175519,0.084916,0.114723,-0.193130,-0.729742,-0.041582,-0.450926,0.134895,0.131672,-0.230709
0.012896,-0.042704,0.753944,0.006031,0.031402,-0.682183,0.730482,-0.280427,0.256731,-0.150649,0.622417,-0.408720,-0.261800,-0.459400,-0.257334,-0.083120,0.860071,-0.329124,0.261800,0.150334,0.017764,0.032028,0.035034,0.594302,-0.525331,-0.193214,-0.175720,0.086752,0.108949,-0.276386,-0.814835,-0.013030,-0.386870,0.145851,0.123231,-0.226863
0.010374,-0.044155,0.755163,0.003921,0.029510,-0.672653,0.739359,-0.271740,0.255930,-0.164405,0.598622,-0.397422,-0.261800,-0.441653,-0.262505,-0.092195,0.863271,-0.326420,0.261800,0.212336,-0.009514,0.030098,0.087696,0.602561,-0.543228,-0.216054,-0.175802,0.089750,0.103596,-0.367586,-0.898367,0.024494,-0.320609,0.156934,0.113135,-0.221832
0.008426,-0.041394,0.755340,0.005895,0.025909,-0.669257,0.742556,-0.271521,0.246932,-0.163461,0.587360,-0.387110,-0.261800,-0.446678,-0.282677,-0.093472,0.870198,-0.333093,0.261800,0.286280,-0.028739,0.042476,0.118314,0.599199,-0.561722,-0.240475,-0.177782,0.100418,0.092376,-0.539122,-0.985782,0.123431,0.065145,0.218405,0.105740,-0.177615
0.006474,-0.038025,0.755831,0.008174,0.023628,-0.665902,0.745620,-0.273410,0.239300,-0.162744,0.572972,-0.373955,-0.261800,-0.452494,-0.301310,-0.095648,0.871729,-0.335685,0.261800,0.352536,-0.044853,0.053672,0.149473,0.591493,-0.571141,-0.259800,-0.180500,0.109266,0.079987,-0.747503,-1.045110,0.268380,0.458533,0.253508,0.096698,-0.108969
0.004690,-0.035074,0.756501,0.010580,0.022059,-0.662562,0.748608,-0.274930,0.232740,-0.161881,0.556929,-0.360672,-0.261800,-0.457427,-0.319024,-0.098618,0.871061,-0.337918,0.261800,0.418604,-0.060633,0.061465,0.182413,0.583768,-0.580150,-0.278828,-0.182877,0.117299,0.066846,-0.953771,-1.072702,0.423611,0.833413,0.255625,0.099566,-0.034192
0.003715,-0.033187,0.756887,0.009842,0.021072,-0.654572,0.755641,-0.283785,0.227043,-0.171616,0.554480,-0.348146,-0.261800,-0.447581,-0.326670,-0.093524,0.868700,-0.336929,0.261800,0.457264,-0.063224,0.067584,0.212116,0.581576,-0.560992,-0.289955,-0.185397,0.121355,0.062117,-1.015502,-1.093827,0.566626,0.919881,0.191779,0.105788,-0.004691
0.002708,-0.031672,0.757355,0.009405,0.020378,-0.646438,0.762637,-0.292278,0.221418,-0.181379,0.551150,-0.335977,-0.261800,-0.437294,-0.334370,-0.088839,0.865515,-0.335754,0.261800,0.499660,-0.069373,0.071243,0.240519,0.582702,-0.545384,-0.300870,-0.187723,0.125462,0.057619,-1.058211,-1.112374,0.695124,0.993193,0.124650,0.113565,0.017546
0.001419,-0.030023,0.757469,0.009410,0.018969,-0.638045,0.769708,-0.301362,0.213942,-0.191305,0.550789,-0.325503,-0.261800,-0.428674,-0.343927,-0.083010,0.866906,-0.337263,0.261800,0.540579,-0.076084,0.074987,0.269787,0.583156,-0.529254,-0.312395,-0.190594,0.129592,0.053193,-1.105428,-1.123521,0.828470,1.071582,0.054817,0.117555,0.037318
0.000441,-0.028030,0.757136,0.009506,0.016309,-0.632364,0.774442,-0.306431,0.205988,-0.196942,0.551953,-0.318460,-0.261800,-0.420886,-0.355250,-0.097313,0.866808,-0.339127,0.261800,0.547625,-0.073010,0.083532,0.297995,0.555120,-0.501907,-0.326522,-0.194445,0.132879,0.053017,-1.112411,-1.122171,0.865766,1.072381,0.046135,0.109031,0.033810
-0.000344,-0.026405,0.756966,0.009983,0.013826,-0.626514,0.779224,-0.310572,0.197399,-0.201826,0.550721,-0.310960,-0.261800,-0.411880,-0.367043,-0.112272,0.864556,-0.340892,0.261800,0.558789,-0.075701,0.091511,0.323934,0.532443,-0.477545,-0.340594,-0.197790,0.136222,0.052383,-1.096797,-1.127731,0.882155,1.059225,0.037299,0.104407,0.026545
-0.001074,-0.024909,0.756839,0.010670,0.011478,-0.620651,0.783930,-0.314491,0.188891,-0.206496,0.548783,-0.303354,-0.261800,-0.402737,-0.378781,-0.127372,0.862142,-0.342879,0.261800,0.572351,-0.080742,0.098943,0.348397,0.512181,-0.455412,-0.354729,-0.201309,0.139550,0.051892,-1.072849,-1.135586,0.890524,1.042378,0.027559,0.100686,0.018590
-0.002990,-0.023231,0.756244,0.008242,0.009004,-0.618942,0.785342,-0.314414,0.190783,-0.207931,0.553071,-0.300510,-0.261800,-0.396229,-0.381012,-0.141733,0.864975,-0.344924,0.261800,0.566866,-0.069089,0.100245,0.356320,0.490327,-0.448806,-0.344925,-0.198316,0.146340,0.051661,-1.053588,-1.115973,0.832361,1.060865,0.052490,0.100174,0.006418
-0.004211,-0.021189,0.755896,0.006091,0.006514,-0.617561,0.786472,-0.314006,0.191240,-0.207183,0.556485,-0.297227,-0.261800,-0.389643,-0.383442,-0.154930,0.864601,-0.344260,0.261800,0.563694,-0.059326,0.101425,0.362601,0.469832,-0.443134,-0.332556,-0.195195,0.151705,0.051057,-1.030432,-1.095955,0.769859,1.081271,0.076540,0.096301,-0.006973
-0.005349,-0.019094,0.755641,0.003989,0.004062,-0.616200,0.787569,-0.313538,0.191745,-0.206306,0.559705,-0.293904,-0.261800,-0.383011,-0.385820,-0.168086,0.864146,-0.343589,0.261800,0.561198,-0.050064,0.102422,0.368504,0.450056,-0.437963,-0.319863,-0.192169,0.156799,0.050446,-1.007124,-1.076206,0.707069,1.101383,0.100349,0.091696,-0.020216
-0.006443,-0.017460,0.755292,0.002827,0.003604,-0.619135,0.785271,-0.313843,0.196268,-0.202017,0.564472,-0.293091,-0.261800,-0.385503,-0.379252,-0.168682,0.861993,-0.344219,0.261800,0.553445,-0.054885,0.102040,0.361332,0.450030,-0.444145,-0.306834,-0.187657,0.158810,0.048519,-0.989348,-1.094733,0.705350,1.056920,0.097966,0.081011,-0.020317
-0.007546,-0.015641,0.754933,0.001752,0.003453,-0.622115,0.782917,-0.315821,0.200965,-0.197858,0.570317,-0.292753,-0.261800,-0.389315,-0.372358,-0.168934,0.860370,-0.344734,0.261800,0.545670,-0.057235,0.101446,0.353442,0.447513,-0.451641,-0.293923,-0.183399,0.161045,0.047083,-0.974661,-1.116664,0.707517,1.009339,0.096809,0.073780,-0.018802
-0.008646,-0.013665,0.754453,0.000703,0.003296,-0.625053,0.780575,-0.318106,0.205555,-0.193811,0.576507,-0.292450,-0.261800,-0.393303,-0.365590,-0.169194,0.858928,-0.345282,0.261800,0.537687,-0.059108,0.100994,0.345310,0.444402,-0.459251,-0.280919,-0.179152,0.163313,0.045733,-0.960922,-1.139066,0.710618,0.961684,0.096228,0.067041,-0.017050
-0.008810,-0.012047,0.753627,-0.001506,0.003853,-0.628309,0.777953,-0.325402,0.216160,-0.181882,0.593274,-0.294564,-0.261800,-0.397945,-0.354018,-0.161161,0.859694,-0.345116,0.261800,0.520282,-0.054317,0.100938,0.329355,0.449749,-0.478274,-0.273583,-0.176536,0.163021,0.044072,-0.977979,-1.136046,0.700142,0.953403,0.097053,0.069327,-0.024725
-0.008998,-0.010212,0.752674,-0.003755,0.004368,-0.631624,0.775253,-0.332919,0.226469,-0.170467,0.610818,-0.297058,-0.261800,-0.402696,-0.342456,-0.152894,0.860626,-0.344833,0.261800,0.501307,-0.049218,0.101295,0.313795,0.454398,-0.495889,-0.266798,-0.174477,0.163032,0.042892,-1.000838,-1.130012,0.694122,0.949940,0.097701,0.069908,-0.032322
-0.009131,-0.008373,0.751786,-0.006056,0.004857,-0.634902,0.772553,-0.340427,0.236933,-0.159371,0.628596,-0.299593,-0.261800,-0.407226,-0.330873,-0.144775,0.861760,-0.344728,0.261800,0.481500,-0.043780,0.101779,0.298584,0.458403,-0.512900,-0.260152,-0.172466,0.163098,0.041705,-1.025759,-1.123060,0.689995,0.947737,0.098564,0.070117,-0.039814
-0.009162,-0.006296,0.750927,-0.007130,0.004702,-0.639665,0.768606,-0.343816,0.243099,-0.151225,0.641027,-0.302009,-0.261800,-0.416082,-0.321486,-0.133388,0.864585,-0.342339,0.261800,0.467517,-0.047155,0.102859,0.282807,0.466295,-0.531849,-0.257624,-0.170850,0.162077,0.037441,-1.054806,-1.116164,0.712399,0.935978,0.084575,0.069433,-0.037706
-0.009349,-0.004237,0.750029,-0.008116,0.004501,-0.644329,0.764692,-0.347316,0.249417,-0.143190,0.653339,-0.304164,-0.261800,-0.425221,-0.312138,-0.121948,0.868161,-0.340437,0.261800,0.452367,-0.050172,0.103978,0.267456,0.473189,-0.550179,-0.255508,-0.169260,0.161180,0.033195,-1.086967,-1.108351,0.737739,0.925140,0.070866,0.069072,-0.034965
-0.009493,-0.002087,0.749118,-0.009126,0.004272,-0.648933,0.760779,-0.350834,0.255864,-0.135350,0.665720,-0.306327,-0.261800,-0.434206,-0.302761,-0.110668,0.871945,-0.338698,0.261800,0.436738,-0.053011,0.105168,0.252109,0.479577,-0.568250,-0.253460,-0.167660,0.160301,0.028922,-1.120075,-1.099947,0.763924,0.914778,0.057409,0.068619,-0.032028
-0.010060,-0.000259,0.748522,-0.009704,0.003962,-0.651755,0.758357,-0.353395,0.262619,-0.125314,0.672074,-0.305700,-0.261800,-0.440037,-0.298975,-0.107838,0.874265,-0.337806,0.261800,0.422155,-0.051727,0.106123,0.238323,0.482916,-0.584226,-0.244170,-0.165272,0.160524,0.024414,-1.142459,-1.083513,0.779961,0.911714,0.050703,0.072408,-0.023771
-0.010532,0.001574,0.747985,-0.010227,0.003607,-0.654529,0.755959,-0.355699,0.269412,-0.114624,0.677901,-0.304681,-0.261800,-0.445673,-0.295269,-0.104967,0.876216,-0.336739,0.261800,0.407787,-0.051181,0.106987,0.224290,0.486633,-0.600366,-0.234298,-0.162753,0.160344,0.019696,-1.162568,-1.066952,0.793784,0.908327,0.043689,0.075988,-0.015604
-0.011105,0.003387,0.747445,-0.010747,0.003253,-0.657290,0.753554,-0.357940,0.276281,-0.103973,0.683707,-0.303647,-0.261800,-0.451263,-0.291563,-0.102132,0.878197,-0.335743,0.261800,0.393590,-0.050863,0.107806,0.210130,0.490455,-0.616663,-0.224398,-0.160237,0.160097,0.014970,-1.181643,-1.050438,0.806591,0.904735,0.036554,0.079504,-0.007443
-0.010511,0.003625,0.747939,-0.011644,0.003163,-0.656047,0.754624,-0.358028,0.277290,-0.103031,0.682972,-0.300618,-0.261800,-0.444538,-0.293106,-0.106154,0.871176,-0.335672,0.261800,0.381887,-0.049242,0.106660,0.200880,0.491392,-0.629636,-0.207589,-0.157226,0.161440,0.009242,-1.188082,-1.038677,0.814664,0.889641,0.031102,0.082144,-0.003087
-0.010023,0.003739,0.748433,-0.012864,0.002923,-0.654797,0.755690,-0.356990,0.278730,-0.102149,0.681749,-0.297471,-0.261800,-0.436348,-0.294281,-0.110682,0.863436,-0.335607,0.261800,0.370826,-0.047657,0.105680,0.191493,0.492674,-0.643174,-0.190211,-0.153973,0.162380,0.003304,-1.191729,-1.027837,0.820460,0.872805,0.025492,0.085269,0.000938
-0.009533,0.003822,0.749037,-0.014147,0.002643,-0.653554,0.756743,-0.355684,0.280248,-0.101231,0.680430,-0.294352,-0.261800,-0.427843,-0.295328,-0.115319,0.855548,-0.335563,0.261800,0.360069,-0.046173,0.104772,0.182001,0.494032,-0.656991,-0.172788,-0.150659,0.163243,-0.002607,-1.194634,-1.017369,0.825514,0.855543,0.019807,0.088472,0.004979
-0.008791,0.004552,0.750167,-0.015120,0.003734,-0.652805,0.757366,-0.355500,0.282792,-0.099474,0.674698,-0.289057,-0.261800,-0.421146,-0.294601,-0.121818,0.842696,-0.329835,0.261800,0.351875,-0.044378,0.102054,0.175794,0.495263,-0.664696,-0.169294,-0.148873,0.162197,-0.006363,-1.190315,-1.015184,0.820860,0.832916,0.020978,0.089523,0.005277
-0.008150,0.004979,0.751327,-0.016144,0.004999,-0.652107,0.757939,-0.355364,0.285969,-0.098024,0.669160,-0.283316,-0.261800,-0.414158,-0.293242,-0.128548,0.829624,-0.324420,0.261800,0.344388,-0.043087,0.098674,0.170009,0.497666,-0.672838,-0.166698,-0.147183,0.161625,-0.009929,-1.183733,-1.013512,0.814225,0.809201,0.022128,0.090764,0.005336
-0.007594,0.005468,0.752592,-0.017172,0.006306,-0.651422,0.758495,-0.355224,0.289242,-0.096557,0.663579,-0.277593,-0.261800,-0.407115,-0.291721,-0.135352,0.816430,-0.318984,0.261800,0.337129,-0.041931,0.095106,0.164231,0.500274,-0.681127,-0.164222,-0.145517,0.161116,-0.013446,-1.176476,-1.011955,0.806962,0.785210,0.023172,0.092050,0.005318
-0.007296,0.004460,0.753550,-0.017709,0.007467,-0.649819,0.759846,-0.353269,0.290261,-0.100539,0.656631,-0.273715,-0.261800,-0.399758,-0.293657,-0.144985,0.808147,-0.315678,0.261800,0.336502,-0.043791,0.093030,0.165602,0.501439,-0.683843,-0.148579,-0.144150,0.162312,-0.016835,-1.163312,-1.007426,0.789910,0.788370,0.032281,0.096395,0.007220
-0.006640,0.003954,0.754694,-0.017652,0.008498,-0.648171,0.761243,-0.351781,0.289203,-0.103111,0.648266,-0.269047,-0.261800,-0.393478,-0.296864,-0.153961,0.798691,-0.310790,0.261800,0.335610,-0.046780,0.090988,0.166410,0.502041,-0.686324,-0.132062,-0.142560,0.162869,-0.020442,-1.150148,-1.002413,0.772530,0.792667,0.041004,0.099571,0.008984
-0.006011,0.003523,0.755852,-0.017539,0.009527,-0.646490,0.762661,-0.350308,0.288076,-0.105692,0.639725,-0.264263,-0.261800,-0.387201,-0.300086,-0.163054,0.789293,-0.305970,0.261800,0.334646,-0.049961,0.088903,0.167107,0.502360,-0.688345,-0.115368,-0.140827,0.163238,-0.024038,-1.137107,-0.997252,0.755221,0.797107,0.049726,0.102590,0.010766
-0.006179,0.003177,0.756736,-0.015683,0.010747,-0.642532,0.766023,-0.355315,0.284707,-0.103511,0.631684,-0.255953,-0.259488,-0.384222,-0.307572,-0.173612,0.784169,-0.304755,0.261800,0.343153,-0.054079,0.091168,0.165169,0.500231,-0.690233,-0.117896,-0.141924,0.161404,-0.025939,-1.120586,-0.998479,0.756181,0.806158,0.043843,0.103407,0.012372
-0.006113,0.003090,0.757648,-0.013505,0.011961,-0.638497,0.769413,-0.360971,0.280782,-0.100657,0.623700,-0.247461,-0.256424,-0.382158,-0.315805,-0.183915,0.779233,-0.303125,0.261800,0.351627,-0.058177,0.093521,0.162641,0.496428,-0.690803,-0.120788,-0.142850,0.159767,-0.027398,-1.105038,-1.000040,0.758121,0.815740,0.037893,0.103878,0.013999
-0.006139,0.003106,0.758561,-0.011312,0.013194,-0.634438,0.772778,-0.366659,0.276903,-0.097824,0.615730,-0.238991,-0.253424,-0.380069,-0.324043,-0.194303,0.774427,-0.301547,0.261800,0.360063,-0.062289,0.095881,0.159523,0.490524,-0.688537,-0.123195,-0.143189,0.157518,-0.028654,-1.089612,-1.001467,0.760240,0.825459,0.031988,0.104301,0.015579
-0.008097,0.003275,0.758362,-0.008800,0.014637,-0.630962,0.775626,-0.375216,0.273867,-0.101267,0.610376,-0.232245,-0.253942,-0.386015,-0.328557,-0.199321,0.780333,-0.305087,0.261800,0.376925,-0.071031,0.098555,0.155447,0.487179,-0.680514,-0.114920,-0.140862,0.155585,-0.029010,-1.093248,-0.985248,0.757884,0.841822,0.036626,0.109664,0.014653
-0.010195,0.003493,0.758073,-0.005980,0.016133,-0.627423,0.778488,-0.384585,0.270406,-0.104691,0.605558,-0.225699,-0.254469,-0.393149,-0.333662,-0.203949,0.787367,-0.309198,0.261800,0.392845,-0.080388,0.101290,0.150139,0.479234,-0.665590,-0.105134,-0.137294,0.151765,-0.029234,-1.098823,-0.967716,0.756825,0.859587,0.041713,0.114887,0.013704
-0.012285,0.003635,0.757768,-0.003087,0.017664,-0.623843,0.781344,-0.394137,0.266849,-0.108127,0.600824,-0.219166,-0.255000,-0.400534,-0.338952,-0.208477,0.794617,-0.313381,0.261800,0.408493,-0.089824,0.104076,0.143308,0.465714,-0.643182,-0.093965,-0.132132,0.146125,-0.029056,-1.104807,-0.949935,0.756075,0.877638,0.046941,0.120030,0.012819
-0.014698,0.004150,0.756621,0.000298,0.019220,-0.619340,0.784888,-0.408677,0.262788,-0.110020,0.601235,-0.214068,-0.256757,-0.411562,-0.347506,-0.214898,0.808701,-0.320808,0.261800,0.421908,-0.097233,0.110845,0.135310,0.442466,-0.606757,-0.092737,-0.125843,0.138434,-0.028709,-1.097559,-0.965747,0.760545,0.908902,0.040547,0.118522,0.010601
-0.017180,0.004420,0.755361,0.003709,0.020794,-0.614748,0.788441,-0.423640,0.258010,-0.113550,0.602752,-0.209793,-0.256859,-0.423092,-0.356495,-0.221142,0.824143,-0.329121,0.261800,0.436254,-0.104426,0.117755,0.125182,0.414018,-0.564468,-0.090735,-0.118017,0.129334,-0.027603,-1.089246,-0.982897,0.764192,0.940048,0.033975,0.116243,0.008544
-0.019642,0.004783,0.754085,0.007168,0.022398,-0.610102,0.791974,-0.438701,0.253122,-0.117042,0.604381,-0.205575,-0.256960,-0.434730,-0.365684,-0.227238,0.839696,-0.337471,0.261800,0.450758,-0.111725,0.124781,0.113702,0.381757,-0.517451,-0.087874,-0.109113,0.118965,-0.026082,-1.080449,-1.000149,0.767414,0.971122,0.027403,0.113922,0.006342
-0.021834,0.005367,0.752617,0.011132,0.022793,-0.605632,0.795341,-0.450849,0.244149,-0.121943,0.604297,-0.202999,-0.260664,-0.447513,-0.377966,-0.230409,0.857578,-0.344466,0.261800,0.463464,-0.118995,0.130137,0.102026,0.346012,-0.468623,-0.083206,-0.099172,0.108767,-0.025237,-1.074747,-1.012249,0.760502,0.996558,0.029953,0.111666,0.002439
-0.023991,0.005705,0.751018,0.015016,0.023052,-0.601015,0.798764,-0.462682,0.234754,-0.127698,0.604989,-0.200595,-0.261723,-0.459918,-0.390600,-0.233573,0.876444,-0.352487,0.261800,0.475970,-0.126478,0.135833,0.090704,0.311890,-0.421379,-0.079148,-0.089566,0.098711,-0.024512,-1.068558,-1.024171,0.753009,1.021593,0.032702,0.109754,-0.001574
-0.025997,0.006393,0.749578,0.019045,0.023297,-0.596350,0.802160,-0.474708,0.224479,-0.132839,0.605580,-0.197842,-0.261800,-0.472691,-0.403769,-0.236187,0.894715,-0.359690,0.261800,0.488435,-0.133885,0.141716,0.080134,0.280926,-0.379168,-0.076395,-0.080989,0.089633,-0.024015,-1.062301,-1.036339,0.745446,1.046469,0.035406,0.107847,-0.005595
-0.027146,0.006929,0.747925,0.021457,0.024438,-0.593517,0.804164,-0.488228,0.220391,-0.133816,0.613063,-0.198491,-0.261800,-0.484452,-0.410442,-0.236004,0.909286,-0.365080,0.261800,0.500732,-0.136518,0.145618,0.073858,0.256357,-0.340147,-0.070909,-0.074332,0.082080,-0.021836,-1.058542,-1.043592,0.739220,1.077124,0.036478,0.109568,-0.009328
-0.028380,0.007397,0.746332,0.023453,0.025761,-0.590812,0.806057,-0.501768,0.217482,-0.135254,0.621567,-0.200054,-0.261800,-0.495451,-0.415977,-0.236214,0.923513,-0.370518,0.261800,0.512875,-0.138228,0.148978,0.069689,0.237365,-0.308412,-0.067467,-0.069401,0.076042,-0.020175,-1.055642,-1.050052,0.733988,1.108495,0.037594,0.111232,-0.013035
-0.029587,0.007793,0.744745,0.025359,0.027119,-0.588115,0.807924,-0.515316,0.214714,-0.136721,0.630243,-0.201735,-0.261800,-0.506322,-0.421318,-0.236464,0.937543,-0.375843,0.261800,0.524898,-0.139628,0.152310,0.067101,0.223877,-0.284073,-0.066147,-0.066176,0.071706,-0.018973,-1.053098,-1.056419,0.729147,1.140025,0.038815,0.112852,-0.016712
-0.030207,0.009282,0.744302,0.026853,0.026789,-0.590191,0.806372,-0.518694,0.212656,-0.135482,0.633449,-0.199306,-0.261800,-0.516309,-0.419876,-0.228054,0.941053,-0.375541,0.261800,0.527629,-0.144093,0.154260,0.065895,0.212532,-0.267601,-0.055210,-0.061606,0.070398,-0.017883,-1.053432,-1.066355,0.735270,1.132866,0.035179,0.108777,-0.015984
-0.030806,0.010766,0.743972,0.027960,0.026288,-0.592329,0.804782,-0.520979,0.211198,-0.134307,0.636020,-0.196695,-0.261800,-0.524827,-0.417780,-0.220125,0.943506,-0.374817,0.261800,0.530141,-0.147274,0.156640,0.066066,0.204837,-0.256678,-0.045072,-0.058100,0.070287,-0.017332,-1.054006,-1.077139,0.742099,1.123280,0.031754,0.106572,-0.014917
-0.031309,0.012322,0.743581,0.028932,0.025717,-0.594490,0.803171,-0.522980,0.209954,-0.133140,0.638603,-0.194139,-0.261800,-0.532844,-0.415442,-0.212328,0.945717,-0.374037,0.261800,0.532738,-0.150100,0.159235,0.067598,0.201687,-0.251491,-0.035845,-0.055925,0.071721,-0.017144,-1.054759,-1.088083,0.749097,1.113426,0.028395,0.104656,-0.013816
-0.031516,0.012445,0.744263,0.027919,0.025095,-0.602005,0.797609,-0.512340,0.220938,-0.123473,0.635884,-0.195872,-0.261800,-0.536643,-0.402556,-0.201198,0.940501,-0.367455,0.261800,0.530705,-0.147509,0.153695,0.070004,0.205570,-0.257713,-0.025038,-0.056577,0.073100,-0.017342,-1.066906,-1.082389,0.755310,1.117426,0.026899,0.105849,-0.010596
-0.031255,0.013299,0.745219,0.026749,0.024416,-0.609735,0.791777,-0.501368,0.231918,-0.110871,0.632314,-0.196083,-0.261800,-0.539796,-0.389256,-0.189586,0.931862,-0.358250,0.261800,0.528145,-0.143473,0.148270,0.075005,0.213567,-0.270222,-0.014537,-0.058810,0.076563,-0.017846,-1.081876,-1.075436,0.764433,1.123384,0.025343,0.106287,-0.007530
-0.030873,0.014088,0.746294,0.025528,0.023714,-0.617387,0.785888,-0.490185,0.242845,-0.098295,0.628604,-0.196242,-0.261800,-0.542584,-0.376016,-0.178104,0.922958,-0.348909,0.261800,0.525213,-0.139090,0.143001,0.082487,0.227461,-0.290311,-0.004149,-0.062665,0.082383,-0.018941,-1.097828,-1.068035,0.774490,1.129889,0.023910,0.106580,-0.004417
-0.027698,0.014302,0.748359,0.026411,0.021127,-0.633574,0.772942,-0.460747,0.249908,-0.078113,0.616577,-0.200926,-0.261800,-0.549961,-0.363571,-0.158565,0.906524,-0.330258,0.261800,0.520559,-0.138525,0.136319,0.093761,0.252717,-0.326608,-0.020255,-0.066715,0.089832,-0.025864,-1.124810,-1.045240,0.796496,1.120177,0.015771,0.107455,0.000817
-0.024524,0.014471,0.750554,0.027279,0.018224,-0.649513,0.759643,-0.430437,0.256272,-0.057274,0.603745,-0.205265,-0.261800,-0.556925,-0.351795,-0.138435,0.889455,-0.310928,0.261800,0.514758,-0.137874,0.130276,0.108754,0.283587,-0.368739,-0.038891,-0.072189,0.100858,-0.033199,-1.153112,-1.020971,0.819457,1.110867,0.007756,0.108935,0.006379
-0.021317,0.014587,0.752728,0.028125,0.015205,-0.665141,0.746033,-0.399971,0.262102,-0.036518,0.590730,-0.209525,-0.261800,-0.563720,-0.340595,-0.118084,0.872117,-0.291372,0.261800,0.508602,-0.137277,0.124495,0.125499,0.318019,-0.415455,-0.057761,-0.078509,0.113550,-0.041059,-1.181037,-0.996133,0.841867,1.101756,-0.000155,0.110388,0.012038
-0.016327,0.013746,0.755514,0.028260,0.011851,-0.681809,0.730888,-0.362689,0.257332,-0.030646,0.574592,-0.211743,-0.261800,-0.562068,-0.327348,-0.097933,0.845091,-0.270665,0.261800,0.488282,-0.131602,0.112198,0.124738,0.353450,-0.454510,-0.103706,-0.090304,0.123407,-0.037588,-1.201392,-0.973228,0.866373,1.047190,-0.005385,0.106377,0.027893
-0.011435,0.012611,0.758292,0.027962,0.008317,-0.698163,0.715344,-0.324710,0.252769,-0.024981,0.558385,-0.214030,-0.261800,-0.559310,-0.314441,-0.077835,0.817536,-0.249707,0.261800,0.468133,-0.125475,0.101039,0.123872,0.387570,-0.491366,-0.151084,-0.101757,0.133958,-0.033341,-1.220396,-0.951968,0.889389,0.989104,-0.009864,0.104354,0.044413
-0.006618,0.011322,0.761179,0.027504,0.004773,-0.714211,0.699374,-0.286749,0.248344,-0.019548,0.542269,-0.216374,-0.261800,-0.556515,-0.301978,-0.057499,0.790004,-0.228692,0.261800,0.448353,-0.119272,0.090207,0.121612,0.417334,-0.523218,-0.198051,-0.111663,0.143279,-0.028673,-1.238865,-0.931261,0.911774,0.930348,-0.013725,0.102585,0.061061
-0.001967,0.009341,0.762150,0.024023,0.003078,-0.723991,0.689384,-0.263942,0.255494,-0.000523,0.544174,-0.226218,-0.261800,-0.547481,-0.298580,-0.059533,0.774080,-0.215498,0.261800,0.405240,-0.097691,0.076573,0.033557,0.468336,-0.518346,-0.253408,-0.125236,0.146369,-0.002981,-1.237435,-0.911666,0.914730,0.749813,0.007482,0.094879,0.083089
0.001817,0.008541,0.763250,0.020397,0.002105,-0.733869,0.678982,-0.243350,0.264588,0.018427,0.545578,-0.234129,-0.261800,-0.540974,-0.291934,-0.063804,0.757906,-0.200418,0.257079,0.365075,-0.078347,0.066674,-0.063423,0.516727,-0.508882,-0.306084,-0.138622,0.147148,0.024250,-1.230488,-0.898653,0.908821,0.557350,0.031111,0.094240,0.101392
0.004687,0.008757,0.764568,0.016784,0.001770,-0.743920,0.668056,-0.224036,0.275427,0.037743,0.545395,-0.239576,-0.261800,-0.536454,-0.282202,-0.069558,0.740666,-0.183340,0.248451,0.326947,-0.060120,0.058046,-0.165719,0.560736,-0.496132,-0.356779,-0.149735,0.145617,0.052312,-1.221143,-0.886244,0.899292,0.363218,0.055167,0.094584,0.114925
0.008880,0.008914,0.765138,0.011712,0.001928,-0.747022,0.664693,-0.221292,0.285077,0.041449,0.558355,-0.256645,-0.261800,-0.524101,-0.276187,-0.071500,0.725322,-0.172737,0.249986,0.254908,-0.030527,0.056010,-0.323953,0.622029,-0.499938,-0.175950,-0.164719,0.141282,0.068937,-1.143833,-0.869533,0.826277,0.169716,0.089912,0.103190,0.093458
0.012886,0.008832,0.765778,0.007343,0.002479,-0.749967,0.661430,-0.218392,0.294137,0.045410,0.568110,-0.272042,-0.261800,-0.512317,-0.270581,-0.073554,0.708620,-0.161532,0.251494,0.183860,-0.001723,0.048969,-0.490035,0.674226,-0.510615,0.016905,-0.174509,0.127600,0.080245,-1.062225,-0.841969,0.755984,-0.012199,0.115851,0.101988,0.066799
0.017098,0.008643,0.766472,0.003366,0.003209,-0.752845,0.658182,-0.215934,0.302567,0.049588,0.577975,-0.287814,-0.261350,-0.501122,-0.265542,-0.075208,0.692043,-0.150637,0.253381,0.112590,0.026558,0.041068,-0.660809,0.721518,-0.526132,0.208364,-0.180559,0.114314,0.090901,-0.979144,-0.807463,0.688667,-0.194661,0.134441,0.099915,0.037306
0.018832,0.008626,0.764826,-0.002769,0.005300,-0.753951,0.656903,-0.223614,0.322287,0.054882,0.605532,-0.303187,-0.256282,-0.491601,-0.270891,-0.072151,0.701603,-0.162907,0.261800,0.045795,0.061526,0.041324,-0.803684,0.763624,-0.588409,0.328307,-0.170434,0.108129,0.084326,-0.888163,-0.773368,0.644665,-0.272006,0.138350,0.101964,0.033185
0.017677,0.009915,0.763128,-0.009401,0.009468,-0.755823,0.654640,-0.233764,0.351161,0.057906,0.630955,-0.315184,-0.256553,-0.486396,-0.266847,-0.073753,0.714566,-0.176471,0.261800,-0.019596,0.096437,0.041029,-0.948988,0.801349,-0.656822,0.442401,-0.157624,0.103675,0.079778,-0.801768,-0.731562,0.604303,-0.345380,0.140121,0.100763,0.029260
0.016595,0.011000,0.761387,-0.015953,0.014254,-0.757752,0.652192,-0.244655,0.380776,0.060373,0.656585,-0.327430,-0.256854,-0.481838,-0.262104,-0.075722,0.728085,-0.190614,0.261800,-0.084448,0.132560,0.039971,-1.096784,0.829233,-0.731113,0.554017,-0.143263,0.099285,0.077562,-0.716953,-0.686903,0.568385,-0.419557,0.140026,0.099594,0.025947
0.015266,0.011970,0.759433,-0.018918,0.014930,-0.760238,0.649198,-0.245642,0.393350,0.064233,0.669353,-0.330343,-0.258441,-0.484174,-0.258413,-0.071321,0.740449,-0.197696,0.261800,-0.123478,0.146346,0.044134,-1.192454,0.869381,-0.784314,0.692877,-0.136427,0.095491,0.071103,-0.610220,-0.657072,0.534487,-0.481837,0.150621,0.103894,0.025878
0.013872,0.012896,0.757641,-0.021545,0.015581,-0.762636,0.646281,-0.246061,0.405137,0.068339,0.680633,-0.332509,-0.260035,-0.486736,-0.255430,-0.066919,0.753149,-0.205235,0.261800,-0.163332,0.160728,0.047069,-1.288809,0.905118,-0.840713,0.829471,-0.127392,0.091384,0.065829,-0.505568,-0.624604,0.505892,-0.544417,0.160997,0.107921,0.025273
0.012471,0.013908,0.755849,-0.024154,0.016341,-0.765004,0.643364,-0.246495,0.416957,0.072286,0.691875,-0.334761,-0.261650,-0.489350,-0.252510,-0.062700,0.766186,-0.213126,0.261800,-0.203042,0.175801,0.049707,-1.388575,0.935277,-0.901792,0.965318,-0.117139,0.087092,0.061982,-0.403005,-0.590120,0.481282,-0.607210,0.171117,0.111747,0.024237
0.012688,0.013510,0.756038,-0.026464,0.016394,-0.763535,0.645016,-0.243488,0.421824,0.078624,0.690848,-0.330598,-0.261457,-0.476583,-0.246435,-0.062930,0.753135,-0.209899,0.261800,-0.210130,0.165039,0.058536,-1.353908,0.916467,-0.900783,0.974796,-0.103812,0.077532,0.057121,-0.330563,-0.553918,0.444848,-0.586234,0.171876,0.118981,0.001243
0.012911,0.012530,0.756166,-0.028743,0.016359,-0.762021,0.646707,-0.239634,0.426489,0.085061,0.689985,-0.327221,-0.261480,-0.463685,-0.240722,-0.063105,0.741625,-0.208197,0.261800,-0.218044,0.159504,0.064704,-1.304807,0.898230,-0.887183,0.975064,-0.086769,0.070496,0.055332,-0.258287,-0.521700,0.414143,-0.563734,0.173386,0.124014,-0.021815
0.013048,0.011536,0.756282,-0.030956,0.016479,-0.760493,0.648398,-0.236063,0.431322,0.091409,0.689314,-0.324054,-0.261563,-0.450999,-0.234877,-0.063321,0.730127,-0.206575,0.261800,-0.226672,0.155818,0.070134,-1.253196,0.879317,-0.871294,0.973191,-0.068968,0.063875,0.054153,-0.187320,-0.490443,0.386707,-0.540866,0.175546,0.128679,-0.045147
0.014269,0.010182,0.757770,-0.030311,0.014772,-0.759801,0.649281,-0.224813,0.423457,0.097694,0.674897,-0.317398,-0.259727,-0.439471,-0.239729,-0.067980,0.712427,-0.199669,0.261800,-0.220263,0.157174,0.069140,-1.223260,0.869299,-0.851190,0.957838,-0.069394,0.060494,0.056721,-0.167416,-0.473003,0.380708,-0.523226,0.167653,0.133190,-0.063780
0.015606,0.009171,0.759327,-0.029730,0.012708,-0.759094,0.650178,-0.212850,0.414881,0.104220,0.659575,-0.309982,-0.257737,-0.427526,-0.244906,-0.072459,0.694370,-0.192256,0.261800,-0.215604,0.157647,0.070546,-1.194857,0.861455,-0.831348,0.941643,-0.071036,0.057920,0.058939,-0.151505,-0.455201,0.376461,-0.503756,0.160254,0.137732,-0.083037
0.016933,0.008114,0.760894,-0.029239,0.010533,-0.758379,0.651073,-0.200584,0.406146,0.110674,0.644087,-0.302465,-0.255816,-0.415276,-0.250068,-0.077047,0.676364,-0.184870,0.261800,-0.211366,0.157858,0.072517,-1.166868,0.853666,-0.811812,0.925269,-0.072769,0.055441,0.061109,-0.136200,-0.437515,0.372790,-0.483898,0.153224,0.142162,-0.102556
0.018234,0.007575,0.762713,-0.027976,0.008918,-0.755192,0.654846,-0.193023,0.394968,0.112812,0.624140,-0.294104,-0.251856,-0.402600,-0.260866,-0.087920,0.658365,-0.177390,0.261800,-0.195584,0.145553,0.069806,-1.167259,0.834758,-0.806404,0.911607,-0.069935,0.058006,0.056365,-0.158703,-0.472451,0.390921,-0.450402,0.149827,0.146019,-0.094734
0.019559,0.007368,0.764496,-0.026745,0.007110,-0.751963,0.658624,-0.185710,0.383494,0.114811,0.604552,-0.285513,-0.247767,-0.390088,-0.271854,-0.098887,0.641003,-0.169782,0.261800,-0.179583,0.133183,0.068559,-1.170359,0.815161,-0.801333,0.899671,-0.067258,0.060424,0.050994,-0.184812,-0.507310,0.409407,-0.413742,0.147455,0.147969,-0.086331
0.021623,0.008557,0.768130,-0.023991,0.006473,-0.748704,0.662439,-0.174585,0.368914,0.120612,0.562964,-0.261941,-0.241464,-0.369363,-0.281544,-0.113627,0.593531,-0.143294,0.261800,-0.161890,0.113987,0.059423,-1.179713,0.790500,-0.809627,0.894666,-0.064417,0.064446,0.045438,-0.211329,-0.529755,0.429297,-0.370238,0.143615,0.149530,-0.076696
0.023975,0.009158,0.769615,-0.023161,0.006107,-0.743938,0.667819,-0.176480,0.358622,0.116727,0.550560,-0.253832,-0.238565,-0.357036,-0.293862,-0.131324,0.575698,-0.131152,0.261800,-0.154761,0.107572,0.058224,-1.178822,0.769254,-0.810289,0.880352,-0.063047,0.065221,0.043003,-0.229369,-0.555034,0.437849,-0.352043,0.144572,0.149261,-0.062334
0.026200,0.009702,0.771010,-0.022062,0.006110,-0.739110,0.673195,-0.179936,0.348699,0.112391,0.539355,-0.246145,-0.235762,-0.345903,-0.305898,-0.149267,0.559069,-0.119555,0.261800,-0.147721,0.101861,0.055938,-1.176929,0.748298,-0.810105,0.865141,-0.061492,0.066234,0.040574,-0.246677,-0.580856,0.446918,-0.335220,0.145391,0.149804,-0.047991
0.028397,0.010245,0.772487,-0.020958,0.006196,-0.734253,0.678524,-0.183554,0.339032,0.107994,0.528287,-0.238503,-0.233011,-0.334721,-0.317599,-0.167507,0.542626,-0.108068,0.261800,-0.140644,0.096305,0.053467,-1.174907,0.727383,-0.809873,0.849795,-0.059915,0.067262,0.038136,-0.263895,-0.606626,0.456441,-0.318570,0.146068,0.150419,-0.033609
0.028435,0.010798,0.772850,-0.021385,0.006621,-0.729492,0.683623,-0.190290,0.335987,0.098690,0.526640,-0.233599,-0.233312,-0.327614,-0.323523,-0.182253,0.540114,-0.105479,0.261800,-0.131674,0.092775,0.052831,-1.172939,0.712917,-0.814748,0.839082,-0.055659,0.069032,0.037215,-0.281928,-0.627368,0.468519,-0.311489,0.143906,0.150375,-0.021880
0.028467,0.011366,0.773175,-0.021773,0.007105,-0.724680,0.688705,-0.197462,0.333017,0.089146,0.525557,-0.228881,-0.233645,-0.320872,-0.329426,-0.196895,0.538242,-0.103142,0.261800,-0.122743,0.089258,0.052051,-1.171076,0.698561,-0.819706,0.828407,-0.051504,0.070731,0.036230,-0.299970,-0.647935,0.480949,-0.304825,0.141567,0.150621,-0.010242
0.028413,0.011952,0.773500,-0.022171,0.007578,-0.719830,0.693755,-0.204593,0.330090,0.079578,0.524542,-0.224211,-0.233995,-0.314028,-0.335302,-0.211584,0.536452,-0.100845,0.261800,-0.113795,0.085798,0.051247,-1.169189,0.684187,-0.824597,0.817717,-0.047362,0.072410,0.035206,-0.318142,-0.668409,0.493727,-0.298240,0.139151,0.150852,0.001402
0.027641,0.012198,0.773299,-0.022453,0.007894,-0.716400,0.697283,-0.211089,0.328675,0.070428,0.526913,-0.222700,-0.232889,-0.311970,-0.339236,-0.221622,0.541811,-0.104207,0.261800,-0.107024,0.075997,0.050244,-1.169513,0.670639,-0.827162,0.827532,-0.042506,0.075208,0.035859,-0.331712,-0.700477,0.522704,-0.289311,0.136698,0.151626,0.015941
0.026761,0.012469,0.772972,-0.022606,0.008197,-0.712938,0.700815,-0.217916,0.327040,0.061183,0.529506,-0.221235,-0.231787,-0.310398,-0.343487,-0.231515,0.547790,-0.107919,0.261800,-0.100488,0.066225,0.048983,-1.169689,0.656921,-0.829398,0.838060,-0.037515,0.077253,0.036488,-0.346155,-0.732432,0.552655,-0.280365,0.134191,0.152301,0.030327
0.025959,0.012751,0.772638,-0.022756,0.008509,-0.709460,0.704326,-0.224751,0.325426,0.051916,0.532158,-0.219816,-0.230725,-0.308852,-0.347769,-0.241379,0.553900,-0.111700,0.261785,-0.093989,0.056557,0.047694,-1.169772,0.643198,-0.831504,0.848604,-0.032536,0.079226,0.037145,-0.361317,-0.764160,0.583284,-0.271492,0.131487,0.152910,0.044721
0.025037,0.013220,0.772012,-0.023590,0.008124,-0.706819,0.706954,-0.230442,0.325334,0.045277,0.538485,-0.220130,-0.231649,-0.307067,-0.348712,-0.243086,0.560246,-0.117958,0.261800,-0.087087,0.055459,0.050438,-1.145596,0.644154,-0.825268,0.825115,-0.032149,0.078630,0.041574,-0.357178,-0.767755,0.585698,-0.265658,0.131390,0.151931,0.048706
0.024085,0.013579,0.771493,-0.024410,0.007818,-0.704213,0.709526,-0.236100,0.325333,0.038485,0.544716,-0.220435,-0.232302,-0.305233,-0.349503,-0.244940,0.566482,-0.124283,0.261800,-0.079853,0.054357,0.052707,-1.120531,0.645493,-0.819136,0.799566,-0.031892,0.079367,0.046203,-0.351839,-0.771244,0.587469,-0.260576,0.130782,0.151196,0.052963
0.023124,0.013923,0.770889,-0.025215,0.007520,-0.701600,0.712085,-0.241751,0.325316,0.031692,0.550918,-0.220755,-0.232998,-0.303431,-0.350291,-0.246784,0.572719,-0.130617,0.261800,-0.072563,0.053275,0.054899,-1.095404,0.646649,-0.812965,0.773846,-0.031620,0.080232,0.050838,-0.346378,-0.774744,0.589149,-0.255585,0.130133,0.150497,0.057237
0.023490,0.013668,0.769701,-0.025881,0.007393,-0.700208,0.713432,-0.249045,0.325404,0.027747,0.564968,-0.227447,-0.233284,-0.305189,-0.353211,-0.247821,0.583249,-0.136886,0.261800,-0.064934,0.049166,0.057617,-1.068645,0.655114,-0.794932,0.752376,-0.040111,0.083037,0.051565,-0.323848,-0.770327,0.580421,-0.256910,0.131861,0.152890,0.061644
0.023740,0.013365,0.768493,-0.026377,0.007377,-0.698830,0.714763,-0.256885,0.325363,0.023647,0.579333,-0.234279,-0.232971,-0.307547,-0.356196,-0.248683,0.594125,-0.143490,0.261800,-0.056680,0.044856,0.059843,-1.042079,0.662970,-0.777004,0.731130,-0.048697,0.085516,0.051979,-0.300179,-0.765906,0.570964,-0.258731,0.133322,0.155077,0.065948
0.024084,0.013048,0.767375,-0.026834,0.007385,-0.697456,0.716087,-0.264830,0.325279,0.019580,0.593759,-0.241163,-0.232671,-0.310031,-0.359210,-0.249510,0.605044,-0.150117,0.261800,-0.048292,0.040534,0.062006,-1.015365,0.670343,-0.758867,0.709922,-0.057287,0.087948,0.052541,-0.276457,-0.761300,0.561423,-0.260645,0.134741,0.157273,0.070269
0.024927,0.013143,0.765683,-0.027645,0.006988,-0.698127,0.715406,-0.271425,0.325805,0.016723,0.611855,-0.250720,-0.232193,-0.316574,-0.360766,-0.244843,0.618610,-0.154850,0.261800,-0.047532,0.038472,0.068764,-1.004529,0.661287,-0.750026,0.705575,-0.053573,0.087762,0.058496,-0.261930,-0.746380,0.548820,-0.256566,0.135041,0.156960,0.063740
0.025763,0.013329,0.764062,-0.028544,0.006464,-0.698804,0.714714,-0.277869,0.326273,0.013888,0.630109,-0.260259,-0.231870,-0.323085,-0.362366,-0.240012,0.632485,-0.159634,0.261800,-0.046311,0.036067,0.076096,-0.995331,0.651373,-0.742170,0.702983,-0.049825,0.086719,0.064440,-0.247878,-0.731080,0.536011,-0.251795,0.135420,0.156205,0.057133
0.026598,0.013529,0.762438,-0.029473,0.005920,-0.699482,0.714018,-0.284300,0.326751,0.011050,0.648463,-0.269849,-0.231573,-0.329577,-0.363936,-0.235157,0.646441,-0.164454,0.261800,-0.044975,0.033677,0.083544,-0.986459,0.641297,-0.734520,0.700576,-0.046093,0.085568,0.070362,-0.234030,-0.715736,0.523333,-0.246989,0.135822,0.155393,0.050549
0.027416,0.012978,0.761489,-0.029336,0.007486,-0.702513,0.711026,-0.288072,0.331912,0.014985,0.659063,-0.277797,-0.232712,-0.338892,-0.359376,-0.227386,0.651896,-0.164784,0.261800,-0.050111,0.033074,0.086692,-0.979997,0.634561,-0.730368,0.687682,-0.046903,0.084964,0.075194,-0.228168,-0.697298,0.514260,-0.236680,0.128689,0.157235,0.039690
0.028247,0.012512,0.760566,-0.029225,0.009109,-0.705551,0.707997,-0.291852,0.337284,0.018969,0.669605,-0.285681,-0.233457,-0.347969,-0.354551,-0.219725,0.656911,-0.164846,0.261800,-0.055800,0.032577,0.089791,-0.972931,0.628520,-0.725829,0.674181,-0.047861,0.084739,0.080036,-0.223170,-0.678591,0.506152,-0.225722,0.121600,0.158924,0.028664
0.029074,0.012043,0.759643,-0.029138,0.010750,-0.708588,0.704939,-0.295634,0.342809,0.022926,0.680195,-0.293585,-0.234208,-0.356963,-0.349587,-0.212119,0.661910,-0.164909,0.261800,-0.061585,0.032144,0.092905,-0.965460,0.622522,-0.721040,0.660635,-0.048780,0.084514,0.084837,-0.218188,-0.659804,0.498168,-0.214621,0.114615,0.160570,0.017550
0.031895,0.010465,0.759939,-0.025185,0.010519,-0.717665,0.695854,-0.283065,0.340700,0.044577,0.675432,-0.300246,-0.230382,-0.373557,-0.353452,-0.204766,0.660375,-0.153480,0.261779,-0.076750,0.030662,0.092112,-0.968092,0.588968,-0.723574,0.610637,-0.051213,0.084507,0.085719,-0.226718,-0.648962,0.497878,-0.174896,0.116260,0.160092,-0.000721
0.032977,0.009845,0.760363,-0.021832,0.011485,-0.727346,0.685828,-0.271559,0.344694,0.064664,0.667757,-0.303826,-0.230893,-0.393041,-0.350805,-0.199618,0.659434,-0.141717,0.256501,-0.090231,0.029169,0.091941,-0.970557,0.558719,-0.726035,0.559863,-0.053525,0.084875,0.085757,-0.237697,-0.634021,0.497694,-0.131844,0.118436,0.157468,-0.019474
0.033855,0.009356,0.760900,-0.018713,0.012763,-0.737029,0.675481,-0.260435,0.350272,0.084222,0.660192,-0.307265,-0.232095,-0.412802,-0.346563,-0.195123,0.658230,-0.129726,0.250305,-0.103407,0.028354,0.091778,-0.969789,0.528330,-0.726752,0.509118,-0.055884,0.085315,0.085953,-0.247907,-0.617063,0.496210,-0.088047,0.120441,0.155003,-0.037657
0.034533,0.009046,0.762145,-0.014394,0.013416,-0.751422,0.659528,-0.238183,0.356998,0.122414,0.642471,-0.305184,-0.234480,-0.430324,-0.353160,-0.232298,0.646514,-0.111354,0.223505,-0.117487,0.022861,0.080585,-0.979404,0.498006,-0.735060,0.405295,-0.050359,0.082879,0.085281,-0.261773,-0.610271,0.491582,-0.081486,0.122247,0.150899,-0.046306
0.034714,0.007430,0.761635,-0.011649,0.013253,-0.765787,0.642852,-0.218683,0.367419,0.157197,0.644830,-0.317106,-0.238619,-0.455221,-0.361649,-0.265449,0.661821,-0.109729,0.197335,-0.132732,0.023546,0.077951,-0.979546,0.473927,-0.726309,0.293371,-0.046709,0.079053,0.081414,-0.273267,-0.608613,0.482460,-0.080197,0.123687,0.146157,-0.053751
0.035771,0.007260,0.762635,-0.006927,0.013317,-0.779342,0.626420,-0.196895,0.372056,0.194764,0.629380,-0.316448,-0.240527,-0.474788,-0.370770,-0.302632,0.654504,-0.093594,0.170397,-0.147547,0.018379,0.067008,-0.964839,0.441865,-0.715347,0.187448,-0.040934,0.077767,0.077872,-0.278188,-0.591058,0.469877,-0.070326,0.122632,0.141243,-0.059958
0.035511,0.005410,0.764683,-0.002736,0.012980,-0.792286,0.610006,-0.167141,0.374777,0.240865,0.604852,-0.306207,-0.232476,-0.472590,-0.372083,-0.312240,0.668208,-0.112295,0.163732,-0.165225,0.016124,0.047630,-0.936987,0.388400,-0.672637,0.098846,-0.043378,0.077132,0.083826,-0.286004,-0.559763,0.444917,-0.078689,0.122896,0.131376,-0.067276
0.035357,0.003410,0.766715,0.001188,0.011461,-0.804740,0.593515,-0.134340,0.374557,0.287345,0.579132,-0.296276,-0.224011,-0.469864,-0.375228,-0.320600,0.684373,-0.132428,0.157485,-0.182924,0.013016,0.030025,-0.888028,0.329428,-0.615717,0.015706,-0.044384,0.073187,0.088722,-0.284533,-0.517667,0.413381,-0.082986,0.120319,0.120507,-0.072277
0.035380,0.001429,0.768743,0.005083,0.009418,-0.816806,0.576813,-0.100433,0.372326,0.333830,0.552687,-0.286510,-0.215627,-0.467370,-0.379029,-0.328335,0.701461,-0.152995,0.151261,-0.200636,0.009237,0.012931,-0.816894,0.266669,-0.545238,-0.063720,-0.043910,0.066846,0.092424,-0.274034,-0.463245,0.376513,-0.081643,0.114606,0.107917,-0.074062
0.033785,-0.002098,0.770828,0.006931,0.009126,-0.829460,0.558448,-0.077545,0.377758,0.371209,0.552587,-0.258180,-0.203436,-0.468379,-0.369550,-0.296487,0.714303,-0.171341,0.158053,-0.224927,0.016064,-0.000892,-0.745649,0.223362,-0.487575,-0.075446,-0.038445,0.065839,0.080411,-0.261911,-0.418074,0.330977,-0.103413,0.103262,0.092593,-0.070026
0.032174,-0.005585,0.772973,0.008854,0.009271,-0.841772,0.539681,-0.056293,0.384585,0.408674,0.555328,-0.231794,-0.190176,-0.469295,-0.358363,-0.265847,0.725716,-0.188978,0.164115,-0.247965,0.023273,-0.013703,-0.666792,0.177109,-0.424456,-0.078767,-0.033118,0.059861,0.067515,-0.243950,-0.366094,0.286248,-0.124116,0.089944,0.078500,-0.062647
0.030417,-0.009102,0.775268,0.010811,0.009381,-0.853665,0.520626,-0.034643,0.391640,0.446720,0.558694,-0.206489,-0.175910,-0.469372,-0.346366,-0.236057,0.736258,-0.206434,0.169727,-0.270489,0.030454,-0.026223,-0.586344,0.131600,-0.361508,-0.080377,-0.027946,0.052973,0.055145,-0.223540,-0.311922,0.248181,-0.144365,0.075945,0.065559,-0.052132
0.026493,-0.014563,0.778716,0.011544,0.007761,-0.863639,0.503919,-0.049048,0.391273,0.419889,0.590965,-0.153431,-0.159199,-0.457161,-0.323440,-0.200551,0.713975,-0.204783,0.173680,-0.297510,0.036952,-0.036345,-0.519532,0.100200,-0.309199,-0.073749,-0.022045,0.046096,0.042326,-0.202694,-0.278357,0.177082,-0.135010,0.068547,0.052442,-0.059644
0.022670,-0.019766,0.782160,0.012197,0.007461,-0.873353,0.486879,-0.067883,0.394321,0.392074,0.628476,-0.102375,-0.143353,-0.444373,-0.298274,-0.166928,0.688665,-0.200868,0.176537,-0.322600,0.045931,-0.045745,-0.470742,0.070788,-0.268235,-0.068086,-0.017329,0.040915,0.031660,-0.186299,-0.252707,0.117162,-0.128335,0.064630,0.039735,-0.065234
0.018945,-0.024959,0.785587,0.012939,0.007216,-0.882801,0.469513,-0.087672,0.397216,0.364745,0.667718,-0.052185,-0.127954,-0.431148,-0.273521,-0.132886,0.662673,-0.196265,0.179099,-0.347268,0.055318,-0.055209,-0.442206,0.044697,-0.239783,-0.064604,-0.013603,0.037768,0.023096,-0.175762,-0.236077,0.070769,-0.127141,0.063617,0.029374,-0.069690
0.016137,-0.029892,0.787242,0.013081,0.006093,-0.893365,0.449100,-0.115303,0.393728,0.313379,0.676260,-0.071094,-0.147863,-0.427552,-0.247029,-0.098238,0.636094,-0.181919,0.177657,-0.356415,0.059723,-0.059232,-0.410298,0.036926,-0.216415,-0.065403,-0.013458,0.033554,0.019822,-0.172870,-0.221533,0.032198,-0.118383,0.057839,0.023192,-0.086258
0.012905,-0.034884,0.788780,0.013265,0.005156,-0.903559,0.428228,-0.142566,0.390423,0.262327,0.686527,-0.092024,-0.167591,-0.424114,-0.220407,-0.063377,0.610900,-0.168332,0.175591,-0.365786,0.064517,-0.064517,-0.395489,0.032779,-0.204749,-0.070562,-0.014246,0.031302,0.018014,-0.176693,-0.214115,0.003323,-0.114813,0.054336,0.018743,-0.104114
0.009601,-0.039970,0.790322,0.013596,0.004056,-0.913272,0.407103,-0.168727,0.386066,0.211947,0.696755,-0.113930,-0.186718,-0.420414,-0.194589,-0.028176,0.586290,-0.155029,0.173122,-0.375472,0.069054,-0.070633,-0.395597,0.029990,-0.201995,-0.078591,-0.015634,0.030666,0.017109,-0.186709,-0.212637,-0.020114,-0.116230,0.052925,0.015688,-0.123709
0.006916,-0.045635,0.789691,0.015994,0.005809,-0.922088,0.386605,-0.180548,0.388696,0.183692,0.656489,-0.128885,-0.216023,-0.429131,-0.172292,-0.002862,0.576499,-0.149038,0.174809,-0.380576,0.079209,-0.069770,-0.402803,0.035124,-0.206549,-0.076094,-0.015225,0.031476,0.019091,-0.197546,-0.231877,-0.021663,-0.111958,0.046414,0.016158,-0.130176
0.003615,-0.051492,0.789263,0.018687,0.006481,-0.930398,0.366018,-0.188868,0.389653,0.156837,0.612580,-0.143021,-0.244006,-0.436932,-0.152043,0.023185,0.567516,-0.144280,0.176388,-0.386386,0.088699,-0.070050,-0.417764,0.039776,-0.213488,-0.074455,-0.014980,0.031770,0.021301,-0.215425,-0.255761,-0.020617,-0.108546,0.041026,0.016556,-0.138772
0.002703,-0.059269,0.789584,0.022736,0.004058,-0.937770,0.346487,-0.198740,0.378179,0.133461,0.569908,-0.158274,-0.261798,-0.443998,-0.143996,0.053773,0.554144,-0.136351,0.183852,-0.394319,0.095479,-0.070566,-0.440249,0.043363,-0.220696,-0.073594,-0.014144,0.032035,0.023727,-0.241000,-0.285262,-0.019480,-0.106397,0.036140,0.016526,-0.150079
0.005662,-0.066794,0.789881,0.028265,-0.001746,-0.943460,0.330275,-0.201932,0.352798,0.123132,0.531216,-0.156722,-0.261800,-0.454509,-0.153825,0.079099,0.539577,-0.124559,0.197327,-0.401430,0.101571,-0.064486,-0.447285,0.048382,-0.225107,-0.071141,-0.013682,0.030492,0.024702,-0.251475,-0.297611,-0.013318,-0.105790,0.037833,0.016648,-0.148162
0.007557,-0.075615,0.790056,0.033964,-0.008804,-0.948989,0.313351,-0.203327,0.325306,0.114069,0.494702,-0.158233,-0.261800,-0.466564,-0.165484,0.107857,0.530963,-0.118173,0.211776,-0.406552,0.106981,-0.059988,-0.454864,0.055781,-0.228522,-0.074544,-0.013348,0.028883,0.024867,-0.261120,-0.314343,-0.011479,-0.108954,0.036988,0.015853,-0.150172
0.008694,-0.085027,0.790100,0.039439,-0.016454,-0.954197,0.296110,-0.204244,0.297035,0.104349,0.459339,-0.160724,-0.261800,-0.479201,-0.177625,0.137759,0.525053,-0.114310,0.226397,-0.410815,0.111725,-0.056537,-0.462744,0.063291,-0.231589,-0.080313,-0.013305,0.027856,0.024621,-0.271586,-0.334103,-0.012801,-0.113359,0.035165,0.015036,-0.154798
0.009402,-0.092611,0.789788,0.043384,-0.021745,-0.957266,0.285108,-0.198883,0.274679,0.104818,0.444693,-0.161740,-0.261800,-0.489468,-0.187711,0.160371,0.525570,-0.113803,0.237714,-0.415215,0.122021,-0.053149,-0.474935,0.066274,-0.232211,-0.087223,-0.012552,0.028672,0.024388,-0.271763,-0.341972,-0.019323,-0.114988,0.032542,0.013604,-0.164418
0.009954,-0.100461,0.789405,0.046494,-0.026601,-0.960120,0.274410,-0.194337,0.253686,0.103265,0.432862,-0.164033,-0.261800,-0.498159,-0.196998,0.181371,0.526124,-0.113707,0.248891,-0.420904,0.131909,-0.049067,-0.487557,0.067380,-0.233149,-0.091910,-0.011354,0.029902,0.023846,-0.269527,-0.349495,-0.030443,-0.118462,0.028106,0.012261,-0.175125
0.010313,-0.108426,0.788894,0.049250,-0.031201,-0.962827,0.263752,-0.189985,0.233472,0.100818,0.421834,-0.166767,-0.261800,-0.506002,-0.205712,0.201654,0.526237,-0.113776,0.259915,-0.426762,0.141557,-0.044641,-0.500450,0.067558,-0.233933,-0.095753,-0.009798,0.030764,0.023032,-0.266083,-0.357905,-0.045537,-0.122625,0.022194,0.011106,-0.186764
0.009478,-0.111975,0.788959,0.050617,-0.033819,-0.965126,0.254610,-0.185816,0.222287,0.095509,0.422887,-0.167872,-0.261800,-0.510327,-0.205018,0.213405,0.524571,-0.113900,0.261795,-0.425085,0.146734,-0.039344,-0.504758,0.063120,-0.235038,-0.099744,-0.011067,0.031450,0.023523,-0.262070,-0.354542,-0.052220,-0.129759,0.021454,0.009195,-0.192316
0.008590,-0.115318,0.789006,0.051321,-0.035346,-0.967482,0.245144,-0.182277,0.214337,0.089552,0.426955,-0.170666,-0.261800,-0.512390,-0.201200,0.223062,0.520731,-0.112899,0.261800,-0.424264,0.153201,-0.034263,-0.505454,0.058093,-0.235898,-0.103807,-0.012241,0.031788,0.024192,-0.257667,-0.348311,-0.059330,-0.138078,0.019526,0.008583,-0.196796
0.006745,-0.119864,0.788892,0.050637,-0.035169,-0.970383,0.233573,-0.178723,0.212179,0.085477,0.443913,-0.183951,-0.261800,-0.512772,-0.191594,0.233770,0.521541,-0.116403,0.261800,-0.417283,0.162656,-0.027671,-0.501651,0.053594,-0.236132,-0.116202,-0.014406,0.034238,0.024645,-0.238789,-0.338708,-0.076451,-0.157248,0.009855,0.010268,-0.204061
0.006251,-0.124513,0.789370,0.050753,-0.035307,-0.970863,0.231523,-0.182643,0.208457,0.077102,0.453466,-0.180770,-0.261800,-0.507646,-0.194491,0.235649,0.515402,-0.116320,0.261800,-0.409347,0.165996,-0.024718,-0.500775,0.055300,-0.242554,-0.111520,-0.013875,0.037603,0.024112,-0.228339,-0.335442,-0.078350,-0.167192,0.009567,0.013643,-0.199143
0.005680,-0.129134,0.790020,0.051368,-0.035681,-0.971104,0.230317,-0.186427,0.203123,0.067821,0.459492,-0.175346,-0.261800,-0.502182,-0.199287,0.236517,0.507378,-0.115616,0.261800,-0.405302,0.169846,-0.022593,-0.500250,0.056308,-0.247573,-0.103417,-0.012855,0.038866,0.023609,-0.224885,-0.332237,-0.076294,-0.172809,0.010856,0.016564,-0.193697
0.004992,-0.133869,0.790727,0.052031,-0.036115,-0.971311,0.229224,-0.189592,0.197355,0.058679,0.464564,-0.169723,-0.261800,-0.496333,-0.204482,0.237189,0.499044,-0.115042,0.261800,-0.402967,0.174465,-0.020425,-0.499741,0.056692,-0.251305,-0.094252,-0.011630,0.039221,0.022712,-0.225184,-0.328985,-0.072057,-0.176329,0.012126,0.018700,-0.189083
0.004677,-0.138857,0.791101,0.052136,-0.035633,-0.971707,0.227589,-0.192012,0.196134,0.044298,0.451917,-0.167041,-0.261800,-0.489897,-0.208417,0.235570,0.489998,-0.113835,0.261800,-0.396681,0.174529,-0.017661,-0.497216,0.062705,-0.252468,-0.094709,-0.011705,0.037054,0.023339,-0.226548,-0.329008,-0.067439,-0.178163,0.011687,0.020289,-0.187196
0.004094,-0.144029,0.791495,0.051944,-0.035217,-0.972164,0.225740,-0.192113,0.195112,0.030452,0.437348,-0.163928,-0.261800,-0.482226,-0.212276,0.234115,0.480501,-0.112821,0.261800,-0.390668,0.174947,-0.014575,-0.494362,0.069011,-0.253733,-0.097949,-0.012291,0.035787,0.023842,-0.228663,-0.329565,-0.062833,-0.179937,0.010979,0.021292,-0.186693
0.003391,-0.149297,0.791995,0.051491,-0.034808,-0.972667,0.223730,-0.190860,0.194474,0.016893,0.422489,-0.161189,-0.261800,-0.473676,-0.215914,0.232782,0.471049,-0.112232,0.261800,-0.384945,0.175607,-0.011155,-0.492409,0.074700,-0.255564,-0.102073,-0.012895,0.035325,0.023847,-0.231470,-0.330524,-0.058405,-0.182349,0.010027,0.022069,-0.187333
0.005313,-0.151774,0.791672,0.049652,-0.033175,-0.971663,0.228702,-0.196696,0.202512,0.016558,0.404114,-0.153146,-0.261800,-0.466519,-0.221581,0.221007,0.468074,-0.111329,0.261800,-0.373322,0.175754,-0.007582,-0.493216,0.088676,-0.258990,-0.102775,-0.013691,0.035471,0.026036,-0.234655,-0.334623,-0.054514,-0.181134,0.009849,0.022824,-0.187873
0.007457,-0.154192,0.791382,0.048394,-0.031484,-0.970605,0.233652,-0.204404,0.210344,0.016066,0.385938,-0.144489,-0.261800,-0.461328,-0.227268,0.209428,0.465466,-0.109870,0.261800,-0.361918,0.176151,-0.004294,-0.497106,0.103082,-0.263929,-0.103675,-0.015062,0.035462,0.028472,-0.239480,-0.339745,-0.051364,-0.180652,0.009762,0.023525,-0.189432
0.009754,-0.156516,0.790968,0.047421,-0.029737,-0.969523,0.238523,-0.213282,0.218236,0.015626,0.368183,-0.135695,-0.261800,-0.457346,-0.232759,0.198073,0.463078,-0.108084,0.261800,-0.350446,0.176775,-0.001253,-0.504009,0.117845,-0.270446,-0.104620,-0.016589,0.035529,0.030650,-0.245990,-0.345981,-0.048534,-0.181012,0.009449,0.024337,-0.192124
0.013184,-0.154557,0.789239,0.044658,-0.024605,-0.967566,0.247421,-0.229763,0.242020,0.030019,0.361326,-0.117753,-0.261800,-0.457415,-0.232795,0.173239,0.472199,-0.105699,0.261800,-0.339803,0.174052,0.002730,-0.509831,0.136129,-0.272828,-0.113066,-0.018309,0.033707,0.039160,-0.253903,-0.354239,-0.047077,-0.187722,0.007931,0.024620,-0.192029
0.016069,-0.153044,0.787378,0.042329,-0.018777,-0.965562,0.256019,-0.248645,0.267295,0.043954,0.357393,-0.101346,-0.261800,-0.459287,-0.231819,0.148240,0.483155,-0.104815,0.261800,-0.329181,0.173492,0.005640,-0.518309,0.158082,-0.276881,-0.124991,-0.020427,0.032553,0.048945,-0.263660,-0.364129,-0.045974,-0.197370,0.005651,0.025943,-0.192382
0.018096,-0.152052,0.785164,0.040098,-0.012245,-0.963617,0.263976,-0.270493,0.294709,0.057249,0.361190,-0.090087,-0.261800,-0.463377,-0.229255,0.123894,0.499664,-0.108221,0.261800,-0.318643,0.176327,0.007296,-0.527331,0.188045,-0.281623,-0.146280,-0.024439,0.033352,0.061725,-0.275634,-0.376730,-0.043533,-0.212529,0.001383,0.029542,-0.193856
0.019379,-0.152192,0.783532,0.037818,-0.005413,-0.960276,0.276426,-0.289280,0.308024,0.053666,0.363005,-0.077176,-0.261800,-0.459220,-0.232619,0.090730,0.511677,-0.110070,0.261800,-0.299256,0.180479,0.004706,-0.540122,0.199372,-0.290218,-0.154007,-0.027082,0.037361,0.067972,-0.286171,-0.390273,-0.037944,-0.215420,0.007691,0.031247,-0.198811
0.020186,-0.152647,0.781919,0.035099,0.001449,-0.956723,0.288873,-0.306939,0.321635,0.049760,0.363704,-0.064077,-0.261800,-0.453356,-0.236446,0.057023,0.523196,-0.112582,0.261800,-0.277693,0.185101,0.000648,-0.562460,0.210947,-0.303784,-0.161134,-0.028975,0.040569,0.074537,-0.299469,-0.413210,-0.034170,-0.220250,0.015489,0.031778,-0.207552
0.020591,-0.153568,0.780442,0.032029,0.008336,-0.953015,0.301110,-0.324104,0.335742,0.045714,0.364334,-0.051260,-0.261800,-0.446529,-0.240352,0.023371,0.534756,-0.115785,0.261800,-0.254827,0.190154,-0.003847,-0.596604,0.227511,-0.323509,-0.171284,-0.031334,0.043933,0.083260,-0.317954,-0.446270,-0.031729,-0.229873,0.024026,0.032437,-0.220444
0.021594,-0.155489,0.779459,0.030889,0.013730,-0.950678,0.308332,-0.334597,0.338958,0.037251,0.368815,-0.049289,-0.261800,-0.440802,-0.244564,-0.004527,0.536219,-0.114619,0.261800,-0.229384,0.190547,-0.005907,-0.631807,0.264225,-0.336162,-0.191024,-0.034640,0.046579,0.099939,-0.330264,-0.489440,-0.031562,-0.259466,0.028790,0.031544,-0.231836
0.022450,-0.157725,0.778586,0.029436,0.019141,-0.948322,0.315361,-0.344420,0.342502,0.029048,0.373156,-0.047653,-0.261800,-0.433842,-0.248616,-0.032483,0.536793,-0.113377,0.261800,-0.203660,0.191036,-0.008378,-0.677283,0.309530,-0.354168,-0.218035,-0.038942,0.050571,0.119775,-0.345656,-0.542353,-0.033613,-0.299125,0.033341,0.032581,-0.247093
0.023136,-0.160022,0.777777,0.027800,0.024561,-0.945910,0.322301,-0.354153,0.346210,0.020808,0.377413,-0.046135,-0.261800,-0.426344,-0.252604,-0.060440,0.537128,-0.112289,0.261800,-0.177528,0.191463,-0.011015,-0.732543,0.361634,-0.376812,-0.249980,-0.043915,0.055718,0.142632,-0.365049,-0.604495,-0.036816,-0.345779,0.038536,0.034768,-0.265970
0.024689,-0.160217,0.777062,0.026788,0.027171,-0.943962,0.327841,-0.361495,0.347061,0.018747,0.378907,-0.044335,-0.261800,-0.422040,-0.258832,-0.083745,0.537059,-0.111946,0.261800,-0.135021,0.190270,-0.012763,-0.791692,0.437519,-0.407539,-0.248109,-0.050601,0.064172,0.168567,-0.401396,-0.655987,-0.027038,-0.404554,0.040921,0.038001,-0.288880
0.026241,-0.160260,0.776334,0.025792,0.029603,-0.942011,0.333276,-0.368794,0.347692,0.016984,0.380188,-0.042308,-0.261800,-0.418176,-0.265419,-0.106767,0.537816,-0.111918,0.261800,-0.094827,0.188053,-0.013883,-0.851515,0.517858,-0.436754,-0.242731,-0.058754,0.069397,0.196182,-0.441543,-0.706112,-0.013024,-0.464797,0.042131,0.043206,-0.311620
0.027534,-0.160601,0.775483,0.024511,0.031817,-0.939989,0.338831,-0.376473,0.348095,0.014711,0.384032,-0.042062,-0.261800,-0.414418,-0.272575,-0.129615,0.541642,-0.114149,0.261800,-0.057282,0.186482,-0.015348,-0.899190,0.599484,-0.457507,-0.236365,-0.067482,0.071878,0.224035,-0.478247,-0.750676,0.005075,-0.526031,0.041770,0.050202,-0.331409
0.025216,-0.161734,0.774970,0.023505,0.029586,-0.940253,0.338373,-0.363372,0.345365,0.014167,0.378767,-0.046952,-0.261800,-0.412463,-0.282873,-0.141617,0.553153,-0.124274,0.261800,-0.003293,0.174330,-0.019795,-0.953252,0.658196,-0.493566,-0.030986,-0.101092,0.080427,0.238573,-0.564787,-0.766478,0.098580,-0.494838,0.071562,0.063086,-0.328593
0.023624,-0.162318,0.774262,0.021706,0.027026,-0.940514,0.337982,-0.349249,0.342414,0.013354,0.372489,-0.050313,-0.261800,-0.409981,-0.293484,-0.153546,0.565265,-0.133779,0.261800,0.046273,0.162235,-0.018646,-1.002640,0.713185,-0.522486,0.194923,-0.134530,0.078637,0.243254,-0.659406,-0.765328,0.200955,-0.440911,0.100851,0.069870,-0.319345
0.022035,-0.162774,0.773490,0.019432,0.024296,-0.940740,0.337699,-0.334504,0.339373,0.012224,0.366497,-0.053739,-0.261800,-0.406582,-0.304311,-0.165601,0.578019,-0.143660,0.261800,0.093905,0.150280,-0.015531,-1.036897,0.764178,-0.542112,0.427145,-0.164184,0.075499,0.238088,-0.743870,-0.745093,0.301277,-0.377696,0.127501,0.075565,-0.302376
0.021023,-0.165420,0.772812,0.017381,0.019965,-0.941804,0.335119,-0.318531,0.332912,0.017214,0.368189,-0.063613,-0.261800,-0.406848,-0.317405,-0.165004,0.593758,-0.147714,0.261800,0.119870,0.141382,-0.005251,-1.073046,0.773160,-0.545982,0.562557,-0.198929,0.074183,0.237387,-0.809803,-0.692012,0.395624,-0.289339,0.144786,0.084282,-0.270784
0.019564,-0.167914,0.771917,0.014667,0.015151,-0.942828,0.332613,-0.301333,0.326464,0.021504,0.371331,-0.074665,-0.261800,-0.406748,-0.331489,-0.164064,0.613306,-0.154583,0.261800,0.143092,0.132834,0.006328,-1.095698,0.781495,-0.541082,0.700190,-0.231742,0.074143,0.230728,-0.865412,-0.621440,0.487771,-0.193453,0.157076,0.091824,-0.233192
0.018041,-0.170334,0.770925,0.011728,0.010081,-0.943785,0.330197,-0.283704,0.319637,0.025534,0.374750,-0.085960,-0.261800,-0.406513,-0.346205,-0.162752,0.633932,-0.162227,0.261800,0.165753,0.124049,0.018337,-1.110850,0.788866,-0.531635,0.840532,-0.262062,0.074936,0.218460,-0.908558,-0.538352,0.574416,-0.095228,0.164527,0.099611,-0.191515
0.017566,-0.169569,0.770256,0.012740,0.008454,-0.945350,0.325699,-0.281183,0.320166,0.034549,0.376874,-0.086738,-0.261800,-0.417896,-0.346601,-0.159035,0.643654,-0.164184,0.261800,0.191458,0.114584,0.025776,-1.131500,0.787330,-0.532559,0.863906,-0.267619,0.070542,0.218726,-0.965027,-0.502832,0.618623,-0.014971,0.157899,0.106889,-0.159915
0.016385,-0.168716,0.769507,0.013882,0.006806,-0.946948,0.321015,-0.279438,0.322096,0.043520,0.381827,-0.088370,-0.261800,-0.430244,-0.346740,-0.154946,0.656533,-0.168755,0.261800,0.218682,0.104877,0.032436,-1.146467,0.784159,-0.530767,0.882599,-0.272385,0.069895,0.220696,-1.017647,-0.462872,0.660085,0.067581,0.148638,0.113038,-0.126530
0.015177,-0.167757,0.768738,0.015171,0.005075,-0.948502,0.316368,-0.278030,0.323889,0.052414,0.387083,-0.090141,-0.261800,-0.442906,-0.347078,-0.150848,0.669755,-0.173583,0.261800,0.245855,0.094999,0.038682,-1.158978,0.780244,-0.527539,0.900757,-0.276933,0.069854,0.222704,-1.066712,-0.419495,0.699494,0.150194,0.136472,0.118622,-0.092886
0.015494,-0.168720,0.768257,0.015170,0.004057,-0.949946,0.312018,-0.275703,0.324548,0.060168,0.394509,-0.096861,-0.261800,-0.449464,-0.348726,-0.148270,0.675249,-0.171364,0.261800,0.250797,0.091581,0.043009,-1.160634,0.782300,-0.514249,0.896598,-0.280872,0.066702,0.231478,-1.098239,-0.406852,0.716941,0.151412,0.121254,0.116337,-0.076453
0.015477,-0.169805,0.767808,0.014778,0.003378,-0.951400,0.307585,-0.272380,0.326787,0.067947,0.402315,-0.103276,-0.261800,-0.453994,-0.349206,-0.146598,0.679774,-0.169568,0.261800,0.257024,0.089476,0.046529,-1.158780,0.783300,-0.499547,0.889176,-0.284296,0.064812,0.241125,-1.124806,-0.397520,0.733785,0.144372,0.106150,0.118673,-0.061207
0.015368,-0.170945,0.767473,0.014304,0.002769,-0.952848,0.303099,-0.268865,0.329282,0.075712,0.410256,-0.109857,-0.261800,-0.458103,-0.349450,-0.145050,0.683885,-0.167649,0.261800,0.263639,0.087812,0.049822,-1.155803,0.783442,-0.484490,0.880835,-0.287589,0.063483,0.251546,-1.150408,-0.388807,0.750316,0.135695,0.091062,0.122191,-0.046193
0.014652,-0.172267,0.767493,0.014047,0.002375,-0.954401,0.298188,-0.262746,0.330597,0.079007,0.414029,-0.114335,-0.261800,-0.460987,-0.345389,-0.136531,0.684772,-0.165798,0.261800,0.251898,0.089170,0.058120,-1.140718,0.804092,-0.473543,0.864553,-0.286218,0.058399,0.265717,-1.142345,-0.392567,0.733925,0.103764,0.099413,0.116561,-0.062135
0.014411,-0.173563,0.767593,0.013999,0.001807,-0.955903,0.293342,-0.256746,0.330540,0.082364,0.416411,-0.118616,-0.261800,-0.464259,-0.341895,-0.127735,0.684590,-0.162580,0.261800,0.239866,0.089446,0.065830,-1.123593,0.824132,-0.462532,0.847076,-0.284839,0.053785,0.280242,-1.131052,-0.396686,0.716564,0.068737,0.107900,0.111927,-0.079044
0.014123,-0.174970,0.767709,0.014021,0.001241,-0.957381,0.288484,-0.250796,0.330479,0.085738,0.418628,-0.122821,-0.261800,-0.467586,-0.338423,-0.118902,0.684397,-0.159416,0.261800,0.227897,0.089570,0.073261,-1.104725,0.842543,-0.450557,0.829946,-0.283187,0.049232,0.294346,-1.117598,-0.399823,0.698336,0.033863,0.115769,0.107310,-0.095911
0.013176,-0.175510,0.767477,0.014791,0.003516,-0.956891,0.290050,-0.259763,0.335260,0.082720,0.428319,-0.124515,-0.261800,-0.465400,-0.332747,-0.116218,0.681826,-0.163102,0.261800,0.214056,0.089781,0.080386,-1.087383,0.856965,-0.439651,0.804707,-0.279703,0.043151,0.310568,-1.099637,-0.395719,0.684071,-0.001471,0.114949,0.105453,-0.107734
0.012134,-0.176102,0.767308,0.015768,0.006071,-0.956395,0.291587,-0.269935,0.340465,0.079222,0.439013,-0.126644,-0.261800,-0.463559,-0.326755,-0.114046,0.678926,-0.166831,0.261800,0.200069,0.090202,0.086610,-1.065682,0.867024,-0.426303,0.780935,-0.275473,0.037227,0.325432,-1.076466,-0.388514,0.667256,-0.034897,0.112959,0.103428,-0.118439
0.011167,-0.176798,0.767130,0.016808,0.008642,-0.955891,0.293113,-0.280353,0.345652,0.075623,0.449906,-0.128896,-0.261800,-0.461835,-0.320752,-0.111842,0.676026,-0.170568,0.261800,0.186050,0.090511,0.092555,-1.038150,0.870042,-0.409838,0.759970,-0.270335,0.031182,0.338404,-1.045713,-0.377153,0.646807,-0.065403,0.109992,0.101064,-0.128027
0.010627,-0.176443,0.766842,0.020908,0.011148,-0.953817,0.299451,-0.300740,0.344747,0.066647,0.454896,-0.125774,-0.261800,-0.467004,-0.322940,-0.118015,0.678252,-0.173978,0.261800,0.185102,0.088719,0.099102,-0.986468,0.855842,-0.402388,0.680618,-0.251461,0.027037,0.335572,-1.016681,-0.382030,0.622443,-0.122035,0.104211,0.096569,-0.127399
0.009251,-0.176052,0.766311,0.025297,0.014031,-0.951702,0.305656,-0.321113,0.345610,0.057881,0.460276,-0.123836,-0.261800,-0.472889,-0.324480,-0.124383,0.682812,-0.179808,0.261800,0.185318,0.087091,0.103552,-0.922247,0.830883,-0.388428,0.601500,-0.229946,0.026268,0.328686,-0.972933,-0.381528,0.591521,-0.175882,0.097320,0.092617,-0.124315
0.007695,-0.175720,0.765857,0.029800,0.016977,-0.949520,0.311826,-0.341779,0.346287,0.049083,0.465791,-0.122037,-0.261800,-0.479096,-0.326160,-0.130653,0.687439,-0.185694,0.261800,0.185461,0.085417,0.107561,-0.849001,0.795215,-0.369430,0.528708,-0.207042,0.025699,0.316266,-0.916015,-0.373913,0.554585,-0.224245,0.088864,0.087725,-0.118706
0.003964,-0.174173,0.764791,0.033658,0.022130,-0.944611,0.325710,-0.373631,0.359952,0.057606,0.478150,-0.113130,-0.261800,-0.477857,-0.329622,-0.151348,0.699755,-0.202008,0.261800,0.199137,0.082184,0.105314,-0.756362,0.738956,-0.347471,0.316299,-0.161834,0.025218,0.298998,-0.842470,-0.361742,0.497500,-0.235948,0.082568,0.083552,-0.117800
-0.000178,-0.173078,0.763735,0.037183,0.027832,-0.939636,0.339008,-0.404472,0.374681,0.064432,0.489937,-0.106825,-0.261800,-0.474988,-0.331755,-0.172203,0.710281,-0.218264,0.261800,0.213065,0.080084,0.102190,-0.660168,0.680833,-0.324245,0.106810,-0.113291,0.028773,0.271038,-0.764671,-0.343892,0.439709,-0.240709,0.075448,0.076271,-0.115744
-0.004674,-0.172036,0.762721,0.040397,0.033458,-0.934516,0.352035,-0.435367,0.389371,0.070838,0.502487,-0.100778,-0.261800,-0.471079,-0.333930,-0.192639,0.719939,-0.234354,0.261800,0.227101,0.077454,0.099581,-0.568884,0.628144,-0.303336,-0.100264,-0.064702,0.033280,0.232900,-0.689159,-0.325847,0.383771,-0.245616,0.068211,0.068921,-0.113957
-0.016002,-0.174664,0.761990,0.037408,0.042132,-0.927483,0.369594,-0.456372,0.423483,0.108717,0.537722,-0.111452,-0.248586,-0.432849,-0.328198,-0.236371,0.726216,-0.264988,0.261800,0.256095,0.082637,0.088071,-0.473500,0.575771,-0.263448,-0.200500,-0.046689,0.031790,0.205604,-0.622768,-0.308278,0.332982,-0.254904,0.061429,0.062234,-0.108748
-0.017802,-0.176372,0.762978,0.039389,0.048052,-0.919412,0.388357,-0.493241,0.434758,0.156872,0.565728,-0.106476,-0.210033,-0.409744,-0.335736,-0.274067,0.712943,-0.268667,0.261800,0.279795,0.086889,0.080479,-0.393143,0.533006,-0.221942,-0.311694,-0.027002,0.033494,0.183244,-0.581968,-0.308861,0.296626,-0.277243,0.056580,0.058125,-0.105324
-0.019607,-0.177634,0.764100,0.042605,0.054078,-0.910809,0.407047,-0.532008,0.445258,0.206510,0.590653,-0.098554,-0.169725,-0.389908,-0.344250,-0.311269,0.698558,-0.270434,0.261800,0.302454,0.089683,0.071413,-0.329553,0.510405,-0.188290,-0.436288,-0.008074,0.036864,0.165289,-0.567187,-0.322778,0.273710,-0.311025,0.054139,0.056331,-0.106318
-0.021560,-0.181492,0.765318,0.042186,0.061319,-0.900032,0.429421,-0.550193,0.454203,0.244145,0.602084,-0.101153,-0.133821,-0.351715,-0.348122,-0.365586,0.678985,-0.266044,0.261800,0.322832,0.095181,0.050261,-0.298714,0.506496,-0.146777,-0.446359,-0.011439,0.051499,0.179575,-0.578787,-0.351153,0.264067,-0.314968,0.055226,0.061805,-0.111337
-0.023469,-0.185083,0.766766,0.039935,0.068553,-0.888617,0.451737,-0.565615,0.464126,0.280716,0.612872,-0.103600,-0.097092,-0.308802,-0.348963,-0.421032,0.656728,-0.260496,0.261800,0.343522,0.102628,0.031555,-0.292108,0.521235,-0.118321,-0.460449,-0.018133,0.060373,0.202865,-0.616268,-0.393334,0.265871,-0.327029,0.058552,0.067505,-0.120953
-0.025541,-0.188602,0.768327,0.036776,0.075820,-0.876568,0.473843,-0.579982,0.474691,0.316786,0.623462,-0.106269,-0.059972,-0.264043,-0.347263,-0.476651,0.633185,-0.254482,0.261800,0.364785,0.110594,0.013538,-0.298817,0.549694,-0.096822,-0.485116,-0.025760,0.069237,0.232075,-0.671069,-0.446806,0.274547,-0.347757,0.063631,0.074559,-0.133936
-0.028108,-0.193587,0.769719,0.031977,0.079078,-0.864959,0.494541,-0.581051,0.461708,0.301833,0.620959,-0.109264,-0.053657,-0.220424,-0.339341,-0.509510,0.617145,-0.235955,0.261800,0.385292,0.106184,0.002659,-0.319654,0.574912,-0.083717,-0.487943,-0.041047,0.078590,0.272448,-0.724094,-0.508304,0.300027,-0.277812,0.068759,0.092303,-0.148868
-0.030403,-0.199030,0.771059,0.025757,0.081396,-0.852449,0.515792,-0.581011,0.447532,0.284971,0.621074,-0.114257,-0.047133,-0.173475,-0.333554,-0.543041,0.604193,-0.220633,0.261800,0.404622,0.104771,-0.006368,-0.342254,0.597448,-0.071590,-0.489547,-0.057286,0.085123,0.313117,-0.782025,-0.571671,0.328787,-0.197729,0.075150,0.102194,-0.163398
-0.032256,-0.204921,0.772502,0.019113,0.083045,-0.839209,0.537090,-0.580197,0.431809,0.268106,0.621458,-0.120029,-0.039965,-0.125135,-0.329625,-0.576421,0.592146,-0.206730,0.261800,0.423028,0.104515,-0.014473,-0.361725,0.612838,-0.057172,-0.487434,-0.073789,0.090272,0.351511,-0.834875,-0.632591,0.356426,-0.112318,0.081172,0.109132,-0.176584
-0.029738,-0.224479,0.773990,0.012179,0.071396,-0.818449,0.569996,-0.547795,0.362743,0.238785,0.624597,-0.144423,-0.023995,-0.096809,-0.338544,-0.490767,0.640043,-0.142231,0.261800,0.405027,0.105158,-0.010919,-0.361213,0.628125,-0.076245,-0.468212,-0.085275,0.091608,0.370474,-0.871737,-0.671966,0.395672,-0.090182,0.089933,0.102123,-0.173220
-0.024710,-0.238918,0.778114,0.008394,0.061750,-0.798298,0.599030,-0.507642,0.294255,0.218394,0.583477,-0.136511,-0.004398,-0.085774,-0.339665,-0.400036,0.682192,-0.062775,0.261800,0.389739,0.100438,-0.010021,-0.361975,0.637663,-0.089502,-0.430982,-0.098850,0.090902,0.382397,-0.896945,-0.694401,0.426953,-0.066350,0.091905,0.101598,-0.166921
-0.023041,-0.251621,0.781054,0.002634,0.054664,-0.777498,0.626500,-0.478322,0.242628,0.184403,0.559596,-0.133737,0.007391,-0.086049,-0.329155,-0.310902,0.753958,0.000432,0.261800,0.378409,0.097710,-0.005449,-0.355810,0.641304,-0.100649,-0.394432,-0.108302,0.089415,0.392253,-0.907487,-0.715162,0.444811,-0.047660,0.094178,0.102507,-0.159648
-0.015219,-0.266569,0.781463,0.001088,0.040606,-0.757937,0.651062,-0.443412,0.171029,0.158369,0.550810,-0.142997,0.028753,-0.107073,-0.363018,-0.277119,0.821763,-0.018069,0.210036,0.357436,0.094687,0.004612,-0.352122,0.654522,-0.143981,-0.373205,-0.111093,0.090771,0.378559,-0.917092,-0.711979,0.475622,-0.131620,0.101753,0.098062,-0.138568
-0.014998,-0.278255,0.782328,-0.004861,0.034071,-0.740618,0.671044,-0.423834,0.136237,0.117605,0.560014,-0.155567,0.033955,-0.135528,-0.364909,-0.255595,0.894550,-0.045814,0.133044,0.349246,0.095644,0.020907,-0.353319,0.674118,-0.183983,-0.356960,-0.111108,0.093119,0.363393,-0.929393,-0.703975,0.492780,-0.212435,0.109011,0.091597,-0.119694
-0.013570,-0.288257,0.783535,-0.010410,0.028326,-0.722682,0.690522,-0.402710,0.101562,0.076730,0.556874,-0.157855,0.040585,-0.165803,-0.365268,-0.235571,0.961683,-0.069878,0.054841,0.339988,0.097995,0.032209,-0.356739,0.688511,-0.225248,-0.329435,-0.112674,0.095292,0.345372,-0.933650,-0.690305,0.509523,-0.293325,0.114802,0.089733,-0.098872
-0.013128,-0.295481,0.784658,-0.013366,0.025034,-0.701996,0.711615,-0.385800,0.070082,0.038644,0.539688,-0.144911,0.044388,-0.218990,-0.358723,-0.214965,0.944134,-0.080731,0.060689,0.331333,0.100309,0.038814,-0.341384,0.695731,-0.235583,-0.329123,-0.107090,0.090307,0.343702,-0.937374,-0.676277,0.526584,-0.332483,0.116870,0.093297,-0.079670
-0.013404,-0.304619,0.784591,-0.015991,0.021219,-0.680900,0.731894,-0.376529,0.039988,-0.000553,0.546253,-0.147284,0.046725,-0.272879,-0.352939,-0.192064,0.936688,-0.100951,0.067440,0.323956,0.100762,0.051242,-0.320219,0.704801,-0.241191,-0.341130,-0.098956,0.087646,0.343471,-0.946518,-0.666026,0.541985,-0.369483,0.121716,0.092705,-0.061769
-0.013432,-0.313620,0.784569,-0.018731,0.017882,-0.659400,0.751346,-0.368486,0.011334,-0.040305,0.555412,-0.150799,0.048743,-0.327990,-0.345547,-0.168952,0.930588,-0.121522,0.073928,0.316585,0.102558,0.063238,-0.297537,0.713157,-0.245292,-0.354372,-0.090573,0.086115,0.342994,-0.956111,-0.655506,0.557961,-0.405493,0.127199,0.091602,-0.043987
-0.014760,-0.323541,0.783173,-0.016822,0.013832,-0.639909,0.768142,-0.363355,-0.018899,-0.073438,0.567336,-0.159858,0.048259,-0.366569,-0.337953,-0.144605,0.874106,-0.115553,0.085656,0.328135,0.094762,0.066086,-0.277571,0.730745,-0.224876,-0.365104,-0.085863,0.085518,0.347397,-0.986686,-0.664632,0.555805,-0.352401,0.119801,0.093930,-0.054684
-0.015741,-0.333322,0.782037,-0.015706,0.010158,-0.620413,0.784052,-0.356518,-0.046844,-0.106728,0.578711,-0.168675,0.047490,-0.403574,-0.328350,-0.119349,0.816445,-0.109054,0.095970,0.340369,0.090119,0.069480,-0.257087,0.746489,-0.203383,-0.374851,-0.081444,0.084803,0.351523,-1.020286,-0.672281,0.556157,-0.292573,0.112556,0.091198,-0.066030
-0.016528,-0.343110,0.781032,-0.014844,0.006768,-0.600681,0.799323,-0.348829,-0.073880,-0.140233,0.589940,-0.177473,0.046757,-0.439940,-0.318310,-0.093164,0.758974,-0.102875,0.105271,0.352861,0.087178,0.072829,-0.235354,0.759949,-0.181005,-0.383666,-0.076769,0.083953,0.354895,-1.052850,-0.679062,0.556999,-0.231695,0.105038,0.087488,-0.077827
-0.016292,-0.352072,0.779648,-0.013738,0.004552,-0.585553,0.810505,-0.345225,-0.091213,-0.158335,0.605934,-0.188962,0.047565,-0.456517,-0.300465,-0.061528,0.717522,-0.089786,0.133713,0.369710,0.076220,0.072161,-0.216565,0.763461,-0.143004,-0.407631,-0.081136,0.080348,0.376283,-1.092466,-0.686591,0.565117,-0.171137,0.102096,0.084474,-0.084320
-0.015919,-0.360918,0.778423,-0.013037,0.002466,-0.570511,0.821183,-0.340592,-0.107577,-0.176164,0.621439,-0.200444,0.048433,-0.471456,-0.282635,-0.028747,0.675320,-0.077962,0.160927,0.386726,0.066999,0.071642,-0.194483,0.761713,-0.103817,-0.429890,-0.084789,0.076712,0.395449,-1.126728,-0.690489,0.571759,-0.109973,0.098138,0.081143,-0.090830
-0.016021,-0.372639,0.776796,-0.012996,-0.000424,-0.555104,0.831679,-0.335530,-0.123212,-0.195254,0.651231,-0.224829,0.048233,-0.489579,-0.265040,0.005183,0.656127,-0.084941,0.185265,0.408232,0.055010,0.076851,-0.173788,0.756534,-0.068178,-0.450052,-0.084419,0.071636,0.411592,-1.148919,-0.699757,0.565564,-0.058458,0.095565,0.079637,-0.096784
-0.014715,-0.381586,0.776179,-0.013256,0.000721,-0.534835,0.844852,-0.333847,-0.125439,-0.194245,0.659854,-0.236169,0.056151,-0.483797,-0.272721,0.001855,0.662653,-0.092015,0.198133,0.420633,0.051277,0.065495,-0.173358,0.741445,-0.041662,-0.457486,-0.088873,0.069560,0.417688,-1.156983,-0.678953,0.572434,-0.065905,0.105601,0.071495,-0.085842
-0.013292,-0.390579,0.775849,-0.013562,0.001562,-0.513633,0.857901,-0.330509,-0.128718,-0.194464,0.665843,-0.245869,0.064188,-0.476265,-0.281731,-0.002686,0.667948,-0.098849,0.210963,0.431684,0.047592,0.053732,-0.169996,0.716209,-0.017770,-0.453721,-0.093050,0.065611,0.417256,-1.145197,-0.651471,0.570559,-0.077985,0.113334,0.066916,-0.075251
-0.011977,-0.399623,0.775471,-0.013925,0.002228,-0.492058,0.870448,-0.326691,-0.132232,-0.194800,0.671343,-0.255258,0.072233,-0.468307,-0.290937,-0.007364,0.673149,-0.105763,0.223762,0.442900,0.043697,0.042115,-0.161570,0.680861,0.003804,-0.441331,-0.096679,0.060607,0.410900,-1.115260,-0.616134,0.559680,-0.089887,0.118730,0.062814,-0.065152
-0.012612,-0.408068,0.775984,-0.014255,0.003969,-0.471003,0.882007,-0.324941,-0.126660,-0.192391,0.670412,-0.259824,0.072933,-0.464724,-0.306897,-0.020809,0.695213,-0.112648,0.233646,0.443317,0.034969,0.028987,-0.177002,0.651626,0.005985,-0.435717,-0.089497,0.056917,0.387500,-1.072589,-0.573703,0.557173,-0.092470,0.121710,0.060584,-0.044755
-0.013477,-0.416543,0.776302,-0.014192,0.005758,-0.449403,0.893198,-0.324151,-0.122017,-0.190200,0.669581,-0.264056,0.073430,-0.462756,-0.324006,-0.034074,0.719276,-0.120284,0.243233,0.444757,0.024916,0.016543,-0.192415,0.616092,0.003251,-0.423449,-0.081463,0.054219,0.359640,-1.020553,-0.527126,0.549074,-0.092075,0.123428,0.057374,-0.024012
-0.014272,-0.425055,0.776567,-0.014034,0.007556,-0.427512,0.903869,-0.323731,-0.117738,-0.187852,0.668891,-0.268202,0.073966,-0.461227,-0.341671,-0.047104,0.743929,-0.128069,0.252711,0.446592,0.014365,0.004279,-0.206928,0.579263,-0.002112,-0.408979,-0.073862,0.051642,0.330554,-0.966512,-0.479697,0.540624,-0.091285,0.124944,0.054104,-0.003360
-0.021041,-0.434522,0.778383,-0.016927,0.013028,-0.409431,0.912091,-0.331221,-0.092525,-0.191767,0.664483,-0.266709,0.057480,-0.460425,-0.323057,-0.048076,0.763527,-0.119566,0.261799,0.448224,0.006925,0.001780,-0.230268,0.539175,0.016601,-0.394986,-0.052884,0.045070,0.320105,-0.897585,-0.439154,0.500227,-0.084866,0.121560,0.050038,-0.000796
-0.030336,-0.446379,0.780739,-0.022843,0.020069,-0.393186,0.918956,-0.339919,-0.053599,-0.198656,0.659770,-0.265893,0.034268,-0.460607,-0.290960,-0.056768,0.781398,-0.110171,0.261800,0.453849,0.000071,-0.001502,-0.259617,0.513403,0.034286,-0.389567,-0.031424,0.039062,0.315588,-0.844932,-0.406550,0.464404,-0.080805,0.118565,0.046607,0.001568
-0.039108,-0.459082,0.783028,-0.029806,0.027153,-0.377165,0.925268,-0.348782,-0.012426,-0.206010,0.655549,-0.265497,0.010708,-0.460733,-0.257004,-0.067253,0.798963,-0.101180,0.261800,0.460492,-0.005779,-0.006105,-0.296214,0.501870,0.050856,-0.395789,-0.010692,0.034442,0.319541,-0.815511,-0.386091,0.441325,-0.079352,0.118746,0.044484,0.004435
-0.042431,-0.467504,0.784388,-0.033767,0.033704,-0.360255,0.931633,-0.360597,0.007562,-0.217012,0.651438,-0.262848,-0.007879,-0.459359,-0.238015,-0.067488,0.795218,-0.095786,0.261800,0.452989,-0.006755,-0.004537,-0.332477,0.489409,0.042356,-0.399935,-0.004813,0.033338,0.315415,-0.800780,-0.378617,0.423517,-0.089144,0.119233,0.040908,0.002649
-0.045628,-0.476246,0.785994,-0.037494,0.039993,-0.342723,0.937836,-0.370964,0.026601,-0.228638,0.643948,-0.258425,-0.026315,-0.457298,-0.220426,-0.067972,0.790518,-0.090251,0.261800,0.445897,-0.009621,-0.004112,-0.378344,0.490455,0.032746,-0.413920,-0.000024,0.032695,0.318350,-0.805178,-0.383478,0.416806,-0.102925,0.121944,0.038681,0.000832
-0.048483,-0.485261,0.787516,-0.041335,0.046121,-0.324970,0.943694,-0.380719,0.045663,-0.240583,0.635342,-0.253715,-0.044678,-0.455145,-0.203126,-0.068348,0.785784,-0.084925,0.261800,0.439315,-0.013288,-0.004011,-0.430474,0.500985,0.023454,-0.435085,0.004293,0.032413,0.327213,-0.823555,-0.395994,0.417704,-0.118593,0.126767,0.037426,-0.000577
-0.050903,-0.492859,0.788593,-0.043149,0.052043,-0.310607,0.948131,-0.391520,0.063180,-0.238433,0.623198,-0.248293,-0.053562,-0.454736,-0.202587,-0.075997,0.751677,-0.076120,0.261800,0.430610,-0.023349,-0.001280,-0.468886,0.502426,0.013906,-0.445837,0.009038,0.033794,0.340104,-0.854299,-0.416128,0.435595,-0.117680,0.124714,0.042324,0.005202
-0.053228,-0.500322,0.789949,-0.045140,0.058241,-0.296405,0.952215,-0.401955,0.081553,-0.236097,0.607999,-0.240891,-0.062253,-0.454177,-0.201277,-0.083308,0.714827,-0.065431,0.261800,0.422510,-0.031472,0.000808,-0.500650,0.497852,0.008517,-0.453504,0.014295,0.034180,0.350463,-0.880519,-0.430533,0.453532,-0.111812,0.121470,0.046187,0.012227
-0.055450,-0.507889,0.791370,-0.047513,0.064458,-0.282286,0.955982,-0.412258,0.100821,-0.234033,0.592090,-0.233050,-0.070958,-0.453444,-0.199113,-0.090462,0.677248,-0.054252,0.261800,0.414513,-0.038390,0.002787,-0.522915,0.483622,0.006172,-0.453637,0.019607,0.033709,0.354681,-0.892036,-0.435660,0.465296,-0.101128,0.116328,0.048551,0.020093
-0.056500,-0.512473,0.791837,-0.049017,0.068675,-0.270198,0.959101,-0.425559,0.114211,-0.219678,0.587552,-0.225917,-0.072160,-0.449848,-0.204516,-0.090562,0.633313,-0.030732,0.261800,0.401741,-0.037819,0.009829,-0.512592,0.465582,-0.001057,-0.441788,0.023617,0.034265,0.344466,-0.876711,-0.427949,0.450861,-0.108817,0.112914,0.043667,0.011035
-0.057321,-0.517168,0.792347,-0.050856,0.072744,-0.258347,0.961966,-0.438135,0.128500,-0.205116,0.583175,-0.219281,-0.073729,-0.444997,-0.208849,-0.090843,0.587802,-0.006674,0.261800,0.387407,-0.038098,0.015467,-0.490562,0.440150,-0.006528,-0.424477,0.027739,0.034162,0.327561,-0.840525,-0.411141,0.426116,-0.118994,0.107387,0.039404,0.000005
-0.058106,-0.521898,0.792875,-0.052897,0.076836,-0.246532,0.964635,-0.450564,0.143331,-0.190821,0.578712,-0.212794,-0.075370,-0.439799,-0.212530,-0.091499,0.541724,0.017488,0.261800,0.372527,-0.038505,0.020228,-0.464377,0.410027,-0.011526,-0.404705,0.032306,0.033962,0.307705,-0.795104,-0.389773,0.396822,-0.129835,0.100242,0.035803,-0.011068
-0.060506,-0.528666,0.792545,-0.055664,0.079632,-0.239159,0.966107,-0.461490,0.158653,-0.193856,0.580935,-0.211633,-0.085386,-0.433919,-0.207689,-0.095056,0.499076,0.030630,0.261800,0.364432,-0.037459,0.025821,-0.435791,0.385454,-0.012323,-0.387031,0.031613,0.032745,0.289297,-0.747645,-0.376813,0.363232,-0.139736,0.093188,0.034372,-0.019281
-0.062695,-0.535676,0.792072,-0.059237,0.082153,-0.232048,0.967417,-0.472536,0.175587,-0.197660,0.585664,-0.212296,-0.095262,-0.427463,-0.200583,-0.098506,0.457407,0.042858,0.261800,0.357309,-0.035233,0.030964,-0.416460,0.368224,-0.013736,-0.377785,0.030339,0.031584,0.276925,-0.713337,-0.371786,0.334985,-0.153705,0.087587,0.033597,-0.026826
-0.064854,-0.542783,0.791566,-0.063172,0.084597,-0.225055,0.968609,-0.483653,0.193324,-0.201939,0.590832,-0.213329,-0.105376,-0.420864,-0.192076,-0.101704,0.415816,0.054894,0.261800,0.350621,-0.032508,0.035792,-0.411646,0.362773,-0.016048,-0.381301,0.030073,0.031340,0.273802,-0.701500,-0.379107,0.316754,-0.173673,0.084398,0.034008,-0.035076
-0.068017,-0.551078,0.790515,-0.067673,0.086090,-0.221516,0.968989,-0.494224,0.216620,-0.205912,0.599419,-0.216077,-0.118988,-0.416271,-0.178695,-0.108993,0.403964,0.050152,0.261800,0.345004,-0.027475,0.036202,-0.432559,0.383238,-0.018791,-0.401876,0.033115,0.033400,0.283306,-0.718908,-0.403845,0.317657,-0.192243,0.084985,0.036456,-0.043994
-0.071234,-0.559646,0.789125,-0.071954,0.087389,-0.217910,0.969382,-0.505878,0.239378,-0.210488,0.610117,-0.219856,-0.132929,-0.415345,-0.165993,-0.115298,0.399941,0.041207,0.261800,0.339147,-0.022830,0.037487,-0.472109,0.418943,-0.023019,-0.436249,0.036923,0.036879,0.304458,-0.765602,-0.443178,0.331216,-0.216054,0.089052,0.039389,-0.054848
-0.074473,-0.568349,0.787609,-0.076020,0.088710,-0.214226,0.969772,-0.518198,0.261631,-0.215480,0.620846,-0.223391,-0.146945,-0.416247,-0.153755,-0.121153,0.398939,0.030734,0.261800,0.333060,-0.018631,0.039064,-0.526579,0.467170,-0.028193,-0.482998,0.041659,0.041288,0.334873,-0.835587,-0.495518,0.354469,-0.245437,0.095798,0.042977,-0.067507
-0.078052,-0.576971,0.785453,-0.079060,0.088225,-0.217385,0.968870,-0.525514,0.287019,-0.215649,0.636597,-0.228866,-0.162423,-0.418992,-0.139648,-0.120850,0.410857,0.015487,0.261800,0.330345,-0.015599,0.038314,-0.588591,0.527434,-0.033593,-0.535964,0.045336,0.045973,0.370252,-0.919548,-0.560886,0.388806,-0.261995,0.105536,0.049926,-0.074233
-0.081646,-0.585694,0.783036,-0.081883,0.087522,-0.220985,0.967885,-0.532682,0.312520,-0.215200,0.653128,-0.234661,-0.177839,-0.423323,-0.125630,-0.119520,0.426376,-0.001631,0.261800,0.328736,-0.012594,0.037604,-0.654233,0.590617,-0.039348,-0.592137,0.048803,0.050508,0.407965,-1.010397,-0.629280,0.425717,-0.277832,0.116134,0.055555,-0.080606
-0.085172,-0.594450,0.780540,-0.084501,0.086789,-0.224574,0.966899,-0.540041,0.337626,-0.214843,0.669535,-0.240087,-0.193129,-0.428334,-0.112086,-0.118104,0.443444,-0.019600,0.261800,0.327077,-0.009692,0.036996,-0.717852,0.651787,-0.045012,-0.646463,0.052087,0.054737,0.444218,-1.097691,-0.695981,0.460586,-0.292155,0.126274,0.060155,-0.087012
-0.086120,-0.598729,0.777842,-0.082632,0.084889,-0.231616,0.965567,-0.537856,0.349594,-0.201586,0.684798,-0.252120,-0.201099,-0.434687,-0.108548,-0.108353,0.456842,-0.031412,0.261800,0.323129,-0.007071,0.034787,-0.770290,0.703721,-0.048506,-0.696460,0.057132,0.058088,0.477041,-1.173961,-0.752050,0.487137,-0.314842,0.133078,0.062072,-0.100892
-0.086980,-0.603057,0.775378,-0.079940,0.082664,-0.238614,0.964282,-0.533649,0.360401,-0.186115,0.697360,-0.262554,-0.207419,-0.440706,-0.106530,-0.097686,0.469800,-0.042983,0.261800,0.318214,-0.006233,0.033131,-0.810867,0.747318,-0.050447,-0.739140,0.062169,0.060864,0.503191,-1.232770,-0.798710,0.506318,-0.335678,0.137320,0.064160,-0.115624
-0.087826,-0.607503,0.773011,-0.077017,0.080272,-0.245486,0.962996,-0.528616,0.370831,-0.170142,0.708869,-0.272354,-0.213580,-0.446453,-0.105026,-0.086909,0.482682,-0.054619,0.261800,0.312644,-0.006003,0.031713,-0.839854,0.781700,-0.051405,-0.772929,0.066597,0.063037,0.522244,-1.273488,-0.835271,0.517357,-0.352895,0.139232,0.065904,-0.129769
-0.086935,-0.611548,0.771887,-0.073340,0.078386,-0.252103,0.961728,-0.515236,0.377521,-0.152409,0.709240,-0.278804,-0.217752,-0.446182,-0.102339,-0.076883,0.485870,-0.064348,0.261800,0.301727,-0.008643,0.026025,-0.848160,0.801768,-0.057586,-0.791529,0.066697,0.065775,0.532112,-1.299208,-0.863252,0.534729,-0.361763,0.142061,0.067982,-0.132504
-0.085995,-0.615618,0.771126,-0.069531,0.076136,-0.258460,0.960504,-0.499542,0.384337,-0.132010,0.706521,-0.283764,-0.221405,-0.443449,-0.100261,-0.067184,0.485569,-0.072514,0.261800,0.289789,-0.010204,0.019824,-0.845399,0.813531,-0.061445,-0.803330,0.066281,0.067576,0.536513,-1.313470,-0.882533,0.549398,-0.365818,0.143624,0.069104,-0.133528
-0.084895,-0.619694,0.770600,-0.065770,0.073616,-0.264779,0.959243,-0.482668,0.390945,-0.111287,0.702831,-0.288356,-0.224998,-0.439614,-0.098318,-0.057538,0.483873,-0.080018,0.261800,0.277299,-0.010938,0.013915,-0.835295,0.819795,-0.063485,-0.810501,0.065546,0.068846,0.537002,-1.319601,-0.895839,0.561446,-0.366436,0.144067,0.069402,-0.133902
-0.082566,-0.621164,0.770985,-0.062787,0.071970,-0.268905,0.958420,-0.467042,0.396297,-0.082459,0.695821,-0.288838,-0.223872,-0.431804,-0.100642,-0.050523,0.474694,-0.079407,0.261800,0.246667,-0.008282,0.010207,-0.824999,0.801500,-0.080379,-0.818463,0.058848,0.068752,0.529771,-1.311651,-0.900201,0.573681,-0.373401,0.143985,0.067846,-0.134016
-0.080027,-0.622732,0.771748,-0.059635,0.070195,-0.272590,0.957711,-0.449925,0.400178,-0.054395,0.686488,-0.288368,-0.221848,-0.422436,-0.103951,-0.044464,0.463057,-0.077696,0.261800,0.216095,-0.005869,0.006031,-0.812288,0.779031,-0.098055,-0.825998,0.053270,0.070214,0.519650,-1.297549,-0.903815,0.583733,-0.382123,0.142726,0.066927,-0.134186
-0.077470,-0.624397,0.772553,-0.056378,0.068309,-0.276166,0.957020,-0.431919,0.403401,-0.026286,0.676290,-0.287860,-0.219903,-0.412662,-0.107756,-0.038676,0.450768,-0.075745,0.261800,0.185710,-0.003720,0.001812,-0.798661,0.754807,-0.116172,-0.833049,0.048132,0.072282,0.508445,-1.280516,-0.907125,0.592267,-0.391227,0.141031,0.066253,-0.134223
-0.074701,-0.624842,0.773506,-0.054406,0.066916,-0.280727,0.955905,-0.412874,0.408124,0.003427,0.664151,-0.288123,-0.217330,-0.402959,-0.109781,-0.032731,0.436242,-0.070104,0.261800,0.132748,0.000510,0.003867,-0.783677,0.705673,-0.176403,-0.810821,0.029107,0.077029,0.490154,-1.242229,-0.918724,0.586190,-0.358258,0.138480,0.067741,-0.144372
-0.071780,-0.625618,0.774586,-0.052172,0.065259,-0.284978,0.954886,-0.392295,0.411640,0.032954,0.650724,-0.288382,-0.215016,-0.392732,-0.112783,-0.027178,0.422006,-0.065099,0.261800,0.083359,0.001340,0.004320,-0.774186,0.653569,-0.245326,-0.783244,0.011212,0.081229,0.471403,-1.197966,-0.932955,0.574963,-0.321347,0.135651,0.064480,-0.154169
-0.068797,-0.626578,0.775738,-0.049634,0.063538,-0.289170,0.953876,-0.371053,0.414126,0.062594,0.636604,-0.288686,-0.212932,-0.383028,-0.116544,-0.021565,0.408343,-0.060455,0.261800,0.035668,0.000254,0.004466,-0.766579,0.600039,-0.317215,-0.753283,-0.005705,0.085000,0.452589,-1.150883,-0.949191,0.560370,-0.284165,0.132700,0.059674,-0.163496
-0.065547,-0.628530,0.776608,-0.048851,0.063866,-0.284936,0.955168,-0.361870,0.415903,0.080990,0.623332,-0.288581,-0.210018,-0.370401,-0.121566,-0.023614,0.398923,-0.063913,0.261800,-0.003223,-0.003858,0.004545,-0.778798,0.543345,-0.433780,-0.678126,-0.032666,0.097095,0.395745,-1.110565,-0.974469,0.544443,-0.041620,0.142829,0.071570,-0.172189
-0.063099,-0.629729,0.777354,-0.048273,0.064760,-0.281170,0.956253,-0.356438,0.418802,0.099005,0.612553,-0.288169,-0.207506,-0.359564,-0.125472,-0.025373,0.386652,-0.063802,0.261800,-0.042928,-0.007183,0.006137,-0.793814,0.483879,-0.548437,-0.596665,-0.057656,0.106268,0.337478,-1.088245,-0.997190,0.540271,0.220700,0.153445,0.072572,-0.175257
-0.061004,-0.630673,0.777980,-0.047794,0.065588,-0.277408,0.957318,-0.351531,0.421775,0.116448,0.602766,-0.288194,-0.204987,-0.348980,-0.129279,-0.027404,0.374437,-0.063303,0.261800,-0.083500,-0.008891,0.008358,-0.804763,0.420084,-0.659879,-0.515600,-0.079168,0.115859,0.277659,-1.072799,-1.021064,0.545710,0.486666,0.162264,0.072019,-0.175966
-0.061396,-0.632996,0.778328,-0.046776,0.066498,-0.276011,0.957710,-0.350616,0.423073,0.119219,0.595057,-0.280498,-0.207629,-0.349020,-0.129280,-0.028064,0.373891,-0.065273,0.261800,-0.108404,-0.013384,0.013098,-0.827962,0.371426,-0.724644,-0.475650,-0.086373,0.116575,0.237211,-1.089602,-1.025956,0.576863,0.547505,0.150412,0.066138,-0.169214
-0.061746,-0.635294,0.778480,-0.045866,0.067382,-0.274277,0.958190,-0.350667,0.424366,0.120964,0.589203,-0.275256,-0.210309,-0.351179,-0.129561,-0.028969,0.378869,-0.070368,0.261800,-0.134771,-0.015724,0.018915,-0.849413,0.320511,-0.784647,-0.436689,-0.092252,0.118097,0.194733,-1.107392,-1.032313,0.609741,0.600336,0.137623,0.067746,-0.164404
-0.062103,-0.637567,0.778642,-0.044942,0.068305,-0.272501,0.958675,-0.351120,0.425608,0.122437,0.583938,-0.270367,-0.212991,-0.353829,-0.129929,-0.029865,0.384919,-0.076069,0.261800,-0.161503,-0.017838,0.024457,-0.869026,0.268447,-0.843221,-0.398631,-0.096969,0.120369,0.152028,-1.125190,-1.038051,0.643301,0.651221,0.124487,0.071059,-0.160860
-0.063415,-0.639784,0.778566,-0.043240,0.069764,-0.268147,0.959875,-0.359776,0.422123,0.113948,0.582072,-0.261059,-0.214657,-0.360827,-0.132925,-0.032652,0.397063,-0.084548,0.261800,-0.166624,-0.017134,0.032849,-0.882895,0.228337,-0.854256,-0.319029,-0.098680,0.122479,0.133643,-1.141897,-1.040590,0.652219,0.623291,0.124250,0.065316,-0.160977
-0.064628,-0.642065,0.778366,-0.041526,0.071638,-0.263660,0.961055,-0.369409,0.418837,0.105616,0.580350,-0.252354,-0.216961,-0.368745,-0.135970,-0.035692,0.409718,-0.093293,0.261800,-0.171502,-0.016959,0.040965,-0.897870,0.186744,-0.865111,-0.236173,-0.099624,0.121966,0.114924,-1.152295,-1.045932,0.655648,0.586452,0.123547,0.064394,-0.161906
-0.065902,-0.644428,0.778277,-0.039761,0.073624,-0.259151,0.962205,-0.379181,0.415420,0.097322,0.578712,-0.243739,-0.219266,-0.376794,-0.139149,-0.038653,0.422465,-0.102151,0.261800,-0.175858,-0.017411,0.048793,-0.912317,0.144023,-0.876245,-0.152782,-0.099103,0.121030,0.095999,-1.160128,-1.052128,0.656704,0.547585,0.122408,0.064495,-0.162876
-0.067847,-0.644650,0.777727,-0.038538,0.074969,-0.256084,0.962972,-0.390933,0.412895,0.092786,0.582137,-0.238987,-0.218995,-0.386000,-0.140824,-0.036804,0.432976,-0.107606,0.261800,-0.172443,-0.010515,0.053546,-0.915343,0.136338,-0.874765,-0.162252,-0.097135,0.109602,0.097504,-1.157934,-1.065632,0.646772,0.509083,0.126065,0.063046,-0.169131
-0.069738,-0.644958,0.777264,-0.037380,0.076598,-0.253171,0.963660,-0.403054,0.410788,0.088475,0.585982,-0.234697,-0.218817,-0.395291,-0.142035,-0.034672,0.442797,-0.112644,0.261800,-0.169879,-0.004169,0.057328,-0.914435,0.134610,-0.874638,-0.182072,-0.096318,0.103789,0.101152,-1.153168,-1.077845,0.634773,0.469179,0.129279,0.061498,-0.175604
-0.071595,-0.645384,0.776720,-0.036183,0.078312,-0.250234,0.964334,-0.415263,0.408555,0.084212,0.589818,-0.230436,-0.218626,-0.404677,-0.143299,-0.032560,0.452547,-0.117688,0.261800,-0.167653,0.001749,0.060730,-0.912775,0.133987,-0.874842,-0.203641,-0.095692,0.099226,0.105134,-1.147133,-1.089405,0.621748,0.428862,0.132042,0.059992,-0.182119
-0.073065,-0.644192,0.775930,-0.034156,0.077135,-0.250459,0.964445,-0.417769,0.401392,0.080562,0.593933,-0.233166,-0.217385,-0.414180,-0.149530,-0.030786,0.467325,-0.121848,0.261800,-0.158658,0.004498,0.066286,-0.903918,0.144599,-0.873696,-0.223145,-0.093644,0.096878,0.106986,-1.128891,-1.102927,0.603587,0.396616,0.132686,0.060710,-0.190350
-0.076525,-0.642007,0.775844,-0.030647,0.076743,-0.249969,0.964721,-0.417148,0.389349,0.079881,0.578819,-0.220763,-0.214649,-0.420436,-0.158284,-0.030119,0.462657,-0.111577,0.261800,-0.150696,0.002306,0.064204,-0.893648,0.145307,-0.876489,-0.228334,-0.090156,0.093743,0.109231,-1.105072,-1.107894,0.584691,0.367612,0.131624,0.063026,-0.198868
-0.076094,-0.642065,0.774455,-0.029324,0.073985,-0.250605,0.964813,-0.419175,0.384692,0.074478,0.598351,-0.236092,-0.214797,-0.431083,-0.164007,-0.026545,0.495504,-0.129985,0.261800,-0.140535,0.005525,0.077030,-0.884641,0.166126,-0.874289,-0.261491,-0.089109,0.091689,0.110809,-1.083100,-1.127670,0.559108,0.330964,0.131709,0.061780,-0.207205
-0.077524,-0.639828,0.773889,-0.027514,0.073309,-0.251891,0.964583,-0.419562,0.374586,0.066020,0.595470,-0.230625,-0.214031,-0.434901,-0.169174,-0.025413,0.492095,-0.122023,0.261800,-0.130463,0.003583,0.071298,-0.871793,0.177146,-0.855354,-0.266197,-0.086696,0.089192,0.125447,-1.058695,-1.128426,0.550385,0.309134,0.125303,0.065735,-0.205567
-0.075120,-0.639964,0.771950,-0.027593,0.070458,-0.254183,0.964192,-0.422530,0.370929,0.053037,0.625744,-0.251681,-0.215911,-0.443180,-0.171759,-0.021542,0.525091,-0.141964,0.261800,-0.119412,0.007854,0.080089,-0.860138,0.207091,-0.828759,-0.296993,-0.086859,0.086450,0.138702,-1.041336,-1.143319,0.539462,0.282512,0.120994,0.065793,-0.203730
-0.074565,-0.638885,0.770534,-0.026990,0.068619,-0.256045,0.963849,-0.425354,0.364715,0.041458,0.642501,-0.261086,-0.216729,-0.450070,-0.175147,-0.019039,0.542264,-0.149207,0.261800,-0.109934,0.010356,0.082448,-0.847208,0.228549,-0.803885,-0.316575,-0.086017,0.084673,0.152688,-1.024332,-1.150480,0.532710,0.259441,0.116020,0.067599,-0.201503
-0.074088,-0.636375,0.769837,-0.027175,0.065420,-0.258350,0.963451,-0.426709,0.368551,0.007311,0.645451,-0.257233,-0.234324,-0.446243,-0.177493,-0.015343,0.541476,-0.147175,0.261800,-0.095316,0.011260,0.084161,-0.824264,0.249230,-0.792737,-0.329919,-0.085084,0.081030,0.159032,-1.007577,-1.151933,0.520713,0.253124,0.116949,0.069076,-0.205556
-0.073035,-0.634087,0.768742,-0.028137,0.061555,-0.260754,0.963030,-0.428365,0.374175,-0.028508,0.655485,-0.258130,-0.253374,-0.442474,-0.178962,-0.011734,0.546919,-0.149482,0.261800,-0.080159,0.012502,0.088125,-0.799016,0.274300,-0.781570,-0.350044,-0.085163,0.078309,0.165807,-0.986240,-1.154782,0.503813,0.244072,0.117974,0.069981,-0.209872
-0.072454,-0.629417,0.767882,-0.025348,0.057411,-0.261340,0.963204,-0.435155,0.365206,-0.060650,0.668512,-0.257653,-0.261799,-0.445041,-0.191114,-0.005638,0.556821,-0.151428,0.261800,-0.067788,0.007409,0.095759,-0.774912,0.304048,-0.769161,-0.380994,-0.086766,0.079528,0.173595,-0.957677,-1.162643,0.475843,0.227253,0.118094,0.071591,-0.214111
-0.071367,-0.622083,0.767235,-0.022569,0.053891,-0.265133,0.962440,-0.437525,0.355042,-0.079457,0.677971,-0.260122,-0.261800,-0.447059,-0.201728,0.005068,0.553007,-0.142770,0.261800,-0.059425,-0.003004,0.096499,-0.765000,0.334460,-0.758379,-0.404297,-0.086671,0.080299,0.177372,-0.925368,-1.159227,0.458941,0.209554,0.115643,0.074119,-0.207648
-0.069546,-0.614939,0.766830,-0.019890,0.050115,-0.269179,0.961580,-0.437581,0.345359,-0.096845,0.687072,-0.263547,-0.261800,-0.446400,-0.212184,0.015513,0.546740,-0.134082,0.261800,-0.051074,-0.013258,0.097001,-0.753986,0.364272,-0.746718,-0.426643,-0.086471,0.080341,0.181071,-0.894003,-1.154731,0.443727,0.192431,0.112975,0.076539,-0.200820
-0.067053,-0.608135,0.766568,-0.017387,0.045898,-0.273380,0.960653,-0.435322,0.336201,-0.113091,0.696678,-0.268434,-0.261800,-0.443267,-0.222550,0.025788,0.539644,-0.126228,0.261800,-0.042549,-0.023158,0.097573,-0.741496,0.393424,-0.734356,-0.448976,-0.086129,0.080219,0.184800,-0.862944,-1.149916,0.429903,0.175475,0.110456,0.078821,-0.193873
-0.063485,-0.602957,0.764338,-0.024399,0.044091,-0.277343,0.959448,-0.437502,0.349209,-0.119302,0.719966,-0.287530,-0.261800,-0.434841,-0.213408,0.026714,0.534930,-0.122567,0.261800,-0.044312,-0.019192,0.097000,-0.735787,0.427623,-0.724314,-0.467086,-0.086618,0.082984,0.187007,-0.809398,-1.145787,0.397823,0.118901,0.105528,0.081783,-0.187049
-0.059829,-0.597639,0.762310,-0.031567,0.042848,-0.281377,0.958120,-0.439859,0.362781,-0.125672,0.741076,-0.305240,-0.261800,-0.425431,-0.203685,0.027191,0.526039,-0.116398,0.261800,-0.044307,-0.014668,0.095552,-0.732065,0.458973,-0.715735,-0.481256,-0.086473,0.084065,0.189034,-0.752854,-1.141236,0.363437,0.061003,0.099841,0.085491,-0.180167
-0.056298,-0.592388,0.760356,-0.038730,0.041642,-0.285370,0.956729,-0.442060,0.376249,-0.132268,0.761938,-0.322917,-0.261800,-0.415884,-0.194057,0.027762,0.517213,-0.110328,0.261800,-0.043879,-0.010236,0.094089,-0.728493,0.489767,-0.707447,-0.494982,-0.086209,0.084896,0.191050,-0.695276,-1.135639,0.328493,0.002458,0.093875,0.089246,-0.172821
-0.052113,-0.586556,0.760291,-0.047247,0.044276,-0.292782,0.953984,-0.439166,0.391434,-0.126909,0.766645,-0.335628,-0.261800,-0.400816,-0.175149,0.031938,0.475698,-0.077471,0.261800,-0.065288,-0.000510,0.086701,-0.734849,0.491466,-0.700511,-0.502331,-0.085410,0.085906,0.196612,-0.638907,-1.114017,0.306616,-0.072985,0.085436,0.089323,-0.160296
-0.047696,-0.580759,0.760307,-0.056330,0.046964,-0.300110,0.951081,-0.435503,0.407761,-0.122067,0.773118,-0.350095,-0.261800,-0.384022,-0.155252,0.036228,0.433758,-0.044763,0.261800,-0.085815,0.011817,0.079729,-0.740185,0.491001,-0.693023,-0.510050,-0.084562,0.087229,0.201966,-0.577134,-1.093532,0.282243,-0.155494,0.075414,0.092344,-0.146460
-0.043216,-0.575034,0.760611,-0.065294,0.049804,-0.307223,0.948088,-0.431157,0.424021,-0.117091,0.779813,-0.365021,-0.261800,-0.366878,-0.135582,0.041103,0.392149,-0.012372,0.261800,-0.105815,0.024375,0.072829,-0.745389,0.489292,-0.686143,-0.517749,-0.083568,0.088659,0.207294,-0.513696,-1.072628,0.257692,-0.240106,0.064759,0.096016,-0.131541
-0.040072,-0.567720,0.761801,-0.073173,0.054630,-0.322395,0.942190,-0.428674,0.447048,-0.100637,0.781967,-0.368170,-0.261800,-0.354666,-0.114361,0.043794,0.324688,0.065841,0.261800,-0.120859,0.036255,0.069750,-0.742139,0.483308,-0.691294,-0.510645,-0.082650,0.091813,0.212049,-0.467166,-1.038854,0.258822,-0.275892,0.059260,0.107001,-0.104504
-0.037154,-0.559949,0.763369,-0.081550,0.060297,-0.338146,0.935613,-0.425911,0.472534,-0.083140,0.784030,-0.371075,-0.261800,-0.341374,-0.091715,0.046121,0.251831,0.147569,0.261800,-0.136795,0.051402,0.065659,-0.737205,0.476751,-0.694302,-0.502076,-0.081311,0.094160,0.217175,-0.432394,-1.004654,0.271649,-0.303743,0.054251,0.115301,-0.077185
-0.034315,-0.551919,0.765100,-0.090204,0.066417,-0.354042,0.928497,-0.422340,0.499374,-0.064997,0.786659,-0.374331,-0.261800,-0.327613,-0.068607,0.048027,0.177513,0.230346,0.261800,-0.154035,0.068944,0.061837,-0.730756,0.470020,-0.694982,-0.493338,-0.079857,0.096321,0.222365,-0.403475,-0.971012,0.290919,-0.328604,0.049462,0.122513,-0.050138
-0.028520,-0.530738,0.764329,-0.095915,0.069163,-0.387431,0.914283,-0.420181,0.525577,-0.009605,0.820051,-0.390302,-0.246608,-0.320798,-0.053450,0.015790,0.173251,0.213204,0.261800,-0.140978,0.058683,0.046788,-0.768870,0.464889,-0.724438,-0.469368,-0.081160,0.098811,0.224643,-0.409859,-0.902588,0.349966,-0.316334,0.034350,0.138067,-0.025422
-0.020395,-0.504171,0.766385,-0.084574,0.070359,-0.412298,0.904382,-0.421069,0.493650,0.065863,0.835479,-0.393024,-0.196718,-0.339282,-0.084016,-0.015961,0.198464,0.184768,0.261800,-0.148302,0.052598,0.044154,-0.825009,0.430156,-0.724526,-0.442475,-0.077856,0.099544,0.230669,-0.453102,-0.879055,0.416918,-0.292428,0.023947,0.146719,-0.000117
-0.010447,-0.478450,0.768777,-0.072382,0.070616,-0.435031,0.894719,-0.414793,0.457236,0.143336,0.837740,-0.392228,-0.145909,-0.360359,-0.119146,-0.049565,0.232031,0.152535,0.261800,-0.163203,0.048007,0.041610,-0.879569,0.394880,-0.717175,-0.414326,-0.073759,0.099772,0.235628,-0.502085,-0.856001,0.489949,-0.264848,0.015891,0.153647,0.023805
0.002266,-0.451786,0.771236,-0.057746,0.067893,-0.456966,0.885007,-0.401086,0.404637,0.218487,0.818354,-0.388114,-0.091727,-0.386089,-0.167926,-0.089467,0.339014,0.105908,0.261800,-0.177233,0.045961,0.045158,-0.945293,0.345204,-0.709828,-0.373633,-0.072899,0.098630,0.234191,-0.591924,-0.826216,0.592451,-0.200548,0.009072,0.158294,0.043710
0.017232,-0.427923,0.773989,-0.044806,0.063654,-0.477346,0.875261,-0.376873,0.350007,0.290605,0.784697,-0.381711,-0.040368,-0.408667,-0.217473,-0.125001,0.453993,0.053531,0.260467,-0.193850,0.044599,0.048362,-1.007584,0.297835,-0.701613,-0.334935,-0.071392,0.097500,0.233608,-0.668169,-0.789597,0.688273,-0.139658,-0.000155,0.161773,0.064181
0.019937,-0.410651,0.778605,-0.041546,0.064964,-0.502358,0.861214,-0.360882,0.343312,0.344358,0.746926,-0.361349,-0.015915,-0.436747,-0.219371,-0.177382,0.571554,-0.000012,0.221479,-0.196372,0.043391,0.052741,-1.067830,0.268953,-0.706749,-0.302205,-0.072877,0.096147,0.230798,-0.730974,-0.726334,0.766823,-0.077288,-0.012134,0.166565,0.082068
0.022902,-0.396852,0.781802,-0.038960,0.065640,-0.532655,0.842883,-0.350531,0.320246,0.331311,0.712605,-0.345257,-0.006547,-0.426484,-0.224853,-0.204758,0.660488,-0.039157,0.179026,-0.175863,0.043866,0.056452,-1.111275,0.243787,-0.713492,-0.276166,-0.074700,0.094503,0.227266,-0.795993,-0.662595,0.830490,0.030702,-0.026372,0.169737,0.093442
0.026339,-0.383606,0.785403,-0.037708,0.067252,-0.562638,0.823100,-0.338657,0.301252,0.317327,0.675871,-0.328451,0.001681,-0.411599,-0.227039,-0.231798,0.743001,-0.077242,0.134697,-0.152433,0.047492,0.058481,-1.152331,0.216340,-0.720923,-0.250417,-0.075317,0.092406,0.223790,-0.848965,-0.597436,0.886002,0.134173,-0.043252,0.174105,0.103978
0.029738,-0.370496,0.788614,-0.036545,0.068180,-0.591686,0.802448,-0.327066,0.282407,0.302492,0.642741,-0.313626,0.009870,-0.397604,-0.231865,-0.255269,0.832272,-0.120493,0.089567,-0.130637,0.051254,0.062809,-1.194470,0.190062,-0.725713,-0.225482,-0.076444,0.090997,0.220240,-0.900568,-0.527956,0.938827,0.242019,-0.060290,0.175885,0.113530
0.028930,-0.358142,0.789304,-0.033448,0.066720,-0.611372,0.787816,-0.330063,0.265570,0.277281,0.625383,-0.300408,0.011051,-0.361591,-0.239628,-0.266397,0.877565,-0.145692,0.058420,-0.087777,0.046365,0.067310,-1.227935,0.170092,-0.730483,-0.226073,-0.078851,0.088700,0.214199,-0.948841,-0.471172,0.985441,0.349650,-0.078264,0.174863,0.114630
0.028300,-0.346127,0.790231,-0.031412,0.065815,-0.630797,0.772513,-0.332073,0.251512,0.251112,0.607915,-0.287560,0.011354,-0.322966,-0.245167,-0.277645,0.919315,-0.170388,0.026484,-0.043147,0.044090,0.071573,-1.260577,0.149370,-0.735388,-0.228668,-0.080884,0.087744,0.208349,-0.991160,-0.414120,1.027782,0.455638,-0.097138,0.173837,0.114480
0.027590,-0.334474,0.791124,-0.029589,0.065063,-0.649679,0.756841,-0.333538,0.237897,0.224350,0.590340,-0.274937,0.011564,-0.283576,-0.251013,-0.288038,0.960506,-0.195953,-0.005775,0.001718,0.042345,0.075163,-1.293099,0.128287,-0.740096,-0.231653,-0.082816,0.087015,0.202523,-1.028975,-0.355952,1.066675,0.561094,-0.116841,0.172823,0.113229
0.027284,-0.323436,0.790465,-0.026086,0.065703,-0.662988,0.745285,-0.347796,0.237241,0.224927,0.588726,-0.266646,0.013401,-0.229552,-0.249548,-0.290254,0.952923,-0.197484,-0.019483,0.039782,0.035031,0.072943,-1.309758,0.091713,-0.749963,-0.236717,-0.084468,0.088881,0.190261,-1.058713,-0.301656,1.090423,0.660913,-0.128765,0.172619,0.107677
0.027185,-0.312732,0.789992,-0.023101,0.067196,-0.676188,0.733294,-0.362580,0.238866,0.224727,0.587149,-0.258599,0.015266,-0.174603,-0.245687,-0.293055,0.941796,-0.197384,-0.033524,0.079383,0.029486,0.068435,-1.325096,0.053503,-0.760248,-0.241707,-0.085239,0.090667,0.177833,-1.084321,-0.248308,1.111979,0.758823,-0.140727,0.173290,0.101405
0.027032,-0.302251,0.789433,-0.019961,0.068780,-0.689049,0.721167,-0.377864,0.240312,0.224139,0.585630,-0.250571,0.017164,-0.119970,-0.242234,-0.295580,0.930172,-0.197083,-0.047494,0.118959,0.023644,0.063019,-1.340345,0.014942,-0.770401,-0.246719,-0.085896,0.092423,0.165362,-1.107888,-0.194979,1.131939,0.856276,-0.152573,0.174243,0.094520
0.023566,-0.291185,0.787070,-0.013680,0.069405,-0.701679,0.708973,-0.402724,0.242227,0.215037,0.595166,-0.246115,0.006486,-0.066743,-0.267844,-0.304888,0.901527,-0.183736,-0.054630,0.155412,0.011843,0.056037,-1.347665,0.008415,-0.777265,-0.257355,-0.087073,0.092001,0.154082,-1.135178,-0.180122,1.133525,0.871725,-0.155317,0.169363,0.086891
0.020577,-0.279211,0.785191,-0.009097,0.071209,-0.714678,0.695760,-0.427563,0.248902,0.205091,0.602779,-0.239073,-0.001044,-0.012570,-0.288035,-0.315697,0.867256,-0.165695,-0.062857,0.196247,0.002543,0.050187,-1.357704,-0.002261,-0.786811,-0.267011,-0.088517,0.094794,0.141829,-1.163746,-0.163581,1.132033,0.888561,-0.157128,0.166719,0.078964
0.017729,-0.267261,0.783503,-0.005282,0.073558,-0.727692,0.681928,-0.452093,0.258152,0.194206,0.609850,-0.231712,-0.009228,0.042227,-0.305621,-0.327406,0.831300,-0.146668,-0.071550,0.238977,-0.005242,0.044511,-1.368916,-0.014345,-0.796752,-0.276215,-0.089714,0.098476,0.129568,-1.192701,-0.147602,1.129280,0.905702,-0.158925,0.164464,0.070825
0.013876,-0.252550,0.779735,-0.002727,0.074941,-0.739129,0.669377,-0.484178,0.283755,0.207081,0.633883,-0.225401,-0.014155,0.090975,-0.329962,-0.340996,0.773093,-0.110673,-0.070159,0.270692,-0.009983,0.041277,-1.373467,-0.019804,-0.797407,-0.288378,-0.090201,0.101039,0.123037,-1.222049,-0.141963,1.117390,0.923044,-0.161886,0.161757,0.063897
0.010745,-0.237907,0.775910,-0.000672,0.077455,-0.750821,0.655948,-0.517543,0.312381,0.218775,0.658344,-0.219768,-0.018639,0.138383,-0.351744,-0.353653,0.714009,-0.073496,-0.068530,0.302001,-0.011482,0.036083,-1.377226,-0.023496,-0.796451,-0.300946,-0.090497,0.103338,0.117912,-1.250763,-0.136760,1.106826,0.937765,-0.165773,0.159456,0.058073
0.007818,-0.223224,0.772182,0.000978,0.080695,-0.762500,0.641935,-0.551882,0.343521,0.228499,0.682900,-0.213816,-0.023238,0.184615,-0.371696,-0.366025,0.656149,-0.036920,-0.067157,0.333618,-0.011111,0.029682,-1.380148,-0.026826,-0.794463,-0.313799,-0.090741,0.105536,0.113023,-1.278667,-0.131798,1.096537,0.951378,-0.169825,0.157571,0.052570
0.003270,-0.207813,0.767959,0.000626,0.081373,-0.774250,0.627626,-0.579022,0.381884,0.239620,0.709105,-0.201605,-0.030747,0.207639,-0.375112,-0.355782,0.597025,-0.003959,-0.039829,0.357469,-0.010739,0.029878,-1.370214,-0.027032,-0.787713,-0.328206,-0.089367,0.108453,0.112768,-1.292567,-0.129468,1.081749,0.963443,-0.171438,0.156613,0.048433
-0.001167,-0.192344,0.763736,0.001277,0.081774,-0.786124,0.612634,-0.605641,0.419031,0.252593,0.732090,-0.187478,-0.037050,0.226794,-0.382149,-0.342695,0.541930,0.027171,-0.011965,0.380653,-0.011703,0.027767,-1.354964,-0.027534,-0.778270,-0.341841,-0.087130,0.110339,0.112860,-1.301081,-0.124983,1.066365,0.973593,-0.172836,0.155967,0.043854
-0.005469,-0.177023,0.759427,0.002636,0.082068,-0.797814,0.597286,-0.632258,0.455458,0.265952,0.753151,-0.172199,-0.042637,0.243982,-0.391414,-0.328445,0.489221,0.056686,0.016129,0.403600,-0.014065,0.024446,-1.332283,-0.029884,-0.765132,-0.355524,-0.084295,0.111268,0.112032,-1.302471,-0.118308,1.046609,0.982128,-0.173745,0.155038,0.038851
-0.009105,-0.161465,0.755550,0.003169,0.080651,-0.808283,0.583235,-0.648904,0.481143,0.262415,0.760795,-0.153657,-0.054099,0.248246,-0.396077,-0.308087,0.447167,0.053142,0.077005,0.414415,-0.016570,0.023046,-1.302802,-0.031907,-0.748963,-0.364825,-0.082512,0.110509,0.109111,-1.285871,-0.111726,1.020572,0.979745,-0.171918,0.150012,0.034827
-0.013070,-0.145736,0.751339,0.004230,0.078220,-0.818213,0.569554,-0.665368,0.504179,0.259462,0.767665,-0.134016,-0.065595,0.250920,-0.404945,-0.289192,0.411659,0.044928,0.137479,0.422830,-0.021667,0.023419,-1.254466,-0.038419,-0.722411,-0.375077,-0.080346,0.107418,0.103698,-1.250517,-0.100838,0.980639,0.971136,-0.168471,0.143405,0.030892
-0.017171,-0.129851,0.747027,0.005682,0.075224,-0.827838,0.555872,-0.681617,0.525727,0.257184,0.773707,-0.113803,-0.076784,0.252753,-0.416477,-0.271463,0.378611,0.034577,0.197418,0.430450,-0.028432,0.024684,-1.178541,-0.053593,-0.680764,-0.387681,-0.076687,0.101558,0.094411,-1.188291,-0.082634,0.920515,0.957026,-0.163373,0.134531,0.026774
-0.022470,-0.113246,0.742897,0.005661,0.071443,-0.834845,0.545800,-0.692557,0.552306,0.263729,0.773318,-0.080279,-0.083880,0.245519,-0.421852,-0.282684,0.367386,-0.024185,0.245547,0.422485,-0.029643,0.024602,-1.061699,-0.051302,-0.617699,-0.400463,-0.067988,0.095342,0.088019,-1.077968,-0.078162,0.845734,0.875381,-0.155998,0.115509,0.032430
-0.036138,-0.090302,0.743918,-0.000105,0.077710,-0.842450,0.533141,-0.696172,0.604224,0.251211,0.718798,-0.005604,-0.107025,0.230945,-0.380426,-0.301775,0.347988,-0.077592,0.261759,0.422959,-0.017836,0.023903,-0.920962,-0.066720,-0.535146,-0.405656,-0.056545,0.080988,0.072618,-0.940585,-0.052094,0.741349,0.805422,-0.147251,0.094003,0.030451
-0.053928,-0.063495,0.745504,-0.011635,0.091343,-0.850963,0.517090,-0.701514,0.678646,0.221054,0.643761,0.087575,-0.140396,0.210142,-0.307112,-0.316255,0.334693,-0.134742,0.261800,0.428834,0.003926,0.023361,-0.751014,-0.083332,-0.442530,-0.424051,-0.044046,0.062792,0.052937,-0.779021,-0.021113,0.610059,0.723658,-0.136661,0.070175,0.029947
-0.060289,-0.044580,0.744886,-0.021694,0.101198,-0.861648,0.496842,-0.666934,0.732796,0.214997,0.562371,0.122444,-0.161459,0.169108,-0.258565,-0.294521,0.366999,-0.192216,0.261800,0.409870,0.042167,0.015886,-0.557481,-0.037546,-0.331311,-0.327415,-0.031843,0.053144,0.047339,-0.591600,-0.037568,0.464159,0.495465,-0.099583,0.054181,0.035293
-0.065455,-0.026134,0.744454,-0.028653,0.110535,-0.872781,0.474567,-0.626947,0.784461,0.225504,0.477523,0.157966,-0.180742,0.129345,-0.214133,-0.273280,0.384772,-0.240353,0.261800,0.399986,0.076767,0.007066,-0.392897,-0.003436,-0.226741,-0.218729,-0.018979,0.044044,0.040461,-0.425905,-0.036068,0.330065,0.317209,-0.068734,0.029001,0.027351
-0.070359,-0.007430,0.742998,-0.035694,0.118523,-0.883283,0.452206,-0.584168,0.833916,0.241326,0.396121,0.192418,-0.200239,0.084582,-0.175271,-0.252811,0.422146,-0.299686,0.261800,0.386343,0.108985,0.003581,-0.283858,0.050994,-0.150342,-0.094717,-0.014273,0.024924,0.040679,-0.299648,-0.063520,0.228727,0.110254,-0.032549,0.024920,0.022234
-0.073856,0.004665,0.744638,-0.036236,0.119739,-0.888087,0.442325,-0.559618,0.835317,0.249100,0.363467,0.188692,-0.193814,0.057740,-0.154601,-0.225581,0.439528,-0.320316,0.261800,0.353319,0.128860,0.009578,-0.238921,0.119558,-0.133138,0.121905,-0.020121,0.024063,0.034751,-0.216828,-0.077360,0.149815,-0.018312,0.004017,0.028217,-0.010097
-0.077665,0.016204,0.746347,-0.036576,0.121004,-0.892684,0.432591,-0.535379,0.836663,0.256463,0.332089,0.183375,-0.187936,0.033310,-0.133710,-0.199668,0.453784,-0.340395,0.261800,0.317788,0.145931,0.014075,-0.280489,0.218859,-0.166987,0.357606,-0.029649,0.026208,0.037778,-0.209663,-0.103954,0.126735,-0.125951,0.031398,0.032167,-0.046404
-0.081657,0.027510,0.748199,-0.036716,0.122203,-0.897180,0.422832,-0.511183,0.837751,0.263922,0.301571,0.177154,-0.182047,0.009544,-0.113222,-0.174338,0.467491,-0.360753,0.261800,0.281499,0.162327,0.018408,-0.398772,0.347706,-0.245305,0.608180,-0.042112,0.034907,0.049992,-0.269945,-0.146366,0.155191,-0.223229,0.051517,0.040737,-0.085204
-0.081957,0.040823,0.755401,-0.030385,0.112310,-0.901059,0.417798,-0.508715,0.779108,0.244375,0.369643,0.122066,-0.188271,-0.004143,-0.125291,-0.168961,0.446916,-0.340745,0.261800,0.243470,0.148016,0.032251,-0.552880,0.448420,-0.342452,0.708393,-0.052814,0.042838,0.070463,-0.381616,-0.205027,0.261834,-0.248842,0.057420,0.057632,-0.082330
-0.082236,0.053140,0.762159,-0.024630,0.102969,-0.904978,0.412074,-0.509211,0.721572,0.224902,0.443024,0.063337,-0.195018,-0.016687,-0.136439,-0.162219,0.425309,-0.321057,0.261800,0.205210,0.137055,0.042512,-0.717541,0.561972,-0.444557,0.806830,-0.063598,0.060226,0.095565,-0.511174,-0.267333,0.383138,-0.271021,0.063064,0.072910,-0.080042
-0.080071,0.066067,0.768815,-0.019282,0.098207,-0.909639,0.403162,-0.508047,0.671099,0.211827,0.497380,0.018240,-0.200436,-0.028366,-0.136493,-0.153556,0.380434,-0.282992,0.261800,0.169344,0.128378,0.043431,-0.882857,0.671824,-0.555151,0.917867,-0.074698,0.082201,0.117978,-0.635548,-0.303182,0.495673,-0.276873,0.064266,0.084668,-0.080422
-0.081392,0.076578,0.773122,-0.015118,0.091643,-0.916533,0.389025,-0.507733,0.601604,0.193968,0.560556,-0.036369,-0.187320,-0.041973,-0.138355,-0.149728,0.357660,-0.258547,0.261800,0.144811,0.117180,0.051351,-0.996770,0.781215,-0.622507,1.013238,-0.099622,0.097266,0.138952,-0.736769,-0.335390,0.598513,-0.287519,0.065446,0.098101,-0.072907
-0.082764,0.086589,0.777053,-0.011661,0.085621,-0.923183,0.374522,-0.506757,0.532151,0.178698,0.621727,-0.090927,-0.174162,-0.057069,-0.139546,-0.144947,0.338825,-0.236553,0.261800,0.119524,0.109197,0.058243,-1.068394,0.879383,-0.663708,1.100794,-0.121465,0.109314,0.154135,-0.802442,-0.357956,0.677819,-0.303983,0.068939,0.108455,-0.065934
-0.084230,0.096164,0.780783,-0.008927,0.080227,-0.929566,0.359709,-0.504541,0.462787,0.166071,0.679478,-0.144686,-0.160863,-0.072507,-0.139672,-0.139585,0.321501,-0.215654,0.261800,0.094498,0.103440,0.064330,-1.101991,0.964448,-0.682248,1.181540,-0.140511,0.118408,0.163469,-0.833797,-0.371365,0.733242,-0.324778,0.074120,0.115245,-0.059304
-0.085985,0.102433,0.782648,-0.006891,0.074505,-0.935933,0.344137,-0.495826,0.381260,0.126668,0.704031,-0.191700,-0.152875,-0.085902,-0.140652,-0.128527,0.317213,-0.206964,0.261800,0.093774,0.091857,0.073603,-1.133192,0.991406,-0.685232,1.205176,-0.153903,0.121681,0.170612,-0.856262,-0.387230,0.767258,-0.329144,0.073552,0.119302,-0.054804
-0.086861,0.109249,0.784281,-0.005582,0.069088,-0.941953,0.328511,-0.487187,0.299019,0.087871,0.724578,-0.233096,-0.142698,-0.101852,-0.141008,-0.117203,0.315399,-0.197429,0.261631,0.092413,0.082593,0.082311,-1.141057,1.008276,-0.673837,1.224060,-0.165276,0.123714,0.176185,-0.857732,-0.396142,0.789766,-0.336829,0.073955,0.122790,-0.049533
-0.088963,0.118209,0.786286,-0.004668,0.065534,-0.947742,0.312200,-0.478543,0.223427,0.045721,0.739190,-0.268550,-0.136213,-0.120278,-0.132497,-0.106875,0.314524,-0.187951,0.255221,0.092176,0.074905,0.090435,-1.135927,1.021574,-0.655251,1.238739,-0.174953,0.124354,0.180628,-0.848161,-0.399525,0.803288,-0.345239,0.074276,0.125792,-0.044446
-0.091177,0.129119,0.786974,-0.007158,0.068766,-0.953659,0.292838,-0.468872,0.223993,0.031342,0.737560,-0.278660,-0.136846,-0.155433,-0.133912,-0.115510,0.359964,-0.197119,0.261774,0.101356,0.083643,0.097846,-1.125047,1.041998,-0.660224,1.223579,-0.170426,0.116528,0.182975,-0.852112,-0.390224,0.814558,-0.370112,0.077147,0.127811,-0.038286
-0.093624,0.143285,0.787732,-0.009312,0.073837,-0.959681,0.271060,-0.462079,0.234244,0.014486,0.734093,-0.285731,-0.143169,-0.200020,-0.125344,-0.123249,0.414620,-0.209226,0.261800,0.115507,0.089638,0.105958,-1.117870,1.066320,-0.670770,1.203485,-0.164710,0.111104,0.183717,-0.857099,-0.373440,0.820129,-0.392455,0.080351,0.131293,-0.033542
-0.095521,0.158017,0.788458,-0.010677,0.079090,-0.965316,0.248589,-0.458235,0.245016,-0.002531,0.732771,-0.293574,-0.149792,-0.248338,-0.116184,-0.131579,0.472302,-0.222555,0.261800,0.131051,0.093599,0.113794,-1.113701,1.091529,-0.684182,1.182568,-0.159269,0.107180,0.183489,-0.862319,-0.354366,0.822830,-0.413562,0.083603,0.134795,-0.028884
-0.088122,0.157276,0.783138,-0.004898,0.069022,-0.968116,0.240754,-0.474793,0.218058,0.027441,0.752762,-0.293290,-0.117351,-0.296833,-0.208215,-0.134052,0.536879,-0.222360,0.261732,0.124546,0.081069,0.109295,-1.106778,1.081787,-0.675113,1.153440,-0.156844,0.109589,0.185649,-0.861662,-0.349664,0.838855,-0.412495,0.083062,0.147049,-0.019745
-0.086947,0.166847,0.780284,-0.001371,0.064820,-0.970762,0.231121,-0.487881,0.222120,0.040519,0.763146,-0.287304,-0.107395,-0.339199,-0.264848,-0.146454,0.593014,-0.222509,0.231683,0.125211,0.069945,0.110274,-1.105858,1.078454,-0.669021,1.123216,-0.152058,0.106733,0.189384,-0.865439,-0.341398,0.845255,-0.406383,0.080299,0.152038,-0.012013
-0.085919,0.177289,0.777520,0.000787,0.062405,-0.973371,0.220575,-0.500771,0.232783,0.050943,0.775970,-0.282629,-0.099626,-0.378172,-0.314891,-0.158621,0.644348,-0.220783,0.197924,0.128321,0.062070,0.113220,-1.106868,1.074908,-0.664584,1.093604,-0.147315,0.103470,0.192268,-0.868597,-0.331854,0.849169,-0.398816,0.077291,0.155835,-0.004005
-0.087259,0.188543,0.774871,0.003545,0.061268,-0.975022,0.213461,-0.511295,0.255994,0.065734,0.780316,-0.275837,-0.105095,-0.400621,-0.354572,-0.174332,0.681429,-0.213925,0.186855,0.129114,0.053150,0.112491,-1.090390,1.055832,-0.643031,1.030517,-0.148537,0.097815,0.201395,-0.869060,-0.332360,0.823199,-0.414221,0.076246,0.154786,-0.008786
-0.090879,0.199951,0.770930,0.003592,0.060966,-0.976656,0.205944,-0.521679,0.285030,0.075310,0.802059,-0.282305,-0.114118,-0.422862,-0.392463,-0.188299,0.737183,-0.221549,0.174777,0.134508,0.050953,0.119882,-1.065089,1.036249,-0.609587,0.960175,-0.149189,0.089468,0.209175,-0.863724,-0.347246,0.790398,-0.441373,0.079307,0.153795,-0.013104
-0.089893,0.210318,0.769627,0.007551,0.060287,-0.978247,0.198348,-0.529558,0.306244,0.094155,0.790649,-0.263879,-0.115811,-0.439419,-0.430694,-0.205251,0.748498,-0.197011,0.162803,0.132910,0.042742,0.112576,-1.032806,1.008520,-0.581092,0.895329,-0.147002,0.088312,0.217978,-0.847943,-0.331603,0.759169,-0.446767,0.075138,0.152581,-0.018526
-0.095776,0.225515,0.765931,0.006428,0.061129,-0.977861,0.200026,-0.541428,0.330845,0.075468,0.801278,-0.258913,-0.132433,-0.427849,-0.472785,-0.207596,0.747689,-0.188079,0.126265,0.136857,0.040251,0.115195,-0.971122,0.944381,-0.544182,0.805268,-0.135931,0.079911,0.212272,-0.840217,-0.339895,0.713206,-0.441707,0.072681,0.150323,-0.021091
-0.099549,0.240010,0.763695,0.005668,0.063136,-0.977535,0.201016,-0.549610,0.355277,0.059789,0.796253,-0.243124,-0.146234,-0.408982,-0.510697,-0.215395,0.722552,-0.163480,0.089358,0.139812,0.041000,0.113068,-0.893433,0.869693,-0.499512,0.715317,-0.120396,0.075315,0.203718,-0.813301,-0.331546,0.658708,-0.422962,0.067538,0.144720,-0.024109
-0.103268,0.254339,0.761925,0.004638,0.065440,-0.977226,0.201804,-0.555900,0.380150,0.044167,0.787975,-0.225914,-0.160009,-0.387660,-0.547440,-0.225890,0.693315,-0.137650,0.052334,0.142450,0.042696,0.110875,-0.798304,0.788434,-0.444010,0.626808,-0.102644,0.069066,0.189338,-0.762302,-0.313957,0.588422,-0.399283,0.061671,0.134487,-0.026957
-0.105686,0.270521,0.760373,0.003296,0.065519,-0.977172,0.202069,-0.558495,0.402474,0.032894,0.769516,-0.195220,-0.176762,-0.361056,-0.566166,-0.229718,0.667921,-0.125772,0.049557,0.141293,0.045006,0.110804,-0.676775,0.657795,-0.381746,0.500990,-0.090367,0.058212,0.167258,-0.668827,-0.285090,0.509398,-0.336368,0.051701,0.120290,-0.026651
-0.108132,0.286671,0.759004,0.001912,0.065221,-0.977119,0.202436,-0.559995,0.423711,0.021949,0.749703,-0.164258,-0.193513,-0.333544,-0.585554,-0.233911,0.641190,-0.113442,0.047307,0.140316,0.047220,0.109799,-0.536924,0.522852,-0.310550,0.378534,-0.075878,0.046816,0.140701,-0.550200,-0.248661,0.415132,-0.268781,0.040687,0.100058,-0.026690
-0.110799,0.302796,0.757542,0.000565,0.064700,-0.977056,0.202917,-0.561462,0.444156,0.010743,0.729512,-0.133269,-0.210385,-0.305821,-0.605388,-0.238542,0.613950,-0.100933,0.045422,0.139021,0.048737,0.108840,-0.385771,0.389455,-0.234414,0.263151,-0.060352,0.034030,0.110506,-0.414207,-0.208509,0.310221,-0.201252,0.029836,0.077255,-0.027834
-0.113901,0.320109,0.757831,0.002355,0.062821,-0.975778,0.209536,-0.549363,0.450011,-0.001028,0.664291,-0.080163,-0.224217,-0.260104,-0.599234,-0.216035,0.551350,-0.044151,0.046880,0.129308,0.043802,0.095120,-0.261696,0.267883,-0.165862,0.186763,-0.041977,0.027477,0.084123,-0.284991,-0.141960,0.225625,-0.123850,0.014573,0.053933,-0.023654
-0.120967,0.337499,0.755265,0.001271,0.060394,-0.974433,0.216407,-0.546872,0.459366,-0.024317,0.637987,-0.053679,-0.243422,-0.225316,-0.599496,-0.182624,0.534352,-0.018931,0.051329,0.122975,0.037355,0.099888,-0.146871,0.171940,-0.098249,0.106090,-0.030776,0.012467,0.057672,-0.166638,-0.108693,0.135420,-0.078670,0.010246,0.035731,-0.016829
-0.125268,0.354462,0.753608,0.003080,0.054536,-0.972947,0.224478,-0.541831,0.456538,-0.037699,0.594393,-0.013711,-0.256629,-0.187453,-0.608971,-0.152757,0.494339,0.023528,0.056883,0.112361,0.023393,0.097802,-0.046020,0.079986,-0.043018,0.040591,-0.019383,0.002946,0.036776,-0.064103,-0.074004,0.064831,-0.028902,0.002406,0.021269,-0.013554
-0.128262,0.370697,0.751913,0.005530,0.051132,-0.971190,0.232689,-0.516929,0.460635,-0.032020,0.508258,0.033700,-0.261799,-0.169866,-0.594794,-0.136002,0.476197,0.003950,0.118061,0.099002,0.018577,0.092826,0.023206,0.022301,-0.016551,0.022370,-0.009565,0.000286,0.014058,0.014212,-0.036878,0.018319,-0.013488,0.001553,0.008427,-0.008613
-0.129750,0.386325,0.750357,0.009053,0.045087,-0.969170,0.242062,-0.493752,0.454212,-0.022813,0.421909,0.082806,-0.261800,-0.154458,-0.590168,-0.119708,0.458231,-0.012831,0.181241,0.082537,0.009098,0.089427,0.071330,-0.029125,-0.004007,0.008672,-0.002789,-0.003065,-0.002725,0.067056,-0.012421,-0.007716,-0.005814,0.000998,0.001818,-0.003954
-0.131041,0.401892,0.749014,0.012738,0.038461,-0.967057,0.251313,-0.470882,0.445242,-0.013720,0.336228,0.131529,-0.261800,-0.139351,-0.587949,-0.105006,0.441486,-0.029525,0.244343,0.066044,-0.001753,0.086326,0.104467,-0.078881,-0.004238,-0.007829,0.002723,-0.005413,-0.015457,0.098538,0.003030,-0.016333,-0.002307,0.000468,-0.001160,0.000860
-0.130224,0.427160,0.752944,0.012636,0.061080,-0.969101,0.238647,-0.459592,0.516916,-0.015465,0.244050,0.192532,-0.261800,-0.172728,-0.491023,-0.096347,0.445036,-0.051497,0.261798,0.088270,0.036608,0.082324,0.091835,-0.063224,0.010052,-0.002296,0.006449,-0.004716,-0.014962,0.088974,0.007179,-0.021240,-0.010105,-0.000427,-0.004436,0.001467
-0.127516,0.455804,0.755381,0.011690,0.089450,-0.971028,0.221286,-0.463668,0.605804,-0.021465,0.166445,0.251651,-0.261800,-0.218493,-0.372683,-0.089270,0.458443,-0.073751,0.261800,0.119275,0.082247,0.079807,0.068049,-0.050457,0.018108,-0.006056,0.007858,-0.004649,-0.013206,0.064807,0.008030,-0.022283,-0.021424,0.000181,-0.005109,0.003192
-0.127451,0.485155,0.755728,0.010533,0.110038,-0.972503,0.204985,-0.469645,0.680773,-0.024195,0.112844,0.295287,-0.261800,-0.262827,-0.271367,-0.083095,0.491313,-0.110324,0.261800,0.149656,0.110487,0.077873,0.046193,-0.047309,0.021987,-0.025340,0.008546,-0.002215,-0.012277,0.037438,0.009230,-0.023390,-0.031985,0.002898,-0.004907,0.007305
-0.134066,0.505760,0.756222,0.011561,0.110493,-0.972701,0.203742,-0.468786,0.689248,-0.014295,0.132526,0.273234,-0.261800,-0.282855,-0.240596,-0.070990,0.532606,-0.164648,0.261800,0.163946,0.112299,0.076929,0.038831,-0.050646,0.024888,-0.030311,0.005011,0.000835,-0.008393,0.036904,0.013339,-0.022247,-0.012253,0.003058,-0.002185,0.006534
-0.141120,0.526223,0.756809,0.012402,0.110069,-0.972891,0.203010,-0.466859,0.695556,-0.004341,0.153963,0.249648,-0.261800,-0.299337,-0.211497,-0.060170,0.570903,-0.218491,0.261800,0.176618,0.111735,0.074720,0.029440,-0.064229,0.028949,-0.045852,0.003110,0.001741,-0.004809,0.034331,0.023894,-0.021816,0.012266,0.001246,-0.000730,0.006746
-0.148679,0.546682,0.757491,0.013304,0.108812,-0.973135,0.202465,-0.464757,0.699994,0.005834,0.177680,0.224531,-0.261800,-0.314248,-0.183997,-0.049718,0.607634,-0.272166,0.261800,0.188909,0.109231,0.072659,0.011356,-0.084287,0.033406,-0.074328,0.001913,0.003377,-0.000203,0.022335,0.037863,-0.019918,0.041600,-0.001303,0.000826,0.008098
-0.150987,0.561552,0.761032,0.019006,0.099098,-0.972480,0.210000,-0.481013,0.647297,0.007933,0.245876,0.179263,-0.261800,-0.317596,-0.191472,-0.051023,0.601444,-0.280259,0.261800,0.176303,0.094475,0.074284,-0.006044,-0.079482,0.040938,-0.111047,0.001687,0.002295,0.012476,-0.004258,0.022648,-0.006104,0.037176,-0.003473,0.000795,0.006015
-0.153519,0.575968,0.764720,0.024513,0.088755,-0.971800,0.217086,-0.500110,0.593293,0.011405,0.323618,0.127908,-0.261800,-0.319083,-0.200199,-0.051040,0.592682,-0.287402,0.261800,0.163863,0.078640,0.075892,-0.046397,-0.068809,0.040143,-0.157262,0.000904,0.003274,0.029787,-0.056726,0.004362,0.020485,0.034039,-0.005936,0.004350,0.004513
-0.156191,0.589797,0.768314,0.029708,0.078173,-0.971096,0.223559,-0.522064,0.539170,0.016686,0.410197,0.071155,-0.261800,-0.319959,-0.209428,-0.049581,0.583605,-0.294579,0.261800,0.152308,0.062923,0.077369,-0.117426,-0.046601,0.025178,-0.208081,-0.000774,0.007010,0.052763,-0.144234,-0.020195,0.065791,0.032723,-0.008883,0.010975,0.003216
-0.167155,0.601151,0.768670,0.028383,0.076977,-0.971237,0.223534,-0.520979,0.514270,0.016555,0.488913,-0.002586,-0.261800,-0.305796,-0.188867,-0.044217,0.583118,-0.309177,0.261800,0.152869,0.064580,0.077276,-0.204250,0.060539,-0.095534,-0.058325,-0.008874,0.019034,0.044084,-0.244665,-0.052807,0.136774,0.002424,-0.004122,0.023778,0.001075
-0.178215,0.611560,0.768782,0.026046,0.076353,-0.971605,0.222429,-0.518688,0.491674,0.017740,0.572245,-0.080610,-0.261800,-0.288306,-0.166570,-0.037179,0.578435,-0.321629,0.261800,0.155556,0.067656,0.077559,-0.323177,0.181020,-0.239833,0.095675,-0.011047,0.033019,0.039025,-0.381439,-0.094862,0.228572,-0.028569,0.000051,0.038942,-0.001313
-0.178157,0.621148,0.770661,0.026771,0.077909,-0.971925,0.220397,-0.529455,0.459089,0.027423,0.636741,-0.135240,-0.239351,-0.279750,-0.144618,-0.029822,0.539294,-0.296823,0.261800,0.156328,0.074150,0.078179,-0.478554,0.308659,-0.406965,0.272004,-0.006762,0.048685,0.039507,-0.552111,-0.127278,0.336499,-0.044895,-0.006155,0.053331,-0.009383
-0.182192,0.634518,0.772255,0.029083,0.081717,-0.972696,0.215267,-0.534542,0.449454,0.012404,0.653460,-0.161003,-0.245424,-0.294129,-0.109287,-0.024472,0.540374,-0.281119,0.261800,0.151449,0.074300,0.082966,-0.619700,0.429665,-0.488388,0.504886,-0.035350,0.067005,0.071281,-0.720640,-0.209536,0.429670,-0.095437,0.003524,0.065061,-0.019837
-0.186272,0.648468,0.773519,0.032436,0.084804,-0.973261,0.210996,-0.543243,0.437260,-0.003835,0.672250,-0.187267,-0.251684,-0.313716,-0.076147,-0.020505,0.548887,-0.269571,0.261800,0.148266,0.073033,0.085443,-0.761319,0.552168,-0.566271,0.758422,-0.062204,0.074186,0.094072,-0.877194,-0.300183,0.519051,-0.159293,0.017940,0.082781,-0.032480
-0.193969,0.661560,0.774482,0.036137,0.082310,-0.973576,0.209928,-0.546143,0.412147,-0.015460,0.698906,-0.224220,-0.256844,-0.333960,-0.056394,-0.015760,0.579173,-0.277969,0.261800,0.140885,0.073111,0.090600,-0.867390,0.673907,-0.612512,0.999044,-0.086643,0.088924,0.114087,-1.010788,-0.407292,0.605721,-0.232784,0.038605,0.092968,-0.040729
-0.186231,0.663033,0.775189,0.038856,0.085470,-0.973130,0.210244,-0.559183,0.407980,-0.004625,0.700464,-0.224069,-0.230761,-0.351435,-0.097578,-0.029275,0.560530,-0.244010,0.261800,0.129324,0.079597,0.090987,-0.986517,0.762508,-0.670866,1.085305,-0.111129,0.095652,0.135559,-1.120233,-0.445136,0.680765,-0.265412,0.037611,0.104183,-0.043129
-0.182613,0.663371,0.775210,0.043015,0.081074,-0.972121,0.215774,-0.567007,0.384147,0.010981,0.709056,-0.234387,-0.202732,-0.371760,-0.158696,-0.041085,0.569240,-0.233462,0.261800,0.108864,0.083308,0.093342,-1.058110,0.839781,-0.692187,1.159216,-0.136192,0.103532,0.155236,-1.196454,-0.500271,0.747398,-0.312978,0.046416,0.110552,-0.040919
-0.179698,0.663905,0.774680,0.047256,0.074924,-0.970811,0.222888,-0.573379,0.355638,0.026477,0.718261,-0.246140,-0.174781,-0.391578,-0.224704,-0.052155,0.582191,-0.226416,0.261800,0.084665,0.084501,0.095277,-1.100184,0.909416,-0.695910,1.230175,-0.159742,0.110061,0.169882,-1.242749,-0.549848,0.797711,-0.361627,0.056902,0.115191,-0.039980
-0.176194,0.662340,0.770008,0.052240,0.059060,-0.969319,0.232818,-0.592198,0.302238,0.042006,0.750728,-0.259696,-0.149744,-0.394731,-0.339627,-0.055230,0.583490,-0.194969,0.254215,0.057701,0.074348,0.096400,-1.117550,0.938673,-0.721623,1.245379,-0.146133,0.116180,0.165514,-1.270337,-0.582900,0.835477,-0.390586,0.065496,0.118400,-0.035185
-0.177558,0.674972,0.767630,0.054762,0.057867,-0.968723,0.235006,-0.614266,0.305736,0.032384,0.765024,-0.255972,-0.155143,-0.404569,-0.391976,-0.078340,0.587502,-0.165060,0.205213,0.048866,0.070213,0.099033,-1.134450,0.980227,-0.755380,1.252071,-0.128799,0.121481,0.158192,-1.283515,-0.599777,0.845456,-0.412642,0.070823,0.119831,-0.032612
-0.178955,0.687646,0.765409,0.056439,0.059294,-0.968393,0.235613,-0.637485,0.316513,0.020001,0.781856,-0.253878,-0.162111,-0.412456,-0.437336,-0.104611,0.588142,-0.135106,0.153510,0.044542,0.070678,0.101791,-1.145976,1.017391,-0.786788,1.258623,-0.111880,0.126423,0.149176,-1.285716,-0.614858,0.847833,-0.434132,0.075694,0.119699,-0.029374
-0.179722,0.699405,0.761649,0.056480,0.058405,-0.967870,0.237964,-0.652974,0.323491,0.007908,0.788000,-0.244153,-0.169244,-0.412510,-0.437635,-0.097181,0.603782,-0.157197,0.186321,0.045148,0.068475,0.107587,-1.142705,1.014435,-0.792366,1.246733,-0.106626,0.125352,0.147332,-1.281665,-0.621062,0.850931,-0.439309,0.074111,0.124934,-0.023484
-0.180467,0.711159,0.758049,0.056223,0.057295,-0.967364,0.240340,-0.667083,0.329892,-0.003758,0.793137,-0.234132,-0.176113,-0.411513,-0.438814,-0.090273,0.618818,-0.178426,0.219412,0.044781,0.067283,0.113869,-1.133717,1.010319,-0.793295,1.233683,-0.101225,0.124201,0.146412,-1.276008,-0.624889,0.854572,-0.441833,0.071680,0.128621,-0.017600
-0.181214,0.722904,0.754522,0.055894,0.056185,-0.966844,0.242759,-0.680996,0.336096,-0.015557,0.797996,-0.224010,-0.182929,-0.410492,-0.440547,-0.083952,0.634196,-0.199197,0.252701,0.044011,0.066370,0.120363,-1.122930,1.005943,-0.792799,1.220164,-0.095719,0.122939,0.145446,-1.269388,-0.628071,0.857867,-0.443972,0.069160,0.132006,-0.011748
-0.187453,0.749204,0.753463,0.052817,0.071979,-0.967911,0.234897,-0.690431,0.406101,-0.059755,0.757930,-0.177980,-0.219914,-0.425247,-0.372170,-0.075017,0.651142,-0.222121,0.261800,0.071185,0.081337,0.126817,-1.129499,1.003956,-0.793597,1.171587,-0.088097,0.114996,0.150100,-1.258092,-0.628028,0.840776,-0.439672,0.062784,0.134014,-0.010843
-0.197428,0.778410,0.752175,0.049434,0.085942,-0.968343,0.229088,-0.692894,0.475875,-0.105433,0.706704,-0.128567,-0.261795,-0.443911,-0.304197,-0.069987,0.690903,-0.262002,0.261800,0.099513,0.095718,0.136149,-1.130828,1.001568,-0.785438,1.117593,-0.080818,0.103906,0.153045,-1.247330,-0.648650,0.823162,-0.447963,0.065785,0.136141,-0.009069
-0.192741,0.804986,0.753056,0.052994,0.094930,-0.967827,0.226914,-0.708295,0.508436,-0.124930,0.627732,-0.046493,-0.261800,-0.476612,-0.257907,-0.064525,0.690147,-0.255636,0.261800,0.115828,0.105503,0.146188,-1.143188,0.990185,-0.775114,1.071493,-0.074545,0.097478,0.158267,-1.246021,-0.662139,0.811891,-0.448535,0.062546,0.137697,-0.006383
-0.189423,0.818783,0.751855,0.056002,0.092553,-0.967734,0.227570,-0.706237,0.512307,-0.118083,0.578320,0.000546,-0.261800,-0.491751,-0.248453,-0.048124,0.689316,-0.257116,0.261800,0.123442,0.104072,0.149337,-1.116719,0.971727,-0.748468,1.015069,-0.073759,0.092469,0.167870,-1.214620,-0.672926,0.802765,-0.450283,0.063626,0.138252,-0.007774
-0.186669,0.831997,0.750619,0.057976,0.090404,-0.967681,0.228167,-0.702369,0.517078,-0.111813,0.531783,0.044570,-0.261800,-0.502243,-0.238166,-0.032571,0.686681,-0.259394,0.261800,0.128231,0.102350,0.152198,-1.088495,0.955363,-0.723280,0.959572,-0.073313,0.086407,0.177455,-1.182415,-0.677521,0.794095,-0.449187,0.063103,0.138088,-0.009054
-0.184496,0.844833,0.749268,0.059417,0.088160,-0.967628,0.228895,-0.697858,0.521710,-0.106004,0.488528,0.085660,-0.261800,-0.510237,-0.228161,-0.017381,0.684670,-0.263645,0.261800,0.132395,0.100644,0.155043,-1.060057,0.938753,-0.698909,0.903926,-0.072724,0.080109,0.186818,-1.149553,-0.681153,0.785590,-0.447677,0.062574,0.137769,-0.010318
-0.184801,0.853795,0.748112,0.059947,0.085893,-0.967537,0.230004,-0.674073,0.527633,-0.094082,0.432082,0.116359,-0.261800,-0.513509,-0.222345,-0.012431,0.685891,-0.266093,0.261800,0.139104,0.101829,0.151381,-0.997309,0.919821,-0.666766,0.789327,-0.074204,0.077779,0.193100,-1.098580,-0.678431,0.790133,-0.449022,0.063921,0.137703,-0.009857
-0.185159,0.862532,0.747328,0.060448,0.083767,-0.967486,0.230869,-0.651510,0.532995,-0.082697,0.378566,0.145257,-0.261800,-0.515511,-0.216269,-0.007657,0.684461,-0.267240,0.261800,0.144712,0.103321,0.148018,-0.934354,0.900441,-0.634210,0.673446,-0.075186,0.076259,0.199352,-1.049351,-0.673713,0.796338,-0.448721,0.064703,0.137420,-0.009491
-0.185503,0.871172,0.746714,0.060928,0.081311,-0.967451,0.231766,-0.629876,0.536889,-0.071557,0.328229,0.172280,-0.261800,-0.516821,-0.210911,-0.002693,0.682342,-0.268292,0.261800,0.149981,0.104237,0.145028,-0.872079,0.879146,-0.602382,0.557012,-0.075339,0.074725,0.205708,-1.000220,-0.669008,0.803029,-0.448258,0.065363,0.137064,-0.009181
-0.195348,0.878237,0.744504,0.054965,0.086271,-0.967065,0.233070,-0.582169,0.570742,-0.069185,0.263569,0.190839,-0.261800,-0.497350,-0.184903,-0.007865,0.693638,-0.295035,0.261800,0.160457,0.117226,0.135930,-0.775774,0.851016,-0.558826,0.496843,-0.080246,0.075012,0.216244,-0.938802,-0.659857,0.800738,-0.449714,0.067112,0.137159,-0.011116
-0.205001,0.885384,0.742992,0.048632,0.090723,-0.966566,0.234852,-0.535211,0.604197,-0.063716,0.203281,0.207186,-0.261800,-0.474621,-0.159853,-0.013832,0.699992,-0.319208,0.261800,0.170971,0.129360,0.128602,-0.685620,0.818682,-0.520802,0.441762,-0.085228,0.071885,0.226673,-0.877618,-0.650710,0.798061,-0.450515,0.068783,0.137142,-0.013296
-0.214527,0.892584,0.742270,0.042837,0.094774,-0.965861,0.237266,-0.490021,0.636511,-0.055228,0.145236,0.222652,-0.261800,-0.450155,-0.136090,-0.021058,0.700463,-0.340068,0.261800,0.181039,0.139678,0.121620,-0.601248,0.783821,-0.487884,0.389983,-0.090422,0.067172,0.237079,-0.816667,-0.640932,0.794504,-0.450948,0.070130,0.137209,-0.015735
-0.220068,0.899167,0.747110,0.040636,0.090119,-0.963075,0.250426,-0.466427,0.616319,-0.038254,0.150541,0.197732,-0.261800,-0.415361,-0.141251,-0.034576,0.670820,-0.340505,0.261800,0.175532,0.138890,0.122327,-0.492948,0.734611,-0.437813,0.298151,-0.092938,0.063234,0.257748,-0.729999,-0.655904,0.760360,-0.452137,0.069831,0.133574,-0.029998
-0.222143,0.905295,0.752494,0.040901,0.086027,-0.960053,0.263107,-0.453025,0.590737,-0.020655,0.156278,0.176602,-0.252910,-0.386606,-0.147267,-0.047963,0.631678,-0.329987,0.261800,0.171571,0.137196,0.123317,-0.403455,0.680518,-0.397552,0.218490,-0.097962,0.055428,0.277201,-0.649518,-0.667416,0.723792,-0.449269,0.069049,0.130613,-0.044709
-0.223772,0.910994,0.758228,0.042100,0.080506,-0.956705,0.276518,-0.440051,0.559295,-0.001452,0.161056,0.156095,-0.240539,-0.358304,-0.157264,-0.061317,0.591977,-0.319008,0.261800,0.165769,0.133497,0.124105,-0.311868,0.621185,-0.359892,0.131451,-0.099363,0.049798,0.297730,-0.565648,-0.680302,0.684989,-0.449483,0.068508,0.126789,-0.058868
-0.223382,0.914995,0.763739,0.040534,0.080417,-0.953226,0.288530,-0.440010,0.546275,0.024302,0.192052,0.125253,-0.228821,-0.317225,-0.155578,-0.080604,0.524290,-0.288580,0.261800,0.163328,0.138337,0.107356,-0.229475,0.557150,-0.346497,0.098851,-0.099173,0.054940,0.308024,-0.483208,-0.646043,0.679276,-0.454965,0.067965,0.125971,-0.062927
-0.224501,0.919302,0.769565,0.041978,0.073981,-0.948885,0.303943,-0.449413,0.516368,0.048752,0.241581,0.083036,-0.214204,-0.283263,-0.170176,-0.097766,0.475456,-0.272050,0.261800,0.156355,0.129562,0.105317,-0.167076,0.492397,-0.335734,0.073425,-0.101756,0.054205,0.317466,-0.413508,-0.620720,0.666484,-0.462151,0.070387,0.124220,-0.067086
-0.225635,0.923966,0.775108,0.043808,0.066611,-0.944268,0.319376,-0.460918,0.485615,0.073037,0.295703,0.038615,-0.199604,-0.251835,-0.186197,-0.115014,0.432349,-0.258406,0.261800,0.149735,0.117873,0.104917,-0.109209,0.428015,-0.328513,0.050217,-0.104912,0.052187,0.325947,-0.345569,-0.594140,0.653705,-0.468997,0.073412,0.122117,-0.071087
-0.226104,0.927705,0.777132,0.042581,0.063992,-0.940891,0.329872,-0.469871,0.470496,0.074065,0.322568,0.020708,-0.198346,-0.231984,-0.188050,-0.120325,0.411631,-0.255241,0.261800,0.146786,0.113321,0.105025,-0.094823,0.392037,-0.327305,0.062607,-0.113336,0.052924,0.338928,-0.302379,-0.570740,0.643677,-0.457971,0.070426,0.122769,-0.077754
-0.226327,0.931626,0.779095,0.041222,0.061125,-0.937415,0.340321,-0.478525,0.455184,0.075491,0.349299,0.003403,-0.197077,-0.212753,-0.190158,-0.125472,0.392329,-0.252380,0.261800,0.144276,0.108323,0.106802,-0.084088,0.356394,-0.326796,0.079258,-0.123187,0.051409,0.351592,-0.261786,-0.546496,0.634329,-0.444866,0.067725,0.122616,-0.084650
-0.226413,0.935643,0.781076,0.039853,0.058225,-0.933832,0.350685,-0.487446,0.440138,0.077028,0.376783,-0.014175,-0.195908,-0.193844,-0.192132,-0.130640,0.373791,-0.249823,0.261800,0.141942,0.103317,0.108917,-0.073646,0.321032,-0.326457,0.096467,-0.133317,0.049455,0.364017,-0.222006,-0.522024,0.625901,-0.431492,0.065197,0.122303,-0.091608
-0.224850,0.937437,0.781261,0.037176,0.056522,-0.930592,0.359754,-0.494016,0.429726,0.073222,0.395612,-0.024253,-0.195609,-0.184550,-0.199274,-0.145682,0.376763,-0.250684,0.261800,0.145961,0.104689,0.110354,-0.073165,0.294597,-0.350943,0.083130,-0.137096,0.045816,0.370431,-0.220253,-0.500709,0.637481,-0.416413,0.064869,0.123755,-0.092471
-0.223253,0.939327,0.781488,0.034624,0.054711,-0.927231,0.368849,-0.500591,0.419048,0.069538,0.414233,-0.034126,-0.195453,-0.175913,-0.206720,-0.160613,0.381102,-0.252200,0.261800,0.149027,0.105785,0.112200,-0.071482,0.268451,-0.374669,0.068398,-0.140704,0.043263,0.377125,-0.219874,-0.479006,0.649951,-0.400194,0.065015,0.124901,-0.093670
-0.221566,0.941231,0.781606,0.032073,0.052883,-0.923764,0.377935,-0.507112,0.408423,0.065927,0.433024,-0.044161,-0.195367,-0.167133,-0.214170,-0.175598,0.385714,-0.253902,0.261800,0.151870,0.106951,0.114107,-0.068927,0.242473,-0.398402,0.053496,-0.144273,0.040800,0.383838,-0.219352,-0.457278,0.662557,-0.383869,0.065243,0.125965,-0.094924
-0.221862,0.941946,0.780809,0.028711,0.054057,-0.920526,0.385855,-0.502807,0.403047,0.052531,0.424228,-0.039053,-0.199416,-0.154996,-0.211304,-0.185897,0.387440,-0.260250,0.261800,0.156812,0.110665,0.108957,-0.101017,0.256521,-0.403895,0.067080,-0.140106,0.043687,0.383025,-0.236299,-0.450078,0.658319,-0.377521,0.066807,0.126610,-0.105301
-0.221944,0.942856,0.780067,0.024855,0.054894,-0.917206,0.393830,-0.496987,0.397446,0.039246,0.414468,-0.033205,-0.203345,-0.141684,-0.208511,-0.196097,0.388768,-0.266270,0.261800,0.161793,0.114169,0.105862,-0.136063,0.270326,-0.409376,0.083788,-0.136677,0.044898,0.381347,-0.254149,-0.442741,0.653374,-0.371404,0.068827,0.127728,-0.115807
-0.222095,0.943750,0.779329,0.020851,0.055620,-0.913797,0.401803,-0.490830,0.391897,0.025882,0.404662,-0.027302,-0.207212,-0.127990,-0.205661,-0.206294,0.390033,-0.272286,0.261800,0.166734,0.117673,0.103171,-0.171570,0.283892,-0.415183,0.100873,-0.133328,0.045846,0.379638,-0.272119,-0.435280,0.648277,-0.365263,0.070947,0.128853,-0.126316
-0.222140,0.944398,0.778645,0.018045,0.057413,-0.910761,0.408525,-0.484115,0.389181,0.018349,0.382292,-0.007090,-0.205444,-0.117018,-0.201493,-0.218616,0.388306,-0.275842,0.261800,0.173957,0.123536,0.099209,-0.198115,0.299864,-0.412198,0.093238,-0.129897,0.046359,0.378344,-0.298151,-0.429125,0.610006,-0.367348,0.075938,0.127863,-0.151130
-0.222297,0.945077,0.777991,0.015297,0.059100,-0.907676,0.415207,-0.477337,0.386500,0.011083,0.359695,0.013295,-0.203602,-0.106113,-0.197395,-0.230721,0.386409,-0.279112,0.261800,0.181544,0.129083,0.095028,-0.224165,0.316095,-0.409899,0.084160,-0.126382,0.048048,0.377284,-0.324072,-0.423101,0.571376,-0.369855,0.081155,0.127037,-0.175959
-0.222460,0.945615,0.777342,0.012514,0.060710,-0.904538,0.421863,-0.470734,0.383964,0.003851,0.337518,0.033515,-0.201711,-0.095122,-0.193272,-0.242739,0.384493,-0.282397,0.261800,0.189039,0.134560,0.090708,-0.250039,0.332340,-0.407804,0.075001,-0.122897,0.049868,0.376231,-0.350184,-0.416989,0.532988,-0.372308,0.086303,0.126113,-0.200758
-0.221084,0.946247,0.776803,0.009801,0.062515,-0.901887,0.427312,-0.464455,0.381238,-0.002873,0.315765,0.048586,-0.199257,-0.084989,-0.188547,-0.250568,0.377749,-0.281803,0.261800,0.195083,0.138330,0.086327,-0.278042,0.374273,-0.408697,0.093626,-0.119244,0.054903,0.370725,-0.381936,-0.428353,0.550932,-0.382820,0.086814,0.128523,-0.185800
-0.219708,0.946832,0.776355,0.007024,0.064305,-0.899155,0.432822,-0.458502,0.378664,-0.009833,0.294510,0.063433,-0.196732,-0.074667,-0.183569,-0.258282,0.370759,-0.280789,0.261800,0.199258,0.142229,0.082269,-0.305947,0.416382,-0.408699,0.113763,-0.115879,0.058396,0.364516,-0.414909,-0.438971,0.570884,-0.393155,0.087121,0.131327,-0.170605
-0.218434,0.947367,0.775823,0.004215,0.066037,-0.896372,0.438335,-0.452749,0.376197,-0.016826,0.273670,0.078127,-0.194162,-0.064290,-0.178556,-0.265957,0.363731,-0.279775,0.261800,0.203100,0.146049,0.078397,-0.333895,0.458565,-0.409403,0.134000,-0.112423,0.061655,0.358210,-0.448401,-0.449303,0.591349,-0.403384,0.087554,0.134100,-0.155458
-0.217650,0.947413,0.775561,0.002188,0.067620,-0.895004,0.440897,-0.450698,0.378667,-0.012813,0.265733,0.084393,-0.194068,-0.056487,-0.174351,-0.273709,0.356537,-0.277317,0.261800,0.204065,0.147922,0.073481,-0.345716,0.512922,-0.384609,0.163927,-0.119740,0.061832,0.361788,-0.488587,-0.493501,0.559347,-0.412579,0.093458,0.134697,-0.160158
-0.216791,0.947462,0.775273,0.000208,0.069242,-0.893661,0.443368,-0.449375,0.381227,-0.008840,0.258859,0.090192,-0.193875,-0.049225,-0.170065,-0.280892,0.349697,-0.275035,0.261800,0.206108,0.150041,0.068470,-0.357967,0.567146,-0.360815,0.194410,-0.127534,0.061715,0.365065,-0.527919,-0.539269,0.527474,-0.422210,0.100439,0.135194,-0.165141
-0.216014,0.947445,0.774981,-0.001758,0.070863,-0.892311,0.445820,-0.448229,0.383815,-0.004876,0.252165,0.095958,-0.193681,-0.042114,-0.165734,-0.287988,0.342932,-0.272759,0.261800,0.208310,0.152158,0.063358,-0.369922,0.621453,-0.337352,0.225216,-0.135344,0.061560,0.368077,-0.566651,-0.585493,0.496506,-0.431748,0.107482,0.135656,-0.170178
-0.216615,0.947136,0.774262,-0.003086,0.073041,-0.890870,0.448338,-0.458364,0.389088,-0.003302,0.265438,0.092819,-0.196711,-0.037191,-0.159188,-0.292027,0.340612,-0.274232,0.261800,0.218509,0.155816,0.058820,-0.385314,0.695831,-0.335873,0.279563,-0.138733,0.062234,0.363981,-0.623810,-0.638791,0.491450,-0.416128,0.113509,0.138087,-0.168206
-0.217096,0.946800,0.773579,-0.004263,0.075331,-0.889441,0.450779,-0.470227,0.394237,-0.002234,0.280735,0.088592,-0.199732,-0.033368,-0.152872,-0.295711,0.339187,-0.276355,0.261800,0.228544,0.159547,0.054028,-0.402494,0.769947,-0.335677,0.336332,-0.142254,0.061336,0.359380,-0.683813,-0.691446,0.489597,-0.397788,0.119809,0.138955,-0.166135
-0.217584,0.946367,0.772809,-0.005393,0.077646,-0.888017,0.453175,-0.482570,0.399311,-0.001355,0.296354,0.084304,-0.202726,-0.029869,-0.146577,-0.299259,0.337962,-0.278537,0.261800,0.238501,0.163093,0.049233,-0.420459,0.844015,-0.336621,0.393348,-0.145368,0.060153,0.354518,-0.745368,-0.743666,0.490326,-0.379104,0.126051,0.139511,-0.163903
-0.217693,0.944970,0.771312,-0.006619,0.080476,-0.886482,0.455663,-0.496244,0.407649,0.012105,0.317012,0.065733,-0.190385,-0.026722,-0.139210,-0.296856,0.338857,-0.284208,0.261800,0.249589,0.165873,0.045005,-0.456209,0.915147,-0.362167,0.431265,-0.145310,0.058715,0.342230,-0.798317,-0.781840,0.513492,-0.308179,0.129292,0.144457,-0.152577
-0.217927,0.943553,0.769849,-0.007746,0.083220,-0.884989,0.458049,-0.510493,0.416224,0.025880,0.338615,0.047152,-0.177714,-0.024151,-0.132216,-0.294224,0.340341,-0.290127,0.261800,0.261076,0.168256,0.040514,-0.495729,0.985202,-0.392105,0.469040,-0.144847,0.057940,0.330381,-0.854283,-0.817671,0.539321,-0.233249,0.131271,0.146558,-0.140146
-0.218219,0.942095,0.768444,-0.008793,0.085890,-0.883491,0.460424,-0.525046,0.424826,0.039623,0.360568,0.028678,-0.164748,-0.021813,-0.125493,-0.291513,0.342003,-0.296083,0.261800,0.272270,0.170445,0.036173,-0.538623,1.054170,-0.425603,0.506371,-0.143662,0.057105,0.318738,-0.912321,-0.851901,0.567610,-0.157974,0.132318,0.148256,-0.127321
-0.219619,0.937189,0.767195,-0.008786,0.088695,-0.884077,0.458764,-0.545182,0.451197,0.052768,0.370923,0.023651,-0.185557,-0.012686,-0.118246,-0.286903,0.328477,-0.295744,0.261800,0.294703,0.166113,0.026387,-0.560865,1.098183,-0.450063,0.569055,-0.152567,0.059226,0.303422,-1.010288,-0.871773,0.594073,-0.131010,0.134324,0.144184,-0.119876
-0.220919,0.932357,0.765989,-0.008952,0.091804,-0.884676,0.456991,-0.565527,0.478260,0.065129,0.380932,0.019172,-0.206085,-0.002841,-0.110121,-0.281949,0.313471,-0.294734,0.261800,0.315495,0.163549,0.016870,-0.580954,1.141509,-0.471131,0.631540,-0.160072,0.060349,0.287309,-1.112622,-0.888909,0.626354,-0.105105,0.136658,0.142077,-0.113349
-0.222286,0.927342,0.764821,-0.009195,0.094904,-0.885257,0.455223,-0.585589,0.505281,0.077079,0.390186,0.015367,-0.226335,0.007347,-0.102019,-0.276693,0.298353,-0.293805,0.261800,0.335280,0.161339,0.007610,-0.600599,1.184599,-0.491035,0.693329,-0.166374,0.061506,0.270796,-1.217555,-0.902682,0.662082,-0.079175,0.138758,0.140212,-0.107030
-0.222038,0.921231,0.762956,-0.011942,0.100613,-0.883771,0.456819,-0.610950,0.542640,0.092221,0.403530,0.027279,-0.215244,0.025918,-0.089211,-0.285948,0.276370,-0.282468,0.261800,0.359968,0.168351,-0.001921,-0.622298,1.229687,-0.521624,0.724552,-0.157954,0.060735,0.253683,-1.250379,-0.897501,0.697080,0.034022,0.133794,0.149892,-0.086545
-0.222028,0.914861,0.761214,-0.014613,0.106518,-0.882308,0.458229,-0.636352,0.580175,0.106708,0.415033,0.040340,-0.203425,0.044759,-0.075888,-0.294371,0.252937,-0.270798,0.261800,0.385829,0.173966,-0.014320,-0.646101,1.274132,-0.556695,0.754303,-0.148757,0.061512,0.237858,-1.277077,-0.889597,0.727883,0.149495,0.124056,0.155377,-0.064201
-0.225699,0.906104,0.760011,-0.016460,0.106841,-0.878852,0.464685,-0.659291,0.604085,0.118609,0.441825,0.039748,-0.192611,0.070555,-0.075989,-0.309185,0.245687,-0.277781,0.261800,0.406047,0.176081,-0.025492,-0.652799,1.303235,-0.583589,0.779644,-0.136292,0.061052,0.230214,-1.284973,-0.900980,0.758429,0.246342,0.113368,0.159920,-0.041455
-0.220874,0.900586,0.758117,-0.020288,0.115563,-0.876744,0.466426,-0.677455,0.626476,0.109529,0.442108,0.068060,-0.180147,0.070270,-0.063562,-0.319279,0.246356,-0.242139,0.261800,0.428683,0.184613,-0.037338,-0.699693,1.351936,-0.623286,0.816543,-0.132074,0.065952,0.210535,-1.350448,-0.872939,0.781320,0.340451,0.094600,0.161752,-0.031324
-0.223178,0.889902,0.757292,-0.022420,0.112293,-0.869970,0.479625,-0.688203,0.618150,0.096951,0.473982,0.067410,-0.171067,0.088004,-0.080856,-0.347743,0.277697,-0.244269,0.261800,0.437802,0.187580,-0.049949,-0.712845,1.365988,-0.652599,0.849845,-0.125105,0.068172,0.203999,-1.379942,-0.883370,0.811558,0.402964,0.079267,0.160588,-0.019378
-0.221130,0.881416,0.756369,-0.025730,0.113948,-0.865133,0.487749,-0.700761,0.621048,0.087168,0.489736,0.080873,-0.158456,0.096123,-0.089091,-0.370117,0.301437,-0.233027,0.261800,0.452091,0.195564,-0.060783,-0.737580,1.392412,-0.682457,0.884144,-0.118144,0.071431,0.193839,-1.423399,-0.877159,0.839498,0.473820,0.062419,0.163065,-0.010722
-0.205983,0.853569,0.759098,-0.024131,0.099168,-0.850649,0.515731,-0.675154,0.535610,0.109804,0.525653,0.042064,-0.115297,0.104210,-0.129792,-0.284565,0.359422,-0.142850,0.261800,0.413731,0.184522,-0.055023,-0.800298,1.382883,-0.730310,0.920182,-0.115587,0.074566,0.176960,-1.433629,-0.842401,0.883722,0.598724,0.025886,0.171348,0.000178
-0.196200,0.827391,0.762396,-0.026849,0.081448,-0.833812,0.545347,-0.635166,0.453350,0.122582,0.552782,0.006869,-0.082135,0.117617,-0.158930,-0.200154,0.445574,-0.073605,0.261800,0.377193,0.177023,-0.052715,-0.843275,1.355272,-0.775898,0.954829,-0.112798,0.077559,0.169073,-1.409668,-0.827113,0.922410,0.702167,-0.011373,0.176215,0.009580
-0.188764,0.804184,0.766296,-0.033577,0.069033,-0.817437,0.570880,-0.594662,0.392204,0.122194,0.565218,-0.016024,-0.057683,0.123661,-0.158657,-0.112480,0.540351,-0.003166,0.261800,0.348272,0.178069,-0.051381,-0.881784,1.330785,-0.814606,0.987212,-0.108841,0.080609,0.163456,-1.381893,-0.810622,0.954949,0.801726,-0.049253,0.182588,0.014692
-0.149191,0.772908,0.765462,-0.024597,0.029009,-0.793855,0.606917,-0.532757,0.208628,0.174110,0.593529,-0.066417,0.027169,0.092925,-0.284751,-0.070932,0.706974,0.021842,0.259167,0.276565,0.160011,-0.037347,-0.861414,1.224322,-0.784195,0.949797,-0.122511,0.077075,0.170972,-1.257479,-0.873820,0.970168,0.798992,-0.047324,0.167631,0.023662
-0.137271,0.757173,0.771236,-0.037082,0.019522,-0.775975,0.629369,-0.474516,0.148712,0.149878,0.567389,-0.062116,0.048058,0.049108,-0.280829,-0.061376,0.860945,0.054459,0.154442,0.221385,0.176478,-0.019353,-0.865291,1.159369,-0.757663,0.905277,-0.130537,0.073268,0.180164,-1.145887,-0.894059,0.954944,0.811757,-0.043838,0.163539,0.021103
-0.125023,0.742553,0.775647,-0.048763,0.009843,-0.757610,0.650809,-0.421294,0.091109,0.122833,0.547729,-0.058824,0.069100,0.002433,-0.285618,-0.052063,1.021888,0.076308,0.040816,0.168137,0.190275,-0.001439,-0.872335,1.094275,-0.732784,0.858557,-0.137554,0.071036,0.190848,-1.028912,-0.914691,0.933112,0.822255,-0.042207,0.158254,0.018026
-0.118876,0.734254,0.783324,-0.067812,0.008302,-0.740164,0.668947,-0.350837,0.076048,0.087710,0.487552,-0.034306,0.082661,-0.109884,-0.267060,-0.054117,1.162042,0.014974,0.033474,0.106474,0.222905,0.026437,-0.830350,1.019979,-0.730295,0.752748,-0.135650,0.071660,0.187534,-0.861074,-0.917343,0.883555,0.834665,-0.031152,0.154078,0.007058
-0.113189,0.724956,0.788501,-0.083571,0.004863,-0.722443,0.686344,-0.296396,0.058403,0.055288,0.457989,-0.026805,0.097112,-0.226188,-0.257153,-0.052780,1.313824,-0.057239,0.029019,0.047139,0.246075,0.060138,-0.792573,0.953555,-0.726840,0.638148,-0.132113,0.070271,0.185914,-0.693846,-0.924428,0.825076,0.840082,-0.019485,0.147612,-0.000691
-0.107417,0.716452,0.793122,-0.098298,0.001718,-0.704947,0.702413,-0.246882,0.042875,0.024070,0.431898,-0.019882,0.111685,-0.345641,-0.248341,-0.051595,1.465387,-0.128590,0.023831,-0.010394,0.267899,0.094221,-0.761898,0.888210,-0.728506,0.523671,-0.128989,0.068954,0.183746,-0.527921,-0.924288,0.765995,0.845819,-0.007874,0.141136,-0.008309
-0.103050,0.705900,0.795935,-0.102133,-0.001285,-0.694198,0.712500,-0.209379,0.022739,-0.004085,0.408451,-0.017377,0.119352,-0.328549,-0.221216,-0.056792,1.470113,-0.135662,0.002778,-0.059330,0.265170,0.113790,-0.711034,0.803818,-0.770018,0.381641,-0.117154,0.071243,0.162536,-0.370186,-0.930742,0.707148,0.809437,0.008325,0.136354,-0.014963
-0.098684,0.695331,0.798846,-0.106467,-0.004807,-0.683087,0.722519,-0.170099,0.003184,-0.033208,0.385426,-0.015258,0.127508,-0.309644,-0.193940,-0.061940,1.474439,-0.143041,-0.018411,-0.106496,0.261766,0.134573,-0.666018,0.721101,-0.817476,0.238042,-0.106276,0.074911,0.140582,-0.207280,-0.930337,0.643713,0.770684,0.023424,0.132047,-0.022445
-0.094461,0.684801,0.801613,-0.110795,-0.008467,-0.671735,0.732410,-0.130923,-0.015914,-0.062971,0.363262,-0.013337,0.135947,-0.291176,-0.166631,-0.066594,1.479082,-0.150515,-0.039678,-0.152645,0.257890,0.155374,-0.625279,0.640159,-0.867982,0.094643,-0.096784,0.078441,0.117493,-0.044197,-0.921497,0.580982,0.732085,0.037916,0.127571,-0.030472
-0.093238,0.675659,0.804215,-0.125385,-0.014677,-0.658807,0.741645,-0.084600,-0.010462,-0.088118,0.363625,-0.020942,0.136683,-0.497742,-0.191460,-0.071943,1.459784,-0.161403,-0.028178,-0.204033,0.255178,0.197337,-0.601940,0.572051,-0.897945,0.026156,-0.093566,0.083835,0.093927,0.073824,-0.875516,0.529026,0.753718,0.056380,0.128075,-0.042473
-0.091810,0.666377,0.806626,-0.138790,-0.019437,-0.645107,0.751130,-0.044059,-0.005072,-0.115257,0.366488,-0.029166,0.139060,-0.709898,-0.219702,-0.069864,1.437700,-0.168974,-0.017518,-0.256126,0.253121,0.234458,-0.577868,0.503786,-0.927011,-0.041090,-0.090812,0.088162,0.069376,0.185862,-0.826563,0.485043,0.778277,0.075075,0.126146,-0.053833
-0.090499,0.654852,0.808016,-0.152978,-0.027391,-0.630674,0.760328,-0.003092,-0.002815,-0.141208,0.389713,-0.052706,0.142173,-0.922191,-0.249441,-0.053233,1.427282,-0.185437,-0.006227,-0.313997,0.248305,0.284840,-0.555838,0.443609,-0.945714,-0.116156,-0.090575,0.090587,0.043934,0.281643,-0.781376,0.447341,0.804757,0.096703,0.124937,-0.059211
-0.090220,0.646055,0.810159,-0.163352,-0.029776,-0.621496,0.765619,0.033978,0.009645,-0.163539,0.381513,-0.061120,0.140631,-1.033667,-0.272666,-0.063835,1.383979,-0.193009,-0.003477,-0.344418,0.247322,0.316803,-0.527315,0.389545,-0.954881,-0.115561,-0.084882,0.096088,0.026415,0.351595,-0.753055,0.415727,0.791909,0.117033,0.122602,-0.060507
-0.089647,0.637155,0.812303,-0.174648,-0.032451,-0.611662,0.770918,0.072031,0.023459,-0.186441,0.375001,-0.070711,0.138884,-1.142096,-0.296685,-0.072716,1.339198,-0.201036,-0.000588,-0.374284,0.249192,0.351202,-0.500016,0.330141,-0.962871,-0.110194,-0.077680,0.098761,0.006743,0.424854,-0.725958,0.380518,0.775316,0.137769,0.120934,-0.061519
-0.088839,0.628468,0.814405,-0.186546,-0.034988,-0.601710,0.775836,0.109998,0.039062,-0.208759,0.368908,-0.080504,0.137140,-1.248405,-0.320245,-0.079978,1.290938,-0.207879,0.002295,-0.403693,0.252985,0.386848,-0.472811,0.269010,-0.971252,-0.103728,-0.070190,0.100871,-0.012820,0.498015,-0.698250,0.345493,0.757171,0.158272,0.120031,-0.062824
-0.088653,0.618186,0.816717,-0.195924,-0.031340,-0.593577,0.779935,0.134724,0.064898,-0.222334,0.363026,-0.094315,0.134466,-1.276071,-0.327803,-0.076107,1.132477,-0.202591,0.007124,-0.416257,0.270016,0.403020,-0.468155,0.227166,-0.953924,-0.092629,-0.061184,0.099154,-0.012520,0.525774,-0.670095,0.324125,0.776560,0.181210,0.122695,-0.065805
-0.088271,0.609723,0.819171,-0.206177,-0.027666,-0.586360,0.782884,0.160080,0.093337,-0.233005,0.352175,-0.103881,0.130817,-1.296798,-0.330408,-0.075881,0.961086,-0.190013,0.012072,-0.430632,0.283321,0.422565,-0.464330,0.192995,-0.937392,-0.083239,-0.053677,0.097471,-0.009845,0.540698,-0.641123,0.313877,0.805693,0.205038,0.122429,-0.067664
-0.087756,0.601228,0.821494,-0.216533,-0.024578,-0.578853,0.785773,0.186239,0.121316,-0.242913,0.341333,-0.113486,0.127371,-1.315080,-0.332319,-0.074827,0.787771,-0.177081,0.018180,-0.446504,0.294736,0.443404,-0.462923,0.161066,-0.924606,-0.074731,-0.046688,0.096432,-0.007119,0.553791,-0.612928,0.305385,0.836534,0.229440,0.121423,-0.068603
-0.086602,0.595035,0.822816,-0.220557,-0.023692,-0.572834,0.789085,0.209472,0.134315,-0.248260,0.319401,-0.114295,0.127349,-1.321150,-0.351827,-0.067621,0.731422,-0.141961,0.034912,-0.445560,0.304202,0.445634,-0.476022,0.152830,-0.926370,-0.092115,-0.048143,0.094766,-0.010914,0.528198,-0.614991,0.306852,0.896337,0.249883,0.124456,-0.067995
-0.085609,0.588366,0.824012,-0.224395,-0.023135,-0.566474,0.792602,0.233180,0.146867,-0.253365,0.297922,-0.116965,0.127199,-1.329456,-0.372362,-0.058338,0.679258,-0.108995,0.051640,-0.447352,0.311017,0.449614,-0.492069,0.149117,-0.930613,-0.113153,-0.051245,0.095546,-0.014689,0.494779,-0.617319,0.312533,0.963676,0.271522,0.125040,-0.064075
-0.084586,0.581590,0.825205,-0.228375,-0.022761,-0.559895,0.796144,0.257259,0.159529,-0.258491,0.276766,-0.120055,0.126898,-1.337590,-0.393408,-0.048473,0.627615,-0.076460,0.068350,-0.450406,0.316877,0.454204,-0.509362,0.147034,-0.937262,-0.135113,-0.054684,0.097070,-0.018394,0.459102,-0.619928,0.320296,1.033052,0.293513,0.125069,-0.058389
-0.084564,0.576009,0.825997,-0.230073,-0.021585,-0.556787,0.797865,0.275645,0.170712,-0.259621,0.254990,-0.120054,0.125515,-1.330591,-0.405893,-0.046981,0.616426,-0.063414,0.082543,-0.442242,0.326262,0.448487,-0.521797,0.163264,-0.929808,-0.151861,-0.061320,0.098643,-0.011962,0.397958,-0.619547,0.327517,1.034073,0.301531,0.110881,-0.066897
-0.084743,0.569992,0.826808,-0.231800,-0.020312,-0.553614,0.799605,0.294131,0.182498,-0.260851,0.233516,-0.120999,0.123228,-1.325602,-0.418382,-0.045036,0.609226,-0.052693,0.096506,-0.434062,0.335374,0.442110,-0.532834,0.180398,-0.921755,-0.168572,-0.068152,0.099040,-0.005466,0.340731,-0.617512,0.333903,1.029291,0.308560,0.099241,-0.078708
-0.084957,0.563836,0.827633,-0.233491,-0.019055,-0.550419,0.801347,0.312454,0.194167,-0.261998,0.212353,-0.122204,0.120825,-1.320961,-0.430880,-0.042868,0.602564,-0.042359,0.110506,-0.425643,0.344540,0.435299,-0.542582,0.196993,-0.912254,-0.185599,-0.074866,0.099677,0.001471,0.284429,-0.614534,0.339504,1.022859,0.315294,0.088991,-0.091172
-0.086650,0.559773,0.828116,-0.231706,-0.019365,-0.548466,0.803195,0.326239,0.198654,-0.259510,0.188637,-0.116243,0.119275,-1.319806,-0.435095,-0.045669,0.635552,-0.024976,0.121766,-0.403566,0.347651,0.421357,-0.541754,0.224900,-0.899251,-0.194546,-0.081757,0.101304,0.015063,0.209353,-0.627387,0.345570,1.001670,0.310092,0.082707,-0.095886
-0.088518,0.555289,0.828577,-0.229597,-0.019627,-0.546778,0.804943,0.339906,0.202702,-0.256445,0.165148,-0.111071,0.116731,-1.321756,-0.438500,-0.046752,0.672660,-0.009689,0.133070,-0.381812,0.349652,0.407400,-0.539542,0.253868,-0.882551,-0.203659,-0.088972,0.102002,0.028798,0.131435,-0.639927,0.353935,0.982247,0.304487,0.076652,-0.099300
-0.090301,0.550792,0.829062,-0.227455,-0.019892,-0.545113,0.806673,0.353398,0.206419,-0.253399,0.142037,-0.106153,0.114059,-1.324147,-0.441553,-0.047381,0.710481,0.005181,0.144550,-0.360269,0.351261,0.393517,-0.536167,0.282632,-0.863527,-0.212709,-0.096136,0.102403,0.042573,0.052302,-0.652019,0.363750,0.963516,0.298991,0.070532,-0.102425
-0.090646,0.546257,0.829798,-0.221688,-0.019813,-0.544995,0.808358,0.352747,0.199419,-0.246340,0.137682,-0.097277,0.112307,-1.318777,-0.445115,-0.050816,0.739377,0.016613,0.151883,-0.342605,0.346801,0.379249,-0.522698,0.312182,-0.826814,-0.191477,-0.099418,0.104753,0.062381,0.000856,-0.660529,0.345705,0.943021,0.299415,0.064584,-0.112318
-0.090808,0.541824,0.830594,-0.215693,-0.019403,-0.545014,0.809975,0.350694,0.191979,-0.239286,0.134622,-0.089015,0.111001,-1.313887,-0.448356,-0.054246,0.767436,0.028496,0.159410,-0.322853,0.343355,0.363208,-0.509487,0.339071,-0.790154,-0.167375,-0.102561,0.105181,0.081703,-0.046609,-0.669965,0.325177,0.919442,0.299111,0.059401,-0.123066
-0.091034,0.537388,0.831374,-0.209628,-0.018828,-0.545102,0.811520,0.348247,0.184492,-0.232121,0.131806,-0.080873,0.109734,-1.309322,-0.451218,-0.057634,0.795433,0.040402,0.167104,-0.302247,0.340209,0.346584,-0.496222,0.365114,-0.753143,-0.142620,-0.105954,0.105137,0.100922,-0.092863,-0.680024,0.303965,0.895120,0.298459,0.054546,-0.133995
-0.091397,0.533121,0.832146,-0.203400,-0.017544,-0.545490,0.812872,0.343133,0.176765,-0.232876,0.130424,-0.072268,0.107275,-1.293139,-0.447855,-0.059003,0.832685,0.052385,0.172999,-0.286182,0.336762,0.328842,-0.495751,0.416663,-0.733370,-0.108086,-0.107647,0.104993,0.109411,-0.127650,-0.705244,0.292014,0.852484,0.290050,0.052103,-0.137837
-0.091730,0.528774,0.832974,-0.197296,-0.016460,-0.545767,0.814212,0.338582,0.169066,-0.233768,0.129461,-0.064139,0.104789,-1.277145,-0.444463,-0.059898,0.871343,0.063466,0.178991,-0.270012,0.332556,0.312048,-0.495506,0.469006,-0.713240,-0.072680,-0.110065,0.103612,0.117259,-0.161219,-0.730787,0.279518,0.807847,0.281240,0.050811,-0.141328
-0.092143,0.524427,0.833701,-0.191251,-0.015390,-0.546023,0.815503,0.334195,0.161402,-0.234635,0.128568,-0.056067,0.102332,-1.261070,-0.440899,-0.060658,0.910205,0.074367,0.185150,-0.253814,0.328191,0.295511,-0.494831,0.521426,-0.692822,-0.037051,-0.112587,0.102020,0.124993,-0.194517,-0.756898,0.267450,0.762947,0.272389,0.049827,-0.144557
-0.094222,0.517524,0.833763,-0.181710,-0.014239,-0.547525,0.816698,0.327933,0.150548,-0.233554,0.127520,-0.051564,0.099529,-1.223435,-0.432843,-0.072564,0.917361,0.068567,0.188555,-0.234511,0.310425,0.275684,-0.473912,0.545797,-0.651572,0.030170,-0.123821,0.100835,0.143117,-0.219450,-0.755320,0.262857,0.716846,0.270993,0.050214,-0.148892
-0.096265,0.510880,0.833883,-0.172519,-0.012995,-0.549264,0.817544,0.321711,0.140368,-0.231510,0.126454,-0.047463,0.095548,-1.184307,-0.423781,-0.085475,0.922118,0.063922,0.191679,-0.215651,0.293009,0.256256,-0.453294,0.569677,-0.609010,0.100363,-0.135187,0.097533,0.160319,-0.244411,-0.753539,0.259927,0.670084,0.269714,0.051141,-0.154244
-0.098285,0.504370,0.833901,-0.163522,-0.011707,-0.551168,0.818130,0.315577,0.130550,-0.228910,0.125534,-0.043393,0.091544,-1.144811,-0.414028,-0.098528,0.926411,0.059423,0.194670,-0.196775,0.275881,0.237471,-0.433083,0.593838,-0.565538,0.171126,-0.147083,0.093801,0.176782,-0.269627,-0.751991,0.257498,0.623353,0.268396,0.052179,-0.159661
-0.099660,0.498040,0.833650,-0.154442,-0.010419,-0.552714,0.818869,0.309075,0.119581,-0.225222,0.125037,-0.039761,0.089164,-1.090840,-0.397187,-0.104633,0.915088,0.063160,0.201544,-0.175205,0.264855,0.218644,-0.422254,0.640147,-0.516377,0.179955,-0.158004,0.082262,0.195578,-0.269189,-0.733925,0.249008,0.613545,0.280205,0.055513,-0.163011
-0.100987,0.492009,0.833427,-0.145677,-0.009122,-0.554724,0.819132,0.302931,0.109223,-0.220498,0.124457,-0.035878,0.086556,-1.036092,-0.378807,-0.110698,0.902255,0.067612,0.207943,-0.152128,0.253172,0.200654,-0.408610,0.688413,-0.466682,0.183889,-0.169350,0.073499,0.215349,-0.268521,-0.714753,0.239492,0.604945,0.292109,0.057239,-0.165821
-0.102377,0.485993,0.833230,-0.137218,-0.007660,-0.556926,0.819113,0.296880,0.099649,-0.215145,0.123913,-0.032037,0.083846,-0.981062,-0.359473,-0.116579,0.888823,0.072147,0.214062,-0.128586,0.241963,0.183265,-0.393379,0.736240,-0.415686,0.187316,-0.180576,0.065215,0.235324,-0.267891,-0.695457,0.229850,0.596548,0.303913,0.058635,-0.168607
-0.103921,0.478938,0.832359,-0.129840,-0.005967,-0.558601,0.819190,0.292930,0.093637,-0.208701,0.123843,-0.034452,0.079574,-0.922836,-0.339928,-0.120542,0.860439,0.071897,0.217516,-0.110626,0.229187,0.166843,-0.386629,0.765947,-0.363673,0.171767,-0.193838,0.055328,0.258589,-0.255131,-0.673334,0.215311,0.578740,0.311460,0.057304,-0.175932
-0.105327,0.472090,0.831649,-0.122963,-0.004094,-0.560379,0.819047,0.289189,0.088573,-0.202288,0.123869,-0.035632,0.076324,-0.863148,-0.319583,-0.124864,0.830208,0.072135,0.220646,-0.091312,0.217976,0.150737,-0.379740,0.793731,-0.312463,0.155313,-0.206091,0.046418,0.282637,-0.239948,-0.651715,0.199087,0.558641,0.318182,0.056375,-0.183942
-0.106666,0.465226,0.830990,-0.116469,-0.002059,-0.562236,0.818731,0.285664,0.084409,-0.195540,0.123912,-0.036867,0.073000,-0.802920,-0.298509,-0.128936,0.799117,0.072608,0.223471,-0.071360,0.207718,0.134917,-0.372582,0.820295,-0.261465,0.138859,-0.217580,0.037493,0.307014,-0.224192,-0.630147,0.182479,0.537881,0.324580,0.055567,-0.192125
-0.109904,0.456513,0.830010,-0.111264,-0.001159,-0.564107,0.818170,0.287659,0.084761,-0.189086,0.124556,-0.039822,0.066579,-0.739069,-0.275726,-0.125462,0.762628,0.074557,0.225899,-0.052847,0.188596,0.115983,-0.374916,0.818507,-0.206015,0.083397,-0.228855,0.028848,0.336417,-0.225327,-0.649243,0.147621,0.437097,0.318903,0.048440,-0.206145
-0.112645,0.447822,0.829018,-0.106674,-0.000426,-0.565908,0.817539,0.290869,0.085625,-0.182269,0.125294,-0.043128,0.060427,-0.673658,-0.252958,-0.121053,0.725078,0.077051,0.228740,-0.033302,0.172999,0.099187,-0.376940,0.811659,-0.150413,0.022440,-0.236625,0.023506,0.367300,-0.221258,-0.671752,0.110158,0.327632,0.310683,0.046226,-0.221296
-0.115328,0.439265,0.828136,-0.102495,0.000253,-0.567629,0.816880,0.294689,0.087005,-0.175447,0.126178,-0.046582,0.054371,-0.607251,-0.230161,-0.115882,0.686613,0.079909,0.231467,-0.013763,0.158457,0.082791,-0.379307,0.802597,-0.096423,-0.040427,-0.242012,0.019040,0.398853,-0.214954,-0.694544,0.072728,0.215831,0.300445,0.045953,-0.236069
-0.118824,0.430002,0.826513,-0.099003,0.000068,-0.570716,0.815157,0.302836,0.089208,-0.166154,0.126721,-0.051802,0.046509,-0.557824,-0.221352,-0.127960,0.689364,0.075256,0.210857,-0.000934,0.146895,0.069933,-0.384604,0.786690,-0.077292,-0.145553,-0.232530,0.015342,0.412490,-0.214408,-0.709791,0.047864,0.100258,0.288046,0.047576,-0.246620
-0.122427,0.420167,0.824724,-0.095000,-0.000372,-0.573325,0.813802,0.310991,0.090928,-0.157693,0.127616,-0.057706,0.038775,-0.511573,-0.214486,-0.138587,0.699521,0.065901,0.190228,0.011547,0.133393,0.056377,-0.387808,0.770990,-0.060359,-0.257600,-0.218905,0.017026,0.426133,-0.212040,-0.724460,0.022783,-0.016092,0.273904,0.050619,-0.256111
-0.126167,0.412566,0.824238,-0.091726,0.003089,-0.574389,0.813421,0.312213,0.099226,-0.153412,0.120827,-0.054360,0.029804,-0.458174,-0.203433,-0.158956,0.680135,0.075104,0.168032,0.020728,0.123195,0.034255,-0.390581,0.761214,-0.045204,-0.372667,-0.209310,0.026008,0.437109,-0.202042,-0.739599,-0.005906,-0.137716,0.262204,0.059396,-0.261948
-0.129481,0.398323,0.820281,-0.085986,0.000315,-0.579356,0.810526,0.327563,0.094892,-0.139179,0.128172,-0.071871,0.022370,-0.415035,-0.190477,-0.153054,0.700792,0.016841,0.164305,0.040720,0.103847,0.023516,-0.403690,0.741349,-0.048532,-0.476413,-0.185149,0.036069,0.430961,-0.226362,-0.762973,-0.003143,-0.198325,0.253127,0.066757,-0.262839
-0.133197,0.389255,0.818462,-0.081001,0.003337,-0.581481,0.809510,0.330388,0.099311,-0.132974,0.121364,-0.070723,0.012854,-0.360233,-0.171447,-0.162599,0.668170,-0.005578,0.158074,0.052676,0.089446,0.001049,-0.424619,0.730754,-0.051895,-0.572689,-0.170321,0.054535,0.417803,-0.259439,-0.792535,0.000385,-0.242776,0.257186,0.073824,-0.256517
-0.136740,0.377821,0.815814,-0.076498,0.003742,-0.584970,0.807430,0.339817,0.101278,-0.122620,0.121793,-0.078781,0.003862,-0.309613,-0.152891,-0.164169,0.658946,-0.044051,0.152780,0.066426,0.074749,-0.014852,-0.442867,0.718691,-0.053440,-0.668500,-0.151928,0.067846,0.404135,-0.295610,-0.821167,0.009505,-0.285909,0.256851,0.076130,-0.251949
-0.139067,0.366667,0.811360,-0.074571,0.006864,-0.590667,0.803433,0.352086,0.109388,-0.102232,0.119977,-0.104902,0.000808,-0.277051,-0.131086,-0.166520,0.644560,-0.108584,0.142871,0.082461,0.067403,-0.027059,-0.457705,0.687848,-0.079808,-0.707679,-0.152005,0.081896,0.380706,-0.356186,-0.846601,0.037723,-0.285240,0.263788,0.080980,-0.238965
-0.141437,0.355713,0.807037,-0.073070,0.010447,-0.596273,0.799381,0.363860,0.118827,-0.081687,0.118712,-0.131902,-0.002664,-0.245199,-0.106973,-0.168362,0.630660,-0.173504,0.132328,0.097615,0.061648,-0.040224,-0.474504,0.657248,-0.105747,-0.741150,-0.153116,0.092418,0.356431,-0.422190,-0.871574,0.070709,-0.278755,0.271509,0.082813,-0.224746
-0.143333,0.341918,0.801692,-0.072179,0.009778,-0.603042,0.794377,0.386105,0.123392,-0.057060,0.124894,-0.169130,-0.005201,-0.213916,-0.085959,-0.162038,0.644579,-0.259276,0.122824,0.114959,0.048872,-0.047005,-0.481827,0.631952,-0.131623,-0.781923,-0.152215,0.099717,0.333352,-0.476021,-0.886658,0.102843,-0.283737,0.270539,0.083618,-0.214519
-0.146360,0.331088,0.796488,-0.073972,0.014420,-0.604346,0.793150,0.394271,0.144459,-0.016552,0.125207,-0.196725,0.021312,-0.204445,-0.064721,-0.167872,0.651744,-0.293396,0.111910,0.130558,0.058854,-0.048242,-0.464389,0.604682,-0.147595,-0.796144,-0.156097,0.106232,0.313156,-0.536785,-0.899658,0.136175,-0.260211,0.268796,0.088163,-0.200941
-0.149430,0.320190,0.791779,-0.075506,0.020371,-0.605788,0.791773,0.402062,0.166506,0.023669,0.125154,-0.224429,0.046854,-0.194876,-0.040901,-0.174260,0.652331,-0.323952,0.100756,0.144578,0.071068,-0.053411,-0.444512,0.577123,-0.161297,-0.809424,-0.160591,0.110965,0.292759,-0.602415,-0.911081,0.175046,-0.233950,0.266903,0.091772,-0.186617
-0.152621,0.309115,0.787572,-0.076803,0.026490,-0.607188,0.790394,0.411607,0.188103,0.063283,0.124693,-0.252481,0.071517,-0.184555,-0.016121,-0.180670,0.649867,-0.353305,0.089471,0.157709,0.083029,-0.059954,-0.423458,0.549947,-0.174511,-0.822746,-0.165129,0.115271,0.272207,-0.669774,-0.919895,0.216307,-0.207141,0.264528,0.094991,-0.172373
-0.154564,0.292309,0.794053,-0.073584,0.023401,-0.612187,0.786934,0.314191,0.186827,0.077863,0.265127,-0.194815,0.095750,-0.115823,-0.001644,-0.169499,0.551036,-0.326728,0.085747,0.177845,0.087106,-0.061155,-0.407410,0.549487,-0.172321,-0.784881,-0.162528,0.123097,0.267153,-0.762738,-0.925450,0.288615,-0.159805,0.262270,0.097143,-0.156736
-0.157168,0.273303,0.800541,-0.067147,0.012119,-0.619055,0.782378,0.210758,0.169384,0.099376,0.448086,-0.164079,0.121075,-0.040090,-0.003652,-0.147925,0.465238,-0.311092,0.084114,0.201556,0.068260,-0.052484,-0.383738,0.561482,-0.174130,-0.750849,-0.159488,0.125074,0.263458,-0.834170,-0.913862,0.349565,-0.125428,0.250679,0.098291,-0.148599
-0.160816,0.256211,0.805775,-0.058222,-0.000376,-0.625450,0.778089,0.087418,0.150018,0.125613,0.667465,-0.150246,0.146850,0.024951,-0.015628,-0.128167,0.393612,-0.299702,0.082983,0.225787,0.042246,-0.039266,-0.365858,0.576200,-0.177409,-0.715921,-0.156565,0.126995,0.260319,-0.903698,-0.899221,0.403448,-0.092986,0.237324,0.100212,-0.141362
-0.162659,0.240111,0.806315,-0.054636,-0.002623,-0.627395,0.776777,-0.004263,0.131502,0.127181,0.704930,-0.158152,0.138066,0.077535,-0.012209,-0.121617,0.327585,-0.287550,0.079385,0.244098,0.040176,-0.041810,-0.368310,0.645777,-0.197844,-0.642363,-0.158904,0.129713,0.257132,-0.980919,-0.906995,0.457434,-0.001324,0.230321,0.106919,-0.132480
-0.164935,0.224809,0.806485,-0.051263,-0.005343,-0.629247,0.775495,-0.099148,0.113891,0.129028,0.748014,-0.167868,0.128958,0.128256,-0.009487,-0.115382,0.265240,-0.276153,0.075560,0.260803,0.038363,-0.041160,-0.378281,0.717518,-0.219441,-0.563130,-0.162735,0.128658,0.254739,-1.067454,-0.907655,0.516678,0.099412,0.221789,0.109177,-0.123075
-0.167309,0.210199,0.806598,-0.047349,-0.007855,-0.630994,0.774302,-0.197754,0.096305,0.131916,0.793087,-0.177321,0.120117,0.174834,-0.008250,-0.109596,0.207407,-0.266040,0.072035,0.276398,0.036506,-0.039655,-0.392495,0.789589,-0.242033,-0.483033,-0.166408,0.126848,0.251775,-1.157163,-0.902864,0.577981,0.202165,0.211535,0.110180,-0.114299
-0.166311,0.194583,0.805852,-0.046465,-0.005493,-0.633328,0.772467,-0.242063,0.080629,0.136277,0.744180,-0.173499,0.092175,0.204730,-0.001584,-0.105868,0.179312,-0.248884,0.069375,0.289468,0.048080,-0.049548,-0.426997,0.883105,-0.259609,-0.395676,-0.178409,0.119787,0.256057,-1.228617,-0.906146,0.628022,0.261932,0.207628,0.108227,-0.110313
-0.165571,0.178693,0.805458,-0.044237,-0.004995,-0.635623,0.770715,-0.283118,0.060441,0.142688,0.690381,-0.167074,0.065056,0.235506,-0.000351,-0.101839,0.153326,-0.233590,0.067516,0.303680,0.053624,-0.056560,-0.469547,0.978149,-0.285064,-0.307203,-0.190832,0.111439,0.258741,-1.294340,-0.908313,0.673315,0.315913,0.203050,0.108689,-0.107553
-0.164855,0.162770,0.805201,-0.041379,-0.004971,-0.637955,0.768945,-0.324567,0.039135,0.149690,0.635976,-0.160117,0.038316,0.265880,-0.001216,-0.097743,0.128430,-0.219044,0.065927,0.317837,0.056905,-0.062611,-0.519344,1.072904,-0.318091,-0.219046,-0.202280,0.102879,0.259534,-1.357539,-0.907391,0.716559,0.368025,0.197520,0.109627,-0.104966
-0.162065,0.144496,0.800879,-0.039384,-0.006523,-0.641643,0.765964,-0.339165,0.022855,0.148223,0.590423,-0.145819,0.048918,0.294034,-0.007883,-0.088870,0.124995,-0.249049,0.071549,0.323614,0.056794,-0.076039,-0.561520,1.118982,-0.327591,-0.193700,-0.214405,0.093811,0.270268,-1.391168,-0.910214,0.726466,0.386786,0.203625,0.106719,-0.110225
-0.159989,0.128645,0.797295,-0.035670,-0.008584,-0.645870,0.762565,-0.352083,0.004350,0.150272,0.528894,-0.118465,0.060058,0.317166,-0.018101,-0.079896,0.120898,-0.274740,0.077231,0.329052,0.054460,-0.087584,-0.613525,1.164199,-0.343258,-0.162062,-0.233249,0.084485,0.281039,-1.427943,-0.904170,0.738929,0.409062,0.211267,0.104611,-0.114856
-0.158068,0.113421,0.794164,-0.031145,-0.010899,-0.650108,0.759125,-0.364254,-0.015379,0.153607,0.461172,-0.086523,0.071703,0.338746,-0.030370,-0.072087,0.117260,-0.300032,0.083594,0.334378,0.051901,-0.097945,-0.664601,1.202278,-0.361359,-0.128208,-0.251933,0.074233,0.289156,-1.458788,-0.890750,0.749731,0.431045,0.217492,0.102123,-0.118476
-0.154308,0.096680,0.800198,-0.037974,-0.013469,-0.654472,0.755012,-0.321960,-0.020609,0.141579,0.417378,-0.046199,0.090739,0.304364,-0.033164,-0.055545,0.246067,-0.208421,0.077674,0.329984,0.060859,-0.101970,-0.841684,1.195107,-0.448385,-0.046313,-0.290085,0.047619,0.316123,-1.501602,-0.856796,0.763663,0.452409,0.239936,0.088080,-0.124870
-0.149104,0.077446,0.805904,-0.050331,-0.013971,-0.658303,0.750939,-0.287104,-0.014107,0.123561,0.408243,-0.029021,0.109426,0.273120,-0.023005,-0.041991,0.384618,-0.125348,0.074168,0.326063,0.083848,-0.114307,-0.940656,1.157647,-0.489152,0.000697,-0.301021,0.031092,0.334751,-1.490660,-0.822237,0.755535,0.441854,0.248679,0.077131,-0.128423
-0.143879,0.057945,0.811333,-0.063692,-0.014082,-0.661912,0.746738,-0.254413,-0.004292,0.105233,0.406296,-0.016243,0.127675,0.234576,-0.008905,-0.031371,0.540082,-0.050807,0.072521,0.322667,0.107494,-0.127395,-1.008272,1.098709,-0.514834,0.043786,-0.305717,0.015124,0.347389,-1.446495,-0.775897,0.732562,0.420486,0.251426,0.066537,-0.129173
-0.139472,0.040559,0.813364,-0.076948,-0.019132,-0.659276,0.747709,-0.215445,0.002310,0.101755,0.417192,-0.037233,0.134404,0.113400,-0.020223,-0.057361,0.718478,-0.067172,0.049837,0.290197,0.114454,-0.116252,-1.054907,0.975409,-0.541508,0.053780,-0.283151,0.004594,0.336434,-1.361221,-0.711749,0.676386,0.397701,0.243169,0.055934,-0.131018
-0.134529,0.024407,0.815390,-0.089536,-0.022738,-0.657294,0.747951,-0.178788,0.010597,0.100066,0.422584,-0.053668,0.141444,-0.010212,-0.036589,-0.081483,0.895247,-0.082472,0.023802,0.253640,0.124016,-0.106668,-1.039411,0.843000,-0.520514,0.054964,-0.254526,-0.004777,0.317483,-1.247539,-0.628155,0.607822,0.369458,0.226316,0.044074,-0.127007
-0.130269,0.009734,0.815259,-0.095704,-0.027693,-0.655243,0.748819,-0.157176,0.007346,0.103042,0.437812,-0.071527,0.150445,-0.149749,-0.072205,-0.099271,1.093473,-0.109679,-0.004081,0.215078,0.117032,-0.093263,-1.002250,0.704402,-0.480946,0.053813,-0.221289,-0.012675,0.298247,-1.118656,-0.537415,0.527565,0.338882,0.205877,0.032089,-0.121008
-0.127359,0.000150,0.816499,-0.106609,-0.029881,-0.652276,0.749852,-0.121128,0.015962,0.090177,0.427033,-0.070994,0.151655,-0.287483,-0.077986,-0.116708,1.153221,-0.115782,-0.004469,0.158287,0.125005,-0.065006,-0.874642,0.552144,-0.413304,0.054461,-0.189993,-0.014874,0.242938,-0.945308,-0.436112,0.436899,0.299011,0.179520,0.020307,-0.100571
-0.125020,-0.009336,0.816702,-0.114658,-0.032819,-0.648158,0.752109,-0.091862,0.018095,0.076863,0.422470,-0.072340,0.153729,-0.430703,-0.093287,-0.132129,1.220254,-0.125855,-0.004328,0.097374,0.125023,-0.038323,-0.753397,0.413112,-0.343953,0.047003,-0.153621,-0.014060,0.193434,-0.778589,-0.339270,0.347877,0.263437,0.152587,0.010402,-0.083288
-0.123294,-0.018867,0.815652,-0.117436,-0.036704,-0.641828,0.756913,-0.072656,0.008059,0.061016,0.424145,-0.074905,0.157406,-0.584625,-0.123310,-0.140495,1.298190,-0.141248,-0.003027,0.030336,0.110691,-0.017005,-0.660843,0.293449,-0.286026,0.033942,-0.118048,-0.008861,0.153742,-0.634839,-0.253065,0.265950,0.238869,0.129311,0.003788,-0.071062
-0.121795,-0.028179,0.816819,-0.127419,-0.040838,-0.638935,0.757534,-0.026006,0.015510,0.042436,0.406883,-0.077617,0.156359,-0.737954,-0.140541,-0.148869,1.374853,-0.171012,0.002354,-0.020584,0.120730,0.034570,-0.539785,0.216978,-0.218964,0.039200,-0.098114,-0.004711,0.122481,-0.502653,-0.187422,0.195592,0.217206,0.108341,-0.004310,-0.052237
-0.120089,-0.035892,0.818083,-0.136112,-0.044039,-0.634062,0.759934,0.019857,0.019525,0.019467,0.377624,-0.070019,0.156974,-0.894418,-0.164713,-0.154726,1.442576,-0.191102,0.007896,-0.079346,0.130797,0.076234,-0.460798,0.154208,-0.163740,0.051018,-0.080671,0.002861,0.093638,-0.404634,-0.125884,0.139344,0.210380,0.092123,-0.007224,-0.037013
-0.118113,-0.043892,0.819875,-0.144739,-0.046004,-0.628395,0.762924,0.064860,0.025155,-0.005867,0.346411,-0.061359,0.157899,-1.050489,-0.190553,-0.157702,1.503989,-0.207366,0.013113,-0.141502,0.141739,0.112995,-0.425602,0.105229,-0.125420,0.064664,-0.067813,0.009966,0.071989,-0.346187,-0.071738,0.095658,0.213848,0.082312,-0.008414,-0.026202
-0.115900,-0.051227,0.822796,-0.152532,-0.039152,-0.618896,0.769525,0.100762,0.044213,-0.033742,0.294080,-0.045210,0.157885,-1.191926,-0.224115,-0.162958,1.583905,-0.216303,0.013569,-0.205110,0.154072,0.138441,-0.317105,0.076285,-0.086411,0.016060,-0.044726,0.010423,0.048545,-0.232472,-0.044382,0.063114,0.122830,0.052408,-0.007562,-0.020538
-0.113851,-0.060544,0.825251,-0.163677,-0.034548,-0.611833,0.773096,0.141137,0.070040,-0.053925,0.259793,-0.044643,0.156530,-1.325814,-0.250127,-0.166267,1.668446,-0.230897,0.011513,-0.257435,0.169756,0.175341,-0.233816,0.045205,-0.064504,-0.055508,-0.025784,0.011083,0.039848,-0.154206,-0.028367,0.036951,0.014361,0.027226,-0.006201,-0.018683
-0.111633,-0.069790,0.827875,-0.176016,-0.029960,-0.605013,0.775938,0.182624,0.099007,-0.071981,0.227595,-0.045872,0.155284,-1.456367,-0.275278,-0.167753,1.749829,-0.244332,0.008627,-0.308379,0.186785,0.215901,-0.173082,0.003391,-0.055130,-0.129424,-0.008226,0.012267,0.031584,-0.110677,-0.014513,0.013127,-0.110009,0.005658,-0.003044,-0.015703
-0.109814,-0.077935,0.829034,-0.186418,-0.026930,-0.599364,0.778001,0.220979,0.125390,-0.077156,0.196074,-0.045711,0.154150,-1.542899,-0.298850,-0.166240,1.845827,-0.261843,0.004136,-0.323844,0.207785,0.253237,-0.102782,-0.000713,-0.049677,-0.051629,-0.004793,0.016353,0.015551,-0.036351,-0.007953,-0.000415,-0.046861,0.003787,0.001020,-0.006481
-0.108054,-0.085846,0.829426,-0.214713,-0.042332,-0.589192,0.777791,0.317586,0.159714,-0.077410,0.169677,-0.056536,0.152650,-1.570000,-0.320656,-0.168599,1.953417,-0.297087,0.001521,-0.346775,0.219667,0.354739,-0.034952,-0.015874,-0.048606,0.012566,0.004815,0.017364,-0.000202,0.011450,-0.005987,-0.005800,-0.001086,-0.000592,0.000193,-0.000692
-0.106626,-0.087593,0.831163,-0.250217,-0.053535,-0.575874,0.776463,0.411843,0.213975,-0.079274,0.136582,-0.054866,0.148176,-1.570000,-0.349270,-0.193236,2.032839,-0.321537,-0.003591,-0.383228,0.240658,0.470019,0.023884,-0.046937,-0.051282,0.091613,0.012857,0.020182,-0.018973,0.031129,0.012753,0.010212,0.054887,-0.003489,0.000796,0.006926
-0.106752,-0.097811,0.829727,-0.251366,-0.054091,-0.570794,0.779797,0.429417,0.220141,-0.088237,0.135730,-0.074463,0.149627,-1.570000,-0.352795,-0.186942,2.006119,-0.320094,-0.000251,-0.390762,0.240626,0.481235,0.032439,-0.028767,-0.043219,0.049076,0.010712,0.009030,-0.015985,0.002930,0.003638,-0.003436,0.022991,0.000938,-0.001702,0.000876
-0.107028,-0.106948,0.828583,-0.252515,-0.053206,-0.566619,0.782527,0.441597,0.228170,-0.096290,0.138024,-0.094025,0.150431,-1.570000,-0.355197,-0.184913,1.973703,-0.314607,0.001786,-0.395090,0.242568,0.493305,0.048840,-0.012936,-0.037824,-0.000936,0.006322,0.004274,-0.012847,-0.009801,-0.000843,-0.005614,-0.008432,0.001395,-0.001045,-0.000871
-0.107494,-0.116199,0.827471,-0.253577,-0.051720,-0.562619,0.785164,0.452557,0.237113,-0.104194,0.140669,-0.113767,0.150769,-1.570000,-0.357429,-0.184462,1.940862,-0.309591,0.003175,-0.397845,0.245593,0.502152,0.077155,-0.002538,-0.036532,-0.052166,0.002739,0.000842,-0.011426,0.005783,0.002287,0.001629,-0.038304,-0.004036,-0.001301,0.001581
-0.108263,-0.126583,0.825434,-0.240839,-0.046288,-0.561960,0.789971,0.431939,0.226083,-0.107754,0.150603,-0.136682,0.150003,-1.570000,-0.354206,-0.174787,1.920998,-0.301877,0.004982,-0.380792,0.239175,0.474881,0.054853,-0.000529,-0.032235,-0.038180,-0.004472,0.003671,-0.000913,-0.015856,-0.004602,0.008525,-0.015948,-0.000495,0.001794,0.000104
-0.108901,-0.136873,0.823334,-0.228109,-0.040073,-0.561319,0.794533,0.409575,0.215861,-0.111041,0.161338,-0.159682,0.149017,-1.570000,-0.351063,-0.166145,1.899908,-0.293666,0.006675,-0.363490,0.233566,0.445694,0.037841,-0.002367,-0.033824,-0.018195,-0.012619,0.004144,0.008447,-0.011834,-0.005202,0.004916,0.006300,0.002281,0.001463,-0.001804
-0.109525,-0.147044,0.821240,-0.215369,-0.033658,-0.560565,0.798906,0.386846,0.205679,-0.114028,0.172578,-0.182895,0.147936,-1.570000,-0.348013,-0.157483,1.878773,-0.285542,0.008311,-0.346475,0.227397,0.416527,0.024691,-0.004400,-0.043611,0.003376,-0.022491,0.004912,0.018103,0.014088,0.000026,-0.018890,0.022029,0.004955,0.000848,-0.006802
-0.110769,-0.158069,0.820506,-0.196312,-0.028803,-0.562575,0.802584,0.369066,0.182646,-0.114157,0.163713,-0.179400,0.148691,-1.556153,-0.344921,-0.152693,1.842459,-0.269574,0.011760,-0.325376,0.218590,0.371055,-0.014674,0.007452,-0.083287,0.026818,-0.026566,0.005836,0.020583,0.008313,-0.000740,0.002118,0.009644,-0.000321,-0.000496,0.001229
-0.112455,-0.167400,0.819864,-0.184276,-0.028676,-0.562377,0.805576,0.369301,0.166886,-0.114151,0.151776,-0.174298,0.148287,-1.518327,-0.342981,-0.155346,1.802999,-0.255654,0.015295,-0.311518,0.208285,0.347676,-0.059850,0.022516,-0.133940,0.055048,-0.034159,0.007790,0.024790,0.001571,0.002411,0.006662,-0.002832,-0.003051,-0.001103,0.004161
-0.114268,-0.176292,0.819167,-0.174006,-0.029878,-0.561750,0.808249,0.374445,0.152705,-0.113895,0.139175,-0.168920,0.147544,-1.474488,-0.340730,-0.159617,1.763203,-0.242496,0.018651,-0.299634,0.197257,0.331148,-0.111233,0.040612,-0.198255,0.089388,-0.045350,0.010664,0.031145,-0.010229,0.003870,0.004300,-0.012836,-0.002576,-0.001501,0.003802
-0.116489,-0.182790,0.821470,-0.162034,-0.024892,-0.560569,0.811719,0.359142,0.143954,-0.118737,0.128576,-0.138708,0.138480,-1.383609,-0.341004,-0.188900,1.674660,-0.219913,0.025398,-0.290905,0.188556,0.298719,-0.157131,0.068039,-0.273133,0.130626,-0.055446,0.017192,0.036962,0.000197,0.007752,-0.005611,-0.005008,-0.001729,0.000035,0.000729
-0.117766,-0.192312,0.822065,-0.149905,-0.026280,-0.560984,0.813716,0.358220,0.125231,-0.117363,0.125835,-0.119760,0.132076,-1.294521,-0.334789,-0.203812,1.606682,-0.209622,0.034853,-0.276045,0.172586,0.275823,-0.203266,0.101393,-0.359508,0.166441,-0.067892,0.023964,0.043904,0.003276,-0.010690,0.000925,0.007804,0.004181,0.001596,-0.004812
-0.118882,-0.201719,0.822529,-0.138060,-0.027883,-0.561908,0.815120,0.358615,0.106214,-0.114553,0.123035,-0.101071,0.125931,-1.204775,-0.326363,-0.217369,1.539669,-0.200396,0.044109,-0.260019,0.156482,0.254521,-0.251492,0.136004,-0.450726,0.205678,-0.081209,0.031324,0.051357,-0.003004,-0.051831,0.035414,0.031126,0.016551,0.004628,-0.012623
-0.119063,-0.212760,0.822920,-0.128303,-0.025124,-0.561871,0.816828,0.355366,0.097877,-0.110979,0.121143,-0.087519,0.119715,-1.131145,-0.312865,-0.220938,1.474700,-0.189753,0.056728,-0.250477,0.147976,0.234217,-0.297901,0.188390,-0.493059,0.258268,-0.098961,0.038571,0.076264,-0.002077,-0.102888,0.066517,0.053645,0.034379,0.010431,-0.034124
-0.118960,-0.223732,0.823403,-0.118614,-0.021838,-0.562018,0.818284,0.351282,0.089826,-0.106953,0.119669,-0.074142,0.113661,-1.057938,-0.298873,-0.223717,1.409657,-0.179354,0.069026,-0.240603,0.140479,0.213509,-0.339410,0.238925,-0.527306,0.310735,-0.115144,0.044646,0.099138,-0.003183,-0.172299,0.120366,0.085548,0.056989,0.018587,-0.057938
-0.118765,-0.234627,0.823813,-0.109278,-0.018228,-0.562332,0.819456,0.347244,0.082391,-0.102383,0.118329,-0.060916,0.107741,-0.984359,-0.284203,-0.225851,1.344473,-0.169307,0.080913,-0.230341,0.134077,0.193105,-0.373628,0.286678,-0.549601,0.360605,-0.128806,0.049708,0.119640,-0.002926,-0.251047,0.186193,0.124415,0.082158,0.027828,-0.082577
-0.119125,-0.246339,0.823423,-0.100111,-0.014267,-0.561074,0.821565,0.342711,0.078291,-0.098571,0.117056,-0.053501,0.101037,-0.912328,-0.270854,-0.228049,1.244605,-0.166498,0.087771,-0.211748,0.137283,0.170929,-0.388861,0.366702,-0.556329,0.371002,-0.147847,0.048228,0.134748,-0.012820,-0.307305,0.252920,0.211280,0.117870,0.037004,-0.112659
-0.119445,-0.257849,0.822977,-0.091319,-0.009889,-0.559897,0.823455,0.337875,0.074955,-0.094400,0.116110,-0.046126,0.094305,-0.839818,-0.257161,-0.229807,1.144102,-0.163559,0.094077,-0.193912,0.140809,0.149039,-0.393689,0.444746,-0.547913,0.375505,-0.164617,0.046899,0.148061,-0.019986,-0.353310,0.312846,0.299653,0.151200,0.044039,-0.139479
-0.119638,-0.269298,0.822620,-0.082935,-0.005249,-0.558676,0.825212,0.333220,0.072184,-0.090095,0.115336,-0.038882,0.087753,-0.766634,-0.243487,-0.230789,1.043372,-0.160909,0.099985,-0.176156,0.145130,0.127497,-0.390180,0.519405,-0.526822,0.376736,-0.179042,0.044836,0.159678,-0.022038,-0.385103,0.359266,0.383870,0.180423,0.049810,-0.162150
-0.120563,-0.285266,0.818962,-0.074033,-0.006904,-0.560228,0.824995,0.343577,0.062189,-0.085344,0.122223,-0.046930,0.080720,-0.713686,-0.232779,-0.217412,1.002698,-0.177692,0.104739,-0.158057,0.133991,0.117098,-0.356951,0.607989,-0.485050,0.365644,-0.187509,0.039545,0.177106,0.016258,-0.468097,0.369301,0.392704,0.200551,0.053339,-0.163059
-0.121538,-0.298787,0.817288,-0.066908,-0.002358,-0.560641,0.825348,0.344089,0.063399,-0.083285,0.121609,-0.045376,0.072122,-0.655019,-0.216162,-0.217609,0.933852,-0.177522,0.107634,-0.142543,0.129099,0.098565,-0.318845,0.697558,-0.436339,0.355262,-0.197796,0.036178,0.191858,0.064970,-0.528732,0.363398,0.390491,0.214042,0.059286,-0.161011
-0.122414,-0.312265,0.815782,-0.060524,0.003361,-0.561183,0.825469,0.343318,0.067338,-0.080652,0.121147,-0.043702,0.063139,-0.595266,-0.197154,-0.219094,0.860779,-0.175229,0.109772,-0.125993,0.126912,0.079127,-0.273847,0.783796,-0.379283,0.344596,-0.207694,0.032495,0.206194,0.119166,-0.575693,0.344014,0.382935,0.223615,0.064933,-0.156628
-0.123257,-0.325300,0.812474,-0.057037,0.008974,-0.565080,0.823013,0.349352,0.076015,-0.066412,0.120059,-0.057026,0.055821,-0.549392,-0.172823,-0.220948,0.828978,-0.175401,0.107343,-0.106821,0.128994,0.061675,-0.230299,0.848287,-0.298403,0.340312,-0.221338,0.026387,0.232782,0.156990,-0.616106,0.330739,0.362324,0.225868,0.066224,-0.149065
-0.124101,-0.338482,0.809004,-0.053658,0.014272,-0.568762,0.820626,0.355948,0.084249,-0.052272,0.119837,-0.070975,0.048429,-0.504075,-0.149025,-0.221449,0.799794,-0.177195,0.104894,-0.088884,0.131562,0.045264,-0.180203,0.908818,-0.209448,0.337487,-0.233927,0.019210,0.258962,0.195823,-0.651760,0.312574,0.340900,0.227308,0.066805,-0.140387
-0.124888,-0.351600,0.805701,-0.050557,0.019577,-0.572275,0.818268,0.362829,0.092911,-0.038038,0.119800,-0.084939,0.041054,-0.458443,-0.124897,-0.221362,0.770537,-0.179088,0.102218,-0.070963,0.134658,0.029103,-0.123936,0.965661,-0.114333,0.335474,-0.245831,0.011645,0.285193,0.236847,-0.683643,0.290190,0.318874,0.228319,0.067016,-0.131152
-0.125675,-0.361279,0.799678,-0.053654,0.029415,-0.575976,0.815173,0.372046,0.117105,-0.017250,0.114812,-0.142726,0.050548,-0.428861,-0.090851,-0.220471,0.757424,-0.216149,0.087824,-0.051681,0.150232,0.015091,-0.077805,1.008202,-0.029514,0.316984,-0.251761,0.005681,0.307476,0.241530,-0.718373,0.264156,0.275876,0.225801,0.067232,-0.127584
-0.126227,-0.371870,0.793171,-0.058232,0.038515,-0.579861,0.811718,0.384839,0.143140,0.004929,0.114150,-0.204970,0.059092,-0.399143,-0.053810,-0.218280,0.752908,-0.259940,0.073375,-0.034841,0.169494,0.003981,-0.013957,1.043988,0.069848,0.291247,-0.254969,0.000740,0.331724,0.247311,-0.756111,0.238691,0.229619,0.223096,0.069824,-0.124109
-0.126813,-0.381734,0.787396,-0.062590,0.048446,-0.582952,0.808642,0.395488,0.170039,0.025726,0.111544,-0.264130,0.067237,-0.369861,-0.015244,-0.216719,0.743340,-0.300430,0.058840,-0.016799,0.188526,-0.009134,0.046150,1.076869,0.166770,0.269918,-0.257800,-0.003520,0.355632,0.253332,-0.791377,0.211034,0.186766,0.220272,0.071307,-0.120998
-0.126156,-0.399402,0.790823,-0.063082,0.045067,-0.587505,0.805498,0.360279,0.181667,0.052701,0.202243,-0.215202,0.089579,-0.312109,0.004263,-0.204426,0.707005,-0.317856,0.053206,0.002617,0.188909,-0.013948,0.083543,1.063917,0.207589,0.184766,-0.246552,-0.008774,0.370855,0.216309,-0.803234,0.202068,0.161120,0.220418,0.071032,-0.137403
-0.126154,-0.417515,0.794928,-0.062628,0.040266,-0.592307,0.802265,0.321863,0.189078,0.083310,0.302770,-0.170627,0.112135,-0.250133,0.021076,-0.189577,0.664164,-0.331704,0.047319,0.023324,0.185258,-0.017743,0.119370,1.049373,0.245900,0.095168,-0.231307,-0.009173,0.387932,0.177226,-0.812129,0.194255,0.139007,0.220030,0.069416,-0.154385
-0.126665,-0.435776,0.799099,-0.061376,0.034211,-0.597222,0.798992,0.279881,0.194181,0.117785,0.414626,-0.131646,0.135115,-0.186175,0.034571,-0.173033,0.619404,-0.344291,0.041246,0.044093,0.178169,-0.020639,0.154349,1.034809,0.282947,0.004981,-0.214260,-0.008385,0.403883,0.138102,-0.819096,0.187229,0.117142,0.219053,0.067394,-0.171281
-0.125920,-0.450206,0.804303,-0.060019,0.029167,-0.602141,0.795596,0.179878,0.190312,0.128984,0.548325,-0.111938,0.145157,-0.111640,0.045523,-0.153038,0.522507,-0.317411,0.039705,0.060652,0.173626,-0.018453,0.157643,1.025504,0.275530,-0.069643,-0.207803,0.003059,0.392067,0.055077,-0.823367,0.209139,0.122024,0.215592,0.067799,-0.178816
-0.125623,-0.464747,0.806436,-0.059648,0.020580,-0.607846,0.791544,0.072213,0.186787,0.141533,0.723196,-0.118875,0.154736,-0.045651,0.049922,-0.130463,0.461810,-0.311089,0.038450,0.080417,0.167260,-0.010890,0.148640,1.014824,0.253266,-0.134246,-0.193297,0.011230,0.383327,-0.031679,-0.822893,0.234591,0.134856,0.210572,0.065327,-0.187344
-0.125844,-0.477190,0.807232,-0.058790,0.013479,-0.613080,0.787715,-0.047392,0.186598,0.153481,0.913534,-0.132199,0.164708,0.007918,0.052267,-0.110421,0.414408,-0.308291,0.036910,0.100851,0.162092,-0.002454,0.132494,1.006187,0.228933,-0.195718,-0.179262,0.018986,0.373873,-0.120993,-0.820507,0.256910,0.148494,0.206035,0.062381,-0.195821
-0.123985,-0.492444,0.805270,-0.058476,0.012003,-0.615414,0.785940,-0.128976,0.170980,0.151450,0.909934,-0.150462,0.153929,0.059412,0.057108,-0.099431,0.357116,-0.304783,0.037787,0.120871,0.160664,-0.008509,0.079625,1.032771,0.172501,-0.223379,-0.177360,0.025519,0.350724,-0.235628,-0.826831,0.300695,0.174049,0.203081,0.062800,-0.191478
-0.122457,-0.506759,0.803227,-0.059308,0.009509,-0.617760,0.784069,-0.211211,0.157392,0.149726,0.910835,-0.169688,0.143339,0.111680,0.062022,-0.088051,0.302546,-0.301606,0.038226,0.142042,0.161434,-0.010544,0.011352,1.057320,0.105045,-0.243146,-0.174184,0.031960,0.327848,-0.359835,-0.828512,0.348078,0.210159,0.201553,0.060806,-0.187062
-0.120938,-0.520728,0.801104,-0.059998,0.006849,-0.620164,0.782144,-0.295170,0.144441,0.149123,0.912759,-0.188236,0.133270,0.162340,0.065665,-0.076280,0.250431,-0.299108,0.038611,0.164139,0.162600,-0.011902,-0.064454,1.078728,0.032387,-0.259991,-0.170860,0.037430,0.304328,-0.485721,-0.825633,0.394893,0.249051,0.199875,0.057452,-0.182227
-0.117424,-0.536086,0.798042,-0.060178,0.005263,-0.621995,0.780688,-0.317700,0.122310,0.155834,0.841493,-0.191306,0.112303,0.200773,0.064597,-0.072838,0.222656,-0.299538,0.039641,0.177926,0.158640,-0.022843,-0.173463,1.123596,-0.043576,-0.235200,-0.175301,0.041776,0.295110,-0.627922,-0.841416,0.453934,0.275474,0.199020,0.056152,-0.172629
-0.114132,-0.551306,0.795446,-0.058875,0.001255,-0.623462,0.779632,-0.335657,0.093957,0.165495,0.764144,-0.190914,0.092434,0.240400,0.056715,-0.070221,0.197837,-0.302763,0.041833,0.190620,0.149666,-0.029890,-0.296530,1.162060,-0.131771,-0.205668,-0.180104,0.042765,0.285261,-0.772374,-0.849087,0.514600,0.302015,0.198029,0.055469,-0.163530
-0.110907,-0.566586,0.792906,-0.057026,-0.003208,-0.624890,0.778621,-0.353580,0.064130,0.175981,0.685683,-0.189710,0.072835,0.279661,0.046707,-0.068168,0.174194,-0.306837,0.044386,0.203656,0.139919,-0.035940,-0.430336,1.191422,-0.230046,-0.175060,-0.183850,0.043069,0.274812,-0.917175,-0.849169,0.575272,0.329003,0.196347,0.054637,-0.154630
-0.106287,-0.581059,0.792968,-0.059774,-0.007737,-0.626942,0.776731,-0.338087,0.051294,0.164929,0.634455,-0.147067,0.098710,0.270797,0.040000,-0.054192,0.245896,-0.265248,0.046479,0.208805,0.136286,-0.041314,-0.559926,1.191133,-0.299384,-0.152338,-0.194453,0.037337,0.286099,-1.011839,-0.848160,0.601421,0.338983,0.206552,0.051940,-0.157381
-0.101558,-0.595975,0.793485,-0.062389,-0.010967,-0.629081,0.774755,-0.322726,0.040743,0.154551,0.580238,-0.103246,0.125102,0.258677,0.036431,-0.041605,0.322498,-0.227483,0.051843,0.215079,0.132896,-0.050079,-0.682056,1.183436,-0.364919,-0.133265,-0.204173,0.031928,0.297037,-1.096974,-0.844104,0.622858,0.342223,0.214917,0.050561,-0.160436
-0.096706,-0.611194,0.794499,-0.065815,-0.013507,-0.631203,0.772702,-0.306250,0.033280,0.144331,0.525069,-0.059375,0.151883,0.246349,0.037020,-0.030519,0.402253,-0.192788,0.060036,0.221945,0.131192,-0.060202,-0.797204,1.166517,-0.427198,-0.114258,-0.212861,0.026711,0.306798,-1.174331,-0.834850,0.640977,0.343308,0.221818,0.049379,-0.163195
-0.091764,-0.628118,0.798703,-0.079927,-0.018188,-0.629599,0.772584,-0.264122,0.039353,0.132921,0.515653,-0.061339,0.151256,0.176618,0.046004,-0.047263,0.583131,-0.156182,0.043754,0.206164,0.136193,-0.057766,-0.938402,1.121574,-0.487907,-0.090093,-0.218708,0.021328,0.329896,-1.245680,-0.833445,0.665502,0.358949,0.228410,0.046811,-0.162878
-0.086967,-0.644359,0.802222,-0.093183,-0.022496,-0.628348,0.772003,-0.226804,0.046067,0.123263,0.510023,-0.063970,0.150488,0.098328,0.049695,-0.065790,0.777876,-0.126568,0.024344,0.189256,0.139497,-0.054770,-1.053858,1.064992,-0.528217,-0.065878,-0.223518,0.015206,0.348744,-1.307532,-0.819702,0.685945,0.373673,0.232027,0.043254,-0.160153
-0.082395,-0.659584,0.804713,-0.104246,-0.027343,-0.627433,0.771177,-0.194804,0.049501,0.116881,0.508017,-0.066917,0.150388,0.013432,0.043639,-0.084570,0.983074,-0.102589,0.002008,0.171707,0.137911,-0.050104,-1.142655,0.996036,-0.548861,-0.040881,-0.226130,0.008865,0.363536,-1.355680,-0.791835,0.699434,0.386623,0.232272,0.039634,-0.155470
-0.080464,-0.672028,0.805339,-0.114503,-0.034520,-0.625284,0.771180,-0.149984,0.054094,0.110317,0.499841,-0.080855,0.150892,-0.103672,0.026564,-0.101650,1.082152,-0.121396,-0.002875,0.139537,0.138502,-0.033271,-1.151185,0.910881,-0.536910,-0.022247,-0.222890,0.001172,0.356899,-1.323685,-0.738773,0.664343,0.369078,0.235627,0.030508,-0.150639
-0.078846,-0.683925,0.805014,-0.121903,-0.042284,-0.622567,0.771857,-0.111714,0.052927,0.104751,0.496152,-0.095428,0.152259,-0.226049,0.001026,-0.115637,1.188146,-0.143933,-0.007511,0.105272,0.130783,-0.016391,-1.135161,0.817094,-0.511160,-0.004320,-0.214647,-0.005057,0.345754,-1.267090,-0.673949,0.613658,0.344874,0.233437,0.022975,-0.144361
-0.077448,-0.695388,0.804245,-0.127490,-0.049976,-0.619237,0.773172,-0.077960,0.048183,0.098780,0.493948,-0.109391,0.154245,-0.351039,-0.029981,-0.125463,1.294588,-0.166195,-0.012043,0.069368,0.118671,-0.000796,-1.099451,0.715137,-0.473592,0.016249,-0.203734,-0.011221,0.330125,-1.191016,-0.596436,0.550707,0.319818,0.226910,0.015390,-0.136079
-0.076314,-0.706284,0.803946,-0.129371,-0.057640,-0.612420,0.777742,-0.043340,0.033591,0.081408,0.482468,-0.113128,0.155997,-0.513526,-0.081340,-0.131624,1.367672,-0.195289,-0.015276,0.021269,0.099543,0.025868,-1.012296,0.618126,-0.426772,-0.001053,-0.176191,-0.012527,0.299000,-1.059570,-0.517632,0.462230,0.279864,0.211740,0.011664,-0.125586
-0.074569,-0.717626,0.804687,-0.133329,-0.062904,-0.605028,0.782437,-0.007227,0.025378,0.059986,0.467226,-0.115480,0.157149,-0.671928,-0.128642,-0.133953,1.427216,-0.216142,-0.019384,-0.029943,0.088103,0.045679,-0.914236,0.524152,-0.371187,-0.022727,-0.146671,-0.012398,0.266814,-0.918313,-0.428262,0.366509,0.241200,0.193056,0.007457,-0.114517
-0.072533,-0.731134,0.805354,-0.142486,-0.069535,-0.599063,0.784847,0.036019,0.027867,0.040550,0.467163,-0.131808,0.156124,-0.818762,-0.166244,-0.133230,1.485606,-0.240055,-0.025749,-0.075367,0.086585,0.074644,-0.824240,0.440589,-0.313715,-0.049928,-0.118964,-0.019160,0.241757,-0.787024,-0.338958,0.272525,0.207028,0.174449,-0.001920,-0.106306
-0.069906,-0.740152,0.808654,-0.149726,-0.066907,-0.587569,0.792381,0.072668,0.034784,0.002336,0.428510,-0.120470,0.155438,-0.976011,-0.215347,-0.130380,1.540448,-0.244818,-0.022239,-0.137875,0.093929,0.094319,-0.680816,0.357692,-0.238668,-0.086967,-0.091813,-0.007747,0.198974,-0.628403,-0.251979,0.187918,0.106689,0.135376,-0.002566,-0.091567
-0.066680,-0.751777,0.812150,-0.161491,-0.064453,-0.578275,0.797098,0.115732,0.053960,-0.030982,0.401653,-0.122288,0.152816,-1.122937,-0.254099,-0.126717,1.594424,-0.254577,-0.020956,-0.193686,0.113589,0.118645,-0.557221,0.288087,-0.166529,-0.139877,-0.066232,-0.001345,0.165147,-0.494239,-0.174542,0.114565,0.003765,0.097455,-0.002149,-0.081094
-0.063119,-0.763362,0.815923,-0.175388,-0.061134,-0.569679,0.800604,0.159941,0.080102,-0.061858,0.376696,-0.126348,0.149701,-1.265713,-0.288917,-0.122594,1.643248,-0.262749,-0.021063,-0.248250,0.138821,0.146058,-0.467372,0.229688,-0.104132,-0.200868,-0.044053,0.004779,0.138969,-0.397254,-0.108820,0.054404,-0.094442,0.065370,-0.000119,-0.071085
-0.059639,-0.778472,0.818262,-0.184211,-0.054382,-0.561525,0.804859,0.201586,0.111660,-0.067068,0.337219,-0.135399,0.151610,-1.360187,-0.324601,-0.121124,1.697781,-0.283213,-0.024327,-0.278674,0.164147,0.166961,-0.315394,0.162807,-0.086594,-0.147641,-0.041578,0.012910,0.093516,-0.235715,-0.062127,0.018086,-0.061541,0.041187,0.003281,-0.047062
-0.056102,-0.793447,0.820683,-0.193643,-0.047552,-0.553849,0.808389,0.243595,0.145426,-0.069521,0.298780,-0.145248,0.153067,-1.453683,-0.358954,-0.118012,1.750104,-0.302761,-0.028680,-0.305853,0.189907,0.187249,-0.191004,0.090396,-0.091546,-0.098290,-0.037247,0.017340,0.054027,-0.110558,-0.026938,0.004692,-0.025397,0.020823,0.002949,-0.022375
-0.051963,-0.811469,0.821767,-0.204044,-0.046799,-0.546787,0.810678,0.296467,0.174081,-0.065837,0.276833,-0.171174,0.155375,-1.547329,-0.388789,-0.101695,1.819964,-0.332833,-0.031698,-0.328408,0.209729,0.218680,-0.078638,0.018676,-0.117076,-0.070843,-0.030496,0.023041,0.021307,-0.017931,-0.013416,0.016750,-0.000827,0.003512,0.002318,0.000447
-0.050140,-0.818211,0.822674,-0.220306,-0.047915,-0.536218,0.813412,0.347947,0.211905,-0.058874,0.239565,-0.170541,0.156921,-1.569997,-0.416214,-0.107234,1.842824,-0.340621,-0.033481,-0.356971,0.227210,0.267096,-0.064135,0.014967,-0.110577,-0.035294,-0.027661,0.020715,0.021144,0.001921,0.000991,-0.001523,0.008551,0.000972,0.000196,0.000161
-0.048615,-0.823825,0.823731,-0.242531,-0.053512,-0.522825,0.815456,0.413736,0.256210,-0.051359,0.204462,-0.171185,0.157783,-1.570000,-0.446544,-0.117864,1.864180,-0.352455,-0.034213,-0.389905,0.241546,0.332779,-0.058753,0.009888,-0.118828,0.000543,-0.026089,0.018374,0.021958,0.010219,0.007984,-0.010377,0.002742,-0.002256,-0.001372,0.000176
-0.047172,-0.829094,0.824837,-0.264110,-0.059110,-0.508966,0.817133,0.477619,0.299962,-0.041990,0.172164,-0.172648,0.158955,-1.570000,-0.476869,-0.127165,1.884576,-0.364034,-0.034854,-0.423599,0.253391,0.398798,-0.059505,0.003778,-0.143071,0.037065,-0.025669,0.017533,0.023750,0.016952,0.015150,-0.015632,-0.020797,-0.005976,-0.003711,-0.000362
-0.045840,-0.838350,0.823602,-0.265477,-0.058410,-0.501933,0.821081,0.490186,0.311456,-0.037584,0.170827,-0.185140,0.160207,-1.570000,-0.486825,-0.124225,1.913352,-0.379457,-0.029887,-0.424697,0.255573,0.408967,-0.115284,0.053189,-0.212448,0.046133,-0.025213,0.015708,0.015332,-0.003622,-0.002790,0.003369,0.001331,-0.001049,0.001124,0.000104
-0.044540,-0.847309,0.822514,-0.266709,-0.057389,-0.495317,0.824763,0.500564,0.322931,-0.032686,0.171785,-0.198541,0.161682,-1.570000,-0.496147,-0.122510,1.940104,-0.393218,-0.025525,-0.425957,0.257476,0.419976,-0.175860,0.106128,-0.297308,0.057165,-0.027192,0.016787,0.007678,-0.011414,-0.009865,0.010412,0.010494,0.003456,0.001909,-0.000448
-0.043330,-0.856210,0.821365,-0.267851,-0.056344,-0.488768,0.828364,0.510683,0.334092,-0.027800,0.173232,-0.212170,0.163231,-1.570000,-0.505303,-0.120705,1.966557,-0.406868,-0.021207,-0.427531,0.259133,0.431128,-0.238508,0.160266,-0.394964,0.072487,-0.029496,0.018812,-0.000715,-0.001499,-0.005293,0.004999,0.004440,0.005429,0.002031,-0.000978
-0.043115,-0.870734,0.818785,-0.245214,-0.048549,-0.488532,0.835973,0.478043,0.308637,-0.031888,0.179061,-0.229669,0.164848,-1.570000,-0.509399,-0.100426,1.945482,-0.396468,-0.013681,-0.401163,0.245635,0.374130,-0.315560,0.209458,-0.444352,0.142582,-0.036522,0.019453,0.022170,-0.003578,-0.003604,0.000090,0.001156,0.003056,-0.001565,-0.000479
-0.043112,-0.883663,0.816336,-0.225044,-0.040534,-0.487256,0.842789,0.447082,0.287582,-0.035621,0.184265,-0.244704,0.166012,-1.559559,-0.515051,-0.086946,1.918143,-0.384668,-0.006307,-0.378894,0.234284,0.325224,-0.390662,0.256779,-0.492457,0.215764,-0.043028,0.021430,0.043724,0.000178,0.002165,-0.003442,-0.005697,-0.001945,-0.000400,0.000783
-0.043764,-0.894463,0.813926,-0.214524,-0.039758,-0.482082,0.848525,0.440225,0.277247,-0.039365,0.189205,-0.259660,0.165793,-1.511996,-0.524427,-0.085904,1.887118,-0.376794,0.002652,-0.364441,0.220976,0.304783,-0.461378,0.300053,-0.536764,0.295021,-0.048133,0.020611,0.062634,0.006206,0.009359,0.001497,-0.001306,-0.009633,0.000238,0.002656
-0.045766,-0.905732,0.811440,-0.201254,-0.044396,-0.476105,0.854898,0.444165,0.258149,-0.041895,0.184073,-0.265621,0.165658,-1.404714,-0.521472,-0.088509,1.816624,-0.356081,0.023542,-0.343677,0.195862,0.282018,-0.487060,0.358067,-0.564869,0.301745,-0.067571,0.016366,0.080442,0.001377,0.007386,-0.007574,-0.007190,-0.001670,-0.001580,0.001049
-0.047624,-0.916368,0.808795,-0.188052,-0.048839,-0.471162,0.860382,0.449241,0.238572,-0.041707,0.176933,-0.270064,0.165866,-1.295613,-0.516234,-0.092560,1.744535,-0.335178,0.043373,-0.321265,0.170911,0.261162,-0.499441,0.412777,-0.579678,0.302206,-0.085625,0.016150,0.096493,-0.001572,-0.011293,0.004158,0.008577,0.007709,0.001305,-0.003462
-0.049860,-0.923043,0.807915,-0.175511,-0.047302,-0.466998,0.865374,0.441808,0.224765,-0.040894,0.161464,-0.262491,0.166702,-1.182770,-0.509050,-0.111594,1.649505,-0.299437,0.059384,-0.297422,0.150659,0.233168,-0.506406,0.460079,-0.587110,0.310650,-0.101171,0.016295,0.111749,-0.005208,-0.040120,0.040058,0.059734,0.018164,0.006345,-0.016248
-0.051633,-0.935090,0.806263,-0.160623,-0.050126,-0.471078,0.865895,0.447035,0.200986,-0.037045,0.155845,-0.249694,0.161163,-1.045296,-0.475807,-0.124660,1.503041,-0.247458,0.093739,-0.265836,0.127090,0.202973,-0.455568,0.535724,-0.568331,0.302150,-0.116733,0.015646,0.124134,0.004588,-0.118236,0.068619,0.082118,0.035950,0.010047,-0.030651
-0.052839,-0.946785,0.804550,-0.147082,-0.052288,-0.476210,0.865365,0.453346,0.179366,-0.030197,0.150482,-0.237737,0.155799,-0.906730,-0.438664,-0.133768,1.356347,-0.197675,0.126892,-0.232715,0.107270,0.175380,-0.395654,0.605485,-0.535829,0.292528,-0.131073,0.014966,0.135796,0.017852,-0.213996,0.107840,0.126155,0.060205,0.015723,-0.050754
-0.053636,-0.958168,0.802895,-0.135147,-0.053513,-0.482011,0.864024,0.460051,0.160897,-0.021203,0.145835,-0.226676,0.150363,-0.767085,-0.398292,-0.138917,1.209008,-0.149630,0.158356,-0.198774,0.091743,0.150042,-0.328586,0.669463,-0.492066,0.283188,-0.144527,0.013717,0.147100,0.034073,-0.318565,0.149319,0.184202,0.089362,0.021694,-0.074242
-0.052465,-0.969416,0.801604,-0.126049,-0.051431,-0.484923,0.863896,0.462058,0.151734,-0.010067,0.143404,-0.216381,0.147248,-0.665003,-0.362254,-0.138400,1.088217,-0.105885,0.189483,-0.172225,0.089946,0.135458,-0.225095,0.716314,-0.430860,0.262591,-0.159234,0.011235,0.164450,0.042682,-0.426898,0.190772,0.212363,0.120751,0.025425,-0.097658
-0.050793,-0.983808,0.797749,-0.115212,-0.056039,-0.487774,0.863517,0.476301,0.131929,0.000799,0.150031,-0.218025,0.144918,-0.569577,-0.335409,-0.117184,1.003446,-0.086237,0.222988,-0.144056,0.082506,0.127587,-0.113203,0.748935,-0.361987,0.243317,-0.169928,0.007166,0.183656,0.056521,-0.533542,0.219389,0.236237,0.153400,0.027419,-0.118332
-0.048749,-0.994825,0.796349,-0.107914,-0.054029,-0.490348,0.863131,0.481405,0.124787,0.012475,0.147225,-0.208513,0.142315,-0.464570,-0.299526,-0.109831,0.883904,-0.045695,0.252665,-0.120522,0.084674,0.114788,0.006042,0.779544,-0.283803,0.220282,-0.181792,0.004953,0.202237,0.072860,-0.619247,0.236025,0.245723,0.181011,0.030309,-0.137585
-0.047516,-1.000489,0.793965,-0.103879,-0.045099,-0.487446,0.865778,0.455242,0.131777,-0.000557,0.168959,-0.233473,0.129587,-0.427010,-0.272484,-0.109232,0.818607,-0.063618,0.246229,-0.110516,0.099438,0.114946,0.075171,0.779034,-0.227741,0.232944,-0.190276,0.006170,0.223680,0.062067,-0.667396,0.228649,0.244806,0.202522,0.027572,-0.170349
-0.046030,-1.006878,0.791242,-0.099965,-0.036523,-0.484310,0.868399,0.428295,0.138404,-0.013331,0.196096,-0.263094,0.116032,-0.390786,-0.245155,-0.106345,0.758289,-0.085106,0.239060,-0.102145,0.116123,0.114803,0.147366,0.773872,-0.169405,0.245040,-0.197450,0.005854,0.245268,0.054339,-0.703767,0.209254,0.228730,0.219681,0.024471,-0.199944
-0.044295,-1.013979,0.788188,-0.097281,-0.028035,-0.481053,0.870826,0.400924,0.147143,-0.025225,0.229967,-0.298451,0.101308,-0.353778,-0.215025,-0.102783,0.700805,-0.109288,0.230623,-0.096861,0.136601,0.115156,0.226399,0.763335,-0.106626,0.253224,-0.202956,0.004330,0.267415,0.049678,-0.730943,0.182384,0.197683,0.232815,0.022296,-0.228189
-0.042477,-1.017918,0.785555,-0.092156,-0.027125,-0.488330,0.867355,0.301497,0.144838,-0.003259,0.381623,-0.316196,0.043524,-0.358737,-0.209061,-0.086189,0.696235,-0.108373,0.228260,-0.076908,0.147174,0.137678,0.279303,0.737408,-0.079353,0.245295,-0.204329,0.005270,0.272869,0.007846,-0.745690,0.169737,0.170374,0.235234,0.018739,-0.255675
-0.041337,-1.022615,0.783674,-0.084490,-0.025951,-0.496953,0.863265,0.187821,0.139404,0.018592,0.555886,-0.347105,-0.014794,-0.368244,-0.204611,-0.065446,0.692276,-0.107531,0.224810,-0.053589,0.154025,0.157245,0.327618,0.709535,-0.052957,0.237950,-0.204747,0.007496,0.278193,-0.037185,-0.752972,0.154373,0.142398,0.235268,0.014030,-0.281980
-0.040822,-1.026939,0.781106,-0.076883,-0.022313,-0.506735,0.858377,0.055444,0.139890,0.039511,0.759924,-0.394860,-0.074452,-0.386756,-0.196041,-0.044051,0.693652,-0.107375,0.219998,-0.028748,0.164728,0.174599,0.372966,0.677875,-0.023587,0.228250,-0.203676,0.010510,0.281986,-0.085858,-0.757151,0.138324,0.112317,0.233609,0.009702,-0.308243
-0.038314,-1.024121,0.776284,-0.071878,-0.018177,-0.517677,0.852358,-0.050802,0.156406,0.049458,0.862951,-0.401840,-0.087160,-0.407683,-0.183561,-0.011064,0.680973,-0.092423,0.226275,-0.012046,0.168190,0.193434,0.373786,0.629950,-0.036353,0.238753,-0.201716,0.010521,0.283115,-0.141019,-0.752730,0.153583,0.125947,0.228555,0.008508,-0.310624
-0.036380,-1.020384,0.771167,-0.066528,-0.014298,-0.528938,0.845928,-0.159492,0.172641,0.057526,0.970182,-0.410372,-0.098362,-0.431087,-0.171235,0.023743,0.670130,-0.076629,0.232608,0.005725,0.173154,0.215343,0.366733,0.575946,-0.046449,0.251446,-0.197529,0.009061,0.282408,-0.203435,-0.749223,0.168933,0.145862,0.224304,0.004537,-0.312035
-0.034685,-1.016000,0.765901,-0.060709,-0.010475,-0.540215,0.839269,-0.269850,0.188452,0.063352,1.079327,-0.419506,-0.108250,-0.456434,-0.159220,0.059535,0.660757,-0.060467,0.238991,0.023900,0.177732,0.238445,0.356963,0.517583,-0.050163,0.261348,-0.191324,0.007383,0.278249,-0.267877,-0.744812,0.183446,0.167066,0.220334,-0.000340,-0.313252
-0.031101,-1.011380,0.761899,-0.055440,-0.006296,-0.548989,0.833965,-0.328235,0.197524,0.049769,1.074982,-0.406703,-0.101688,-0.472433,-0.156802,0.080787,0.637936,-0.043380,0.245310,0.027476,0.171166,0.257044,0.317397,0.456549,-0.098703,0.251957,-0.179855,0.003173,0.263666,-0.293430,-0.720034,0.217224,0.238473,0.224589,0.002166,-0.307699
-0.027595,-1.006469,0.757970,-0.049651,-0.003527,-0.557297,0.828820,-0.385182,0.203106,0.036843,1.069915,-0.393165,-0.094339,-0.488026,-0.156878,0.103223,0.617281,-0.027407,0.251915,0.033055,0.165660,0.278337,0.273051,0.387157,-0.146262,0.244074,-0.167019,-0.000344,0.250099,-0.323589,-0.697903,0.250162,0.319919,0.229640,-0.000036,-0.300806
-0.024128,-1.001255,0.754069,-0.043545,-0.001475,-0.565285,0.823744,-0.442010,0.206608,0.024433,1.064913,-0.379221,-0.086518,-0.503402,-0.158227,0.126216,0.597185,-0.011528,0.258661,0.038775,0.159691,0.301454,0.230945,0.313024,-0.188878,0.236503,-0.154044,-0.003967,0.236147,-0.354577,-0.675513,0.282159,0.403715,0.234526,-0.003905,-0.292875
-0.020635,-0.996735,0.751921,-0.040378,0.003199,-0.569244,0.821170,-0.466497,0.196658,-0.002706,1.049824,-0.379304,-0.088471,-0.509559,-0.159912,0.133305,0.567084,0.006456,0.261708,0.037222,0.158134,0.315562,0.178281,0.267542,-0.223603,0.234870,-0.136670,-0.008416,0.218380,-0.359869,-0.646786,0.321267,0.484348,0.234834,-0.006421,-0.283138
-0.018213,-0.992781,0.750362,-0.038228,0.006912,-0.572764,0.818799,-0.486126,0.188008,-0.031751,1.031005,-0.377929,-0.092536,-0.510903,-0.159918,0.137230,0.535420,0.024343,0.261800,0.036061,0.154404,0.331469,0.129865,0.227572,-0.261462,0.238976,-0.122585,-0.014024,0.202968,-0.359150,-0.613597,0.357534,0.560211,0.232977,-0.007608,-0.274663
-0.015939,-0.988739,0.748916,-0.036347,0.010218,-0.576107,0.816501,-0.504245,0.179189,-0.060644,1.011586,-0.376494,-0.096565,-0.510848,-0.159872,0.140809,0.503327,0.042285,0.261800,0.035106,0.150274,0.348307,0.085770,0.192565,-0.307705,0.250829,-0.112600,-0.020427,0.193645,-0.356407,-0.578941,0.392878,0.634449,0.229906,-0.008101,-0.266832
-0.014743,-0.985290,0.748230,-0.036859,0.014340,-0.580751,0.813120,-0.517563,0.185337,-0.064011,1.004257,-0.372842,-0.098210,-0.506255,-0.152538,0.140255,0.464914,0.064896,0.261800,0.030338,0.147258,0.358192,0.031214,0.193118,-0.359969,0.243936,-0.102401,-0.024754,0.180947,-0.350527,-0.543193,0.428450,0.666328,0.226843,-0.013273,-0.258186
-0.014207,-0.980457,0.748241,-0.036321,0.018695,-0.585045,0.809971,-0.531093,0.189820,-0.066579,0.987211,-0.360136,-0.099958,-0.493436,-0.148075,0.138600,0.401141,0.103352,0.261800,0.027087,0.132282,0.359414,-0.014910,0.208570,-0.425955,0.248992,-0.095399,-0.029410,0.175558,-0.333789,-0.489830,0.465205,0.696323,0.217492,-0.017250,-0.256818
-0.012988,-0.977086,0.747511,-0.037052,0.022565,-0.589826,0.806364,-0.543283,0.196752,-0.069697,0.980411,-0.357233,-0.101830,-0.487099,-0.140642,0.138836,0.361080,0.126477,0.261800,0.024826,0.126384,0.368215,-0.064333,0.223564,-0.504743,0.255686,-0.093251,-0.033516,0.175317,-0.320658,-0.449783,0.498493,0.722436,0.212471,-0.018744,-0.251355
-0.011517,-0.973126,0.745869,-0.036435,0.025958,-0.595347,0.802222,-0.554319,0.204996,-0.062520,0.980133,-0.357388,-0.103155,-0.475378,-0.138593,0.130335,0.305537,0.149489,0.261800,0.024828,0.116302,0.370015,-0.113122,0.250985,-0.534620,0.271750,-0.100502,-0.037245,0.189175,-0.310443,-0.423486,0.523863,0.723207,0.205359,-0.018916,-0.247474
-0.009856,-0.969014,0.744354,-0.035907,0.029188,-0.600766,0.798085,-0.564992,0.212907,-0.055321,0.979993,-0.357485,-0.104300,-0.464173,-0.137259,0.122736,0.251078,0.172642,0.261800,0.023368,0.106180,0.372478,-0.162784,0.278673,-0.566790,0.289590,-0.108021,-0.041530,0.203198,-0.300393,-0.397433,0.550524,0.722896,0.198297,-0.017898,-0.243785
-0.008022,-0.964725,0.742763,-0.035439,0.032366,-0.606132,0.793915,-0.575627,0.220906,-0.048150,0.980107,-0.357608,-0.105231,-0.453766,-0.136391,0.115555,0.198368,0.194907,0.261800,0.021637,0.096296,0.375091,-0.213905,0.304277,-0.598013,0.306055,-0.114672,-0.045795,0.215770,-0.290055,-0.371678,0.577426,0.722538,0.191345,-0.016784,-0.240000
0.000608,-0.955243,0.742472,-0.035617,0.033967,-0.615066,0.786938,-0.582352,0.224612,-0.022257,0.983588,-0.358709,-0.088136,-0.484383,-0.152353,0.070096,0.292231,0.137942,0.261800,0.018796,0.104915,0.383244,-0.278988,0.316126,-0.613171,0.335626,-0.123025,-0.044512,0.222719,-0.303432,-0.387754,0.591225,0.694357,0.191336,-0.015103,-0.223631
0.009035,-0.945247,0.741802,-0.033809,0.034522,-0.620886,0.782411,-0.590185,0.218631,0.001995,0.981389,-0.353852,-0.070002,-0.521138,-0.179250,0.025219,0.398840,0.076543,0.261636,0.010849,0.101963,0.384721,-0.343944,0.328057,-0.624636,0.370237,-0.129033,-0.044260,0.224375,-0.309918,-0.390977,0.607119,0.667387,0.187822,-0.011430,-0.211929
0.012664,-0.936565,0.742030,-0.032951,0.036572,-0.626786,0.777635,-0.597502,0.222224,0.018034,0.972366,-0.344383,-0.061328,-0.560472,-0.198023,-0.025402,0.511615,0.012234,0.247450,0.005275,0.095633,0.384527,-0.409037,0.344557,-0.630422,0.401292,-0.133340,-0.044889,0.221865,-0.316222,-0.385666,0.622622,0.640633,0.183619,-0.007415,-0.201853
0.014115,-0.926320,0.740574,-0.033688,0.038934,-0.635400,0.770465,-0.613578,0.232599,0.026096,0.977516,-0.337342,-0.056135,-0.588658,-0.213609,-0.060371,0.683731,-0.057426,0.229674,0.007357,0.093012,0.380073,-0.457467,0.375489,-0.622159,0.433026,-0.136668,-0.046070,0.216023,-0.352503,-0.388467,0.632006,0.625743,0.175382,0.000979,-0.191667
0.015909,-0.916163,0.739504,-0.034878,0.041455,-0.644559,0.762633,-0.627226,0.244885,0.035245,0.980371,-0.329919,-0.050725,-0.611490,-0.230991,-0.093147,0.847623,-0.123300,0.209124,0.010234,0.090475,0.373717,-0.500621,0.405537,-0.610699,0.458955,-0.137357,-0.046321,0.209744,-0.387911,-0.388782,0.643087,0.614483,0.166552,0.006974,-0.181661
0.018798,-0.905948,0.739991,-0.036825,0.044464,-0.654523,0.753834,-0.634342,0.259542,0.047040,0.973153,-0.318412,-0.044221,-0.625948,-0.247890,-0.124240,0.997080,-0.182162,0.186243,0.015843,0.090437,0.365170,-0.539222,0.431967,-0.598517,0.481416,-0.135397,-0.045570,0.204664,-0.419407,-0.388007,0.654378,0.604471,0.156343,0.011038,-0.173097
0.018876,-0.896190,0.737801,-0.038068,0.044512,-0.661931,0.747273,-0.649460,0.270130,0.051734,0.983154,-0.307087,-0.042105,-0.606603,-0.252370,-0.126974,1.091714,-0.214639,0.169759,0.018934,0.086977,0.348175,-0.581069,0.462414,-0.598979,0.513556,-0.130935,-0.040781,0.193627,-0.470545,-0.400336,0.674014,0.597983,0.135831,0.018604,-0.154425
0.019314,-0.886172,0.736215,-0.041011,0.044829,-0.670068,0.739809,-0.661205,0.284426,0.056028,0.990749,-0.295208,-0.040045,-0.582724,-0.253428,-0.129744,1.180371,-0.243942,0.152320,0.023909,0.087125,0.333910,-0.622371,0.489209,-0.597550,0.545512,-0.125567,-0.036418,0.181925,-0.520692,-0.411658,0.691918,0.592423,0.114913,0.025013,-0.134737
0.019944,-0.876237,0.734870,-0.044560,0.045105,-0.678207,0.732131,-0.671466,0.299538,0.059921,0.997699,-0.283377,-0.037890,-0.557566,-0.254415,-0.131501,1.268635,-0.273339,0.134324,0.029196,0.088592,0.320887,-0.660675,0.511317,-0.593480,0.575796,-0.118982,-0.032156,0.169489,-0.566173,-0.420774,0.705928,0.586144,0.093476,0.030320,-0.114980
0.019704,-0.867038,0.733634,-0.045386,0.044995,-0.688150,0.722748,-0.679915,0.317766,0.070390,1.000688,-0.270720,-0.035670,-0.498375,-0.258904,-0.128305,1.275476,-0.280900,0.117579,0.042532,0.090385,0.296898,-0.665140,0.516865,-0.580838,0.566069,-0.118467,-0.032001,0.161848,-0.601921,-0.428854,0.706491,0.554916,0.079874,0.032433,-0.095132
0.019706,-0.858078,0.733113,-0.047435,0.045180,-0.698241,0.712859,-0.684851,0.338123,0.080255,1.000465,-0.257328,-0.033613,-0.435129,-0.260962,-0.125966,1.277033,-0.286226,0.100655,0.056606,0.095289,0.272939,-0.657768,0.512906,-0.559751,0.548064,-0.115803,-0.029473,0.153296,-0.623601,-0.431770,0.697201,0.519382,0.065858,0.034526,-0.075400
0.019567,-0.849172,0.732672,-0.049746,0.045358,-0.708005,0.702991,-0.689251,0.358276,0.089472,0.999806,-0.243731,-0.031509,-0.371301,-0.263332,-0.123483,1.278307,-0.291650,0.083732,0.070145,0.100727,0.249256,-0.639148,0.496571,-0.528483,0.524570,-0.110799,-0.026476,0.142885,-0.629547,-0.425966,0.674503,0.480851,0.050982,0.035766,-0.056258
0.017324,-0.839383,0.733612,-0.050265,0.044807,-0.715901,0.694947,-0.686305,0.378148,0.105884,0.979848,-0.225055,-0.030683,-0.296045,-0.261728,-0.119786,1.219083,-0.283183,0.079293,0.088787,0.102707,0.219207,-0.596577,0.471519,-0.491312,0.474404,-0.102985,-0.023791,0.131567,-0.611866,-0.409534,0.642363,0.422610,0.043125,0.033531,-0.037735
0.015067,-0.829598,0.735030,-0.050925,0.044279,-0.723538,0.686978,-0.681394,0.397253,0.122867,0.956774,-0.204800,-0.029663,-0.218652,-0.260033,-0.116741,1.156496,-0.273193,0.074793,0.106615,0.104691,0.188635,-0.541969,0.434451,-0.443802,0.418078,-0.092700,-0.019990,0.118594,-0.577857,-0.383501,0.596926,0.361499,0.034568,0.030677,-0.020350
0.012850,-0.819752,0.736436,-0.051530,0.043779,-0.730951,0.679072,-0.676741,0.415622,0.139866,0.933549,-0.184064,-0.028560,-0.141169,-0.258690,-0.113793,1.093850,-0.263329,0.070237,0.123740,0.106461,0.158094,-0.482240,0.390667,-0.390525,0.359667,-0.081131,-0.015977,0.104402,-0.536426,-0.352098,0.544830,0.299874,0.025781,0.027281,-0.003271
0.010296,-0.808110,0.743625,-0.049331,0.044580,-0.735609,0.674135,-0.642915,0.417841,0.164029,0.839850,-0.141128,-0.027493,-0.097717,-0.226778,-0.088821,0.965019,-0.250162,0.128778,0.129661,0.112362,0.125766,-0.410779,0.347697,-0.344556,0.286677,-0.070227,-0.011838,0.090605,-0.485934,-0.302705,0.488090,0.229825,0.023363,0.025558,0.000188
0.006817,-0.797646,0.747850,-0.046443,0.043192,-0.740258,0.669325,-0.617185,0.418578,0.186418,0.770578,-0.112136,-0.027631,-0.055496,-0.203327,-0.060581,0.853073,-0.252083,0.186579,0.137431,0.110986,0.098806,-0.351787,0.328164,-0.310427,0.209780,-0.063023,-0.008571,0.078230,-0.454649,-0.272301,0.441503,0.154857,0.025667,0.023766,0.007501
0.003214,-0.787109,0.751621,-0.042865,0.041357,-0.744916,0.664494,-0.593356,0.417167,0.209496,0.704046,-0.084200,-0.028043,-0.014344,-0.184461,-0.032369,0.743060,-0.256303,0.242063,0.145415,0.107518,0.072077,-0.315317,0.333361,-0.297130,0.141953,-0.060635,-0.005240,0.070987,-0.455989,-0.260597,0.424281,0.084391,0.030927,0.024158,0.015322
0.000939,-0.776401,0.757962,-0.040227,0.044330,-0.746159,0.663072,-0.526935,0.397560,0.229284,0.536888,-0.022106,-0.031192,-0.000582,-0.170960,-0.033161,0.648674,-0.256041,0.242226,0.135581,0.115300,0.048376,-0.279843,0.360533,-0.297365,0.092986,-0.064184,-0.002003,0.072253,-0.463571,-0.274415,0.424308,0.007101,0.043598,0.028810,0.013043
-0.001202,-0.766169,0.764358,-0.037056,0.045627,-0.747232,0.661959,-0.459392,0.373949,0.247979,0.371990,0.037614,-0.034553,0.013681,-0.160554,-0.033794,0.557549,-0.258118,0.243574,0.124470,0.120187,0.026084,-0.267465,0.416652,-0.321033,0.054306,-0.072192,0.000459,0.079827,-0.508260,-0.309570,0.459837,-0.065733,0.058423,0.035603,0.010451
-0.003284,-0.756271,0.771144,-0.034012,0.045970,-0.748580,0.660574,-0.394326,0.350115,0.263783,0.215950,0.091760,-0.038537,0.027805,-0.150459,-0.033633,0.469340,-0.261806,0.245375,0.114008,0.124123,0.005430,-0.272679,0.494920,-0.362064,0.022706,-0.083811,0.002563,0.091736,-0.581314,-0.361269,0.521853,-0.135484,0.074881,0.043489,0.007765
-0.007763,-0.740116,0.781775,-0.028616,0.044890,-0.750031,0.659257,-0.358880,0.309389,0.259589,0.192526,0.112708,-0.036741,0.034622,-0.140732,-0.022712,0.387684,-0.216065,0.219619,0.094127,0.114656,0.001550,-0.283949,0.576304,-0.411293,0.033408,-0.097702,0.004491,0.106930,-0.656860,-0.401547,0.597762,-0.187804,0.088782,0.054396,0.013235
-0.012153,-0.724077,0.792462,-0.023467,0.044728,-0.751733,0.657530,-0.327370,0.272086,0.252455,0.174651,0.130808,-0.035357,0.039008,-0.128616,-0.010370,0.308134,-0.171142,0.192836,0.075133,0.107039,-0.004022,-0.294308,0.657807,-0.460074,0.044538,-0.111637,0.005189,0.122020,-0.732616,-0.441356,0.673918,-0.240471,0.102180,0.064813,0.018735
-0.016360,-0.708079,0.803139,-0.018585,0.044836,-0.753522,0.655629,-0.295960,0.236175,0.243744,0.157130,0.148473,-0.034033,0.042311,-0.115486,0.003044,0.230437,-0.127116,0.165330,0.056635,0.100742,-0.010008,-0.296323,0.730559,-0.500983,0.052051,-0.123930,0.005862,0.135485,-0.797337,-0.475042,0.740165,-0.295360,0.114504,0.074449,0.023561
-0.021550,-0.691663,0.813160,-0.016512,0.045787,-0.759086,0.649168,-0.284536,0.210539,0.214533,0.176723,0.136086,-0.057508,0.038138,-0.108612,0.002681,0.199720,-0.098232,0.163171,0.043555,0.101651,-0.005059,-0.281837,0.784664,-0.558669,0.070507,-0.128245,0.008078,0.134903,-0.836622,-0.494869,0.795438,-0.337088,0.124410,0.082435,0.032797
-0.026629,-0.675138,0.823240,-0.014158,0.047307,-0.764686,0.642509,-0.276075,0.185755,0.185098,0.200018,0.121419,-0.080939,0.031573,-0.101031,0.002640,0.170651,-0.069860,0.160782,0.032009,0.102946,-0.001743,-0.257400,0.824848,-0.606522,0.085429,-0.129988,0.009901,0.131547,-0.857667,-0.504645,0.833732,-0.380352,0.132523,0.088684,0.041736
-0.031711,-0.658662,0.833274,-0.011636,0.048828,-0.770237,0.635779,-0.267872,0.160498,0.156012,0.223795,0.106158,-0.104709,0.024513,-0.093713,0.002710,0.141807,-0.041523,0.158438,0.020904,0.104126,0.001095,-0.223425,0.853388,-0.644814,0.096631,-0.129474,0.011693,0.125879,-0.863414,-0.505565,0.858003,-0.425215,0.139239,0.093921,0.050180
-0.036350,-0.641420,0.837518,-0.011760,0.052939,-0.780897,0.622302,-0.267076,0.152990,0.140215,0.256671,0.086565,-0.117947,0.018731,-0.097799,-0.020407,0.154349,-0.029023,0.143396,0.026934,0.112155,0.006809,-0.177772,0.855735,-0.669079,0.101113,-0.127446,0.013241,0.114850,-0.849094,-0.493549,0.873340,-0.445938,0.144406,0.099737,0.059449
-0.040951,-0.624136,0.841817,-0.011413,0.057237,-0.791385,0.608525,-0.268044,0.144871,0.125185,0.291361,0.065511,-0.132057,0.011121,-0.102133,-0.043367,0.168963,-0.017492,0.128083,0.033398,0.120225,0.011637,-0.127810,0.851446,-0.688773,0.103733,-0.123730,0.014831,0.102470,-0.827978,-0.476648,0.882747,-0.466071,0.148616,0.104142,0.068803
-0.045422,-0.606659,0.846301,-0.010734,0.061450,-0.801630,0.594557,-0.269451,0.135755,0.111073,0.326295,0.043766,-0.146571,0.003245,-0.107010,-0.066435,0.183826,-0.006114,0.112540,0.039957,0.127836,0.016217,-0.075805,0.842986,-0.705645,0.105083,-0.119136,0.016413,0.089305,-0.802956,-0.456832,0.888788,-0.486271,0.152372,0.108106,0.078036
-0.049945,-0.589169,0.842951,-0.013481,0.069463,-0.810681,0.581196,-0.267208,0.150183,0.109179,0.345644,-0.006182,-0.131897,0.003788,-0.111693,-0.093575,0.213901,-0.006678,0.082344,0.051011,0.141828,0.017989,-0.022266,0.815345,-0.699247,0.104208,-0.115729,0.018038,0.082950,-0.770638,-0.441579,0.879355,-0.498988,0.156653,0.111015,0.080857
-0.054338,-0.571656,0.839689,-0.016403,0.077606,-0.819473,0.567602,-0.265003,0.164856,0.106220,0.365729,-0.056401,-0.117599,0.004728,-0.116224,-0.120577,0.245260,-0.008569,0.051634,0.061978,0.156880,0.020373,0.030599,0.783167,-0.690792,0.101725,-0.110999,0.019591,0.075954,-0.738077,-0.425607,0.870021,-0.511651,0.160950,0.113486,0.083564
-0.058630,-0.554147,0.836375,-0.019218,0.085839,-0.827940,0.553875,-0.262657,0.179199,0.102274,0.385324,-0.106160,-0.103523,0.005916,-0.121064,-0.147579,0.277491,-0.011480,0.020475,0.072866,0.172157,0.022754,0.081901,0.746512,-0.679975,0.097074,-0.105328,0.021122,0.068273,-0.705484,-0.408997,0.860878,-0.524345,0.165196,0.115846,0.086185
-0.063417,-0.535490,0.831306,-0.016032,0.085245,-0.833172,0.546170,-0.286614,0.192985,0.112538,0.421717,-0.141806,-0.080379,0.017586,-0.154239,-0.155921,0.297281,-0.016431,0.012184,0.076948,0.163679,0.027102,0.105479,0.703085,-0.655750,0.103898,-0.101679,0.020575,0.063874,-0.679783,-0.404196,0.856673,-0.519814,0.164877,0.116863,0.090767
-0.068033,-0.516557,0.826335,-0.012782,0.084686,-0.838400,0.538284,-0.310959,0.207112,0.122504,0.458471,-0.177858,-0.057283,0.028027,-0.187295,-0.164261,0.317828,-0.021317,0.003540,0.081780,0.155051,0.032085,0.124254,0.653407,-0.627296,0.109970,-0.097449,0.018785,0.058187,-0.655537,-0.398679,0.851976,-0.513424,0.164591,0.116630,0.095408
-0.072555,-0.497476,0.821334,-0.009796,0.084534,-0.843624,0.530148,-0.335891,0.222800,0.131657,0.496829,-0.215218,-0.034569,0.037898,-0.218942,-0.172741,0.338522,-0.026001,-0.005711,0.087321,0.147404,0.037229,0.140388,0.598126,-0.593843,0.112925,-0.092152,0.016765,0.051345,-0.631744,-0.392851,0.847103,-0.506598,0.164339,0.116123,0.100100
-0.077227,-0.477291,0.814213,-0.005678,0.082490,-0.849567,0.520959,-0.381717,0.242855,0.135228,0.548671,-0.213257,-0.041827,0.048600,-0.253139,-0.175802,0.342733,-0.029300,0.002719,0.095268,0.129629,0.046152,0.131103,0.530466,-0.540706,0.144680,-0.088984,0.014994,0.053328,-0.604584,-0.396274,0.828866,-0.470038,0.151215,0.117677,0.091863
-0.081631,-0.456989,0.807047,-0.001946,0.081226,-0.855481,0.511420,-0.428315,0.265386,0.136668,0.600093,-0.210524,-0.049206,0.058239,-0.285100,-0.178749,0.346809,-0.032107,0.010461,0.105128,0.113868,0.054915,0.117674,0.460537,-0.487327,0.178857,-0.085939,0.011232,0.054584,-0.578137,-0.399345,0.810235,-0.431213,0.137592,0.117615,0.083138
-0.085832,-0.436585,0.799788,0.001328,0.080448,-0.861376,0.501556,-0.475009,0.289809,0.135953,0.651286,-0.207510,-0.056687,0.067312,-0.315461,-0.181384,0.351495,-0.035183,0.017751,0.116105,0.099607,0.063694,0.103591,0.393010,-0.436444,0.214567,-0.083576,0.007142,0.055906,-0.551547,-0.402418,0.791667,-0.392131,0.123960,0.117127,0.073838
-0.090525,-0.415746,0.794410,0.006063,0.082078,-0.866834,0.491758,-0.512485,0.320584,0.137992,0.654264,-0.174766,-0.068064,0.064747,-0.322990,-0.216657,0.332368,-0.048255,0.063316,0.129217,0.083336,0.068300,0.078296,0.352903,-0.405193,0.229204,-0.079472,0.000503,0.059876,-0.549499,-0.409156,0.787022,-0.353794,0.106366,0.120875,0.068414
-0.095236,-0.394839,0.789213,0.011067,0.083013,-0.872110,0.482089,-0.548353,0.349585,0.139481,0.653421,-0.139621,-0.079228,0.063361,-0.331399,-0.252916,0.312337,-0.060955,0.109150,0.141957,0.065213,0.073809,0.054888,0.323407,-0.384255,0.248579,-0.078226,-0.004733,0.065996,-0.548162,-0.415380,0.782531,-0.315183,0.088935,0.124814,0.062152
-0.099933,-0.373851,0.784031,0.016099,0.083614,-0.877313,0.472304,-0.583803,0.378111,0.140002,0.651435,-0.103658,-0.090369,0.062455,-0.339849,-0.289531,0.292511,-0.073893,0.155248,0.154900,0.046416,0.079759,0.033390,0.305528,-0.376051,0.275783,-0.079776,-0.009915,0.074388,-0.546970,-0.421476,0.778412,-0.276491,0.071587,0.128689,0.055215
-0.104771,-0.354262,0.783509,0.022289,0.086646,-0.881511,0.463610,-0.572050,0.398283,0.148964,0.560215,-0.046923,-0.091050,0.046355,-0.323202,-0.299716,0.256838,-0.073294,0.179576,0.159535,0.034456,0.075346,0.025148,0.323078,-0.401417,0.257828,-0.080333,-0.013618,0.077040,-0.552928,-0.429305,0.797997,-0.294618,0.076606,0.127851,0.058911
-0.109709,-0.335032,0.783486,0.028730,0.088190,-0.885507,0.455273,-0.556431,0.413866,0.160915,0.465011,0.011057,-0.091751,0.032145,-0.309621,-0.310655,0.220556,-0.072289,0.204950,0.162238,0.019583,0.071962,0.020848,0.351000,-0.436553,0.241946,-0.083019,-0.014416,0.082265,-0.557800,-0.437217,0.818456,-0.315977,0.082296,0.129323,0.061972
-0.114402,-0.316217,0.783571,0.034912,0.089392,-0.889481,0.446781,-0.540578,0.428169,0.173427,0.371362,0.067655,-0.092947,0.018407,-0.296373,-0.321312,0.184820,-0.071350,0.230926,0.164959,0.004853,0.069071,0.017471,0.384046,-0.478410,0.229999,-0.086857,-0.014996,0.088960,-0.562232,-0.445091,0.839429,-0.337788,0.087831,0.130968,0.064857
-0.119035,-0.294592,0.790065,0.040569,0.088395,-0.893783,0.437828,-0.524191,0.421546,0.200456,0.347780,0.064986,-0.090249,-0.009051,-0.278404,-0.323151,0.177342,-0.054776,0.213156,0.164640,-0.007860,0.068605,0.013024,0.443412,-0.536658,0.189081,-0.089720,-0.015640,0.089399,-0.576470,-0.456980,0.853124,-0.376194,0.097146,0.131849,0.063983
-0.123609,-0.273191,0.796466,0.046150,0.087789,-0.898117,0.428426,-0.509545,0.416061,0.226520,0.327207,0.060380,-0.088083,-0.037972,-0.259816,-0.323958,0.171261,-0.039222,0.195386,0.165832,-0.020167,0.067443,0.007653,0.502305,-0.593793,0.144466,-0.092493,-0.014735,0.089683,-0.589793,-0.469173,0.866267,-0.416013,0.106607,0.133376,0.062638
-0.128089,-0.251827,0.802885,0.051621,0.087351,-0.902369,0.418849,-0.494949,0.410711,0.252089,0.306438,0.055684,-0.086284,-0.067241,-0.240827,-0.324531,0.165216,-0.023921,0.177597,0.167490,-0.031968,0.065976,0.000489,0.557089,-0.646626,0.096617,-0.094238,-0.013581,0.089080,-0.602788,-0.481183,0.879667,-0.456023,0.115818,0.134864,0.060904
-0.131899,-0.230388,0.810292,0.052409,0.088411,-0.905707,0.411257,-0.482078,0.382829,0.227372,0.328100,0.035312,-0.102003,-0.082792,-0.233020,-0.320118,0.186915,-0.023954,0.154454,0.170747,-0.030912,0.064390,-0.006527,0.603650,-0.691373,0.052819,-0.097079,-0.013335,0.087450,-0.621046,-0.485924,0.891625,-0.474735,0.126181,0.134217,0.061636
-0.136673,-0.209209,0.817285,0.052169,0.090880,-0.908973,0.403469,-0.478380,0.361317,0.196773,0.371145,0.002097,-0.120183,-0.100981,-0.221993,-0.315690,0.219721,-0.032216,0.130536,0.178493,-0.029183,0.071263,-0.023590,0.649322,-0.729866,0.006214,-0.098153,-0.016016,0.083823,-0.642253,-0.495651,0.894832,-0.497557,0.135849,0.131409,0.063203
-0.139313,-0.186970,0.824734,0.053080,0.091731,-0.912297,0.395578,-0.462089,0.331148,0.175698,0.382773,-0.011591,-0.135403,-0.116206,-0.213728,-0.311080,0.235111,-0.026488,0.107248,0.179848,-0.026064,0.063465,-0.028636,0.682896,-0.766775,-0.045538,-0.100262,-0.012801,0.082065,-0.659681,-0.495580,0.914247,-0.511638,0.147630,0.132702,0.062967
-0.143381,-0.167014,0.826480,0.051783,0.094224,-0.913525,0.392318,-0.457065,0.310049,0.167899,0.445045,-0.039277,-0.139129,-0.121711,-0.219261,-0.302247,0.272735,-0.024606,0.085535,0.181846,-0.016798,0.068329,-0.042995,0.712088,-0.778722,-0.070605,-0.102243,-0.011817,0.077357,-0.677624,-0.513634,0.914553,-0.527366,0.154164,0.129886,0.065926
-0.144529,-0.145807,0.829115,0.052004,0.094543,-0.914829,0.389161,-0.440949,0.279139,0.168802,0.475570,-0.045798,-0.138734,-0.124322,-0.229494,-0.293219,0.290123,-0.005840,0.064694,0.176996,-0.006507,0.061776,-0.048922,0.729367,-0.790254,-0.094699,-0.106774,-0.007843,0.073051,-0.695666,-0.523259,0.930424,-0.534167,0.164053,0.130616,0.067701
-0.148387,-0.125802,0.831021,0.050143,0.096293,-0.916095,0.385984,-0.435465,0.257275,0.160995,0.541765,-0.075868,-0.142473,-0.129627,-0.236922,-0.284312,0.331096,-0.005676,0.043307,0.178409,0.003458,0.068073,-0.063918,0.752370,-0.798326,-0.119344,-0.107170,-0.008418,0.066972,-0.713703,-0.542428,0.932896,-0.549883,0.170340,0.127494,0.070487
-0.150408,-0.106296,0.828056,0.050206,0.095869,-0.916894,0.384179,-0.430495,0.245973,0.156449,0.534265,-0.117152,-0.103991,-0.116713,-0.252804,-0.288045,0.328566,0.001576,0.026840,0.175357,0.009201,0.062302,-0.065014,0.750591,-0.793489,-0.121082,-0.112917,-0.004462,0.067454,-0.709401,-0.536013,0.931496,-0.545324,0.177656,0.130867,0.071595
-0.153953,-0.087555,0.824748,0.048835,0.096015,-0.917654,0.382502,-0.428632,0.237774,0.146263,0.542624,-0.169863,-0.067743,-0.102455,-0.266869,-0.292481,0.334955,0.000388,0.010071,0.174217,0.015029,0.062088,-0.068468,0.750852,-0.786752,-0.120999,-0.115787,-0.004135,0.066882,-0.703774,-0.532130,0.924419,-0.543282,0.181764,0.131577,0.074358
-0.158788,-0.068852,0.821681,0.048351,0.096284,-0.918412,0.380672,-0.427585,0.229179,0.134155,0.551690,-0.224521,-0.032857,-0.090391,-0.281039,-0.297222,0.345083,-0.004669,-0.007484,0.173955,0.019798,0.062714,-0.071900,0.752181,-0.778462,-0.122316,-0.116758,-0.005042,0.066824,-0.698386,-0.531155,0.916055,-0.543316,0.184033,0.131027,0.076306
-0.159772,-0.048361,0.815239,0.047929,0.093897,-0.918741,0.380528,-0.450869,0.232550,0.122812,0.588958,-0.236213,-0.033896,-0.076205,-0.302790,-0.290985,0.341142,-0.008355,0.014319,0.170918,0.017693,0.068770,-0.090574,0.736315,-0.763952,-0.073053,-0.119854,-0.003510,0.065307,-0.686592,-0.523990,0.894998,-0.512870,0.179423,0.134157,0.074593
-0.161852,-0.028123,0.809071,0.048785,0.091921,-0.919028,0.380207,-0.475147,0.236289,0.111031,0.624539,-0.248263,-0.036297,-0.065147,-0.324307,-0.285113,0.339998,-0.015113,0.035425,0.168963,0.014984,0.074180,-0.111200,0.719597,-0.749015,-0.020509,-0.120881,-0.005760,0.063834,-0.675481,-0.518515,0.873218,-0.481638,0.172336,0.134403,0.072269
-0.164000,-0.007824,0.802759,0.049648,0.090161,-0.919315,0.379825,-0.499772,0.240201,0.098787,0.660103,-0.260332,-0.038947,-0.054787,-0.345511,-0.279204,0.339424,-0.022283,0.056460,0.167357,0.012636,0.079261,-0.132300,0.702749,-0.734049,0.032489,-0.121548,-0.008456,0.062319,-0.664194,-0.512995,0.851487,-0.450386,0.165015,0.134311,0.069691
-0.167288,0.011560,0.798033,0.051388,0.088085,-0.919650,0.379267,-0.520070,0.256453,0.100419,0.667663,-0.247889,-0.051374,-0.052765,-0.347950,-0.298955,0.338125,-0.055961,0.088469,0.172889,0.006385,0.088061,-0.148545,0.677897,-0.709757,0.116723,-0.117330,-0.010132,0.067778,-0.634368,-0.487344,0.817364,-0.345478,0.147540,0.134299,0.045179
-0.170579,0.030937,0.793620,0.053156,0.085920,-0.919956,0.378780,-0.539377,0.272346,0.101722,0.672922,-0.234066,-0.063825,-0.050906,-0.351093,-0.320592,0.337637,-0.088930,0.120831,0.177899,-0.000538,0.096494,-0.165449,0.652681,-0.684580,0.203201,-0.112515,-0.013476,0.073222,-0.606871,-0.459148,0.784999,-0.234750,0.129139,0.129253,0.019346
-0.173968,0.050397,0.789270,0.054792,0.083907,-0.920257,0.378265,-0.558268,0.288488,0.102433,0.677281,-0.219676,-0.076257,-0.048996,-0.354421,-0.343917,0.337749,-0.120923,0.153676,0.182818,-0.007102,0.105053,-0.182557,0.626886,-0.657712,0.289604,-0.107290,-0.017081,0.079184,-0.580948,-0.431390,0.754240,-0.123758,0.111309,0.123315,-0.008817
-0.178218,0.068771,0.788919,0.058877,0.083654,-0.922086,0.373220,-0.554487,0.304893,0.090543,0.619172,-0.176787,-0.094675,-0.062221,-0.337478,-0.334635,0.318707,-0.120462,0.176240,0.192109,-0.014029,0.110505,-0.175542,0.623067,-0.659599,0.303549,-0.100134,-0.020666,0.075147,-0.544802,-0.400158,0.756332,-0.125846,0.109352,0.114863,-0.020425
-0.182702,0.086860,0.788776,0.063475,0.082944,-0.923882,0.368147,-0.549580,0.319428,0.079353,0.558982,-0.133221,-0.112636,-0.074560,-0.322104,-0.325692,0.297787,-0.119765,0.198982,0.200936,-0.022971,0.114894,-0.164720,0.618660,-0.657204,0.310825,-0.092782,-0.020375,0.071968,-0.505057,-0.370683,0.759025,-0.134958,0.107616,0.111365,-0.032722
-0.187237,0.104684,0.788620,0.067988,0.082251,-0.925687,0.362928,-0.544805,0.333749,0.067691,0.499668,-0.090223,-0.130399,-0.086546,-0.307026,-0.316654,0.276791,-0.119593,0.221556,0.209966,-0.031837,0.119301,-0.153269,0.609532,-0.649306,0.316869,-0.084854,-0.019597,0.069023,-0.464428,-0.341653,0.762612,-0.144792,0.105652,0.108390,-0.045066
-0.191237,0.124394,0.792533,0.071760,0.081226,-0.926984,0.359102,-0.532664,0.337918,0.081697,0.459091,-0.068666,-0.130821,-0.107312,-0.286815,-0.316092,0.268238,-0.099090,0.218891,0.209749,-0.039194,0.120152,-0.139465,0.610139,-0.667691,0.287041,-0.075509,-0.020883,0.055112,-0.436220,-0.356902,0.775595,-0.187584,0.113607,0.106069,-0.039193
-0.195196,0.143866,0.796468,0.075536,0.080217,-0.928290,0.355158,-0.520731,0.341702,0.095660,0.419109,-0.047598,-0.131347,-0.128510,-0.266992,-0.315613,0.260224,-0.078722,0.216564,0.210587,-0.046279,0.120991,-0.126923,0.603179,-0.678094,0.254379,-0.065785,-0.020559,0.041439,-0.406852,-0.374575,0.787435,-0.233256,0.122322,0.105182,-0.033762
-0.199147,0.163264,0.800455,0.079196,0.079312,-0.929598,0.351119,-0.508918,0.345455,0.109334,0.379638,-0.026913,-0.132129,-0.149789,-0.247073,-0.315359,0.252332,-0.058305,0.214375,0.211832,-0.053030,0.121816,-0.115813,0.587707,-0.679294,0.220542,-0.055257,-0.020044,0.027734,-0.377293,-0.392972,0.798796,-0.279343,0.131090,0.104400,-0.028797
-0.203244,0.181581,0.806655,0.081097,0.080165,-0.929672,0.350295,-0.492326,0.331538,0.110547,0.384000,-0.035719,-0.130369,-0.168398,-0.240888,-0.313243,0.258749,-0.049658,0.189762,0.200812,-0.049744,0.122673,-0.088549,0.564669,-0.655389,0.171951,-0.049589,-0.018114,0.018790,-0.361578,-0.430580,0.791900,-0.330669,0.137128,0.103664,-0.028657
-0.207266,0.199961,0.812672,0.082804,0.081266,-0.929770,0.349381,-0.477128,0.318461,0.110824,0.390901,-0.045734,-0.128760,-0.187787,-0.234381,-0.311201,0.266932,-0.041824,0.165015,0.189310,-0.045425,0.124139,-0.061438,0.536705,-0.624298,0.120520,-0.042775,-0.015275,0.010148,-0.346186,-0.469123,0.785259,-0.383833,0.143720,0.104214,-0.029483
-0.211268,0.218329,0.818777,0.084555,0.082460,-0.929867,0.348422,-0.462293,0.305600,0.110832,0.397809,-0.055630,-0.127245,-0.207590,-0.227812,-0.309405,0.275416,-0.034035,0.140161,0.177815,-0.040947,0.125623,-0.035464,0.507399,-0.591365,0.067876,-0.035096,-0.012300,0.001185,-0.330561,-0.507619,0.778141,-0.437197,0.150190,0.104867,-0.030756
-0.215573,0.235556,0.819690,0.084707,0.084426,-0.931049,0.344740,-0.448092,0.300255,0.107778,0.406690,-0.091326,-0.119209,-0.214068,-0.245380,-0.318987,0.277481,-0.013369,0.108588,0.175119,-0.035683,0.121479,-0.014501,0.468806,-0.540001,0.047505,-0.034111,-0.007570,-0.005306,-0.329352,-0.568096,0.787310,-0.456533,0.151533,0.105799,-0.021649
-0.219642,0.252752,0.820644,0.084340,0.086720,-0.932269,0.340941,-0.434224,0.295988,0.103845,0.417232,-0.127748,-0.111348,-0.219476,-0.262046,-0.329394,0.278926,0.007827,0.076882,0.171654,-0.028133,0.118607,0.006006,0.434436,-0.495397,0.028383,-0.032515,-0.004545,-0.013106,-0.330678,-0.629366,0.797867,-0.473829,0.153365,0.105101,-0.012589
-0.223618,0.270053,0.821663,0.083913,0.089137,-0.933472,0.337111,-0.420446,0.291936,0.099530,0.427781,-0.164093,-0.103612,-0.224641,-0.278679,-0.340612,0.280268,0.029108,0.045064,0.168088,-0.020016,0.116043,0.026800,0.409510,-0.461586,0.007658,-0.030821,-0.001686,-0.022556,-0.332718,-0.690990,0.808498,-0.490251,0.155303,0.103341,-0.003395
-0.226346,0.286847,0.818401,0.084584,0.088004,-0.933389,0.337469,-0.432253,0.300936,0.100318,0.451681,-0.180579,-0.109528,-0.231641,-0.311889,-0.337218,0.293706,0.028115,0.043080,0.159338,-0.020101,0.120420,0.036782,0.378880,-0.413470,0.004692,-0.034585,0.000751,-0.019305,-0.331577,-0.720502,0.793201,-0.503432,0.158384,0.105025,0.002458
-0.229046,0.303752,0.815117,0.085777,0.086800,-0.933252,0.337859,-0.445059,0.309226,0.101141,0.475297,-0.196758,-0.115166,-0.241012,-0.346090,-0.333184,0.309400,0.026140,0.041031,0.150114,-0.021486,0.123899,0.047421,0.359822,-0.378226,0.000446,-0.038695,0.001872,-0.017821,-0.330387,-0.748223,0.777474,-0.515315,0.160972,0.106608,0.008987
-0.231736,0.320544,0.811837,0.087009,0.085710,-0.933103,0.338235,-0.458133,0.317649,0.101776,0.499031,-0.213021,-0.120699,-0.250817,-0.380079,-0.328841,0.325223,0.023929,0.038824,0.140876,-0.022793,0.127051,0.059780,0.351472,-0.354545,-0.007185,-0.043470,0.002898,-0.017579,-0.328566,-0.775577,0.761348,-0.527633,0.163517,0.108896,0.015393
-0.235419,0.338278,0.804207,0.087985,0.084482,-0.933499,0.337195,-0.494731,0.334884,0.093428,0.557914,-0.235422,-0.136462,-0.277632,-0.392288,-0.320037,0.380976,-0.026524,0.101066,0.145990,-0.021892,0.143880,0.046735,0.319280,-0.317362,0.036727,-0.053286,0.001822,0.003454,-0.329499,-0.781644,0.737796,-0.512803,0.159902,0.108578,0.011420
-0.237437,0.356037,0.796848,0.091128,0.082365,-0.933561,0.336712,-0.531503,0.345655,0.087674,0.605074,-0.248906,-0.149145,-0.305930,-0.409142,-0.313427,0.427072,-0.067937,0.164225,0.147270,-0.024327,0.152208,0.035181,0.289034,-0.288255,0.087659,-0.062977,-0.003817,0.024261,-0.330003,-0.784159,0.720862,-0.494663,0.155050,0.107906,0.007517
-0.239247,0.373668,0.789811,0.094722,0.080128,-0.933514,0.336390,-0.567978,0.355225,0.082015,0.649516,-0.260836,-0.161304,-0.335053,-0.427929,-0.308459,0.473272,-0.108471,0.227786,0.147747,-0.027349,0.159182,0.023938,0.263706,-0.260688,0.136625,-0.073952,-0.010917,0.044127,-0.330754,-0.786178,0.705115,-0.476109,0.149982,0.107515,0.003173
-0.240804,0.390495,0.782534,0.097086,0.077715,-0.933090,0.337458,-0.597248,0.367955,0.077870,0.667808,-0.252074,-0.171578,-0.386064,-0.428849,-0.277323,0.548631,-0.165505,0.237755,0.152218,-0.027433,0.172117,-0.008963,0.226410,-0.232013,0.213593,-0.079004,-0.015060,0.069935,-0.328522,-0.739998,0.680962,-0.341975,0.138469,0.111414,-0.024588
-0.242292,0.408158,0.775233,0.099716,0.074285,-0.932554,0.338942,-0.625613,0.378690,0.074167,0.683325,-0.241039,-0.182132,-0.439935,-0.430626,-0.244963,0.628203,-0.224647,0.247908,0.156476,-0.031124,0.185823,-0.045447,0.191807,-0.196768,0.291697,-0.086100,-0.020821,0.095004,-0.332882,-0.689537,0.659008,-0.195251,0.126998,0.107421,-0.053229
-0.243918,0.426373,0.767943,0.102388,0.070448,-0.931922,0.340698,-0.654170,0.388573,0.069913,0.698656,-0.229533,-0.192965,-0.494832,-0.431816,-0.212352,0.709522,-0.284811,0.258463,0.159928,-0.035979,0.200072,-0.083578,0.157502,-0.151835,0.368849,-0.095144,-0.027446,0.120311,-0.339983,-0.640469,0.638408,-0.047139,0.117527,0.102150,-0.084010
-0.244187,0.437796,0.767312,0.108576,0.068374,-0.930856,0.342117,-0.655479,0.387823,0.076095,0.647565,-0.177417,-0.197982,-0.513301,-0.422081,-0.197101,0.702550,-0.283324,0.256943,0.157688,-0.045586,0.192891,-0.088484,0.143230,-0.173724,0.385295,-0.080542,-0.029739,0.112559,-0.341825,-0.586315,0.660728,0.089023,0.100289,0.092802,-0.107374
-0.246380,0.448652,0.765852,0.111124,0.067142,-0.930455,0.342633,-0.654902,0.394523,0.077049,0.611848,-0.137241,-0.206774,-0.526451,-0.407521,-0.182038,0.707028,-0.292529,0.254909,0.161267,-0.049321,0.194345,-0.089723,0.129420,-0.188075,0.385792,-0.068996,-0.025484,0.105089,-0.338558,-0.542374,0.676555,0.212393,0.088905,0.087982,-0.131570
-0.248654,0.459559,0.764378,0.113137,0.066177,-0.930204,0.342842,-0.654252,0.402201,0.077371,0.577860,-0.098056,-0.215723,-0.538514,-0.391676,-0.167255,0.711494,-0.301893,0.252590,0.166133,-0.052043,0.196543,-0.093921,0.110046,-0.196989,0.391129,-0.058020,-0.020614,0.100420,-0.333982,-0.500039,0.692898,0.333995,0.079538,0.084062,-0.157352
-0.248449,0.465982,0.766766,0.114326,0.067966,-0.929147,0.344957,-0.626827,0.407370,0.103826,0.497167,-0.052914,-0.195076,-0.526413,-0.373815,-0.169681,0.672968,-0.281875,0.253653,0.162568,-0.043697,0.193393,-0.079223,0.101620,-0.210084,0.348141,-0.050690,-0.017740,0.086898,-0.321221,-0.489860,0.713260,0.277993,0.071248,0.075617,-0.144636
-0.248165,0.472112,0.769379,0.114688,0.069775,-0.928194,0.347036,-0.597444,0.412682,0.130751,0.417306,-0.008891,-0.175240,-0.510983,-0.355373,-0.172446,0.631467,-0.260728,0.254794,0.160443,-0.033694,0.191923,-0.068136,0.090047,-0.223161,0.311868,-0.043901,-0.013191,0.075915,-0.304585,-0.483554,0.731281,0.213684,0.062821,0.072695,-0.130981
-0.247772,0.478090,0.772215,0.114862,0.071478,-0.927272,0.349092,-0.568598,0.417693,0.157932,0.340221,0.033462,-0.156226,-0.495105,-0.337146,-0.174731,0.589475,-0.239354,0.255905,0.158607,-0.023559,0.191027,-0.061272,0.076010,-0.237910,0.285400,-0.037706,-0.009089,0.067918,-0.287697,-0.478042,0.748994,0.148183,0.054801,0.070674,-0.117238
-0.249840,0.485305,0.777417,0.115016,0.070363,-0.926310,0.351809,-0.539310,0.398741,0.135409,0.324149,0.027141,-0.158783,-0.463534,-0.317670,-0.172694,0.522865,-0.214118,0.257338,0.157326,-0.021465,0.187649,-0.040360,0.093356,-0.234443,0.251685,-0.031994,-0.008723,0.054423,-0.264091,-0.490866,0.756445,0.103974,0.053915,0.073607,-0.104471
-0.252017,0.492694,0.782612,0.114757,0.069819,-0.925435,0.354297,-0.511040,0.382285,0.111434,0.311161,0.019119,-0.161596,-0.431229,-0.296173,-0.170255,0.455479,-0.188702,0.258002,0.156374,-0.018392,0.184262,-0.021126,0.111321,-0.232365,0.222675,-0.026635,-0.007796,0.041298,-0.240753,-0.503319,0.763951,0.060470,0.053430,0.075797,-0.091373
-0.254103,0.500074,0.787662,0.114503,0.069222,-0.924516,0.356887,-0.482767,0.366054,0.087074,0.298486,0.010915,-0.164104,-0.399195,-0.274832,-0.166960,0.388316,-0.163318,0.258373,0.155208,-0.015440,0.180961,-0.003271,0.128979,-0.232609,0.197901,-0.021290,-0.007088,0.029154,-0.217588,-0.515859,0.771506,0.016700,0.053288,0.078305,-0.078605
-0.255321,0.507035,0.791361,0.114763,0.069225,-0.923200,0.360193,-0.471137,0.360620,0.098419,0.335100,-0.018150,-0.164790,-0.398153,-0.282159,-0.171784,0.382399,-0.152434,0.252401,0.145904,-0.010838,0.183621,0.017202,0.134104,-0.231443,0.165047,-0.021033,-0.006145,0.023380,-0.196672,-0.526639,0.769495,-0.026397,0.057768,0.081678,-0.069073
-0.256661,0.514142,0.794856,0.116397,0.069138,-0.921699,0.363515,-0.464285,0.354551,0.109316,0.375310,-0.048478,-0.165315,-0.402897,-0.291132,-0.175517,0.382346,-0.144325,0.246325,0.136231,-0.007971,0.183801,0.038736,0.140507,-0.231438,0.130621,-0.020490,-0.004357,0.016463,-0.175629,-0.537160,0.767226,-0.069259,0.062638,0.084739,-0.059530
-0.258037,0.521378,0.798299,0.118387,0.069115,-0.920160,0.366761,-0.458919,0.348962,0.120135,0.416843,-0.079258,-0.165796,-0.408603,-0.300099,-0.179148,0.382637,-0.136443,0.240021,0.126685,-0.005581,0.183068,0.062442,0.147961,-0.232705,0.093172,-0.019413,-0.002398,0.008843,-0.154354,-0.547179,0.765089,-0.112383,0.067574,0.088321,-0.050540
-0.258613,0.529329,0.795997,0.120098,0.070599,-0.917567,0.372376,-0.467253,0.348128,0.119311,0.445534,-0.129955,-0.171327,-0.426077,-0.322751,-0.173021,0.422090,-0.155581,0.251141,0.121036,-0.001418,0.185475,0.065881,0.148865,-0.228840,0.079745,-0.021097,0.001319,0.007793,-0.135823,-0.557299,0.763293,-0.141136,0.073703,0.091930,-0.042531
-0.259285,0.537368,0.793598,0.122005,0.072767,-0.914915,0.377823,-0.477727,0.349042,0.117834,0.476005,-0.181235,-0.177372,-0.445928,-0.344422,-0.166852,0.463640,-0.175679,0.261531,0.116083,0.003977,0.187158,0.070991,0.150057,-0.225976,0.062071,-0.022254,0.003986,0.004739,-0.117981,-0.567089,0.761152,-0.168541,0.079937,0.094863,-0.034743
-0.262461,0.548418,0.790806,0.121109,0.078534,-0.913152,0.381207,-0.493709,0.368277,0.109490,0.520343,-0.238898,-0.191735,-0.474098,-0.350617,-0.161375,0.527068,-0.209269,0.261800,0.119689,0.015141,0.200405,0.069686,0.160867,-0.219998,0.032021,-0.026991,0.006201,-0.004083,-0.108879,-0.577650,0.750752,-0.197475,0.091760,0.096814,-0.026175
-0.262019,0.558131,0.783327,0.124692,0.081607,-0.911834,0.382559,-0.524715,0.375897,0.102869,0.571407,-0.268898,-0.203344,-0.521504,-0.344014,-0.141657,0.577260,-0.243602,0.261800,0.121312,0.020192,0.207922,0.061246,0.155171,-0.209798,0.029860,-0.027728,0.006466,0.002546,-0.117358,-0.571396,0.741581,-0.185993,0.094104,0.099398,-0.034168
-0.261569,0.567973,0.775925,0.129273,0.084663,-0.910351,0.383904,-0.557682,0.382499,0.096187,0.621273,-0.297646,-0.214830,-0.570862,-0.337584,-0.122246,0.626974,-0.277163,0.261800,0.121721,0.023746,0.213991,0.055281,0.149493,-0.198828,0.022296,-0.027291,0.004988,0.008174,-0.128914,-0.563010,0.734560,-0.170511,0.096187,0.100311,-0.042967
-0.261323,0.577925,0.768529,0.133977,0.087702,-0.908816,0.385242,-0.591279,0.389049,0.088884,0.671500,-0.326437,-0.226580,-0.620246,-0.330688,-0.103464,0.676955,-0.310909,0.261800,0.121941,0.026983,0.219929,0.052404,0.145578,-0.186930,0.006491,-0.026393,0.003916,0.011623,-0.140966,-0.554348,0.727758,-0.153965,0.098307,0.100252,-0.051652
-0.256531,0.586920,0.761762,0.140571,0.089698,-0.906816,0.387141,-0.636511,0.392115,0.088285,0.703666,-0.325100,-0.228410,-0.665611,-0.330571,-0.089789,0.702516,-0.307506,0.261800,0.117105,0.021683,0.219116,0.042777,0.132596,-0.177744,0.079007,-0.027506,0.000715,0.020981,-0.162557,-0.527477,0.717664,-0.057524,0.088432,0.097126,-0.084040
-0.255239,0.595624,0.752305,0.142252,0.087261,-0.904870,0.391614,-0.677366,0.393571,0.080853,0.763161,-0.344315,-0.234953,-0.715736,-0.337452,-0.069794,0.778772,-0.338733,0.261800,0.110218,0.026788,0.236546,0.032642,0.120466,-0.171424,0.133753,-0.034288,-0.002145,0.023732,-0.182138,-0.530298,0.694614,0.023175,0.093452,0.093125,-0.112666
-0.252021,0.605121,0.744138,0.146241,0.086680,-0.902715,0.395229,-0.721169,0.394701,0.076219,0.809647,-0.352791,-0.239112,-0.764709,-0.340503,-0.052147,0.832148,-0.353533,0.261800,0.103782,0.027052,0.246358,0.022110,0.110375,-0.164371,0.197561,-0.039804,-0.006350,0.028444,-0.205051,-0.521134,0.678112,0.112125,0.094037,0.088859,-0.144007
-0.249343,0.611767,0.737640,0.148855,0.085502,-0.902583,0.394811,-0.754449,0.396714,0.068818,0.837688,-0.351967,-0.240342,-0.798570,-0.338486,-0.036715,0.864314,-0.361270,0.261800,0.096849,0.028091,0.251096,0.009530,0.100781,-0.158393,0.220832,-0.039832,-0.010278,0.032712,-0.234097,-0.493660,0.662143,0.100308,0.098652,0.076642,-0.166676
-0.246588,0.618356,0.731435,0.150826,0.084302,-0.902622,0.394230,-0.785417,0.399232,0.061935,0.864417,-0.350898,-0.241619,-0.829574,-0.335169,-0.021821,0.894004,-0.368018,0.261800,0.090684,0.029466,0.257131,-0.001372,0.093968,-0.153276,0.247062,-0.041117,-0.012137,0.038188,-0.260005,-0.466924,0.644376,0.082814,0.101997,0.068272,-0.189403
-0.243919,0.624917,0.725278,0.152637,0.083070,-0.902698,0.393621,-0.816058,0.401790,0.055199,0.891236,-0.349975,-0.242868,-0.860100,-0.331164,-0.006952,0.923641,-0.374797,0.261800,0.084681,0.031037,0.263554,-0.012387,0.088696,-0.149790,0.282056,-0.044167,-0.014101,0.044886,-0.284951,-0.440037,0.625678,0.064537,0.104618,0.060270,-0.212069
-0.241493,0.629799,0.722570,0.153190,0.081136,-0.903871,0.391110,-0.828085,0.404367,0.055671,0.897644,-0.343072,-0.242657,-0.876066,-0.326571,0.002332,0.932838,-0.373717,0.261800,0.085313,0.035829,0.263336,-0.021066,0.087369,-0.162960,0.270721,-0.042849,-0.017046,0.044896,-0.335604,-0.415205,0.641116,0.058009,0.096314,0.059724,-0.206637
-0.238914,0.634680,0.720219,0.153085,0.079033,-0.905186,0.388532,-0.837803,0.407227,0.056710,0.902718,-0.335516,-0.242746,-0.889531,-0.321503,0.011245,0.940145,-0.371808,0.261800,0.084923,0.040720,0.264898,-0.029286,0.088005,-0.177883,0.268220,-0.043117,-0.018348,0.047484,-0.387612,-0.389117,0.656240,0.053439,0.088243,0.058347,-0.200692
-0.236412,0.639584,0.717814,0.152819,0.076876,-0.906526,0.385938,-0.847133,0.410155,0.057854,0.907726,-0.327979,-0.242791,-0.902553,-0.316267,0.020102,0.947356,-0.369873,0.261800,0.084365,0.045609,0.266954,-0.039262,0.090292,-0.197076,0.278248,-0.045045,-0.020287,0.052279,-0.439150,-0.362293,0.669665,0.049129,0.080234,0.056677,-0.194674
-0.234072,0.642484,0.718681,0.150244,0.075532,-0.907898,0.383983,-0.841427,0.407086,0.051231,0.897620,-0.317837,-0.246665,-0.897078,-0.309039,0.024548,0.935266,-0.360504,0.261800,0.083825,0.050456,0.262562,-0.045344,0.103810,-0.223029,0.271436,-0.041959,-0.021138,0.053922,-0.468428,-0.353006,0.673052,-0.001970,0.074247,0.061191,-0.184662
-0.231713,0.645218,0.719696,0.147121,0.074080,-0.909363,0.382004,-0.833892,0.404278,0.044906,0.887064,-0.307837,-0.250562,-0.889549,-0.301473,0.029207,0.922125,-0.350845,0.261800,0.084210,0.055975,0.258700,-0.053332,0.120064,-0.257175,0.274611,-0.040314,-0.021988,0.058286,-0.494001,-0.344722,0.673784,-0.056602,0.068196,0.067979,-0.174331
-0.229334,0.647948,0.720791,0.143866,0.072607,-0.910835,0.380014,-0.826042,0.401568,0.038528,0.876595,-0.297975,-0.254485,-0.881708,-0.293928,0.033948,0.908993,-0.341211,0.261800,0.084760,0.061682,0.254972,-0.064017,0.138935,-0.297972,0.287333,-0.039878,-0.023372,0.063887,-0.516788,-0.335431,0.670792,-0.110605,0.062260,0.074183,-0.163107
-0.227675,0.647249,0.723215,0.141239,0.071413,-0.911555,0.379499,-0.808603,0.392736,0.032465,0.856430,-0.295464,-0.258674,-0.864162,-0.292526,0.035503,0.885399,-0.331699,0.261800,0.088860,0.063687,0.246036,-0.076587,0.162452,-0.347680,0.271004,-0.040506,-0.024896,0.063972,-0.539189,-0.334270,0.668865,-0.140041,0.058627,0.079716,-0.146795
-0.225630,0.646512,0.725844,0.138411,0.069932,-0.912250,0.379146,-0.790534,0.383164,0.026919,0.836055,-0.293018,-0.261800,-0.845968,-0.292126,0.037090,0.861168,-0.321428,0.261800,0.092416,0.065833,0.237917,-0.088769,0.185719,-0.397144,0.255936,-0.041300,-0.025602,0.064524,-0.555369,-0.328892,0.658814,-0.166678,0.055016,0.083169,-0.129738
-0.222709,0.645948,0.728617,0.135961,0.068128,-0.912760,0.379133,-0.773630,0.370958,0.022557,0.814849,-0.289219,-0.261800,-0.828545,-0.293406,0.039260,0.834695,-0.308635,0.261800,0.095029,0.068136,0.230305,-0.099543,0.204580,-0.438891,0.239137,-0.041221,-0.026055,0.063670,-0.562562,-0.318196,0.636835,-0.190838,0.050925,0.084500,-0.111266
-0.218018,0.646602,0.732898,0.136148,0.066265,-0.912542,0.379921,-0.756818,0.351790,0.010840,0.775190,-0.276206,-0.261800,-0.815769,-0.297646,0.039868,0.798616,-0.281707,0.261800,0.100250,0.065658,0.225037,-0.112993,0.217773,-0.461100,0.217981,-0.040919,-0.025003,0.064996,-0.542450,-0.306610,0.612330,-0.183786,0.046692,0.085664,-0.090050
-0.213467,0.646902,0.737008,0.136215,0.064331,-0.912419,0.380525,-0.739077,0.333379,-0.001020,0.736019,-0.264051,-0.261800,-0.802335,-0.302002,0.040431,0.762831,-0.255430,0.261800,0.105711,0.063203,0.219353,-0.117922,0.220455,-0.461416,0.186311,-0.037902,-0.023243,0.062594,-0.508217,-0.285295,0.571808,-0.173520,0.041231,0.082903,-0.066972
-0.209237,0.647039,0.740988,0.136027,0.062344,-0.912439,0.380873,-0.720546,0.315869,-0.013214,0.698086,-0.253134,-0.261800,-0.788207,-0.306080,0.041228,0.727761,-0.230097,0.261800,0.111701,0.060769,0.213600,-0.113327,0.211703,-0.436975,0.140550,-0.031841,-0.020506,0.055856,-0.460716,-0.255075,0.516086,-0.162424,0.034730,0.077317,-0.041974
-0.207905,0.646321,0.744021,0.134733,0.064683,-0.911716,0.382671,-0.708518,0.319956,-0.017299,0.666837,-0.242868,-0.261800,-0.768549,-0.305840,0.028177,0.696356,-0.213111,0.261800,0.114395,0.061023,0.208892,-0.111733,0.184208,-0.382935,0.092922,-0.029914,-0.017763,0.048998,-0.375521,-0.210984,0.423563,-0.135501,0.029792,0.064116,-0.034661
-0.206635,0.645431,0.747003,0.133391,0.067258,-0.911034,0.384317,-0.697095,0.324733,-0.021354,0.636975,-0.233579,-0.261800,-0.748730,-0.304946,0.015216,0.664736,-0.196326,0.261800,0.118622,0.061753,0.203428,-0.105857,0.148842,-0.315918,0.032088,-0.026358,-0.015219,0.039711,-0.287253,-0.165368,0.326885,-0.111289,0.024615,0.049277,-0.026714
-0.205371,0.644578,0.750084,0.132002,0.069965,-0.910364,0.385899,-0.685980,0.330015,-0.025364,0.607474,-0.224434,-0.261800,-0.728928,-0.303374,0.002166,0.633066,-0.179530,0.261800,0.123268,0.062713,0.197844,-0.100164,0.111671,-0.246379,-0.040795,-0.022182,-0.012563,0.029699,-0.205353,-0.123493,0.236693,-0.092245,0.020185,0.035333,-0.019107
-0.202862,0.643818,0.752087,0.131109,0.071930,-0.909442,0.388010,-0.679194,0.328233,-0.027970,0.584921,-0.214002,-0.261800,-0.714251,-0.305647,-0.011042,0.606409,-0.162051,0.261800,0.121683,0.063933,0.197777,-0.078868,0.080357,-0.177230,-0.028492,-0.018433,-0.004735,0.024119,-0.141386,-0.091381,0.161956,-0.055516,0.013049,0.026536,-0.015851
-0.200395,0.643042,0.754024,0.130360,0.073777,-0.908433,0.390274,-0.672831,0.326117,-0.030843,0.562846,-0.203816,-0.261800,-0.700134,-0.308336,-0.023984,0.580825,-0.145246,0.261800,0.118924,0.064990,0.197069,-0.069619,0.056370,-0.129055,-0.012780,-0.016040,-0.001954,0.020608,-0.099805,-0.072125,0.113935,-0.022599,0.007476,0.020906,-0.015630
-0.197970,0.642312,0.756031,0.129610,0.075620,-0.907417,0.392526,-0.666624,0.324257,-0.033914,0.541092,-0.193810,-0.261800,-0.686172,-0.310808,-0.036941,0.555673,-0.128691,0.261800,0.116084,0.066061,0.196292,-0.075586,0.045329,-0.109932,0.006264,-0.016489,-0.000636,0.020798,-0.083884,-0.069623,0.096510,0.006444,0.003845,0.020091,-0.019079
-0.197475,0.641736,0.756613,0.127400,0.075631,-0.907751,0.392475,-0.660740,0.326926,-0.029434,0.539332,-0.187998,-0.261800,-0.679183,-0.315691,-0.052181,0.551804,-0.121389,0.261800,0.115663,0.067936,0.198086,-0.082744,0.059833,-0.134340,0.063067,-0.016098,-0.000986,0.019913,-0.097784,-0.073765,0.121374,0.025485,0.004078,0.022028,-0.019395
-0.197262,0.640827,0.756980,0.125428,0.075459,-0.907994,0.392581,-0.655394,0.328856,-0.024968,0.539006,-0.183356,-0.261800,-0.673170,-0.321446,-0.066768,0.550471,-0.115786,0.261800,0.114408,0.068744,0.198896,-0.103800,0.086545,-0.185779,0.131175,-0.017704,-0.003988,0.022665,-0.132355,-0.091447,0.172623,0.045525,0.005447,0.028397,-0.022982
-0.197105,0.639895,0.757449,0.123525,0.075267,-0.908195,0.392758,-0.649911,0.330626,-0.020480,0.538680,-0.178985,-0.261800,-0.667031,-0.327371,-0.081486,0.549592,-0.110723,0.261800,0.112937,0.069326,0.199374,-0.134829,0.121452,-0.255062,0.208297,-0.020755,-0.007577,0.028026,-0.180307,-0.118511,0.241033,0.068379,0.007364,0.037564,-0.028949
-0.197309,0.637162,0.756998,0.119715,0.073191,-0.908322,0.394033,-0.643555,0.328193,-0.020206,0.552641,-0.186969,-0.261800,-0.658795,-0.336356,-0.078895,0.578048,-0.137224,0.261800,0.106854,0.073668,0.201666,-0.165484,0.150521,-0.338731,0.269722,-0.016074,-0.009959,0.031353,-0.226514,-0.149107,0.309837,0.042686,0.012947,0.047093,-0.033892
-0.197635,0.634498,0.756178,0.116007,0.070635,-0.908300,0.395656,-0.637573,0.324615,-0.020021,0.567976,-0.195682,-0.261800,-0.651910,-0.346803,-0.076035,0.610345,-0.166139,0.261800,0.100744,0.077023,0.203996,-0.192532,0.176209,-0.414502,0.328981,-0.010228,-0.010456,0.034137,-0.264089,-0.178029,0.369660,0.015257,0.018095,0.058280,-0.037922
-0.196802,0.631903,0.755418,0.113017,0.067441,-0.908060,0.397625,-0.633471,0.316846,-0.018203,0.583116,-0.203027,-0.257961,-0.646727,-0.359936,-0.072208,0.640672,-0.192291,0.261800,0.093695,0.079738,0.206645,-0.211620,0.191870,-0.469555,0.381872,-0.002660,-0.009710,0.034690,-0.287397,-0.198696,0.410408,-0.010940,0.022192,0.066697,-0.039648
-0.196460,0.632910,0.754738,0.111436,0.066981,-0.909754,0.394262,-0.629415,0.315774,-0.031009,0.585288,-0.207626,-0.260104,-0.649149,-0.352418,-0.062373,0.650368,-0.199579,0.261800,0.099299,0.085607,0.209485,-0.211055,0.194089,-0.476869,0.360161,-0.005229,-0.017025,0.042438,-0.293802,-0.197390,0.419916,-0.014866,0.020708,0.069729,-0.042666
-0.195639,0.633719,0.753697,0.109917,0.066471,-0.911564,0.390577,-0.628410,0.314152,-0.043573,0.594022,-0.215744,-0.261796,-0.654199,-0.345234,-0.050947,0.663669,-0.208087,0.261800,0.105639,0.092664,0.214240,-0.197530,0.187262,-0.454807,0.319291,-0.006309,-0.020803,0.045207,-0.281677,-0.185208,0.401679,-0.021117,0.019284,0.067416,-0.041193
-0.194328,0.634598,0.752785,0.108772,0.065797,-0.913312,0.386911,-0.628743,0.310944,-0.055434,0.603646,-0.223839,-0.261800,-0.660523,-0.338929,-0.039019,0.676627,-0.215483,0.261800,0.111739,0.099799,0.219270,-0.173693,0.170808,-0.409523,0.267225,-0.005321,-0.022293,0.044242,-0.253445,-0.162191,0.361094,-0.030432,0.017236,0.061321,-0.036654
-0.191238,0.633462,0.752614,0.109680,0.061986,-0.914483,0.384512,-0.636254,0.291625,-0.072725,0.601962,-0.218581,-0.261800,-0.663993,-0.343058,-0.027296,0.667901,-0.205574,0.261800,0.119769,0.096986,0.220881,-0.145138,0.144316,-0.340513,0.220205,-0.007929,-0.019692,0.041663,-0.219775,-0.143887,0.304981,-0.009113,0.014122,0.056054,-0.033570
-0.188511,0.631734,0.752441,0.110572,0.057121,-0.915486,0.382618,-0.643047,0.269590,-0.089636,0.603641,-0.214728,-0.261800,-0.667836,-0.349766,-0.014337,0.663658,-0.199134,0.261800,0.126345,0.094316,0.224365,-0.114174,0.116828,-0.266924,0.170602,-0.010694,-0.016416,0.036554,-0.186754,-0.124701,0.244467,0.015217,0.014199,0.045125,-0.029154
-0.186126,0.629371,0.752721,0.111157,0.052801,-0.916772,0.379981,-0.645398,0.250008,-0.104791,0.600631,-0.209780,-0.261800,-0.666514,-0.354462,-0.002920,0.651424,-0.189514,0.261800,0.133756,0.091272,0.225699,-0.083920,0.090405,-0.199566,0.131854,-0.011388,-0.014941,0.032957,-0.154985,-0.103356,0.188962,0.038264,0.012360,0.035199,-0.026076
-0.183432,0.626669,0.753343,0.111042,0.049241,-0.918776,0.375628,-0.647659,0.237398,-0.112169,0.599180,-0.205443,-0.261800,-0.663161,-0.357026,0.006407,0.634367,-0.176508,0.261800,0.139253,0.087164,0.228405,-0.066540,0.069771,-0.158159,0.102658,-0.010456,-0.012392,0.026915,-0.123151,-0.084761,0.158574,0.039773,0.008439,0.026814,-0.020672
-0.181527,0.623502,0.753957,0.110532,0.045801,-0.920807,0.371214,-0.648607,0.225993,-0.120023,0.598989,-0.202252,-0.261800,-0.657987,-0.358986,0.015269,0.617674,-0.164886,0.261800,0.145683,0.083321,0.230728,-0.053965,0.055604,-0.130534,0.083002,-0.009827,-0.010878,0.022654,-0.099372,-0.073074,0.139670,0.039185,0.004830,0.021794,-0.016945
-0.180068,0.620004,0.754352,0.109110,0.042025,-0.922896,0.366866,-0.648228,0.214644,-0.128180,0.603041,-0.202671,-0.261800,-0.651511,-0.361173,0.024344,0.605278,-0.156938,0.261800,0.152381,0.079699,0.233911,-0.044765,0.048876,-0.115619,0.068747,-0.010402,-0.009633,0.020000,-0.083447,-0.068665,0.131884,0.037992,0.002225,0.018707,-0.014436
-0.180866,0.618837,0.754372,0.106825,0.042913,-0.923600,0.365663,-0.645850,0.218687,-0.131882,0.602748,-0.203458,-0.261800,-0.643088,-0.355478,0.022723,0.599609,-0.157390,0.261800,0.156056,0.080140,0.231866,-0.041660,0.043562,-0.104547,0.051626,-0.011622,-0.009403,0.022031,-0.075429,-0.061127,0.121961,0.024867,0.002380,0.018265,-0.013651
-0.181714,0.617792,0.754328,0.104585,0.043946,-0.924306,0.364402,-0.643644,0.223093,-0.135711,0.602199,-0.204017,-0.261800,-0.634852,-0.349219,0.020846,0.593862,-0.157889,0.261800,0.159971,0.080636,0.229641,-0.040781,0.041605,-0.098807,0.036109,-0.013269,-0.009679,0.025584,-0.072334,-0.057754,0.118234,0.011339,0.002571,0.019528,-0.013472
-0.182599,0.616814,0.754280,0.102348,0.044957,-0.924990,0.363177,-0.641367,0.227430,-0.139556,0.601661,-0.204659,-0.261800,-0.626629,-0.343033,0.019033,0.588313,-0.158549,0.261800,0.163834,0.081105,0.227339,-0.040732,0.041207,-0.094977,0.019665,-0.015355,-0.010493,0.030357,-0.071884,-0.056950,0.118066,-0.002369,0.002612,0.021396,-0.013679
-0.183756,0.616671,0.754124,0.099497,0.045504,-0.925001,0.363872,-0.633063,0.234032,-0.136495,0.598437,-0.203264,-0.261800,-0.622255,-0.344265,0.008318,0.594645,-0.156536,0.261800,0.162256,0.080438,0.223009,-0.043770,0.042805,-0.106303,0.025113,-0.013934,-0.007965,0.026955,-0.072174,-0.061147,0.122342,0.009144,0.002247,0.023899,-0.013769
-0.184976,0.616783,0.754009,0.096750,0.046092,-0.924999,0.364543,-0.624598,0.240864,-0.133358,0.594364,-0.201373,-0.261800,-0.618357,-0.344940,-0.002678,0.601514,-0.155139,0.261800,0.160861,0.079433,0.218656,-0.047193,0.043920,-0.115997,0.028310,-0.012858,-0.006839,0.023981,-0.072796,-0.065155,0.126319,0.022033,0.001395,0.024922,-0.013757
-0.186370,0.616822,0.753900,0.093996,0.046651,-0.924983,0.365232,-0.615972,0.247613,-0.130137,0.590457,-0.199737,-0.261800,-0.614212,-0.345772,-0.013724,0.608493,-0.154060,0.261800,0.159404,0.078337,0.214316,-0.050028,0.044683,-0.123523,0.027454,-0.012099,-0.005971,0.021499,-0.072687,-0.069271,0.129778,0.034921,-0.000038,0.025723,-0.013513
-0.189155,0.615839,0.754810,0.090576,0.047848,-0.924879,0.366205,-0.601156,0.257925,-0.125194,0.580567,-0.197455,-0.261800,-0.599981,-0.345121,-0.027974,0.606197,-0.152845,0.261800,0.159300,0.078965,0.207236,-0.049829,0.041052,-0.125346,0.049908,-0.012391,-0.003572,0.021901,-0.071284,-0.061510,0.131907,0.043905,0.001386,0.025287,-0.012852
-0.192289,0.615012,0.755837,0.086586,0.049221,-0.924799,0.367187,-0.584922,0.269596,-0.120494,0.570503,-0.194990,-0.261800,-0.583736,-0.343283,-0.043307,0.603442,-0.152208,0.261800,0.159594,0.080094,0.200916,-0.049457,0.036483,-0.125455,0.072057,-0.012730,-0.002472,0.022539,-0.069035,-0.053239,0.134008,0.054536,0.002205,0.024971,-0.012012
-0.195579,0.614035,0.756919,0.082366,0.050629,-0.924730,0.368140,-0.567932,0.281479,-0.115549,0.560676,-0.193045,-0.261800,-0.566451,-0.341064,-0.058887,0.600482,-0.151980,0.261800,0.159927,0.081525,0.194834,-0.048997,0.031504,-0.124915,0.093735,-0.013221,-0.001310,0.023400,-0.065995,-0.044862,0.136413,0.067762,0.002509,0.024770,-0.010953
-0.198184,0.612330,0.758826,0.078802,0.051612,-0.924747,0.368741,-0.549867,0.289063,-0.112324,0.547002,-0.187272,-0.261800,-0.542013,-0.336860,-0.069432,0.580650,-0.148694,0.261800,0.160027,0.084345,0.188824,-0.048277,0.027859,-0.128540,0.104794,-0.011120,-0.000894,0.019395,-0.061410,-0.044313,0.129607,0.077627,0.004350,0.022760,-0.014028
-0.200655,0.610794,0.760816,0.075856,0.053305,-0.924815,0.368947,-0.532939,0.298021,-0.108617,0.531718,-0.180310,-0.261800,-0.518207,-0.330785,-0.080386,0.557486,-0.143170,0.261800,0.160805,0.086805,0.181812,-0.048069,0.024935,-0.132430,0.117045,-0.009037,0.000598,0.016176,-0.057407,-0.041705,0.123397,0.091874,0.005485,0.022133,-0.017565
-0.203330,0.609184,0.762889,0.071999,0.054728,-0.924868,0.369377,-0.514354,0.306846,-0.105170,0.517745,-0.174534,-0.261800,-0.492765,-0.324514,-0.091368,0.536177,-0.139269,0.261800,0.161783,0.090503,0.175900,-0.047566,0.020264,-0.137853,0.132680,-0.006730,0.002128,0.012658,-0.051100,-0.039936,0.117203,0.110009,0.006915,0.021083,-0.020789
-0.204971,0.607786,0.764346,0.069413,0.054981,-0.924964,0.369594,-0.498811,0.309763,-0.105520,0.505269,-0.171623,-0.261800,-0.475675,-0.321936,-0.098168,0.521623,-0.134055,0.261800,0.167408,0.094277,0.170748,-0.045239,0.021487,-0.135766,0.116513,-0.007394,-0.001847,0.010817,-0.051225,-0.037189,0.116650,0.084212,0.009143,0.018250,-0.016552
-0.206760,0.606468,0.765648,0.067249,0.055226,-0.925023,0.369810,-0.484262,0.312256,-0.105946,0.493169,-0.168925,-0.261800,-0.459978,-0.319709,-0.104674,0.508262,-0.129530,0.261800,0.172344,0.097325,0.165189,-0.042044,0.024009,-0.133913,0.099547,-0.008338,-0.003773,0.008605,-0.048964,-0.034438,0.116526,0.057691,0.011760,0.018332,-0.012160
-0.208484,0.605055,0.766946,0.065199,0.055529,-0.925057,0.370048,-0.470024,0.314759,-0.106438,0.481165,-0.166268,-0.261800,-0.444644,-0.317397,-0.111172,0.495147,-0.125155,0.261800,0.177185,0.100282,0.159298,-0.038580,0.026135,-0.132599,0.083994,-0.009332,-0.005186,0.005881,-0.044599,-0.030190,0.116380,0.033149,0.014613,0.018795,-0.007804
-0.209354,0.604153,0.767072,0.063640,0.054910,-0.924843,0.370944,-0.459314,0.311517,-0.114531,0.472811,-0.172381,-0.261800,-0.435467,-0.317046,-0.111331,0.490864,-0.130635,0.261800,0.181641,0.100744,0.156889,-0.035152,0.026194,-0.125119,0.068815,-0.012910,-0.006148,0.008302,-0.041849,-0.030229,0.113480,0.019408,0.014087,0.019813,-0.008671
-0.210593,0.603190,0.766907,0.061340,0.053736,-0.924503,0.372349,-0.447702,0.307557,-0.123517,0.467248,-0.180850,-0.261800,-0.427641,-0.317987,-0.110435,0.494813,-0.138386,0.261800,0.184890,0.102031,0.156358,-0.030673,0.025843,-0.118599,0.051571,-0.017059,-0.006149,0.010623,-0.035743,-0.031520,0.111020,0.002412,0.014735,0.021803,-0.009472
-0.211513,0.602286,0.767053,0.060436,0.053675,-0.924282,0.373053,-0.437878,0.305441,-0.131431,0.457541,-0.186678,-0.261800,-0.420041,-0.316836,-0.110168,0.489814,-0.140430,0.261800,0.189193,0.102050,0.152744,-0.028381,0.024777,-0.113233,0.039091,-0.021283,-0.008243,0.012634,-0.032045,-0.025949,0.110026,-0.006963,0.014438,0.021045,-0.010380
-0.207529,0.600326,0.767261,0.060923,0.049363,-0.924391,0.373300,-0.446618,0.289222,-0.137027,0.455680,-0.180056,-0.261800,-0.419840,-0.327032,-0.101825,0.483924,-0.136595,0.261800,0.194706,0.098548,0.154891,-0.032017,0.023133,-0.118629,0.047030,-0.018656,-0.004910,0.012781,-0.038122,-0.034285,0.107958,0.001068,0.014192,0.021239,-0.013438
-0.203863,0.597546,0.767361,0.062104,0.045376,-0.924484,0.373381,-0.455466,0.273422,-0.141851,0.453819,-0.174569,-0.261800,-0.418355,-0.337121,-0.091996,0.474531,-0.133108,0.261800,0.200736,0.094063,0.154920,-0.038019,0.020998,-0.131024,0.061184,-0.016600,-0.003368,0.013235,-0.047649,-0.041732,0.112377,0.013626,0.014615,0.020526,-0.017393
-0.200698,0.594487,0.767335,0.062729,0.041241,-0.924572,0.373538,-0.463236,0.257972,-0.146770,0.454630,-0.171502,-0.261800,-0.415811,-0.347300,-0.082342,0.467959,-0.132362,0.261800,0.206956,0.089475,0.155145,-0.045623,0.020381,-0.154075,0.079732,-0.015663,-0.002333,0.014573,-0.060839,-0.053403,0.126973,0.025921,0.016855,0.021619,-0.023102
-0.197648,0.592918,0.767174,0.062676,0.037417,-0.925529,0.371575,-0.480187,0.247836,-0.146552,0.470202,-0.164418,-0.261800,-0.420611,-0.355610,-0.074499,0.470188,-0.128044,0.261800,0.217544,0.083621,0.155999,-0.054433,0.028641,-0.182457,0.105830,-0.015719,-0.001451,0.019781,-0.084711,-0.069560,0.156324,0.033945,0.019487,0.030087,-0.027969
-0.194660,0.590881,0.766947,0.062978,0.033545,-0.926354,0.369833,-0.498050,0.237099,-0.145961,0.487297,-0.158565,-0.261800,-0.425651,-0.365006,-0.066176,0.472739,-0.124368,0.261800,0.227575,0.077157,0.155936,-0.066731,0.038107,-0.223217,0.139157,-0.016813,-0.000412,0.025975,-0.117723,-0.093394,0.201461,0.042838,0.024072,0.041762,-0.035314
-0.191736,0.588801,0.766739,0.063250,0.029810,-0.927135,0.368146,-0.516077,0.226919,-0.145171,0.504781,-0.153021,-0.261800,-0.430620,-0.374036,-0.058213,0.475315,-0.120880,0.261800,0.237511,0.070781,0.155692,-0.082220,0.048329,-0.274934,0.179358,-0.018623,0.000750,0.033593,-0.160460,-0.125097,0.261836,0.051916,0.030579,0.056796,-0.045447
-0.191466,0.586625,0.766288,0.061849,0.029489,-0.927191,0.368268,-0.514851,0.224311,-0.148398,0.505176,-0.157106,-0.261800,-0.426452,-0.375171,-0.058120,0.476793,-0.123065,0.261800,0.251702,0.073592,0.154493,-0.081835,0.079066,-0.318939,0.190058,-0.026551,-0.002666,0.040163,-0.213857,-0.171146,0.338691,-0.009798,0.036048,0.072092,-0.047882
-0.191450,0.584276,0.765756,0.059316,0.028653,-0.927241,0.368626,-0.510730,0.221452,-0.151785,0.506554,-0.162648,-0.261800,-0.419001,-0.376851,-0.058328,0.479092,-0.126916,0.261800,0.264786,0.076415,0.154740,-0.078131,0.113395,-0.365472,0.196383,-0.035068,-0.002848,0.046943,-0.267951,-0.224156,0.421427,-0.083262,0.042412,0.095458,-0.051357
-0.191372,0.581936,0.765324,0.056897,0.027916,-0.927304,0.368904,-0.506323,0.218867,-0.154984,0.506658,-0.167419,-0.261800,-0.411192,-0.378322,-0.058743,0.479687,-0.129680,0.261800,0.278195,0.079726,0.154718,-0.073960,0.146473,-0.411145,0.204310,-0.043341,-0.003018,0.054186,-0.324014,-0.277663,0.503062,-0.156903,0.048746,0.117683,-0.054779
-0.191179,0.576824,0.766325,0.052637,0.028721,-0.929120,0.364883,-0.507185,0.230275,-0.158488,0.510459,-0.158165,-0.261800,-0.390321,-0.373140,-0.060604,0.457231,-0.116284,0.261800,0.294931,0.083571,0.149006,-0.063083,0.211109,-0.458935,0.226976,-0.045976,-0.001645,0.051375,-0.362280,-0.337726,0.588075,-0.176429,0.058996,0.139556,-0.047884
-0.191225,0.571575,0.767296,0.047780,0.029677,-0.930943,0.360807,-0.506862,0.242362,-0.162490,0.515127,-0.150081,-0.261800,-0.367479,-0.367190,-0.062688,0.434364,-0.103241,0.261800,0.311777,0.087042,0.142661,-0.045050,0.280197,-0.501600,0.243989,-0.048839,0.000124,0.047423,-0.392709,-0.391205,0.660055,-0.197531,0.067875,0.157562,-0.038501
-0.191378,0.566042,0.768288,0.042235,0.030621,-0.932730,0.356781,-0.505098,0.254810,-0.167029,0.520755,-0.143236,-0.261800,-0.342913,-0.360832,-0.064859,0.412402,-0.091398,0.261800,0.328160,0.090284,0.136009,-0.018758,0.354059,-0.537938,0.253739,-0.051962,0.003117,0.042260,-0.412659,-0.438245,0.717180,-0.223159,0.075264,0.173503,-0.026521
-0.189525,0.559017,0.769482,0.038778,0.034033,-0.934250,0.352868,-0.503067,0.273734,-0.171186,0.500404,-0.123412,-0.261800,-0.309703,-0.351090,-0.069815,0.359500,-0.060691,0.261800,0.339895,0.107632,0.128170,-0.026500,0.512615,-0.596863,0.147714,-0.069208,-0.007253,0.030049,-0.404260,-0.498845,0.764260,-0.230829,0.085095,0.184971,-0.016314
-0.187830,0.551346,0.770897,0.034701,0.037511,-0.935737,0.348978,-0.498698,0.293040,-0.175178,0.479345,-0.104211,-0.261800,-0.274498,-0.341332,-0.074140,0.306697,-0.030121,0.261800,0.353772,0.123364,0.120357,-0.028720,0.680538,-0.651677,0.026627,-0.089855,-0.010689,0.020063,-0.386400,-0.552299,0.794713,-0.239265,0.093817,0.193093,-0.004156
-0.186204,0.543495,0.772468,0.030276,0.041297,-0.937158,0.345127,-0.493502,0.312990,-0.179435,0.457986,-0.085282,-0.261800,-0.239219,-0.330928,-0.077891,0.255625,-0.000860,0.261800,0.368105,0.139276,0.112196,-0.027351,0.849256,-0.698707,-0.100270,-0.110186,-0.012872,0.012169,-0.361914,-0.600918,0.813963,-0.248108,0.101398,0.199175,0.009427
-0.174809,0.536717,0.772107,0.029136,0.045429,-0.939996,0.336891,-0.497034,0.333234,-0.165061,0.426021,-0.050257,-0.261800,-0.248605,-0.340072,-0.111354,0.232553,0.067476,0.261800,0.369300,0.163079,0.097069,-0.087717,0.978869,-0.666562,-0.096647,-0.116540,-0.012735,0.016202,-0.337325,-0.635498,0.824876,-0.250569,0.107603,0.201036,0.020696
-0.163164,0.529579,0.771558,0.029453,0.050045,-0.942501,0.329120,-0.504769,0.352104,-0.151991,0.394947,-0.015107,-0.261800,-0.258807,-0.350316,-0.147959,0.206482,0.137594,0.261800,0.370926,0.183032,0.083556,-0.144856,1.117659,-0.623607,-0.100401,-0.129627,-0.017926,0.012650,-0.307693,-0.672426,0.825021,-0.261909,0.115043,0.199709,0.034223
-0.152046,0.521565,0.771002,0.030498,0.054510,-0.944858,0.321469,-0.512942,0.369802,-0.138845,0.365312,0.017983,-0.261800,-0.267812,-0.361781,-0.186463,0.179529,0.206715,0.261800,0.373676,0.200162,0.069505,-0.196323,1.256952,-0.573121,-0.108691,-0.144667,-0.024655,0.006176,-0.273163,-0.707588,0.817618,-0.276015,0.122758,0.198084,0.048499
-0.147379,0.502874,0.772134,0.032656,0.049697,-0.943545,0.325862,-0.511497,0.345406,-0.125903,0.371692,0.008887,-0.261800,-0.259228,-0.400662,-0.209973,0.202579,0.176360,0.261800,0.346960,0.185746,0.062447,-0.254779,1.358696,-0.550656,-0.147622,-0.162849,-0.025221,-0.002143,-0.257704,-0.720251,0.790214,-0.318130,0.129974,0.198576,0.054100
-0.144605,0.483655,0.773441,0.034284,0.042150,-0.942025,0.331115,-0.504015,0.316599,-0.110821,0.379347,-0.004213,-0.261800,-0.255826,-0.446230,-0.229580,0.249594,0.131523,0.261800,0.315359,0.178332,0.057676,-0.332452,1.419143,-0.542651,-0.162086,-0.162368,-0.026103,-0.004990,-0.259347,-0.726402,0.773982,-0.332588,0.136950,0.197802,0.055078
-0.144086,0.463409,0.774840,0.034835,0.032858,-0.939995,0.337811,-0.489970,0.284832,-0.096061,0.387816,-0.021892,-0.261800,-0.245710,-0.495429,-0.251668,0.303066,0.080233,0.261800,0.279665,0.171857,0.050208,-0.409208,1.459901,-0.535512,-0.172868,-0.157759,-0.029669,-0.009473,-0.254860,-0.727493,0.755537,-0.336969,0.143239,0.192374,0.055794
-0.143201,0.449022,0.776186,0.034462,0.027735,-0.936946,0.346662,-0.477887,0.260855,-0.093264,0.389343,-0.027905,-0.261800,-0.250786,-0.511489,-0.252328,0.400088,0.014443,0.261800,0.240467,0.167203,0.053938,-0.480424,1.411383,-0.571561,-0.234885,-0.150066,-0.030284,-0.006912,-0.275922,-0.703053,0.717080,-0.350577,0.144233,0.183359,0.037371
-0.142592,0.434975,0.777062,0.033933,0.021328,-0.933376,0.356655,-0.465251,0.234141,-0.091773,0.391376,-0.033935,-0.261800,-0.258777,-0.531117,-0.250236,0.508351,-0.058115,0.261800,0.205652,0.161166,0.055028,-0.562907,1.330637,-0.613946,-0.287638,-0.139631,-0.028305,-0.004582,-0.281467,-0.670170,0.660945,-0.353621,0.142544,0.170670,0.018718
-0.140774,0.423819,0.778448,0.033033,0.018244,-0.930197,0.365117,-0.455387,0.216668,-0.092424,0.385722,-0.031510,-0.261800,-0.272408,-0.537474,-0.249221,0.613987,-0.126424,0.251388,0.176246,0.160902,0.054584,-0.628202,1.221619,-0.630129,-0.330775,-0.125889,-0.027530,-0.004010,-0.278690,-0.625967,0.590326,-0.343331,0.136168,0.152929,0.001777
-0.136609,0.420287,0.779044,0.035479,0.022389,-0.928599,0.368706,-0.458023,0.214172,-0.094339,0.364680,-0.018358,-0.261800,-0.286311,-0.514859,-0.252791,0.670423,-0.171763,0.249147,0.176004,0.141785,0.052339,-0.639599,1.045794,-0.615828,-0.250523,-0.105914,-0.016805,0.000459,-0.254015,-0.536674,0.502865,-0.315733,0.119972,0.133592,-0.008069
-0.132337,0.416295,0.780368,0.037414,0.028545,-0.927384,0.371138,-0.459178,0.217092,-0.095982,0.340662,-0.004442,-0.261800,-0.294383,-0.485167,-0.260203,0.714018,-0.210450,0.245932,0.173226,0.128260,0.048621,-0.609368,0.868284,-0.558195,-0.169279,-0.084370,-0.010509,0.003508,-0.228101,-0.443159,0.414522,-0.279672,0.100870,0.110595,-0.015707
-0.128018,0.412497,0.781234,0.039553,0.034335,-0.926018,0.373828,-0.463139,0.219062,-0.098063,0.320754,0.007861,-0.261800,-0.304484,-0.456945,-0.267298,0.760796,-0.250597,0.242705,0.168078,0.115737,0.046714,-0.572508,0.696714,-0.489302,-0.084028,-0.060379,-0.006920,0.005812,-0.206759,-0.354952,0.329464,-0.244657,0.081920,0.089015,-0.023872
-0.127717,0.415124,0.781108,0.038051,0.039175,-0.925833,0.373967,-0.460617,0.232854,-0.100010,0.303808,0.024471,-0.261800,-0.296499,-0.437826,-0.302297,0.781867,-0.280744,0.222973,0.203686,0.098023,0.050448,-0.443187,0.536646,-0.411272,-0.072451,-0.055410,-0.012108,0.009670,-0.166764,-0.266273,0.253153,-0.210238,0.064014,0.074268,-0.020478
-0.127727,0.416825,0.781536,0.035846,0.045197,-0.925935,0.373252,-0.456703,0.250047,-0.101324,0.287975,0.038830,-0.261800,-0.282311,-0.413668,-0.338420,0.792841,-0.307185,0.203704,0.233583,0.093361,0.051606,-0.305987,0.415553,-0.336194,-0.087790,-0.046489,-0.013782,0.012595,-0.143060,-0.201980,0.207326,-0.194709,0.048612,0.065325,-0.015245
-0.124636,0.415736,0.782409,0.034252,0.050046,-0.925744,0.373256,-0.454292,0.256851,-0.098098,0.274843,0.052269,-0.251720,-0.265628,-0.396503,-0.371514,0.793836,-0.324971,0.190796,0.254376,0.096711,0.052567,-0.187161,0.332334,-0.290923,-0.122196,-0.038169,-0.014380,0.015004,-0.142133,-0.166774,0.197818,-0.203370,0.038870,0.064272,-0.010933
-0.124061,0.414041,0.782576,0.033934,0.051064,-0.926825,0.370455,-0.439585,0.259462,-0.092347,0.254448,0.051683,-0.241465,-0.251185,-0.388604,-0.393679,0.776709,-0.338942,0.193099,0.289495,0.089835,0.051205,-0.092673,0.280918,-0.260444,-0.127251,-0.036010,-0.008153,0.015030,-0.153345,-0.149595,0.222150,-0.232237,0.042737,0.071257,-0.007128
-0.123033,0.411785,0.782885,0.033932,0.051090,-0.927909,0.367728,-0.423435,0.258901,-0.084336,0.232950,0.051530,-0.229890,-0.236255,-0.383535,-0.414145,0.758138,-0.351718,0.197113,0.320397,0.082421,0.049534,-0.026558,0.254969,-0.273339,-0.140713,-0.036331,-0.005888,0.013209,-0.182471,-0.150122,0.274633,-0.283950,0.051982,0.085230,-0.004588
-0.122024,0.409506,0.783232,0.034016,0.050891,-0.928934,0.365150,-0.406947,0.257622,-0.076181,0.211076,0.051547,-0.218134,-0.221110,-0.378932,-0.434408,0.739728,-0.364763,0.201523,0.349858,0.073723,0.047494,0.018639,0.245153,-0.320907,-0.161701,-0.039184,-0.005156,0.011685,-0.222809,-0.160154,0.343547,-0.351902,0.064448,0.104095,-0.002972
-0.119881,0.407430,0.783304,0.032259,0.049813,-0.930292,0.361988,-0.400143,0.265141,-0.066535,0.216358,0.047690,-0.220669,-0.213532,-0.382400,-0.436043,0.727953,-0.366201,0.204796,0.366802,0.070491,0.052117,0.054403,0.272425,-0.358561,-0.114213,-0.045972,0.001077,0.027142,-0.263097,-0.203557,0.401798,-0.420563,0.077965,0.125439,-0.005371
-0.117476,0.405658,0.783276,0.030634,0.048739,-0.931701,0.358636,-0.396334,0.272461,-0.057184,0.226174,0.042070,-0.223260,-0.207999,-0.386320,-0.436866,0.718443,-0.368266,0.207988,0.383982,0.066445,0.057759,0.087350,0.286292,-0.396104,-0.057544,-0.053118,0.001720,0.042948,-0.301268,-0.241436,0.454032,-0.486468,0.091532,0.144999,-0.008316
-0.114985,0.403881,0.783104,0.029103,0.047683,-0.933094,0.355266,-0.393451,0.279671,-0.047969,0.236980,0.036215,-0.225798,-0.203253,-0.390391,-0.437530,0.709765,-0.370605,0.211214,0.401921,0.061743,0.063317,0.124903,0.278504,-0.422130,0.007545,-0.058267,0.001141,0.058072,-0.329615,-0.266838,0.490283,-0.540105,0.102386,0.160273,-0.011238
-0.111093,0.401743,0.782427,0.027364,0.045753,-0.935145,0.350232,-0.395059,0.278069,-0.049666,0.258381,0.020500,-0.227818,-0.197564,-0.389087,-0.424129,0.686716,-0.357704,0.216079,0.404195,0.060756,0.066073,0.116150,0.302337,-0.464962,-0.026842,-0.064844,-0.014063,0.059692,-0.349541,-0.304140,0.534092,-0.554695,0.109397,0.170295,-0.004338
-0.107420,0.399623,0.781819,0.025297,0.044379,-0.937255,0.344882,-0.397179,0.278105,-0.051492,0.281250,0.003743,-0.230191,-0.190650,-0.385512,-0.411096,0.661678,-0.344061,0.220233,0.410191,0.059514,0.070489,0.119289,0.308969,-0.482150,-0.065923,-0.073059,-0.019041,0.061702,-0.354691,-0.323124,0.548693,-0.546560,0.112251,0.171131,0.002352
-0.103858,0.397554,0.781248,0.023017,0.043234,-0.939382,0.339355,-0.399326,0.278854,-0.053182,0.304793,-0.013683,-0.232848,-0.183015,-0.380952,-0.398138,0.636001,-0.330342,0.223967,0.417234,0.058087,0.075016,0.131932,0.294445,-0.473003,-0.097888,-0.078854,-0.020339,0.062617,-0.343535,-0.323522,0.537255,-0.517654,0.110787,0.164438,0.009163
-0.099368,0.396185,0.780172,0.020682,0.042539,-0.942488,0.330875,-0.392009,0.270826,-0.089472,0.308162,-0.024974,-0.238208,-0.184227,-0.372794,-0.375188,0.613773,-0.308898,0.224855,0.407540,0.053855,0.072672,0.109840,0.280697,-0.463492,-0.113843,-0.070972,-0.022276,0.054899,-0.324284,-0.314748,0.519208,-0.475666,0.101918,0.152747,0.013948
-0.095070,0.395222,0.778863,0.018285,0.041574,-0.945435,0.322630,-0.387748,0.262438,-0.126727,0.318945,-0.040469,-0.244628,-0.186812,-0.365996,-0.351933,0.596675,-0.290689,0.225234,0.399950,0.049627,0.076496,0.085319,0.255407,-0.440348,-0.126402,-0.063775,-0.022137,0.047803,-0.302110,-0.297771,0.484453,-0.422337,0.090770,0.135911,0.016614
-0.090610,0.394572,0.777427,0.015798,0.040329,-0.948295,0.314420,-0.384207,0.253239,-0.163511,0.332490,-0.057510,-0.251120,-0.190231,-0.360424,-0.328068,0.581898,-0.273338,0.225522,0.393311,0.045159,0.082926,0.061880,0.222460,-0.410018,-0.135828,-0.056819,-0.020910,0.040971,-0.278121,-0.275384,0.441483,-0.364157,0.079109,0.116673,0.018578
-0.088437,0.394487,0.776169,0.014925,0.039699,-0.950374,0.308206,-0.388487,0.246597,-0.189216,0.351231,-0.065789,-0.254684,-0.194497,-0.353850,-0.307256,0.571993,-0.265963,0.230755,0.384774,0.046530,0.092617,0.039183,0.197080,-0.353185,-0.128638,-0.045011,-0.015117,0.037246,-0.245123,-0.243616,0.382251,-0.300859,0.065570,0.099582,0.016097
-0.086480,0.394609,0.774957,0.014578,0.039021,-0.952366,0.302100,-0.393808,0.239606,-0.214763,0.370289,-0.073964,-0.258859,-0.200178,-0.347752,-0.286530,0.563509,-0.259435,0.235711,0.374755,0.044244,0.101931,0.018410,0.175505,-0.299488,-0.119947,-0.033489,-0.010744,0.032174,-0.217596,-0.211435,0.329404,-0.243236,0.052185,0.084180,0.015512
-0.084218,0.394359,0.773708,0.014771,0.037798,-0.954274,0.296165,-0.399681,0.230135,-0.239058,0.390021,-0.082324,-0.261793,-0.206469,-0.343949,-0.265279,0.555006,-0.252569,0.241563,0.363729,0.039923,0.110817,-0.000266,0.159697,-0.255695,-0.114025,-0.023099,-0.007789,0.027310,-0.199136,-0.185122,0.289444,-0.194574,0.040004,0.071687,0.016525
-0.078864,0.389478,0.772117,0.017555,0.033899,-0.956074,0.290630,-0.405268,0.218815,-0.238000,0.411482,-0.104047,-0.261800,-0.220845,-0.355668,-0.232948,0.550380,-0.243810,0.261169,0.350645,0.027885,0.128147,-0.012049,0.137622,-0.213472,-0.105200,-0.019509,-0.000673,0.024907,-0.170339,-0.168849,0.244282,-0.153406,0.033195,0.059358,0.012539
-0.071800,0.388611,0.772088,0.021222,0.034449,-0.958776,0.281267,-0.408598,0.223302,-0.234287,0.408445,-0.108043,-0.261800,-0.243519,-0.346087,-0.202087,0.533962,-0.223824,0.261800,0.344370,0.019194,0.137096,-0.022058,0.120721,-0.182210,-0.093376,-0.014806,0.002466,0.021302,-0.147877,-0.158569,0.212438,-0.122588,0.026992,0.051487,0.010947
-0.065591,0.387462,0.772365,0.025321,0.035487,-0.961415,0.271625,-0.410824,0.229408,-0.230384,0.402720,-0.111709,-0.261800,-0.262965,-0.334272,-0.172860,0.512087,-0.202097,0.261800,0.339452,0.010383,0.143017,-0.031563,0.110654,-0.162036,-0.084215,-0.010540,0.003868,0.018107,-0.132426,-0.156873,0.192306,-0.098563,0.021550,0.046881,0.010563
-0.057715,0.385098,0.773416,0.031647,0.034581,-0.963120,0.264959,-0.419182,0.225104,-0.216812,0.408478,-0.121312,-0.261800,-0.281457,-0.334167,-0.152291,0.483458,-0.175390,0.261800,0.329122,0.006994,0.151381,-0.031583,0.099479,-0.149629,-0.073777,-0.011629,0.004483,0.016191,-0.114842,-0.146132,0.172154,-0.077590,0.018578,0.044348,0.008886
-0.050418,0.382396,0.774174,0.038217,0.033210,-0.964542,0.259028,-0.428399,0.219147,-0.204544,0.416357,-0.132784,-0.261800,-0.298705,-0.336153,-0.133037,0.456120,-0.150804,0.261800,0.317282,0.001647,0.158006,-0.031209,0.093667,-0.142672,-0.065411,-0.013097,0.004603,0.014391,-0.101211,-0.139806,0.158632,-0.057247,0.015414,0.043223,0.008542
-0.043644,0.379654,0.774898,0.044759,0.031521,-0.965763,0.253584,-0.437710,0.212321,-0.193248,0.425394,-0.145503,-0.261800,-0.314983,-0.339073,-0.114522,0.430202,-0.128074,0.261800,0.304413,-0.004810,0.164000,-0.031190,0.092015,-0.138997,-0.058882,-0.014847,0.004779,0.012604,-0.090525,-0.137397,0.149369,-0.036256,0.012204,0.043061,0.008884
-0.039979,0.381751,0.773747,0.050027,0.034885,-0.965762,0.252160,-0.458366,0.220838,-0.188014,0.432232,-0.146079,-0.261800,-0.339825,-0.334533,-0.116161,0.436795,-0.123332,0.261800,0.288974,-0.010785,0.167479,-0.029854,0.087437,-0.139584,-0.063291,-0.017606,0.003939,0.012597,-0.078019,-0.120114,0.135352,-0.056600,0.018181,0.036634,0.005910
-0.036616,0.382648,0.772410,0.056124,0.037002,-0.965472,0.251683,-0.477793,0.225438,-0.182298,0.436075,-0.145651,-0.261800,-0.364019,-0.336152,-0.118161,0.443319,-0.119152,0.261800,0.270562,-0.017677,0.168361,-0.025785,0.081947,-0.141070,-0.068558,-0.019369,0.003585,0.012669,-0.063576,-0.107923,0.125131,-0.080325,0.024586,0.034167,0.001912
-0.033274,0.383623,0.771149,0.062371,0.039029,-0.965116,0.251272,-0.497164,0.229920,-0.176624,0.439435,-0.145024,-0.261800,-0.388453,-0.338048,-0.120194,0.450212,-0.115333,0.261800,0.251745,-0.024554,0.168583,-0.021452,0.077219,-0.142846,-0.074348,-0.021213,0.003473,0.012459,-0.048154,-0.097138,0.115709,-0.103817,0.030833,0.032438,-0.002384
-0.033938,0.383752,0.769432,0.066069,0.041988,-0.963671,0.255361,-0.518675,0.232834,-0.180106,0.450845,-0.140657,-0.261800,-0.404054,-0.340458,-0.122285,0.480519,-0.138755,0.261800,0.242686,-0.024971,0.165849,-0.024100,0.073402,-0.139198,-0.071678,-0.018996,0.003631,0.015910,-0.045947,-0.091081,0.113703,-0.104295,0.029270,0.034660,-0.004064
-0.034850,0.383327,0.767314,0.069005,0.044052,-0.962033,0.260367,-0.539001,0.233045,-0.183825,0.465740,-0.139932,-0.261800,-0.418424,-0.346436,-0.122861,0.515975,-0.165270,0.261800,0.231122,-0.025360,0.164991,-0.026898,0.068405,-0.134740,-0.068255,-0.016908,0.003152,0.019407,-0.042709,-0.084328,0.111372,-0.102059,0.027834,0.035269,-0.005825
-0.036013,0.382664,0.765463,0.071185,0.045891,-0.960412,0.265396,-0.555251,0.233527,-0.186945,0.476896,-0.137870,-0.261800,-0.428095,-0.352251,-0.124477,0.546748,-0.189957,0.261800,0.219203,-0.024823,0.164592,-0.028363,0.062265,-0.129580,-0.065475,-0.014435,0.002213,0.022688,-0.035944,-0.076812,0.108198,-0.099644,0.026566,0.035125,-0.008065
-0.036700,0.383693,0.763709,0.072179,0.047473,-0.958452,0.271857,-0.570731,0.230423,-0.197113,0.486511,-0.133160,-0.261800,-0.443055,-0.353246,-0.120751,0.583524,-0.215138,0.261800,0.214403,-0.023646,0.166554,-0.036201,0.058137,-0.128248,-0.073797,-0.011194,0.000899,0.023612,-0.037256,-0.072515,0.108301,-0.101567,0.024172,0.034724,-0.009459
-0.037240,0.384962,0.761931,0.073128,0.048806,-0.956423,0.278432,-0.586665,0.226495,-0.207322,0.496507,-0.128150,-0.261800,-0.459013,-0.354654,-0.116753,0.621833,-0.240619,0.261800,0.209551,-0.022696,0.170055,-0.045818,0.053436,-0.125785,-0.085271,-0.007913,0.000321,0.025129,-0.036360,-0.066988,0.105445,-0.105334,0.022312,0.034369,-0.011934
-0.037578,0.386298,0.760020,0.074124,0.049871,-0.954282,0.285244,-0.603215,0.221415,-0.217702,0.507323,-0.123233,-0.261800,-0.475537,-0.356953,-0.112679,0.661292,-0.266608,0.261800,0.204269,-0.022225,0.174091,-0.056819,0.047651,-0.122216,-0.099547,-0.004352,-0.000139,0.027369,-0.032452,-0.059709,0.099947,-0.111299,0.020659,0.033882,-0.015411
-0.037572,0.388335,0.758308,0.074608,0.048371,-0.953561,0.287776,-0.612799,0.216150,-0.220688,0.516842,-0.118868,-0.261800,-0.486561,-0.360603,-0.109221,0.682680,-0.276158,0.261800,0.211300,-0.025670,0.174808,-0.050868,0.046935,-0.125407,-0.094946,-0.005950,0.002367,0.025377,-0.042399,-0.066189,0.107419,-0.113785,0.019721,0.033741,-0.014213
-0.037683,0.390595,0.756845,0.074549,0.047365,-0.952989,0.289845,-0.621064,0.213095,-0.224049,0.525702,-0.114218,-0.261800,-0.495501,-0.361973,-0.106383,0.701501,-0.284597,0.261800,0.219018,-0.027635,0.175678,-0.045984,0.043838,-0.127306,-0.091840,-0.006988,0.003538,0.023783,-0.050445,-0.070626,0.113854,-0.117798,0.019117,0.032908,-0.014535
-0.037775,0.392748,0.755317,0.074283,0.046419,-0.952438,0.291871,-0.629002,0.210257,-0.227531,0.534758,-0.109744,-0.261800,-0.503712,-0.363053,-0.103723,0.719696,-0.292738,0.261800,0.226815,-0.029130,0.176871,-0.042347,0.038305,-0.128303,-0.090837,-0.007381,0.004498,0.023026,-0.056836,-0.073467,0.118727,-0.124131,0.018319,0.031830,-0.016107
-0.037864,0.393001,0.753921,0.072345,0.044249,-0.953455,0.289363,-0.630122,0.210790,-0.220253,0.550839,-0.116161,-0.261800,-0.504126,-0.362293,-0.094473,0.724517,-0.293861,0.261800,0.235302,-0.026306,0.174292,-0.034368,0.035323,-0.123548,-0.062904,-0.009805,0.007019,0.021824,-0.065111,-0.072511,0.117081,-0.103601,0.018918,0.033957,-0.013629
-0.038401,0.393404,0.752550,0.069492,0.042480,-0.954621,0.286469,-0.630120,0.213630,-0.214528,0.568799,-0.123208,-0.261800,-0.501995,-0.359552,-0.085879,0.728792,-0.295578,0.261800,0.244695,-0.022536,0.172545,-0.027334,0.028777,-0.117795,-0.032203,-0.011727,0.007818,0.020791,-0.074287,-0.068049,0.114534,-0.080696,0.018725,0.034125,-0.011224
-0.038849,0.393792,0.751101,0.066353,0.040791,-0.955813,0.283471,-0.629692,0.217014,-0.208981,0.587183,-0.130614,-0.261800,-0.499079,-0.356371,-0.077411,0.732761,-0.297218,0.261800,0.254318,-0.018385,0.171260,-0.020551,0.018219,-0.111276,0.000770,-0.012924,0.008515,0.020284,-0.084552,-0.062037,0.111478,-0.057392,0.017659,0.033841,-0.009386
-0.039448,0.394944,0.751245,0.062960,0.041417,-0.958585,0.274657,-0.621809,0.230806,-0.203975,0.596000,-0.135416,-0.261800,-0.496160,-0.337386,-0.065126,0.724505,-0.293288,0.261800,0.264888,-0.010662,0.166672,-0.025050,0.021481,-0.119604,0.009355,-0.010824,0.005814,0.016615,-0.096670,-0.066200,0.126379,-0.048211,0.016837,0.032844,-0.002870
-0.040051,0.395157,0.751413,0.059340,0.041431,-0.961188,0.266234,-0.612901,0.242028,-0.198262,0.606425,-0.141676,-0.261800,-0.490156,-0.321843,-0.053212,0.714216,-0.288958,0.261800,0.275046,-0.002970,0.162303,-0.027373,0.020438,-0.129422,0.019679,-0.008277,0.005175,0.013964,-0.110243,-0.071083,0.142520,-0.039604,0.015492,0.033086,0.003083
-0.040710,0.395367,0.751601,0.055619,0.041283,-0.963630,0.258107,-0.603599,0.252602,-0.192637,0.616743,-0.147948,-0.261800,-0.483206,-0.307021,-0.041670,0.704209,-0.285087,0.261800,0.284706,0.004385,0.158057,-0.028634,0.014970,-0.141250,0.035009,-0.004995,0.005274,0.011567,-0.127643,-0.075385,0.161064,-0.029479,0.013489,0.034015,0.009046
-0.042319,0.392818,0.753450,0.051268,0.043906,-0.965489,0.251545,-0.585034,0.260865,-0.200142,0.615141,-0.157688,-0.261800,-0.460058,-0.290365,-0.038452,0.673363,-0.274746,0.261800,0.285781,0.014150,0.148146,-0.024133,0.025878,-0.148909,0.021603,-0.007049,0.003470,0.006024,-0.120710,-0.072826,0.160112,-0.036741,0.016959,0.033739,0.006911
-0.044184,0.389693,0.755484,0.046381,0.046351,-0.967212,0.245360,-0.563894,0.268443,-0.207152,0.612805,-0.167834,-0.261800,-0.432837,-0.274699,-0.035622,0.639412,-0.263764,0.261800,0.286945,0.023096,0.137851,-0.015922,0.038111,-0.163030,0.007091,-0.009824,0.004211,0.000406,-0.115773,-0.071289,0.163207,-0.045954,0.020239,0.035728,0.005408
-0.046214,0.386577,0.757634,0.041301,0.048637,-0.968809,0.239453,-0.541806,0.275714,-0.213770,0.610477,-0.178670,-0.261800,-0.404452,-0.259598,-0.032419,0.605510,-0.253295,0.261800,0.287740,0.031762,0.127664,-0.006862,0.051511,-0.185117,-0.007119,-0.013148,0.005740,-0.005473,-0.116126,-0.072241,0.173716,-0.056248,0.024119,0.039581,0.004584
-0.045788,0.378749,0.762308,0.040970,0.049004,-0.969626,0.236106,-0.515512,0.274327,-0.215944,0.589374,-0.178800,-0.261800,-0.373824,-0.260092,-0.036487,0.545651,-0.213992,0.261800,0.286207,0.039016,0.112202,-0.023774,0.094147,-0.205105,-0.070983,-0.025256,0.000366,-0.008306,-0.109116,-0.097888,0.191345,-0.081323,0.034071,0.043276,0.007051
-0.045618,0.370994,0.767048,0.040720,0.048944,-0.970388,0.233011,-0.488156,0.272089,-0.217897,0.567134,-0.178597,-0.261800,-0.342313,-0.261547,-0.040867,0.485561,-0.175280,0.261800,0.285153,0.044972,0.097536,-0.041623,0.150223,-0.239015,-0.146896,-0.041450,-0.001958,-0.009692,-0.106965,-0.132201,0.218792,-0.114700,0.047164,0.050382,0.010129
-0.045921,0.363228,0.771461,0.040217,0.048447,-0.971138,0.230059,-0.460369,0.268954,-0.219948,0.546928,-0.179995,-0.261800,-0.310983,-0.263943,-0.045010,0.428952,-0.139182,0.261800,0.284247,0.050361,0.083236,-0.061888,0.221174,-0.287706,-0.232524,-0.060247,-0.003657,-0.010094,-0.109483,-0.175526,0.258705,-0.155411,0.063503,0.060869,0.013991
-0.044254,0.351750,0.775840,0.039458,0.044647,-0.971736,0.228428,-0.434062,0.258712,-0.215733,0.517098,-0.182189,-0.261800,-0.265441,-0.277344,-0.050635,0.347128,-0.088185,0.261800,0.280326,0.052192,0.063943,-0.118678,0.386325,-0.289273,-0.229215,-0.078489,0.006574,0.007662,-0.107467,-0.251880,0.311524,-0.195075,0.082499,0.075022,0.022660
-0.042716,0.340703,0.780072,0.038830,0.040143,-0.972310,0.226922,-0.408026,0.246384,-0.212765,0.487817,-0.184314,-0.261800,-0.223151,-0.292171,-0.056846,0.272395,-0.041023,0.261800,0.274373,0.051286,0.045713,-0.181454,0.565679,-0.299834,-0.218531,-0.099440,0.008204,0.021964,-0.113578,-0.331604,0.377074,-0.235906,0.103615,0.091652,0.032373
-0.041780,0.329583,0.784235,0.037858,0.035461,-0.972888,0.225384,-0.381561,0.233069,-0.211661,0.461051,-0.188543,-0.261800,-0.183720,-0.307291,-0.063586,0.207481,0.000037,0.261800,0.269107,0.050259,0.027226,-0.246427,0.760154,-0.316781,-0.211132,-0.122541,0.007588,0.035078,-0.120453,-0.417045,0.448770,-0.279661,0.127066,0.109542,0.042862
-0.040371,0.328339,0.786345,0.034837,0.034848,-0.972503,0.227620,-0.373259,0.237218,-0.210738,0.447071,-0.182415,-0.261800,-0.167409,-0.312052,-0.085730,0.187148,0.031425,0.261800,0.267200,0.052477,0.033474,-0.284015,0.899284,-0.361822,-0.236707,-0.149367,0.003170,0.039459,-0.128432,-0.473731,0.508493,-0.317819,0.144437,0.131743,0.045363
-0.038716,0.327233,0.788275,0.033027,0.034570,-0.972079,0.229731,-0.369230,0.241161,-0.210165,0.435214,-0.176679,-0.261800,-0.157738,-0.316717,-0.106965,0.173948,0.059408,0.261800,0.267716,0.057245,0.036689,-0.321221,1.036140,-0.401903,-0.263910,-0.172078,0.001842,0.043414,-0.131594,-0.530046,0.562360,-0.350502,0.159259,0.152597,0.049050
-0.037301,0.325763,0.790129,0.031305,0.034604,-0.971578,0.232075,-0.366734,0.244956,-0.210771,0.426194,-0.172745,-0.261800,-0.148089,-0.321188,-0.129007,0.162113,0.086061,0.261800,0.268280,0.062065,0.038626,-0.355024,1.170910,-0.431766,-0.289397,-0.194242,0.000483,0.046961,-0.125604,-0.580643,0.604472,-0.379650,0.171241,0.170110,0.054180
-0.031814,0.320820,0.788706,0.033532,0.034104,-0.969970,0.238474,-0.385236,0.237043,-0.204175,0.432404,-0.169860,-0.261800,-0.178604,-0.341435,-0.171395,0.191920,0.088329,0.261800,0.242743,0.062600,0.043019,-0.418995,1.284365,-0.450624,-0.041960,-0.178375,0.021072,0.042673,-0.173277,-0.612194,0.660738,-0.389814,0.176947,0.182856,0.056120
-0.027356,0.315385,0.787151,0.037962,0.033642,-0.967784,0.246619,-0.408321,0.226177,-0.200207,0.439396,-0.167938,-0.261800,-0.215291,-0.365976,-0.213735,0.234646,0.081596,0.261800,0.208445,0.064164,0.044965,-0.517413,1.379477,-0.491967,0.252823,-0.148960,0.011934,0.036745,-0.232188,-0.632023,0.717006,-0.380901,0.182760,0.190531,0.052806
-0.025204,0.308695,0.785936,0.041882,0.033293,-0.965283,0.255670,-0.426386,0.215496,-0.197033,0.445816,-0.169797,-0.261800,-0.245550,-0.392099,-0.256860,0.280753,0.068280,0.261800,0.175922,0.067809,0.045233,-0.631428,1.465276,-0.553721,0.547163,-0.114359,0.002243,0.045622,-0.281782,-0.644446,0.758528,-0.364642,0.186810,0.194492,0.048294
-0.028115,0.300767,0.785127,0.044726,0.034036,-0.959784,0.275056,-0.438565,0.194791,-0.210288,0.447252,-0.163593,-0.261800,-0.246752,-0.406272,-0.249766,0.318029,0.028627,0.261800,0.175155,0.055578,0.051432,-0.674868,1.402229,-0.611505,0.469525,-0.124920,-0.019669,0.045738,-0.279643,-0.625157,0.747233,-0.374990,0.189600,0.195083,0.031887
-0.030871,0.292836,0.784116,0.047225,0.034052,-0.953746,0.294922,-0.450773,0.172146,-0.223786,0.451255,-0.158618,-0.261800,-0.249507,-0.423075,-0.242701,0.362579,-0.015395,0.261800,0.176260,0.044734,0.058260,-0.684596,1.332662,-0.636978,0.373678,-0.133552,-0.027590,0.052140,-0.265877,-0.605865,0.723153,-0.388513,0.188076,0.194922,0.017340
-0.032962,0.284926,0.782687,0.050059,0.033382,-0.947008,0.315525,-0.464844,0.146746,-0.237827,0.456824,-0.153247,-0.261800,-0.254362,-0.442911,-0.236175,0.411730,-0.061559,0.261800,0.170003,0.036284,0.066724,-0.663736,1.261415,-0.631518,0.270100,-0.138620,-0.033411,0.060812,-0.254299,-0.585931,0.700309,-0.401413,0.184926,0.194349,0.003066
-0.035648,0.284302,0.781082,0.053478,0.035885,-0.939855,0.335446,-0.475387,0.140703,-0.243003,0.436520,-0.135891,-0.261800,-0.252343,-0.455074,-0.253684,0.452591,-0.106117,0.261800,0.178009,0.032294,0.073756,-0.583110,1.176417,-0.622541,0.218470,-0.140777,-0.031275,0.052992,-0.232803,-0.579371,0.689610,-0.411281,0.181798,0.192882,0.000433
-0.038923,0.283753,0.779662,0.056488,0.038139,-0.932334,0.355116,-0.483707,0.135435,-0.247127,0.414432,-0.118084,-0.261800,-0.246962,-0.466320,-0.273091,0.490443,-0.149821,0.260076,0.182207,0.030185,0.080718,-0.500594,1.089163,-0.613878,0.167627,-0.141293,-0.032246,0.044826,-0.212200,-0.572903,0.683196,-0.421140,0.178135,0.190772,-0.002457
-0.040807,0.288129,0.779115,0.059483,0.046866,-0.925681,0.370649,-0.502167,0.148067,-0.252667,0.389619,-0.093035,-0.261800,-0.259972,-0.453525,-0.292150,0.532947,-0.190865,0.236349,0.188899,0.042648,0.086986,-0.408450,0.998806,-0.592460,0.104614,-0.132408,-0.028567,0.036889,-0.199937,-0.570308,0.680871,-0.431427,0.173438,0.188459,-0.004571
-0.046406,0.296765,0.777390,0.057473,0.058280,-0.921959,0.378539,-0.520693,0.193946,-0.224594,0.381576,-0.081192,-0.261800,-0.256842,-0.416389,-0.313570,0.544832,-0.217754,0.231259,0.216924,0.050991,0.094104,-0.292611,0.920020,-0.581446,0.068311,-0.128336,-0.024815,0.031842,-0.203516,-0.561847,0.655922,-0.426557,0.167864,0.187732,-0.013008
-0.047698,0.299027,0.776048,0.056426,0.066110,-0.918558,0.385612,-0.542032,0.219061,-0.184679,0.390878,-0.077339,-0.241900,-0.247520,-0.394793,-0.327040,0.539406,-0.231299,0.238565,0.243216,0.063689,0.099393,-0.172101,0.829019,-0.572128,0.024815,-0.120014,-0.020623,0.027020,-0.207989,-0.563048,0.634961,-0.418243,0.162401,0.186053,-0.019716
-0.045094,0.297560,0.774823,0.058192,0.068393,-0.914720,0.393984,-0.563541,0.222041,-0.133292,0.403222,-0.072318,-0.208223,-0.236190,-0.394326,-0.334453,0.522796,-0.234161,0.256421,0.263148,0.070581,0.104158,-0.054874,0.728720,-0.572449,-0.020709,-0.109837,-0.015346,0.021895,-0.211764,-0.571868,0.617278,-0.410201,0.157574,0.183505,-0.026078
-0.044735,0.297110,0.772570,0.058645,0.072903,-0.907986,0.408421,-0.587989,0.237477,-0.096760,0.433026,-0.074556,-0.186001,-0.207751,-0.384189,-0.358505,0.492707,-0.234377,0.261799,0.307723,0.062727,0.098827,0.039847,0.665170,-0.542712,-0.062629,-0.110158,-0.008739,0.029020,-0.251092,-0.614832,0.621727,-0.400997,0.151814,0.184125,-0.015653
-0.045218,0.298500,0.770610,0.056711,0.080870,-0.901494,0.421370,-0.615925,0.264669,-0.067515,0.467021,-0.076923,-0.167127,-0.178590,-0.359682,-0.382619,0.459412,-0.233815,0.261800,0.352065,0.059779,0.096530,0.129468,0.602858,-0.511257,-0.106299,-0.113752,-0.002349,0.036046,-0.299543,-0.655948,0.629820,-0.390304,0.147988,0.185051,-0.004914
-0.045921,0.299986,0.768790,0.053687,0.089509,-0.894855,0.433983,-0.645500,0.294108,-0.041743,0.503820,-0.079378,-0.147805,-0.148188,-0.331641,-0.404844,0.423720,-0.232383,0.261800,0.395846,0.058286,0.094433,0.214868,0.537711,-0.482700,-0.150622,-0.118007,0.004094,0.042837,-0.351255,-0.696970,0.640263,-0.378369,0.144485,0.185890,0.005702
-0.049190,0.303239,0.766981,0.047208,0.099020,-0.885397,0.451707,-0.667170,0.321502,-0.065084,0.535719,-0.087187,-0.162214,-0.115925,-0.290223,-0.422987,0.403915,-0.231054,0.261800,0.422434,0.067055,0.094411,0.281945,0.521153,-0.445683,-0.196965,-0.122277,0.011617,0.044858,-0.362222,-0.736359,0.635517,-0.393828,0.150382,0.180897,0.012251
-0.053774,0.305972,0.765187,0.039570,0.107465,-0.874935,0.470504,-0.686861,0.346322,-0.092205,0.566788,-0.095168,-0.176878,-0.081286,-0.251132,-0.441351,0.387024,-0.233117,0.261800,0.450310,0.072118,0.095204,0.345791,0.507959,-0.411029,-0.244237,-0.129854,0.019087,0.046524,-0.361520,-0.775879,0.621205,-0.417950,0.155958,0.177946,0.018335
-0.059224,0.308328,0.763468,0.031610,0.114888,-0.863826,0.489496,-0.705007,0.369035,-0.120523,0.595132,-0.102017,-0.191885,-0.047352,-0.214703,-0.458080,0.372505,-0.237023,0.261800,0.478875,0.075448,0.096149,0.407056,0.492425,-0.377796,-0.291543,-0.137963,0.026402,0.048743,-0.354991,-0.816107,0.601973,-0.444935,0.161058,0.176239,0.024562
-0.067222,0.302374,0.762146,0.022816,0.118377,-0.847204,0.517409,-0.715925,0.368683,-0.132528,0.619681,-0.111535,-0.186950,-0.018256,-0.179636,-0.428708,0.399607,-0.190230,0.261800,0.485686,0.084312,0.094796,0.418937,0.493208,-0.377884,-0.312141,-0.140382,0.034965,0.047555,-0.355648,-0.806654,0.597800,-0.472402,0.168045,0.176801,0.032746
-0.072139,0.298916,0.762283,0.012631,0.127963,-0.832243,0.539294,-0.730151,0.384984,-0.145910,0.622522,-0.100555,-0.182410,-0.000366,-0.129056,-0.396423,0.410590,-0.122110,0.261800,0.506021,0.087430,0.099445,0.412456,0.503607,-0.363380,-0.328511,-0.143908,0.042544,0.050055,-0.377460,-0.776184,0.588159,-0.495472,0.172747,0.182305,0.040961
-0.082700,0.292836,0.762883,0.001248,0.133134,-0.814671,0.564433,-0.736791,0.395931,-0.163993,0.632112,-0.099742,-0.183536,0.022937,-0.087039,-0.374905,0.447480,-0.076971,0.261800,0.518050,0.094276,0.102162,0.408435,0.507033,-0.356545,-0.336685,-0.148161,0.047971,0.050614,-0.388761,-0.753311,0.580745,-0.514657,0.176667,0.184314,0.049951
-0.060363,0.260000,0.762556,0.005582,0.104130,-0.787904,0.606905,-0.694483,0.254618,-0.115623,0.687551,-0.157536,-0.109034,0.029376,-0.176919,-0.334354,0.526896,-0.092062,0.261800,0.462865,0.089046,0.116796,0.398631,0.481660,-0.418537,-0.303316,-0.141808,0.050617,0.053400,-0.381860,-0.746275,0.587099,-0.465209,0.166660,0.186252,0.041326
-0.037591,0.231629,0.759073,0.012249,0.071508,-0.758915,0.647136,-0.650690,0.109403,-0.068767,0.730509,-0.204380,-0.034866,0.021615,-0.273339,-0.277766,0.651228,-0.137433,0.261784,0.407530,0.082354,0.136592,0.385433,0.445991,-0.482476,-0.264383,-0.135959,0.049571,0.055580,-0.378218,-0.746461,0.593309,-0.408844,0.159481,0.180416,0.031649
-0.019991,0.217383,0.760679,0.015554,0.054605,-0.733445,0.677373,-0.605411,0.015896,-0.046052,0.690974,-0.187911,0.018139,-0.016068,-0.308305,-0.212554,0.749147,-0.154704,0.227972,0.366395,0.075691,0.151779,0.359666,0.414013,-0.520431,-0.218744,-0.127861,0.046270,0.060591,-0.400079,-0.711181,0.597912,-0.340069,0.147635,0.173190,0.020023
-0.020075,0.207712,0.762217,0.012884,0.048398,-0.708931,0.703497,-0.577319,-0.035414,-0.080182,0.675033,-0.183006,0.029103,-0.093321,-0.308975,-0.199842,0.822703,-0.182406,0.198274,0.348864,0.066452,0.168766,0.234721,0.400186,-0.532038,-0.072892,-0.121564,0.040884,0.066586,-0.482530,-0.672952,0.627880,-0.121810,0.118545,0.171216,0.019676
-0.020369,0.199015,0.763512,0.008693,0.044011,-0.684090,0.728017,-0.553328,-0.079216,-0.119021,0.664991,-0.179000,0.038763,-0.173105,-0.302837,-0.186981,0.897965,-0.210757,0.165958,0.331197,0.063596,0.187008,0.108998,0.372035,-0.534358,0.081102,-0.116191,0.030545,0.071225,-0.562285,-0.618072,0.649271,0.107435,0.085842,0.159284,0.013683
-0.020809,0.190603,0.764623,0.004291,0.040435,-0.658811,0.751209,-0.531928,-0.119381,-0.159932,0.658233,-0.175568,0.047250,-0.254731,-0.293913,-0.174248,0.974137,-0.239827,0.132486,0.314829,0.062782,0.205417,-0.011567,0.331896,-0.525552,0.235721,-0.110105,0.020285,0.075912,-0.627899,-0.548071,0.653512,0.335773,0.050785,0.144933,0.000299
-0.025452,0.179672,0.765268,0.003754,0.037250,-0.633255,0.773037,-0.517574,-0.149322,-0.189914,0.666882,-0.186311,0.047683,-0.317747,-0.281124,-0.157317,0.986230,-0.255371,0.116260,0.305526,0.056241,0.222262,-0.076736,0.313555,-0.493131,0.225243,-0.093405,0.007476,0.069820,-0.620289,-0.509915,0.619540,0.313549,0.040654,0.118642,0.003845
-0.027465,0.170932,0.766090,0.003166,0.035755,-0.607413,0.793575,-0.502631,-0.178633,-0.219010,0.661657,-0.184937,0.053995,-0.385555,-0.266679,-0.137184,0.991099,-0.260606,0.103142,0.296626,0.051619,0.235990,-0.139359,0.282316,-0.450580,0.220436,-0.075411,0.000620,0.065167,-0.599852,-0.461569,0.570962,0.284405,0.027617,0.098124,0.004609
-0.029208,0.162217,0.767195,0.002663,0.034947,-0.581364,0.812889,-0.487778,-0.206239,-0.248218,0.654051,-0.181770,0.060433,-0.454665,-0.250284,-0.116887,0.994607,-0.264099,0.089934,0.289430,0.047811,0.248404,-0.199553,0.241438,-0.398560,0.221437,-0.055862,-0.005540,0.060093,-0.574790,-0.408025,0.512272,0.256693,0.013331,0.077515,0.005039
-0.027929,0.155706,0.769901,0.005227,0.040074,-0.559058,0.828143,-0.474368,-0.210048,-0.245376,0.611832,-0.162765,0.071171,-0.492269,-0.222863,-0.094992,0.947024,-0.241646,0.094551,0.270895,0.048349,0.245350,-0.197612,0.223098,-0.356230,0.167734,-0.049338,-0.010290,0.046105,-0.499304,-0.344721,0.456536,0.198393,0.016152,0.062094,0.008611
-0.028728,0.145223,0.772438,0.006882,0.044898,-0.536294,0.842808,-0.462333,-0.211685,-0.244782,0.588346,-0.160901,0.080482,-0.526067,-0.193710,-0.077304,0.910548,-0.233620,0.093717,0.256444,0.046691,0.244868,-0.193274,0.217587,-0.315299,0.099718,-0.044003,-0.012170,0.032137,-0.429374,-0.295051,0.397431,0.134730,0.022428,0.048510,0.014812
-0.029569,0.134556,0.774968,0.007961,0.050036,-0.513256,0.856739,-0.450870,-0.212619,-0.244378,0.566538,-0.160154,0.089610,-0.560060,-0.164642,-0.059361,0.875757,-0.227594,0.091810,0.242865,0.045364,0.244092,-0.198008,0.218170,-0.282688,0.033713,-0.040191,-0.013186,0.019972,-0.373656,-0.255342,0.347900,0.074563,0.029732,0.036825,0.020853
-0.030527,0.124652,0.777868,0.007921,0.058490,-0.485882,0.872029,-0.438778,-0.198535,-0.229720,0.526951,-0.160332,0.098194,-0.575398,-0.155900,-0.059701,0.840352,-0.208517,0.116463,0.215327,0.050050,0.245957,-0.162561,0.195217,-0.246860,-0.039704,-0.038329,-0.010122,0.012612,-0.273549,-0.212700,0.293769,0.004518,0.035861,0.031197,0.019306
-0.031133,0.114259,0.780848,0.007402,0.067229,-0.457817,0.886470,-0.425816,-0.184526,-0.215641,0.486534,-0.160692,0.107011,-0.590251,-0.147762,-0.059638,0.804597,-0.190511,0.141198,0.187446,0.055076,0.245507,-0.134960,0.182343,-0.224184,-0.115556,-0.035723,-0.007335,0.006701,-0.187531,-0.182901,0.257271,-0.065043,0.040893,0.027808,0.017836
-0.031629,0.103753,0.783852,0.006395,0.076137,-0.429215,0.899965,-0.413174,-0.170487,-0.201777,0.446810,-0.161570,0.115632,-0.605813,-0.140028,-0.058904,0.769800,-0.173619,0.165743,0.159726,0.060427,0.245044,-0.117901,0.180558,-0.215164,-0.196119,-0.033849,-0.005140,0.002024,-0.116163,-0.165815,0.238058,-0.134679,0.046610,0.026007,0.016631
-0.030865,0.093876,0.785691,0.007347,0.082001,-0.399350,0.913095,-0.417806,-0.129482,-0.163990,0.465679,-0.194263,0.080769,-0.613686,-0.144988,-0.034897,0.734553,-0.161094,0.190061,0.124133,0.066770,0.246986,-0.082790,0.156530,-0.192566,-0.163518,-0.030172,0.003356,0.005133,-0.071231,-0.141717,0.200393,-0.088667,0.030648,0.029637,0.010006
-0.030374,0.083976,0.787345,0.007450,0.088382,-0.369511,0.924984,-0.425014,-0.086124,-0.126286,0.490312,-0.229837,0.045448,-0.621881,-0.148331,-0.011118,0.699454,-0.148948,0.213131,0.088634,0.074572,0.247534,-0.056246,0.136551,-0.181368,-0.129003,-0.027181,0.005158,0.006269,-0.037271,-0.119429,0.178766,-0.034090,0.015038,0.027539,0.005291
-0.030095,0.073917,0.788937,0.007117,0.094997,-0.339448,0.935788,-0.432480,-0.041472,-0.089046,0.516249,-0.265958,0.010086,-0.629866,-0.151539,0.012857,0.664196,-0.137248,0.235420,0.053283,0.082727,0.247696,-0.034366,0.122327,-0.179867,-0.100622,-0.025346,0.005909,0.007165,-0.006711,-0.100628,0.167918,0.019715,0.000928,0.024955,0.000649
-0.030245,0.059840,0.785632,0.006856,0.094722,-0.307109,0.946924,-0.457466,0.008989,-0.048648,0.572258,-0.297322,-0.013726,-0.641614,-0.178540,0.023224,0.674656,-0.151509,0.255856,0.033136,0.092874,0.260705,-0.017119,0.118269,-0.173067,-0.082698,-0.025302,0.007381,0.007715,0.005333,-0.097468,0.140094,-0.013878,0.012838,0.019764,0.004936
-0.034642,0.042212,0.782985,0.002657,0.097020,-0.276103,0.956215,-0.484050,0.079636,-0.015674,0.619181,-0.319583,-0.047864,-0.651828,-0.186785,0.021949,0.671327,-0.155227,0.261799,0.016715,0.102385,0.263086,0.006390,0.122310,-0.175484,-0.064259,-0.025338,0.009436,0.006936,0.030734,-0.080543,0.123341,-0.054150,0.020082,0.021820,0.008145
-0.039452,0.022311,0.780425,-0.004820,0.100809,-0.246781,0.963802,-0.512559,0.163004,0.012315,0.664140,-0.338662,-0.085954,-0.662756,-0.183115,0.015691,0.665466,-0.157094,0.261800,0.005529,0.115808,0.262700,0.032925,0.131923,-0.185113,-0.049545,-0.026331,0.011577,0.006304,0.061888,-0.058156,0.113005,-0.098019,0.026188,0.026601,0.011176
-0.038849,0.005203,0.773211,-0.005420,0.101254,-0.233377,0.967085,-0.537298,0.180252,-0.027693,0.717256,-0.356712,-0.106888,-0.695675,-0.180925,0.035282,0.703389,-0.178078,0.261800,0.030957,0.121735,0.257107,0.027528,0.129414,-0.199513,-0.056321,-0.029891,0.008188,0.007980,0.031731,-0.067602,0.152623,-0.096800,0.024946,0.035586,0.004934
-0.038950,-0.012025,0.765934,-0.004003,0.101179,-0.218859,0.970488,-0.560255,0.191725,-0.067015,0.765367,-0.371080,-0.127645,-0.731274,-0.182544,0.056470,0.745581,-0.200577,0.261800,0.051337,0.123356,0.255686,0.022053,0.130925,-0.219289,-0.065347,-0.035748,0.006038,0.010960,-0.003984,-0.075711,0.200914,-0.089894,0.026248,0.040756,-0.004473
-0.039091,-0.029412,0.758763,-0.002092,0.100887,-0.203931,0.973771,-0.581795,0.201225,-0.106343,0.812042,-0.384862,-0.148674,-0.766808,-0.184590,0.077868,0.788871,-0.223773,0.261800,0.069964,0.123408,0.255614,0.019307,0.138063,-0.246081,-0.077398,-0.043564,0.004314,0.014380,-0.039169,-0.085204,0.256934,-0.086647,0.029079,0.046454,-0.014602
-0.036526,-0.037714,0.750322,0.007382,0.094336,-0.193309,0.976564,-0.580918,0.179174,-0.117548,0.841081,-0.405177,-0.159257,-0.780376,-0.217663,0.081760,0.856202,-0.254734,0.261800,0.085859,0.116949,0.246838,0.011579,0.191558,-0.227767,-0.119717,-0.058753,0.000526,0.016734,-0.099444,-0.167306,0.280785,-0.130167,0.034424,0.054028,-0.009360
-0.034239,-0.046184,0.742114,0.018125,0.085824,-0.181169,0.979532,-0.574461,0.153231,-0.128117,0.867414,-0.424098,-0.169618,-0.790382,-0.255018,0.088837,0.925488,-0.287813,0.261800,0.097972,0.108062,0.244122,0.008103,0.251461,-0.212398,-0.168718,-0.077290,-0.001549,0.019197,-0.160369,-0.256685,0.312396,-0.184392,0.042608,0.066060,-0.003571
-0.034056,-0.058507,0.734275,0.025983,0.077895,-0.170339,0.981958,-0.566722,0.141401,-0.144695,0.889980,-0.440997,-0.188754,-0.800082,-0.279606,0.087790,0.996535,-0.321607,0.250390,0.114248,0.100477,0.242898,0.007561,0.319656,-0.196713,-0.220719,-0.097874,-0.003543,0.021981,-0.224519,-0.344773,0.349500,-0.242575,0.051437,0.079988,0.001315
-0.032519,-0.076570,0.732029,0.032691,0.072378,-0.164169,0.983230,-0.533685,0.141385,-0.160681,0.856983,-0.432503,-0.215625,-0.790294,-0.288293,0.072428,1.030892,-0.355087,0.230505,0.134905,0.089177,0.222138,0.063843,0.417876,-0.220693,-0.219113,-0.119304,0.001721,0.021905,-0.346734,-0.469633,0.382735,-0.320251,0.073014,0.088319,0.005465
-0.031123,-0.094350,0.730257,0.038910,0.066469,-0.158556,0.984341,-0.497209,0.143561,-0.176130,0.820526,-0.422544,-0.242461,-0.776564,-0.295260,0.056693,1.061210,-0.387020,0.210220,0.157214,0.079417,0.202612,0.123892,0.509788,-0.234519,-0.215164,-0.140040,0.005216,0.021576,-0.470819,-0.595635,0.418609,-0.397873,0.096850,0.096268,0.007761
-0.028859,-0.109216,0.729115,0.048222,0.059766,-0.151966,0.985398,-0.458423,0.134314,-0.185765,0.782142,-0.410391,-0.261798,-0.760493,-0.311780,0.049785,1.086055,-0.416180,0.196652,0.176898,0.067139,0.184606,0.188335,0.588526,-0.235629,-0.208142,-0.158541,0.008474,0.020665,-0.595213,-0.721935,0.454755,-0.474087,0.120414,0.102492,0.009261
-0.025105,-0.127256,0.733650,0.053279,0.057273,-0.150321,0.985538,-0.403916,0.150356,-0.179803,0.697212,-0.357898,-0.261011,-0.734962,-0.310107,0.026942,1.081858,-0.426506,0.172296,0.197411,0.054243,0.133008,0.109186,0.756397,-0.217244,-0.252014,-0.162919,0.004637,0.046176,-0.731512,-0.806944,0.544848,-0.506070,0.140760,0.115845,0.014879
-0.021748,-0.143982,0.738761,0.057912,0.054367,-0.149452,0.985573,-0.347143,0.165799,-0.171048,0.610536,-0.304093,-0.258313,-0.707278,-0.306911,0.005206,1.073830,-0.434016,0.148771,0.219437,0.040714,0.085400,0.021380,0.919032,-0.199998,-0.291469,-0.168898,0.003857,0.074638,-0.876774,-0.873608,0.632555,-0.526542,0.159090,0.124964,0.020786
-0.018686,-0.160192,0.743630,0.061980,0.051340,-0.148716,0.985599,-0.290955,0.181243,-0.161775,0.526857,-0.251768,-0.255673,-0.679247,-0.302247,-0.016577,1.066790,-0.442041,0.125270,0.239490,0.028132,0.039227,-0.072563,1.071150,-0.184057,-0.325835,-0.172509,0.003323,0.102636,-1.025597,-0.921122,0.718274,-0.540397,0.175114,0.130997,0.027014
-0.017168,-0.174972,0.761602,0.062221,0.049696,-0.144726,0.986262,-0.233183,0.204882,-0.112493,0.427154,-0.162582,-0.223486,-0.602026,-0.276810,-0.036255,0.950675,-0.389946,0.114511,0.221761,0.029253,0.001842,-0.155532,1.153475,-0.226404,-0.315118,-0.185368,0.003109,0.109470,-1.114213,-0.947087,0.821894,-0.498610,0.195253,0.131968,0.034263
-0.014302,-0.190673,0.777617,0.062752,0.045265,-0.140656,0.987030,-0.179182,0.224901,-0.062094,0.357866,-0.094885,-0.193539,-0.524407,-0.252287,-0.051061,0.852825,-0.352355,0.104576,0.208349,0.026480,-0.028443,-0.251269,1.220869,-0.276925,-0.300815,-0.188178,-0.000643,0.112968,-1.182389,-0.961753,0.900028,-0.456569,0.208516,0.127723,0.043215
-0.011707,-0.206309,0.793515,0.063425,0.040923,-0.136203,0.987801,-0.127452,0.242742,-0.010050,0.294174,-0.030728,-0.165000,-0.447394,-0.227688,-0.064191,0.755139,-0.314956,0.094711,0.193550,0.024625,-0.057445,-0.358134,1.265120,-0.333875,-0.283318,-0.187076,-0.004643,0.115128,-1.237132,-0.956322,0.962436,-0.408752,0.217213,0.120591,0.052608
-0.013551,-0.223302,0.812183,0.066463,0.036323,-0.120999,0.989759,-0.079687,0.227490,0.022100,0.271745,-0.012037,-0.161420,-0.343393,-0.208341,-0.084516,0.584223,-0.204009,0.090006,0.163593,0.018784,-0.073095,-0.367841,1.215693,-0.367932,-0.230738,-0.184715,-0.003072,0.098516,-1.197256,-0.933063,0.952004,-0.381992,0.214820,0.113364,0.055469
-0.015000,-0.240809,0.830755,0.069981,0.031600,-0.105873,0.991411,-0.031316,0.211278,0.053589,0.250421,0.005049,-0.158209,-0.238341,-0.187791,-0.102471,0.412387,-0.093825,0.086050,0.131177,0.010364,-0.089104,-0.347232,1.143182,-0.370425,-0.177713,-0.177080,-0.001909,0.080446,-1.123251,-0.886624,0.910890,-0.351126,0.204517,0.104720,0.057876
-0.016310,-0.258734,0.849079,0.075139,0.026612,-0.090680,0.992685,0.017404,0.191189,0.084474,0.229758,0.021271,-0.154742,-0.136702,-0.169587,-0.116745,0.248007,0.011798,0.083292,0.096817,-0.001574,-0.104583,-0.301170,1.045347,-0.344403,-0.121699,-0.165408,-0.000577,0.062130,-1.019325,-0.815222,0.842760,-0.311365,0.188549,0.093074,0.058204
-0.019892,-0.274747,0.868379,0.072587,0.021031,-0.075975,0.994242,0.054714,0.170239,0.113997,0.248428,0.035372,-0.147555,-0.119762,-0.152413,-0.128670,0.216490,0.123927,0.116711,0.043802,0.016146,-0.104152,-0.286338,0.879497,-0.311064,-0.112824,-0.134723,-0.003298,0.050907,-0.871037,-0.675939,0.725376,-0.256633,0.160937,0.080111,0.047879
-0.023337,-0.290965,0.887548,0.071563,0.017237,-0.061042,0.995417,0.086711,0.145633,0.142852,0.269067,0.048666,-0.139748,-0.113648,-0.137651,-0.134960,0.196829,0.229773,0.152205,-0.003581,0.027720,-0.109472,-0.270954,0.691893,-0.272992,-0.095277,-0.102826,-0.004194,0.041998,-0.695431,-0.525168,0.585087,-0.194530,0.128817,0.064738,0.036916
-0.026572,-0.307615,0.906759,0.071023,0.014061,-0.046230,0.996304,0.117944,0.119534,0.171386,0.289053,0.062008,-0.131854,-0.110444,-0.122395,-0.136234,0.179049,0.333864,0.190156,-0.046159,0.035641,-0.117708,-0.253857,0.495084,-0.228563,-0.071792,-0.072449,-0.005513,0.035032,-0.507418,-0.372426,0.434535,-0.129857,0.095805,0.047552,0.025250
-0.030382,-0.323903,0.920638,0.070440,0.009977,-0.040553,0.996641,0.128405,0.081341,0.172581,0.336373,0.074082,-0.135984,-0.109707,-0.097987,-0.110079,0.168489,0.354400,0.204129,-0.053243,0.037379,-0.109307,-0.200602,0.330243,-0.178658,-0.039035,-0.050032,-0.003922,0.024580,-0.340267,-0.237908,0.291625,-0.082571,0.066819,0.032948,0.018158
-0.031634,-0.339531,0.934296,0.067561,0.005458,-0.036327,0.997039,0.138513,0.048627,0.176103,0.398283,0.073224,-0.140760,-0.110724,-0.069387,-0.081233,0.172648,0.363341,0.219094,-0.058249,0.047281,-0.098855,-0.134033,0.194614,-0.116314,-0.022139,-0.022921,-0.004504,0.017089,-0.193428,-0.129664,0.170431,-0.052918,0.037346,0.020651,0.011969
-0.034938,-0.355293,0.948045,0.066703,0.001850,-0.031066,0.997287,0.145691,0.011044,0.178699,0.453191,0.080175,-0.145329,-0.112926,-0.044918,-0.053292,0.168653,0.380421,0.233870,-0.069403,0.054451,-0.090011,-0.096478,0.095413,-0.078407,-0.008397,-0.005779,-0.003517,0.008648,-0.097610,-0.036724,0.089355,-0.028086,0.021056,0.015145,0.009053
-0.041878,-0.369078,0.955716,0.059129,-0.001196,-0.028181,0.997852,0.148030,-0.010329,0.174726,0.475111,0.089347,-0.155540,-0.144649,-0.013269,-0.038569,0.238043,0.350060,0.232145,-0.081102,0.074213,-0.069591,-0.073542,0.040470,-0.061465,-0.009977,-0.000488,-0.003638,0.004233,-0.048532,-0.001476,0.044322,-0.020776,0.014208,0.010453,0.006651
-0.048720,-0.382925,0.963414,0.052326,-0.003565,-0.024975,0.998311,0.149527,-0.033419,0.170459,0.495726,0.099227,-0.165882,-0.186291,0.016158,-0.024856,0.325959,0.310021,0.231190,-0.094667,0.094488,-0.049965,-0.080243,0.034069,-0.079829,-0.025316,0.000382,-0.003690,-0.001516,-0.056359,-0.006380,0.049590,-0.032137,0.016943,0.011610,0.008528
-0.055581,-0.396771,0.971164,0.046045,-0.005576,-0.021774,0.998686,0.150082,-0.057502,0.166569,0.516923,0.108763,-0.176356,-0.231931,0.044485,-0.012058,0.420810,0.266603,0.230948,-0.109543,0.114698,-0.030841,-0.120149,0.074615,-0.140613,-0.053138,-0.002871,-0.003388,-0.009759,-0.120850,-0.051946,0.104619,-0.061235,0.028331,0.019275,0.015111
-0.063014,-0.410475,0.972387,0.035541,-0.004074,-0.021191,0.999135,0.144536,-0.070302,0.153105,0.501500,0.118558,-0.201001,-0.289617,0.062209,-0.019392,0.558596,0.228914,0.218464,-0.119279,0.135471,-0.017252,-0.160240,0.187339,-0.221831,-0.057973,-0.018865,0.003225,-0.016792,-0.236246,-0.190192,0.202777,-0.081989,0.033984,0.028632,0.023206
-0.069902,-0.424319,0.972920,0.026506,-0.001850,-0.020378,0.999439,0.138035,-0.086241,0.139238,0.487079,0.126506,-0.225466,-0.352964,0.074814,-0.027530,0.706695,0.185038,0.205073,-0.129609,0.155433,-0.006214,-0.217156,0.331198,-0.331414,-0.071505,-0.036466,0.008314,-0.028939,-0.393595,-0.363452,0.340628,-0.116374,0.043853,0.040079,0.035251
-0.076613,-0.438352,0.973041,0.018704,0.000648,-0.019504,0.999635,0.130952,-0.104756,0.125516,0.474213,0.132664,-0.249638,-0.417963,0.083016,-0.035627,0.858298,0.138770,0.190739,-0.140406,0.173491,0.003496,-0.283703,0.493703,-0.460558,-0.090689,-0.054958,0.013703,-0.044841,-0.578211,-0.559452,0.504166,-0.158775,0.055986,0.053774,0.049629
-0.080986,-0.451969,0.964494,0.013600,0.006971,-0.018840,0.999706,0.110916,-0.120285,0.109597,0.444770,0.136198,-0.261800,-0.479302,0.073250,-0.023800,0.988230,0.084041,0.183216,-0.141090,0.182704,0.014248,-0.320761,0.672989,-0.552328,-0.010932,-0.055893,0.024791,-0.058909,-0.755784,-0.808613,0.668355,0.013125,0.038084,0.080814,0.060334
-0.086810,-0.460193,0.956957,0.006680,0.012897,-0.018151,0.999730,0.093563,-0.139201,0.100077,0.405798,0.147201,-0.261800,-0.533630,0.064368,-0.001779,1.101431,0.039787,0.186816,-0.145070,0.198684,0.025962,-0.346266,0.833242,-0.634527,0.081809,-0.054187,0.030646,-0.072340,-0.926618,-1.039761,0.831476,0.208711,0.009689,0.093053,0.063592
-0.092511,-0.468594,0.949138,-0.000470,0.018348,-0.017923,0.999671,0.077852,-0.157537,0.090312,0.366723,0.157912,-0.261800,-0.584048,0.058357,0.022932,1.210366,-0.003226,0.191206,-0.148700,0.214235,0.037828,-0.351542,0.970551,-0.695450,0.181060,-0.049045,0.035007,-0.084112,-1.076881,-1.252417,0.982032,0.415544,-0.023149,0.098787,0.051244
-0.098321,-0.501602,0.936299,-0.008919,0.024519,-0.018144,0.999495,0.070119,-0.117380,0.072690,0.328716,0.090389,-0.254689,-0.585493,0.041023,-0.002110,1.198665,-0.031011,0.141208,-0.109295,0.221225,0.022099,-0.294690,1.109483,-0.689346,0.291396,-0.054116,0.039228,-0.090985,-1.199550,-1.400559,1.091245,0.566448,-0.027851,0.113367,0.050709
-0.104848,-0.520731,0.922238,-0.020152,0.030605,-0.016871,0.999186,0.059172,-0.091640,0.066948,0.290035,0.024662,-0.219273,-0.589652,0.020703,-0.004168,1.192530,-0.062006,0.121071,-0.075268,0.244632,0.009549,-0.200787,1.206972,-0.631101,0.406736,-0.055959,0.043434,-0.096835,-1.292747,-1.527763,1.172006,0.721338,-0.040659,0.127974,0.043596
-0.111306,-0.539354,0.907767,-0.031502,0.036492,-0.015980,0.998709,0.047563,-0.067043,0.059640,0.251182,-0.041130,-0.185041,-0.594627,0.001638,-0.003390,1.189955,-0.095531,0.103286,-0.041502,0.268963,-0.003721,-0.076515,1.269923,-0.532626,0.528548,-0.052354,0.047407,-0.100482,-1.361056,-1.631734,1.230482,0.883233,-0.056293,0.140735,0.029070
-0.117872,-0.555299,0.894072,-0.038880,0.043286,-0.022738,0.998047,0.025634,-0.046635,0.029159,0.251544,-0.102695,-0.110352,-0.565688,-0.044105,0.004360,1.103922,-0.089001,0.085932,-0.015951,0.294009,-0.015970,0.079382,1.279243,-0.392983,0.571440,-0.054641,0.043210,-0.097747,-1.424151,-1.664646,1.275225,0.834054,-0.045868,0.124619,0.028900
-0.121673,-0.572153,0.878961,-0.039109,0.046822,-0.028872,0.997720,0.007423,-0.045011,-0.002325,0.269453,-0.181217,-0.033200,-0.534015,-0.101978,0.019830,1.037907,-0.100774,0.070472,0.006210,0.306204,-0.019836,0.244013,1.255494,-0.240626,0.607949,-0.050336,0.045911,-0.086419,-1.475256,-1.693863,1.307944,0.772801,-0.036049,0.121375,0.026051
-0.125400,-0.589574,0.864020,-0.037202,0.049833,-0.034423,0.997471,-0.010272,-0.050968,-0.037027,0.289974,-0.263006,0.044873,-0.502287,-0.164269,0.033819,0.971309,-0.112637,0.055271,0.022778,0.312583,-0.020279,0.403921,1.212049,-0.089745,0.640695,-0.045863,0.049225,-0.074143,-1.517884,-1.712029,1.331412,0.712336,-0.026494,0.119285,0.022870
-0.128445,-0.605570,0.846579,-0.026095,0.053642,-0.039389,0.997442,-0.044807,-0.069012,-0.042280,0.350560,-0.305693,0.058183,-0.449088,-0.221145,0.073542,0.868642,-0.158053,0.149047,0.038771,0.319231,-0.012520,0.511505,1.125894,0.007087,0.678525,-0.038175,0.053084,-0.064553,-1.526261,-1.685374,1.342881,0.539583,0.004621,0.117120,0.052295
-0.132043,-0.622102,0.828823,-0.013659,0.056725,-0.044225,0.997316,-0.081027,-0.089452,-0.046651,0.415987,-0.350652,0.070861,-0.396692,-0.286970,0.105164,0.766476,-0.203650,0.239237,0.063358,0.320763,-0.006204,0.578641,1.042344,0.066531,0.725515,-0.032505,0.056456,-0.055621,-1.502452,-1.668056,1.325149,0.362391,0.038604,0.118128,0.074256
-0.141188,-0.661868,0.817298,-0.024226,0.061170,-0.058351,0.996126,-0.124775,-0.013685,-0.055387,0.493041,-0.404016,0.034345,-0.346466,-0.260800,0.089859,0.663346,-0.241087,0.261800,0.112198,0.346086,0.003360,0.614639,0.975995,0.116716,0.787543,-0.030122,0.063700,-0.046039,-1.447286,-1.634656,1.271689,0.200033,0.081517,0.118503,0.083263
-0.150646,-0.682249,0.805300,-0.026160,0.066455,-0.071276,0.994897,-0.184854,0.039936,-0.034683,0.569692,-0.413696,0.001088,-0.364687,-0.232901,0.086843,0.664748,-0.282379,0.261800,0.134579,0.355522,0.038733,0.598007,0.906966,0.109079,0.840132,-0.036512,0.067335,-0.029927,-1.341248,-1.548276,1.185063,0.033217,0.097904,0.121366,0.103725
-0.160355,-0.703527,0.792952,-0.024864,0.073119,-0.083490,0.993511,-0.246926,0.088116,-0.017733,0.643031,-0.420246,-0.031525,-0.390444,-0.211395,0.086645,0.675971,-0.329537,0.261800,0.162758,0.345670,0.068582,0.580040,0.851692,0.106226,0.893391,-0.044450,0.070677,-0.013344,-1.216878,-1.457224,1.077919,-0.132025,0.099765,0.120621,0.125216
-0.169817,-0.724949,0.780215,-0.021945,0.080583,-0.095436,0.991926,-0.309483,0.133639,-0.003526,0.714456,-0.425594,-0.063092,-0.418769,-0.193336,0.087929,0.690954,-0.379979,0.261800,0.199560,0.325560,0.093791,0.560793,0.805379,0.107036,0.939559,-0.051769,0.073942,0.002371,-1.101137,-1.368651,0.977046,-0.303041,0.094623,0.118642,0.152314
-0.179115,-0.735420,0.774903,-0.014385,0.086139,-0.103016,0.990838,-0.364069,0.152135,0.011800,0.773822,-0.388969,-0.067704,-0.457927,-0.190886,0.097931,0.717611,-0.389352,0.261800,0.215927,0.307931,0.116523,0.514539,0.745483,0.063766,0.959079,-0.080249,0.071232,0.022381,-1.003729,-1.264070,0.896961,-0.381733,0.081855,0.124340,0.184731
-0.188690,-0.745804,0.770169,-0.005905,0.091082,-0.110398,0.989688,-0.416947,0.169210,0.029106,0.831515,-0.351747,-0.071187,-0.496185,-0.189764,0.108862,0.742620,-0.397213,0.261800,0.232782,0.295148,0.140043,0.466375,0.675839,0.022899,0.966775,-0.107460,0.068887,0.041354,-0.948288,-1.161083,0.858303,-0.452985,0.073316,0.125420,0.218499
-0.198654,-0.755954,0.765594,0.002578,0.095494,-0.117818,0.988430,-0.469693,0.187151,0.047889,0.891093,-0.315979,-0.073615,-0.533817,-0.188007,0.120239,0.766499,-0.403688,0.261800,0.245779,0.288654,0.165963,0.420133,0.593039,-0.007133,0.956893,-0.130365,0.065194,0.057163,-0.922471,-1.058795,0.848531,-0.519208,0.070393,0.125634,0.249915
-0.203142,-0.762243,0.766176,0.011417,0.102776,-0.120068,0.987365,-0.501766,0.182088,0.061630,0.913722,-0.302061,-0.066640,-0.553886,-0.194097,0.128691,0.756162,-0.391762,0.261800,0.222196,0.283706,0.177526,0.366722,0.508271,-0.057533,0.906314,-0.148329,0.057031,0.058697,-0.858156,-0.985107,0.827770,-0.544208,0.071498,0.127718,0.251808
-0.207352,-0.768431,0.767041,0.020420,0.109132,-0.122199,0.986276,-0.530135,0.177009,0.076720,0.933382,-0.287346,-0.059565,-0.570850,-0.200752,0.136947,0.743803,-0.379248,0.261800,0.200425,0.278398,0.189541,0.313549,0.415909,-0.096932,0.831626,-0.160430,0.048924,0.057505,-0.793469,-0.912995,0.808557,-0.569940,0.071812,0.128451,0.254035
-0.211573,-0.774680,0.768048,0.029550,0.115196,-0.124277,0.985095,-0.557786,0.172338,0.092739,0.952727,-0.272783,-0.052478,-0.587805,-0.207494,0.145310,0.732082,-0.366987,0.261800,0.178936,0.273113,0.201960,0.262671,0.316772,-0.125055,0.738068,-0.167361,0.039773,0.053287,-0.732294,-0.841688,0.794030,-0.595662,0.072390,0.128706,0.255890
-0.213516,-0.777370,0.771307,0.040626,0.120678,-0.124984,0.983954,-0.560243,0.153333,0.106409,0.951190,-0.256278,-0.047816,-0.601597,-0.224588,0.154259,0.714243,-0.348659,0.261800,0.143576,0.262515,0.209746,0.204810,0.235803,-0.128550,0.603883,-0.144128,0.027867,0.047235,-0.657240,-0.803772,0.759910,-0.571184,0.063013,0.129564,0.228291
-0.215368,-0.780286,0.774769,0.052535,0.125074,-0.125214,0.982811,-0.559791,0.132307,0.120586,0.946946,-0.238536,-0.043253,-0.614071,-0.243768,0.163553,0.697392,-0.331133,0.261800,0.108010,0.249554,0.219335,0.151584,0.154856,-0.128461,0.470380,-0.119904,0.017398,0.041265,-0.583227,-0.766382,0.726255,-0.545203,0.053913,0.127935,0.199819
-0.218290,-0.786695,0.778598,0.062064,0.129442,-0.126407,0.981537,-0.558969,0.121322,0.127696,0.940831,-0.218605,-0.046432,-0.626210,-0.250815,0.166924,0.682242,-0.313643,0.252341,0.076037,0.235850,0.230572,0.104941,0.081885,-0.127176,0.352589,-0.099715,0.007718,0.035942,-0.512463,-0.723664,0.692497,-0.518247,0.044698,0.126953,0.171011
-0.216465,-0.790337,0.781673,0.066798,0.132815,-0.130246,0.980273,-0.546670,0.121282,0.126323,0.944927,-0.221986,-0.056270,-0.627260,-0.253882,0.164853,0.665761,-0.305960,0.243737,0.048716,0.222897,0.235093,0.052506,0.057578,-0.108781,0.249269,-0.072499,0.004012,0.022539,-0.461890,-0.720154,0.673975,-0.495138,0.045806,0.128893,0.153958
-0.217063,-0.794098,0.785978,0.070865,0.136175,-0.134684,0.978925,-0.533266,0.123465,0.124228,0.938037,-0.214885,-0.067662,-0.624866,-0.253737,0.160247,0.634242,-0.285531,0.232888,0.017791,0.210273,0.235931,0.014328,0.035275,-0.099458,0.181786,-0.052414,0.001461,0.015318,-0.407322,-0.709731,0.663714,-0.471140,0.042030,0.130851,0.136930
-0.217620,-0.797923,0.790469,0.074741,0.139608,-0.139242,0.977515,-0.519146,0.126040,0.122181,0.929436,-0.206977,-0.079080,-0.620886,-0.253364,0.154859,0.599244,-0.263240,0.221970,-0.013660,0.198220,0.235768,-0.013216,0.018983,-0.100930,0.146463,-0.040977,-0.000636,0.011157,-0.353419,-0.698695,0.655538,-0.446524,0.037597,0.132721,0.119702
-0.218270,-0.801670,0.794637,0.077503,0.139343,-0.141606,0.976998,-0.494472,0.138582,0.120458,0.912307,-0.202745,-0.085616,-0.604419,-0.253694,0.149903,0.562468,-0.244678,0.212800,-0.029770,0.182885,0.230995,0.001911,0.023957,-0.084357,0.144424,-0.043855,-0.000949,0.011855,-0.302109,-0.707118,0.646376,-0.445933,0.038221,0.131756,0.113329
-0.218576,-0.805467,0.798888,0.079874,0.138497,-0.144197,0.976548,-0.467404,0.151819,0.119080,0.894623,-0.198983,-0.092353,-0.585494,-0.253460,0.144388,0.524669,-0.226118,0.203524,-0.046601,0.167677,0.226344,0.025680,0.034751,-0.077370,0.163114,-0.053020,-0.000730,0.014832,-0.248349,-0.715588,0.636592,-0.448842,0.039517,0.132593,0.107586
-0.218933,-0.809167,0.803161,0.082089,0.137493,-0.146776,0.976122,-0.439755,0.165221,0.117897,0.876897,-0.195289,-0.099199,-0.565898,-0.253118,0.138445,0.486649,-0.207569,0.194227,-0.063545,0.152854,0.221681,0.052598,0.049598,-0.079697,0.200089,-0.067799,-0.000088,0.019842,-0.193740,-0.723758,0.625870,-0.452518,0.040782,0.133975,0.101884
-0.218331,-0.812612,0.805871,0.084097,0.134133,-0.148333,0.976183,-0.411765,0.185628,0.119514,0.863849,-0.194549,-0.102490,-0.552820,-0.255440,0.131978,0.474982,-0.194427,0.191932,-0.078824,0.138589,0.211918,0.034374,0.073736,-0.116460,0.263037,-0.079616,0.004164,0.031063,-0.189504,-0.743182,0.627725,-0.465527,0.039340,0.136027,0.101680
-0.218274,-0.815870,0.808498,0.086293,0.130322,-0.149670,0.976304,-0.384732,0.205454,0.121289,0.853023,-0.194208,-0.105627,-0.541802,-0.258111,0.126126,0.467716,-0.182775,0.189785,-0.095297,0.124968,0.206344,0.007457,0.098831,-0.159759,0.345364,-0.096235,0.007565,0.042627,-0.191303,-0.763725,0.630056,-0.476873,0.039419,0.138752,0.100677
-0.218459,-0.818961,0.811018,0.088535,0.126318,-0.150872,0.976444,-0.357708,0.224964,0.123328,0.842710,-0.193881,-0.108726,-0.531008,-0.260989,0.120245,0.461368,-0.171414,0.187737,-0.112477,0.111456,0.201739,-0.023883,0.126356,-0.209150,0.440938,-0.116191,0.010566,0.055320,-0.194833,-0.784472,0.632831,-0.487705,0.039909,0.141429,0.099449
-0.218479,-0.822117,0.811378,0.088509,0.120508,-0.147235,0.977735,-0.342362,0.243976,0.131738,0.831301,-0.191275,-0.103993,-0.521025,-0.261759,0.118486,0.476000,-0.177127,0.198594,-0.116779,0.108001,0.197043,-0.056296,0.174826,-0.252657,0.540993,-0.135525,0.013724,0.069116,-0.226985,-0.814983,0.639672,-0.493837,0.041158,0.143750,0.099646
-0.218685,-0.825117,0.811475,0.088695,0.114798,-0.143418,0.978972,-0.328184,0.262676,0.139999,0.821310,-0.189195,-0.099364,-0.513216,-0.262763,0.117029,0.494016,-0.184339,0.209394,-0.122966,0.103969,0.193048,-0.092807,0.225865,-0.297780,0.645376,-0.155398,0.017141,0.083314,-0.264089,-0.844652,0.650329,-0.497827,0.043437,0.145488,0.099336
-0.218882,-0.828203,0.811627,0.089014,0.109142,-0.139481,0.980158,-0.314390,0.281054,0.148304,0.811641,-0.187176,-0.094736,-0.505969,-0.264066,0.115515,0.512747,-0.191808,0.220208,-0.130001,0.099645,0.189102,-0.133273,0.277697,-0.343141,0.748618,-0.174462,0.020620,0.097706,-0.303590,-0.873624,0.663448,-0.501060,0.045907,0.146980,0.098829
-0.218190,-0.828124,0.810766,0.087995,0.101601,-0.135907,0.981562,-0.310072,0.302019,0.127425,0.803583,-0.183940,-0.089580,-0.500587,-0.272851,0.143510,0.524137,-0.206368,0.241830,-0.124441,0.101753,0.191148,-0.152790,0.328007,-0.387386,0.831082,-0.189121,0.021266,0.107706,-0.361698,-0.878299,0.679606,-0.485260,0.047828,0.149195,0.096879
-0.217936,-0.829759,0.809687,0.083651,0.094895,-0.133392,0.982957,-0.306333,0.333279,0.102629,0.794194,-0.179775,-0.089120,-0.495210,-0.271082,0.166673,0.535929,-0.220684,0.258994,-0.117925,0.108360,0.193022,-0.171616,0.378757,-0.424571,0.897289,-0.199917,0.022530,0.116559,-0.424158,-0.876883,0.700116,-0.464472,0.049154,0.149942,0.094847
-0.219327,-0.836224,0.808670,0.074600,0.089130,-0.132353,0.984364,-0.301323,0.381916,0.071042,0.775315,-0.167881,-0.098654,-0.490997,-0.248655,0.181510,0.551752,-0.235737,0.261800,-0.107803,0.117853,0.195676,-0.191626,0.432573,-0.454503,0.946861,-0.206083,0.023564,0.123372,-0.487281,-0.867356,0.720125,-0.441945,0.050043,0.150348,0.091926
-0.220748,-0.839866,0.804177,0.067325,0.083655,-0.130549,0.985609,-0.309398,0.418153,0.052369,0.768243,-0.165121,-0.105859,-0.495073,-0.232590,0.185000,0.588180,-0.258529,0.261800,-0.090148,0.126283,0.198346,-0.222546,0.453517,-0.472933,0.965840,-0.209418,0.022153,0.129558,-0.553038,-0.850055,0.737063,-0.345660,0.042841,0.153968,0.085805
-0.222233,-0.843666,0.799463,0.060518,0.078632,-0.128653,0.986713,-0.318846,0.453568,0.033449,0.760333,-0.161975,-0.112987,-0.502120,-0.217071,0.188685,0.627917,-0.282861,0.261800,-0.073039,0.134739,0.199377,-0.253701,0.469515,-0.484809,0.969149,-0.208687,0.021296,0.135033,-0.619967,-0.829643,0.754565,-0.243485,0.034272,0.154003,0.079118
-0.223502,-0.847323,0.794558,0.053961,0.073674,-0.126743,0.987723,-0.328204,0.488499,0.014616,0.750982,-0.158278,-0.119993,-0.509987,-0.202017,0.192134,0.668882,-0.307911,0.261800,-0.056227,0.142996,0.199842,-0.284846,0.482311,-0.491248,0.960217,-0.204761,0.020231,0.138952,-0.685404,-0.807729,0.770574,-0.140396,0.025045,0.153322,0.071436
-0.225767,-0.847225,0.787298,0.049520,0.065870,-0.129351,0.988169,-0.342514,0.501510,-0.009958,0.755313,-0.158562,-0.127345,-0.519140,-0.190391,0.185809,0.720383,-0.330926,0.261800,-0.032229,0.145462,0.205122,-0.313230,0.483835,-0.496504,0.966946,-0.200039,0.021499,0.141099,-0.737998,-0.773307,0.799216,0.012495,0.003681,0.160104,0.069123
-0.227971,-0.847127,0.779987,0.045685,0.058117,-0.131726,0.988526,-0.357103,0.513251,-0.034714,0.759485,-0.158886,-0.134624,-0.529310,-0.180241,0.179630,0.773295,-0.354770,0.261800,-0.009180,0.146805,0.209701,-0.341901,0.483588,-0.498955,0.970034,-0.193973,0.021445,0.142238,-0.788083,-0.733508,0.825929,0.170367,-0.020215,0.163991,0.063989
-0.230204,-0.847160,0.772533,0.042293,0.050409,-0.133953,0.988801,-0.371553,0.524078,-0.059320,0.763215,-0.159189,-0.141796,-0.539721,-0.171318,0.173481,0.826405,-0.378872,0.261800,0.013458,0.147405,0.214082,-0.370365,0.482336,-0.499712,0.969879,-0.187056,0.021136,0.143293,-0.834461,-0.690642,0.849180,0.328884,-0.045122,0.167839,0.055540
-0.231650,-0.845368,0.765302,0.035188,0.044664,-0.132578,0.989540,-0.377209,0.518311,-0.075979,0.777864,-0.162330,-0.153239,-0.543089,-0.162543,0.157535,0.866227,-0.398208,0.261800,0.025957,0.149559,0.217120,-0.357695,0.485859,-0.472902,0.891902,-0.190241,0.011973,0.147616,-0.831880,-0.667804,0.835442,0.359576,-0.047783,0.158793,0.045116
-0.232487,-0.843630,0.758283,0.028240,0.039050,-0.130955,0.990216,-0.381734,0.512042,-0.092081,0.791280,-0.165835,-0.164686,-0.544924,-0.155089,0.140923,0.903990,-0.417562,0.261800,0.040027,0.150741,0.217218,-0.338213,0.490674,-0.447436,0.802796,-0.192097,0.007289,0.154123,-0.819617,-0.652086,0.816727,0.373917,-0.049906,0.157499,0.036321
-0.233133,-0.841862,0.751271,0.021519,0.033471,-0.129294,0.990808,-0.386291,0.505273,-0.107925,0.804884,-0.169692,-0.176149,-0.546716,-0.148527,0.124394,0.941250,-0.436819,0.261800,0.054961,0.151491,0.216389,-0.317923,0.494937,-0.422921,0.711435,-0.193076,0.003796,0.161187,-0.805419,-0.637710,0.796915,0.385158,-0.052098,0.158051,0.027924
-0.233846,-0.837854,0.747711,0.009880,0.029729,-0.123915,0.991798,-0.375342,0.511612,-0.110841,0.803957,-0.181844,-0.185931,-0.531822,-0.139268,0.099352,0.944000,-0.443278,0.261800,0.056737,0.154863,0.208085,-0.296895,0.500334,-0.369924,0.498316,-0.198162,-0.009499,0.177516,-0.749273,-0.622736,0.752605,0.338940,-0.024339,0.146604,0.027703
-0.233923,-0.833795,0.744409,-0.002326,0.025290,-0.118806,0.992593,-0.361398,0.519395,-0.112884,0.801595,-0.194196,-0.195869,-0.513076,-0.128833,0.073940,0.943178,-0.448817,0.261800,0.059227,0.158500,0.199946,-0.266607,0.505738,-0.318714,0.267983,-0.196607,-0.013973,0.198002,-0.687924,-0.608342,0.706448,0.283942,0.003743,0.138536,0.027609
-0.233826,-0.829741,0.741266,-0.014492,0.020517,-0.113742,0.993193,-0.347108,0.527282,-0.114735,0.799309,-0.206598,-0.205981,-0.493653,-0.118037,0.048867,0.941702,-0.454140,0.261800,0.062020,0.161942,0.191928,-0.234826,0.508943,-0.270596,0.033002,-0.188360,-0.015612,0.218681,-0.625546,-0.591763,0.660756,0.227379,0.031236,0.131100,0.026443
-0.231712,-0.823028,0.741581,-0.024873,0.018656,-0.109972,0.993448,-0.321262,0.532261,-0.132898,0.763406,-0.227422,-0.228044,-0.470567,-0.109892,0.034081,0.918955,-0.442429,0.261800,0.060309,0.171591,0.175647,-0.221305,0.573543,-0.222791,-0.049038,-0.183192,0.000668,0.236277,-0.546440,-0.609233,0.643782,0.176819,0.038419,0.128810,0.029720
-0.230059,-0.816153,0.742293,-0.035372,0.016453,-0.106209,0.993578,-0.294794,0.537943,-0.149185,0.725629,-0.246609,-0.249961,-0.446490,-0.100959,0.019653,0.893380,-0.428366,0.261800,0.059841,0.181445,0.160442,-0.217969,0.636915,-0.176628,-0.110019,-0.181312,0.004951,0.249178,-0.466156,-0.624992,0.624214,0.126872,0.044245,0.126288,0.032223
-0.229891,-0.807683,0.745268,-0.041826,0.014945,-0.100957,0.993899,-0.268722,0.529630,-0.157685,0.678729,-0.256884,-0.261799,-0.421858,-0.101475,0.008184,0.854875,-0.404323,0.261800,0.057271,0.185157,0.146785,-0.218007,0.696954,-0.130617,-0.166414,-0.178769,0.006331,0.261572,-0.386705,-0.640697,0.601851,0.077457,0.049122,0.123274,0.034337
-0.225212,-0.787491,0.752221,-0.049463,0.015641,-0.101946,0.993436,-0.247025,0.511233,-0.143136,0.650184,-0.272095,-0.254481,-0.380187,-0.119336,0.000860,0.763556,-0.329824,0.261800,0.060856,0.196330,0.119160,-0.209390,0.798154,-0.111900,-0.157270,-0.184661,0.011887,0.261324,-0.320119,-0.668962,0.622428,0.042815,0.036723,0.126802,0.046139
-0.220398,-0.767135,0.758014,-0.046004,0.014112,-0.098374,0.993985,-0.229210,0.459794,-0.126954,0.633807,-0.293095,-0.236683,-0.348004,-0.163485,-0.000393,0.701492,-0.273500,0.261800,0.056259,0.201536,0.103642,-0.206949,0.877971,-0.092670,-0.145139,-0.186432,0.013210,0.263389,-0.263895,-0.726675,0.638219,0.006382,0.033774,0.127166,0.062334
-0.215539,-0.747402,0.763188,-0.040189,0.012183,-0.093840,0.994701,-0.210717,0.401967,-0.112156,0.614760,-0.312266,-0.218970,-0.317416,-0.212972,-0.003362,0.644847,-0.220608,0.261800,0.050218,0.201366,0.089246,-0.203341,0.958805,-0.072200,-0.132404,-0.188110,0.014306,0.264982,-0.207055,-0.784464,0.649238,-0.031009,0.032492,0.127321,0.078216
-0.209697,-0.720256,0.769733,-0.028067,0.010566,-0.091098,0.995390,-0.188107,0.328334,-0.077444,0.588097,-0.310529,-0.167843,-0.308041,-0.263966,0.007512,0.636862,-0.218384,0.261800,0.038224,0.202621,0.081545,-0.207286,1.001970,-0.096493,-0.127369,-0.188174,0.015204,0.255556,-0.187804,-0.827838,0.679674,-0.038259,0.029925,0.130798,0.091936
-0.206517,-0.700110,0.775837,-0.024010,0.010531,-0.091416,0.995468,-0.165896,0.285636,-0.051568,0.548409,-0.299771,-0.132634,-0.307328,-0.283333,0.007611,0.638981,-0.219163,0.241522,0.032942,0.208337,0.074554,-0.215647,1.058063,-0.120866,-0.121721,-0.188252,0.016386,0.245399,-0.175119,-0.853464,0.707015,-0.041131,0.027151,0.132468,0.103761
-0.205269,-0.684981,0.782238,-0.028163,0.012007,-0.094806,0.995025,-0.145475,0.271354,-0.031580,0.504444,-0.285654,-0.110011,-0.310057,-0.273622,-0.002137,0.642811,-0.219390,0.205317,0.034601,0.222571,0.067435,-0.227321,1.122871,-0.146163,-0.115479,-0.188692,0.016917,0.234510,-0.165878,-0.863594,0.728644,-0.042026,0.023265,0.133205,0.114137
-0.204801,-0.668581,0.788865,-0.032614,0.015482,-0.099687,0.994364,-0.119932,0.258815,-0.017365,0.440667,-0.264145,-0.089422,-0.324024,-0.239828,-0.012858,0.677764,-0.217071,0.212116,0.032513,0.239530,0.067145,-0.221827,1.135778,-0.186395,-0.156818,-0.186849,0.015504,0.215159,-0.146412,-0.860054,0.730596,-0.039715,0.024914,0.131595,0.118814
-0.204278,-0.652526,0.795196,-0.037329,0.019038,-0.104733,0.993617,-0.096426,0.246989,-0.004189,0.381072,-0.244986,-0.069508,-0.339673,-0.204967,-0.023905,0.715560,-0.216371,0.218767,0.031364,0.256856,0.066647,-0.214345,1.149573,-0.225483,-0.201752,-0.184341,0.016243,0.196325,-0.125724,-0.848275,0.721165,-0.038708,0.026253,0.128056,0.122405
-0.203820,-0.636744,0.801164,-0.042289,0.022539,-0.109900,0.992787,-0.074904,0.235993,0.007991,0.325837,-0.228134,-0.050386,-0.356104,-0.169098,-0.036112,0.754789,-0.216669,0.224729,0.030557,0.273873,0.066318,-0.206630,1.165426,-0.264405,-0.247381,-0.182365,0.016978,0.177469,-0.105378,-0.826285,0.700628,-0.038248,0.027192,0.122729,0.124677
-0.203255,-0.622472,0.808556,-0.045820,0.026199,-0.113778,0.992103,-0.073062,0.219922,-0.013467,0.296355,-0.189958,-0.052043,-0.362461,-0.110511,-0.031972,0.764003,-0.217443,0.252542,0.020196,0.283101,0.072338,-0.188083,1.131330,-0.312287,-0.262069,-0.176869,0.019078,0.160918,-0.089193,-0.775014,0.670304,-0.028799,0.021508,0.117011,0.116311
-0.204796,-0.615182,0.816124,-0.054640,0.030616,-0.119849,0.990814,-0.073241,0.229268,-0.037757,0.269956,-0.153418,-0.067910,-0.369962,-0.028346,-0.041255,0.770663,-0.216440,0.261800,0.015435,0.292487,0.078613,-0.171732,1.107793,-0.361729,-0.274309,-0.170350,0.019642,0.143119,-0.076932,-0.703068,0.634167,-0.016676,0.014634,0.110292,0.106253
-0.207177,-0.612055,0.823141,-0.063571,0.034492,-0.126312,0.989350,-0.072592,0.245873,-0.063847,0.246486,-0.120344,-0.090770,-0.376562,0.060160,-0.056373,0.775238,-0.214792,0.261800,0.012437,0.295633,0.085075,-0.154960,1.091352,-0.412139,-0.286053,-0.164220,0.019571,0.124814,-0.066123,-0.620428,0.595727,-0.003738,0.007113,0.103180,0.095920
-0.211728,-0.614447,0.828602,-0.063486,0.038380,-0.126487,0.989190,-0.085898,0.264737,-0.068918,0.276035,-0.111654,-0.129906,-0.372649,0.127832,-0.063748,0.741086,-0.199292,0.261800,-0.004101,0.269164,0.096176,-0.150301,1.061060,-0.447538,-0.279501,-0.157340,0.021462,0.112204,-0.039415,-0.515725,0.535595,0.000588,0.006542,0.092264,0.081614
-0.215538,-0.617481,0.833015,-0.061293,0.041271,-0.125713,0.989311,-0.099011,0.278127,-0.077298,0.310182,-0.106796,-0.169333,-0.366142,0.191030,-0.068347,0.706675,-0.185254,0.261800,-0.019920,0.237955,0.105743,-0.145831,1.031239,-0.485144,-0.271661,-0.151128,0.022445,0.099331,-0.011032,-0.416839,0.481234,0.003390,0.005126,0.082296,0.069648
-0.218473,-0.621067,0.836323,-0.056770,0.043287,-0.123966,0.989715,-0.111400,0.285252,-0.088461,0.347604,-0.105297,-0.208754,-0.357547,0.249254,-0.070026,0.673283,-0.173436,0.261800,-0.036370,0.202824,0.113565,-0.138497,1.000533,-0.522062,-0.263856,-0.145370,0.023352,0.086703,0.018162,-0.328055,0.437334,0.004614,0.003578,0.073691,0.060266
-0.213039,-0.569830,0.839687,-0.039216,0.048275,-0.116862,0.991199,-0.119125,0.221632,-0.041452,0.352872,-0.104428,-0.156635,-0.343831,0.160823,-0.010584,0.628960,-0.184167,0.261800,-0.067889,0.220697,0.123957,-0.130534,0.879186,-0.558190,-0.265984,-0.137048,0.026122,0.080832,0.036435,-0.335857,0.378003,0.004247,0.004519,0.061675,0.049437
-0.209760,-0.524254,0.840852,-0.017746,0.052739,-0.110133,0.992358,-0.125017,0.158185,0.005955,0.354281,-0.104899,-0.111779,-0.337083,0.069990,0.039178,0.591049,-0.196218,0.248925,-0.103318,0.224636,0.135201,-0.116160,0.764738,-0.582786,-0.270943,-0.129270,0.029107,0.074391,0.049852,-0.348584,0.330023,-0.001217,0.007121,0.053150,0.041024
-0.211335,-0.508299,0.839140,-0.005814,0.056080,-0.106274,0.992737,-0.128301,0.162212,0.032714,0.365648,-0.115540,-0.118854,-0.329267,0.046186,0.049238,0.557803,-0.208388,0.167159,-0.126383,0.204954,0.143828,-0.096890,0.693301,-0.605765,-0.272975,-0.120439,0.029427,0.063389,0.067604,-0.317832,0.295955,-0.007574,0.008039,0.047841,0.032416
-0.213424,-0.492699,0.833455,-0.001789,0.056961,-0.105754,0.992758,-0.135023,0.203798,0.069418,0.392389,-0.120944,-0.103475,-0.345070,0.018239,0.043254,0.578410,-0.230103,0.147704,-0.138648,0.195968,0.154081,-0.089704,0.615271,-0.603624,-0.258748,-0.110796,0.030592,0.052581,0.077369,-0.281508,0.259845,-0.006343,0.010737,0.043228,0.024460
-0.215779,-0.477150,0.827601,0.002944,0.058421,-0.105137,0.992736,-0.144671,0.244413,0.105716,0.422032,-0.127125,-0.087210,-0.364506,-0.010953,0.038330,0.602837,-0.253860,0.128636,-0.150631,0.185545,0.163189,-0.083422,0.533650,-0.592218,-0.240456,-0.100453,0.029894,0.040998,0.087779,-0.245553,0.223898,-0.004842,0.013538,0.037089,0.017380
-0.218256,-0.461865,0.821822,0.007855,0.060067,-0.104414,0.992687,-0.155154,0.285217,0.141502,0.452693,-0.133528,-0.070276,-0.384676,-0.040394,0.034087,0.627556,-0.278162,0.109730,-0.162640,0.174535,0.171758,-0.076788,0.448777,-0.570837,-0.219948,-0.089173,0.028316,0.029651,0.099854,-0.208094,0.185553,-0.005090,0.016361,0.030992,0.010644
-0.220632,-0.442846,0.813867,0.009834,0.061835,-0.109992,0.991958,-0.160786,0.337251,0.152186,0.465987,-0.135575,-0.051889,-0.415389,-0.063742,0.043502,0.658614,-0.285977,0.123097,-0.160078,0.170754,0.178610,-0.068663,0.372422,-0.536684,-0.185977,-0.079330,0.026713,0.024995,0.074789,-0.172619,0.159356,0.001808,0.014779,0.026211,0.006031
-0.223023,-0.424000,0.806052,0.011936,0.063530,-0.115530,0.991198,-0.166899,0.389131,0.162399,0.479528,-0.137741,-0.033370,-0.445652,-0.086765,0.054011,0.687810,-0.292536,0.136229,-0.159512,0.165831,0.186200,-0.060070,0.294542,-0.493658,-0.150708,-0.068879,0.024006,0.020678,0.048249,-0.133948,0.132393,0.010586,0.014262,0.020070,0.000574
-0.225485,-0.405336,0.798276,0.014140,0.065050,-0.120984,0.990420,-0.173054,0.440854,0.172077,0.493125,-0.140178,-0.014687,-0.475180,-0.109511,0.065458,0.715489,-0.298295,0.149148,-0.159644,0.160251,0.194118,-0.051801,0.216276,-0.447248,-0.115257,-0.058068,0.020766,0.016690,0.022581,-0.093759,0.104243,0.020474,0.014188,0.012999,-0.005735
-0.227419,-0.386110,0.795291,0.015647,0.064497,-0.122154,0.990290,-0.171202,0.463259,0.176110,0.481303,-0.133888,-0.005011,-0.479435,-0.138071,0.073607,0.699921,-0.276908,0.165698,-0.158052,0.152947,0.194148,-0.040563,0.178455,-0.408996,-0.092999,-0.050394,0.019580,0.009161,0.005724,-0.062872,0.076312,0.019739,0.008219,0.007465,-0.003911
-0.229234,-0.366908,0.792461,0.016991,0.063358,-0.123271,0.990203,-0.166586,0.485507,0.180862,0.466808,-0.126542,0.004510,-0.480728,-0.166358,0.081663,0.680883,-0.254020,0.182195,-0.156170,0.145702,0.195141,-0.029866,0.143499,-0.377704,-0.073417,-0.043456,0.019344,0.002249,-0.009894,-0.036021,0.053082,0.020516,0.002096,0.002899,-0.002766
-0.231017,-0.347842,0.789734,0.018392,0.062043,-0.124380,0.990122,-0.161565,0.507567,0.185815,0.452245,-0.119317,0.013864,-0.481436,-0.194600,0.089984,0.660941,-0.230712,0.198682,-0.154257,0.138206,0.196410,-0.020147,0.111865,-0.356314,-0.055850,-0.037357,0.019770,-0.004244,-0.025907,-0.016000,0.039533,0.024030,-0.003662,0.000012,-0.002578
-0.229766,-0.326781,0.789945,0.016335,0.062036,-0.123598,0.990257,-0.149013,0.501523,0.166901,0.412854,-0.104678,0.024865,-0.449409,-0.226353,0.081248,0.581165,-0.186120,0.213832,-0.150086,0.138846,0.184896,-0.002361,0.101623,-0.326908,-0.048785,-0.031884,0.019758,-0.006478,-0.014063,-0.010458,0.025465,0.014216,-0.005164,-0.001470,-0.001468
-0.228661,-0.305802,0.790171,0.014514,0.060445,-0.122759,0.990488,-0.134158,0.494658,0.148215,0.375073,-0.091347,0.036219,-0.413913,-0.257984,0.072024,0.500872,-0.141483,0.230055,-0.145211,0.137135,0.177675,0.013805,0.098133,-0.310190,-0.046628,-0.029216,0.021927,-0.009295,-0.002239,-0.016135,0.024648,0.006142,-0.006000,0.000434,0.000561
-0.227565,-0.285178,0.790346,0.012276,0.058533,-0.122064,0.990719,-0.118812,0.489326,0.129696,0.337774,-0.078557,0.047025,-0.377607,-0.287045,0.061607,0.420909,-0.097055,0.246427,-0.139792,0.135621,0.171354,0.030233,0.099359,-0.305675,-0.046975,-0.027961,0.025232,-0.012453,0.010133,-0.034570,0.040876,0.000990,-0.006474,0.005491,0.002492
-0.227229,-0.267215,0.789649,0.004175,0.057337,-0.124795,0.990516,-0.106137,0.497769,0.110702,0.333017,-0.085213,0.015919,-0.352275,-0.294632,0.045063,0.363712,-0.032416,0.261762,-0.131908,0.140050,0.171029,0.025489,0.119396,-0.303062,-0.055972,-0.034782,0.025787,-0.013466,0.012507,-0.057216,0.062236,0.003058,0.002656,0.013427,0.003128
-0.230648,-0.252775,0.789621,-0.012054,0.059019,-0.128935,0.989822,-0.092530,0.531441,0.090394,0.307722,-0.074167,-0.024742,-0.327715,-0.273858,0.016275,0.294373,0.043016,0.261800,-0.119969,0.156813,0.165232,0.023147,0.144819,-0.314648,-0.062818,-0.041294,0.028969,-0.013652,0.018913,-0.086408,0.103370,0.006628,0.009936,0.025888,0.002297
-0.234615,-0.237450,0.789917,-0.031706,0.060311,-0.133927,0.988646,-0.079842,0.573033,0.069943,0.287943,-0.066309,-0.066041,-0.294003,-0.244813,-0.015143,0.206598,0.128567,0.261800,-0.102822,0.183235,0.164746,0.014764,0.173510,-0.340105,-0.071424,-0.052216,0.034148,-0.014614,0.025141,-0.128598,0.150176,0.011008,0.020209,0.042507,0.003290
-0.228447,-0.207840,0.791611,-0.023196,0.055141,-0.133093,0.989297,-0.062170,0.517957,0.090335,0.302105,-0.110266,-0.105225,-0.277599,-0.285611,-0.010408,0.188277,0.133703,0.261800,-0.112604,0.173899,0.155977,0.016338,0.194798,-0.371885,-0.092292,-0.064390,0.036114,-0.008556,0.040425,-0.206358,0.208610,0.004832,0.037123,0.055282,0.000304
-0.222607,-0.178760,0.792785,-0.011205,0.051352,-0.130505,0.990053,-0.040107,0.454147,0.112136,0.294311,-0.140131,-0.144265,-0.265909,-0.334485,-0.007010,0.171369,0.138922,0.261800,-0.127503,0.154653,0.132596,0.029907,0.222601,-0.413455,-0.115410,-0.074975,0.040289,-0.001205,0.067100,-0.282888,0.277227,-0.007659,0.050913,0.070879,-0.005550
-0.217424,-0.149930,0.793586,-0.001656,0.046602,-0.129620,0.990467,-0.022785,0.398560,0.131508,0.300752,-0.176627,-0.186101,-0.260757,-0.375943,-0.000723,0.168993,0.137059,0.258724,-0.138026,0.141867,0.122774,0.033531,0.254324,-0.456464,-0.142088,-0.090266,0.044214,0.004568,0.082657,-0.360513,0.333910,-0.019460,0.071399,0.085363,-0.008625
-0.217143,-0.126809,0.793086,-0.002902,0.046532,-0.124929,0.991070,-0.001281,0.371417,0.140283,0.289772,-0.213191,-0.195614,-0.310672,-0.366457,0.007533,0.283187,0.086061,0.233698,-0.157374,0.147139,0.121480,-0.006275,0.297074,-0.511027,-0.160462,-0.098838,0.048677,0.009177,0.078210,-0.421781,0.381185,-0.021792,0.084308,0.098722,-0.020882
-0.216952,-0.104234,0.792594,-0.005820,0.047452,-0.120475,0.991565,0.017592,0.349857,0.147882,0.280481,-0.250518,-0.207156,-0.365371,-0.351424,0.015277,0.404945,0.031064,0.208423,-0.175578,0.155968,0.118757,-0.045815,0.340023,-0.563317,-0.178726,-0.107855,0.052642,0.013890,0.072452,-0.471872,0.416773,-0.024853,0.096171,0.109820,-0.033621
-0.216709,-0.082030,0.791973,-0.008620,0.048399,-0.115924,0.992041,0.036087,0.328720,0.155019,0.271677,-0.288301,-0.219420,-0.421764,-0.335944,0.022808,0.530591,-0.026288,0.183891,-0.193750,0.164125,0.115574,-0.085185,0.381114,-0.609686,-0.196085,-0.116217,0.056002,0.018825,0.065391,-0.509877,0.439398,-0.029376,0.106858,0.118349,-0.046649
-0.217364,-0.065068,0.791160,-0.008829,0.050352,-0.112314,0.992357,0.028968,0.294802,0.151895,0.278461,-0.304135,-0.203812,-0.454253,-0.304720,0.004392,0.632979,-0.070635,0.171506,-0.199466,0.164663,0.117896,-0.108707,0.408054,-0.642085,-0.175911,-0.119448,0.059730,0.022265,0.041752,-0.526037,0.463908,-0.018942,0.109491,0.127144,-0.066924
-0.217922,-0.048344,0.790128,-0.008877,0.052055,-0.108652,0.992676,0.022032,0.260865,0.148588,0.285201,-0.319907,-0.188580,-0.486108,-0.274470,-0.015201,0.735004,-0.115146,0.158929,-0.205840,0.164167,0.120404,-0.132325,0.430991,-0.664797,-0.152913,-0.121109,0.061787,0.025612,0.016035,-0.531644,0.478137,-0.008409,0.111110,0.133188,-0.087532
-0.218516,-0.031912,0.789053,-0.008516,0.053552,-0.104912,0.993002,0.015322,0.226244,0.145194,0.291590,-0.335493,-0.173543,-0.517570,-0.245705,-0.035608,0.836788,-0.159952,0.146153,-0.212451,0.162265,0.122742,-0.155956,0.450445,-0.679240,-0.128123,-0.121401,0.063000,0.029135,-0.010593,-0.528932,0.483705,0.001623,0.111767,0.137274,-0.108292
-0.219724,-0.017342,0.790121,-0.007159,0.057258,-0.103852,0.992917,0.014781,0.195725,0.147421,0.266027,-0.318277,-0.159317,-0.532889,-0.192302,-0.042118,0.849408,-0.177595,0.168669,-0.206450,0.163598,0.125752,-0.166261,0.450151,-0.678974,-0.084254,-0.119471,0.062034,0.038464,-0.030518,-0.530056,0.501573,-0.003951,0.112374,0.138143,-0.117550
-0.220863,-0.002927,0.791389,-0.006580,0.060727,-0.103151,0.992788,0.015102,0.167296,0.150204,0.240568,-0.301238,-0.145656,-0.546461,-0.137144,-0.050857,0.858319,-0.193844,0.190251,-0.199650,0.166709,0.129423,-0.177041,0.446660,-0.673831,-0.038181,-0.116413,0.059956,0.047813,-0.050633,-0.527615,0.515266,-0.010053,0.112464,0.138407,-0.126917
-0.221972,0.011368,0.792631,-0.006110,0.064077,-0.102563,0.992642,0.015218,0.139574,0.153087,0.216167,-0.284750,-0.132474,-0.559863,-0.081717,-0.061020,0.865574,-0.209733,0.211038,-0.192459,0.169706,0.133060,-0.187933,0.442099,-0.665665,0.008625,-0.112888,0.057520,0.057345,-0.070753,-0.522131,0.526348,-0.016185,0.112076,0.138134,-0.136313
-0.220386,0.026461,0.795904,0.002411,0.065065,-0.099728,0.992882,-0.002617,0.114945,0.147041,0.252418,-0.273877,-0.125752,-0.556337,-0.036219,-0.020492,0.839087,-0.227381,0.256786,-0.176780,0.161675,0.148517,-0.171414,0.443851,-0.665161,0.014223,-0.117308,0.051553,0.057959,-0.089796,-0.535466,0.537021,-0.034227,0.112134,0.135177,-0.129481
-0.222625,0.026683,0.799950,0.001694,0.069834,-0.099367,0.992596,-0.023037,0.136703,0.139225,0.279392,-0.252322,-0.148219,-0.546757,0.050235,-0.011475,0.783043,-0.226942,0.261799,-0.154298,0.154199,0.153070,-0.147241,0.464141,-0.666146,0.020947,-0.121274,0.047004,0.057903,-0.102584,-0.523005,0.554133,-0.052389,0.107798,0.133989,-0.124790
-0.223668,0.024580,0.803326,0.001751,0.074129,-0.096592,0.992558,-0.036995,0.157309,0.124863,0.296572,-0.227359,-0.174604,-0.528965,0.134958,-0.001676,0.715525,-0.222163,0.261800,-0.133636,0.140137,0.150728,-0.117665,0.490322,-0.670060,0.025472,-0.124850,0.044472,0.057628,-0.107092,-0.501001,0.571118,-0.068652,0.099389,0.131959,-0.121541
-0.221915,0.071515,0.811883,0.016631,0.075503,-0.083782,0.993480,-0.075807,0.093594,0.158715,0.414069,-0.235570,-0.128033,-0.510836,0.078880,0.089493,0.648385,-0.200197,0.245365,-0.137429,0.153881,0.166945,-0.115290,0.440212,-0.665993,0.050027,-0.125640,0.042216,0.062747,-0.153419,-0.554049,0.580592,-0.058418,0.101340,0.133437,-0.115327
-0.224044,0.084875,0.817651,0.027340,0.075691,-0.070120,0.994287,-0.109186,0.091711,0.177995,0.534872,-0.242481,-0.134744,-0.487498,0.075447,0.129540,0.580424,-0.176046,0.152023,-0.136022,0.139871,0.174855,-0.102253,0.427721,-0.665615,0.074561,-0.124997,0.039357,0.063604,-0.188174,-0.562802,0.594572,-0.044057,0.099458,0.133099,-0.114743
-0.226172,0.097582,0.823116,0.036941,0.075705,-0.056932,0.994818,-0.145824,0.095334,0.197487,0.666331,-0.255487,-0.141346,-0.463756,0.073360,0.165814,0.512974,-0.150348,0.055948,-0.133249,0.125259,0.182967,-0.087696,0.418158,-0.663215,0.094494,-0.124399,0.036395,0.063938,-0.222265,-0.566772,0.608771,-0.028684,0.096185,0.132523,-0.114269
-0.225522,0.112651,0.821664,0.035058,0.072776,-0.050963,0.995428,-0.183290,0.116787,0.186998,0.663722,-0.256528,-0.132310,-0.457434,0.054741,0.159290,0.515829,-0.155173,0.052093,-0.119824,0.133157,0.192180,-0.071580,0.410325,-0.644612,0.138268,-0.122386,0.037962,0.067138,-0.246968,-0.567460,0.623237,0.001994,0.093666,0.136525,-0.107330
-0.225863,0.126968,0.821125,0.035400,0.071312,-0.043485,0.995877,-0.218610,0.131655,0.174932,0.642308,-0.244343,-0.123009,-0.449593,0.030067,0.152453,0.504493,-0.150645,0.048484,-0.113908,0.137157,0.190446,-0.051895,0.391615,-0.620437,0.188781,-0.115749,0.035421,0.070184,-0.271282,-0.561142,0.648494,0.040572,0.087476,0.138797,-0.101114
-0.225510,0.142241,0.819398,0.035155,0.068174,-0.037095,0.996364,-0.255691,0.148626,0.163445,0.638267,-0.244488,-0.112682,-0.447822,0.007933,0.147098,0.516258,-0.160402,0.045947,-0.103134,0.143080,0.199983,-0.038646,0.374411,-0.588914,0.223522,-0.109839,0.032919,0.069933,-0.299724,-0.560542,0.665250,0.075811,0.085142,0.140735,-0.094101
-0.227307,0.157184,0.818459,0.035276,0.067499,-0.032954,0.996551,-0.270952,0.169703,0.148635,0.644500,-0.241222,-0.102614,-0.449593,-0.023997,0.131433,0.525802,-0.166988,0.056279,-0.085042,0.141617,0.205311,-0.030827,0.348233,-0.543175,0.263554,-0.104012,0.031165,0.071874,-0.319644,-0.555083,0.680298,0.156862,0.082689,0.143657,-0.091766
-0.229189,0.171875,0.817536,0.035694,0.066694,-0.028788,0.996719,-0.285679,0.190204,0.133707,0.649960,-0.237523,-0.092515,-0.451099,-0.056577,0.116251,0.535188,-0.173129,0.066660,-0.066959,0.139463,0.210796,-0.024440,0.318937,-0.491524,0.294709,-0.095728,0.028617,0.071837,-0.339396,-0.547924,0.695104,0.239499,0.079536,0.145035,-0.089539
-0.231213,0.186587,0.816593,0.036277,0.065866,-0.024623,0.996865,-0.300307,0.210501,0.118585,0.655225,-0.233753,-0.082423,-0.452627,-0.089496,0.101427,0.544562,-0.178889,0.077051,-0.048758,0.137068,0.216389,-0.019451,0.287783,-0.435694,0.317319,-0.085188,0.025833,0.070041,-0.358324,-0.539587,0.708958,0.321576,0.075739,0.146230,-0.087375
-0.230300,0.204749,0.816357,0.035441,0.067167,-0.023488,0.996835,-0.297477,0.225647,0.110538,0.615328,-0.224604,-0.075818,-0.435540,-0.120163,0.095988,0.506728,-0.164541,0.092835,-0.034194,0.135901,0.217762,-0.013178,0.247407,-0.379328,0.315181,-0.082478,0.021819,0.069013,-0.353877,-0.523272,0.714613,0.407721,0.079538,0.143419,-0.094445
-0.229292,0.222964,0.816401,0.034504,0.067875,-0.022581,0.996841,-0.292760,0.241105,0.103289,0.574591,-0.215244,-0.069148,-0.415955,-0.150774,0.090460,0.466309,-0.148928,0.108793,-0.018916,0.135062,0.220030,-0.008309,0.209059,-0.325303,0.309716,-0.079184,0.018464,0.067435,-0.347935,-0.506004,0.717631,0.491468,0.083081,0.140158,-0.101076
-0.228424,0.241194,0.816459,0.033623,0.068409,-0.021785,0.996853,-0.288032,0.256606,0.096527,0.534670,-0.206317,-0.062427,-0.396069,-0.181590,0.084933,0.425754,-0.133149,0.124928,-0.003369,0.134192,0.222502,-0.005089,0.174455,-0.275952,0.305217,-0.076130,0.015349,0.065657,-0.340726,-0.486569,0.716715,0.571637,0.086268,0.136341,-0.106781
-0.229604,0.258397,0.815253,0.031934,0.067895,-0.023179,0.996912,-0.270659,0.273135,0.081158,0.470681,-0.185289,-0.047440,-0.371782,-0.203145,0.087232,0.367671,-0.097859,0.141745,0.008862,0.132221,0.225569,0.001877,0.142440,-0.233092,0.297461,-0.077994,0.012521,0.061812,-0.329282,-0.458588,0.718805,0.602674,0.085109,0.130542,-0.102774
-0.230631,0.275481,0.814265,0.030406,0.066892,-0.024641,0.996992,-0.252770,0.289518,0.066754,0.407852,-0.165051,-0.032319,-0.345663,-0.225387,0.089586,0.307866,-0.061920,0.158737,0.021136,0.129980,0.229501,0.007823,0.115561,-0.197388,0.295851,-0.081503,0.010246,0.058690,-0.314770,-0.425981,0.712505,0.624914,0.082847,0.124790,-0.097524
-0.231628,0.292511,0.813347,0.029208,0.065661,-0.026144,0.997072,-0.235411,0.305487,0.053131,0.346925,-0.145885,-0.017175,-0.319149,-0.248488,0.092157,0.247890,-0.026013,0.175816,0.033591,0.127037,0.233732,0.012783,0.093577,-0.168533,0.302128,-0.087195,0.008263,0.056248,-0.297337,-0.386783,0.696030,0.638608,0.079383,0.117539,-0.090667
-0.230881,0.309370,0.811093,0.026309,0.063983,-0.030034,0.997152,-0.218440,0.312698,0.055878,0.325435,-0.134588,-0.045469,-0.309934,-0.266915,0.083931,0.225898,0.005885,0.199263,0.040402,0.121632,0.236934,0.019236,0.082776,-0.148434,0.288085,-0.086395,0.006792,0.051105,-0.263751,-0.352019,0.655201,0.611365,0.074497,0.106850,-0.082837
-0.229926,0.326114,0.808832,0.023452,0.063007,-0.033948,0.997160,-0.203624,0.319677,0.058063,0.305188,-0.123710,-0.074068,-0.303746,-0.285004,0.076225,0.206974,0.036317,0.222538,0.048269,0.116119,0.237962,0.027203,0.074579,-0.133126,0.279303,-0.087568,0.006820,0.047429,-0.226087,-0.311370,0.603981,0.574080,0.068006,0.096077,-0.073259
-0.229044,0.342662,0.806477,0.020224,0.062191,-0.038006,0.997135,-0.189369,0.327545,0.059693,0.285295,-0.112824,-0.103261,-0.298162,-0.301728,0.068473,0.188561,0.066617,0.245304,0.056793,0.111256,0.238407,0.036091,0.067710,-0.120467,0.276565,-0.090812,0.007163,0.044311,-0.187077,-0.265316,0.546190,0.532577,0.060522,0.084289,-0.062030
-0.231085,0.362293,0.802242,0.016921,0.061526,-0.037395,0.997261,-0.184878,0.344652,0.058793,0.294747,-0.126419,-0.159831,-0.329663,-0.313368,0.052987,0.261899,0.025698,0.238190,0.048720,0.110171,0.245644,0.045206,0.067498,-0.114517,0.247103,-0.080971,0.006148,0.041464,-0.148503,-0.238691,0.468887,0.452164,0.051440,0.071092,-0.055047
-0.233120,0.381562,0.797804,0.013910,0.061704,-0.036414,0.997333,-0.184086,0.361692,0.057485,0.307190,-0.141391,-0.216745,-0.368093,-0.326253,0.038955,0.345563,-0.020450,0.230392,0.040884,0.108498,0.251217,0.056707,0.067290,-0.109509,0.219095,-0.072012,0.006645,0.038913,-0.109752,-0.212939,0.392917,0.373975,0.042132,0.060259,-0.047037
-0.235474,0.404372,0.793738,0.018000,0.062341,-0.032870,0.997351,-0.186903,0.354398,0.059211,0.321039,-0.156630,-0.261800,-0.408335,-0.362463,0.032475,0.424261,-0.062388,0.230800,0.026780,0.097799,0.256416,0.069584,0.060318,-0.105993,0.192766,-0.063342,0.007851,0.036744,-0.073154,-0.196145,0.323102,0.304331,0.033490,0.050418,-0.037650
-0.237783,0.424024,0.788183,0.025378,0.062012,-0.024695,0.997447,-0.226911,0.311739,0.025972,0.374874,-0.187273,-0.261800,-0.449168,-0.398578,0.037877,0.496738,-0.098518,0.244537,0.010122,0.084563,0.281453,0.060956,0.058174,-0.106058,0.185388,-0.058312,0.009138,0.034622,-0.056865,-0.172316,0.263199,0.243092,0.029503,0.039340,-0.030244
-0.241400,0.443966,0.781921,0.033217,0.063572,-0.014436,0.997320,-0.274072,0.264567,-0.008445,0.429564,-0.214755,-0.261800,-0.500827,-0.437832,0.045719,0.578195,-0.136450,0.258005,-0.012420,0.071014,0.299888,0.055259,0.051433,-0.106267,0.181878,-0.052597,0.010314,0.032754,-0.038238,-0.155014,0.215726,0.188298,0.023887,0.032450,-0.024175
-0.247725,0.462330,0.774012,0.040328,0.072199,-0.003265,0.996569,-0.352864,0.217499,-0.045061,0.509224,-0.248598,-0.261800,-0.588924,-0.470949,0.061488,0.688314,-0.183473,0.261800,-0.030125,0.052761,0.311838,0.040328,0.054413,-0.104976,0.179548,-0.049793,0.011167,0.024974,-0.021969,-0.139755,0.167483,0.128285,0.018851,0.037404,-0.017261
-0.254129,0.470982,0.765356,0.038775,0.077820,0.001740,0.996212,-0.428277,0.211592,-0.058196,0.587159,-0.271138,-0.261800,-0.645662,-0.475145,0.065257,0.749763,-0.208130,0.261800,-0.029098,0.042766,0.334788,0.037379,0.054352,-0.096788,0.169703,-0.050060,0.007480,0.028496,-0.016248,-0.122586,0.149198,0.098152,0.016522,0.032838,-0.021655
-0.261050,0.480164,0.755321,0.036291,0.086022,0.006020,0.995614,-0.519887,0.205481,-0.073098,0.686307,-0.303804,-0.261800,-0.715105,-0.476422,0.072160,0.821159,-0.236172,0.261800,-0.023462,0.032543,0.356380,0.032094,0.057291,-0.088385,0.157432,-0.051338,0.004359,0.029082,-0.013130,-0.106558,0.132299,0.070613,0.015286,0.031058,-0.025712
-0.267823,0.489467,0.745836,0.033911,0.093018,0.010487,0.995031,-0.605505,0.196851,-0.087218,0.779821,-0.334192,-0.261800,-0.778837,-0.478422,0.077066,0.888334,-0.263037,0.261800,-0.019099,0.023318,0.379305,0.031090,0.056682,-0.080058,0.141630,-0.050385,0.001839,0.029314,-0.008741,-0.094135,0.118638,0.045412,0.013209,0.028524,-0.027778
-0.277009,0.495717,0.737214,0.031301,0.101586,0.012394,0.994257,-0.668661,0.191079,-0.093415,0.823916,-0.341954,-0.261800,-0.829988,-0.472657,0.086365,0.923054,-0.272929,0.261800,-0.011697,0.019150,0.402450,0.023040,0.050669,-0.069926,0.128533,-0.044477,0.000360,0.031070,-0.012681,-0.083666,0.109095,0.038684,0.013819,0.023623,-0.030994
-0.286300,0.502172,0.727305,0.028244,0.112079,0.013466,0.993207,-0.741164,0.186015,-0.099743,0.878809,-0.354878,-0.261800,-0.890654,-0.464359,0.097816,0.965427,-0.285565,0.261800,0.000302,0.013762,0.424969,0.010936,0.047492,-0.059937,0.115322,-0.039545,-0.001783,0.029726,-0.018772,-0.071701,0.097099,0.029782,0.016272,0.019530,-0.034727
-0.295405,0.508403,0.718045,0.025418,0.121526,0.014847,0.992152,-0.808310,0.179697,-0.105292,0.928838,-0.366121,-0.261800,-0.946417,-0.456896,0.107069,1.005357,-0.298108,0.261800,0.010833,0.008744,0.448356,0.002250,0.041690,-0.050006,0.098676,-0.032837,-0.003651,0.028815,-0.023371,-0.061265,0.085949,0.018063,0.017834,0.015408,-0.038066
-0.304878,0.514052,0.709493,0.021373,0.130836,0.015378,0.991054,-0.868843,0.181519,-0.101256,0.968450,-0.368158,-0.261800,-0.990181,-0.448860,0.115547,1.016351,-0.288070,0.261800,0.018841,0.006478,0.463184,-0.001904,0.031669,-0.038207,0.081488,-0.027417,-0.002885,0.023297,-0.022940,-0.052797,0.069894,0.017975,0.017269,0.011767,-0.038933
-0.314214,0.519553,0.701048,0.017183,0.139840,0.015882,0.989898,-0.928234,0.183396,-0.097490,1.007407,-0.370196,-0.261800,-1.032430,-0.440461,0.122777,1.027054,-0.278358,0.261800,0.027196,0.004621,0.478307,-0.006273,0.021271,-0.026970,0.063578,-0.021738,-0.002257,0.017954,-0.023214,-0.045654,0.054268,0.016040,0.017274,0.007583,-0.041226
-0.323602,0.524954,0.692638,0.012980,0.148692,0.016497,0.988661,-0.987333,0.184875,-0.094026,1.046550,-0.372502,-0.261800,-1.074302,-0.432002,0.129270,1.038658,-0.269511,0.261800,0.035543,0.002747,0.493554,-0.012152,0.011114,-0.016391,0.046590,-0.016334,-0.002004,0.013494,-0.024866,-0.040153,0.039624,0.012308,0.018147,0.003313,-0.046012
-0.327690,0.523731,0.686693,0.009027,0.153700,0.011936,0.988004,-1.014999,0.199051,-0.103537,1.065217,-0.382953,-0.261800,-1.095817,-0.416483,0.128313,1.043257,-0.270198,0.261800,0.042752,-0.004758,0.492022,-0.005749,0.005212,-0.010490,0.027048,-0.009348,-0.000770,0.006182,-0.022450,-0.032373,0.033165,0.010781,0.013509,0.002597,-0.039784
-0.331929,0.522597,0.681462,0.005132,0.157516,0.007402,0.987475,-1.038293,0.213066,-0.112989,1.080364,-0.391834,-0.261800,-1.112793,-0.401461,0.126551,1.044689,-0.269616,0.261800,0.049211,-0.012597,0.493191,-0.002277,0.000703,-0.004803,0.010905,-0.003215,0.000125,0.002349,-0.023207,-0.026044,0.029200,0.009616,0.009065,0.001696,-0.037099
-0.336009,0.521501,0.675912,0.000986,0.160939,0.002390,0.986961,-1.061754,0.228007,-0.123110,1.098345,-0.402708,-0.261800,-1.129881,-0.385442,0.125254,1.048227,-0.270362,0.261800,0.057313,-0.020802,0.494166,-0.002337,-0.000046,-0.000916,0.001394,-0.000290,-0.000392,0.001273,-0.025046,-0.021121,0.027574,0.007572,0.006038,0.001230,-0.039182
-0.337642,0.520185,0.676031,-0.005181,0.160291,-0.002717,0.987053,-1.063137,0.246212,-0.133151,1.097927,-0.402596,-0.261800,-1.119380,-0.363108,0.117421,1.032956,-0.259966,0.261800,0.062690,-0.028664,0.482158,0.002389,0.000047,0.000937,-0.001426,0.000296,0.000401,-0.001301,-0.019368,-0.018848,0.027217,0.010681,0.005240,0.002331,-0.034749
-0.339208,0.518987,0.676709,-0.011629,0.158118,-0.007925,0.987320,-1.059504,0.265045,-0.142965,1.095008,-0.401939,-0.261800,-1.103557,-0.340517,0.109058,1.014768,-0.248896,0.261800,0.068036,-0.035407,0.472289,0.004071,0.003596,0.002168,0.003900,-0.002621,0.000073,-0.000037,-0.014797,-0.019065,0.029375,0.014486,0.004987,0.003134,-0.033643
-0.340732,0.517914,0.677559,-0.018223,0.155324,-0.013175,0.987608,-1.054222,0.284221,-0.152781,1.091649,-0.401389,-0.261800,-1.086270,-0.317602,0.101143,0.996205,-0.237895,0.261800,0.073295,-0.041535,0.463605,0.002248,0.011111,0.003650,0.017807,-0.009252,-0.001474,0.004866,-0.011929,-0.021456,0.033828,0.019029,0.005356,0.003944,-0.036290
-0.336910,0.519622,0.683007,-0.025286,0.152187,-0.025267,0.987705,-1.028396,0.312800,-0.151861,1.078482,-0.400321,-0.261800,-1.046412,-0.290800,0.086714,0.944119,-0.220779,0.261800,0.070318,-0.042133,0.439667,-0.001785,0.018253,-0.006304,0.033856,-0.014621,-0.001342,0.007702,-0.011458,-0.025801,0.042491,0.027096,0.007104,0.006192,-0.034283
-0.333053,0.521514,0.689080,-0.033072,0.147982,-0.037915,0.987709,-0.998371,0.343069,-0.149915,1.063933,-0.399355,-0.261800,-1.002225,-0.261697,0.073324,0.888406,-0.202433,0.261800,0.068246,-0.040033,0.417421,-0.006844,0.027428,-0.015243,0.055970,-0.022815,-0.001768,0.012704,-0.011045,-0.033154,0.052537,0.036483,0.009378,0.008181,-0.033926
-0.329308,0.523515,0.695323,-0.041324,0.143349,-0.050612,0.987513,-0.966671,0.373871,-0.147352,1.049613,-0.398904,-0.261800,-0.956833,-0.231283,0.061673,0.832292,-0.184263,0.261800,0.066114,-0.036289,0.396224,-0.012528,0.038501,-0.022859,0.082426,-0.033309,-0.002740,0.019561,-0.010639,-0.042191,0.063994,0.046386,0.012083,0.010520,-0.035936
-0.324388,0.526344,0.703737,-0.049935,0.137821,-0.061979,0.987254,-0.927621,0.405433,-0.137945,1.023598,-0.385446,-0.261800,-0.891734,-0.203723,0.050378,0.742846,-0.147627,0.261800,0.056417,-0.027287,0.370739,-0.012691,0.049917,-0.036751,0.116747,-0.044130,-0.001170,0.023418,-0.008434,-0.052498,0.078670,0.051247,0.015111,0.013580,-0.037234
-0.319443,0.529410,0.712649,-0.059503,0.131550,-0.073467,0.986791,-0.884590,0.438202,-0.127135,0.996099,-0.372077,-0.261800,-0.822300,-0.173557,0.040494,0.648916,-0.109496,0.261800,0.046562,-0.015415,0.346854,-0.012258,0.061750,-0.049039,0.153271,-0.056199,0.000158,0.027151,-0.004772,-0.064079,0.094335,0.056129,0.018283,0.017340,-0.039266
-0.316494,0.533692,0.722503,-0.076217,0.124185,-0.088450,0.985366,-0.842869,0.484995,-0.123365,0.966249,-0.354419,-0.261680,-0.733798,-0.126681,0.025353,0.514488,-0.046597,0.261800,0.052762,-0.017453,0.319048,-0.005603,0.106778,-0.060211,0.193094,-0.069355,0.000602,0.026662,0.005685,-0.032202,0.118869,0.071063,0.012472,0.023216,-0.050126
-0.308536,0.544597,0.732428,-0.080990,0.116910,-0.094184,0.985344,-0.782989,0.493023,-0.087172,0.926865,-0.347473,-0.244975,-0.647263,-0.128729,0.017900,0.394627,0.033857,0.261800,0.033312,0.001919,0.288884,-0.008588,0.105197,-0.092270,0.214888,-0.072293,0.001014,0.028516,0.004531,-0.041076,0.143190,0.102973,0.013911,0.028371,-0.052562
-0.301179,0.555242,0.742754,-0.082839,0.109689,-0.096651,0.985781,-0.721705,0.489082,-0.048862,0.884144,-0.338074,-0.225840,-0.561809,-0.138644,0.006767,0.278124,0.111681,0.261800,0.005818,0.019352,0.261768,-0.013297,0.099844,-0.123300,0.237898,-0.074619,0.002885,0.031775,0.001933,-0.053831,0.168650,0.137353,0.017166,0.032743,-0.053398
-0.294016,0.565538,0.753032,-0.083261,0.102443,-0.098093,0.986383,-0.659939,0.479948,-0.010157,0.841191,-0.328705,-0.206354,-0.479228,-0.150161,-0.007607,0.168524,0.185032,0.261800,-0.024009,0.033559,0.236025,-0.018379,0.095442,-0.154382,0.262844,-0.077117,0.005318,0.034060,-0.000655,-0.065746,0.196923,0.175297,0.020508,0.037780,-0.053745
-0.285190,0.585767,0.762475,-0.072948,0.096656,-0.096075,0.987981,-0.589429,0.427238,0.047586,0.781489,-0.318744,-0.167097,-0.423670,-0.176137,-0.006832,0.151897,0.169865,0.261800,-0.052604,0.044772,0.215035,-0.012343,0.085636,-0.176336,0.271295,-0.073662,0.006180,0.037970,-0.002518,-0.098347,0.223326,0.177547,0.021057,0.039279,-0.055864
-0.276282,0.605612,0.772282,-0.060062,0.091445,-0.093558,0.989584,-0.517846,0.365069,0.102774,0.709767,-0.302738,-0.127890,-0.376402,-0.207679,-0.006443,0.148687,0.147733,0.261800,-0.082077,0.051693,0.192433,-0.006259,0.075228,-0.200988,0.281440,-0.069458,0.008939,0.041780,-0.003170,-0.135218,0.255058,0.180141,0.022475,0.044689,-0.057576
-0.267236,0.625347,0.782220,-0.046533,0.086192,-0.091689,0.990959,-0.444902,0.298100,0.152925,0.627865,-0.282049,-0.089578,-0.331180,-0.240154,-0.006951,0.148479,0.124254,0.261800,-0.108956,0.057684,0.169302,-0.001172,0.063913,-0.229838,0.295749,-0.065009,0.012592,0.044296,-0.003711,-0.175743,0.292032,0.187452,0.024752,0.051528,-0.058562
-0.261251,0.637389,0.789196,-0.038817,0.083059,-0.095186,0.991229,-0.388679,0.260185,0.193280,0.553076,-0.245394,-0.068016,-0.291252,-0.241733,-0.022215,0.156117,0.075053,0.261800,-0.118053,0.063311,0.153840,0.000862,0.067970,-0.251603,0.306297,-0.065811,0.015088,0.045631,-0.007119,-0.205951,0.331007,0.197624,0.030338,0.058200,-0.064309
-0.255790,0.647174,0.796574,-0.035140,0.080398,-0.100262,0.991085,-0.334410,0.233681,0.227111,0.477064,-0.206889,-0.051845,-0.253120,-0.228469,-0.040334,0.165031,0.025563,0.255273,-0.122154,0.073231,0.139054,0.003000,0.075263,-0.277026,0.319958,-0.066187,0.018245,0.045064,-0.009777,-0.232633,0.371258,0.212293,0.035713,0.065185,-0.069312
-0.251205,0.653440,0.804448,-0.036083,0.078228,-0.106750,0.990547,-0.282844,0.222218,0.254835,0.402471,-0.167041,-0.043358,-0.215996,-0.197002,-0.061205,0.173551,-0.023620,0.239509,-0.121596,0.087156,0.125211,0.005560,0.086781,-0.303991,0.335863,-0.065604,0.021549,0.042105,-0.011010,-0.251338,0.408056,0.229661,0.040185,0.071567,-0.072936
-0.248552,0.658149,0.808164,-0.036315,0.077131,-0.114693,0.989736,-0.245968,0.205857,0.246932,0.343599,-0.141341,-0.039119,-0.211390,-0.184660,-0.073403,0.193150,-0.044388,0.226653,-0.118165,0.101052,0.117986,0.007737,0.100364,-0.320863,0.335226,-0.069033,0.022456,0.041847,-0.018208,-0.262468,0.436920,0.223157,0.043010,0.077203,-0.077139
-0.245914,0.662755,0.811747,-0.036907,0.076833,-0.122633,0.988785,-0.212764,0.191539,0.237824,0.288788,-0.116977,-0.035038,-0.209449,-0.171237,-0.085434,0.214580,-0.065716,0.213898,-0.114810,0.115721,0.109022,0.011119,0.110593,-0.333063,0.332648,-0.070052,0.023653,0.039299,-0.022087,-0.265539,0.451593,0.213691,0.044455,0.080624,-0.077627
-0.243408,0.667158,0.815249,-0.037762,0.076649,-0.130522,0.987757,-0.181367,0.178851,0.227993,0.237534,-0.094318,-0.030914,-0.208310,-0.157080,-0.097455,0.237237,-0.087661,0.200691,-0.111357,0.130768,0.099842,0.015211,0.116713,-0.337985,0.326594,-0.068223,0.024619,0.033877,-0.022459,-0.258697,0.448898,0.200523,0.044304,0.080700,-0.073836
-0.243641,0.673230,0.815850,-0.031946,0.077123,-0.139272,0.986729,-0.171882,0.198075,0.251954,0.249995,-0.104798,-0.049018,-0.224302,-0.165970,-0.084296,0.259385,-0.098405,0.208713,-0.109143,0.132444,0.098010,0.012064,0.111161,-0.324172,0.265588,-0.069680,0.021511,0.036472,-0.029835,-0.244560,0.423944,0.151100,0.042743,0.076177,-0.071773
-0.243876,0.679159,0.816502,-0.026002,0.078061,-0.148104,0.985543,-0.165015,0.217735,0.276072,0.265088,-0.116665,-0.066512,-0.242345,-0.174506,-0.070727,0.282636,-0.109530,0.216575,-0.106467,0.134220,0.095107,0.010183,0.102567,-0.302995,0.197358,-0.068538,0.019804,0.037051,-0.033745,-0.223286,0.386102,0.096778,0.040236,0.070233,-0.066512
-0.244072,0.685125,0.817108,-0.019749,0.078921,-0.156821,0.984271,-0.158512,0.236831,0.300235,0.280393,-0.128449,-0.083521,-0.260669,-0.183394,-0.056977,0.306024,-0.120804,0.224442,-0.103817,0.135470,0.091826,0.009388,0.091697,-0.276984,0.124704,-0.065516,0.017969,0.035587,-0.034784,-0.197766,0.341603,0.039655,0.037170,0.062864,-0.059283
-0.244938,0.693191,0.813743,-0.012283,0.080365,-0.166233,0.982729,-0.152127,0.265991,0.297177,0.293941,-0.132665,-0.068164,-0.286262,-0.200652,-0.031228,0.321655,-0.124867,0.237292,-0.101318,0.134878,0.090831,0.011423,0.086212,-0.250104,0.080193,-0.057459,0.017083,0.034673,-0.040275,-0.175373,0.298811,0.005885,0.030557,0.056061,-0.051557
-0.245809,0.701053,0.810469,-0.004975,0.081822,-0.175689,0.981027,-0.147023,0.296205,0.293909,0.308777,-0.137322,-0.053100,-0.311909,-0.216604,-0.005150,0.336598,-0.128737,0.249799,-0.098587,0.134566,0.089742,0.014759,0.081351,-0.224957,0.033723,-0.049749,0.016066,0.032450,-0.045769,-0.155004,0.261310,-0.028602,0.024568,0.049477,-0.043864
-0.246558,0.708648,0.807131,0.002121,0.083154,-0.185167,0.979180,-0.142312,0.327443,0.290455,0.323916,-0.141985,-0.038416,-0.336961,-0.231133,0.021003,0.350602,-0.132425,0.261800,-0.095614,0.134503,0.088599,0.019830,0.078348,-0.204442,-0.014986,-0.042950,0.015395,0.029658,-0.051391,-0.138899,0.232224,-0.065123,0.019364,0.044146,-0.036849
-0.248826,0.715699,0.801908,0.001268,0.086476,-0.196396,0.976703,-0.141525,0.377879,0.286704,0.325786,-0.129419,-0.043005,-0.368575,-0.227880,0.032661,0.361967,-0.119153,0.261800,-0.091331,0.136588,0.090415,0.007611,0.074189,-0.183770,-0.036490,-0.036636,0.014812,0.031585,-0.060909,-0.122097,0.207882,-0.061544,0.015478,0.042636,-0.033991
-0.250789,0.722727,0.796116,0.000528,0.088180,-0.207837,0.974181,-0.144067,0.429580,0.280587,0.343302,-0.126393,-0.047772,-0.404433,-0.224901,0.047105,0.390458,-0.116269,0.261800,-0.082380,0.137182,0.103008,-0.010426,0.076910,-0.169714,-0.065947,-0.033814,0.012258,0.032500,-0.077255,-0.116044,0.182796,-0.064052,0.016633,0.040727,-0.031357
-0.253484,0.730189,0.790560,-0.000449,0.091461,-0.218925,0.971445,-0.143474,0.479983,0.275832,0.343414,-0.112042,-0.052287,-0.436889,-0.220873,0.058419,0.403320,-0.103157,0.261800,-0.077870,0.139916,0.106114,-0.022781,0.076408,-0.160859,-0.095986,-0.029344,0.011826,0.035096,-0.092598,-0.110235,0.174237,-0.067690,0.014556,0.041074,-0.029808
-0.255410,0.739012,0.785374,-0.003799,0.094987,-0.227657,0.969090,-0.142046,0.502630,0.254499,0.327576,-0.110163,-0.084445,-0.457201,-0.214672,0.065424,0.395973,-0.082372,0.261800,-0.077325,0.146827,0.111819,-0.026868,0.077853,-0.158133,-0.088085,-0.024696,0.012624,0.038882,-0.089252,-0.107483,0.178557,-0.057848,0.010492,0.043047,-0.031387
-0.257641,0.748135,0.779954,-0.007497,0.098642,-0.236802,0.966508,-0.143278,0.527333,0.232649,0.317364,-0.111361,-0.116766,-0.480047,-0.207130,0.073085,0.392580,-0.063128,0.261800,-0.074784,0.154617,0.120372,-0.036161,0.082193,-0.160373,-0.086009,-0.021382,0.012812,0.044313,-0.093257,-0.108989,0.187352,-0.050727,0.007686,0.045772,-0.033887
-0.260515,0.757583,0.774056,-0.010855,0.102747,-0.246394,0.963647,-0.150762,0.553174,0.208984,0.316255,-0.116769,-0.149157,-0.509994,-0.198829,0.082621,0.398685,-0.047426,0.261800,-0.069190,0.162722,0.133592,-0.055584,0.089736,-0.168013,-0.089594,-0.020244,0.013547,0.052542,-0.108921,-0.116819,0.199106,-0.045405,0.007975,0.049440,-0.037474
-0.263458,0.765739,0.769395,-0.018355,0.106318,-0.249916,0.962238,-0.154377,0.584737,0.198714,0.316262,-0.133553,-0.209930,-0.520419,-0.187237,0.075256,0.386841,-0.026974,0.261800,-0.067347,0.169539,0.137668,-0.054292,0.098992,-0.181441,-0.040980,-0.027270,0.013919,0.059848,-0.110479,-0.123611,0.210787,-0.025166,0.011117,0.053880,-0.049486
-0.267792,0.775834,0.765800,-0.021790,0.109791,-0.251876,0.961265,-0.163078,0.602217,0.188883,0.311975,-0.144871,-0.261794,-0.531722,-0.185786,0.069683,0.365843,0.001453,0.261800,-0.068258,0.170318,0.141918,-0.060933,0.110935,-0.202096,0.008705,-0.035501,0.012194,0.069439,-0.120216,-0.136997,0.229805,-0.004790,0.014590,0.059918,-0.064122
-0.279486,0.796028,0.766962,-0.000014,0.112377,-0.243983,0.963247,-0.203594,0.533254,0.175063,0.291915,-0.131837,-0.261800,-0.556280,-0.246186,0.078038,0.310184,0.065268,0.261800,-0.089679,0.131729,0.149214,-0.090905,0.122187,-0.228734,0.058903,-0.045415,0.011231,0.082254,-0.151897,-0.165319,0.251727,0.016773,0.019655,0.068496,-0.081477
-0.284801,0.804355,0.767067,0.005296,0.111953,-0.238765,0.964588,-0.228473,0.500789,0.153970,0.311606,-0.152047,-0.261800,-0.566279,-0.270106,0.061975,0.298163,0.100507,0.261800,-0.094564,0.115529,0.156669,-0.105140,0.138199,-0.270119,0.092065,-0.057362,0.008422,0.096162,-0.166956,-0.189295,0.277664,0.043191,0.028883,0.077759,-0.107138
-0.289354,0.813117,0.767098,0.010323,0.110901,-0.233776,0.965890,-0.252412,0.468298,0.133925,0.336102,-0.175938,-0.261800,-0.575131,-0.294424,0.046391,0.287718,0.133942,0.261800,-0.098184,0.101002,0.163774,-0.120623,0.157035,-0.319765,0.126336,-0.070279,0.006828,0.113624,-0.184350,-0.220160,0.309720,0.071229,0.038817,0.088817,-0.136112
-0.293480,0.822213,0.766815,0.014891,0.109314,-0.229022,0.967149,-0.276679,0.436280,0.114414,0.366563,-0.203678,-0.261800,-0.583477,-0.318615,0.030960,0.279165,0.165897,0.261800,-0.099984,0.089965,0.171078,-0.139348,0.173941,-0.375441,0.167106,-0.083781,0.003614,0.133932,-0.203271,-0.258342,0.344967,0.101688,0.051088,0.099972,-0.168095
-0.295927,0.831113,0.766684,0.019760,0.108834,-0.225170,0.968020,-0.293886,0.407003,0.108617,0.379463,-0.208499,-0.261800,-0.591626,-0.343753,0.015314,0.266886,0.203641,0.261800,-0.097796,0.078033,0.177480,-0.146292,0.204120,-0.418602,0.201280,-0.101397,0.004021,0.155125,-0.223371,-0.288370,0.391167,0.104800,0.061048,0.108450,-0.190726
-0.298139,0.840267,0.766357,0.024324,0.107928,-0.221468,0.968871,-0.310647,0.378145,0.103614,0.394474,-0.214800,-0.261800,-0.599522,-0.368986,-0.000720,0.256131,0.240555,0.261800,-0.095693,0.067491,0.183942,-0.151808,0.231181,-0.458294,0.238027,-0.118491,0.003539,0.175912,-0.239771,-0.318173,0.433615,0.107276,0.071410,0.116746,-0.213299
-0.300355,0.849765,0.765849,0.028674,0.106927,-0.217903,0.969671,-0.327499,0.349654,0.099476,0.410700,-0.221885,-0.261800,-0.607563,-0.394313,-0.017222,0.245914,0.277331,0.261800,-0.093451,0.057798,0.190421,-0.155620,0.254222,-0.491212,0.276028,-0.134339,0.002574,0.194765,-0.252037,-0.344021,0.468539,0.110413,0.081296,0.123515,-0.234329
-0.288654,0.854869,0.766870,0.022741,0.102436,-0.210767,0.971888,-0.311629,0.344370,0.088558,0.417425,-0.235702,-0.261800,-0.586393,-0.378600,0.018013,0.258335,0.233664,0.261800,-0.093351,0.073374,0.193069,-0.143042,0.271509,-0.527006,0.281734,-0.143701,-0.001727,0.204526,-0.240471,-0.382448,0.507094,0.108387,0.088547,0.129193,-0.241891
-0.277367,0.860706,0.767952,0.017831,0.097234,-0.203674,0.974035,-0.293269,0.336740,0.079227,0.420330,-0.246945,-0.261800,-0.564828,-0.365664,0.053679,0.269700,0.189458,0.261800,-0.094480,0.084495,0.197905,-0.127451,0.288178,-0.552349,0.281269,-0.151444,-0.001825,0.211644,-0.227423,-0.410475,0.535570,0.108558,0.093388,0.133856,-0.246327
-0.266450,0.867395,0.768689,0.013536,0.091439,-0.196744,0.976088,-0.275602,0.327840,0.070342,0.425444,-0.258717,-0.261800,-0.543682,-0.354903,0.089582,0.281369,0.144287,0.261800,-0.096008,0.094529,0.203238,-0.108660,0.300501,-0.569136,0.278988,-0.157523,-0.001929,0.216292,-0.209777,-0.433171,0.555617,0.108578,0.097290,0.136081,-0.247837
-0.264589,0.867459,0.770827,0.005256,0.091208,-0.189982,0.977528,-0.270702,0.336845,0.053851,0.409790,-0.249733,-0.261800,-0.550908,-0.307480,0.095358,0.288065,0.108465,0.261800,-0.090021,0.106962,0.207519,-0.096562,0.321846,-0.563142,0.313110,-0.165741,0.000475,0.222744,-0.210560,-0.444470,0.562935,0.148941,0.102048,0.138929,-0.251868
-0.261616,0.867084,0.772781,-0.002744,0.090835,-0.182943,0.978914,-0.264836,0.345376,0.037332,0.395258,-0.242954,-0.261800,-0.557636,-0.260992,0.101263,0.296429,0.070477,0.261800,-0.084986,0.119197,0.210874,-0.082826,0.340162,-0.551910,0.347787,-0.173236,0.001928,0.227154,-0.209193,-0.452451,0.566132,0.190719,0.106626,0.139445,-0.253866
-0.257639,0.866481,0.774688,-0.010315,0.090455,-0.175610,0.980241,-0.257384,0.353159,0.021290,0.379770,-0.237179,-0.261800,-0.562642,-0.215749,0.107053,0.303115,0.032158,0.261800,-0.080552,0.129425,0.212924,-0.066951,0.358459,-0.537435,0.380864,-0.180076,0.004134,0.230719,-0.204673,-0.456874,0.566168,0.230571,0.110063,0.140603,-0.254961
-0.257861,0.862826,0.774800,-0.014519,0.090410,-0.171207,0.980971,-0.257587,0.364394,0.010925,0.373015,-0.230045,-0.261800,-0.582522,-0.181842,0.095766,0.321217,0.014913,0.261800,-0.074224,0.135284,0.218793,-0.051021,0.367971,-0.526555,0.404256,-0.186987,0.004554,0.231566,-0.208760,-0.461693,0.562503,0.239639,0.111913,0.139840,-0.256860
-0.258429,0.858839,0.774845,-0.017902,0.091019,-0.166693,0.981636,-0.258897,0.374528,0.001068,0.363727,-0.220741,-0.261800,-0.602248,-0.149489,0.083856,0.333363,0.001388,0.261800,-0.067440,0.136657,0.222918,-0.034570,0.380718,-0.514456,0.425703,-0.193439,0.006487,0.232530,-0.211071,-0.462086,0.557170,0.245793,0.112026,0.141330,-0.259561
-0.258707,0.854671,0.774603,-0.020877,0.091400,-0.162232,0.982289,-0.261041,0.383963,-0.008927,0.357894,-0.213872,-0.261800,-0.624421,-0.117753,0.072261,0.350955,-0.015358,0.261800,-0.060460,0.139079,0.226989,-0.018001,0.391321,-0.501857,0.447337,-0.200155,0.008035,0.232896,-0.212999,-0.464924,0.551168,0.251518,0.113030,0.142805,-0.261397
-0.252143,0.857758,0.772873,-0.020595,0.090247,-0.157830,0.983118,-0.263906,0.375091,-0.021825,0.378251,-0.233505,-0.261800,-0.633429,-0.121736,0.083338,0.394816,-0.035168,0.261800,-0.057792,0.146640,0.223779,-0.013654,0.404761,-0.469038,0.466919,-0.207881,0.006055,0.240535,-0.238392,-0.485412,0.527005,0.236363,0.117139,0.140249,-0.265173
-0.246583,0.861153,0.771359,-0.020024,0.088302,-0.153256,0.984030,-0.265729,0.365232,-0.034825,0.397207,-0.250951,-0.261800,-0.639834,-0.126389,0.095126,0.434006,-0.051389,0.261800,-0.056218,0.150253,0.224243,-0.011078,0.421414,-0.434366,0.486398,-0.215537,0.004634,0.248081,-0.265537,-0.502337,0.502973,0.219597,0.120198,0.139428,-0.269733
-0.241572,0.864655,0.769807,-0.019334,0.085882,-0.148712,0.984954,-0.267689,0.354973,-0.047856,0.417153,-0.268164,-0.261800,-0.645824,-0.131006,0.107772,0.472644,-0.066684,0.261800,-0.054997,0.153067,0.226058,-0.008425,0.438675,-0.399052,0.505729,-0.223380,0.003248,0.255372,-0.293261,-0.518758,0.479434,0.202694,0.122940,0.138862,-0.274258
-0.237668,0.865970,0.767868,-0.014672,0.083767,-0.145953,0.985630,-0.264332,0.340772,-0.052011,0.426563,-0.277943,-0.261800,-0.643928,-0.145056,0.114219,0.489218,-0.071508,0.261800,-0.045573,0.143597,0.211726,-0.030791,0.473051,-0.371085,0.513627,-0.224681,0.002139,0.260583,-0.356815,-0.544529,0.462907,0.191291,0.115800,0.141243,-0.274707
-0.234365,0.867376,0.765657,-0.009345,0.081167,-0.143007,0.986344,-0.262864,0.324699,-0.056859,0.439958,-0.288797,-0.261800,-0.645303,-0.159886,0.122622,0.512414,-0.079011,0.261800,-0.036850,0.134543,0.203098,-0.059183,0.506156,-0.342618,0.523860,-0.226914,0.001076,0.264914,-0.428745,-0.573571,0.447486,0.183597,0.111046,0.143443,-0.273182
-0.231276,0.868772,0.763323,-0.003779,0.078262,-0.139767,0.987080,-0.261856,0.307841,-0.062269,0.454772,-0.300029,-0.261800,-0.647611,-0.175105,0.131968,0.538523,-0.087989,0.261800,-0.028948,0.125892,0.196048,-0.088272,0.538922,-0.314463,0.534975,-0.229329,-0.000179,0.268971,-0.502871,-0.604065,0.434537,0.177039,0.106945,0.145147,-0.271213
-0.225774,0.870019,0.762789,0.002642,0.076251,-0.136849,0.987649,-0.252679,0.288856,-0.062117,0.456074,-0.298263,-0.261800,-0.647766,-0.190873,0.136181,0.553340,-0.095225,0.261800,-0.013660,0.108547,0.179964,-0.114185,0.570255,-0.282439,0.541248,-0.235977,-0.002478,0.275402,-0.571077,-0.663251,0.438198,0.161311,0.106149,0.145407,-0.259392
-0.220006,0.870697,0.762221,0.008402,0.074313,-0.133891,0.988170,-0.242896,0.272649,-0.062897,0.456868,-0.296255,-0.261800,-0.648315,-0.205055,0.139696,0.571203,-0.104750,0.261800,0.002364,0.093461,0.163052,-0.138501,0.601318,-0.251885,0.546785,-0.242793,-0.004409,0.282017,-0.639217,-0.723675,0.446052,0.144484,0.106604,0.145596,-0.247258
-0.215266,0.871535,0.762473,0.015274,0.073511,-0.129521,0.988730,-0.228073,0.253636,-0.063125,0.435491,-0.279455,-0.261800,-0.643524,-0.223573,0.140985,0.570564,-0.103069,0.261800,0.010991,0.081582,0.136387,-0.156664,0.624314,-0.221814,0.557716,-0.248682,-0.006490,0.289329,-0.709096,-0.781539,0.471066,0.129478,0.105508,0.145939,-0.235497
-0.215562,0.857088,0.764172,0.002731,0.072453,-0.123872,0.989646,-0.213806,0.309965,-0.060877,0.406127,-0.238878,-0.261677,-0.627396,-0.188530,0.102970,0.580699,-0.101902,0.234992,0.034369,0.079015,0.119581,-0.195511,0.688207,-0.217706,0.548575,-0.251759,-0.008695,0.298161,-0.728793,-0.812677,0.492079,0.175743,0.112687,0.145353,-0.235528
-0.213725,0.851593,0.768468,0.000314,0.070849,-0.115198,0.990813,-0.196589,0.322078,-0.046208,0.367319,-0.191255,-0.228538,-0.602388,-0.186411,0.079649,0.563175,-0.086946,0.218308,0.051662,0.070340,0.102997,-0.239774,0.734575,-0.218886,0.540113,-0.254207,-0.010179,0.310063,-0.749988,-0.858276,0.516987,0.221001,0.118905,0.141717,-0.232925
-0.211915,0.846376,0.772905,-0.001530,0.068850,-0.106197,0.991957,-0.178555,0.332467,-0.029772,0.327866,-0.143443,-0.194699,-0.576617,-0.185932,0.056819,0.545764,-0.072353,0.202320,0.068117,0.060890,0.087616,-0.286534,0.779658,-0.222372,0.532109,-0.256262,-0.011617,0.322340,-0.773299,-0.904259,0.543304,0.265870,0.125027,0.137878,-0.229847
-0.212049,0.838362,0.779670,-0.003710,0.065076,-0.095294,0.993313,-0.172926,0.329783,-0.020697,0.327466,-0.134706,-0.179435,-0.529190,-0.183712,0.033632,0.493644,-0.050779,0.191824,0.071379,0.050681,0.079793,-0.304116,0.814382,-0.233416,0.557421,-0.257537,-0.010586,0.322522,-0.752604,-0.937161,0.583018,0.332254,0.121152,0.135956,-0.211156
-0.211991,0.830303,0.786529,-0.006353,0.061404,-0.084452,0.994514,-0.167933,0.328527,-0.011887,0.328104,-0.126623,-0.164540,-0.480506,-0.179249,0.009616,0.439608,-0.028654,0.181775,0.074280,0.041605,0.071010,-0.320951,0.849064,-0.244653,0.582796,-0.258657,-0.010400,0.322240,-0.730332,-0.968777,0.621429,0.397891,0.115314,0.133480,-0.192184
-0.211849,0.822269,0.793254,-0.008862,0.057661,-0.073482,0.995589,-0.163182,0.327194,-0.003237,0.329074,-0.118624,-0.149764,-0.431507,-0.173864,-0.014413,0.385588,-0.006924,0.172356,0.076674,0.032424,0.062234,-0.338330,0.883755,-0.256613,0.608073,-0.259727,-0.010250,0.321852,-0.707299,-0.999411,0.658009,0.462671,0.108339,0.130744,-0.173133
-0.211686,0.814161,0.797964,-0.017100,0.051817,-0.049203,0.997297,-0.167223,0.310139,0.013693,0.351612,-0.140592,-0.119360,-0.381816,-0.143094,0.036667,0.352663,0.012918,0.181756,0.050249,0.030290,0.064115,-0.318688,0.880834,-0.245031,0.622858,-0.264060,-0.014271,0.322937,-0.611674,-1.000564,0.655892,0.524010,0.104824,0.131445,-0.161389
-0.211080,0.806228,0.802547,-0.024398,0.046105,-0.024734,0.998332,-0.172545,0.291138,0.030177,0.376126,-0.163655,-0.088521,-0.333333,-0.115405,0.089314,0.322915,0.031138,0.190949,0.024621,0.024915,0.064776,-0.297300,0.879385,-0.233840,0.634105,-0.267762,-0.017339,0.324657,-0.508541,-0.997149,0.644486,0.579796,0.098070,0.131297,-0.149469
-0.210392,0.798353,0.806902,-0.030878,0.040553,-0.000096,0.998700,-0.178999,0.270343,0.046321,0.401446,-0.186746,-0.057184,-0.285632,-0.090579,0.143159,0.294798,0.048959,0.199874,-0.000721,0.017883,0.064799,-0.276609,0.878144,-0.223388,0.644956,-0.271539,-0.020054,0.326450,-0.403979,-0.987515,0.627213,0.630813,0.089699,0.130481,-0.137044
-0.211483,0.794513,0.809837,-0.055435,0.036429,0.024602,0.997494,-0.175364,0.275084,0.056396,0.401813,-0.204214,-0.020954,-0.311759,-0.048995,0.171084,0.385791,0.059679,0.236730,-0.025331,0.031560,0.081494,-0.244743,0.865135,-0.213154,0.629072,-0.269841,-0.024769,0.327109,-0.292482,-0.957810,0.611339,0.606066,0.080954,0.120040,-0.124984
-0.210752,0.785348,0.812913,-0.085293,0.032192,0.048315,0.994663,-0.173258,0.301208,0.059982,0.402010,-0.221511,0.003746,-0.343319,0.015362,0.185482,0.489245,0.063025,0.261800,-0.047309,0.047818,0.094682,-0.208317,0.861489,-0.202786,0.609015,-0.267749,-0.028261,0.326855,-0.179519,-0.909004,0.588223,0.567325,0.070166,0.111856,-0.112538
-0.205151,0.766242,0.816510,-0.122062,0.025139,0.071279,0.989640,-0.166090,0.360852,0.054078,0.399368,-0.238072,0.007703,-0.373915,0.109323,0.170399,0.600594,0.061412,0.261800,-0.065405,0.062534,0.105503,-0.167206,0.876297,-0.195445,0.588246,-0.266730,-0.032065,0.323886,-0.065956,-0.829302,0.561245,0.515817,0.056205,0.103030,-0.099104
-0.206082,0.760631,0.819769,-0.146142,0.022558,0.088935,0.985000,-0.188499,0.393968,0.053143,0.426647,-0.256944,0.013210,-0.463211,0.093829,0.143238,0.755846,0.016517,0.261800,-0.086907,0.079731,0.146933,-0.154914,0.848924,-0.193854,0.582440,-0.264872,-0.033309,0.329436,-0.031602,-0.735317,0.501779,0.476136,0.055770,0.095741,-0.089079
-0.208754,0.753925,0.822052,-0.168908,0.022064,0.108125,0.979435,-0.218371,0.422204,0.047156,0.446745,-0.267215,0.019023,-0.560502,0.070641,0.115281,0.910559,-0.024315,0.261800,-0.112922,0.091209,0.178152,-0.142027,0.826693,-0.195234,0.579435,-0.263997,-0.034157,0.332502,-0.000880,-0.624262,0.440620,0.427002,0.050787,0.084840,-0.078906
-0.211372,0.747705,0.823971,-0.190614,0.022543,0.127453,0.973095,-0.252374,0.446098,0.039961,0.467350,-0.277100,0.026538,-0.659047,0.041293,0.091709,1.062805,-0.063865,0.261800,-0.141163,0.099928,0.205688,-0.129122,0.805359,-0.197044,0.577188,-0.263736,-0.035251,0.335090,0.023959,-0.505091,0.375786,0.368289,0.043028,0.071949,-0.066433
-0.213891,0.742448,0.824528,-0.209904,0.026787,0.144916,0.966552,-0.311402,0.466999,-0.000115,0.488720,-0.277954,0.024730,-0.716155,0.000688,0.103070,1.190110,-0.093537,0.261800,-0.154956,0.116299,0.229709,-0.121652,0.776909,-0.198896,0.573624,-0.264449,-0.036580,0.338753,0.036462,-0.382426,0.298728,0.308870,0.042468,0.058576,-0.058587
-0.216536,0.737425,0.824884,-0.229951,0.029974,0.161585,0.959226,-0.370279,0.488650,-0.041534,0.510693,-0.279440,0.022907,-0.771079,-0.036590,0.116908,1.311901,-0.120421,0.261800,-0.167259,0.135112,0.255248,-0.117448,0.746766,-0.202966,0.570936,-0.265057,-0.037501,0.342921,0.047148,-0.265075,0.222377,0.249624,0.041898,0.045015,-0.050035
-0.219133,0.732399,0.824891,-0.250090,0.032167,0.177447,0.951280,-0.428537,0.509954,-0.083653,0.533031,-0.281551,0.021095,-0.825176,-0.070983,0.133548,1.430901,-0.146011,0.261800,-0.178930,0.154283,0.281752,-0.114852,0.715969,-0.207915,0.568907,-0.265731,-0.038386,0.347164,0.057940,-0.158037,0.151936,0.195042,0.041752,0.032798,-0.041579
-0.224599,0.733927,0.824020,-0.269817,0.039205,0.185136,0.944133,-0.489477,0.525493,-0.123332,0.544921,-0.274057,0.031519,-0.820759,-0.143981,0.191534,1.450373,-0.150673,0.258438,-0.179833,0.177238,0.292164,-0.122554,0.690645,-0.210346,0.586681,-0.270223,-0.036281,0.348826,0.045422,-0.103779,0.099805,0.138380,0.032329,0.020562,-0.032495
-0.227712,0.730675,0.825176,-0.292226,0.043458,0.192011,0.935867,-0.541381,0.556748,-0.167439,0.539411,-0.256813,0.031714,-0.816085,-0.210877,0.225961,1.469809,-0.155895,0.232721,-0.179168,0.200545,0.306157,-0.131343,0.670343,-0.212425,0.609900,-0.275342,-0.036136,0.348345,0.036538,-0.058543,0.060779,0.093470,0.025838,0.011633,-0.025416
-0.230528,0.727331,0.826460,-0.314557,0.046542,0.199084,0.926959,-0.590422,0.588182,-0.213233,0.529571,-0.238171,0.031311,-0.811649,-0.278420,0.257357,1.486605,-0.160574,0.204238,-0.179029,0.223247,0.322353,-0.140711,0.651045,-0.214549,0.634197,-0.280797,-0.036817,0.347053,0.031983,-0.025345,0.032859,0.062761,0.022412,0.005531,-0.022120
-0.230403,0.724007,0.827715,-0.329569,0.054045,0.210238,0.918838,-0.632479,0.603107,-0.254499,0.500128,-0.207028,0.030142,-0.770524,-0.364977,0.272467,1.431630,-0.157771,0.157964,-0.164241,0.236086,0.327278,-0.153523,0.627965,-0.231258,0.642320,-0.280707,-0.039593,0.346281,0.019515,-0.014069,0.029966,0.058035,0.022422,0.003451,-0.019433
-0.229991,0.721158,0.829693,-0.342906,0.061228,0.223842,0.910253,-0.667955,0.612359,-0.294868,0.462216,-0.171830,0.030220,-0.722568,-0.458559,0.281536,1.368774,-0.154412,0.112991,-0.154333,0.245552,0.334204,-0.165209,0.604515,-0.249031,0.648706,-0.280009,-0.041087,0.347214,0.010121,-0.009298,0.035820,0.069015,0.026962,0.001971,-0.019638
-0.229074,0.718036,0.831767,-0.354960,0.068610,0.238974,0.901214,-0.700991,0.618047,-0.335452,0.420378,-0.134612,0.030154,-0.670670,-0.556535,0.283574,1.302322,-0.151799,0.068907,-0.148343,0.251934,0.342516,-0.176007,0.581891,-0.266406,0.654554,-0.279253,-0.042197,0.348446,0.003359,-0.008439,0.048757,0.090981,0.034821,0.001109,-0.022861
-0.231765,0.712287,0.832787,-0.359314,0.081575,0.246993,0.896233,-0.714100,0.614648,-0.344408,0.343860,-0.079037,0.029606,-0.566296,-0.658119,0.254021,1.133732,-0.109912,0.042947,-0.140576,0.235462,0.325586,-0.183445,0.577404,-0.282634,0.666795,-0.277485,-0.042637,0.348293,0.008345,-0.035299,0.070174,0.102686,0.028443,-0.000441,-0.024908
-0.230578,0.706527,0.834104,-0.361658,0.093318,0.250714,0.893106,-0.719932,0.618887,-0.343507,0.278694,-0.037219,0.025693,-0.448926,-0.755811,0.212026,0.965100,-0.076524,0.019312,-0.122787,0.210245,0.311482,-0.192176,0.580085,-0.296267,0.676307,-0.278271,-0.042451,0.345201,0.013334,-0.063917,0.092239,0.108487,0.024822,0.001991,-0.023938
-0.229638,0.699014,0.835480,-0.364606,0.103362,0.249997,0.891000,-0.725538,0.632716,-0.338913,0.217526,0.002922,0.018582,-0.328848,-0.842981,0.160891,0.799216,-0.043804,-0.002035,-0.095461,0.182952,0.299479,-0.202361,0.586149,-0.309613,0.685550,-0.279803,-0.041860,0.341191,0.016669,-0.089695,0.115748,0.113949,0.021978,0.005237,-0.023624
-0.227947,0.694031,0.836797,-0.365049,0.109531,0.244528,0.891598,-0.717401,0.649238,-0.314571,0.174186,0.036400,0.008665,-0.237457,-0.875789,0.122728,0.661363,-0.021369,-0.014984,-0.069303,0.161918,0.290119,-0.205599,0.591879,-0.315607,0.694518,-0.283387,-0.040904,0.337948,0.024145,-0.100150,0.119438,0.142058,0.031057,0.010440,-0.025922
-0.226233,0.687983,0.838173,-0.367782,0.115125,0.236162,0.892026,-0.712760,0.674184,-0.291508,0.132530,0.069602,-0.004515,-0.156016,-0.899951,0.088492,0.533215,-0.003917,-0.027807,-0.036907,0.143808,0.279379,-0.208221,0.599160,-0.321390,0.702175,-0.286843,-0.039709,0.334564,0.029780,-0.107372,0.122906,0.170080,0.039619,0.013519,-0.028277
-0.224543,0.681176,0.839614,-0.371738,0.120352,0.226791,0.892128,-0.710185,0.702711,-0.270236,0.092157,0.102672,-0.019681,-0.079523,-0.919674,0.055361,0.413583,0.008485,-0.039405,-0.002204,0.127510,0.268475,-0.211270,0.607014,-0.327467,0.709651,-0.290348,-0.038282,0.331040,0.034153,-0.112582,0.125185,0.196311,0.047681,0.015648,-0.029935
-0.223338,0.677258,0.841209,-0.371856,0.121831,0.217921,0.894087,-0.702878,0.719023,-0.261943,0.080946,0.119925,-0.031981,-0.032190,-0.920168,0.041728,0.329892,0.008894,-0.042773,0.022885,0.106803,0.264877,-0.210819,0.619017,-0.329479,0.716871,-0.293415,-0.037777,0.328660,0.040717,-0.118822,0.131683,0.203598,0.049715,0.016391,-0.028614
-0.222240,0.673154,0.842586,-0.371917,0.124018,0.208875,0.895918,-0.698747,0.734166,-0.254763,0.072372,0.136078,-0.044196,0.009394,-0.921119,0.030757,0.253669,0.005172,-0.045452,0.046543,0.085289,0.260365,-0.208617,0.631769,-0.329698,0.723089,-0.296351,-0.037392,0.325986,0.047089,-0.124702,0.138225,0.207004,0.051110,0.018036,-0.027379
-0.221237,0.669190,0.843931,-0.371917,0.126529,0.199874,0.897619,-0.695310,0.748258,-0.247753,0.064105,0.152078,-0.056040,0.048502,-0.922175,0.020230,0.182149,-0.001220,-0.047611,0.069387,0.063816,0.255709,-0.205948,0.644102,-0.329394,0.728820,-0.299088,-0.036930,0.323234,0.053267,-0.130246,0.143903,0.208673,0.052289,0.019691,-0.025644
-0.220341,0.667083,0.844327,-0.371207,0.128521,0.195570,0.898577,-0.692077,0.754774,-0.237642,0.057842,0.160434,-0.061494,0.057185,-0.908468,0.016321,0.211433,0.006089,-0.045808,0.100895,0.047492,0.253590,-0.186701,0.642806,-0.319577,0.730743,-0.301381,-0.036721,0.321474,0.052419,-0.128736,0.144224,0.216223,0.052571,0.021468,-0.026501
-0.219413,0.665084,0.844675,-0.370846,0.131466,0.191061,0.899270,-0.691762,0.760754,-0.228483,0.051806,0.168992,-0.066720,0.059476,-0.894442,0.015749,0.246750,0.010355,-0.044105,0.130908,0.031663,0.249854,-0.165470,0.639746,-0.307787,0.729922,-0.302322,-0.035961,0.320035,0.050705,-0.127117,0.144205,0.223860,0.052510,0.022529,-0.026360
-0.218384,0.663268,0.845034,-0.370663,0.134766,0.186508,0.899812,-0.692326,0.766415,-0.219642,0.045806,0.177486,-0.071753,0.060201,-0.880234,0.015773,0.283623,0.013810,-0.042504,0.160148,0.015873,0.245407,-0.143187,0.634935,-0.294940,0.726532,-0.302179,-0.034936,0.318023,0.049252,-0.124891,0.143573,0.230674,0.052163,0.023378,-0.025595
-0.219522,0.665417,0.844800,-0.369696,0.133335,0.185089,0.900716,-0.681039,0.764896,-0.214669,0.042663,0.172066,-0.069034,0.033106,-0.868774,0.019481,0.348709,0.000806,-0.046491,0.165315,0.012064,0.245668,-0.129941,0.622262,-0.285617,0.728175,-0.301840,-0.034283,0.317489,0.050492,-0.126008,0.144932,0.231753,0.051279,0.023456,-0.023882
-0.220606,0.667525,0.844562,-0.368839,0.131818,0.183959,0.901522,-0.670104,0.763365,-0.210714,0.039361,0.166826,-0.066424,0.003515,-0.857209,0.025026,0.419561,-0.015486,-0.050654,0.169508,0.009074,0.246225,-0.117243,0.606127,-0.274658,0.726408,-0.299546,-0.034337,0.314627,0.052273,-0.127308,0.145508,0.230741,0.050145,0.024091,-0.021833
-0.221540,0.669541,0.844406,-0.368156,0.130188,0.182970,0.902239,-0.659282,0.762345,-0.207466,0.035766,0.161750,-0.064163,-0.027430,-0.845436,0.031600,0.494355,-0.034192,-0.055013,0.173552,0.006432,0.246715,-0.104371,0.586471,-0.261911,0.718013,-0.294504,-0.034350,0.308993,0.054832,-0.127791,0.145066,0.228555,0.048482,0.024995,-0.019223
-0.222723,0.674481,0.844655,-0.364882,0.128690,0.185705,0.903224,-0.646113,0.747949,-0.201850,0.036514,0.155451,-0.053688,-0.074779,-0.816367,0.044765,0.626572,-0.058656,-0.059301,0.173372,0.017166,0.254434,-0.072739,0.537997,-0.248901,0.709336,-0.289312,-0.033575,0.299599,0.053529,-0.124313,0.141073,0.228487,0.047873,0.024005,-0.020572
-0.219299,0.678881,0.845427,-0.361407,0.129687,0.187242,0.904161,-0.634448,0.737901,-0.194995,0.039998,0.141920,-0.047503,-0.122078,-0.789115,0.052043,0.767763,-0.095604,-0.064695,0.174725,0.023028,0.265589,-0.051583,0.489430,-0.230953,0.691875,-0.282085,-0.030262,0.286285,0.042867,-0.122056,0.132235,0.224798,0.049466,0.024395,-0.015658
-0.224973,0.680687,0.844900,-0.359102,0.125371,0.190179,0.905075,-0.625706,0.725848,-0.196456,0.038974,0.145248,-0.037986,-0.182913,-0.756127,0.078612,0.919287,-0.124013,-0.065525,0.173058,0.038883,0.270129,-0.010232,0.431183,-0.215327,0.667620,-0.268933,-0.031516,0.271322,0.050528,-0.117250,0.131942,0.227096,0.045508,0.022345,-0.019529
-0.221622,0.686609,0.845515,-0.355517,0.126385,0.191744,0.906018,-0.610414,0.713502,-0.192699,0.040563,0.128594,-0.031686,-0.261004,-0.704579,0.084359,1.049416,-0.167244,-0.069198,0.155470,0.045766,0.281416,-0.016302,0.392268,-0.196393,0.637424,-0.257390,-0.026640,0.254219,0.041346,-0.112036,0.126185,0.213804,0.045413,0.021246,-0.013798
-0.228059,0.687216,0.844794,-0.354110,0.121295,0.192691,0.907064,-0.601410,0.706244,-0.199310,0.037765,0.131259,-0.025977,-0.363644,-0.641522,0.111446,1.208387,-0.209736,-0.070633,0.137500,0.066900,0.291650,-0.011039,0.342459,-0.179180,0.611154,-0.242248,-0.027064,0.237486,0.045218,-0.108657,0.127732,0.205761,0.040764,0.019288,-0.016029
-0.230571,0.688916,0.844726,-0.353196,0.119702,0.189357,0.908332,-0.593694,0.704969,-0.197700,0.038486,0.125843,-0.022284,-0.460724,-0.578806,0.124899,1.357003,-0.252651,-0.074314,0.128095,0.081517,0.300061,-0.013617,0.299336,-0.158278,0.580608,-0.228070,-0.026054,0.218909,0.042054,-0.104846,0.124928,0.194826,0.037800,0.018550,-0.013220
-0.230022,0.689851,0.845081,-0.348161,0.121477,0.183863,0.911165,-0.587214,0.698547,-0.181282,0.048260,0.113230,-0.018039,-0.547193,-0.493607,0.109138,1.404290,-0.274346,-0.055877,0.120865,0.084386,0.313354,-0.022286,0.267547,-0.143063,0.530563,-0.210790,-0.022953,0.195840,0.027205,-0.092322,0.113329,0.183316,0.040512,0.017526,-0.010314
-0.236841,0.685188,0.844177,-0.345423,0.118126,0.174434,0.914496,-0.585951,0.703736,-0.169851,0.056832,0.114042,-0.017792,-0.657997,-0.393361,0.098694,1.474055,-0.290181,-0.041218,0.120143,0.102004,0.324784,-0.020124,0.222835,-0.130023,0.481712,-0.189751,-0.023005,0.177754,0.020583,-0.082509,0.107265,0.181412,0.040781,0.014934,-0.014173
-0.236954,0.685403,0.844501,-0.339246,0.119965,0.167781,0.917807,-0.579405,0.696193,-0.150484,0.069008,0.100973,-0.013343,-0.743855,-0.311755,0.070271,1.518037,-0.308230,-0.022663,0.116559,0.102073,0.337790,-0.026890,0.194382,-0.114224,0.427741,-0.171800,-0.019509,0.156578,0.006710,-0.066803,0.095497,0.176466,0.043705,0.013619,-0.010424
-0.239746,0.682288,0.844143,-0.328136,0.118438,0.160218,0.923379,-0.567076,0.682795,-0.127468,0.085832,0.091536,-0.010076,-0.815646,-0.248748,0.029901,1.536262,-0.321760,-0.017422,0.103619,0.100599,0.344926,-0.029375,0.167148,-0.106710,0.382712,-0.152518,-0.014757,0.135067,0.001762,-0.056829,0.087330,0.164663,0.041616,0.010557,-0.009410
-0.242028,0.679644,0.843766,-0.315221,0.116667,0.154682,0.929031,-0.551129,0.663742,-0.104093,0.101315,0.081415,-0.005552,-0.882181,-0.193493,-0.014536,1.550318,-0.334887,-0.011426,0.087043,0.097431,0.352772,-0.031431,0.142562,-0.102221,0.346877,-0.136297,-0.011102,0.115458,0.000591,-0.048852,0.081653,0.156411,0.040303,0.008274,-0.009397
-0.244060,0.677146,0.843378,-0.300665,0.114938,0.150674,0.934712,-0.533132,0.639824,-0.080642,0.115082,0.071479,-0.000258,-0.947146,-0.145136,-0.061460,1.562916,-0.348293,-0.005207,0.067605,0.091794,0.361585,-0.034449,0.123063,-0.102560,0.325533,-0.125573,-0.008237,0.100513,0.000454,-0.043374,0.080729,0.156117,0.041478,0.007085,-0.010735
-0.243163,0.676912,0.842800,-0.285836,0.113649,0.147856,0.939958,-0.511555,0.612518,-0.057669,0.126600,0.060125,0.005613,-0.971635,-0.083975,-0.086425,1.558798,-0.350112,0.027696,0.044546,0.083266,0.358255,-0.033698,0.118610,-0.102401,0.320486,-0.121058,-0.006090,0.091285,0.000936,-0.048478,0.079237,0.140372,0.041588,0.004567,-0.014552
-0.242156,0.677415,0.842402,-0.270489,0.110666,0.145695,0.945178,-0.484292,0.583868,-0.033813,0.135936,0.048405,0.012382,-0.992057,-0.023626,-0.111218,1.550707,-0.351500,0.061271,0.020614,0.074980,0.357586,-0.033331,0.122140,-0.109472,0.337770,-0.124747,-0.004178,0.088751,0.005139,-0.062761,0.087321,0.133848,0.045493,0.005496,-0.021717
-0.242439,0.677879,0.842021,-0.256893,0.105643,0.142063,0.950086,-0.450086,0.560996,-0.007730,0.134778,0.043236,0.018314,-1.013030,0.041299,-0.140006,1.535699,-0.345972,0.093494,-0.001632,0.074786,0.351916,-0.026720,0.126081,-0.125625,0.380137,-0.135160,-0.004308,0.095174,0.021468,-0.092563,0.109733,0.136785,0.052194,0.009433,-0.035602
-0.239345,0.679788,0.841766,-0.241055,0.101656,0.142505,0.954595,-0.418696,0.528665,0.018375,0.139953,0.035414,0.025274,-0.980622,0.067590,-0.150982,1.449374,-0.328339,0.123823,-0.023260,0.074133,0.338235,-0.027954,0.148014,-0.147330,0.432666,-0.153357,-0.004170,0.107512,0.024686,-0.144646,0.135923,0.159167,0.063975,0.017637,-0.048685
-0.236503,0.681857,0.841695,-0.225152,0.095797,0.142947,0.959008,-0.383145,0.496288,0.044165,0.143092,0.028082,0.032600,-0.944673,0.095666,-0.159466,1.361116,-0.310510,0.154156,-0.044983,0.074158,0.328978,-0.031217,0.174018,-0.173800,0.499889,-0.176935,-0.003556,0.123938,0.026820,-0.207619,0.171581,0.194238,0.080779,0.026139,-0.063845
-0.233774,0.684024,0.841498,-0.209133,0.089116,0.143089,0.963248,-0.346108,0.463646,0.069538,0.144792,0.021227,0.040033,-0.907919,0.125027,-0.165473,1.271882,-0.292610,0.183946,-0.066344,0.073911,0.321420,-0.035483,0.202492,-0.203354,0.576071,-0.203437,-0.002715,0.142137,0.028912,-0.278156,0.213039,0.234891,0.100694,0.035193,-0.081186
-0.228272,0.687514,0.840107,-0.193656,0.082140,0.149922,0.966061,-0.310728,0.425298,0.075024,0.144501,0.012806,0.046481,-0.830872,0.150769,-0.150071,1.142693,-0.262726,0.208227,-0.087296,0.081800,0.307018,-0.028178,0.229668,-0.229155,0.649375,-0.230867,-0.003364,0.160855,0.028744,-0.354787,0.234884,0.266501,0.132089,0.041786,-0.109338
-0.222778,0.691086,0.838750,-0.178127,0.074203,0.156800,0.968596,-0.273664,0.387089,0.078835,0.143353,0.004689,0.053017,-0.750301,0.177093,-0.131262,1.010701,-0.231955,0.231930,-0.108265,0.090465,0.294754,-0.020227,0.254852,-0.255377,0.719789,-0.257106,-0.003427,0.178971,0.029057,-0.430222,0.252039,0.289366,0.161862,0.048184,-0.137729
-0.217277,0.694374,0.837079,-0.161901,0.066025,0.163888,0.970860,-0.236581,0.347332,0.080825,0.141974,-0.003222,0.059809,-0.668195,0.201971,-0.108414,0.877681,-0.200847,0.254845,-0.129952,0.097621,0.283218,-0.011693,0.277890,-0.280269,0.784304,-0.281052,-0.003065,0.194964,0.028708,-0.499245,0.261086,0.299430,0.187745,0.053912,-0.164724
-0.212074,0.699741,0.834262,-0.147692,0.059929,0.162588,0.973735,-0.201961,0.307738,0.090194,0.146328,-0.031305,0.071204,-0.584351,0.192150,-0.095230,0.795305,-0.192280,0.227119,-0.122216,0.107088,0.269239,0.020173,0.305350,-0.291331,0.840010,-0.298559,-0.001875,0.205154,0.022432,-0.549986,0.252300,0.296008,0.213557,0.058160,-0.193289
-0.206821,0.704701,0.830943,-0.132129,0.055107,0.161143,0.976493,-0.170553,0.265088,0.098529,0.152203,-0.059884,0.082457,-0.504718,0.179330,-0.081910,0.716694,-0.185435,0.199120,-0.114190,0.112367,0.251258,0.054884,0.330068,-0.299178,0.883865,-0.311950,-0.000444,0.212234,0.016053,-0.589072,0.233512,0.278344,0.233698,0.060342,-0.219474
-0.201686,0.709471,0.827428,-0.115617,0.050716,0.159441,0.979101,-0.140305,0.220414,0.106112,0.158506,-0.088626,0.093708,-0.427121,0.164382,-0.068698,0.640026,-0.179320,0.171159,-0.106026,0.115057,0.232075,0.090478,0.350520,-0.302824,0.916203,-0.321338,0.001263,0.216226,0.008388,-0.618362,0.205957,0.247916,0.248776,0.061277,-0.243435
-0.196685,0.713617,0.824677,-0.102174,0.043068,0.155794,0.981547,-0.122441,0.186298,0.103914,0.195041,-0.108736,0.090299,-0.353644,0.152002,-0.052246,0.586099,-0.194263,0.137871,-0.087988,0.128652,0.214893,0.127131,0.356295,-0.310836,0.949854,-0.323859,0.006518,0.213921,-0.012847,-0.630606,0.195699,0.243586,0.258275,0.063295,-0.258811
-0.191829,0.717625,0.821979,-0.088465,0.035757,0.151819,0.983792,-0.107465,0.151331,0.101564,0.234864,-0.130186,0.086818,-0.282225,0.139556,-0.036067,0.533568,-0.209918,0.104652,-0.070705,0.140955,0.196812,0.163319,0.357306,-0.313916,0.973879,-0.322421,0.011254,0.208707,-0.039117,-0.637790,0.182795,0.237178,0.265778,0.062389,-0.272081
-0.187124,0.721562,0.819195,-0.074474,0.028472,0.147580,0.985831,-0.093471,0.115476,0.099406,0.275815,-0.152095,0.083260,-0.211799,0.127056,-0.020015,0.482100,-0.226323,0.071534,-0.053446,0.152095,0.178451,0.198642,0.353997,-0.313087,0.987971,-0.317223,0.015803,0.201119,-0.067378,-0.641657,0.167415,0.227707,0.271714,0.060464,-0.284387
-0.183545,0.726991,0.818558,-0.063038,0.024553,0.140893,0.987711,-0.114974,0.091561,0.094727,0.381916,-0.152573,0.056395,-0.159454,0.105429,0.004957,0.425340,-0.218688,0.070219,-0.035066,0.156447,0.171631,0.210552,0.351158,-0.300589,0.983416,-0.316670,0.014972,0.202238,-0.104240,-0.641325,0.167393,0.236989,0.269934,0.060042,-0.291159
-0.180177,0.732167,0.817853,-0.051361,0.021602,0.133663,0.989459,-0.145404,0.066858,0.092966,0.501356,-0.160283,0.028579,-0.110706,0.082384,0.028599,0.369358,-0.210677,0.068894,-0.016866,0.159652,0.163913,0.219757,0.344318,-0.282760,0.967971,-0.312593,0.014322,0.201382,-0.145838,-0.639448,0.168210,0.248963,0.267634,0.058155,-0.297146
-0.176923,0.737344,0.816980,-0.039576,0.018779,0.126114,0.991048,-0.180206,0.041776,0.094563,0.629110,-0.173164,-0.000029,-0.063937,0.058368,0.050524,0.315699,-0.203857,0.067667,0.001618,0.162522,0.156027,0.226304,0.333156,-0.260220,0.939153,-0.303921,0.013441,0.198015,-0.188435,-0.637098,0.168871,0.261332,0.265214,0.055717,-0.302908
-0.175596,0.741270,0.816565,-0.033831,0.018349,0.117871,0.992283,-0.214162,0.037076,0.096218,0.669821,-0.183677,-0.017489,-0.053126,0.040341,0.061701,0.296673,-0.197865,0.072359,0.013860,0.173501,0.159050,0.211658,0.308638,-0.252385,0.905970,-0.298184,0.014223,0.191732,-0.226894,-0.625906,0.189753,0.273183,0.258887,0.055008,-0.302551
-0.174290,0.745098,0.816229,-0.026778,0.018798,0.109897,0.993404,-0.247825,0.028822,0.099141,0.705578,-0.191284,-0.034336,-0.045278,0.018746,0.072814,0.280502,-0.193332,0.077573,0.025832,0.181792,0.160382,0.192438,0.279308,-0.239583,0.856955,-0.287308,0.013917,0.182309,-0.264173,-0.613840,0.209603,0.283814,0.252230,0.054903,-0.302678
-0.173003,0.748970,0.815969,-0.019530,0.019395,0.101965,0.994407,-0.281839,0.020146,0.102655,0.740949,-0.198753,-0.051155,-0.038218,-0.003474,0.083754,0.265117,-0.189187,0.082755,0.037836,0.189644,0.161370,0.169522,0.245758,-0.221337,0.791103,-0.270836,0.013011,0.169851,-0.300881,-0.600975,0.228447,0.294163,0.245505,0.054904,-0.302925
-0.173226,0.754999,0.818311,-0.007423,0.018141,0.096098,0.995179,-0.314919,0.019006,0.101115,0.815727,-0.193235,-0.072240,-0.016283,-0.041594,0.099147,0.225535,-0.171656,0.093599,0.036204,0.177212,0.159732,0.151976,0.213986,-0.203820,0.712298,-0.243748,0.012832,0.147979,-0.315796,-0.564691,0.259224,0.281235,0.239056,0.054882,-0.293902
-0.173105,0.760878,0.820577,0.004046,0.016362,0.090173,0.995783,-0.347667,0.018708,0.099049,0.892071,-0.189557,-0.094800,0.007211,-0.078545,0.113509,0.184492,-0.153908,0.103578,0.034182,0.164712,0.157844,0.134750,0.182537,-0.182256,0.625857,-0.213905,0.012374,0.123743,-0.327214,-0.526327,0.288786,0.265245,0.231378,0.056338,-0.285162
-0.172888,0.766758,0.822693,0.015053,0.014320,0.084043,0.996245,-0.380574,0.018642,0.097119,0.969235,-0.186994,-0.118407,0.030308,-0.114906,0.127452,0.144252,-0.136646,0.113115,0.032625,0.152851,0.155911,0.118141,0.151821,-0.160459,0.540795,-0.184461,0.012282,0.099971,-0.337454,-0.487629,0.317629,0.248324,0.223637,0.058641,-0.276761
-0.169861,0.775663,0.825290,0.018681,0.015443,0.066037,0.997523,-0.381769,0.028648,0.079315,0.962056,-0.182179,-0.123242,0.025037,-0.132947,0.150267,0.139371,-0.108544,0.124284,0.028900,0.144725,0.154784,0.100153,0.122030,-0.138367,0.460769,-0.154456,0.011233,0.078946,-0.329234,-0.452124,0.348277,0.232206,0.215301,0.062164,-0.270580
-0.166547,0.784449,0.827902,0.023265,0.016554,0.047998,0.998439,-0.381952,0.036837,0.062712,0.952455,-0.176179,-0.127763,0.018468,-0.152982,0.173786,0.137099,-0.082265,0.136299,0.025728,0.134673,0.153125,0.086132,0.096769,-0.121218,0.398874,-0.129769,0.011235,0.060435,-0.319031,-0.416791,0.378362,0.215186,0.206872,0.065787,-0.264636
-0.163012,0.793113,0.830611,0.028072,0.017527,0.030005,0.999002,-0.382034,0.044677,0.046191,0.942409,-0.169963,-0.132228,0.011797,-0.173398,0.197565,0.135049,-0.056460,0.148861,0.022566,0.124116,0.151256,0.076678,0.076914,-0.110085,0.359865,-0.112036,0.012158,0.044598,-0.307875,-0.381443,0.408208,0.198021,0.198430,0.069490,-0.258559
-0.159091,0.803211,0.831608,0.029669,0.020015,0.006625,0.999337,-0.355502,0.074765,0.016117,0.870145,-0.152667,-0.124634,-0.005162,-0.186397,0.220651,0.134337,-0.033881,0.160544,0.018167,0.114488,0.150641,0.060842,0.068340,-0.099890,0.301329,-0.096533,0.005825,0.042461,-0.285430,-0.368715,0.443193,0.168587,0.188806,0.073236,-0.243795
-0.154971,0.813427,0.832473,0.031481,0.021661,-0.016854,0.999127,-0.327179,0.105525,-0.011925,0.797637,-0.135763,-0.116326,-0.020320,-0.199828,0.244340,0.133674,-0.011976,0.172971,0.013963,0.105255,0.151885,0.050502,0.063924,-0.096809,0.260335,-0.086961,0.002942,0.044964,-0.261968,-0.358037,0.477880,0.136951,0.179604,0.077970,-0.228579
-0.150773,0.823726,0.833344,0.033251,0.022989,-0.040302,0.998369,-0.298977,0.137245,-0.038586,0.725971,-0.119480,-0.107517,-0.034730,-0.213193,0.268342,0.132690,0.009665,0.186046,0.009650,0.096506,0.153561,0.043805,0.063256,-0.100013,0.236617,-0.082711,0.001411,0.050071,-0.238213,-0.348427,0.512682,0.104917,0.170617,0.082923,-0.213127
-0.145639,0.836438,0.830860,0.031138,0.025697,-0.062305,0.997240,-0.272740,0.172893,-0.053762,0.634504,-0.095785,-0.094535,-0.052914,-0.221381,0.284824,0.132120,0.017357,0.202767,0.002778,0.096336,0.152267,0.050717,0.065037,-0.100941,0.226615,-0.084920,0.000569,0.056340,-0.210262,-0.356526,0.521318,0.038164,0.164340,0.083190,-0.207095
-0.140188,0.849401,0.828151,0.029188,0.028731,-0.084252,0.995602,-0.248137,0.208287,-0.067143,0.545270,-0.073524,-0.081160,-0.071690,-0.229977,0.301659,0.131963,0.024149,0.220263,-0.002805,0.096951,0.149961,0.060297,0.069362,-0.108924,0.227354,-0.090960,0.000074,0.065143,-0.179378,-0.367307,0.528654,-0.033069,0.158375,0.085699,-0.201298
-0.134592,0.862513,0.825417,0.027422,0.031860,-0.106219,0.993454,-0.225184,0.243339,-0.079001,0.459266,-0.053149,-0.067572,-0.090555,-0.239041,0.318963,0.131740,0.030513,0.238378,-0.007916,0.097807,0.147405,0.072513,0.076444,-0.122695,0.237247,-0.100778,-0.000399,0.076915,-0.147871,-0.379261,0.535487,-0.105320,0.152590,0.088815,-0.195305
-0.130949,0.875786,0.819483,0.024274,0.037307,-0.118930,0.991905,-0.221071,0.275415,-0.073338,0.416202,-0.042301,-0.063198,-0.113082,-0.247551,0.320885,0.131410,0.023118,0.256383,-0.007777,0.099876,0.150114,0.091852,0.094001,-0.132226,0.286485,-0.121527,-0.000294,0.093513,-0.133920,-0.396327,0.529979,-0.121764,0.153757,0.095179,-0.198318
-0.127545,0.884947,0.813558,0.013169,0.043281,-0.132554,0.990143,-0.214327,0.331742,-0.075434,0.369711,-0.031272,-0.069201,-0.133630,-0.229317,0.316482,0.134645,0.015104,0.261800,-0.005324,0.112366,0.152360,0.114894,0.120952,-0.144211,0.345730,-0.146922,-0.002801,0.112057,-0.122032,-0.405102,0.526017,-0.131116,0.155168,0.097977,-0.201568
-0.124064,0.892595,0.807421,-0.001573,0.049695,-0.146734,0.987926,-0.206166,0.399173,-0.078938,0.321301,-0.019919,-0.079589,-0.152906,-0.199480,0.309190,0.139232,0.006434,0.261800,-0.001133,0.130278,0.154347,0.141279,0.153011,-0.158798,0.410953,-0.175683,-0.006284,0.132940,-0.109919,-0.411713,0.522314,-0.138816,0.156450,0.099396,-0.204557
-0.123990,0.899024,0.799252,-0.013372,0.056510,-0.155941,0.986058,-0.230522,0.432958,-0.095052,0.339527,-0.057196,-0.162545,-0.173808,-0.175253,0.307954,0.138787,-0.013908,0.261800,-0.013135,0.141303,0.159290,0.120092,0.201238,-0.187266,0.429846,-0.198447,-0.017910,0.164681,-0.104344,-0.414991,0.512609,-0.090611,0.157656,0.102264,-0.222085
-0.124501,0.905869,0.790999,-0.025298,0.064024,-0.165192,0.983856,-0.259806,0.468222,-0.111098,0.362393,-0.096760,-0.245514,-0.196988,-0.150161,0.307000,0.140071,-0.034647,0.261800,-0.024630,0.152608,0.164964,0.098265,0.249915,-0.216951,0.445370,-0.220861,-0.027758,0.198782,-0.103152,-0.417389,0.502826,-0.036573,0.159889,0.101571,-0.239281
-0.115999,0.921057,0.787708,-0.008743,0.067151,-0.157795,0.985147,-0.274587,0.398227,-0.105764,0.367797,-0.130837,-0.261800,-0.197404,-0.211791,0.290646,0.134476,-0.072101,0.261800,-0.070762,0.125781,0.164282,0.076871,0.276866,-0.255034,0.457052,-0.238839,-0.037608,0.233973,-0.094244,-0.438704,0.489900,0.017737,0.162832,0.099594,-0.255680
-0.113717,0.931614,0.782657,-0.011880,0.073817,-0.160933,0.984129,-0.280487,0.395536,-0.118671,0.371637,-0.165603,-0.261800,-0.217921,-0.212667,0.272925,0.136966,-0.077458,0.261800,-0.100555,0.126315,0.167424,0.046916,0.310196,-0.298162,0.471661,-0.248360,-0.041043,0.252292,-0.086989,-0.442517,0.491112,0.067896,0.164814,0.097892,-0.264524
-0.111792,0.942754,0.777808,-0.015169,0.081651,-0.165520,0.982704,-0.288707,0.394759,-0.129712,0.377846,-0.201427,-0.261800,-0.241359,-0.212115,0.258220,0.137807,-0.081007,0.261800,-0.126455,0.129646,0.169630,0.011908,0.338237,-0.338196,0.475799,-0.253862,-0.045497,0.266037,-0.079955,-0.448231,0.491517,0.116404,0.166260,0.097612,-0.273516
-0.109972,0.954362,0.773192,-0.018157,0.090209,-0.171015,0.980962,-0.297682,0.394563,-0.139155,0.384417,-0.237308,-0.261800,-0.266858,-0.211286,0.246026,0.138167,-0.083991,0.261800,-0.150484,0.134170,0.171490,-0.027370,0.361230,-0.373674,0.468122,-0.254877,-0.050457,0.275518,-0.073414,-0.455637,0.491509,0.164022,0.167776,0.097605,-0.281897
-0.113438,0.965191,0.772571,-0.025047,0.093930,-0.181462,0.978581,-0.334639,0.400497,-0.141201,0.415015,-0.236345,-0.261800,-0.297612,-0.199324,0.231584,0.143542,-0.030986,0.261800,-0.167153,0.146426,0.180694,-0.048368,0.371336,-0.407030,0.454586,-0.251889,-0.047387,0.277120,-0.057715,-0.468192,0.476762,0.167238,0.168597,0.087529,-0.281907
-0.116573,0.976342,0.772194,-0.031306,0.096897,-0.191734,0.976150,-0.366088,0.404558,-0.142090,0.440842,-0.233662,-0.261800,-0.322443,-0.190534,0.215660,0.142817,0.023660,0.261800,-0.184596,0.155721,0.185690,-0.063871,0.380364,-0.438070,0.431685,-0.244903,-0.046596,0.274904,-0.029058,-0.479741,0.462321,0.159747,0.165737,0.081969,-0.282161
-0.119825,0.988159,0.771839,-0.037209,0.099837,-0.202228,0.973525,-0.397395,0.407340,-0.142846,0.467958,-0.231476,-0.261800,-0.346561,-0.183128,0.199600,0.141083,0.078565,0.261800,-0.201379,0.164159,0.190045,-0.079736,0.387726,-0.467214,0.402113,-0.235431,-0.045963,0.270494,0.002711,-0.490759,0.447382,0.149626,0.162182,0.077907,-0.282658
-0.124923,1.005192,0.772459,-0.038544,0.103402,-0.216586,0.970007,-0.420396,0.407137,-0.126977,0.482098,-0.221309,-0.261800,-0.369559,-0.183591,0.177409,0.136233,0.105872,0.261800,-0.190806,0.163761,0.181372,-0.077186,0.390861,-0.498639,0.383089,-0.224182,-0.041909,0.257315,0.014555,-0.492075,0.457255,0.113533,0.149394,0.077490,-0.264303
-0.126998,1.022453,0.773140,-0.040431,0.105376,-0.235112,0.965393,-0.440275,0.411496,-0.105200,0.515475,-0.227971,-0.261800,-0.392244,-0.179594,0.165709,0.141836,0.123976,0.261800,-0.177546,0.174423,0.184332,-0.082475,0.380718,-0.524261,0.360566,-0.213941,-0.039656,0.244686,0.012454,-0.511748,0.464609,0.077843,0.142783,0.077922,-0.244179
-0.127246,1.037962,0.773892,-0.042219,0.106984,-0.246745,0.962231,-0.444838,0.411169,-0.087468,0.515873,-0.217939,-0.261800,-0.396360,-0.184517,0.135497,0.130527,0.146189,0.261800,-0.172305,0.161484,0.162790,-0.061466,0.394698,-0.557234,0.339731,-0.199936,-0.037833,0.228839,0.044340,-0.495559,0.485264,0.040050,0.122535,0.079735,-0.227590
-0.126673,1.050055,0.778942,-0.050246,0.109649,-0.275472,0.953713,-0.419719,0.443335,-0.049043,0.502490,-0.220127,-0.261800,-0.404088,-0.150493,0.102472,0.179689,0.114101,0.261800,-0.145203,0.187215,0.163020,-0.047643,0.386380,-0.570260,0.301927,-0.192979,-0.030986,0.208290,0.048182,-0.535154,0.493503,-0.029020,0.125503,0.083053,-0.197561
-0.124129,1.060981,0.784214,-0.057567,0.110615,-0.300145,0.945708,-0.380545,0.468315,-0.008965,0.474798,-0.218163,-0.261800,-0.401189,-0.124118,0.061537,0.229640,0.076363,0.261800,-0.124557,0.202256,0.153775,-0.020964,0.386849,-0.586460,0.263889,-0.184572,-0.023262,0.185848,0.069209,-0.563813,0.507961,-0.103080,0.123829,0.089264,-0.169252
-0.120575,1.074469,0.790845,-0.058156,0.110281,-0.320462,0.939021,-0.339411,0.464687,0.036628,0.439539,-0.210945,-0.244948,-0.396847,-0.119011,0.020011,0.277167,0.039820,0.261800,-0.113199,0.206986,0.143464,0.004306,0.385478,-0.603086,0.224940,-0.176246,-0.015604,0.162935,0.090245,-0.595375,0.520423,-0.177249,0.121977,0.095217,-0.140947
-0.119651,1.086492,0.798061,-0.059583,0.111027,-0.337676,0.932790,-0.303826,0.455904,0.053446,0.388212,-0.174287,-0.231075,-0.399576,-0.099459,-0.006091,0.350321,0.018449,0.261800,-0.091952,0.209764,0.138078,0.041549,0.396929,-0.604896,0.203246,-0.172738,-0.009627,0.150484,0.095148,-0.613475,0.530797,-0.217954,0.123353,0.101985,-0.123200
-0.118845,1.098399,0.805201,-0.060067,0.111501,-0.354436,0.926463,-0.269585,0.444083,0.069735,0.338787,-0.138393,-0.216976,-0.404705,-0.082322,-0.031882,0.428370,-0.005562,0.261800,-0.072689,0.209480,0.132781,0.079005,0.409110,-0.605411,0.182216,-0.169632,-0.004717,0.137970,0.096697,-0.629819,0.543257,-0.254563,0.125059,0.106785,-0.105815
-0.117864,1.110109,0.812222,-0.059735,0.111525,-0.370852,0.920034,-0.236258,0.429553,0.085753,0.291722,-0.104214,-0.202457,-0.410815,-0.067530,-0.057379,0.509692,-0.031695,0.261800,-0.054591,0.206969,0.127554,0.116993,0.421257,-0.605334,0.161151,-0.166641,-0.000031,0.125351,0.097569,-0.645963,0.556321,-0.290399,0.126877,0.111047,-0.088600
-0.112914,1.122731,0.814877,-0.049981,0.107901,-0.383041,0.916045,-0.212147,0.382065,0.084693,0.277222,-0.115324,-0.194998,-0.395928,-0.089175,-0.064576,0.554295,-0.057443,0.261800,-0.042571,0.195870,0.115678,0.143232,0.430336,-0.599815,0.152518,-0.168378,0.003797,0.122799,0.071596,-0.656417,0.563192,-0.346492,0.130631,0.112776,-0.082798
-0.107483,1.136022,0.818150,-0.043602,0.106773,-0.396070,0.910948,-0.183697,0.342752,0.083714,0.244266,-0.114625,-0.188055,-0.372292,-0.101253,-0.075130,0.571440,-0.066289,0.261800,-0.030972,0.186601,0.096791,0.177921,0.445112,-0.590103,0.142832,-0.169032,0.006704,0.121409,0.049280,-0.660262,0.579233,-0.408667,0.131663,0.118458,-0.078494
-0.101608,1.148336,0.820750,-0.035708,0.102599,-0.408282,0.906369,-0.158540,0.297688,0.079057,0.227505,-0.123857,-0.179942,-0.353913,-0.119552,-0.082137,0.612582,-0.089995,0.261800,-0.020500,0.180224,0.087962,0.203855,0.450112,-0.583177,0.135850,-0.170687,0.009630,0.119318,0.020818,-0.673703,0.588868,-0.465895,0.136345,0.121458,-0.074130
-0.096433,1.162163,0.817241,-0.022726,0.097583,-0.420847,0.901581,-0.132692,0.262082,0.074811,0.240942,-0.175932,-0.176148,-0.350815,-0.150475,-0.078670,0.643597,-0.140632,0.261800,-0.014411,0.161713,0.079486,0.218306,0.462970,-0.569339,0.136266,-0.172034,0.010019,0.121543,-0.014967,-0.688916,0.581210,-0.477218,0.138299,0.122924,-0.081997
-0.091530,1.175294,0.813580,-0.010142,0.092401,-0.433568,0.896314,-0.108555,0.228824,0.069459,0.256544,-0.228434,-0.173540,-0.349124,-0.179852,-0.075154,0.676123,-0.191850,0.260447,-0.007511,0.142523,0.070901,0.232898,0.476963,-0.555099,0.137288,-0.173759,0.009862,0.123603,-0.052325,-0.701920,0.575019,-0.485264,0.140160,0.122154,-0.089550
-0.091785,1.185277,0.810553,-0.002186,0.089708,-0.448017,0.889510,-0.087889,0.218905,0.063089,0.273543,-0.278879,-0.182873,-0.350456,-0.187112,-0.080152,0.708292,-0.241907,0.243309,0.004942,0.124314,0.063048,0.246710,0.501338,-0.536848,0.138108,-0.176672,0.009331,0.124867,-0.092652,-0.703712,0.570031,-0.491397,0.141016,0.121419,-0.097428
-0.092111,1.194789,0.804216,0.004111,0.088031,-0.460348,0.883354,-0.086312,0.202768,0.056100,0.291426,-0.315861,-0.181471,-0.369416,-0.203913,-0.077433,0.726522,-0.280376,0.237911,0.006016,0.110047,0.065193,0.206614,0.507349,-0.524488,0.161521,-0.178650,0.006523,0.135394,-0.128314,-0.695504,0.556109,-0.384448,0.133081,0.122575,-0.117324
-0.092385,1.204569,0.797980,0.010241,0.086324,-0.472635,0.876960,-0.085231,0.186964,0.049118,0.309737,-0.352842,-0.180037,-0.388520,-0.220216,-0.074224,0.743858,-0.318145,0.232546,0.007510,0.096525,0.067669,0.164119,0.512314,-0.512660,0.188078,-0.180716,0.002443,0.145307,-0.166331,-0.687483,0.543218,-0.272250,0.125107,0.119226,-0.137491
-0.092614,1.214344,0.791750,0.016233,0.084443,-0.484830,0.870371,-0.084242,0.171373,0.042179,0.328866,-0.390393,-0.178666,-0.407522,-0.236248,-0.070522,0.761191,-0.356091,0.227258,0.009095,0.083276,0.070488,0.121411,0.517302,-0.501012,0.214796,-0.182702,-0.001877,0.155170,-0.204367,-0.680372,0.531031,-0.159974,0.117217,0.115345,-0.158877
-0.094588,1.223284,0.786505,0.023375,0.084564,-0.491611,0.866384,-0.111922,0.165646,0.051552,0.368762,-0.408255,-0.178654,-0.442415,-0.249035,-0.058565,0.788322,-0.362774,0.237351,-0.008233,0.067288,0.083178,0.017634,0.513550,-0.503507,0.262309,-0.180697,-0.007734,0.159789,-0.213720,-0.671519,0.527410,-0.087697,0.114946,0.107279,-0.175450
-0.096371,1.232361,0.781188,0.030314,0.085139,-0.498308,0.862277,-0.141402,0.161110,0.060788,0.410231,-0.426800,-0.178627,-0.477815,-0.260525,-0.046695,0.814503,-0.369104,0.247675,-0.023726,0.052470,0.094911,-0.087609,0.507708,-0.507069,0.311330,-0.178430,-0.014460,0.164330,-0.220222,-0.663841,0.521466,-0.018570,0.112236,0.100804,-0.192417
-0.098034,1.241479,0.775924,0.037003,0.085775,-0.504901,0.858107,-0.171822,0.157478,0.069853,0.453202,-0.446085,-0.178629,-0.513312,-0.271075,-0.034804,0.840676,-0.375689,0.258218,-0.038900,0.038155,0.106688,-0.192518,0.500346,-0.510228,0.360143,-0.175867,-0.021509,0.169681,-0.226332,-0.656134,0.515468,0.049642,0.109371,0.094819,-0.210231
-0.099633,1.248568,0.773856,0.039380,0.086811,-0.517043,0.850635,-0.182729,0.158633,0.085099,0.466785,-0.450516,-0.169299,-0.535832,-0.268405,-0.039515,0.874149,-0.366417,0.249482,-0.049005,0.035283,0.112325,-0.234810,0.487284,-0.521367,0.299365,-0.170244,-0.029272,0.170427,-0.212433,-0.634057,0.514437,0.012783,0.102369,0.087079,-0.214057
-0.100876,1.255569,0.771768,0.041719,0.087977,-0.529110,0.842949,-0.193115,0.160397,0.100438,0.479970,-0.455123,-0.160072,-0.557997,-0.265416,-0.044731,0.907450,-0.357468,0.240752,-0.058855,0.032642,0.117048,-0.273811,0.475712,-0.531705,0.232974,-0.164224,-0.033574,0.172088,-0.195555,-0.612583,0.512466,-0.028568,0.094577,0.082285,-0.217523
-0.101979,1.262568,0.769667,0.044117,0.089129,-0.541048,0.835091,-0.203541,0.162343,0.115746,0.493259,-0.459787,-0.150794,-0.580305,-0.262505,-0.050214,0.940913,-0.348576,0.232049,-0.068644,0.029946,0.121622,-0.312682,0.464534,-0.541319,0.166230,-0.158120,-0.037570,0.173519,-0.178525,-0.591031,0.510379,-0.070275,0.086617,0.077794,-0.220522
-0.104871,1.264561,0.771195,0.046439,0.088637,-0.561350,0.821507,-0.184290,0.168910,0.160185,0.467660,-0.443169,-0.145771,-0.563127,-0.271149,-0.107018,0.936368,-0.349396,0.203075,-0.066303,0.024791,0.112735,-0.290399,0.480674,-0.572470,0.057176,-0.157926,-0.036688,0.161888,-0.136615,-0.624997,0.529058,-0.120696,0.087044,0.077861,-0.206031
-0.107562,1.266470,0.772723,0.048096,0.087899,-0.581545,0.807320,-0.162469,0.175382,0.205266,0.441198,-0.426839,-0.141128,-0.542575,-0.278199,-0.164506,0.931757,-0.351583,0.174053,-0.063513,0.020846,0.104757,-0.265964,0.498659,-0.602967,-0.056785,-0.157375,-0.033345,0.151769,-0.092846,-0.660971,0.546270,-0.173812,0.088226,0.078993,-0.192128
-0.110180,1.268414,0.774302,0.049386,0.087335,-0.601527,0.792527,-0.140321,0.181751,0.250647,0.415196,-0.410871,-0.136815,-0.520399,-0.283595,-0.222599,0.927467,-0.354771,0.144843,-0.060269,0.017780,0.097242,-0.242235,0.517823,-0.632587,-0.171314,-0.156540,-0.029861,0.141883,-0.048796,-0.697793,0.561792,-0.227272,0.089774,0.080138,-0.178460
-0.114217,1.266183,0.777114,0.049389,0.084602,-0.619548,0.778822,-0.129736,0.199635,0.305992,0.428452,-0.366156,-0.126458,-0.458529,-0.259551,-0.246219,0.886074,-0.375022,0.129213,-0.048147,0.018149,0.085237,-0.179694,0.539798,-0.631286,-0.240654,-0.153708,-0.022431,0.130088,-0.002277,-0.713463,0.538526,-0.270540,0.100207,0.083334,-0.169808
-0.118583,1.263804,0.780470,0.048008,0.082617,-0.637231,0.764727,-0.116889,0.221345,0.362339,0.442995,-0.323908,-0.114435,-0.393813,-0.229882,-0.269830,0.839427,-0.393106,0.112556,-0.035467,0.021606,0.074445,-0.117417,0.560060,-0.629187,-0.308057,-0.150061,-0.016983,0.117988,0.044485,-0.727722,0.514563,-0.313324,0.109957,0.086513,-0.162053
-0.123228,1.261520,0.784235,0.046232,0.080889,-0.654231,0.750534,-0.102084,0.243953,0.419472,0.458296,-0.283788,-0.100240,-0.327721,-0.197338,-0.291962,0.789354,-0.409904,0.095371,-0.023473,0.025835,0.064370,-0.055016,0.579237,-0.625942,-0.375144,-0.145971,-0.011882,0.105656,0.091559,-0.740511,0.489766,-0.355769,0.119204,0.089496,-0.154827
-0.131035,1.253341,0.790852,0.044076,0.074788,-0.672871,0.734648,-0.135639,0.242491,0.372068,0.543857,-0.212318,-0.036010,-0.257002,-0.161852,-0.284955,0.699420,-0.411189,0.087259,0.009397,0.021635,0.063332,0.019767,0.607471,-0.621721,-0.396792,-0.144962,-0.007396,0.097462,0.082154,-0.762744,0.474524,-0.382153,0.119030,0.090758,-0.158332
-0.139303,1.245898,0.797057,0.042556,0.068799,-0.690672,0.718629,-0.176608,0.242125,0.327932,0.641184,-0.144784,0.026160,-0.188973,-0.129556,-0.275559,0.611812,-0.412836,0.079650,0.039009,0.016109,0.062252,0.094831,0.634545,-0.613102,-0.416629,-0.144444,-0.004346,0.088851,0.067394,-0.784369,0.463146,-0.405253,0.119715,0.090912,-0.162477
-0.147732,1.239132,0.802768,0.041873,0.062408,-0.707738,0.702466,-0.221796,0.241025,0.288154,0.744878,-0.079052,0.087867,-0.124025,-0.101949,-0.263784,0.529378,-0.416696,0.072901,0.066969,0.008363,0.061175,0.170185,0.659989,-0.601486,-0.435981,-0.144170,-0.001388,0.080055,0.050911,-0.805864,0.453027,-0.427809,0.120645,0.090814,-0.166781
-0.153826,1.234326,0.803248,0.036478,0.057798,-0.728521,0.681605,-0.286724,0.232318,0.238535,0.826033,-0.089263,0.085913,-0.099212,-0.076348,-0.223999,0.504293,-0.425862,0.059505,0.109134,0.016133,0.067781,0.226289,0.676981,-0.588579,-0.423015,-0.145619,0.002501,0.078016,-0.061300,-0.816720,0.462947,-0.480584,0.124579,0.093336,-0.159433
-0.159990,1.230259,0.803544,0.032275,0.052987,-0.748247,0.660513,-0.354052,0.217217,0.189698,0.907958,-0.099053,0.083922,-0.079677,-0.055750,-0.184259,0.487742,-0.438285,0.046525,0.146968,0.021927,0.074521,0.281092,0.689249,-0.569697,-0.406757,-0.146861,0.004830,0.075421,-0.182479,-0.826505,0.480141,-0.529862,0.129612,0.096278,-0.152989
-0.166225,1.226618,0.803795,0.028795,0.047889,-0.766808,0.639440,-0.421323,0.195930,0.141958,0.988824,-0.108055,0.081519,-0.062031,-0.038851,-0.145595,0.475520,-0.452676,0.034171,0.182221,0.026410,0.081024,0.334879,0.696586,-0.546100,-0.389601,-0.147407,0.006965,0.072197,-0.306560,-0.835111,0.500773,-0.578186,0.134734,0.098853,-0.146951
-0.168347,1.222936,0.800049,0.024602,0.043620,-0.785307,0.617078,-0.480359,0.172187,0.106694,0.964116,-0.136006,0.048417,-0.053474,-0.027829,-0.094410,0.476733,-0.470032,0.036712,0.219204,0.043230,0.096297,0.364488,0.693313,-0.525717,-0.353464,-0.145942,0.007745,0.075164,-0.415957,-0.820692,0.521176,-0.575381,0.133869,0.103059,-0.143597
-0.170623,1.219260,0.796513,0.020465,0.038612,-0.802955,0.594436,-0.537629,0.146655,0.073468,0.939292,-0.164114,0.016954,-0.043666,-0.018893,-0.043704,0.478968,-0.488134,0.038990,0.255529,0.059059,0.113045,0.388628,0.683054,-0.499475,-0.314104,-0.143207,0.007382,0.076823,-0.525407,-0.803099,0.538568,-0.569099,0.132623,0.104892,-0.139754
-0.172990,1.215518,0.793143,0.016369,0.033461,-0.819671,0.571623,-0.594389,0.120012,0.041590,0.914981,-0.192706,-0.013141,-0.032785,-0.011060,0.006072,0.481013,-0.506385,0.040898,0.290865,0.074685,0.130129,0.408249,0.665132,-0.465770,-0.273534,-0.138690,0.006776,0.077692,-0.633211,-0.783612,0.552447,-0.562935,0.131048,0.106838,-0.136213
-0.174674,1.206148,0.787535,0.013555,0.031006,-0.834361,0.550178,-0.608631,0.067364,-0.037397,0.849539,-0.193822,-0.081642,-0.028063,-0.010090,0.041990,0.496639,-0.521434,0.043024,0.314032,0.084712,0.134611,0.393758,0.633578,-0.445587,-0.236735,-0.129128,0.012126,0.075183,-0.680688,-0.747842,0.582190,-0.562328,0.129159,0.109441,-0.121944
-0.177057,1.198698,0.782405,0.010619,0.028139,-0.848639,0.528117,-0.619534,0.018463,-0.117752,0.781258,-0.192759,-0.148480,-0.026570,-0.007615,0.078014,0.515216,-0.535072,0.043000,0.334600,0.094667,0.140164,0.370720,0.591790,-0.420612,-0.190418,-0.118586,0.016077,0.073290,-0.738606,-0.702617,0.616954,-0.551996,0.125521,0.115218,-0.105463
-0.179666,1.191806,0.777434,0.007821,0.025148,-0.862262,0.505778,-0.628492,-0.027762,-0.199184,0.713806,-0.193148,-0.212227,-0.026179,-0.005129,0.113592,0.534548,-0.548087,0.042484,0.352643,0.104547,0.146773,0.344390,0.543867,-0.389398,-0.140490,-0.107453,0.018648,0.071124,-0.800779,-0.652662,0.651767,-0.536137,0.120827,0.121126,-0.088763
-0.182391,1.181810,0.772944,0.008580,0.023108,-0.876486,0.480797,-0.626376,-0.041595,-0.257245,0.657858,-0.190519,-0.218908,-0.029739,-0.008153,0.155681,0.550256,-0.565752,0.047229,0.339146,0.109864,0.153835,0.297473,0.487457,-0.366115,-0.109297,-0.095532,0.011935,0.065421,-0.834997,-0.599217,0.694444,-0.509614,0.117483,0.126547,-0.068136
-0.184179,1.170819,0.768483,0.009514,0.020740,-0.890244,0.454913,-0.623542,-0.056348,-0.312463,0.601317,-0.187155,-0.222447,-0.031759,-0.013743,0.199419,0.562385,-0.581689,0.054266,0.326847,0.116148,0.158151,0.258792,0.435178,-0.345586,-0.084137,-0.084254,0.007304,0.060580,-0.859385,-0.547205,0.734057,-0.486440,0.112109,0.129022,-0.046937
-0.186121,1.159430,0.764061,0.010479,0.018266,-0.903277,0.428541,-0.620736,-0.071082,-0.367262,0.545498,-0.184068,-0.224832,-0.032886,-0.019773,0.243383,0.573053,-0.597194,0.061606,0.315498,0.122351,0.161034,0.228432,0.392538,-0.331669,-0.062838,-0.074487,0.004116,0.057015,-0.877929,-0.494726,0.769211,-0.464626,0.105747,0.130535,-0.025387
-0.181296,1.148654,0.763616,0.012776,0.018238,-0.918324,0.395202,-0.608573,-0.070356,-0.356855,0.548265,-0.159488,-0.214031,-0.053278,-0.037034,0.274637,0.569938,-0.578465,0.089040,0.266363,0.140797,0.170975,0.182095,0.329557,-0.349143,-0.021183,-0.065954,-0.003696,0.061116,-0.846538,-0.449714,0.775004,-0.409627,0.092360,0.124529,-0.027807
-0.179037,1.135530,0.763091,0.015968,0.018505,-0.931414,0.363139,-0.603544,-0.075111,-0.348151,0.570341,-0.148030,-0.202188,-0.066722,-0.055838,0.301765,0.560514,-0.562064,0.114421,0.226453,0.154166,0.177978,0.148886,0.294016,-0.376722,0.002643,-0.060260,-0.007525,0.062511,-0.796309,-0.424068,0.758984,-0.376426,0.084204,0.118483,-0.034055
-0.177062,1.122015,0.762504,0.019458,0.018582,-0.943377,0.330629,-0.599855,-0.080253,-0.338945,0.594286,-0.137433,-0.190503,-0.079815,-0.074943,0.329172,0.550908,-0.546196,0.139563,0.188891,0.166596,0.183847,0.124652,0.269562,-0.412700,0.023192,-0.057153,-0.009879,0.065116,-0.738741,-0.395633,0.731957,-0.344553,0.075992,0.113193,-0.039281
-0.177719,1.108361,0.763724,0.024446,0.021817,-0.956212,0.290834,-0.588001,-0.062822,-0.326448,0.599332,-0.145658,-0.169869,-0.105613,-0.087945,0.345300,0.530898,-0.506341,0.167398,0.140577,0.179409,0.187398,0.102510,0.244573,-0.427320,0.028370,-0.058191,-0.011992,0.076189,-0.659044,-0.372602,0.710649,-0.321774,0.074449,0.103998,-0.039303
-0.178785,1.094375,0.764987,0.029900,0.025006,-0.967347,0.250440,-0.576692,-0.044426,-0.314479,0.605433,-0.154594,-0.149334,-0.131121,-0.100324,0.361543,0.509725,-0.465803,0.194739,0.092041,0.193344,0.190866,0.086496,0.218354,-0.436246,0.032148,-0.059041,-0.012948,0.085376,-0.572171,-0.341915,0.675673,-0.296218,0.071959,0.093597,-0.037659
-0.180361,1.080059,0.766243,0.035762,0.027699,-0.976712,0.209733,-0.565476,-0.025906,-0.302787,0.612270,-0.164054,-0.128826,-0.156473,-0.112847,0.377708,0.488903,-0.425592,0.221660,0.043303,0.207324,0.194578,0.073925,0.186432,-0.434866,0.035752,-0.058704,-0.013576,0.092693,-0.478409,-0.302367,0.626011,-0.267430,0.068092,0.082190,-0.034188
-0.176926,1.067177,0.768775,0.043617,0.029896,-0.989004,0.138109,-0.547363,0.021272,-0.259838,0.609741,-0.186752,-0.104758,-0.214991,-0.111694,0.360436,0.472066,-0.387191,0.218944,-0.011413,0.211381,0.216864,0.048093,0.178065,-0.422562,0.036326,-0.055241,-0.015098,0.093260,-0.392679,-0.274509,0.549399,-0.215010,0.055971,0.069471,-0.037211
-0.173921,1.053909,0.771170,0.051852,0.031572,-0.996042,0.064921,-0.528629,0.070655,-0.216573,0.608988,-0.211237,-0.082300,-0.275260,-0.108987,0.343271,0.457922,-0.349498,0.215977,-0.062585,0.215516,0.240455,0.017629,0.159380,-0.399139,0.038039,-0.051198,-0.015935,0.091412,-0.307279,-0.242789,0.463054,-0.160114,0.043945,0.054838,-0.039095
-0.171661,1.040227,0.773618,0.060615,0.032234,-0.997604,-0.008573,-0.508549,0.120208,-0.173220,0.607968,-0.236225,-0.060882,-0.336033,-0.106999,0.324733,0.444735,-0.312339,0.213058,-0.113524,0.219154,0.263976,-0.016097,0.130378,-0.368188,0.042604,-0.046068,-0.016731,0.088367,-0.225743,-0.210682,0.376748,-0.105166,0.031985,0.040053,-0.040495
-0.171556,1.030327,0.775722,0.067826,0.031607,-0.993409,-0.086834,-0.477213,0.173238,-0.091832,0.603582,-0.260159,-0.054727,-0.386087,-0.086863,0.280453,0.454580,-0.290480,0.169768,-0.143329,0.213664,0.270447,-0.020991,0.118516,-0.315406,0.043401,-0.039084,-0.014667,0.073978,-0.171704,-0.176288,0.304398,-0.075527,0.025447,0.029996,-0.035566
-0.172128,1.020030,0.777741,0.075403,0.029421,-0.983134,-0.164004,-0.443406,0.223918,-0.009149,0.599564,-0.283850,-0.049685,-0.437590,-0.070117,0.233884,0.466570,-0.270114,0.126599,-0.174873,0.205998,0.276476,-0.028493,0.107841,-0.269573,0.046169,-0.032493,-0.012084,0.060740,-0.129730,-0.148637,0.248860,-0.049738,0.020159,0.022297,-0.031804
-0.173355,1.009071,0.779684,0.083128,0.025283,-0.967103,-0.239087,-0.407423,0.270399,0.074537,0.594910,-0.306263,-0.045043,-0.490310,-0.058580,0.184914,0.479593,-0.250590,0.083804,-0.208578,0.196630,0.282087,-0.040729,0.100328,-0.239201,0.053707,-0.027541,-0.010373,0.051804,-0.101796,-0.131789,0.214327,-0.028379,0.016508,0.016944,-0.030621
-0.178297,0.997161,0.781196,0.086766,0.022000,-0.945358,-0.313504,-0.358924,0.273422,0.107255,0.579009,-0.330677,-0.047928,-0.523253,-0.030677,0.122844,0.500723,-0.248186,0.049659,-0.216659,0.180502,0.277965,-0.030861,0.096989,-0.206930,0.020359,-0.023027,-0.010266,0.047147,-0.067462,-0.119650,0.184287,-0.030567,0.016735,0.016140,-0.032481
-0.184117,0.985522,0.781698,0.088448,0.018859,-0.918307,-0.385399,-0.312127,0.274676,0.137768,0.577981,-0.364844,-0.050639,-0.559940,-0.005747,0.059131,0.541083,-0.257884,0.015579,-0.223779,0.166257,0.285016,-0.030480,0.103499,-0.194470,-0.017788,-0.022069,-0.010502,0.047389,-0.047161,-0.127361,0.165908,-0.041513,0.023227,0.017274,-0.036683
-0.189032,0.973570,0.782736,0.090890,0.013430,-0.886021,-0.454451,-0.264169,0.270640,0.169654,0.562147,-0.388150,-0.053479,-0.595674,0.013906,-0.005546,0.567569,-0.257892,-0.019642,-0.233857,0.146106,0.281821,-0.026939,0.117847,-0.199332,-0.051655,-0.021848,-0.009836,0.051591,-0.028651,-0.137334,0.170783,-0.053777,0.027087,0.021401,-0.044166
-0.194603,0.966977,0.784342,0.093252,0.008644,-0.851851,-0.515345,-0.223829,0.250807,0.180950,0.528318,-0.399137,-0.056079,-0.596358,0.029029,-0.033819,0.593166,-0.264111,-0.021126,-0.228055,0.135841,0.267544,-0.014564,0.144040,-0.221764,-0.067390,-0.027024,-0.007410,0.056012,-0.030501,-0.172107,0.199436,-0.071114,0.031540,0.027888,-0.045152
-0.200156,0.960096,0.785998,0.094865,0.003572,-0.813628,-0.573583,-0.181993,0.228902,0.191906,0.491848,-0.408594,-0.058706,-0.595459,0.042895,-0.061669,0.617311,-0.269685,-0.022375,-0.223279,0.125646,0.253973,-0.003405,0.176304,-0.255297,-0.085013,-0.033841,-0.006646,0.062521,-0.032882,-0.217860,0.238258,-0.091087,0.038353,0.035032,-0.048253
-0.205368,0.953178,0.787603,0.096091,-0.001536,-0.771367,-0.629093,-0.140378,0.206581,0.202244,0.455556,-0.417974,-0.062000,-0.594368,0.056789,-0.089517,0.641500,-0.275162,-0.024057,-0.218631,0.115443,0.241028,0.007720,0.215711,-0.297527,-0.107573,-0.041859,-0.006525,0.071640,-0.033592,-0.272902,0.284295,-0.114971,0.046982,0.043935,-0.053851
-0.210674,0.950212,0.791185,0.100782,-0.006214,-0.735020,-0.670485,-0.133658,0.198592,0.181340,0.415636,-0.399933,-0.060911,-0.574516,0.062733,-0.087408,0.620005,-0.262086,-0.030726,-0.231601,0.110055,0.219400,0.016300,0.257470,-0.355995,-0.133450,-0.048672,-0.005714,0.083971,-0.010616,-0.366809,0.318708,-0.134996,0.051838,0.052574,-0.064148
-0.215552,0.947946,0.793531,0.104245,-0.010116,-0.696557,-0.709816,-0.132057,0.193134,0.158496,0.397519,-0.395359,-0.060136,-0.559930,0.068179,-0.085657,0.618431,-0.260629,-0.037447,-0.241929,0.107938,0.208637,0.017204,0.302698,-0.417413,-0.165915,-0.057961,-0.006112,0.097562,0.014242,-0.470882,0.343004,-0.157551,0.061608,0.060416,-0.075365
-0.220103,0.945830,0.795798,0.107428,-0.014484,-0.656114,-0.746836,-0.130804,0.187324,0.135347,0.380638,-0.391387,-0.059147,-0.546067,0.072922,-0.083763,0.618358,-0.259942,-0.044131,-0.252374,0.105797,0.198430,0.018548,0.348872,-0.476790,-0.201756,-0.067341,-0.006239,0.110735,0.046862,-0.575121,0.359954,-0.180777,0.071970,0.068324,-0.086513
-0.223962,0.943622,0.798225,0.112826,-0.016131,-0.623579,-0.773408,-0.135866,0.179697,0.089119,0.373306,-0.384528,-0.047845,-0.528008,0.090311,-0.057336,0.588569,-0.246629,-0.041293,-0.251880,0.112460,0.187735,0.027586,0.447104,-0.539941,-0.235459,-0.080843,-0.007423,0.119662,0.059085,-0.684821,0.386695,-0.220868,0.082142,0.076463,-0.090769
-0.227536,0.941374,0.800626,0.118308,-0.018088,-0.590012,-0.798475,-0.140756,0.172282,0.042608,0.366197,-0.377421,-0.036599,-0.508978,0.107494,-0.030534,0.557280,-0.232305,-0.038654,-0.252481,0.118811,0.177518,0.039059,0.541927,-0.591187,-0.269951,-0.093766,-0.008390,0.126576,0.076322,-0.787317,0.403176,-0.257775,0.091599,0.083971,-0.094001
-0.230813,0.939089,0.803082,0.123506,-0.020633,-0.555614,-0.821957,-0.145457,0.163875,-0.004201,0.359341,-0.370163,-0.025059,-0.490096,0.123258,-0.003201,0.527096,-0.218444,-0.035984,-0.253738,0.124450,0.167438,0.052361,0.630963,-0.629536,-0.303451,-0.105476,-0.009010,0.130955,0.099894,-0.880780,0.406157,-0.291122,0.099947,0.090135,-0.095566
-0.231417,0.933489,0.805314,0.125575,-0.022717,-0.534941,-0.835197,-0.152486,0.164690,-0.024218,0.357587,-0.366531,-0.030588,-0.470855,0.123826,0.007638,0.479489,-0.205489,-0.030615,-0.273952,0.126522,0.161736,0.060906,0.677475,-0.661460,-0.323660,-0.114785,-0.008548,0.132211,0.147179,-0.935317,0.386470,-0.333882,0.107547,0.096046,-0.096196
-0.231984,0.927716,0.807579,0.127343,-0.024883,-0.514155,-0.847826,-0.158817,0.164789,-0.044467,0.355036,-0.362351,-0.036061,-0.451043,0.123551,0.018413,0.431899,-0.192668,-0.025179,-0.294330,0.128424,0.156137,0.069417,0.717398,-0.683462,-0.340848,-0.122561,-0.008311,0.131062,0.200084,-0.979698,0.354268,-0.374145,0.113576,0.101248,-0.095260
-0.232494,0.921803,0.809823,0.128845,-0.027233,-0.493168,-0.859908,-0.165059,0.164226,-0.064754,0.352436,-0.358087,-0.041436,-0.431548,0.122544,0.029206,0.385385,-0.180429,-0.019740,-0.314786,0.129896,0.150393,0.078280,0.752604,-0.697245,-0.356286,-0.129395,-0.007886,0.128131,0.257262,-1.015018,0.312058,-0.411821,0.118657,0.105500,-0.093109
-0.231652,0.914547,0.811046,0.126929,-0.028291,-0.480340,-0.867388,-0.177132,0.165548,-0.068839,0.367959,-0.340126,-0.034687,-0.404219,0.125633,0.046259,0.341127,-0.161879,-0.004610,-0.327436,0.128324,0.143297,0.076017,0.792123,-0.709403,-0.363308,-0.137209,-0.007622,0.118954,0.299112,-1.046526,0.274258,-0.446990,0.121700,0.110091,-0.088499
-0.230935,0.907010,0.812203,0.124770,-0.029340,-0.467507,-0.874648,-0.188947,0.166221,-0.072602,0.383316,-0.322031,-0.028041,-0.376969,0.127751,0.063517,0.297657,-0.143824,0.010334,-0.341238,0.125857,0.136366,0.074866,0.829650,-0.716325,-0.369362,-0.144554,-0.007349,0.108399,0.341178,-1.073444,0.233339,-0.479125,0.124409,0.113326,-0.083276
-0.230342,0.899395,0.813448,0.122495,-0.030410,-0.454602,-0.881707,-0.200895,0.166494,-0.075975,0.398981,-0.304042,-0.021547,-0.350150,0.129161,0.080940,0.255228,-0.126400,0.025056,-0.355272,0.122967,0.129352,0.074162,0.866110,-0.720647,-0.374942,-0.151687,-0.006986,0.097364,0.385077,-1.097084,0.188962,-0.510149,0.126912,0.116243,-0.077816
-0.229351,0.894976,0.814155,0.119139,-0.031034,-0.440545,-0.889249,-0.198141,0.159886,-0.101240,0.406428,-0.298827,-0.020966,-0.336514,0.135170,0.106478,0.227671,-0.111858,0.044748,-0.375260,0.113451,0.128691,0.076792,0.870367,-0.730937,-0.362956,-0.152490,-0.005025,0.085856,0.436855,-1.119968,0.096008,-0.511707,0.129395,0.115180,-0.087723
-0.228505,0.890629,0.814849,0.115851,-0.031493,-0.426321,-0.896570,-0.195404,0.153158,-0.126378,0.414360,-0.293838,-0.020446,-0.323005,0.140789,0.132456,0.200939,-0.098065,0.064269,-0.393663,0.104502,0.127887,0.076970,0.873382,-0.743022,-0.349445,-0.153022,-0.003463,0.074143,0.494736,-1.138831,-0.003779,-0.513115,0.131679,0.113538,-0.097145
-0.227771,0.886149,0.815643,0.112620,-0.031837,-0.411951,-0.903659,-0.192647,0.146309,-0.151416,0.422453,-0.288791,-0.020058,-0.309542,0.145985,0.158860,0.174641,-0.084783,0.083549,-0.411598,0.095514,0.126883,0.076664,0.876214,-0.755400,-0.335643,-0.153397,-0.001927,0.062373,0.555921,-1.153624,-0.107160,-0.514257,0.133663,0.111872,-0.106360
-0.230428,0.879916,0.816112,0.107753,-0.030713,-0.399962,-0.909657,-0.191131,0.141655,-0.159064,0.437347,-0.291884,-0.026242,-0.302813,0.145568,0.179058,0.162410,-0.076178,0.100447,-0.410487,0.084282,0.126239,0.057079,0.878552,-0.773174,-0.319333,-0.150337,0.000485,0.051901,0.603134,-1.193224,-0.184934,-0.302201,0.142804,0.113113,-0.109306
-0.233360,0.873584,0.816547,0.102955,-0.029249,-0.387719,-0.915543,-0.190089,0.137009,-0.166170,0.453301,-0.295437,-0.032475,-0.296395,0.145282,0.199660,0.150980,-0.067786,0.117382,-0.411710,0.071901,0.125669,0.038991,0.880603,-0.789333,-0.301440,-0.147394,0.002487,0.042347,0.643810,-1.234727,-0.255605,-0.079958,0.151549,0.109673,-0.109776
-0.236238,0.867011,0.817060,0.098201,-0.027518,-0.375375,-0.921245,-0.189018,0.132334,-0.173218,0.469475,-0.299027,-0.038922,-0.289888,0.144983,0.220400,0.139778,-0.059560,0.134186,-0.414469,0.058833,0.125305,0.022697,0.882855,-0.803589,-0.283630,-0.144289,0.004370,0.032806,0.687108,-1.276314,-0.326882,0.144307,0.158587,0.106142,-0.108460
-0.239636,0.861245,0.817414,0.093938,-0.024818,-0.356872,-0.929087,-0.176667,0.130770,-0.153435,0.461067,-0.300191,-0.033975,-0.286695,0.145262,0.230981,0.138076,-0.050441,0.157657,-0.401178,0.058494,0.117002,-0.047744,0.886843,-0.805882,-0.251760,-0.144134,0.005464,0.033685,0.674988,-1.343162,-0.373959,0.363755,0.169063,0.104543,-0.112954
-0.243170,0.855336,0.817878,0.089569,-0.021565,-0.338161,-0.936568,-0.163559,0.128974,-0.133399,0.452447,-0.300953,-0.029049,-0.283087,0.145504,0.241940,0.136952,-0.041564,0.181262,-0.390157,0.056185,0.109641,-0.117583,0.890583,-0.806072,-0.218073,-0.144446,0.006038,0.034214,0.655327,-1.413265,-0.411565,0.587844,0.177494,0.102616,-0.115402
-0.246628,0.849304,0.818260,0.085301,-0.018021,-0.319292,-0.943638,-0.150258,0.127115,-0.113425,0.443817,-0.301583,-0.024287,-0.279304,0.145805,0.253004,0.135952,-0.032855,0.204878,-0.380513,0.053210,0.102519,-0.186467,0.894222,-0.805042,-0.184146,-0.144635,0.006517,0.034636,0.634863,-1.485102,-0.445586,0.812627,0.183687,0.101194,-0.116457
-0.250345,0.844856,0.819100,0.082880,-0.017363,-0.305164,-0.948528,-0.147176,0.134509,-0.081140,0.444989,-0.304471,-0.025583,-0.284971,0.143928,0.249481,0.152029,-0.032861,0.212703,-0.366466,0.048540,0.105775,-0.255194,0.874728,-0.837568,-0.146752,-0.143469,0.008996,0.026810,0.573974,-1.534634,-0.437151,0.802479,0.186557,0.089367,-0.107282
-0.253950,0.840252,0.819978,0.080317,-0.017000,-0.291171,-0.953142,-0.144509,0.141437,-0.049220,0.445514,-0.306578,-0.027262,-0.291928,0.141839,0.245497,0.169520,-0.033470,0.220386,-0.352920,0.042031,0.109000,-0.321410,0.855698,-0.866919,-0.110469,-0.141709,0.011225,0.018372,0.507594,-1.580175,-0.422526,0.784360,0.188980,0.083828,-0.100905
-0.257367,0.835602,0.820863,0.077735,-0.016633,-0.277156,-0.957531,-0.141797,0.148162,-0.017350,0.445957,-0.308511,-0.028925,-0.299152,0.139694,0.241374,0.187502,-0.034370,0.228141,-0.338163,0.035359,0.112744,-0.387248,0.834855,-0.895675,-0.074452,-0.139544,0.013416,0.010392,0.437192,-1.623563,-0.403394,0.763808,0.191734,0.079227,-0.095336
-0.260274,0.831366,0.821300,0.076378,-0.017055,-0.262019,-0.961884,-0.131877,0.160087,0.011403,0.425261,-0.304606,-0.031877,-0.306777,0.130521,0.209671,0.226005,-0.043631,0.219854,-0.301685,0.047452,0.120592,-0.451186,0.796975,-0.945371,-0.017906,-0.131488,0.016110,0.000392,0.353277,-1.650238,-0.340136,0.654780,0.180915,0.076558,-0.077586
-0.263161,0.826904,0.821804,0.074637,-0.017293,-0.246856,-0.966019,-0.122120,0.171458,0.040425,0.405634,-0.300573,-0.035270,-0.315683,0.120997,0.178222,0.268137,-0.054293,0.211027,-0.264178,0.054741,0.128743,-0.514783,0.758950,-0.994739,0.040942,-0.123268,0.017368,-0.009252,0.251938,-1.671556,-0.258838,0.543102,0.169281,0.076504,-0.062493
-0.265905,0.822099,0.822219,0.072469,-0.017465,-0.231787,-0.969906,-0.112423,0.181973,0.069479,0.386371,-0.296269,-0.039043,-0.325276,0.110560,0.146949,0.312421,-0.065766,0.201631,-0.225967,0.057610,0.137206,-0.576991,0.721301,-1.043269,0.099635,-0.114818,0.018545,-0.018553,0.138908,-1.687899,-0.166067,0.430483,0.156724,0.076081,-0.048293
-0.267343,0.814925,0.822249,0.072135,-0.017309,-0.217882,-0.973152,-0.095945,0.197089,0.095637,0.355424,-0.277785,-0.042109,-0.324971,0.092801,0.109361,0.359097,-0.080545,0.184551,-0.179923,0.068044,0.140173,-0.612947,0.689835,-1.088231,0.124935,-0.107355,0.019349,-0.028610,0.022260,-1.652602,-0.029280,0.371980,0.137221,0.084725,-0.027193
-0.268584,0.807194,0.822268,0.071249,-0.016967,-0.203952,-0.976237,-0.078820,0.211367,0.122260,0.324611,-0.259022,-0.046052,-0.324824,0.074106,0.072479,0.408298,-0.096579,0.166061,-0.141091,0.069017,0.139659,-0.641374,0.667463,-1.131005,0.148535,-0.100555,0.021612,-0.038172,-0.135026,-1.602478,0.147724,0.325100,0.111179,0.092067,-0.006739
-0.269699,0.798952,0.822242,0.069756,-0.016442,-0.190026,-0.979160,-0.061473,0.224506,0.149229,0.294430,-0.240086,-0.050641,-0.324913,0.054074,0.036448,0.460005,-0.113916,0.146328,-0.116667,0.061209,0.135171,-0.657555,0.656506,-1.166102,0.171864,-0.094459,0.024083,-0.047317,-0.336151,-1.530414,0.367183,0.297123,0.080171,0.099406,0.013968
-0.270043,0.791276,0.821667,0.068679,-0.017417,-0.178086,-0.981461,-0.036886,0.231215,0.169825,0.246676,-0.211163,-0.052242,-0.333407,0.028286,0.017940,0.493613,-0.129284,0.121669,-0.132090,0.055032,0.127392,-0.634301,0.671806,-1.152538,0.175372,-0.093747,0.024743,-0.049605,-0.574925,-1.436730,0.595563,0.244528,0.074275,0.099233,0.030596
-0.270710,0.784704,0.821056,0.067030,-0.018341,-0.166625,-0.983568,-0.012735,0.234383,0.190242,0.200230,-0.183301,-0.052138,-0.340479,-0.001014,0.000941,0.526116,-0.144555,0.098881,-0.163479,0.060987,0.122106,-0.595099,0.686253,-1.114887,0.173291,-0.090682,0.025713,-0.051859,-0.790289,-1.335190,0.798860,0.198311,0.081149,0.100585,0.047356
-0.271226,0.779095,0.820593,0.065011,-0.019395,-0.155435,-0.985514,0.010693,0.235082,0.210483,0.155733,-0.157303,-0.051007,-0.346186,-0.032839,-0.014667,0.557261,-0.159831,0.077469,-0.189064,0.076895,0.121428,-0.558936,0.688824,-1.073786,0.169543,-0.085258,0.026604,-0.054884,-0.939543,-1.245877,0.935632,0.140654,0.096911,0.101294,0.062733
-0.269034,0.771865,0.819250,0.060459,-0.021934,-0.148195,-0.986865,0.016314,0.235798,0.228804,0.146788,-0.141359,-0.058887,-0.343130,-0.060547,-0.024985,0.556792,-0.170646,0.083249,-0.202688,0.084768,0.119437,-0.498750,0.694832,-1.031432,0.165928,-0.086354,0.028958,-0.057218,-1.012747,-1.210467,0.998583,-0.002538,0.125643,0.100077,0.068283
-0.266340,0.764460,0.817995,0.056699,-0.025035,-0.140633,-0.988120,0.020164,0.239011,0.247055,0.139182,-0.126213,-0.067767,-0.340054,-0.085875,-0.036159,0.553670,-0.180141,0.088158,-0.201459,0.091157,0.115939,-0.450379,0.695690,-1.004302,0.163403,-0.087725,0.031591,-0.059699,-1.044586,-1.193108,1.021767,-0.164092,0.150155,0.101868,0.069460
-0.263357,0.756889,0.816753,0.052958,-0.028264,-0.132894,-0.989311,0.023656,0.242725,0.265388,0.131731,-0.111016,-0.077113,-0.337351,-0.110560,-0.047451,0.550581,-0.189558,0.092667,-0.193583,0.095354,0.111566,-0.408054,0.695109,-0.985082,0.161829,-0.089900,0.034338,-0.061967,-1.059117,-1.182311,1.028255,-0.331559,0.170864,0.103669,0.067510
-0.259426,0.748433,0.815048,0.049853,-0.032207,-0.120491,-0.990939,0.028935,0.250757,0.290646,0.129129,-0.104710,-0.089149,-0.350507,-0.115987,-0.051029,0.557447,-0.199014,0.109765,-0.174100,0.096835,0.106264,-0.345149,0.715942,-0.957987,0.142543,-0.094569,0.035820,-0.062106,-1.061975,-1.204896,1.027551,-0.387713,0.175059,0.109998,0.068807
-0.255410,0.739857,0.813264,0.046743,-0.036534,-0.107877,-0.992392,0.033113,0.258994,0.316116,0.127055,-0.098357,-0.101286,-0.364839,-0.121168,-0.054347,0.564217,-0.208292,0.126597,-0.154272,0.097823,0.099378,-0.280354,0.736093,-0.929621,0.122208,-0.099589,0.038035,-0.061818,-1.064383,-1.224697,1.026475,-0.438532,0.177816,0.111819,0.071453
-0.251232,0.731437,0.811568,0.043464,-0.040928,-0.095278,-0.993659,0.037115,0.266872,0.341541,0.124994,-0.091877,-0.113316,-0.379532,-0.126720,-0.057543,0.571126,-0.217716,0.143408,-0.134658,0.098394,0.092214,-0.213998,0.754660,-0.899357,0.101708,-0.104553,0.040278,-0.061364,-1.066756,-1.244093,1.025245,-0.488866,0.180271,0.113132,0.074081
-0.244655,0.722581,0.809721,0.042639,-0.044535,-0.080515,-0.994845,0.050334,0.281207,0.380750,0.119426,-0.083106,-0.099916,-0.382302,-0.116021,-0.069361,0.562820,-0.218134,0.136617,-0.118428,0.095263,0.080554,-0.163475,0.773369,-0.883065,0.072296,-0.112057,0.041859,-0.064461,-1.062428,-1.264448,1.020295,-0.534207,0.191509,0.112951,0.072326
-0.238079,0.713742,0.808054,0.042100,-0.047792,-0.065647,-0.995808,0.065014,0.295965,0.420683,0.113338,-0.074608,-0.086517,-0.383512,-0.104356,-0.081793,0.552214,-0.217343,0.129488,-0.100811,0.092356,0.069892,-0.113651,0.791417,-0.867242,0.042630,-0.120167,0.043948,-0.067026,-1.054911,-1.285926,1.012189,-0.579891,0.202235,0.112344,0.070125
-0.231408,0.704934,0.806499,0.041484,-0.050988,-0.050805,-0.996543,0.080490,0.310090,0.461087,0.106702,-0.066426,-0.072917,-0.384486,-0.092797,-0.094505,0.540965,-0.216186,0.122221,-0.082998,0.089181,0.059573,-0.063405,0.808505,-0.850650,0.013060,-0.128352,0.046053,-0.069248,-1.045767,-1.307617,1.002543,-0.625714,0.212436,0.111535,0.067451
-0.223305,0.694734,0.808117,0.039676,-0.049912,-0.034365,-0.997373,0.071056,0.311726,0.438255,0.146788,-0.081125,-0.006683,-0.358637,-0.065501,-0.086903,0.499430,-0.199613,0.108307,-0.067704,0.079354,0.053404,-0.000349,0.823442,-0.825467,0.018581,-0.129958,0.050256,-0.072357,-1.030936,-1.339756,0.992077,-0.620455,0.221571,0.111068,0.063602
-0.215128,0.684216,0.809906,0.037670,-0.048446,-0.017975,-0.997953,0.059579,0.313454,0.412746,0.192244,-0.098009,0.059044,-0.329364,-0.038765,-0.078603,0.453349,-0.180868,0.094176,-0.053212,0.068181,0.047715,0.064323,0.836688,-0.797994,0.026257,-0.130707,0.052816,-0.076178,-1.013585,-1.369453,0.978699,-0.612380,0.230000,0.108364,0.060986
-0.206970,0.673497,0.811854,0.034752,-0.046678,-0.001627,-0.998304,0.046655,0.312827,0.385128,0.241284,-0.116219,0.124546,-0.298763,-0.014474,-0.068688,0.406761,-0.162014,0.080242,-0.039164,0.054688,0.042343,0.130303,0.848469,-0.768521,0.034665,-0.131364,0.054797,-0.080514,-0.994222,-1.398383,0.963151,-0.603201,0.238387,0.104563,0.058613
-0.198660,0.663704,0.814276,0.032760,-0.041634,0.031797,-0.998089,0.022116,0.297095,0.321275,0.303606,-0.131467,0.123637,-0.257693,0.016863,-0.051864,0.347511,-0.132586,0.067222,-0.017845,0.036347,0.033139,0.147853,0.867346,-0.756634,-0.024456,-0.140020,0.050861,-0.081001,-0.998090,-1.419516,0.959180,-0.587403,0.237932,0.103666,0.058806
-0.190885,0.653552,0.816472,0.030297,-0.036062,0.065225,-0.996758,-0.003969,0.278401,0.257630,0.372432,-0.150539,0.121582,-0.215877,0.045006,-0.032973,0.289072,-0.102958,0.054486,0.004636,0.016991,0.025900,0.163649,0.888368,-0.746344,-0.088527,-0.151610,0.051137,-0.079275,-1.006274,-1.441485,0.958475,-0.569378,0.238229,0.101730,0.058704
-0.183753,0.643302,0.818579,0.027100,-0.030221,0.098374,-0.994321,-0.031173,0.255065,0.194642,0.445223,-0.171994,0.118737,-0.175507,0.068865,-0.012629,0.234799,-0.075012,0.042386,0.026676,-0.004201,0.019779,0.179212,0.909460,-0.735613,-0.153409,-0.163406,0.052016,-0.076557,-1.017347,-1.463640,0.959967,-0.550839,0.238842,0.099523,0.058508
-0.177217,0.634747,0.819094,0.028260,-0.024139,0.128610,-0.990999,-0.039913,0.218785,0.146883,0.465648,-0.192601,0.095439,-0.136830,0.098358,0.033548,0.195343,-0.053609,0.052789,0.043878,-0.012133,0.013321,0.147951,0.938916,-0.741881,-0.214548,-0.171146,0.051832,-0.071026,-1.037501,-1.467745,0.979514,-0.544458,0.230257,0.099217,0.064242
-0.171299,0.626311,0.819638,0.028788,-0.017279,0.158546,-0.986781,-0.045466,0.178858,0.101103,0.483745,-0.211782,0.073168,-0.097415,0.123095,0.081334,0.158923,-0.033818,0.063667,0.061580,-0.020625,0.009355,0.111094,0.965373,-0.752555,-0.272855,-0.179385,0.051244,-0.064302,-1.064938,-1.472463,1.005751,-0.536832,0.222023,0.099266,0.069256
-0.165890,0.617918,0.820306,0.029182,-0.010395,0.188093,-0.981663,-0.050583,0.137075,0.056387,0.501812,-0.230533,0.051389,-0.058506,0.144565,0.129878,0.124652,-0.015177,0.074665,0.078530,-0.029404,0.006176,0.072091,0.990006,-0.764681,-0.330009,-0.187141,0.050224,-0.057025,-1.097479,-1.476476,1.036453,-0.528338,0.214088,0.099255,0.073880
-0.159087,0.610335,0.820923,0.035067,-0.004583,0.212745,-0.976468,-0.046494,0.138648,0.043324,0.498781,-0.241744,0.044071,-0.060742,0.139614,0.142121,0.134179,-0.032361,0.111232,0.090609,-0.019874,0.010397,0.051683,0.994582,-0.790076,-0.338481,-0.188174,0.053404,-0.060323,-1.113241,-1.448280,1.075916,-0.524827,0.205735,0.106972,0.089779
-0.152402,0.602760,0.821621,0.040389,0.000288,0.237015,-0.970666,-0.043836,0.138437,0.030314,0.493991,-0.251517,0.037210,-0.067766,0.133324,0.152873,0.149442,-0.052717,0.148246,0.100933,-0.011204,0.012119,0.032139,0.996299,-0.814798,-0.343166,-0.187621,0.054212,-0.064825,-1.128403,-1.417869,1.115121,-0.521546,0.196486,0.116001,0.106014
-0.145928,0.595130,0.822337,0.045810,0.004773,0.261089,-0.964215,-0.041667,0.138052,0.017339,0.489112,-0.261033,0.030375,-0.075829,0.126910,0.162544,0.165642,-0.073736,0.185364,0.110796,-0.002354,0.013330,0.012964,0.997182,-0.838953,-0.347098,-0.186854,0.054334,-0.069807,-1.142245,-1.386664,1.152896,-0.517530,0.187034,0.124153,0.122219
-0.140621,0.589553,0.821217,0.049905,0.006779,0.274957,-0.960136,-0.036324,0.146455,0.022001,0.497346,-0.290325,0.022538,-0.123631,0.076645,0.133376,0.195436,-0.079521,0.188636,0.084158,0.022295,0.023391,-0.030358,0.951549,-0.808613,-0.393172,-0.184197,0.048634,-0.043903,-1.057867,-1.352649,1.109413,-0.502643,0.186658,0.125430,0.103803
-0.135758,0.582867,0.820120,0.052972,0.007607,0.288046,-0.956120,-0.033773,0.154309,0.025326,0.505248,-0.319173,0.013544,-0.174321,0.024795,0.105008,0.228590,-0.087121,0.190071,0.060463,0.033319,0.030780,-0.075028,0.919546,-0.779892,-0.442482,-0.180223,0.044351,-0.018151,-0.935375,-1.314288,1.028470,-0.492411,0.176721,0.125649,0.091953
-0.131260,0.575752,0.819109,0.055326,0.007770,0.300686,-0.952086,-0.032413,0.161576,0.028240,0.512067,-0.347380,0.004008,-0.225843,-0.028884,0.078520,0.262634,-0.095247,0.190378,0.040886,0.036576,0.036340,-0.123173,0.894599,-0.755542,-0.492966,-0.175470,0.040512,0.007555,-0.799053,-1.270301,0.934500,-0.486988,0.160769,0.125795,0.084434
-0.132298,0.566476,0.814232,0.053167,0.004899,0.299002,-0.952758,-0.050156,0.174798,0.034126,0.531375,-0.361797,-0.016893,-0.268908,-0.093291,0.062138,0.262760,-0.078793,0.177350,0.002346,0.022719,0.048132,-0.143799,0.833836,-0.736828,-0.465292,-0.170060,0.041663,0.021282,-0.576479,-1.170246,0.743568,-0.442915,0.145595,0.122599,0.066289
-0.133098,0.557556,0.809587,0.051664,0.002917,0.297187,-0.953416,-0.063512,0.188245,0.040191,0.546133,-0.374376,-0.037248,-0.304197,-0.158513,0.046822,0.253565,-0.058101,0.164849,-0.043401,0.015062,0.061111,-0.155184,0.768741,-0.707546,-0.438664,-0.163765,0.041548,0.034406,-0.421237,-1.055878,0.620192,-0.403870,0.134599,0.121558,0.043513
-0.134093,0.548502,0.804931,0.050680,0.000298,0.295325,-0.954052,-0.079594,0.203865,0.045143,0.563448,-0.388239,-0.058341,-0.341240,-0.222482,0.032229,0.247065,-0.038769,0.151734,-0.083696,0.008059,0.073071,-0.173523,0.703607,-0.684139,-0.409935,-0.157744,0.040129,0.047186,-0.284313,-0.931757,0.512404,-0.374758,0.118298,0.117669,0.024396
-0.136082,0.540654,0.797881,0.048219,-0.004842,0.288267,-0.956323,-0.107511,0.220307,0.048526,0.596179,-0.401496,-0.076357,-0.371188,-0.260705,0.026306,0.243849,0.008620,0.149975,-0.106478,-0.002063,0.090253,-0.186012,0.646449,-0.691173,-0.304631,-0.151797,0.037810,0.046785,-0.190902,-0.789665,0.422250,-0.266710,0.099167,0.108798,-0.017435
-0.137992,0.533128,0.791025,0.046326,-0.008595,0.281114,-0.958517,-0.130599,0.236493,0.052073,0.625255,-0.413347,-0.094082,-0.395462,-0.299178,0.020401,0.236234,0.057862,0.148551,-0.138515,-0.009268,0.110033,-0.185841,0.589313,-0.683925,-0.208397,-0.144708,0.038109,0.047213,-0.117318,-0.650587,0.347203,-0.176789,0.083250,0.102763,-0.061022
-0.140286,0.525998,0.783772,0.045709,-0.013274,0.274402,-0.960436,-0.159723,0.256475,0.053893,0.661800,-0.428352,-0.112475,-0.423986,-0.334185,0.015066,0.232614,0.106280,0.146541,-0.167909,-0.012411,0.129568,-0.190591,0.527233,-0.675883,-0.107000,-0.137679,0.033934,0.047257,-0.049635,-0.512807,0.266765,-0.099251,0.066933,0.089241,-0.101818
-0.142642,0.518397,0.775083,0.044689,-0.021618,0.265376,-0.962866,-0.208915,0.280655,0.051497,0.716910,-0.446544,-0.124807,-0.446707,-0.348532,0.020582,0.248933,0.121822,0.196127,-0.182677,-0.010171,0.152246,-0.207820,0.482418,-0.676873,0.077253,-0.125217,0.030541,0.045477,-0.042553,-0.410643,0.255600,0.030390,0.073208,0.069851,-0.132123
-0.145110,0.511374,0.766135,0.044536,-0.029761,0.256731,-0.964997,-0.259553,0.305976,0.047842,0.774864,-0.466172,-0.137159,-0.469906,-0.360773,0.027713,0.266003,0.137126,0.246391,-0.198504,-0.006904,0.175752,-0.221883,0.432764,-0.667627,0.255024,-0.111255,0.026371,0.044715,-0.033697,-0.313877,0.234997,0.144756,0.082228,0.048170,-0.153263
-0.155329,0.495725,0.758645,0.060103,-0.042972,0.255717,-0.963924,-0.318075,0.390686,0.027708,0.827753,-0.476606,-0.176193,-0.506915,-0.311648,0.013706,0.304492,0.143360,0.261800,-0.195371,0.019750,0.214143,-0.239361,0.394448,-0.644146,0.411265,-0.098976,0.025370,0.042710,-0.032658,-0.215924,0.201155,0.240273,0.097809,0.033526,-0.163234
-0.169124,0.478648,0.749712,0.070149,-0.062498,0.261909,-0.960509,-0.396960,0.475659,0.007217,0.874931,-0.469491,-0.205154,-0.579988,-0.260154,0.005284,0.363164,0.128005,0.261800,-0.166625,0.040825,0.243317,-0.228053,0.383677,-0.616499,0.432369,-0.089189,0.017608,0.033177,-0.028449,-0.145275,0.166784,0.276014,0.112143,0.021490,-0.126493
-0.182905,0.460917,0.740497,0.077524,-0.081749,0.268523,-0.956662,-0.477195,0.553014,-0.017079,0.915175,-0.457651,-0.233097,-0.657307,-0.213276,-0.004124,0.426898,0.109529,0.261800,-0.136257,0.056006,0.267706,-0.207045,0.364757,-0.573518,0.432161,-0.078546,0.015867,0.024177,-0.019625,-0.079160,0.128169,0.313840,0.131155,0.016682,-0.085602
-0.196896,0.442612,0.731141,0.082288,-0.099436,0.275192,-0.952686,-0.556043,0.621833,-0.043787,0.949277,-0.441826,-0.259584,-0.735274,-0.171646,-0.014356,0.493883,0.088728,0.261800,-0.105373,0.065113,0.290908,-0.180517,0.335050,-0.515278,0.419238,-0.066683,0.015509,0.013368,-0.009487,-0.017854,0.088919,0.370150,0.158486,0.015769,-0.041129
-0.205902,0.435854,0.720388,0.071859,-0.117261,0.273218,-0.952070,-0.640361,0.629759,-0.058606,0.983654,-0.446590,-0.261800,-0.819966,-0.170921,0.013179,0.550791,0.081005,0.261800,-0.084289,0.056309,0.321113,-0.150050,0.289495,-0.445044,0.373992,-0.053417,0.009292,0.012443,-0.014046,-0.004008,0.047550,0.264046,0.123477,-0.001530,-0.023502
-0.215066,0.428493,0.710529,0.059740,-0.134895,0.269248,-0.951704,-0.721767,0.629950,-0.070327,1.012204,-0.448775,-0.261800,-0.902860,-0.172704,0.041012,0.606466,0.072545,0.261800,-0.067511,0.044876,0.352281,-0.118221,0.238757,-0.369684,0.323534,-0.039320,0.005068,0.011233,-0.007886,0.005179,0.008729,0.168866,0.097960,-0.006003,-0.016636
-0.224290,0.420526,0.701007,0.047910,-0.152443,0.264727,-0.950992,-0.801480,0.628710,-0.081008,1.039307,-0.451355,-0.261800,-0.983829,-0.171899,0.068135,0.661676,0.063179,0.261800,-0.052061,0.033701,0.384212,-0.087230,0.188316,-0.296814,0.275313,-0.025112,0.001520,0.009131,-0.000449,0.015712,-0.022486,0.108867,0.086134,-0.008403,-0.009564
-0.233475,0.419247,0.693111,0.034451,-0.170186,0.258688,-0.950226,-0.880447,0.616484,-0.081450,1.057671,-0.445581,-0.261800,-1.054974,-0.182573,0.081664,0.683347,0.072512,0.261800,-0.049351,0.021582,0.404410,-0.069772,0.143875,-0.232059,0.196113,-0.013330,-0.001605,0.008900,0.003364,0.009904,-0.027680,0.044044,0.053131,-0.005739,-0.014221
-0.242872,0.417927,0.685299,0.021835,-0.187548,0.252470,-0.949004,-0.957540,0.604489,-0.081214,1.075325,-0.440119,-0.261800,-1.123383,-0.191334,0.094925,0.702070,0.083103,0.261800,-0.048383,0.010934,0.425221,-0.054828,0.108370,-0.180863,0.124520,-0.002289,-0.002346,0.009118,0.004429,0.003850,-0.017757,0.010527,0.024828,-0.001783,-0.009982
-0.252732,0.416511,0.677406,0.009888,-0.204364,0.246096,-0.947404,-1.033018,0.592394,-0.080427,1.093258,-0.435461,-0.261800,-1.190252,-0.198385,0.108326,0.720470,0.093747,0.261800,-0.048426,0.001207,0.446778,-0.044827,0.083334,-0.146592,0.064072,0.008160,-0.002874,0.009554,-0.000386,-0.001697,0.008687,0.004173,-0.003033,-0.000461,0.004636
-0.257594,0.417484,0.672270,0.001327,-0.216619,0.241411,-0.945936,-1.084976,0.578766,-0.081214,1.107174,-0.426339,-0.261800,-1.233155,-0.205415,0.122269,0.724631,0.103072,0.261800,-0.053082,-0.005767,0.459043,-0.032419,0.062996,-0.098266,0.038263,0.005822,-0.002085,0.009552,0.002702,0.001406,-0.004511,0.000153,0.003743,0.000176,-0.000174
-0.262697,0.418476,0.667316,-0.006578,-0.227596,0.236839,-0.944491,-1.133272,0.565343,-0.081111,1.120956,-0.417682,-0.261800,-1.272389,-0.211322,0.136027,0.727526,0.112794,0.261800,-0.056738,-0.012235,0.474398,-0.026282,0.051888,-0.065574,0.021603,0.003707,-0.002845,0.010162,0.001041,0.001449,-0.005542,-0.001301,0.002762,0.000441,-0.002895
-0.268103,0.419405,0.662300,-0.014141,-0.238223,0.232200,-0.942939,-1.180820,0.551687,-0.080616,1.135395,-0.409492,-0.261800,-1.310872,-0.216461,0.149750,0.730661,0.122371,0.261800,-0.060601,-0.018224,0.490601,-0.024118,0.049153,-0.044531,0.009227,0.002016,-0.004166,0.011737,-0.006461,-0.004923,0.002770,-0.010984,-0.006340,-0.000044,-0.004688
-0.271772,0.416455,0.660990,-0.018612,-0.246399,0.225924,-0.942284,-1.207709,0.544977,-0.079619,1.125748,-0.387569,-0.261800,-1.336731,-0.221598,0.151265,0.738546,0.127575,0.261800,-0.066667,-0.023150,0.494312,-0.012433,0.042180,-0.033385,-0.006355,0.001664,-0.003998,0.009114,-0.000554,0.003757,-0.000580,0.008222,0.000159,0.000876,0.000194
-0.275454,0.413494,0.659942,-0.022967,-0.254125,0.219631,-0.941624,-1.232913,0.537999,-0.078185,1.115531,-0.365509,-0.261800,-1.361179,-0.226713,0.153050,0.745967,0.132782,0.261800,-0.072433,-0.028842,0.498441,-0.001877,0.041505,-0.028476,-0.023640,0.002036,-0.004052,0.007779,0.002415,0.004344,-0.001111,0.008728,0.002107,-0.000472,0.002514
-0.279425,0.410383,0.658930,-0.027227,-0.261777,0.213330,-0.940862,-1.257828,0.530752,-0.076735,1.105378,-0.343587,-0.261800,-1.385322,-0.231755,0.155022,0.753277,0.137988,0.261800,-0.078317,-0.034676,0.502811,0.008079,0.045679,-0.027026,-0.043791,0.003011,-0.004541,0.007576,0.003670,-0.005508,-0.000647,-0.013375,0.002289,-0.001904,0.003235
-0.280481,0.407627,0.659907,-0.030294,-0.264136,0.210176,-0.940819,-1.258314,0.526360,-0.071398,1.091542,-0.327066,-0.261800,-1.390779,-0.237528,0.152806,0.753024,0.136714,0.261800,-0.084853,-0.037946,0.492816,0.005774,0.035568,-0.021541,-0.020502,0.000809,-0.001708,0.010161,0.002284,0.000034,0.000660,0.001990,0.000668,0.000289,0.001554
-0.281671,0.404946,0.661208,-0.033173,-0.265574,0.207155,-0.940987,-1.256072,0.522120,-0.065590,1.076989,-0.310319,-0.261800,-1.393568,-0.243236,0.150487,0.751890,0.135660,0.261800,-0.091197,-0.041708,0.485210,0.001065,0.028293,-0.017671,0.004430,-0.001394,-0.001743,0.013152,-0.001428,0.001275,0.002087,0.005772,-0.001192,0.000506,-0.000985
-0.282883,0.402226,0.662621,-0.036014,-0.266753,0.204143,-0.941207,-1.253132,0.517785,-0.059723,1.062301,-0.293542,-0.261800,-1.395661,-0.249003,0.148197,0.750692,0.134579,0.261800,-0.097556,-0.045561,0.478319,-0.004608,0.024699,-0.014847,0.028833,-0.003973,-0.002541,0.016837,-0.005585,-0.000485,0.001479,-0.001734,-0.003737,0.001457,-0.004318
-0.281621,0.400767,0.666294,-0.036524,-0.265506,0.202895,-0.941810,-1.234660,0.514629,-0.052928,1.041137,-0.282678,-0.261800,-1.379779,-0.253145,0.143344,0.735109,0.137564,0.261800,-0.102496,-0.043335,0.462338,-0.010894,0.023381,-0.017050,0.040464,-0.005561,-0.002798,0.014498,-0.002149,-0.001212,0.002776,0.001160,-0.000519,0.000454,-0.000565
-0.280359,0.399365,0.670255,-0.036884,-0.263647,0.201923,-0.942527,-1.214374,0.511728,-0.045820,1.019720,-0.272071,-0.261800,-1.361986,-0.256860,0.138214,0.718646,0.140755,0.261800,-0.106690,-0.041214,0.447587,-0.018223,0.025403,-0.020693,0.054483,-0.007945,-0.002780,0.013316,0.001088,-0.000592,0.000247,0.000258,0.001521,-0.000486,0.001117
-0.279092,0.397983,0.674185,-0.037251,-0.261621,0.201020,-0.943270,-1.193682,0.508685,-0.038608,0.998380,-0.261632,-0.261800,-1.343834,-0.260424,0.133034,0.702302,0.143801,0.261800,-0.110664,-0.039153,0.433199,-0.027606,0.030784,-0.025917,0.073817,-0.011462,-0.002881,0.012701,0.004088,0.000398,-0.005050,-0.002852,0.003062,-0.001084,0.000852
-0.275892,0.396563,0.679628,-0.033483,-0.254168,0.200121,-0.945637,-1.153872,0.510520,-0.032672,0.970800,-0.259471,-0.261800,-1.302910,-0.262239,0.123251,0.681185,0.139976,0.261800,-0.109232,-0.030950,0.412682,-0.026913,0.033527,-0.039238,0.087674,-0.014820,-0.002357,0.011918,0.003238,0.003962,-0.006460,-0.002331,0.000168,-0.000955,0.001606
-0.272678,0.395105,0.685186,-0.029532,-0.245820,0.199404,-0.948124,-1.111671,0.512239,-0.026244,0.943217,-0.258012,-0.261800,-1.259513,-0.263123,0.113481,0.659590,0.135972,0.261800,-0.107476,-0.022851,0.394113,-0.028083,0.039026,-0.054667,0.108902,-0.019778,-0.001425,0.012522,0.000528,0.002610,-0.002397,-0.000410,-0.001318,-0.000186,0.000503
-0.269499,0.393816,0.690793,-0.025605,-0.237296,0.198675,-0.950560,-1.069101,0.513507,-0.019566,0.915720,-0.256825,-0.261800,-1.215704,-0.263313,0.103743,0.638030,0.131793,0.261800,-0.105688,-0.014818,0.376017,-0.031653,0.046716,-0.072009,0.138962,-0.026671,-0.000504,0.013904,-0.005280,-0.006054,0.011089,0.004253,-0.000925,0.001680,-0.001971
-0.266021,0.393405,0.697395,-0.021577,-0.227981,0.198064,-0.953063,-1.020672,0.512824,-0.012397,0.881587,-0.249233,-0.261800,-1.168778,-0.266340,0.090658,0.609346,0.146119,0.261800,-0.102922,-0.008413,0.354402,-0.036810,0.051905,-0.084293,0.179369,-0.041392,0.000691,0.021180,-0.012451,-0.022106,0.039793,0.023624,-0.000756,0.005626,-0.004709
-0.262110,0.393272,0.704107,-0.017556,-0.218330,0.197558,-0.955507,-0.971327,0.511307,-0.005011,0.848998,-0.243573,-0.261800,-1.120730,-0.268480,0.079299,0.581043,0.159852,0.261800,-0.100356,-0.001961,0.333219,-0.043314,0.057168,-0.096673,0.228303,-0.058502,0.001882,0.028843,-0.023839,-0.044696,0.079350,0.047955,0.000228,0.010297,-0.007869
-0.258200,0.393116,0.710746,-0.013579,-0.208575,0.197077,-0.957848,-0.921969,0.509240,0.002507,0.816904,-0.238472,-0.261800,-1.072618,-0.269796,0.067992,0.553213,0.173168,0.261800,-0.097692,0.004408,0.312276,-0.051319,0.062457,-0.108561,0.285235,-0.078116,0.003200,0.036013,-0.038658,-0.070972,0.125487,0.076727,0.001374,0.015151,-0.010451
-0.253711,0.391697,0.718503,-0.007185,-0.196835,0.196945,-0.960425,-0.856983,0.516285,0.016281,0.766116,-0.226147,-0.261800,-0.997629,-0.266918,0.049264,0.492228,0.187003,0.261800,-0.095946,0.016577,0.284335,-0.055335,0.075040,-0.137958,0.312256,-0.083991,0.001995,0.039684,-0.044360,-0.089186,0.169849,0.112202,0.006779,0.020838,-0.014036
-0.248586,0.390699,0.726548,-0.000326,-0.184152,0.197131,-0.962926,-0.789006,0.522784,0.031542,0.717120,-0.216605,-0.261800,-0.919160,-0.261441,0.032506,0.429971,0.200346,0.261800,-0.093005,0.029070,0.258319,-0.058672,0.086304,-0.167869,0.344250,-0.092306,0.002541,0.044758,-0.049745,-0.104283,0.211190,0.150567,0.011204,0.026145,-0.016407
-0.243589,0.389710,0.734762,0.006811,-0.171328,0.197320,-0.965228,-0.720899,0.528528,0.047393,0.669020,-0.207923,-0.261800,-0.840311,-0.253396,0.016235,0.367605,0.213456,0.261800,-0.089949,0.041956,0.233250,-0.062585,0.096012,-0.198130,0.383701,-0.103115,0.003617,0.050371,-0.054898,-0.114243,0.247170,0.191437,0.014892,0.030866,-0.017143
-0.233299,0.392868,0.742695,0.013162,-0.159407,0.198347,-0.966993,-0.639685,0.528002,0.066574,0.611289,-0.203685,-0.261800,-0.763831,-0.256846,0.002242,0.313871,0.237244,0.261800,-0.090985,0.057725,0.209781,-0.060505,0.099725,-0.249562,0.404074,-0.100739,0.004478,0.050600,-0.056222,-0.129819,0.277146,0.196068,0.013496,0.033145,-0.017436
-0.222536,0.395689,0.751040,0.019276,-0.147061,0.198852,-0.968741,-0.556821,0.524971,0.086697,0.553190,-0.200140,-0.261800,-0.684916,-0.260066,-0.011933,0.259320,0.260266,0.261800,-0.092484,0.073796,0.186450,-0.056374,0.101110,-0.302163,0.428665,-0.099517,0.006830,0.051169,-0.053572,-0.141664,0.300137,0.200364,0.011387,0.036204,-0.015992
-0.211668,0.398107,0.759765,0.025115,-0.134466,0.198900,-0.970426,-0.473083,0.519449,0.107193,0.494373,-0.196859,-0.261800,-0.603694,-0.262771,-0.026762,0.202800,0.283442,0.261800,-0.094705,0.089427,0.163394,-0.050531,0.099665,-0.353111,0.456538,-0.098477,0.009335,0.050714,-0.048580,-0.148313,0.317462,0.207518,0.008678,0.038527,-0.012861
-0.200446,0.402087,0.766964,0.034230,-0.125907,0.198413,-0.971395,-0.395094,0.522299,0.130740,0.423350,-0.175562,-0.256683,-0.546925,-0.248991,-0.049096,0.204096,0.265548,0.261800,-0.099763,0.110714,0.140841,-0.047013,0.105284,-0.381738,0.443412,-0.096495,0.006685,0.054838,-0.040366,-0.156642,0.318561,0.196499,0.011290,0.036991,-0.011242
-0.192591,0.408690,0.775319,0.034424,-0.116616,0.193204,-0.973595,-0.323276,0.493239,0.155817,0.343533,-0.143819,-0.235717,-0.496946,-0.257655,-0.067288,0.202850,0.255175,0.261800,-0.113801,0.118583,0.121376,-0.045864,0.104539,-0.402070,0.419581,-0.091388,0.007760,0.057249,-0.034251,-0.166455,0.311297,0.185217,0.014327,0.036310,-0.006888
-0.185150,0.414932,0.784087,0.032844,-0.106962,0.187817,-0.975810,-0.250701,0.458822,0.179612,0.259829,-0.110093,-0.214662,-0.448033,-0.269461,-0.083945,0.203149,0.244310,0.261800,-0.128288,0.121730,0.102118,-0.041429,0.099020,-0.409801,0.387299,-0.082426,0.009021,0.055619,-0.026846,-0.171823,0.300617,0.178065,0.016905,0.034612,-0.000758
-0.179862,0.419125,0.789656,0.033179,-0.097499,0.186947,-0.976956,-0.204812,0.441493,0.189428,0.227330,-0.080138,-0.207209,-0.412008,-0.270402,-0.098714,0.200583,0.222731,0.261800,-0.135803,0.123600,0.086794,-0.037326,0.101772,-0.387072,0.335885,-0.081221,0.008537,0.052611,-0.024613,-0.162620,0.276302,0.152065,0.021973,0.032737,-0.003348
-0.175005,0.423174,0.795111,0.034508,-0.089148,0.186507,-0.977792,-0.164677,0.428016,0.196976,0.200802,-0.052698,-0.200621,-0.378343,-0.268219,-0.113736,0.198163,0.201739,0.261800,-0.141661,0.127255,0.070509,-0.028527,0.100642,-0.354561,0.275227,-0.077009,0.008009,0.046823,-0.020475,-0.150944,0.250651,0.128846,0.026595,0.031643,-0.005297
-0.170161,0.427115,0.800519,0.036133,-0.081111,0.186161,-0.978498,-0.126156,0.415574,0.203712,0.175635,-0.025758,-0.194255,-0.345264,-0.265274,-0.128732,0.195681,0.180952,0.261800,-0.146745,0.131615,0.053805,-0.014961,0.095981,-0.317284,0.209288,-0.070332,0.007383,0.039681,-0.014166,-0.138357,0.225162,0.108718,0.030970,0.031034,-0.006568
-0.168052,0.428611,0.802889,0.036934,-0.072856,0.189316,-0.978513,-0.097589,0.410184,0.208444,0.169953,-0.015096,-0.195365,-0.320689,-0.258460,-0.124326,0.193707,0.167655,0.261800,-0.149502,0.131338,0.043073,-0.020456,0.090935,-0.278573,0.157966,-0.062599,0.009515,0.032526,-0.014541,-0.130619,0.206211,0.064957,0.030864,0.030180,-0.006727
-0.166088,0.430125,0.805119,0.037921,-0.064778,0.192589,-0.978404,-0.070792,0.405579,0.212652,0.166704,-0.005377,-0.196432,-0.296857,-0.251253,-0.119630,0.191819,0.154666,0.261800,-0.151563,0.131700,0.032925,-0.024909,0.085948,-0.244595,0.111069,-0.055438,0.010916,0.024355,-0.013219,-0.124618,0.188783,0.021637,0.030902,0.030711,-0.006368
-0.164193,0.431684,0.807417,0.039014,-0.056737,0.195864,-0.978211,-0.044424,0.401314,0.216625,0.163926,0.004302,-0.197467,-0.273236,-0.243950,-0.114831,0.190006,0.141750,0.261800,-0.153307,0.132326,0.022822,-0.027565,0.083062,-0.218652,0.068560,-0.049541,0.012271,0.016143,-0.010106,-0.120053,0.173523,-0.021261,0.031073,0.031614,-0.005628
-0.165008,0.431566,0.807637,0.041731,-0.051717,0.198987,-0.977746,-0.029400,0.406545,0.218351,0.162847,0.005249,-0.199537,-0.264858,-0.232442,-0.104629,0.189599,0.130504,0.261800,-0.151386,0.130433,0.020483,-0.048829,0.080697,-0.193958,0.025866,-0.046276,0.011386,0.019170,-0.018680,-0.116816,0.155962,-0.041988,0.028579,0.032084,-0.017093
-0.165917,0.431439,0.807824,0.044376,-0.046917,0.202111,-0.977231,-0.015692,0.411794,0.219709,0.163015,0.005727,-0.201558,-0.257359,-0.221058,-0.094361,0.189636,0.119410,0.261800,-0.149550,0.128645,0.018349,-0.070929,0.080867,-0.177333,-0.013896,-0.044428,0.010627,0.022878,-0.027560,-0.114072,0.139606,-0.063528,0.026209,0.031773,-0.028685
-0.166816,0.431430,0.807991,0.046990,-0.042119,0.205192,-0.976685,-0.002043,0.416960,0.221022,0.163304,0.006119,-0.203570,-0.249820,-0.209762,-0.084092,0.189744,0.108276,0.261800,-0.147818,0.126842,0.016189,-0.093979,0.083443,-0.167462,-0.053755,-0.043547,0.010000,0.027203,-0.035546,-0.111872,0.123761,-0.089379,0.023673,0.031671,-0.040596
-0.170942,0.428528,0.807307,0.051865,-0.038952,0.211706,-0.975179,0.008953,0.435309,0.226160,0.164105,0.005860,-0.212588,-0.248700,-0.185454,-0.066711,0.194972,0.093272,0.261800,-0.143968,0.128898,0.016944,-0.117039,0.083601,-0.157518,-0.079508,-0.045498,0.011257,0.035397,-0.040544,-0.105446,0.131907,-0.099407,0.026465,0.032984,-0.038384
-0.175031,0.425734,0.806557,0.056783,-0.035977,0.218104,-0.973608,0.019584,0.453778,0.231052,0.165493,0.005160,-0.221669,-0.247365,-0.161065,-0.049853,0.200229,0.078016,0.261800,-0.141230,0.131375,0.017000,-0.143344,0.084741,-0.150742,-0.109391,-0.047795,0.011902,0.044393,-0.046905,-0.099418,0.141735,-0.114497,0.030043,0.033734,-0.037325
-0.178928,0.422873,0.805752,0.061702,-0.033004,0.224311,-0.972002,0.030525,0.472099,0.235825,0.166839,0.004351,-0.230779,-0.245406,-0.136784,-0.033454,0.205414,0.062560,0.261800,-0.138999,0.133881,0.016912,-0.174903,0.087521,-0.147619,-0.146230,-0.050587,0.012726,0.054879,-0.054437,-0.094337,0.152987,-0.136719,0.034344,0.034975,-0.037851
-0.180726,0.422743,0.805126,0.061715,-0.031507,0.230347,-0.970638,0.037959,0.473766,0.240666,0.168569,0.000148,-0.232287,-0.252673,-0.136053,-0.033177,0.219492,0.055388,0.261800,-0.136989,0.130629,0.019260,-0.181554,0.102770,-0.163242,-0.133198,-0.051911,0.017355,0.053232,-0.062515,-0.109227,0.165068,-0.121140,0.033472,0.041847,-0.039725
-0.182536,0.422582,0.804399,0.061152,-0.030504,0.236308,-0.969272,0.044289,0.474281,0.245658,0.169327,-0.003365,-0.233594,-0.262468,-0.136171,-0.032648,0.235720,0.047345,0.261800,-0.135048,0.126181,0.019397,-0.197213,0.121345,-0.183654,-0.125796,-0.054571,0.020009,0.052004,-0.073752,-0.125954,0.181624,-0.109378,0.033733,0.047331,-0.043054
-0.184469,0.422329,0.803748,0.060419,-0.029608,0.242242,-0.967880,0.050262,0.474448,0.250617,0.170004,-0.006753,-0.234881,-0.272948,-0.136456,-0.032065,0.252587,0.039006,0.261800,-0.133147,0.121379,0.019137,-0.223133,0.145571,-0.210561,-0.126914,-0.059334,0.023168,0.052960,-0.088702,-0.147119,0.204059,-0.103927,0.035347,0.054341,-0.048471
-0.186792,0.423703,0.802667,0.055893,-0.026489,0.243421,-0.967946,0.051741,0.462254,0.253823,0.172023,-0.011189,-0.230922,-0.266186,-0.148574,-0.030995,0.239787,0.047008,0.261800,-0.130230,0.112858,0.024655,-0.233012,0.187895,-0.245409,-0.133447,-0.070266,0.025575,0.053570,-0.099863,-0.193123,0.229008,-0.100409,0.042518,0.061906,-0.052247
-0.188977,0.425126,0.801727,0.051784,-0.023060,0.244646,-0.967954,0.054738,0.450669,0.257490,0.173389,-0.015697,-0.227006,-0.256484,-0.160057,-0.030417,0.223045,0.056846,0.261800,-0.127384,0.105122,0.030640,-0.251258,0.238108,-0.287403,-0.148205,-0.083510,0.028920,0.056109,-0.114338,-0.246628,0.261282,-0.101819,0.051419,0.071438,-0.057841
-0.191120,0.426552,0.800782,0.047777,-0.019512,0.245894,-0.967922,0.058137,0.439212,0.261229,0.174680,-0.020264,-0.223131,-0.246263,-0.171485,-0.030072,0.205883,0.066897,0.261800,-0.124474,0.097595,0.036927,-0.277046,0.295621,-0.335644,-0.168826,-0.098771,0.033207,0.060142,-0.132246,-0.306865,0.299469,-0.106314,0.061515,0.082936,-0.065043
-0.193136,0.427851,0.797957,0.045121,-0.018413,0.250509,-0.966887,0.059926,0.432479,0.258061,0.175077,-0.038251,-0.218549,-0.253182,-0.175809,-0.032333,0.205050,0.075622,0.261800,-0.113032,0.088758,0.047960,-0.290922,0.374189,-0.384130,-0.156427,-0.107847,0.038905,0.066361,-0.162801,-0.390310,0.341853,-0.088102,0.064354,0.097388,-0.076321
-0.195123,0.429009,0.795010,0.042218,-0.017659,0.255097,-0.965832,0.060031,0.425537,0.254250,0.176687,-0.056384,-0.213688,-0.262475,-0.180479,-0.034232,0.206927,0.083103,0.261800,-0.102076,0.080045,0.058404,-0.305400,0.454670,-0.431724,-0.143162,-0.116570,0.042868,0.071938,-0.195781,-0.475567,0.386168,-0.067014,0.067503,0.110659,-0.088067
-0.197208,0.430206,0.792150,0.039228,-0.017001,0.259646,-0.964757,0.059687,0.418452,0.250121,0.178484,-0.074472,-0.208766,-0.272427,-0.185289,-0.036008,0.209457,0.090295,0.261800,-0.091168,0.071318,0.068756,-0.316460,0.534246,-0.475183,-0.128478,-0.124092,0.046225,0.076676,-0.228162,-0.559424,0.427934,-0.043495,0.069957,0.122931,-0.099395
-0.201771,0.431695,0.788192,0.036091,-0.018577,0.262593,-0.964052,0.024551,0.421924,0.241654,0.228342,-0.104814,-0.212230,-0.303337,-0.188553,-0.031274,0.238360,0.082735,0.261800,-0.086404,0.061410,0.088447,-0.336458,0.586071,-0.515656,-0.096980,-0.131240,0.047567,0.085575,-0.254207,-0.616188,0.466217,-0.018048,0.074977,0.133695,-0.113935
-0.206339,0.433092,0.784157,0.032456,-0.021269,0.265416,-0.963353,-0.016888,0.425417,0.231329,0.284411,-0.138104,-0.216022,-0.338973,-0.191886,-0.026111,0.271401,0.073150,0.261800,-0.080796,0.051199,0.105743,-0.351333,0.631277,-0.549153,-0.058843,-0.135725,0.046949,0.092953,-0.276861,-0.666206,0.495821,0.010986,0.078299,0.142746,-0.127212
-0.211058,0.434474,0.780195,0.028597,-0.024238,0.268265,-0.962616,-0.060494,0.428517,0.220555,0.342977,-0.172729,-0.220113,-0.375628,-0.194974,-0.020496,0.304800,0.063389,0.261800,-0.074614,0.040702,0.122407,-0.359057,0.669882,-0.574223,-0.015992,-0.137381,0.045099,0.098755,-0.295942,-0.708799,0.516738,0.043409,0.080007,0.149621,-0.138804
-0.216655,0.437825,0.775148,0.022801,-0.032041,0.270111,-0.962026,-0.117830,0.428364,0.209555,0.398268,-0.201025,-0.224006,-0.427286,-0.204791,-0.022585,0.339068,0.055797,0.261800,-0.076387,0.030586,0.141059,-0.372623,0.677955,-0.594793,0.051722,-0.139732,0.041611,0.101905,-0.298416,-0.720483,0.532475,0.062106,0.088148,0.148290,-0.151251
-0.222341,0.441315,0.770084,0.016436,-0.040671,0.271732,-0.961373,-0.178595,0.427114,0.197982,0.455232,-0.230032,-0.228026,-0.481938,-0.215027,-0.023530,0.374523,0.047811,0.261800,-0.077395,0.019869,0.157584,-0.383341,0.679404,-0.610548,0.125849,-0.139763,0.035765,0.103541,-0.296274,-0.726215,0.539564,0.081291,0.094813,0.145799,-0.162382
-0.228081,0.444816,0.764994,0.009978,-0.049508,0.273287,-0.960606,-0.240884,0.425481,0.186209,0.513883,-0.260056,-0.232326,-0.537485,-0.224945,-0.023599,0.410140,0.039872,0.261800,-0.078008,0.009164,0.173819,-0.390885,0.676433,-0.621663,0.202364,-0.138090,0.029031,0.104362,-0.291298,-0.726518,0.539603,0.100761,0.100293,0.141973,-0.171846
-0.236216,0.446823,0.760048,0.007524,-0.060931,0.270120,-0.960867,-0.310200,0.434098,0.167113,0.559159,-0.269249,-0.237030,-0.593540,-0.225070,-0.023018,0.443955,0.044787,0.261800,-0.078323,0.007220,0.187523,-0.387432,0.670440,-0.650894,0.244627,-0.130040,0.022219,0.096663,-0.280824,-0.705493,0.550531,0.132685,0.097192,0.142463,-0.173291
-0.244107,0.449181,0.755055,0.005063,-0.072740,0.267182,-0.960883,-0.380465,0.441529,0.147820,0.604629,-0.279004,-0.241628,-0.649266,-0.224604,-0.021886,0.475537,0.050706,0.261800,-0.078745,0.005343,0.199895,-0.378844,0.661990,-0.675397,0.282254,-0.120647,0.017574,0.089126,-0.268257,-0.677439,0.555579,0.163766,0.092257,0.141185,-0.172572
-0.251894,0.451740,0.750143,0.002447,-0.084545,0.264420,-0.960692,-0.451126,0.447272,0.128468,0.650560,-0.289400,-0.246046,-0.705039,-0.223969,-0.019873,0.506716,0.056962,0.261800,-0.079107,0.003256,0.212359,-0.367426,0.649452,-0.694530,0.316620,-0.110039,0.013380,0.080735,-0.253244,-0.642306,0.552463,0.191330,0.085990,0.138343,-0.169077
-0.261248,0.453124,0.746182,0.002566,-0.101545,0.265079,-0.958861,-0.520959,0.462125,0.107215,0.672817,-0.285495,-0.252300,-0.750723,-0.223710,-0.017430,0.577948,0.017128,0.261800,-0.071222,0.010808,0.228252,-0.354982,0.631156,-0.705134,0.353297,-0.094484,0.009434,0.079686,-0.237352,-0.605457,0.544133,0.206215,0.080479,0.130457,-0.164586
-0.270613,0.454574,0.742093,0.001486,-0.118507,0.265080,-0.956915,-0.592075,0.472463,0.084966,0.694749,-0.281384,-0.257927,-0.800438,-0.226648,-0.013510,0.654986,-0.025474,0.261800,-0.064318,0.016707,0.243884,-0.340469,0.604770,-0.707257,0.384912,-0.077345,0.005078,0.076151,-0.218341,-0.560491,0.523374,0.215562,0.074022,0.120070,-0.155151
-0.279960,0.456595,0.737997,-0.000568,-0.135454,0.264595,-0.954799,-0.663696,0.478186,0.063030,0.715147,-0.276316,-0.261800,-0.851711,-0.232171,-0.008373,0.731977,-0.067385,0.261800,-0.058264,0.021171,0.259589,-0.322679,0.569589,-0.698671,0.408288,-0.058627,0.001114,0.069377,-0.196252,-0.506614,0.489584,0.218642,0.066073,0.108014,-0.140087
-0.291178,0.458731,0.733213,-0.004617,-0.153521,0.264486,-0.952080,-0.738132,0.483470,0.050308,0.729053,-0.261084,-0.261800,-0.895193,-0.235410,-0.005943,0.788394,-0.122692,0.261800,-0.044148,0.019007,0.271664,-0.290942,0.519048,-0.647660,0.408648,-0.053742,-0.004358,0.072279,-0.169005,-0.438472,0.441969,0.214959,0.061313,0.093950,-0.122513
-0.302242,0.460899,0.728556,-0.008576,-0.171446,0.264368,-0.949022,-0.811178,0.487703,0.037674,0.741410,-0.245584,-0.261800,-0.938122,-0.238576,-0.003423,0.843929,-0.177667,0.261800,-0.031302,0.016504,0.283884,-0.253674,0.460897,-0.583889,0.398030,-0.047359,-0.008594,0.070138,-0.140066,-0.364098,0.385924,0.207124,0.055932,0.079272,-0.098922
-0.313308,0.462709,0.723080,-0.013724,-0.190877,0.263155,-0.945583,-0.890431,0.488325,0.023340,0.757125,-0.231550,-0.261800,-0.988817,-0.244467,0.000315,0.906848,-0.236209,0.261800,-0.022068,0.013236,0.291450,-0.212050,0.394960,-0.510465,0.380893,-0.039332,-0.013578,0.063282,-0.110013,-0.287468,0.325102,0.197593,0.051679,0.063884,-0.069792
-0.323145,0.464601,0.716736,-0.020769,-0.205712,0.263851,-0.942143,-0.954698,0.485408,0.011307,0.772938,-0.218820,-0.261800,-1.042472,-0.250373,0.016326,0.944229,-0.259444,0.261800,-0.010791,0.007994,0.306368,-0.171527,0.323611,-0.423168,0.319767,-0.035640,-0.013675,0.062997,-0.084783,-0.220192,0.254630,0.159878,0.043539,0.048327,-0.051617
-0.333024,0.466512,0.710541,-0.027539,-0.219929,0.264487,-0.938573,-1.016855,0.481711,-0.000341,0.788386,-0.206584,-0.261800,-1.094028,-0.255271,0.032212,0.980375,-0.282431,0.261800,0.000565,0.003020,0.323261,-0.131534,0.252165,-0.335691,0.255780,-0.031222,-0.012232,0.058969,-0.060622,-0.156360,0.185489,0.123802,0.035758,0.034948,-0.030721
-0.342779,0.468378,0.704250,-0.034317,-0.233978,0.264820,-0.934851,-1.078527,0.476689,-0.011794,0.804151,-0.194909,-0.261800,-1.145213,-0.259748,0.048135,1.016582,-0.305762,0.261800,0.011321,-0.001921,0.340657,-0.093495,0.183555,-0.252913,0.193872,-0.026467,-0.010723,0.053005,-0.039186,-0.098867,0.123659,0.092467,0.028729,0.023918,-0.010030
-0.350352,0.471387,0.697958,-0.041399,-0.242990,0.266988,-0.931643,-1.124714,0.472397,-0.018217,0.823287,-0.188222,-0.261800,-1.191988,-0.262044,0.062738,1.035407,-0.306639,0.261800,0.014512,-0.007273,0.351120,-0.064638,0.131944,-0.180254,0.137005,-0.020660,-0.008516,0.044492,-0.021637,-0.056179,0.068166,0.054506,0.018808,0.013711,-0.001549
-0.357914,0.474342,0.691739,-0.048352,-0.251639,0.269071,-0.928408,-1.170033,0.467666,-0.024374,0.842469,-0.181768,-0.261800,-1.237803,-0.263506,0.077408,1.053740,-0.307357,0.261800,0.017868,-0.012472,0.362696,-0.039655,0.087675,-0.118215,0.087014,-0.015382,-0.006624,0.037456,-0.009300,-0.025171,0.029566,0.024464,0.009317,0.006512,0.000251
-0.365548,0.477344,0.685572,-0.055314,-0.260191,0.271008,-0.925092,-1.215426,0.462366,-0.030386,0.862093,-0.175605,-0.261800,-1.283583,-0.264353,0.092187,1.072305,-0.308250,0.261800,0.020889,-0.017541,0.374517,-0.018507,0.051687,-0.067077,0.044844,-0.010838,-0.005093,0.032910,-0.002883,-0.007064,0.010183,0.003520,0.000165,0.001287,-0.006022
-0.368351,0.481686,0.682142,-0.060906,-0.263436,0.275475,-0.922499,-1.234640,0.456631,-0.031728,0.877588,-0.179655,-0.261800,-1.310361,-0.266579,0.099321,1.066909,-0.290702,0.261800,0.017501,-0.023253,0.383874,-0.009575,0.028473,-0.036474,0.024509,-0.005577,-0.002286,0.015090,0.000886,0.004479,-0.005403,-0.001288,-0.000348,-0.000107,0.003335
-0.371085,0.486079,0.678644,-0.066359,-0.266153,0.280014,-0.919973,-1.253158,0.451054,-0.033038,0.894081,-0.184568,-0.261800,-1.336573,-0.268351,0.106651,1.062528,-0.273673,0.261800,0.014756,-0.028299,0.394279,-0.003857,0.012643,-0.016738,0.011668,-0.001813,-0.000516,0.004138,0.001902,0.004906,-0.007164,-0.002573,-0.000145,-0.000668,0.004368
-0.373839,0.490441,0.675131,-0.071760,-0.268749,0.284547,-0.917419,-1.271609,0.445516,-0.034311,0.910751,-0.189591,-0.261800,-1.362746,-0.269806,0.113963,1.058367,-0.256731,0.261800,0.012122,-0.033109,0.404897,-0.000827,0.003595,-0.005818,0.005329,0.000579,0.000172,0.001571,0.000930,-0.000827,-0.000536,-0.002591,0.000336,-0.001586,-0.001210
-0.373823,0.495491,0.675082,-0.073152,-0.268436,0.290446,-0.915550,-1.275158,0.444876,-0.033135,0.921505,-0.191063,-0.261800,-1.364058,-0.266730,0.116105,1.035000,-0.234391,0.261800,0.006547,-0.035277,0.402312,0.000827,-0.003595,0.005818,-0.005329,-0.000579,-0.000172,-0.001570,0.000155,-0.001540,0.002632,0.002925,0.000112,0.000528,0.000200
-0.373804,0.500628,0.675313,-0.074105,-0.267383,0.296764,-0.913754,-1.276244,0.445390,-0.031662,0.931636,-0.192642,-0.261800,-1.362800,-0.262864,0.117826,1.010414,-0.211559,0.261800,0.001666,-0.037304,0.401575,0.001011,-0.006205,0.013549,-0.013607,-0.003233,-0.001567,0.003827,-0.000928,-0.001791,0.003381,0.003332,0.000005,0.000947,-0.000507
-0.373805,0.505663,0.675590,-0.074943,-0.266133,0.303194,-0.911938,-1.276762,0.446208,-0.030157,0.941741,-0.194334,-0.261800,-1.361071,-0.258780,0.119444,0.985798,-0.188712,0.261800,-0.002986,-0.039316,0.401364,-0.000082,-0.005503,0.019159,-0.020986,-0.007498,-0.004303,0.016995,-0.001807,-0.001178,-0.000140,-0.003696,0.000264,0.000028,-0.003247
-0.369626,0.511573,0.678586,-0.071063,-0.259501,0.316237,-0.909727,-1.256526,0.458161,-0.027649,0.957509,-0.203946,-0.261800,-1.329708,-0.245864,0.116068,0.941894,-0.162533,0.261800,-0.009021,-0.032207,0.390532,-0.003366,0.010454,0.004762,-0.011347,-0.008422,-0.005285,0.017202,0.000354,0.001853,-0.000760,0.000582,-0.000498,0.000368,0.000940
-0.365465,0.517662,0.681983,-0.066252,-0.251884,0.330106,-0.907301,-1.232734,0.471876,-0.025116,0.973259,-0.214445,-0.261800,-1.294643,-0.231080,0.112973,0.895899,-0.135314,0.261800,-0.012611,-0.024366,0.382586,-0.008837,0.028334,-0.010286,-0.001238,-0.011020,-0.008112,0.020844,0.001116,0.002329,-0.001913,0.000925,-0.000535,-0.000315,0.002412
-0.361362,0.523758,0.685493,-0.060988,-0.244124,0.344109,-0.904584,-1.207942,0.486067,-0.022743,0.989035,-0.225231,-0.261800,-1.258805,-0.215599,0.110508,0.849434,-0.107805,0.261800,-0.015716,-0.015965,0.375550,-0.015749,0.048385,-0.026435,0.009276,-0.014897,-0.012224,0.028180,-0.000110,-0.002212,0.001143,-0.000705,0.000698,-0.000337,-0.001036
-0.354228,0.527166,0.690443,-0.050802,-0.234482,0.362247,-0.900674,-1.163434,0.514250,-0.019595,0.995619,-0.246014,-0.261578,-1.201083,-0.188615,0.102169,0.788183,-0.079225,0.261800,-0.017958,-0.002354,0.359189,-0.029537,0.064559,-0.062187,0.056683,-0.016286,-0.009247,0.027436,-0.000287,-0.007618,0.015296,0.038927,0.009303,0.003376,-0.003835
-0.347500,0.532146,0.696049,-0.040323,-0.224649,0.379468,-0.896611,-1.117885,0.538494,-0.013184,1.000254,-0.264886,-0.256418,-1.140937,-0.163304,0.095833,0.720095,-0.045649,0.261800,-0.021402,0.013571,0.345529,-0.048983,0.081734,-0.103255,0.111920,-0.018299,-0.008059,0.027624,-0.004525,-0.021173,0.036112,0.086956,0.020428,0.006421,-0.009639
-0.340926,0.537135,0.701709,-0.029321,-0.214976,0.396191,-0.892165,-1.071555,0.562118,-0.006847,1.005015,-0.284175,-0.251485,-1.080290,-0.137697,0.091247,0.651737,-0.012073,0.261800,-0.025790,0.030714,0.332529,-0.071682,0.102895,-0.151319,0.176597,-0.020837,-0.007265,0.028104,-0.010428,-0.040792,0.064314,0.144463,0.033785,0.010066,-0.017318
-0.333643,0.542618,0.709021,-0.013658,-0.205931,0.412096,-0.887458,-1.018796,0.587703,-0.005505,0.990673,-0.289928,-0.246800,-0.985173,-0.111588,0.074524,0.518628,0.061129,0.261800,-0.027515,0.036592,0.312189,-0.089403,0.130697,-0.217472,0.265496,-0.029006,-0.001393,0.029815,-0.019803,-0.026585,0.106045,0.178796,0.032961,0.013771,-0.041325
-0.324972,0.546428,0.716184,-0.000517,-0.195313,0.425426,-0.883666,-0.958091,0.605073,0.002859,0.980513,-0.303620,-0.241587,-0.896434,-0.091810,0.065954,0.409526,0.117394,0.261800,-0.042594,0.055649,0.295287,-0.107556,0.147023,-0.288464,0.363695,-0.039077,0.006868,0.030534,-0.026115,-0.046585,0.151623,0.210524,0.040458,0.018969,-0.058349
-0.316528,0.550062,0.723205,0.012474,-0.184982,0.437541,-0.879877,-0.897731,0.619385,0.011293,0.971890,-0.318680,-0.236041,-0.809879,-0.072736,0.059398,0.304911,0.171142,0.261800,-0.061184,0.075438,0.278790,-0.128421,0.166146,-0.371181,0.478295,-0.049382,0.016037,0.030806,-0.031762,-0.068964,0.202774,0.252406,0.050409,0.025953,-0.075708
-0.300542,0.563311,0.731227,0.014664,-0.173014,0.452597,-0.874647,-0.823402,0.598747,0.055320,0.954822,-0.336427,-0.206740,-0.745485,-0.089212,0.052044,0.246751,0.209790,0.261800,-0.078425,0.093636,0.259571,-0.154272,0.190307,-0.451553,0.524570,-0.056047,0.017164,0.038847,-0.043588,-0.109928,0.261602,0.260682,0.055749,0.032759,-0.084180
-0.284892,0.575459,0.739487,0.015477,-0.160513,0.466410,-0.869746,-0.747113,0.570449,0.099532,0.932941,-0.352547,-0.177377,-0.683882,-0.109540,0.044340,0.195099,0.244574,0.261800,-0.099242,0.107807,0.240469,-0.181476,0.216706,-0.537661,0.577506,-0.062651,0.022178,0.044538,-0.055615,-0.152323,0.325596,0.274579,0.062897,0.042164,-0.091053
-0.269607,0.586652,0.747841,0.015575,-0.147478,0.479864,-0.864719,-0.669306,0.536673,0.142852,0.906920,-0.367537,-0.148244,-0.623632,-0.131700,0.036638,0.146820,0.277491,0.261800,-0.120653,0.118016,0.221403,-0.209024,0.242184,-0.625716,0.633775,-0.068838,0.028553,0.047548,-0.068304,-0.193572,0.393948,0.293718,0.071253,0.052994,-0.097336
-0.252783,0.602749,0.755758,0.010065,-0.139102,0.495127,-0.857554,-0.607361,0.484658,0.184785,0.858823,-0.371268,-0.118726,-0.589781,-0.162435,0.000043,0.172106,0.221722,0.261800,-0.130774,0.122405,0.209323,-0.240766,0.271672,-0.689605,0.660758,-0.079403,0.029832,0.060676,-0.090437,-0.238432,0.457487,0.246265,0.082445,0.062221,-0.106782
-0.235452,0.617388,0.764086,0.004351,-0.130199,0.509979,-0.850265,-0.543859,0.427360,0.223237,0.802445,-0.371599,-0.089628,-0.557751,-0.195049,-0.036537,0.204458,0.162149,0.261800,-0.141304,0.126352,0.196879,-0.268342,0.294254,-0.744641,0.677509,-0.088182,0.032731,0.070748,-0.110283,-0.284001,0.520206,0.192235,0.093929,0.074626,-0.113793
-0.217889,0.630564,0.772486,-0.000436,-0.120702,0.525031,-0.842480,-0.477852,0.367773,0.257015,0.738626,-0.369055,-0.061799,-0.524317,-0.226975,-0.073263,0.239520,0.101070,0.261800,-0.150604,0.130554,0.184621,-0.290569,0.309595,-0.788029,0.681499,-0.094954,0.035774,0.077143,-0.128004,-0.326688,0.578657,0.132768,0.104613,0.086175,-0.117167
-0.211055,0.641000,0.778291,-0.002983,-0.114286,0.544755,-0.830766,-0.431909,0.322973,0.237212,0.673896,-0.353250,-0.058140,-0.504294,-0.244627,-0.098783,0.308224,0.063046,0.236708,-0.133516,0.119354,0.172965,-0.320857,0.343539,-0.790368,0.684493,-0.107663,0.033482,0.097257,-0.166960,-0.364875,0.649313,0.020346,0.099916,0.100961,-0.108276
-0.206945,0.650593,0.784303,-0.002156,-0.110607,0.565552,-0.817259,-0.391095,0.293489,0.211337,0.612197,-0.335822,-0.059707,-0.487357,-0.248539,-0.126965,0.379842,0.023197,0.203030,-0.112364,0.112367,0.161444,-0.345921,0.376829,-0.781472,0.673611,-0.118780,0.030645,0.114774,-0.206020,-0.394589,0.710623,-0.103071,0.093796,0.117618,-0.094596
-0.202899,0.660184,0.790156,-0.000167,-0.107737,0.586237,-0.802944,-0.351611,0.267661,0.183826,0.553038,-0.319500,-0.061255,-0.471236,-0.250588,-0.153547,0.453915,-0.018737,0.168301,-0.090839,0.108276,0.149755,-0.366723,0.405228,-0.762973,0.652402,-0.128360,0.027615,0.130170,-0.244583,-0.420721,0.761399,-0.234767,0.086776,0.132180,-0.075094
-0.199846,0.671535,0.791403,-0.000583,-0.104447,0.603436,-0.790541,-0.344107,0.252449,0.171847,0.540884,-0.313260,-0.052433,-0.453133,-0.251666,-0.163099,0.537543,-0.055738,0.145984,-0.068423,0.108638,0.143838,-0.379107,0.445632,-0.730143,0.605359,-0.139928,0.022497,0.146543,-0.285717,-0.425134,0.784352,-0.305773,0.091290,0.144593,-0.069620
-0.196770,0.682708,0.792596,-0.000646,-0.101826,0.620404,-0.777644,-0.338105,0.239038,0.159035,0.530421,-0.307892,-0.044209,-0.436693,-0.252150,-0.171459,0.623188,-0.094136,0.122844,-0.046378,0.109960,0.136711,-0.387493,0.484309,-0.692581,0.552459,-0.150528,0.017715,0.162756,-0.326743,-0.424258,0.800930,-0.379017,0.094610,0.153422,-0.061783
-0.193684,0.693744,0.793760,-0.000493,-0.099292,0.636962,-0.764474,-0.331868,0.225966,0.145717,0.520201,-0.302849,-0.036167,-0.420751,-0.253206,-0.178321,0.710669,-0.134045,0.099347,-0.024797,0.111694,0.129172,-0.393065,0.521218,-0.652291,0.496557,-0.160128,0.012766,0.179027,-0.366661,-0.420786,0.812482,-0.456116,0.096948,0.161240,-0.052367
-0.194890,0.705677,0.790453,-0.003949,-0.094957,0.651749,-0.752456,-0.349965,0.220892,0.146729,0.546819,-0.312683,-0.033856,-0.412757,-0.268063,-0.171347,0.764703,-0.168657,0.102989,-0.004556,0.103496,0.129536,-0.407141,0.559395,-0.603547,0.483221,-0.166129,0.009278,0.198712,-0.402832,-0.417029,0.810431,-0.500269,0.107701,0.166203,-0.052824
-0.196055,0.717634,0.787218,-0.007037,-0.091076,0.666487,-0.739899,-0.368809,0.217331,0.147802,0.573789,-0.322667,-0.031802,-0.404928,-0.281401,-0.164897,0.817275,-0.202235,0.106363,0.016851,0.096536,0.128925,-0.420739,0.596109,-0.555137,0.471884,-0.171744,0.003957,0.218480,-0.438887,-0.411801,0.806821,-0.544370,0.117869,0.169837,-0.053133
-0.197182,0.729563,0.783974,-0.009930,-0.087208,0.681009,-0.726996,-0.387765,0.214130,0.148872,0.601031,-0.332865,-0.029814,-0.397269,-0.294468,-0.158635,0.869991,-0.235828,0.109740,0.038560,0.089942,0.128118,-0.433095,0.632699,-0.506194,0.460532,-0.177007,-0.001683,0.237703,-0.474673,-0.406272,0.802644,-0.588672,0.127620,0.172373,-0.053381
-0.197897,0.743291,0.778735,-0.013934,-0.083154,0.693388,-0.715614,-0.419995,0.219936,0.168594,0.645017,-0.340907,-0.026734,-0.380968,-0.320841,-0.163868,0.872257,-0.261146,0.116639,0.052930,0.081022,0.130781,-0.434974,0.667243,-0.463491,0.459225,-0.183131,-0.007888,0.251859,-0.500592,-0.410696,0.785408,-0.602982,0.132707,0.173449,-0.061397
-0.198480,0.757033,0.773567,-0.017249,-0.079497,0.705810,-0.703716,-0.452141,0.228283,0.187739,0.689314,-0.349072,-0.023161,-0.364106,-0.345179,-0.170073,0.873222,-0.285542,0.123115,0.068448,0.073842,0.133281,-0.436098,0.700992,-0.420637,0.458521,-0.189093,-0.014465,0.266032,-0.526402,-0.415189,0.768041,-0.616388,0.137471,0.173427,-0.069096
-0.199031,0.770723,0.768268,-0.020220,-0.076032,0.718158,-0.691419,-0.484516,0.238260,0.206402,0.734181,-0.357378,-0.019372,-0.347585,-0.368580,-0.176718,0.874489,-0.309886,0.129384,0.084540,0.067436,0.135780,-0.436338,0.734418,-0.377233,0.457933,-0.194950,-0.021105,0.280194,-0.552299,-0.419957,0.750733,-0.629818,0.142198,0.173298,-0.076795
-0.199988,0.784604,0.765872,-0.021800,-0.073187,0.724725,-0.684793,-0.506852,0.247669,0.222343,0.750070,-0.343876,-0.016125,-0.348563,-0.367947,-0.171943,0.848943,-0.323311,0.153464,0.093857,0.059994,0.140751,-0.443005,0.741200,-0.363700,0.426275,-0.198492,-0.025970,0.288085,-0.553906,-0.432046,0.746737,-0.586907,0.144223,0.173195,-0.077574
-0.200837,0.798372,0.763584,-0.023425,-0.070154,0.731189,-0.678153,-0.528030,0.256536,0.238501,0.764226,-0.329376,-0.011733,-0.348717,-0.367969,-0.167517,0.822372,-0.336394,0.177407,0.103561,0.052373,0.145525,-0.449500,0.747073,-0.351305,0.394107,-0.201591,-0.030187,0.297243,-0.554797,-0.443715,0.742283,-0.542996,0.145513,0.172190,-0.077741
-0.201789,0.812086,0.761397,-0.025016,-0.067071,0.737577,-0.671457,-0.549034,0.265474,0.254565,0.778358,-0.314842,-0.007062,-0.348825,-0.368359,-0.163294,0.796065,-0.349824,0.201167,0.113387,0.044729,0.150420,-0.456002,0.752760,-0.338606,0.361936,-0.204521,-0.034331,0.305919,-0.555310,-0.454991,0.737363,-0.498345,0.146423,0.170444,-0.077631
-0.204320,0.824882,0.764039,-0.027593,-0.066948,0.744970,-0.663156,-0.548677,0.273769,0.267954,0.741966,-0.282573,-0.008367,-0.357699,-0.353834,-0.153210,0.751756,-0.329436,0.207329,0.117132,0.037466,0.149349,-0.443824,0.754754,-0.332792,0.350974,-0.202241,-0.034790,0.308770,-0.538687,-0.468325,0.734856,-0.470999,0.141558,0.169046,-0.078338
-0.206845,0.837522,0.766760,-0.030169,-0.066547,0.752222,-0.654846,-0.547186,0.280781,0.281848,0.704193,-0.249659,-0.009452,-0.365608,-0.340434,-0.142991,0.706785,-0.309054,0.213197,0.120648,0.029963,0.148291,-0.430398,0.755070,-0.325579,0.340243,-0.199457,-0.035561,0.311383,-0.520538,-0.480625,0.731065,-0.443668,0.136039,0.167809,-0.079206
-0.209394,0.849990,0.769515,-0.032595,-0.066105,0.759417,-0.646416,-0.545605,0.287445,0.295744,0.666683,-0.216911,-0.010641,-0.373340,-0.327485,-0.132458,0.662193,-0.289088,0.218594,0.124270,0.022724,0.147382,-0.415487,0.752720,-0.315805,0.329722,-0.196193,-0.036339,0.313623,-0.501033,-0.490719,0.724660,-0.414946,0.130026,0.166009,-0.080296
-0.213542,0.861736,0.775691,-0.032654,-0.068023,0.763264,-0.641666,-0.515509,0.288792,0.306979,0.571240,-0.161120,-0.014288,-0.370931,-0.302809,-0.125257,0.607684,-0.260718,0.226514,0.118783,0.022450,0.138549,-0.397392,0.738670,-0.338055,0.299772,-0.188405,-0.033877,0.301303,-0.476773,-0.510050,0.733073,-0.407276,0.123633,0.165405,-0.067320
-0.217452,0.873199,0.781822,-0.032129,-0.069748,0.767185,-0.636812,-0.484486,0.290630,0.318774,0.476858,-0.106448,-0.018608,-0.367445,-0.278746,-0.117194,0.553620,-0.232961,0.234306,0.113820,0.023394,0.130771,-0.375902,0.717462,-0.353822,0.270140,-0.179383,-0.030900,0.288321,-0.449083,-0.524573,0.734234,-0.396860,0.116035,0.163723,-0.054693
-0.221173,0.884603,0.788060,-0.031135,-0.071708,0.771268,-0.631692,-0.454671,0.293853,0.330179,0.386015,-0.053662,-0.023544,-0.363927,-0.254582,-0.108262,0.500196,-0.205710,0.241714,0.109529,0.025830,0.123307,-0.349892,0.686950,-0.359939,0.241845,-0.168919,-0.027833,0.273624,-0.417434,-0.531268,0.725735,-0.380672,0.106794,0.159270,-0.042445
-0.226966,0.896973,0.794923,-0.028158,-0.072731,0.769936,-0.633337,-0.442039,0.277985,0.297861,0.389181,-0.050881,-0.039292,-0.342629,-0.233875,-0.102591,0.458942,-0.190592,0.237512,0.095378,0.027013,0.118671,-0.330619,0.661857,-0.387459,0.198448,-0.149221,-0.022952,0.243312,-0.388553,-0.524791,0.700459,-0.366480,0.098300,0.151388,-0.030424
-0.232805,0.909501,0.801639,-0.025091,-0.073972,0.768604,-0.634938,-0.431001,0.263127,0.264895,0.395727,-0.049517,-0.055282,-0.322208,-0.212518,-0.096541,0.418737,-0.175752,0.233062,0.082474,0.028478,0.114108,-0.308239,0.625532,-0.404055,0.157518,-0.128394,-0.017794,0.211452,-0.353769,-0.506781,0.660820,-0.345222,0.087841,0.141019,-0.019243
-0.238631,0.922140,0.808395,-0.022168,-0.075109,0.767185,-0.636628,-0.419924,0.247697,0.232053,0.402664,-0.048246,-0.071424,-0.302263,-0.191583,-0.090056,0.379102,-0.160984,0.228648,0.069655,0.029562,0.109509,-0.282390,0.578872,-0.409471,0.119592,-0.106273,-0.012944,0.178434,-0.314154,-0.477388,0.609121,-0.316868,0.075351,0.128172,-0.009140
-0.242466,0.935638,0.810228,-0.017007,-0.077900,0.765252,-0.638773,-0.412804,0.234404,0.212394,0.434439,-0.080211,-0.062611,-0.290161,-0.176673,-0.083727,0.397549,-0.163625,0.234435,0.059260,0.040588,0.106746,-0.254186,0.512912,-0.395587,0.072175,-0.087702,-0.010075,0.143620,-0.272407,-0.430854,0.543452,-0.284728,0.069280,0.113200,-0.001683
-0.246307,0.949252,0.812049,-0.012232,-0.080622,0.763209,-0.640986,-0.407044,0.219861,0.192659,0.467518,-0.112459,-0.053961,-0.279824,-0.162687,-0.077270,0.418271,-0.167170,0.240161,0.048735,0.050741,0.103752,-0.226112,0.445815,-0.378264,0.026998,-0.069045,-0.007260,0.109974,-0.229988,-0.379968,0.474999,-0.251204,0.062540,0.098346,0.004737
-0.250315,0.962954,0.813945,-0.007604,-0.083231,0.761090,-0.643239,-0.401550,0.204179,0.172884,0.500884,-0.144664,-0.045851,-0.269801,-0.149233,-0.070895,0.439333,-0.170668,0.245795,0.038212,0.060234,0.100807,-0.201623,0.383654,-0.363708,-0.016401,-0.051247,-0.004740,0.077786,-0.189367,-0.330135,0.410406,-0.219513,0.055881,0.084170,0.010605
-0.256198,0.975965,0.809758,-0.006329,-0.082268,0.756919,-0.648279,-0.409866,0.188322,0.171155,0.550562,-0.202374,-0.012310,-0.239817,-0.147687,-0.054316,0.454001,-0.211986,0.247907,0.022280,0.060535,0.101136,-0.171884,0.328754,-0.333586,-0.036165,-0.045951,-0.001399,0.047794,-0.149739,-0.295437,0.350966,-0.199591,0.051871,0.070058,0.016539
-0.262108,0.989108,0.805638,-0.004823,-0.081380,0.752769,-0.653218,-0.419061,0.172011,0.167359,0.602329,-0.260993,0.021109,-0.210399,-0.146696,-0.037649,0.469741,-0.253362,0.250208,0.006008,0.061429,0.101908,-0.149418,0.289038,-0.316593,-0.056784,-0.042651,0.001294,0.019794,-0.116245,-0.272647,0.306838,-0.189183,0.050148,0.058973,0.022888
-0.267916,1.002268,0.801447,-0.003136,-0.080709,0.748645,-0.658032,-0.429090,0.155282,0.161569,0.655460,-0.320045,0.054384,-0.181610,-0.145947,-0.020983,0.486037,-0.294511,0.252612,-0.010091,0.062869,0.102683,-0.135853,0.267061,-0.317089,-0.080248,-0.042006,0.003990,-0.006301,-0.088982,-0.264769,0.280051,-0.190169,0.051230,0.051286,0.030369
-0.272377,1.015854,0.795089,-0.001714,-0.080147,0.748098,-0.658729,-0.459681,0.160244,0.159195,0.718046,-0.340129,0.057703,-0.190539,-0.142802,-0.007349,0.511030,-0.344524,0.250727,-0.009397,0.066840,0.110860,-0.117387,0.236733,-0.277972,-0.084782,-0.042567,0.004748,-0.006719,-0.081020,-0.251690,0.247356,-0.176193,0.049163,0.050184,0.033274
-0.276708,1.029399,0.788821,-0.000608,-0.080191,0.747609,-0.659280,-0.491925,0.165737,0.156295,0.780826,-0.360116,0.061228,-0.201229,-0.138916,0.006270,0.536994,-0.395025,0.248861,-0.009821,0.071516,0.117484,-0.107356,0.222522,-0.257494,-0.093446,-0.045635,0.004499,-0.007312,-0.081519,-0.255280,0.234811,-0.172381,0.050406,0.051892,0.038468
-0.281124,1.043061,0.782500,0.000607,-0.080381,0.747132,-0.659797,-0.524542,0.171634,0.152796,0.844220,-0.380463,0.064872,-0.212333,-0.134449,0.019787,0.564357,-0.446524,0.247038,-0.010418,0.076563,0.124135,-0.105964,0.223340,-0.255886,-0.108158,-0.051903,0.004328,-0.008221,-0.088396,-0.276711,0.238766,-0.179645,0.055126,0.057082,0.045902
-0.283124,1.058355,0.776059,0.000992,-0.082097,0.748272,-0.658292,-0.559983,0.186667,0.160844,0.876262,-0.381587,0.066165,-0.254187,-0.130101,0.022994,0.620587,-0.462669,0.243857,-0.005681,0.083942,0.139794,-0.106246,0.222135,-0.272679,-0.098498,-0.056221,0.001849,0.000674,-0.110715,-0.310705,0.243781,-0.160487,0.059292,0.061621,0.035028
-0.285239,1.073816,0.769604,0.000783,-0.083574,0.749386,-0.656837,-0.595688,0.200739,0.169125,0.907345,-0.381949,0.067795,-0.297239,-0.126797,0.026325,0.677734,-0.479041,0.241112,-0.001044,0.089978,0.155027,-0.113807,0.230386,-0.304980,-0.092622,-0.063214,-0.001620,0.009172,-0.139153,-0.360472,0.260311,-0.147117,0.066462,0.068073,0.025514
-0.287414,1.089500,0.763050,0.000361,-0.084884,0.750500,-0.655396,-0.631658,0.214683,0.177237,0.938689,-0.382344,0.069571,-0.340913,-0.123761,0.029730,0.735809,-0.495774,0.238650,0.003531,0.095318,0.170483,-0.126368,0.245378,-0.348547,-0.090814,-0.072593,-0.005250,0.017404,-0.172492,-0.423469,0.284623,-0.137943,0.076052,0.076679,0.016748
-0.285833,1.104934,0.757780,0.000372,-0.084468,0.751794,-0.653966,-0.667116,0.227812,0.188992,0.954991,-0.349774,0.057462,-0.375736,-0.125163,0.033171,0.762484,-0.488219,0.244427,0.014535,0.105912,0.182086,-0.144960,0.261016,-0.412747,-0.081948,-0.072120,-0.004660,0.033036,-0.236267,-0.475317,0.333387,-0.052260,0.075072,0.091613,-0.003136
-0.284232,1.120623,0.752573,0.000394,-0.083690,0.753119,-0.652539,-0.702257,0.240198,0.200158,0.970820,-0.317192,0.044939,-0.409963,-0.126939,0.037078,0.788487,-0.480208,0.250645,0.024040,0.115940,0.194595,-0.162527,0.275556,-0.475857,-0.073563,-0.072056,-0.004235,0.048572,-0.304871,-0.529564,0.384424,0.039383,0.074886,0.103715,-0.025475
-0.282712,1.136486,0.747328,0.000262,-0.082701,0.754460,-0.651115,-0.737825,0.251869,0.210657,0.986849,-0.285069,0.031977,-0.444309,-0.129099,0.041506,0.814590,-0.472242,0.257338,0.033269,0.125534,0.207385,-0.177721,0.285041,-0.534468,-0.064234,-0.071529,-0.003973,0.064719,-0.372818,-0.581611,0.430848,0.134749,0.074844,0.115419,-0.050927
-0.280058,1.149850,0.746738,-0.001907,-0.079917,0.755271,-0.650519,-0.747237,0.259068,0.194395,1.010991,-0.282559,0.003524,-0.463312,-0.134475,0.047506,0.802952,-0.446835,0.261800,0.034864,0.122573,0.212312,-0.185786,0.317632,-0.601029,-0.055984,-0.076946,-0.004212,0.070813,-0.420008,-0.618618,0.484327,0.088900,0.085169,0.121483,-0.055073
-0.279163,1.163374,0.746388,-0.002803,-0.077830,0.756455,-0.649393,-0.756221,0.271181,0.173632,1.035108,-0.279584,-0.029159,-0.480494,-0.133364,0.051149,0.790240,-0.421032,0.261800,0.039779,0.119308,0.218327,-0.189399,0.344691,-0.658136,-0.045912,-0.080883,-0.004295,0.076972,-0.458430,-0.642214,0.522609,0.043975,0.092616,0.129809,-0.061232
-0.278286,1.176878,0.745998,-0.003590,-0.075820,0.757699,-0.648175,-0.764997,0.283254,0.152417,1.058965,-0.276778,-0.062185,-0.497530,-0.131856,0.054863,0.777459,-0.395225,0.261800,0.045403,0.116339,0.224401,-0.188282,0.362243,-0.703577,-0.032727,-0.082799,-0.004247,0.082303,-0.491063,-0.653738,0.548821,0.005449,0.097528,0.135056,-0.068092
-0.274768,1.186993,0.749232,-0.004867,-0.072226,0.759551,-0.646407,-0.737061,0.308403,0.130148,1.065923,-0.274518,-0.076169,-0.497895,-0.138779,0.054024,0.740278,-0.351304,0.261800,0.054457,0.106216,0.217540,-0.176003,0.406659,-0.732128,-0.036651,-0.088733,-0.002900,0.073837,-0.488810,-0.658897,0.570577,-0.052641,0.106259,0.138608,-0.070633
-0.271283,1.197074,0.752366,-0.005626,-0.068577,0.761525,-0.644473,-0.707212,0.334546,0.108494,1.071365,-0.271811,-0.090172,-0.497081,-0.144997,0.053357,0.702988,-0.307632,0.261800,0.064438,0.096346,0.211730,-0.160231,0.445675,-0.752039,-0.040111,-0.093545,-0.000464,0.064904,-0.481214,-0.655163,0.583658,-0.108957,0.113000,0.141435,-0.073799
-0.267803,1.207202,0.755522,-0.006182,-0.065189,0.763556,-0.642413,-0.676710,0.361592,0.087373,1.075370,-0.268365,-0.104446,-0.496398,-0.150547,0.052754,0.665971,-0.264112,0.261800,0.074752,0.087230,0.206123,-0.142232,0.480007,-0.765311,-0.042087,-0.097241,0.002093,0.055737,-0.470932,-0.644924,0.591600,-0.162786,0.118379,0.143004,-0.077391
-0.260080,1.213968,0.758927,-0.005930,-0.066769,0.761500,-0.644689,-0.626849,0.378180,0.076482,1.039973,-0.252134,-0.082347,-0.468556,-0.159551,0.042537,0.585442,-0.217486,0.261800,0.072689,0.085461,0.193910,-0.124439,0.502030,-0.764911,-0.053698,-0.105699,0.004736,0.051939,-0.441742,-0.631250,0.584168,-0.224872,0.123403,0.143303,-0.078213
-0.252587,1.220814,0.762614,-0.004927,-0.067982,0.759422,-0.647018,-0.574068,0.396237,0.066546,1.002029,-0.235270,-0.060566,-0.438593,-0.166748,0.031867,0.504222,-0.170702,0.261800,0.070859,0.084137,0.183902,-0.106337,0.522444,-0.762385,-0.064886,-0.113748,0.007623,0.048691,-0.411051,-0.614663,0.574654,-0.287817,0.127170,0.144362,-0.079477
-0.245301,1.227732,0.766160,-0.003590,-0.069405,0.757356,-0.649293,-0.520732,0.416142,0.057150,0.962972,-0.218211,-0.039328,-0.409400,-0.171665,0.021155,0.424768,-0.124769,0.261800,0.069262,0.083500,0.174440,-0.088002,0.542080,-0.758204,-0.075796,-0.121616,0.010471,0.045460,-0.380002,-0.596061,0.564573,-0.350454,0.130089,0.145197,-0.080941
-0.233799,1.234561,0.767823,-0.004275,-0.072605,0.756065,-0.650443,-0.474114,0.412224,0.041761,0.897556,-0.255711,-0.079052,-0.382423,-0.186541,-0.003485,0.333437,-0.047428,0.261800,0.066098,0.085154,0.161425,-0.073438,0.556542,-0.757565,-0.058289,-0.129278,0.013896,0.042998,-0.358379,-0.588331,0.581646,-0.384323,0.132174,0.148369,-0.066891
-0.222281,1.241432,0.769534,-0.004858,-0.076048,0.754707,-0.651622,-0.427957,0.410492,0.028124,0.832241,-0.292923,-0.118456,-0.356803,-0.199304,-0.030474,0.244927,0.028357,0.261800,0.061999,0.087570,0.148418,-0.058677,0.570090,-0.755336,-0.039226,-0.136621,0.016169,0.040120,-0.338363,-0.580000,0.600065,-0.415885,0.134275,0.150171,-0.052962
-0.210771,1.248435,0.771289,-0.005288,-0.079672,0.753265,-0.652853,-0.381988,0.410576,0.016446,0.766771,-0.329634,-0.157816,-0.332747,-0.209897,-0.059512,0.159951,0.102168,0.261800,0.057653,0.090523,0.135833,-0.044117,0.583578,-0.752286,-0.019946,-0.143892,0.018303,0.037015,-0.318722,-0.571744,0.618637,-0.447208,0.136337,0.151729,-0.039202
-0.186950,1.254335,0.772362,-0.013917,-0.067588,0.750430,-0.657338,-0.374900,0.337334,0.025999,0.767148,-0.367854,-0.139057,-0.338601,-0.277846,-0.069491,0.180185,0.093026,0.261800,0.040711,0.076277,0.141242,-0.053981,0.551024,-0.740313,0.046383,-0.148641,0.017172,0.049237,-0.293264,-0.575880,0.618312,-0.422763,0.137246,0.150547,-0.043269
-0.164741,1.260264,0.773179,-0.022680,-0.056197,0.746986,-0.662072,-0.368643,0.265537,0.031049,0.761776,-0.401394,-0.122873,-0.349682,-0.343279,-0.079436,0.209113,0.079718,0.258166,0.023428,0.060409,0.144925,-0.065736,0.521249,-0.727904,0.114945,-0.153979,0.014269,0.060809,-0.268709,-0.577386,0.617111,-0.395872,0.138578,0.147773,-0.047502
-0.153432,1.270063,0.775509,-0.023946,-0.055490,0.747063,-0.662001,-0.368073,0.242441,0.020563,0.746927,-0.423165,-0.130544,-0.367428,-0.356114,-0.101782,0.238441,0.067593,0.222496,0.021723,0.052942,0.149686,-0.083316,0.513065,-0.712673,0.182254,-0.161921,0.010663,0.070277,-0.250556,-0.558756,0.612804,-0.364566,0.138034,0.145367,-0.052867
-0.142290,1.285530,0.776011,-0.023321,-0.058773,0.746909,-0.661913,-0.399521,0.234858,0.020240,0.754184,-0.410119,-0.128225,-0.390131,-0.359950,-0.132042,0.360130,0.004022,0.197800,0.028002,0.054590,0.163025,-0.161883,0.503397,-0.717429,0.348471,-0.154770,0.008223,0.072496,-0.279954,-0.544093,0.618620,-0.187453,0.139697,0.139065,-0.069293
-0.131047,1.300870,0.776592,-0.022643,-0.061727,0.746618,-0.661995,-0.429840,0.226935,0.019909,0.759629,-0.396180,-0.125778,-0.414383,-0.365708,-0.159334,0.487427,-0.062701,0.172731,0.032879,0.055541,0.176732,-0.240435,0.494152,-0.721152,0.513868,-0.146950,0.005463,0.076300,-0.310566,-0.529226,0.625895,-0.008911,0.140822,0.131533,-0.085535
-0.119956,1.316194,0.777039,-0.021806,-0.064360,0.746242,-0.662197,-0.459442,0.219181,0.019339,0.764910,-0.382455,-0.123577,-0.439686,-0.372866,-0.183706,0.619788,-0.132442,0.147078,0.037294,0.056089,0.190820,-0.319201,0.485374,-0.724798,0.678162,-0.138934,0.002692,0.081762,-0.340984,-0.514873,0.633871,0.168932,0.141551,0.124120,-0.101881
-0.111295,1.329389,0.776584,-0.022566,-0.065775,0.745842,-0.662483,-0.483282,0.209094,0.026472,0.758270,-0.355729,-0.117298,-0.424451,-0.364437,-0.206169,0.701187,-0.178608,0.123051,0.047526,0.055443,0.195011,-0.360837,0.483937,-0.704522,0.739215,-0.121595,0.003847,0.088083,-0.347500,-0.488886,0.615148,0.196395,0.153179,0.114124,-0.131082
-0.102829,1.342503,0.775757,-0.022521,-0.067433,0.745516,-0.662685,-0.507937,0.201535,0.032579,0.754818,-0.331021,-0.111898,-0.409817,-0.354495,-0.227060,0.786080,-0.226938,0.098574,0.058876,0.056563,0.200457,-0.402972,0.482791,-0.684683,0.800176,-0.104287,0.005164,0.094925,-0.353319,-0.464870,0.595352,0.221451,0.165596,0.105286,-0.160503
-0.094390,1.355460,0.775010,-0.022123,-0.069301,0.745270,-0.662782,-0.532653,0.195496,0.038248,0.751823,-0.306801,-0.106903,-0.394939,-0.343341,-0.246554,0.871124,-0.275611,0.073835,0.070441,0.058509,0.205875,-0.444034,0.481933,-0.664974,0.860910,-0.087129,0.006419,0.103314,-0.358787,-0.441531,0.575712,0.245609,0.178156,0.096872,-0.190035
-0.090173,1.366999,0.774925,-0.023256,-0.069645,0.746360,-0.661480,-0.544848,0.190341,0.044965,0.732758,-0.279492,-0.097340,-0.364407,-0.314937,-0.250623,0.903434,-0.294166,0.068692,0.086837,0.056190,0.201393,-0.452025,0.484672,-0.637065,0.821905,-0.093576,-0.002076,0.105134,-0.360933,-0.448918,0.587434,0.180951,0.176261,0.092728,-0.171822
-0.085821,1.378128,0.775154,-0.023628,-0.070384,0.747513,-0.660084,-0.555282,0.186852,0.051319,0.712551,-0.252367,-0.087958,-0.331188,-0.284403,-0.254818,0.931927,-0.310963,0.064041,0.102162,0.056218,0.196539,-0.454878,0.488977,-0.607369,0.775254,-0.100201,-0.006152,0.108137,-0.360616,-0.458888,0.600946,0.110518,0.174444,0.092555,-0.153660
-0.081441,1.389189,0.775521,-0.023708,-0.071243,0.748587,-0.658771,-0.565548,0.183852,0.057317,0.692474,-0.225376,-0.078672,-0.297652,-0.253363,-0.258430,0.959826,-0.327438,0.059436,0.117054,0.056897,0.191584,-0.456870,0.493365,-0.577529,0.727618,-0.106679,-0.009598,0.111586,-0.360380,-0.469959,0.615314,0.039451,0.173380,0.092856,-0.135693
-0.079602,1.397396,0.777086,-0.024467,-0.070338,0.749299,-0.658031,-0.559695,0.178171,0.061198,0.655134,-0.196654,-0.068364,-0.240875,-0.208880,-0.256584,0.913740,-0.320197,0.073554,0.135353,0.052167,0.179038,-0.404750,0.516522,-0.577676,0.603484,-0.120102,-0.013365,0.110815,-0.353901,-0.508603,0.645689,-0.047034,0.168256,0.097773,-0.114930
-0.077588,1.405442,0.778965,-0.024516,-0.069441,0.749912,-0.657426,-0.552034,0.172793,0.064494,0.616896,-0.167816,-0.057916,-0.180668,-0.163528,-0.253315,0.863643,-0.311642,0.087288,0.152374,0.048714,0.166714,-0.347340,0.540946,-0.575313,0.472142,-0.133064,-0.013407,0.112625,-0.347173,-0.549204,0.677076,-0.134758,0.163718,0.102611,-0.094044
-0.075382,1.413528,0.780758,-0.024617,-0.068444,0.750351,-0.657026,-0.544956,0.166461,0.067631,0.579155,-0.138920,-0.047108,-0.120324,-0.119265,-0.247836,0.813509,-0.303196,0.101036,0.168272,0.045215,0.154752,-0.288341,0.564769,-0.571309,0.339409,-0.144865,-0.013213,0.116878,-0.342200,-0.591650,0.709018,-0.223349,0.160247,0.107936,-0.073310
-0.075134,1.421366,0.780377,-0.030792,-0.065901,0.750653,-0.656680,-0.549019,0.154500,0.078889,0.551228,-0.108725,-0.039985,-0.043385,-0.093757,-0.243782,0.698412,-0.354841,0.092549,0.178896,0.032163,0.138336,-0.225154,0.596942,-0.582817,0.316636,-0.147699,-0.005913,0.105625,-0.352317,-0.626946,0.719599,-0.293387,0.168058,0.111401,-0.056100
-0.075887,1.430159,0.777266,-0.037857,-0.061043,0.750199,-0.657300,-0.568270,0.139512,0.088459,0.555136,-0.093701,-0.033774,0.023227,-0.076583,-0.238479,0.612717,-0.423447,0.083881,0.190121,0.014848,0.134417,-0.174915,0.630007,-0.592660,0.299579,-0.151020,-0.004269,0.092328,-0.370300,-0.665332,0.723520,-0.360751,0.175902,0.110623,-0.039255
-0.075088,1.440111,0.775555,-0.045748,-0.057146,0.750133,-0.657223,-0.579793,0.123723,0.102461,0.533905,-0.063414,-0.025493,0.089442,-0.059414,-0.230353,0.513091,-0.479668,0.075813,0.201099,-0.002148,0.121631,-0.118468,0.659727,-0.603094,0.284873,-0.153878,-0.002177,0.079902,-0.383717,-0.701661,0.732522,-0.427696,0.183244,0.111650,-0.022788
-0.072662,1.446231,0.774235,-0.048061,-0.052903,0.750365,-0.657148,-0.584495,0.112920,0.112992,0.528981,-0.047196,-0.017609,0.130950,-0.054715,-0.219360,0.432004,-0.502512,0.074386,0.207435,-0.010857,0.111753,-0.059504,0.672757,-0.586426,0.320892,-0.156265,0.006366,0.075371,-0.401814,-0.747928,0.722318,-0.443066,0.189745,0.114290,-0.017347
-0.069856,1.452386,0.773045,-0.049849,-0.049203,0.750683,-0.656940,-0.589078,0.103295,0.123228,0.523655,-0.030608,-0.009491,0.171032,-0.048814,-0.208202,0.354800,-0.527707,0.072870,0.213482,-0.016830,0.101907,-0.002687,0.680684,-0.568597,0.363217,-0.157170,0.011872,0.070021,-0.423435,-0.793867,0.714629,-0.452301,0.196508,0.113141,-0.011359
-0.066945,1.458379,0.772136,-0.051200,-0.045824,0.750954,-0.656770,-0.592458,0.094260,0.133079,0.517032,-0.013749,-0.001321,0.211217,-0.041784,-0.197290,0.279716,-0.554857,0.071293,0.219132,-0.021581,0.091980,0.054252,0.686635,-0.549819,0.406895,-0.157488,0.016584,0.064560,-0.445624,-0.839891,0.708069,-0.460368,0.203370,0.111135,-0.005350
-0.063996,1.463490,0.770394,-0.046891,-0.043812,0.756241,-0.651139,-0.606196,0.106334,0.139241,0.550761,-0.005717,0.000981,0.232370,-0.032275,-0.180691,0.250670,-0.559966,0.065957,0.229115,-0.016371,0.092307,0.105068,0.682400,-0.518729,0.438179,-0.157563,0.017718,0.065558,-0.471275,-0.859510,0.691150,-0.411189,0.201309,0.116285,-0.006782
-0.061280,1.468621,0.768627,-0.042352,-0.042715,0.761852,-0.644952,-0.623393,0.121049,0.143650,0.589598,0.000404,0.002603,0.251627,-0.020834,-0.162770,0.223469,-0.565915,0.059623,0.239935,-0.010278,0.091676,0.155857,0.677545,-0.487211,0.468590,-0.157684,0.019612,0.066995,-0.500005,-0.876180,0.675964,-0.355964,0.197664,0.118559,-0.006888
-0.058531,1.473800,0.766961,-0.037887,-0.041823,0.767393,-0.638689,-0.641149,0.136002,0.147584,0.629016,0.006043,0.004428,0.271015,-0.009179,-0.144944,0.195966,-0.571921,0.052945,0.250533,-0.004188,0.090554,0.206637,0.671420,-0.455536,0.498861,-0.157714,0.021599,0.068465,-0.529160,-0.892477,0.661730,-0.299727,0.193287,0.120132,-0.006972
-0.055664,1.478738,0.765830,-0.031333,-0.039464,0.772869,-0.632562,-0.671051,0.155996,0.142398,0.681731,0.001341,-0.023978,0.277288,-0.006139,-0.131127,0.195674,-0.566945,0.054319,0.261206,0.007995,0.091987,0.228006,0.660806,-0.437394,0.527050,-0.149611,0.022841,0.066140,-0.567023,-0.894722,0.651963,-0.183472,0.182448,0.129254,0.001950
-0.052763,1.483881,0.764587,-0.024781,-0.037366,0.778366,-0.626208,-0.702417,0.176245,0.136192,0.736271,-0.004271,-0.052875,0.282244,-0.002723,-0.116915,0.197245,-0.562815,0.055506,0.272461,0.020717,0.093534,0.246810,0.649085,-0.420362,0.557085,-0.141526,0.023873,0.063947,-0.607889,-0.895318,0.643772,-0.061518,0.169370,0.134955,0.011275
-0.050038,1.488947,0.763484,-0.018424,-0.035145,0.783766,-0.619788,-0.733810,0.195539,0.129780,0.790596,-0.010118,-0.081685,0.287083,0.000107,-0.102903,0.199030,-0.558848,0.056861,0.283568,0.033038,0.095218,0.265127,0.636549,-0.403831,0.587311,-0.133321,0.024763,0.062522,-0.648986,-0.895651,0.636400,0.060636,0.154785,0.140285,0.019160
-0.049653,1.491407,0.763028,-0.016001,-0.033950,0.787323,-0.615398,-0.753954,0.209061,0.119037,0.814676,-0.017880,-0.091934,0.292015,-0.000486,-0.096932,0.186016,-0.545613,0.057462,0.278674,0.037962,0.097900,0.263387,0.622003,-0.413252,0.588354,-0.130407,0.020571,0.062198,-0.679293,-0.865577,0.623496,0.008325,0.158419,0.131651,0.009667
-0.049262,1.493753,0.762756,-0.014248,-0.032146,0.790528,-0.611415,-0.772397,0.219918,0.109702,0.835229,-0.024282,-0.101377,0.297619,-0.003141,-0.092326,0.171557,-0.531764,0.058577,0.275093,0.040235,0.100990,0.261144,0.609474,-0.424455,0.587273,-0.128162,0.017802,0.062431,-0.699425,-0.840327,0.603161,-0.057916,0.162356,0.131127,-0.002991
-0.047593,1.498672,0.764623,-0.015682,-0.029153,0.794297,-0.606627,-0.779109,0.225562,0.112282,0.820734,-0.009379,-0.107574,0.297724,-0.013213,-0.086783,0.148116,-0.506647,0.061156,0.268861,0.037753,0.097063,0.267298,0.591564,-0.434950,0.585426,-0.123942,0.015180,0.066354,-0.717578,-0.810599,0.589236,-0.126103,0.165261,0.134489,-0.016002
-0.044349,1.499243,0.766101,-0.014912,-0.026771,0.797932,-0.601968,-0.764716,0.240128,0.112188,0.808563,-0.021248,-0.100640,0.298267,-0.023954,-0.077259,0.142224,-0.486348,0.066970,0.256546,0.031363,0.096964,0.237289,0.571686,-0.417821,0.606120,-0.138833,0.012578,0.085737,-0.694905,-0.785271,0.555398,-0.155449,0.168119,0.129336,-0.040565
-0.041101,1.499860,0.767634,-0.013701,-0.024106,0.801611,-0.597202,-0.749506,0.255026,0.112075,0.797025,-0.033516,-0.093989,0.299739,-0.034559,-0.067361,0.136722,-0.466691,0.072704,0.246384,0.024883,0.097799,0.205065,0.552595,-0.402436,0.628897,-0.154510,0.008609,0.105127,-0.670455,-0.760006,0.519528,-0.185187,0.169557,0.123569,-0.064608
-0.038052,1.500489,0.769059,-0.012388,-0.021430,0.805263,-0.592401,-0.734293,0.269938,0.111903,0.785698,-0.045915,-0.087532,0.301389,-0.045090,-0.057311,0.131259,-0.447151,0.078424,0.236699,0.018582,0.098586,0.172816,0.533770,-0.386885,0.651887,-0.170532,0.004224,0.124184,-0.645837,-0.734320,0.483886,-0.215148,0.170039,0.117751,-0.088450
-0.035949,1.500029,0.771296,-0.013204,-0.020000,0.808256,-0.588344,-0.718205,0.272820,0.105801,0.778744,-0.046935,-0.086436,0.296895,-0.054832,-0.054034,0.131623,-0.425613,0.084274,0.230130,0.014906,0.098459,0.130357,0.537987,-0.425675,0.607341,-0.162619,0.000352,0.125546,-0.641742,-0.708370,0.473992,-0.214876,0.167573,0.120377,-0.096101
-0.033743,1.499674,0.773529,-0.014085,-0.018646,0.811228,-0.584263,-0.702359,0.275804,0.099816,0.771631,-0.047829,-0.085241,0.291937,-0.064529,-0.050581,0.132379,-0.404273,0.090113,0.223426,0.011351,0.097942,0.088787,0.541408,-0.464057,0.559782,-0.154711,-0.000913,0.127274,-0.638699,-0.682234,0.464638,-0.212833,0.165393,0.121972,-0.103401
-0.031709,1.499331,0.775667,-0.014931,-0.017311,0.814182,-0.580160,-0.686566,0.278910,0.093795,0.764523,-0.048699,-0.084034,0.286949,-0.074114,-0.046947,0.133172,-0.382957,0.095934,0.216694,0.007850,0.097294,0.047053,0.543739,-0.501960,0.512003,-0.146578,-0.001911,0.128671,-0.635743,-0.656062,0.455356,-0.210612,0.163263,0.123446,-0.110703
-0.027969,1.497336,0.776176,-0.015477,-0.018610,0.814619,-0.579490,-0.656202,0.273975,0.089049,0.749341,-0.057628,-0.090971,0.283765,-0.080150,-0.052625,0.133342,-0.370968,0.103568,0.204280,0.005667,0.092260,0.004466,0.538968,-0.507308,0.506555,-0.149053,0.001040,0.133730,-0.615196,-0.648439,0.414773,-0.131521,0.174320,0.121843,-0.135062
-0.024157,1.495479,0.776705,-0.015747,-0.019686,0.815010,-0.578898,-0.625181,0.268975,0.084438,0.734036,-0.066260,-0.097708,0.281093,-0.086319,-0.058513,0.133869,-0.359051,0.111189,0.191670,0.003782,0.087978,-0.039245,0.533057,-0.512661,0.503387,-0.151704,0.002626,0.138332,-0.597069,-0.642449,0.374981,-0.049106,0.187164,0.117462,-0.158272
-0.020361,1.493682,0.777239,-0.015902,-0.020713,0.815372,-0.578349,-0.594031,0.263996,0.079793,0.718839,-0.074935,-0.104263,0.278597,-0.092489,-0.064455,0.134563,-0.347178,0.118824,0.178805,0.002108,0.083903,-0.082909,0.526401,-0.517584,0.500561,-0.154350,0.004047,0.142922,-0.580054,-0.638288,0.335920,0.034013,0.201231,0.112606,-0.180613
-0.018293,1.491773,0.776388,-0.016685,-0.023933,0.816571,-0.576508,-0.579153,0.260125,0.074154,0.701570,-0.092767,-0.109221,0.273547,-0.092532,-0.065244,0.133737,-0.346745,0.127245,0.164561,-0.002873,0.083528,-0.133798,0.527008,-0.495183,0.523885,-0.164484,0.003225,0.154780,-0.551627,-0.666603,0.332736,0.117155,0.205664,0.106856,-0.184055
-0.016284,1.490020,0.775633,-0.017572,-0.027412,0.817717,-0.574699,-0.565367,0.256495,0.068177,0.685217,-0.111056,-0.113877,0.267625,-0.092375,-0.066215,0.133284,-0.346180,0.135627,0.149300,-0.006980,0.082451,-0.184895,0.526930,-0.471939,0.548961,-0.174589,0.000997,0.165954,-0.524148,-0.695271,0.331270,0.200801,0.209937,0.101109,-0.187226
-0.014245,1.488227,0.774825,-0.018585,-0.030832,0.818810,-0.572934,-0.551746,0.252742,0.062285,0.669243,-0.129659,-0.118255,0.261545,-0.092369,-0.067382,0.132927,-0.345625,0.143952,0.133777,-0.011248,0.081231,-0.236175,0.527199,-0.448686,0.574345,-0.184791,-0.001483,0.176868,-0.496600,-0.723998,0.330194,0.284575,0.213834,0.095411,-0.190073
-0.011191,1.486037,0.773684,-0.019381,-0.033966,0.819238,-0.572118,-0.547705,0.250181,0.061034,0.661468,-0.137511,-0.118213,0.257225,-0.093840,-0.068221,0.132268,-0.347528,0.150432,0.117085,-0.016117,0.082657,-0.265284,0.526720,-0.445853,0.569814,-0.185695,-0.003565,0.180349,-0.459831,-0.756200,0.317537,0.317264,0.216512,0.087153,-0.192710
-0.008267,1.483577,0.772468,-0.020724,-0.037192,0.819636,-0.571300,-0.544337,0.247176,0.060151,0.653670,-0.145635,-0.118148,0.252212,-0.095834,-0.069208,0.131393,-0.349438,0.157061,0.101350,-0.021942,0.082563,-0.292946,0.526811,-0.443981,0.562204,-0.186192,-0.003801,0.184500,-0.417550,-0.788271,0.300848,0.345374,0.218479,0.081268,-0.195874
-0.005312,1.481178,0.771360,-0.022262,-0.040392,0.820006,-0.570494,-0.541194,0.243904,0.059439,0.645948,-0.153909,-0.118042,0.246973,-0.098082,-0.070367,0.130575,-0.351428,0.163729,0.085808,-0.028149,0.082004,-0.320544,0.526964,-0.442469,0.554255,-0.186670,-0.003769,0.188761,-0.372982,-0.819706,0.281889,0.372745,0.220245,0.075752,-0.199069
-0.002371,1.478393,0.771150,-0.025521,-0.042230,0.823257,-0.565520,-0.536744,0.236793,0.052731,0.633762,-0.156729,-0.117738,0.234875,-0.107121,-0.068445,0.132963,-0.350109,0.166846,0.075182,-0.031893,0.081723,-0.343923,0.514633,-0.473432,0.461311,-0.179083,-0.006549,0.185939,-0.352087,-0.823706,0.278699,0.435617,0.229101,0.074691,-0.196903
0.000550,1.475611,0.770960,-0.028948,-0.043990,0.826487,-0.560488,-0.532326,0.229666,0.046141,0.621496,-0.159588,-0.117482,0.222495,-0.116392,-0.066467,0.135754,-0.349021,0.169967,0.063024,-0.036070,0.080821,-0.363500,0.504496,-0.502838,0.362284,-0.171324,-0.005092,0.184217,-0.334657,-0.826827,0.278602,0.502173,0.238022,0.072009,-0.193659
0.003484,1.472955,0.770793,-0.032433,-0.045645,0.829639,-0.555485,-0.527853,0.222442,0.039444,0.609154,-0.162433,-0.117238,0.210251,-0.125732,-0.064662,0.138575,-0.347995,0.173110,0.050143,-0.040406,0.079585,-0.382329,0.495508,-0.531739,0.262404,-0.163688,-0.003014,0.182017,-0.318101,-0.829717,0.279653,0.569524,0.246659,0.069155,-0.189837
0.004593,1.468238,0.775446,-0.030340,-0.050132,0.832530,-0.550872,-0.501468,0.230811,0.040439,0.570498,-0.152390,-0.117851,0.168482,-0.121736,-0.072093,0.200651,-0.334483,0.149508,0.041626,-0.029533,0.082011,-0.370950,0.493100,-0.549995,0.158338,-0.155550,-0.000495,0.177295,-0.289675,-0.827643,0.276611,0.504607,0.242236,0.061970,-0.189564
0.005594,1.463263,0.780209,-0.028576,-0.055120,0.835316,-0.546253,-0.474836,0.239528,0.041578,0.529768,-0.141305,-0.118623,0.123600,-0.117601,-0.080379,0.268248,-0.324053,0.125911,0.034286,-0.018032,0.083284,-0.358902,0.491395,-0.569110,0.052273,-0.146528,0.002908,0.171546,-0.252844,-0.826128,0.268713,0.428365,0.235592,0.061658,-0.191718
0.006733,1.458118,0.784848,-0.026661,-0.060593,0.838092,-0.541497,-0.448430,0.249390,0.042729,0.489008,-0.130145,-0.119523,0.076388,-0.112964,-0.089324,0.340813,-0.316256,0.102301,0.028066,-0.005236,0.084404,-0.347797,0.489971,-0.588781,-0.053576,-0.137276,0.006525,0.164405,-0.213938,-0.824953,0.259254,0.350685,0.227975,0.062089,-0.193287
0.007239,1.453982,0.788532,-0.024720,-0.063861,0.844733,-0.530789,-0.424835,0.265939,0.059572,0.467476,-0.121944,-0.120075,0.033059,-0.113531,-0.109536,0.370443,-0.313482,0.098711,0.031262,0.008589,0.083498,-0.324562,0.486894,-0.614797,-0.096977,-0.129779,0.014133,0.150203,-0.186844,-0.816191,0.277569,0.344173,0.223431,0.068196,-0.187197
0.008031,1.450117,0.792156,-0.022487,-0.067404,0.851283,-0.519874,-0.401744,0.283017,0.076518,0.447013,-0.113988,-0.120646,-0.010544,-0.114259,-0.129722,0.400767,-0.310827,0.095276,0.032992,0.023667,0.082771,-0.302059,0.483299,-0.638847,-0.136582,-0.122373,0.018965,0.134557,-0.165865,-0.807685,0.300640,0.344735,0.219860,0.070455,-0.179904
0.008945,1.446384,0.795698,-0.020422,-0.071047,0.857652,-0.508890,-0.379274,0.299725,0.093878,0.426838,-0.105706,-0.121240,-0.055471,-0.116197,-0.150132,0.433146,-0.308804,0.091982,0.034045,0.038933,0.082191,-0.280118,0.479881,-0.662570,-0.175789,-0.115048,0.023559,0.119076,-0.146730,-0.799485,0.325107,0.346083,0.216633,0.072835,-0.172833
0.008274,1.443809,0.798233,-0.018970,-0.070359,0.867124,-0.492732,-0.372439,0.312772,0.105767,0.444653,-0.092911,-0.135364,-0.079075,-0.124644,-0.188177,0.444063,-0.302476,0.092585,0.049548,0.046815,0.082831,-0.245887,0.490216,-0.644263,-0.171469,-0.113551,0.026642,0.119985,-0.144219,-0.786642,0.343866,0.303730,0.209114,0.076088,-0.167782
0.007485,1.441400,0.800868,-0.017396,-0.069809,0.876271,-0.476417,-0.366965,0.325868,0.117188,0.465070,-0.081534,-0.149903,-0.102130,-0.133177,-0.226526,0.454569,-0.295648,0.092776,0.063848,0.054783,0.084210,-0.211734,0.500258,-0.623852,-0.165264,-0.112493,0.027512,0.119832,-0.142647,-0.773441,0.363334,0.260090,0.200986,0.080964,-0.162885
0.006776,1.439206,0.803487,-0.016185,-0.069021,0.885069,-0.460029,-0.362131,0.337554,0.129014,0.485793,-0.070354,-0.164524,-0.125404,-0.143231,-0.264975,0.465328,-0.288573,0.092729,0.077750,0.061736,0.085573,-0.177577,0.509790,-0.602933,-0.158756,-0.111503,0.028090,0.119549,-0.141497,-0.760039,0.382794,0.216521,0.192729,0.086105,-0.157754
0.004704,1.435914,0.804745,-0.014126,-0.062368,0.891772,-0.447945,-0.370710,0.329207,0.112379,0.514706,-0.053346,-0.172416,-0.133672,-0.147799,-0.248560,0.479165,-0.298342,0.096290,0.088106,0.058062,0.087944,-0.145973,0.513344,-0.580221,-0.119844,-0.114682,0.028990,0.119789,-0.172931,-0.775538,0.370751,0.186133,0.189620,0.087610,-0.162097
0.002712,1.432782,0.806068,-0.011598,-0.055212,0.898238,-0.435873,-0.378167,0.319529,0.096027,0.543486,-0.036157,-0.180058,-0.141327,-0.153298,-0.231932,0.493359,-0.307893,0.100092,0.098745,0.054377,0.092198,-0.117241,0.514467,-0.557886,-0.077351,-0.117966,0.028325,0.119642,-0.206520,-0.791847,0.359164,0.158576,0.187435,0.087252,-0.165632
0.000777,1.429675,0.807419,-0.008870,-0.047834,0.904459,-0.423777,-0.385297,0.308968,0.079747,0.572589,-0.019172,-0.187739,-0.148787,-0.159275,-0.215164,0.507685,-0.317493,0.104024,0.109295,0.050310,0.096943,-0.089016,0.514679,-0.535402,-0.034199,-0.121151,0.027324,0.119350,-0.240593,-0.808194,0.348125,0.131453,0.185197,0.086553,-0.169032
-0.002577,1.427580,0.805570,-0.008523,-0.038917,0.908403,-0.416192,-0.391626,0.293986,0.074054,0.692868,-0.053931,-0.201674,-0.153435,-0.170728,-0.193794,0.529203,-0.335748,0.107017,0.118143,0.035813,0.106087,-0.109044,0.527580,-0.529225,0.031337,-0.124759,0.027993,0.120688,-0.307007,-0.846492,0.360982,0.171396,0.181166,0.091606,-0.157199
-0.003977,1.426594,0.804495,-0.008802,-0.030240,0.912342,-0.408215,-0.396365,0.277272,0.072926,0.799771,-0.078013,-0.213877,-0.158038,-0.181682,-0.171965,0.538228,-0.342955,0.110159,0.124788,0.024492,0.111500,-0.131115,0.532193,-0.523292,0.106913,-0.127678,0.026035,0.122470,-0.384811,-0.886464,0.385419,0.222909,0.179013,0.092030,-0.140798
-0.005202,1.425431,0.803538,-0.008956,-0.021361,0.916130,-0.400211,-0.401077,0.259819,0.073916,0.906676,-0.102228,-0.225663,-0.161136,-0.193125,-0.150055,0.544590,-0.348746,0.113885,0.130273,0.013727,0.116992,-0.152923,0.534977,-0.516259,0.184221,-0.129779,0.022980,0.124041,-0.466989,-0.925189,0.415802,0.276941,0.176195,0.090762,-0.124139
-0.004439,1.418317,0.797472,-0.007813,-0.018848,0.922784,-0.384778,-0.408904,0.272521,0.031250,0.817225,-0.106268,-0.221827,-0.170962,-0.197343,-0.114698,0.564523,-0.362435,0.126270,0.140395,0.018698,0.119708,-0.202750,0.540883,-0.560327,0.214903,-0.116872,0.016228,0.117066,-0.566081,-0.931030,0.485824,0.304982,0.163619,0.088196,-0.102764
-0.004238,1.411584,0.791809,-0.006579,-0.015194,0.929111,-0.369431,-0.414828,0.283552,-0.009532,0.725256,-0.109039,-0.217414,-0.179419,-0.202967,-0.079339,0.583924,-0.376252,0.138260,0.148447,0.021325,0.124620,-0.252602,0.544942,-0.603358,0.244361,-0.104351,0.011191,0.112251,-0.671553,-0.928359,0.560517,0.336933,0.150331,0.086559,-0.082802
-0.002019,1.406147,0.787858,-0.007098,-0.010697,0.934967,-0.354502,-0.414658,0.290379,-0.044604,0.605589,-0.092409,-0.210116,-0.187244,-0.211348,-0.044988,0.585664,-0.375486,0.150497,0.149765,0.027475,0.123246,-0.300180,0.531070,-0.643916,0.284919,-0.088958,0.006421,0.110273,-0.789233,-0.913113,0.653009,0.380825,0.136716,0.083622,-0.062329
-0.003752,1.397260,0.781500,-0.005717,-0.009804,0.938965,-0.343826,-0.413374,0.301201,-0.088416,0.549345,-0.097353,-0.211840,-0.193106,-0.216064,-0.019998,0.611851,-0.395613,0.164696,0.152086,0.028255,0.122219,-0.341888,0.524230,-0.638959,0.287856,-0.082048,0.001064,0.119927,-0.820718,-0.902778,0.684648,0.393056,0.126475,0.082506,-0.054670
-0.004709,1.390160,0.775137,-0.004519,-0.008619,0.942928,-0.332855,-0.412414,0.312805,-0.131990,0.487105,-0.095690,-0.213521,-0.204031,-0.219663,0.005800,0.641328,-0.414338,0.177414,0.155063,0.029522,0.122058,-0.384138,0.509706,-0.633425,0.294509,-0.076071,-0.002241,0.131203,-0.850801,-0.884870,0.714745,0.406703,0.114302,0.082561,-0.045853
-0.005586,1.383327,0.768972,-0.003676,-0.007065,0.946781,-0.321781,-0.412450,0.324020,-0.175126,0.424901,-0.093360,-0.214164,-0.216049,-0.223550,0.031951,0.671017,-0.432886,0.190060,0.158151,0.030246,0.122273,-0.419711,0.489683,-0.621929,0.300695,-0.070163,-0.005505,0.141254,-0.872235,-0.859052,0.738232,0.418977,0.101246,0.081687,-0.036565
-0.002906,1.378491,0.763323,-0.004232,-0.006319,0.950282,-0.311298,-0.422321,0.321756,-0.186755,0.418261,-0.081682,-0.246890,-0.239465,-0.229143,0.054045,0.700834,-0.447247,0.207407,0.150082,0.037230,0.135221,-0.458433,0.454831,-0.606933,0.299838,-0.061636,-0.006850,0.138178,-0.877372,-0.799176,0.733596,0.424422,0.091450,0.077854,-0.030868
0.004254,1.368397,0.758862,-0.008339,0.000159,0.953031,-0.302759,-0.436255,0.292023,-0.187007,0.416145,-0.070276,-0.261763,-0.260852,-0.260679,0.082199,0.713398,-0.450860,0.238897,0.137501,0.037744,0.144354,-0.478389,0.404509,-0.579703,0.294675,-0.050124,-0.006316,0.132023,-0.856235,-0.735142,0.715473,0.418951,0.078513,0.072253,-0.025257
0.012233,1.356688,0.756483,-0.014029,0.006315,0.955664,-0.294058,-0.447563,0.256724,-0.179716,0.402860,-0.052605,-0.261800,-0.278316,-0.290275,0.108281,0.707051,-0.443346,0.261743,0.124899,0.038898,0.150616,-0.479635,0.346303,-0.539538,0.284245,-0.036726,-0.005634,0.123271,-0.811206,-0.662269,0.682074,0.404031,0.063810,0.065304,-0.019646
0.014839,1.353114,0.754108,-0.018789,0.003546,0.958853,-0.283258,-0.471694,0.261789,-0.159255,0.400563,-0.037957,-0.261800,-0.306249,-0.285422,0.118212,0.714793,-0.441687,0.261800,0.106794,0.039512,0.158893,-0.470062,0.307036,-0.474243,0.260544,-0.033871,-0.006531,0.114507,-0.755011,-0.578534,0.612837,0.362728,0.056545,0.054253,-0.015408
0.017705,1.348736,0.752051,-0.023040,-0.000948,0.961928,-0.272329,-0.493764,0.270478,-0.140441,0.393756,-0.021580,-0.261800,-0.329293,-0.277572,0.124747,0.714715,-0.436043,0.261800,0.089466,0.047221,0.159821,-0.433140,0.260550,-0.402004,0.228704,-0.029042,-0.007440,0.104721,-0.672090,-0.492281,0.535468,0.309482,0.049200,0.044732,-0.011882
0.020612,1.344152,0.749932,-0.027449,-0.005661,0.964770,-0.261598,-0.516823,0.279342,-0.122675,0.386994,-0.005219,-0.261800,-0.352030,-0.269550,0.130170,0.714325,-0.430377,0.261800,0.072405,0.055975,0.159622,-0.384392,0.212082,-0.326456,0.195066,-0.023592,-0.008270,0.093745,-0.578449,-0.405474,0.453566,0.253605,0.041887,0.035538,-0.008280
0.023076,1.341871,0.748943,-0.032235,-0.010585,0.966190,-0.255590,-0.534866,0.297914,-0.109093,0.394161,0.005353,-0.261800,-0.368453,-0.259352,0.135381,0.706529,-0.424740,0.261800,0.051006,0.067450,0.153502,-0.347280,0.172897,-0.266505,0.156847,-0.018588,-0.006138,0.079241,-0.490605,-0.330410,0.371871,0.204838,0.034280,0.029538,-0.009139
0.025707,1.339450,0.747825,-0.036672,-0.015464,0.967513,-0.249670,-0.553529,0.316170,-0.096485,0.403055,0.015412,-0.261800,-0.383644,-0.249595,0.140364,0.698765,-0.419090,0.261800,0.030349,0.079140,0.149184,-0.313959,0.136359,-0.212232,0.121979,-0.014914,-0.003391,0.066283,-0.410102,-0.264514,0.296221,0.160939,0.027846,0.024089,-0.010209
0.028372,1.336943,0.746687,-0.041028,-0.020224,0.968734,-0.243849,-0.572415,0.334121,-0.084443,0.411938,0.025864,-0.261800,-0.398334,-0.240156,0.145232,0.691565,-0.413912,0.261800,0.009943,0.090803,0.145530,-0.288085,0.103798,-0.165159,0.091899,-0.011993,-0.000845,0.055738,-0.342073,-0.210187,0.230677,0.123426,0.022670,0.019429,-0.011487
0.031583,1.331428,0.747122,-0.046435,-0.022305,0.969702,-0.238800,-0.580071,0.334392,-0.067013,0.410893,0.022604,-0.261800,-0.409324,-0.241916,0.148798,0.674231,-0.396261,0.261800,0.000674,0.099585,0.139139,-0.257571,0.085355,-0.131521,0.068547,-0.009733,-0.000041,0.049163,-0.291551,-0.166027,0.188638,0.093220,0.016781,0.016332,-0.008985
0.034696,1.326254,0.747549,-0.051395,-0.024233,0.970613,-0.233840,-0.585849,0.335214,-0.049490,0.407544,0.020709,-0.261800,-0.418819,-0.243055,0.151266,0.656355,-0.379314,0.261800,-0.009148,0.108085,0.132643,-0.235645,0.072086,-0.105187,0.048299,-0.007914,0.000005,0.045716,-0.255226,-0.131295,0.157610,0.069700,0.012385,0.014057,-0.006878
0.038147,1.321216,0.747696,-0.056431,-0.025861,0.971546,-0.228572,-0.594725,0.336147,-0.032234,0.409666,0.016453,-0.261800,-0.430833,-0.243975,0.155199,0.642290,-0.363867,0.261800,-0.019576,0.113811,0.129131,-0.227436,0.066777,-0.086277,0.029384,-0.008856,0.001684,0.044626,-0.235008,-0.104103,0.132646,0.050139,0.009629,0.013945,-0.004385
0.034097,1.317043,0.747293,-0.058215,-0.027300,0.973456,-0.219658,-0.588499,0.361382,-0.040203,0.398346,0.016581,-0.261800,-0.432616,-0.237375,0.165182,0.637793,-0.361863,0.261800,-0.019367,0.116708,0.120323,-0.214710,0.065306,-0.085088,0.026626,-0.007080,0.003199,0.038167,-0.220417,-0.088896,0.121309,0.046721,0.008368,0.013606,-0.004936
0.030089,1.313443,0.746974,-0.058945,-0.029183,0.975406,-0.210373,-0.579759,0.388888,-0.047916,0.385423,0.017277,-0.261800,-0.432058,-0.228513,0.172930,0.632911,-0.361795,0.261800,-0.017328,0.119998,0.112239,-0.208686,0.063351,-0.087795,0.025363,-0.005165,0.003393,0.033033,-0.211128,-0.077066,0.112598,0.046039,0.007751,0.012346,-0.006234
0.026048,1.309656,0.746746,-0.059621,-0.031718,0.977183,-0.201376,-0.569245,0.417191,-0.055419,0.367494,0.020401,-0.261800,-0.429914,-0.219179,0.179185,0.625689,-0.360633,0.261800,-0.015680,0.126235,0.101480,-0.204433,0.059396,-0.090173,0.023626,-0.001340,0.002898,0.029546,-0.203530,-0.066343,0.107198,0.045500,0.006403,0.010621,-0.008199
0.027494,1.303984,0.746511,-0.061566,-0.031692,0.977903,-0.197261,-0.572403,0.426639,-0.051216,0.364923,0.027577,-0.261800,-0.434187,-0.224674,0.179941,0.617632,-0.348994,0.261800,-0.013124,0.126078,0.099358,-0.204525,0.059400,-0.091696,0.024687,-0.002682,0.003158,0.028363,-0.201992,-0.066016,0.105359,0.045798,0.005425,0.010314,-0.007719
0.028989,1.298438,0.746345,-0.064180,-0.032109,0.978456,-0.193580,-0.575981,0.436131,-0.047448,0.357661,0.038057,-0.261800,-0.439376,-0.229916,0.178954,0.608090,-0.336763,0.261800,-0.011173,0.127966,0.094145,-0.205786,0.058061,-0.092389,0.024546,-0.002445,0.002894,0.028192,-0.201237,-0.065048,0.105444,0.044999,0.003978,0.009777,-0.007649
0.030672,1.292980,0.746049,-0.067102,-0.032373,0.979015,-0.189682,-0.581193,0.445507,-0.043554,0.352328,0.047753,-0.261800,-0.446497,-0.235085,0.178799,0.600382,-0.325187,0.261800,-0.008561,0.128941,0.089200,-0.212473,0.057173,-0.094832,0.023523,-0.002918,0.002869,0.028194,-0.204169,-0.063730,0.105398,0.043637,0.003266,0.009537,-0.007469
0.031865,1.286661,0.744729,-0.069852,-0.034297,0.979256,-0.187088,-0.596777,0.447958,-0.047499,0.354212,0.059407,-0.261800,-0.447499,-0.239309,0.175369,0.585916,-0.322145,0.261800,-0.004191,0.132301,0.085336,-0.207541,0.058439,-0.093675,0.025236,-0.002909,0.002398,0.026866,-0.201257,-0.066401,0.105438,0.042032,0.003165,0.009198,-0.006390
0.033065,1.280215,0.743431,-0.072705,-0.036353,0.979469,-0.184480,-0.612672,0.450626,-0.051532,0.356316,0.070672,-0.261800,-0.448577,-0.243186,0.171859,0.571511,-0.319299,0.261800,0.000302,0.136336,0.080110,-0.204423,0.059892,-0.093150,0.025570,-0.002300,0.001994,0.025707,-0.199449,-0.068271,0.106412,0.039424,0.002950,0.008793,-0.005360
0.034185,1.273846,0.742153,-0.075601,-0.038406,0.979663,-0.181851,-0.628576,0.453251,-0.055457,0.358369,0.081895,-0.261800,-0.449847,-0.246926,0.168531,0.557429,-0.316629,0.261800,0.004852,0.140534,0.074440,-0.204236,0.061765,-0.093809,0.025028,-0.001371,0.001799,0.024724,-0.199730,-0.069449,0.108233,0.036280,0.002663,0.008321,-0.004327
0.035444,1.269945,0.741292,-0.078338,-0.040777,0.979145,-0.182962,-0.645951,0.454292,-0.063178,0.372026,0.085355,-0.261800,-0.449416,-0.249330,0.164210,0.545774,-0.313998,0.261800,0.012250,0.143595,0.070576,-0.200569,0.058822,-0.091233,0.029729,-0.002985,0.001788,0.024168,-0.197272,-0.067583,0.106081,0.040287,0.002135,0.009842,-0.004055
0.036602,1.266048,0.740589,-0.080911,-0.043207,0.978608,-0.184155,-0.662309,0.455195,-0.070807,0.384248,0.089518,-0.261800,-0.448092,-0.251578,0.159422,0.533185,-0.311033,0.261800,0.019459,0.147082,0.065908,-0.198404,0.055677,-0.089490,0.034526,-0.003615,0.001668,0.023986,-0.195731,-0.064359,0.104942,0.044961,0.000629,0.010665,-0.003925
0.037817,1.262036,0.739885,-0.083444,-0.045588,0.978058,-0.185369,-0.678362,0.455827,-0.078355,0.396261,0.093672,-0.261800,-0.446586,-0.253856,0.154789,0.520551,-0.308114,0.261800,0.026578,0.150590,0.061063,-0.198995,0.052687,-0.088770,0.039847,-0.003990,0.001678,0.023836,-0.196235,-0.060298,0.104882,0.050274,-0.001248,0.011357,-0.003612
0.037400,1.260151,0.738973,-0.085465,-0.048662,0.977217,-0.188084,-0.690588,0.457284,-0.085243,0.401110,0.096434,-0.261800,-0.447280,-0.252877,0.148593,0.520375,-0.308661,0.261800,0.033232,0.153768,0.059202,-0.202071,0.049025,-0.088723,0.048014,-0.004608,0.002155,0.023086,-0.195646,-0.059031,0.105368,0.056803,-0.002446,0.012043,-0.003816
0.036889,1.258294,0.737977,-0.087348,-0.051552,0.976364,-0.190859,-0.702305,0.458343,-0.091967,0.405697,0.099326,-0.261800,-0.448049,-0.252201,0.142598,0.521022,-0.309695,0.261800,0.039973,0.156476,0.057650,-0.208663,0.044601,-0.089962,0.058338,-0.005092,0.002693,0.022136,-0.197213,-0.057140,0.106979,0.064801,-0.004069,0.012896,-0.003726
0.036373,1.256425,0.737089,-0.089181,-0.054405,0.975496,-0.193636,-0.713897,0.459275,-0.098664,0.410233,0.102242,-0.261800,-0.448785,-0.251599,0.136664,0.521698,-0.310763,0.261800,0.046773,0.159049,0.056185,-0.218803,0.039350,-0.092535,0.071445,-0.005477,0.003355,0.020910,-0.201202,-0.054033,0.110002,0.075273,-0.006306,0.013985,-0.003165
0.036888,1.256010,0.736285,-0.089041,-0.058058,0.974774,-0.196257,-0.727009,0.462924,-0.101094,0.418471,0.107214,-0.261800,-0.444771,-0.247404,0.128343,0.518177,-0.311315,0.261800,0.055899,0.162824,0.056607,-0.214930,0.040952,-0.094415,0.070335,-0.004831,0.001070,0.020461,-0.202117,-0.056855,0.111004,0.075473,-0.005850,0.012897,-0.002958
0.036898,1.255219,0.735519,-0.088711,-0.061512,0.974035,-0.199006,-0.739340,0.465940,-0.103496,0.427461,0.111101,-0.261800,-0.438868,-0.243879,0.121216,0.513276,-0.311934,0.261800,0.064628,0.166694,0.056026,-0.211170,0.042480,-0.097542,0.069258,-0.003649,0.000439,0.020175,-0.203503,-0.058810,0.114257,0.076507,-0.006028,0.013531,-0.002251
0.036849,1.254369,0.734938,-0.088283,-0.064932,0.973286,-0.201752,-0.751348,0.468877,-0.106027,0.436519,0.114751,-0.261800,-0.432412,-0.240376,0.114174,0.508009,-0.312627,0.261800,0.073280,0.170579,0.055095,-0.210077,0.043198,-0.102116,0.071462,-0.002186,0.000470,0.018869,-0.207301,-0.059360,0.119835,0.081371,-0.007194,0.014584,-0.000220
0.036879,1.254077,0.734716,-0.088399,-0.067225,0.972744,-0.203557,-0.756975,0.470744,-0.106267,0.437564,0.115631,-0.261800,-0.432674,-0.237165,0.110695,0.510941,-0.309349,0.261800,0.081439,0.173148,0.053367,-0.209153,0.047934,-0.102253,0.066119,-0.003416,-0.000313,0.019422,-0.212656,-0.066018,0.124616,0.076507,-0.006846,0.013603,0.000861
0.036757,1.253772,0.734401,-0.088618,-0.069330,0.972191,-0.205391,-0.762434,0.472270,-0.106142,0.438354,0.116613,-0.261800,-0.433378,-0.234431,0.107542,0.514549,-0.306518,0.261800,0.089778,0.175309,0.051183,-0.210181,0.052296,-0.104187,0.063011,-0.004658,0.000070,0.019256,-0.220414,-0.072903,0.132458,0.073811,-0.007150,0.014100,0.003247
0.036596,1.253468,0.734093,-0.088871,-0.071414,0.971628,-0.207222,-0.767943,0.473771,-0.105975,0.439120,0.117601,-0.261800,-0.434210,-0.231746,0.104396,0.518266,-0.303779,0.261800,0.098200,0.177340,0.048731,-0.213643,0.055947,-0.108146,0.063710,-0.005814,0.000844,0.018402,-0.231472,-0.079332,0.143747,0.075108,-0.008370,0.015276,0.006980
0.036441,1.254353,0.733330,-0.087967,-0.073727,0.971362,-0.208043,-0.773254,0.480782,-0.106444,0.441144,0.119960,-0.261800,-0.437054,-0.227399,0.099495,0.527407,-0.304583,0.261800,0.104470,0.181823,0.048329,-0.219608,0.066054,-0.105632,0.058449,-0.008792,-0.000494,0.024371,-0.236749,-0.094382,0.139684,0.067280,-0.002302,0.014669,-0.001038
0.035834,1.255607,0.732690,-0.086898,-0.076146,0.971108,-0.208804,-0.777926,0.488782,-0.107686,0.443008,0.122482,-0.261800,-0.439532,-0.221897,0.094476,0.537829,-0.306549,0.261800,0.111142,0.185310,0.047551,-0.226595,0.076351,-0.105812,0.054821,-0.012000,-0.001120,0.030315,-0.242386,-0.110930,0.136490,0.059971,0.003102,0.015399,-0.008852
0.035035,1.256840,0.731963,-0.085804,-0.078493,0.970858,-0.209548,-0.782454,0.496732,-0.108885,0.445017,0.124832,-0.261800,-0.441874,-0.216540,0.089499,0.548392,-0.308770,0.261800,0.117888,0.188350,0.046494,-0.234947,0.086580,-0.107512,0.053473,-0.015262,-0.001605,0.036224,-0.249594,-0.128288,0.134727,0.054749,0.007616,0.016594,-0.016274
0.034288,1.257036,0.731132,-0.084747,-0.079041,0.970214,-0.212731,-0.786888,0.495094,-0.113280,0.450393,0.123980,-0.261800,-0.437317,-0.216907,0.087711,0.553073,-0.318048,0.261800,0.121425,0.189365,0.045247,-0.248008,0.093715,-0.106573,0.028026,-0.015823,-0.003053,0.043928,-0.257022,-0.142638,0.127902,0.029279,0.012988,0.017454,-0.026291
0.033143,1.257657,0.730503,-0.083211,-0.080027,0.969595,-0.215773,-0.789915,0.495479,-0.118440,0.453792,0.124238,-0.261800,-0.431463,-0.215139,0.084992,0.557305,-0.327087,0.261800,0.124628,0.190629,0.045123,-0.262404,0.101993,-0.106738,0.002659,-0.015919,-0.003996,0.051921,-0.266173,-0.156394,0.120782,0.005342,0.016914,0.018444,-0.036820
0.032013,1.258280,0.729896,-0.081513,-0.080954,0.968978,-0.218823,-0.792571,0.495830,-0.123584,0.457172,0.124482,-0.261800,-0.425194,-0.213421,0.082287,0.561359,-0.336048,0.261800,0.127509,0.191918,0.045419,-0.277108,0.111056,-0.106882,-0.024033,-0.015806,-0.005115,0.060347,-0.275532,-0.171075,0.112894,-0.019387,0.020134,0.019231,-0.048463
0.032638,1.259368,0.729813,-0.079799,-0.081260,0.969151,-0.218576,-0.791408,0.499724,-0.121244,0.456557,0.128808,-0.261800,-0.428302,-0.210325,0.083035,0.570949,-0.332111,0.261800,0.129028,0.195802,0.046762,-0.285114,0.122745,-0.111742,-0.037408,-0.013809,-0.005561,0.062117,-0.277348,-0.181771,0.108762,-0.031055,0.019527,0.018690,-0.053947
0.032679,1.260551,0.729369,-0.078104,-0.081068,0.969387,-0.218214,-0.790368,0.503656,-0.119557,0.458239,0.131870,-0.261800,-0.432330,-0.208568,0.083264,0.583943,-0.333334,0.261800,0.130672,0.197836,0.045889,-0.287155,0.136051,-0.114999,-0.058839,-0.011426,-0.004932,0.063808,-0.270726,-0.194828,0.098794,-0.051072,0.018610,0.019501,-0.060993
0.032776,1.261828,0.729037,-0.076702,-0.081086,0.969600,-0.217757,-0.789866,0.507893,-0.117928,0.459170,0.135506,-0.261800,-0.436784,-0.206453,0.083338,0.595942,-0.333800,0.261800,0.132409,0.199894,0.044612,-0.289207,0.149949,-0.117722,-0.082965,-0.008896,-0.005107,0.065800,-0.262875,-0.208109,0.085860,-0.072878,0.017265,0.019526,-0.069353
0.033377,1.261707,0.728858,-0.076316,-0.081023,0.969448,-0.218590,-0.790274,0.507085,-0.115305,0.458145,0.135952,-0.261800,-0.435786,-0.208875,0.080819,0.595230,-0.333467,0.261800,0.135055,0.196887,0.041547,-0.303696,0.150853,-0.124402,-0.067736,-0.010253,-0.001367,0.068655,-0.272719,-0.209510,0.094608,-0.061877,0.017226,0.022681,-0.063848
0.032799,1.262170,0.728701,-0.075269,-0.081321,0.969294,-0.219524,-0.789139,0.509303,-0.114113,0.457352,0.136371,-0.261800,-0.432961,-0.208033,0.079852,0.597454,-0.336175,0.261800,0.137648,0.195417,0.039486,-0.318190,0.151945,-0.129641,-0.053128,-0.011923,-0.000265,0.071521,-0.284184,-0.212018,0.103978,-0.050301,0.018489,0.023794,-0.059777
0.032279,1.262564,0.728539,-0.074001,-0.081579,0.969154,-0.220474,-0.787659,0.511523,-0.112990,0.456678,0.136755,-0.261800,-0.429762,-0.207161,0.078884,0.599780,-0.338923,0.261800,0.140022,0.194578,0.038356,-0.331295,0.153793,-0.133196,-0.041671,-0.013471,0.000190,0.074426,-0.294315,-0.215855,0.111647,-0.040853,0.020401,0.024133,-0.057023
0.032037,1.263728,0.728441,-0.071506,-0.081952,0.968823,-0.222605,-0.786287,0.512876,-0.113127,0.455792,0.140482,-0.261800,-0.422419,-0.204585,0.076799,0.600347,-0.343760,0.261800,0.144024,0.196105,0.039452,-0.334416,0.153199,-0.128187,-0.039285,-0.013584,-0.001536,0.080227,-0.299468,-0.210069,0.109126,-0.047908,0.019952,0.022539,-0.061132
0.031505,1.264518,0.728207,-0.068704,-0.082135,0.968491,-0.224852,-0.783947,0.514344,-0.113260,0.456086,0.142716,-0.261800,-0.413283,-0.202736,0.075831,0.600662,-0.349339,0.261800,0.147204,0.197600,0.040333,-0.333698,0.152963,-0.121535,-0.040660,-0.013013,-0.002849,0.086022,-0.299647,-0.204013,0.103428,-0.059347,0.018989,0.021785,-0.066030
0.030932,1.265209,0.728078,-0.065808,-0.082266,0.968151,-0.227125,-0.781327,0.515786,-0.113377,0.456403,0.144834,-0.261800,-0.403777,-0.200921,0.074845,0.600839,-0.354950,0.261800,0.150224,0.199032,0.041214,-0.330794,0.152507,-0.113551,-0.044118,-0.012095,-0.003922,0.091983,-0.296530,-0.197682,0.095060,-0.073491,0.017934,0.021089,-0.071427
0.031079,1.266181,0.727852,-0.063318,-0.082166,0.968044,-0.228321,-0.777472,0.517268,-0.112959,0.454292,0.145874,-0.261800,-0.400661,-0.200433,0.072926,0.606206,-0.357453,0.261800,0.157401,0.198762,0.039382,-0.333384,0.155551,-0.118531,-0.039693,-0.013674,-0.003172,0.091748,-0.300912,-0.199201,0.100621,-0.074073,0.017206,0.023560,-0.069048
0.031440,1.267124,0.727483,-0.061136,-0.082063,0.967925,-0.229455,-0.774506,0.518467,-0.112555,0.452271,0.146982,-0.261800,-0.398781,-0.199897,0.071266,0.612258,-0.359765,0.261800,0.164914,0.198775,0.037941,-0.336816,0.157985,-0.122115,-0.034049,-0.015640,-0.003121,0.091831,-0.306549,-0.200569,0.105721,-0.073573,0.017131,0.024667,-0.067162
0.031739,1.268088,0.727093,-0.058998,-0.081959,0.967799,-0.230581,-0.771746,0.519663,-0.112207,0.450320,0.148117,-0.261800,-0.397160,-0.199310,0.069634,0.618508,-0.362108,0.261800,0.172391,0.199005,0.036710,-0.339630,0.160105,-0.124374,-0.028201,-0.017664,-0.003330,0.092170,-0.311321,-0.201526,0.109509,-0.073969,0.017246,0.025216,-0.065711
0.030753,1.268413,0.727200,-0.056951,-0.082143,0.967733,-0.231304,-0.767404,0.522758,-0.111096,0.449301,0.147612,-0.261800,-0.391099,-0.197405,0.068892,0.619728,-0.364036,0.261800,0.178473,0.198185,0.034344,-0.338187,0.159928,-0.126767,-0.028630,-0.018029,-0.003922,0.090733,-0.312227,-0.198842,0.115689,-0.069737,0.017354,0.026116,-0.063374
0.029753,1.268755,0.727265,-0.054752,-0.082389,0.967677,-0.231982,-0.762653,0.526123,-0.110038,0.448103,0.147038,-0.261800,-0.384514,-0.195286,0.067820,0.620323,-0.365534,0.261800,0.184351,0.197807,0.031883,-0.334910,0.159724,-0.128089,-0.029819,-0.018158,-0.004090,0.089409,-0.312074,-0.195237,0.121320,-0.066132,0.017258,0.026384,-0.060990
0.028837,1.268998,0.727337,-0.052511,-0.082635,0.967618,-0.232657,-0.757801,0.529516,-0.108970,0.446906,0.146433,-0.261800,-0.377769,-0.193136,0.066732,0.620786,-0.366987,0.261800,0.190099,0.197590,0.029445,-0.330811,0.159464,-0.128867,-0.030963,-0.018325,-0.004181,0.088125,-0.311080,-0.191157,0.126438,-0.063410,0.017102,0.026496,-0.058584
0.029361,1.268809,0.727646,-0.050954,-0.082061,0.967287,-0.234575,-0.754636,0.526622,-0.106947,0.444868,0.148474,-0.261800,-0.370496,-0.195686,0.065629,0.615899,-0.366440,0.261800,0.194943,0.197941,0.028474,-0.325958,0.160495,-0.127456,-0.032223,-0.017592,-0.003934,0.087903,-0.308728,-0.188611,0.127753,-0.062319,0.017206,0.026792,-0.057712
0.029037,1.269144,0.727630,-0.048845,-0.082212,0.967016,-0.236085,-0.750367,0.528163,-0.105952,0.441846,0.149192,-0.261800,-0.362952,-0.195152,0.063583,0.613988,-0.368400,0.261800,0.200737,0.198959,0.027481,-0.320377,0.161880,-0.126530,-0.033448,-0.016973,-0.003709,0.087446,-0.305190,-0.185257,0.128264,-0.061933,0.017317,0.027321,-0.056784
0.028618,1.269393,0.727704,-0.046710,-0.082347,0.966740,-0.237594,-0.746063,0.529699,-0.104945,0.438899,0.149851,-0.261800,-0.355349,-0.194602,0.061547,0.612120,-0.370399,0.261800,0.206565,0.199969,0.026511,-0.314108,0.163109,-0.125535,-0.034434,-0.016418,-0.003539,0.086904,-0.300722,-0.181543,0.128486,-0.062076,0.017384,0.027873,-0.055646
0.028480,1.270056,0.728107,-0.045518,-0.082700,0.966588,-0.238321,-0.743273,0.530947,-0.103633,0.435009,0.153223,-0.261800,-0.351896,-0.192410,0.058542,0.611213,-0.368855,0.261800,0.211809,0.200695,0.026276,-0.311360,0.159641,-0.120050,-0.034921,-0.016713,-0.003884,0.090341,-0.302485,-0.178997,0.126475,-0.060663,0.016760,0.027456,-0.058668
0.028146,1.270308,0.728296,-0.044493,-0.082766,0.966455,-0.239031,-0.740916,0.531792,-0.102365,0.433063,0.154961,-0.261800,-0.348148,-0.191816,0.056808,0.610040,-0.368627,0.261800,0.217128,0.201167,0.026077,-0.308277,0.155664,-0.113995,-0.034964,-0.017049,-0.004338,0.093897,-0.304299,-0.176140,0.124754,-0.058890,0.016289,0.026785,-0.061986
0.027904,1.270565,0.728481,-0.043462,-0.082833,0.966320,-0.239740,-0.738602,0.532631,-0.101120,0.431188,0.156663,-0.261800,-0.344432,-0.191211,0.055088,0.608938,-0.368432,0.261800,0.222433,0.201686,0.025946,-0.304341,0.151315,-0.107332,-0.035014,-0.017360,-0.004931,0.097498,-0.305338,-0.172749,0.122663,-0.057399,0.015804,0.025963,-0.065430
0.027317,1.270429,0.728176,-0.042068,-0.083332,0.966022,-0.241012,-0.736812,0.534238,-0.103031,0.430959,0.154386,-0.261800,-0.339321,-0.191229,0.053379,0.609238,-0.370850,0.261800,0.226209,0.201897,0.024280,-0.305023,0.152885,-0.108263,-0.039717,-0.016409,-0.004002,0.095142,-0.304167,-0.171533,0.125665,-0.060309,0.015321,0.026337,-0.063433
0.027014,1.270712,0.728001,-0.040716,-0.083899,0.965675,-0.242434,-0.735632,0.535650,-0.103835,0.429334,0.154041,-0.261800,-0.334855,-0.190401,0.050970,0.609202,-0.373168,0.261800,0.229716,0.201903,0.022970,-0.305576,0.154340,-0.108700,-0.045039,-0.015567,-0.002830,0.093030,-0.302190,-0.170069,0.127481,-0.064552,0.014777,0.026969,-0.061408
0.026793,1.270999,0.727826,-0.039385,-0.084457,0.965323,-0.243858,-0.734473,0.537051,-0.104607,0.427663,0.153728,-0.261800,-0.330440,-0.189593,0.048570,0.609195,-0.375504,0.261800,0.233228,0.201803,0.021644,-0.305757,0.155521,-0.108531,-0.051115,-0.014649,-0.001665,0.091092,-0.299562,-0.168314,0.128662,-0.069904,0.014145,0.027639,-0.059635
0.026935,1.271491,0.728067,-0.038414,-0.084888,0.965104,-0.244732,-0.734283,0.537803,-0.103988,0.426191,0.157128,-0.261800,-0.327164,-0.187707,0.045580,0.607348,-0.373697,0.261800,0.239093,0.202324,0.019394,-0.299840,0.153925,-0.110488,-0.049051,-0.015032,-0.000904,0.088870,-0.299545,-0.166053,0.130869,-0.064291,0.014941,0.028609,-0.056390
0.026818,1.271784,0.728083,-0.037475,-0.085311,0.964950,-0.245333,-0.734264,0.539335,-0.103930,0.426232,0.159312,-0.261800,-0.323868,-0.187135,0.042623,0.605552,-0.373852,0.261800,0.245430,0.202937,0.016673,-0.294028,0.152108,-0.111984,-0.047421,-0.015220,-0.000683,0.086695,-0.299980,-0.163201,0.133317,-0.058449,0.015651,0.028810,-0.053493
0.026778,1.271986,0.728183,-0.036561,-0.085745,0.964796,-0.245928,-0.734341,0.540874,-0.103901,0.426340,0.161453,-0.261800,-0.320640,-0.186547,0.039682,0.603804,-0.374042,0.261800,0.251759,0.203582,0.013870,-0.288603,0.150288,-0.113225,-0.046822,-0.015270,-0.000494,0.084630,-0.300718,-0.160248,0.135759,-0.053520,0.016306,0.028939,-0.050882
0.026579,1.272005,0.728142,-0.035481,-0.086318,0.964478,-0.247130,-0.733864,0.541783,-0.104503,0.425696,0.161537,-0.261800,-0.315840,-0.185441,0.037315,0.601564,-0.374296,0.261800,0.256951,0.204576,0.012055,-0.286219,0.149343,-0.111631,-0.040498,-0.015730,-0.000081,0.085663,-0.298307,-0.154289,0.135025,-0.046332,0.016566,0.028906,-0.051767
0.026395,1.271996,0.728210,-0.034306,-0.086832,0.964148,-0.248399,-0.733126,0.542511,-0.105008,0.425131,0.161493,-0.261800,-0.310647,-0.184443,0.035030,0.599116,-0.374621,0.261800,0.261917,0.205430,0.010541,-0.284831,0.148469,-0.110113,-0.034213,-0.016226,-0.000120,0.086267,-0.296236,-0.148051,0.133769,-0.039286,0.016661,0.028444,-0.052551
0.026205,1.272076,0.728285,-0.033091,-0.087331,0.963816,-0.249673,-0.732296,0.543238,-0.105506,0.424554,0.161443,-0.261800,-0.305341,-0.183441,0.032749,0.596636,-0.374951,0.261800,0.266851,0.206250,0.009126,-0.284116,0.147585,-0.108757,-0.028300,-0.016674,-0.000173,0.086881,-0.294607,-0.141614,0.132388,-0.032369,0.016715,0.027978,-0.053611
0.025441,1.272437,0.728398,-0.031473,-0.087980,0.963503,-0.250860,-0.730295,0.545769,-0.106061,0.423037,0.163469,-0.261800,-0.298335,-0.180917,0.030727,0.593589,-0.375801,0.261800,0.271174,0.206143,0.007436,-0.280745,0.148100,-0.110609,-0.023582,-0.017525,-0.000488,0.085795,-0.295410,-0.144992,0.135632,-0.023750,0.014947,0.027118,-0.051485
0.024956,1.272714,0.728591,-0.029905,-0.088489,0.963160,-0.252188,-0.728428,0.547337,-0.105741,0.421373,0.165939,-0.261800,-0.291359,-0.178907,0.028793,0.589744,-0.376066,0.261800,0.275388,0.206339,0.006003,-0.277658,0.148021,-0.112108,-0.018918,-0.018302,-0.000640,0.084686,-0.296814,-0.148676,0.139253,-0.014484,0.013196,0.026056,-0.049550
0.024555,1.272989,0.728791,-0.028319,-0.088995,0.962812,-0.253516,-0.726518,0.548913,-0.105415,0.419695,0.168406,-0.261800,-0.284309,-0.176871,0.026867,0.585827,-0.376306,0.261800,0.279604,0.206623,0.004603,-0.274781,0.147685,-0.113648,-0.014013,-0.019072,-0.000736,0.083482,-0.298570,-0.152130,0.143018,-0.004265,0.011324,0.024898,-0.047860
0.023658,1.272939,0.728743,-0.026751,-0.089096,0.962409,-0.255175,-0.723326,0.549815,-0.105615,0.418167,0.167419,-0.261800,-0.277384,-0.176687,0.025387,0.584726,-0.378211,0.261800,0.284295,0.207633,0.003561,-0.268097,0.146768,-0.111720,-0.015270,-0.019159,-0.001100,0.082916,-0.294836,-0.146316,0.145090,-0.007657,0.012703,0.025287,-0.043238
0.023086,1.273160,0.728862,-0.025343,-0.089200,0.961967,-0.256943,-0.720567,0.550018,-0.105318,0.415509,0.168155,-0.261800,-0.271244,-0.176259,0.023020,0.583288,-0.379686,0.261800,0.288493,0.208545,0.002157,-0.260490,0.146039,-0.109669,-0.017258,-0.019150,-0.001054,0.082207,-0.290652,-0.140553,0.147327,-0.011628,0.013849,0.026686,-0.038356
0.022583,1.273377,0.728898,-0.023991,-0.089306,0.961517,-0.258714,-0.717894,0.550198,-0.104998,0.412815,0.168895,-0.261800,-0.265194,-0.175851,0.020645,0.581853,-0.381177,0.261800,0.292652,0.209402,0.000533,-0.252874,0.145296,-0.107955,-0.019358,-0.019166,-0.000920,0.081470,-0.286836,-0.134842,0.150184,-0.015049,0.014900,0.028262,-0.033301
0.021986,1.273320,0.729169,-0.023135,-0.089824,0.961565,-0.258435,-0.714820,0.553013,-0.104125,0.410765,0.168538,-0.261800,-0.261700,-0.173636,0.019277,0.579203,-0.378901,0.261800,0.294030,0.210074,-0.000573,-0.251060,0.146694,-0.108261,-0.020327,-0.018477,-0.000820,0.081223,-0.283526,-0.134148,0.150237,-0.017737,0.015378,0.028384,-0.032719
0.021789,1.273211,0.729525,-0.022432,-0.090145,0.961623,-0.258169,-0.712185,0.554881,-0.102928,0.409136,0.168412,-0.261800,-0.258511,-0.172574,0.017889,0.575736,-0.376475,0.261800,0.295650,0.210255,-0.001571,-0.250572,0.148006,-0.109637,-0.021369,-0.017883,-0.000843,0.081157,-0.281052,-0.134143,0.150894,-0.020402,0.016018,0.028546,-0.031858
0.021593,1.273102,0.729794,-0.021748,-0.090466,0.961682,-0.257898,-0.709586,0.556743,-0.101717,0.407511,0.168287,-0.261800,-0.255372,-0.171516,0.016514,0.572281,-0.374055,0.261800,0.297358,0.210344,-0.002584,-0.250741,0.149470,-0.111835,-0.023246,-0.017236,-0.000933,0.081184,-0.279263,-0.134502,0.152347,-0.023219,0.016801,0.028841,-0.030696
0.021387,1.272599,0.729982,-0.021766,-0.090185,0.961556,-0.258462,-0.706321,0.556241,-0.098704,0.403595,0.167918,-0.261800,-0.251554,-0.173362,0.016640,0.567028,-0.373396,0.261800,0.299467,0.210124,-0.003772,-0.250917,0.150150,-0.110050,-0.025194,-0.017481,-0.000582,0.083134,-0.283067,-0.135712,0.151088,-0.021377,0.016327,0.029275,-0.033339
0.021341,1.272441,0.730354,-0.021776,-0.090427,0.961439,-0.258813,-0.703177,0.556867,-0.096162,0.397935,0.168884,-0.261800,-0.247959,-0.173508,0.016080,0.560774,-0.371313,0.261800,0.302130,0.210501,-0.004863,-0.253097,0.151403,-0.109481,-0.028213,-0.017748,-0.000164,0.085192,-0.288810,-0.137034,0.150362,-0.018839,0.015749,0.029527,-0.035991
0.021115,1.272210,0.730605,-0.021638,-0.090334,0.961321,-0.259293,-0.699670,0.556896,-0.093445,0.393156,0.169201,-0.261800,-0.244263,-0.174279,0.015644,0.555857,-0.370207,0.261800,0.304373,0.210762,-0.005727,-0.255074,0.152831,-0.109186,-0.033389,-0.017771,0.000209,0.087305,-0.295236,-0.139138,0.150847,-0.016480,0.015633,0.029872,-0.038700
0.019577,1.273214,0.730834,-0.021779,-0.090689,0.961192,-0.259635,-0.696364,0.559780,-0.091165,0.386234,0.173101,-0.261800,-0.243010,-0.170566,0.015668,0.556207,-0.373894,0.261800,0.307238,0.211128,-0.007186,-0.260587,0.160911,-0.113055,-0.023390,-0.019778,0.001691,0.088560,-0.303762,-0.143523,0.156596,-0.004189,0.014744,0.031131,-0.038764
0.018837,1.273499,0.730997,-0.022333,-0.090393,0.961106,-0.260010,-0.693887,0.560429,-0.087280,0.381350,0.175853,-0.261800,-0.242937,-0.171228,0.015866,0.556602,-0.374891,0.261800,0.309626,0.210800,-0.008429,-0.269750,0.169858,-0.118461,-0.012415,-0.022231,0.002052,0.090088,-0.315817,-0.148716,0.164026,0.010039,0.013695,0.031910,-0.039045
0.018014,1.273709,0.731160,-0.022963,-0.090078,0.961019,-0.260387,-0.691546,0.560987,-0.083352,0.376479,0.178615,-0.261800,-0.243116,-0.171971,0.016098,0.557174,-0.375953,0.261800,0.311996,0.210299,-0.009668,-0.282682,0.180921,-0.125753,-0.001537,-0.025015,0.002277,0.092303,-0.331971,-0.155515,0.173407,0.025607,0.012670,0.032880,-0.039804
0.017110,1.274026,0.731503,-0.023637,-0.090761,0.960914,-0.260478,-0.689483,0.562821,-0.082129,0.369961,0.180154,-0.261800,-0.242032,-0.169209,0.016024,0.553809,-0.375543,0.261800,0.313622,0.209139,-0.010048,-0.298723,0.195177,-0.127066,0.020906,-0.029592,0.002462,0.101357,-0.351890,-0.156566,0.187965,0.014113,0.014403,0.033583,-0.037839
0.016119,1.273847,0.731817,-0.024334,-0.091128,0.960805,-0.260684,-0.687231,0.563699,-0.080787,0.364972,0.180305,-0.261800,-0.239709,-0.168081,0.016723,0.549150,-0.375137,0.261800,0.314456,0.208072,-0.010462,-0.321081,0.214414,-0.130669,0.045661,-0.035422,0.001902,0.112280,-0.378887,-0.161291,0.207203,0.001060,0.016510,0.037203,-0.036648
0.015219,1.273663,0.732142,-0.024975,-0.091478,0.960696,-0.260903,-0.684864,0.564543,-0.079442,0.360027,0.180400,-0.261800,-0.237172,-0.166957,0.017380,0.544345,-0.374678,0.261800,0.315238,0.207075,-0.010815,-0.352236,0.240330,-0.137637,0.073141,-0.042616,0.001235,0.126245,-0.416525,-0.170445,0.232509,-0.011796,0.019106,0.042353,-0.036384
0.015319,1.274103,0.732212,-0.026367,-0.091841,0.960490,-0.261399,-0.683799,0.564843,-0.074053,0.350746,0.184548,-0.261800,-0.238304,-0.166995,0.016284,0.540627,-0.374761,0.261800,0.314670,0.206503,-0.006957,-0.379884,0.267315,-0.143887,0.075780,-0.046723,-0.003770,0.147396,-0.458723,-0.191329,0.254395,-0.014900,0.023509,0.048130,-0.042102
0.014480,1.274496,0.732344,-0.027721,-0.092317,0.960344,-0.261627,-0.682003,0.566472,-0.070437,0.341946,0.187431,-0.261800,-0.238834,-0.166218,0.015367,0.537807,-0.376397,0.261800,0.314797,0.205941,-0.004651,-0.414777,0.303337,-0.153138,0.078399,-0.051457,-0.006873,0.173919,-0.513959,-0.217499,0.284773,-0.017957,0.028609,0.054816,-0.048914
0.013711,1.274873,0.732492,-0.029136,-0.092799,0.960195,-0.261849,-0.680336,0.568056,-0.066789,0.333258,0.190214,-0.261800,-0.239414,-0.165446,0.014406,0.534892,-0.378003,0.261800,0.314827,0.205480,-0.002746,-0.458861,0.347784,-0.165447,0.084189,-0.057653,-0.009668,0.205542,-0.582683,-0.248876,0.323513,-0.021548,0.034407,0.062939,-0.056691
0.014491,1.275237,0.732725,-0.029643,-0.092701,0.959991,-0.262576,-0.679026,0.566491,-0.063484,0.326759,0.195408,-0.261800,-0.240626,-0.166423,0.014443,0.532987,-0.375856,0.261800,0.314913,0.201944,0.002157,-0.484533,0.389989,-0.190139,0.100046,-0.065973,-0.011015,0.233554,-0.657636,-0.285188,0.383296,-0.035366,0.037037,0.073027,-0.057814
0.014723,1.275554,0.732843,-0.030014,-0.092771,0.959894,-0.262863,-0.677073,0.566209,-0.061509,0.320533,0.199503,-0.261800,-0.240970,-0.166458,0.014459,0.531530,-0.374862,0.261800,0.315120,0.199258,0.005516,-0.509432,0.433865,-0.214250,0.117245,-0.074411,-0.012707,0.263135,-0.734751,-0.322516,0.446466,-0.050808,0.039691,0.084325,-0.059125
0.014941,1.275856,0.733061,-0.030410,-0.092861,0.959795,-0.263145,-0.675219,0.565928,-0.059546,0.314390,0.203520,-0.261800,-0.241281,-0.166464,0.014442,0.529942,-0.373824,0.261800,0.315222,0.196780,0.008577,-0.529522,0.474468,-0.236117,0.135207,-0.082500,-0.014438,0.291495,-0.806802,-0.357573,0.507236,-0.066695,0.042167,0.095283,-0.059825
0.016111,1.277111,0.732716,-0.031197,-0.092610,0.960485,-0.260611,-0.675354,0.568864,-0.055628,0.311635,0.207650,-0.261800,-0.253739,-0.167026,0.014139,0.541057,-0.373401,0.261800,0.317431,0.195958,0.012728,-0.556893,0.509165,-0.255840,0.134016,-0.086188,-0.016801,0.315558,-0.861503,-0.380919,0.552938,-0.063216,0.045353,0.104718,-0.061929
0.017731,1.278214,0.732299,-0.032702,-0.092001,0.961184,-0.258052,-0.676829,0.570182,-0.050534,0.309529,0.211783,-0.261800,-0.268635,-0.169594,0.014362,0.553525,-0.372597,0.261800,0.319776,0.193394,0.016523,-0.568817,0.530441,-0.269259,0.130931,-0.088036,-0.017895,0.332066,-0.894257,-0.394130,0.584141,-0.057034,0.047172,0.110239,-0.061647
0.019220,1.279236,0.731862,-0.034389,-0.091350,0.961865,-0.255516,-0.678656,0.571337,-0.045411,0.307473,0.215907,-0.261800,-0.284132,-0.172248,0.014713,0.566389,-0.371971,0.261800,0.322103,0.190340,0.020072,-0.560637,0.534849,-0.274454,0.125479,-0.087440,-0.018571,0.339012,-0.898728,-0.395039,0.598021,-0.049558,0.047440,0.112635,-0.059145
0.019227,1.280558,0.731091,-0.035744,-0.091055,0.962539,-0.252882,-0.681340,0.574856,-0.044570,0.309381,0.215976,-0.261800,-0.297832,-0.171978,0.015880,0.581299,-0.376104,0.261800,0.321809,0.187073,0.024075,-0.534752,0.529866,-0.272430,0.110531,-0.083365,-0.018354,0.332914,-0.877978,-0.387158,0.590298,-0.055552,0.047501,0.109430,-0.059162
0.020058,1.281422,0.730339,-0.037698,-0.089715,0.963125,-0.250838,-0.685164,0.574081,-0.041825,0.312641,0.215956,-0.261800,-0.313025,-0.175475,0.018020,0.596807,-0.379920,0.261800,0.319605,0.181676,0.028213,-0.488469,0.509768,-0.261680,0.090492,-0.076778,-0.016642,0.317401,-0.829816,-0.369376,0.566084,-0.063192,0.046704,0.104557,-0.056995
0.020930,1.282346,0.729667,-0.039522,-0.088695,0.963701,-0.248698,-0.688833,0.573951,-0.039302,0.315058,0.216502,-0.261800,-0.327434,-0.178150,0.019976,0.610256,-0.382415,0.261800,0.317935,0.177102,0.032889,-0.431266,0.478584,-0.246038,0.070260,-0.069011,-0.015077,0.295017,-0.764835,-0.344109,0.530833,-0.069063,0.044838,0.097566,-0.053335
0.020301,1.282830,0.728785,-0.040160,-0.087976,0.963518,-0.249559,-0.694123,0.572394,-0.040872,0.321055,0.216180,-0.261800,-0.333173,-0.179288,0.022143,0.622398,-0.388649,0.261800,0.313844,0.172379,0.034626,-0.396138,0.435071,-0.228106,0.051754,-0.061870,-0.013602,0.274874,-0.702403,-0.311161,0.489620,-0.059128,0.041559,0.090268,-0.049686
0.020053,1.283474,0.728058,-0.040502,-0.087169,0.963336,-0.250488,-0.699159,0.570368,-0.042201,0.326900,0.216401,-0.261800,-0.338608,-0.180569,0.024152,0.634132,-0.394009,0.261800,0.310111,0.167911,0.038093,-0.365391,0.394311,-0.212917,0.034787,-0.055328,-0.012750,0.257085,-0.646560,-0.280871,0.452218,-0.048297,0.038721,0.082780,-0.046230
0.019825,1.284123,0.727352,-0.040747,-0.086354,0.963155,-0.251425,-0.704001,0.568360,-0.043498,0.332768,0.216598,-0.261800,-0.343803,-0.181838,0.026208,0.645783,-0.399322,0.261800,0.306492,0.163512,0.041914,-0.343616,0.363196,-0.203146,0.018740,-0.050117,-0.012371,0.245842,-0.606873,-0.257489,0.426269,-0.038502,0.036866,0.077237,-0.043817
0.021147,1.285454,0.726121,-0.041705,-0.085568,0.963410,-0.250558,-0.710501,0.568226,-0.042046,0.337034,0.218070,-0.261800,-0.357977,-0.183838,0.028035,0.662860,-0.402648,0.261800,0.304844,0.160844,0.042417,-0.350759,0.360540,-0.190233,0.028763,-0.050218,-0.011385,0.246714,-0.599460,-0.247217,0.421871,-0.038533,0.034607,0.075370,-0.041462
0.022194,1.287018,0.724770,-0.042716,-0.084921,0.963673,-0.249594,-0.717154,0.569005,-0.041511,0.341554,0.219190,-0.261800,-0.372684,-0.185105,0.029983,0.681390,-0.407090,0.261800,0.303643,0.157938,0.043074,-0.375700,0.374655,-0.186309,0.042713,-0.053276,-0.012360,0.258306,-0.619774,-0.248109,0.436223,-0.040625,0.034119,0.077450,-0.041122
0.023152,1.288605,0.723417,-0.043737,-0.084266,0.963928,-0.248655,-0.723877,0.569734,-0.041000,0.346100,0.220311,-0.261800,-0.387503,-0.186287,0.031954,0.700054,-0.411611,0.261800,0.302499,0.154944,0.043789,-0.416286,0.404279,-0.190409,0.058761,-0.058666,-0.014112,0.280418,-0.665524,-0.259372,0.468266,-0.044497,0.035099,0.082748,-0.042516
0.023682,1.289257,0.722279,-0.045114,-0.084262,0.964190,-0.247392,-0.731955,0.571563,-0.042461,0.353254,0.218490,-0.261800,-0.398408,-0.186378,0.034000,0.711132,-0.415962,0.261800,0.299542,0.154859,0.043985,-0.469010,0.450577,-0.198811,0.082195,-0.065932,-0.017433,0.312503,-0.728586,-0.280562,0.504945,-0.058679,0.040810,0.089027,-0.053156
0.024222,1.290047,0.721190,-0.046376,-0.084365,0.964455,-0.246085,-0.739924,0.573551,-0.044207,0.360335,0.216698,-0.261800,-0.408939,-0.186049,0.035733,0.721757,-0.419971,0.261800,0.296937,0.154833,0.044211,-0.529295,0.503728,-0.210956,0.107154,-0.074404,-0.021396,0.349222,-0.802246,-0.306370,0.548978,-0.074427,0.047273,0.097135,-0.064701
0.024760,1.290758,0.720116,-0.047622,-0.084452,0.964718,-0.244783,-0.747880,0.575469,-0.045971,0.367462,0.214861,-0.261800,-0.419389,-0.185698,0.037450,0.732318,-0.423970,0.261800,0.294412,0.154773,0.044473,-0.591287,0.558057,-0.223673,0.132657,-0.083180,-0.025504,0.386810,-0.877612,-0.332741,0.594188,-0.090433,0.053786,0.105504,-0.076371
0.025497,1.290766,0.719582,-0.048512,-0.084381,0.965087,-0.243174,-0.751082,0.576484,-0.046027,0.370947,0.212599,-0.261800,-0.424679,-0.186057,0.039218,0.733922,-0.425513,0.261800,0.288902,0.154806,0.043399,-0.648688,0.612831,-0.246537,0.159274,-0.089648,-0.029254,0.415178,-0.946233,-0.360122,0.638243,-0.099049,0.057871,0.114198,-0.083063
0.026410,1.290808,0.719231,-0.049182,-0.084305,0.965457,-0.241592,-0.753724,0.577400,-0.045688,0.373902,0.211006,-0.261800,-0.429314,-0.186272,0.040756,0.734667,-0.426265,0.261800,0.283519,0.154887,0.042842,-0.700217,0.660747,-0.266646,0.185544,-0.095230,-0.032902,0.439017,-1.003597,-0.382915,0.674100,-0.106656,0.061138,0.121162,-0.088731
0.027327,1.290850,0.718806,-0.049792,-0.084217,0.965828,-0.240011,-0.756213,0.578338,-0.045340,0.376834,0.209400,-0.261800,-0.433773,-0.186464,0.042287,0.735318,-0.426979,0.261800,0.278183,0.154983,0.042421,-0.744229,0.700589,-0.283100,0.210997,-0.099680,-0.036313,0.457439,-1.047839,-0.400357,0.700689,-0.113331,0.063637,0.126439,-0.093473
0.026553,1.290657,0.718925,-0.048972,-0.085194,0.965563,-0.240898,-0.758679,0.579940,-0.048165,0.380482,0.209391,-0.261800,-0.428342,-0.181973,0.043890,0.732403,-0.427851,0.261800,0.275585,0.156419,0.041543,-0.770223,0.723006,-0.293392,0.219986,-0.104788,-0.040092,0.472553,-1.075902,-0.410831,0.716505,-0.118877,0.066876,0.130485,-0.097113
0.025926,1.290140,0.719177,-0.047998,-0.086052,0.965326,-0.241738,-0.760675,0.581201,-0.050757,0.384851,0.208748,-0.261800,-0.422115,-0.178730,0.045080,0.728405,-0.428058,0.261800,0.272714,0.158586,0.040696,-0.787905,0.738580,-0.299404,0.226365,-0.108541,-0.042636,0.483596,-1.093168,-0.417180,0.725939,-0.123857,0.069411,0.133213,-0.100044
0.025288,1.289691,0.719358,-0.046986,-0.086894,0.965085,-0.242594,-0.762580,0.582417,-0.053380,0.389288,0.208029,-0.261800,-0.415738,-0.175513,0.046267,0.724276,-0.428207,0.261800,0.269666,0.160909,0.039875,-0.800515,0.749507,-0.302837,0.231764,-0.111537,-0.044835,0.491488,-1.102871,-0.420446,0.730349,-0.128318,0.071512,0.135007,-0.102492
0.026858,1.289307,0.719470,-0.047689,-0.086668,0.965914,-0.239215,-0.761998,0.584765,-0.050106,0.390805,0.206615,-0.261800,-0.422040,-0.175477,0.049311,0.722908,-0.422385,0.261800,0.267605,0.161707,0.040019,-0.808048,0.763481,-0.304794,0.226164,-0.111522,-0.046113,0.494662,-1.111432,-0.422369,0.732878,-0.126826,0.071431,0.135742,-0.104220
0.028252,1.289098,0.719626,-0.048705,-0.086549,0.966742,-0.235685,-0.762086,0.587432,-0.046981,0.391904,0.205654,-0.261800,-0.429443,-0.175014,0.052166,0.722275,-0.416906,0.261800,0.265421,0.162199,0.039543,-0.812995,0.776206,-0.305377,0.219326,-0.111161,-0.046708,0.496570,-1.117470,-0.422479,0.733433,-0.124512,0.071112,0.135937,-0.105588
0.029720,1.288978,0.719692,-0.049801,-0.086440,0.967549,-0.232158,-0.762363,0.590081,-0.043874,0.393002,0.204708,-0.261800,-0.437023,-0.174561,0.055042,0.721703,-0.411493,0.261800,0.263132,0.162631,0.038857,-0.816745,0.788057,-0.305389,0.212170,-0.110642,-0.047166,0.497817,-1.121949,-0.421800,0.732953,-0.121987,0.070691,0.135889,-0.106842
0.030226,1.288633,0.719888,-0.050139,-0.086813,0.967907,-0.230446,-0.762614,0.592722,-0.041874,0.393775,0.204237,-0.261800,-0.437696,-0.173907,0.055077,0.716796,-0.408850,0.261800,0.262104,0.163268,0.038855,-0.814767,0.788348,-0.297056,0.190273,-0.110124,-0.047446,0.501342,-1.117100,-0.420736,0.729145,-0.131961,0.071669,0.136327,-0.108256
0.030795,1.288270,0.720228,-0.050289,-0.087264,0.968270,-0.228714,-0.762379,0.595567,-0.039888,0.394379,0.203901,-0.261800,-0.437634,-0.172936,0.054876,0.711273,-0.406032,0.261800,0.261146,0.164834,0.038663,-0.810500,0.787657,-0.287471,0.166415,-0.108916,-0.046702,0.504861,-1.110909,-0.420219,0.725633,-0.143302,0.072521,0.137463,-0.109680
0.031271,1.287889,0.720497,-0.050404,-0.087731,0.968630,-0.226975,-0.762048,0.598462,-0.037908,0.394987,0.203531,-0.261800,-0.437396,-0.171925,0.054664,0.705595,-0.403169,0.261800,0.260139,0.166631,0.038430,-0.805616,0.786638,-0.277526,0.142101,-0.107482,-0.045730,0.508288,-1.104424,-0.419688,0.722237,-0.154837,0.073354,0.138723,-0.111140
0.030847,1.287513,0.720839,-0.050084,-0.088832,0.968565,-0.226899,-0.762077,0.601513,-0.037304,0.394704,0.204149,-0.261800,-0.433431,-0.169704,0.053191,0.700681,-0.400520,0.261800,0.259246,0.168881,0.037892,-0.800062,0.790080,-0.277276,0.137067,-0.106776,-0.042760,0.508442,-1.098926,-0.418143,0.721286,-0.159876,0.074024,0.139646,-0.111980
0.030365,1.287036,0.721282,-0.049635,-0.089891,0.968493,-0.226886,-0.761905,0.604440,-0.036715,0.394427,0.204779,-0.261800,-0.429210,-0.167572,0.051766,0.695615,-0.397896,0.261800,0.258501,0.170748,0.037672,-0.796163,0.793666,-0.278242,0.133917,-0.106491,-0.040874,0.508498,-1.093541,-0.416358,0.719828,-0.164285,0.074570,0.140102,-0.112782
0.029887,1.286650,0.721644,-0.049151,-0.090939,0.968423,-0.226871,-0.761650,0.607372,-0.036107,0.394149,0.205413,-0.261800,-0.424909,-0.165431,0.050362,0.690526,-0.395263,0.261800,0.257866,0.172507,0.037576,-0.792733,0.797279,-0.279555,0.131153,-0.106293,-0.039200,0.508561,-1.088182,-0.414600,0.718176,-0.168616,0.075100,0.140478,-0.113558
0.027945,1.286172,0.722065,-0.048420,-0.092193,0.967812,-0.229119,-0.762583,0.609205,-0.037484,0.395557,0.204917,-0.261800,-0.415359,-0.161919,0.049611,0.684446,-0.397528,0.261800,0.257809,0.173548,0.037610,-0.789134,0.797171,-0.275931,0.128562,-0.106912,-0.038498,0.510541,-1.085421,-0.411263,0.716267,-0.163941,0.075450,0.141000,-0.113180
0.025991,1.285546,0.722399,-0.047561,-0.093266,0.967265,-0.231167,-0.763175,0.610771,-0.038841,0.397524,0.203911,-0.261800,-0.405134,-0.158895,0.049209,0.678013,-0.400001,0.261800,0.257279,0.174790,0.038135,-0.785182,0.797043,-0.271732,0.125948,-0.107510,-0.037739,0.512467,-1.083224,-0.407463,0.714808,-0.158405,0.075755,0.140959,-0.112805
0.024120,1.284916,0.722736,-0.046652,-0.094309,0.966711,-0.233237,-0.763661,0.612293,-0.040209,0.399521,0.202879,-0.261800,-0.394773,-0.155871,0.048835,0.671505,-0.402457,0.261800,0.256583,0.176070,0.038829,-0.781109,0.796962,-0.267358,0.123273,-0.108096,-0.036974,0.514368,-1.081162,-0.403547,0.713459,-0.152728,0.076055,0.140825,-0.112438
0.024192,1.284691,0.722652,-0.046256,-0.094660,0.966745,-0.233034,-0.763534,0.613184,-0.040776,0.400335,0.200563,-0.261800,-0.394599,-0.156393,0.046537,0.671865,-0.400760,0.261800,0.256166,0.176535,0.039420,-0.781933,0.799588,-0.270667,0.115378,-0.107433,-0.036244,0.511773,-1.079661,-0.402434,0.713273,-0.153173,0.076703,0.140795,-0.112176
0.024337,1.284605,0.722588,-0.046191,-0.095431,0.966772,-0.232618,-0.764105,0.615081,-0.041645,0.399960,0.199446,-0.261800,-0.395282,-0.155910,0.043898,0.671513,-0.398471,0.261800,0.256737,0.176781,0.039256,-0.784604,0.802628,-0.275231,0.108481,-0.107190,-0.035496,0.509101,-1.078595,-0.400860,0.712472,-0.153087,0.077097,0.140870,-0.111852
0.024377,1.284544,0.722451,-0.046118,-0.095892,0.966797,-0.232339,-0.764752,0.616387,-0.042434,0.400629,0.197663,-0.261800,-0.396330,-0.156070,0.041463,0.672777,-0.397264,0.261800,0.257308,0.176521,0.039026,-0.786759,0.805274,-0.279889,0.101076,-0.106809,-0.034579,0.506495,-1.076666,-0.400097,0.711559,-0.153962,0.077862,0.141136,-0.111538
0.024548,1.285047,0.722621,-0.046045,-0.096300,0.966760,-0.232339,-0.767590,0.618592,-0.039331,0.401252,0.204242,-0.261800,-0.395907,-0.154760,0.039388,0.670739,-0.397271,0.261800,0.258933,0.175699,0.040257,-0.789192,0.803917,-0.283583,0.094473,-0.106529,-0.033671,0.504761,-1.076271,-0.394335,0.711923,-0.153684,0.077846,0.142189,-0.111001
0.024378,1.285147,0.722588,-0.045660,-0.096440,0.966775,-0.232293,-0.768854,0.620339,-0.037810,0.403836,0.204421,-0.261800,-0.394954,-0.154578,0.037423,0.671005,-0.398548,0.261800,0.260677,0.174927,0.041310,-0.790090,0.802239,-0.286742,0.087064,-0.105884,-0.032440,0.503049,-1.075204,-0.388695,0.712949,-0.153966,0.078046,0.143433,-0.110576
0.024298,1.285214,0.722539,-0.045310,-0.096913,0.966792,-0.232095,-0.770190,0.622718,-0.036440,0.405526,0.205167,-0.261800,-0.393675,-0.153704,0.035264,0.669622,-0.398735,0.261800,0.262569,0.174583,0.042340,-0.791768,0.800988,-0.290072,0.080306,-0.105495,-0.031421,0.501250,-1.074963,-0.382323,0.713934,-0.153295,0.077911,0.144442,-0.110130
0.022804,1.284950,0.722216,-0.044520,-0.097007,0.966591,-0.233043,-0.770538,0.623600,-0.039778,0.410038,0.201378,-0.261800,-0.389303,-0.153124,0.036472,0.670887,-0.404356,0.261800,0.263648,0.174485,0.042121,-0.796187,0.801137,-0.293723,0.085385,-0.106346,-0.029976,0.500077,-1.075092,-0.375201,0.715179,-0.152311,0.078353,0.144852,-0.109068
0.022323,1.285197,0.721926,-0.043917,-0.097646,0.966385,-0.233744,-0.772396,0.625663,-0.040426,0.411664,0.201616,-0.261800,-0.387142,-0.151632,0.035120,0.671381,-0.406791,0.261800,0.264967,0.175117,0.042408,-0.802823,0.801774,-0.297857,0.091768,-0.107564,-0.029110,0.498931,-1.076767,-0.367734,0.716041,-0.150381,0.078504,0.144873,-0.107803
0.021765,1.285398,0.721559,-0.043255,-0.097967,0.966176,-0.234598,-0.774250,0.627125,-0.041027,0.414253,0.201273,-0.261800,-0.385298,-0.150795,0.033948,0.673562,-0.410323,0.261800,0.266134,0.175375,0.042868,-0.809260,0.801978,-0.302034,0.098251,-0.108689,-0.028445,0.497802,-1.077872,-0.360933,0.716983,-0.149133,0.078972,0.144994,-0.106561
0.020783,1.285375,0.721518,-0.043251,-0.098551,0.965881,-0.235566,-0.775587,0.628641,-0.039965,0.414539,0.200162,-0.261800,-0.382543,-0.148816,0.034966,0.672754,-0.412650,0.261800,0.266716,0.174320,0.043257,-0.812900,0.802996,-0.302970,0.099550,-0.109370,-0.028348,0.498010,-1.076165,-0.360422,0.714521,-0.153872,0.079177,0.144788,-0.107721
0.019850,1.285200,0.721424,-0.043282,-0.099106,0.965585,-0.236538,-0.776779,0.629992,-0.038660,0.414855,0.199106,-0.261800,-0.379628,-0.147016,0.035988,0.671421,-0.414684,0.261800,0.267253,0.173514,0.043470,-0.815756,0.803734,-0.303569,0.100012,-0.109904,-0.027825,0.498280,-1.073871,-0.360498,0.712105,-0.159656,0.079483,0.145113,-0.108881
0.018913,1.285010,0.721424,-0.043311,-0.099664,0.965289,-0.237507,-0.777958,0.631356,-0.037343,0.415185,0.198031,-0.261800,-0.376654,-0.145213,0.037015,0.669985,-0.416677,0.261800,0.267805,0.172784,0.043622,-0.818388,0.804398,-0.304043,0.100280,-0.110383,-0.027193,0.498554,-1.071440,-0.360661,0.709755,-0.165641,0.079799,0.145571,-0.110061
0.018013,1.284894,0.721422,-0.043714,-0.100290,0.965397,-0.236728,-0.778328,0.634499,-0.038277,0.415754,0.196954,-0.261800,-0.376143,-0.143216,0.037508,0.668634,-0.417846,0.261800,0.267014,0.173146,0.044731,-0.821941,0.798547,-0.303596,0.101025,-0.110982,-0.027107,0.499785,-1.069393,-0.356785,0.704627,-0.168299,0.080385,0.145071,-0.115361
0.018174,1.284688,0.721542,-0.044512,-0.100641,0.965444,-0.236239,-0.779711,0.634872,-0.038189,0.415526,0.197442,-0.261800,-0.377179,-0.142809,0.037634,0.666005,-0.416825,0.261800,0.265540,0.173661,0.045952,-0.825745,0.792013,-0.302705,0.101921,-0.111438,-0.026996,0.501251,-1.067979,-0.353423,0.699929,-0.170511,0.080938,0.144184,-0.120604
0.018245,1.284486,0.721658,-0.045372,-0.100999,0.965486,-0.235749,-0.781199,0.635224,-0.038090,0.415232,0.197983,-0.261800,-0.378373,-0.142413,0.037755,0.663413,-0.415804,0.261800,0.264045,0.174182,0.047075,-0.829502,0.785449,-0.301697,0.102838,-0.111872,-0.026893,0.502704,-1.066644,-0.350045,0.695315,-0.172630,0.081505,0.143227,-0.125870
0.017828,1.284616,0.721500,-0.045646,-0.101197,0.965438,-0.235806,-0.783166,0.636874,-0.037034,0.416304,0.199087,-0.261800,-0.380743,-0.142550,0.036811,0.667551,-0.415003,0.261800,0.264541,0.174703,0.048042,-0.834302,0.783052,-0.301411,0.108790,-0.113440,-0.026163,0.503125,-1.065874,-0.345150,0.694399,-0.171505,0.081752,0.143409,-0.127657
0.017302,1.284711,0.721329,-0.046023,-0.101280,0.965374,-0.235960,-0.785094,0.637975,-0.036117,0.417652,0.200003,-0.261800,-0.383284,-0.142837,0.036330,0.672212,-0.414882,0.261800,0.264773,0.174947,0.048964,-0.839508,0.780939,-0.301284,0.115382,-0.115267,-0.025820,0.503414,-1.065361,-0.339902,0.693454,-0.169981,0.081892,0.143435,-0.129307
0.016856,1.284900,0.721240,-0.046412,-0.101343,0.965309,-0.236124,-0.787035,0.639031,-0.035189,0.419021,0.200910,-0.261800,-0.385880,-0.143166,0.035864,0.676979,-0.414827,0.261800,0.264948,0.175085,0.049905,-0.844818,0.778899,-0.301219,0.122107,-0.117141,-0.025569,0.503676,-1.064906,-0.334573,0.692469,-0.168378,0.082016,0.143414,-0.130944
0.016542,1.285238,0.720832,-0.046549,-0.101605,0.965192,-0.236462,-0.789161,0.640063,-0.035317,0.419873,0.201789,-0.261800,-0.387705,-0.142410,0.035587,0.680865,-0.417184,0.261800,0.262056,0.175250,0.050287,-0.853105,0.775249,-0.300118,0.129504,-0.120179,-0.025979,0.505997,-1.065377,-0.330761,0.691843,-0.167033,0.082969,0.143192,-0.131489
0.016318,1.285182,0.720529,-0.046683,-0.101578,0.965081,-0.236898,-0.791034,0.640311,-0.035083,0.421882,0.201122,-0.261800,-0.388747,-0.142877,0.036417,0.684131,-0.419139,0.261800,0.258900,0.175299,0.050869,-0.861550,0.771379,-0.299037,0.137183,-0.123273,-0.026524,0.508321,-1.065886,-0.327101,0.691392,-0.165696,0.083990,0.143001,-0.131840
0.016010,1.285121,0.720231,-0.046768,-0.101536,0.964973,-0.237339,-0.792795,0.640557,-0.034838,0.423930,0.200411,-0.261800,-0.389635,-0.143351,0.037252,0.687335,-0.421080,0.261800,0.255727,0.175364,0.051576,-0.870028,0.767497,-0.297936,0.144919,-0.126390,-0.027109,0.510616,-1.066409,-0.323463,0.690930,-0.164372,0.085014,0.142815,-0.132186
0.014885,1.285943,0.720162,-0.046973,-0.102089,0.964852,-0.237553,-0.794035,0.643241,-0.034487,0.422940,0.201731,-0.261800,-0.390051,-0.139566,0.036973,0.689990,-0.423561,0.261800,0.255272,0.174578,0.051547,-0.875127,0.766799,-0.299446,0.152653,-0.128556,-0.027189,0.511262,-1.068894,-0.322957,0.690155,-0.163328,0.084822,0.141651,-0.132570
0.013989,1.285785,0.719987,-0.047382,-0.102144,0.964772,-0.237775,-0.795359,0.644436,-0.033211,0.424636,0.200728,-0.261800,-0.389869,-0.139264,0.037627,0.691214,-0.425911,0.261800,0.254767,0.173137,0.051362,-0.880028,0.765736,-0.300983,0.160417,-0.130726,-0.027162,0.511908,-1.071042,-0.322576,0.689548,-0.162213,0.084690,0.140973,-0.132947
0.013085,1.285707,0.719815,-0.047784,-0.102194,0.964692,-0.237995,-0.796661,0.645634,-0.031923,0.426378,0.199679,-0.261800,-0.389639,-0.138972,0.038286,0.692412,-0.428266,0.261800,0.254269,0.171662,0.051154,-0.884897,0.764665,-0.302545,0.168165,-0.132879,-0.027123,0.512544,-1.073126,-0.322194,0.688916,-0.161154,0.084554,0.140336,-0.133329
0.013348,1.286363,0.719595,-0.047878,-0.102208,0.964811,-0.237488,-0.797050,0.646581,-0.031502,0.425361,0.201530,-0.261800,-0.394006,-0.138405,0.037963,0.697667,-0.427520,0.261800,0.253949,0.171625,0.052284,-0.890507,0.761422,-0.301029,0.173853,-0.135162,-0.028078,0.515107,-1.071887,-0.319463,0.687122,-0.161050,0.084887,0.139945,-0.135523
0.013746,1.286863,0.719414,-0.048137,-0.101965,0.964953,-0.236963,-0.797684,0.646961,-0.030764,0.425179,0.202708,-0.261800,-0.398439,-0.138827,0.038040,0.702753,-0.427328,0.261800,0.253504,0.171309,0.053143,-0.895729,0.758005,-0.299240,0.179349,-0.137362,-0.028932,0.517742,-1.070419,-0.316856,0.685539,-0.161048,0.085221,0.139811,-0.137756
0.014136,1.287364,0.719142,-0.048425,-0.101721,0.965092,-0.236442,-0.798379,0.647321,-0.030024,0.425019,0.203877,-0.261800,-0.402944,-0.139261,0.038124,0.707891,-0.427168,0.261800,0.253027,0.170975,0.053915,-0.900839,0.754593,-0.297387,0.184783,-0.139547,-0.029763,0.520362,-1.068903,-0.314238,0.683993,-0.161087,0.085555,0.139710,-0.139997
0.013903,1.287628,0.718801,-0.048701,-0.101436,0.965065,-0.236619,-0.799120,0.647395,-0.029198,0.425468,0.203547,-0.261800,-0.404953,-0.139906,0.038674,0.711668,-0.429413,0.261800,0.252032,0.169648,0.053726,-0.906189,0.751617,-0.295638,0.191186,-0.142491,-0.029748,0.522057,-1.067462,-0.310834,0.681679,-0.163902,0.086301,0.140066,-0.142104
0.013654,1.287976,0.718456,-0.048880,-0.101265,0.965054,-0.236702,-0.799721,0.647920,-0.028440,0.425471,0.203495,-0.261800,-0.407075,-0.140136,0.038638,0.715693,-0.431731,0.261800,0.251125,0.168385,0.053694,-0.911657,0.748890,-0.293998,0.197667,-0.145506,-0.029805,0.523770,-1.065912,-0.307603,0.679094,-0.166996,0.087045,0.140646,-0.144236
0.013405,1.288412,0.718200,-0.049055,-0.101090,0.965043,-0.236784,-0.800313,0.648445,-0.027680,0.425472,0.203441,-0.261800,-0.409188,-0.140367,0.038607,0.719725,-0.434049,0.261800,0.250242,0.167110,0.053678,-0.917182,0.746165,-0.292390,0.204180,-0.148545,-0.029876,0.525467,-1.064351,-0.304399,0.676481,-0.170145,0.087790,0.141268,-0.146366
0.012985,1.288687,0.717894,-0.048995,-0.100908,0.964989,-0.237095,-0.800648,0.649332,-0.025957,0.426011,0.203262,-0.261800,-0.409405,-0.140636,0.038409,0.722070,-0.437268,0.261800,0.250337,0.166402,0.053050,-0.919071,0.746447,-0.290307,0.209153,-0.151552,-0.030577,0.527377,-1.063156,-0.303112,0.677198,-0.171727,0.088961,0.141081,-0.146326
0.012393,1.288961,0.717584,-0.048808,-0.100781,0.964949,-0.237349,-0.800655,0.650577,-0.024621,0.426769,0.202551,-0.261800,-0.409048,-0.140589,0.038247,0.724326,-0.440399,0.261800,0.250354,0.165823,0.052424,-0.920137,0.746849,-0.287733,0.213753,-0.154561,-0.031216,0.529264,-1.061908,-0.301557,0.678254,-0.173122,0.090126,0.140848,-0.146358
0.011800,1.289141,0.717368,-0.048592,-0.100657,0.964910,-0.237603,-0.800597,0.651837,-0.023294,0.427551,0.201811,-0.261800,-0.408582,-0.140528,0.038068,0.726507,-0.443503,0.261800,0.250285,0.165338,0.051839,-0.921008,0.747280,-0.284991,0.218230,-0.157557,-0.031817,0.531130,-1.060662,-0.299944,0.679421,-0.174481,0.091282,0.140596,-0.146405
0.010825,1.288956,0.717400,-0.048919,-0.100732,0.964738,-0.238204,-0.800576,0.652138,-0.022207,0.427286,0.201258,-0.261800,-0.407324,-0.140446,0.037724,0.726819,-0.444834,0.261800,0.249747,0.164313,0.051296,-0.921303,0.749559,-0.285621,0.226031,-0.159733,-0.031295,0.529933,-1.058042,-0.301555,0.679092,-0.178526,0.091970,0.140573,-0.147311
0.009803,1.288745,0.717531,-0.049262,-0.100815,0.964555,-0.238835,-0.800478,0.652300,-0.021287,0.426986,0.200605,-0.261800,-0.405945,-0.140434,0.037424,0.726760,-0.445642,0.261800,0.249495,0.163138,0.050659,-0.922132,0.751744,-0.286817,0.234214,-0.161983,-0.030913,0.528580,-1.055162,-0.303391,0.678620,-0.183056,0.092684,0.140806,-0.148230
0.008870,1.288533,0.717578,-0.049598,-0.100903,0.964374,-0.239461,-0.800366,0.652481,-0.020362,0.426682,0.199947,-0.261800,-0.404541,-0.140403,0.037124,0.726654,-0.446425,0.261800,0.249343,0.161941,0.050015,-0.923123,0.753879,-0.288166,0.242514,-0.164247,-0.030575,0.527215,-1.052224,-0.305311,0.678054,-0.187678,0.093404,0.141096,-0.149148
0.008428,1.288422,0.717869,-0.049665,-0.100980,0.964390,-0.239352,-0.797699,0.653151,-0.018519,0.424034,0.199330,-0.261800,-0.402659,-0.139714,0.037515,0.723972,-0.446191,0.261800,0.248936,0.162556,0.049686,-0.921738,0.752260,-0.286568,0.242952,-0.165246,-0.031646,0.528524,-1.048174,-0.303765,0.677006,-0.186811,0.094828,0.141788,-0.149194
0.008066,1.288197,0.718119,-0.049583,-0.101051,0.964422,-0.239209,-0.794699,0.653799,-0.016650,0.421334,0.198659,-0.261800,-0.400348,-0.138979,0.037936,0.720822,-0.445767,0.261800,0.248106,0.163271,0.049393,-0.919119,0.750559,-0.284165,0.242301,-0.165861,-0.032220,0.530083,-1.044136,-0.301826,0.676490,-0.185322,0.096085,0.142166,-0.149251
0.007704,1.288054,0.718465,-0.049473,-0.101120,0.964454,-0.239072,-0.791622,0.654439,-0.014777,0.418621,0.197977,-0.261800,-0.397925,-0.138242,0.038341,0.717577,-0.445306,0.261800,0.247120,0.164094,0.049140,-0.916134,0.748894,-0.281477,0.241363,-0.166396,-0.032661,0.531663,-1.040129,-0.299769,0.676150,-0.183728,0.097317,0.142468,-0.149314
0.006820,1.287670,0.718667,-0.048740,-0.101255,0.964197,-0.240200,-0.791296,0.654609,-0.015253,0.420285,0.197589,-0.261800,-0.392281,-0.138469,0.036988,0.714455,-0.445449,0.261800,0.247319,0.165050,0.049122,-0.912291,0.748307,-0.284106,0.237532,-0.166592,-0.032035,0.529828,-1.036982,-0.297369,0.674990,-0.182129,0.098317,0.142562,-0.150465
0.005734,1.287277,0.718793,-0.047939,-0.101525,0.963920,-0.241357,-0.790777,0.655098,-0.016257,0.421856,0.197213,-0.261800,-0.386284,-0.137676,0.035902,0.711676,-0.446472,0.261800,0.247677,0.165975,0.049252,-0.908442,0.747836,-0.287090,0.233511,-0.166890,-0.031341,0.528043,-1.033775,-0.294830,0.673524,-0.180539,0.099302,0.142637,-0.151584
0.004561,1.286971,0.719008,-0.047120,-0.101788,0.963641,-0.242517,-0.790231,0.655585,-0.017269,0.423451,0.196825,-0.261800,-0.380241,-0.136874,0.034823,0.708885,-0.447498,0.261800,0.248046,0.166884,0.049423,-0.904626,0.747389,-0.290127,0.229481,-0.167204,-0.030625,0.526275,-1.030571,-0.292293,0.672017,-0.178951,0.100281,0.142710,-0.152684
0.004606,1.287291,0.719028,-0.046301,-0.102303,0.963716,-0.242162,-0.790917,0.657985,-0.018210,0.424847,0.197413,-0.261800,-0.378596,-0.134567,0.034519,0.707856,-0.448319,0.261800,0.247473,0.167434,0.050574,-0.900890,0.746335,-0.290686,0.218868,-0.166751,-0.031621,0.525666,-1.027916,-0.292668,0.666952,-0.181417,0.101162,0.141548,-0.156922
0.004338,1.287566,0.718894,-0.045524,-0.102880,0.963802,-0.241721,-0.791489,0.660747,-0.020207,0.426648,0.196997,-0.261800,-0.376849,-0.131763,0.034609,0.707387,-0.449656,0.261800,0.247283,0.168032,0.051486,-0.896526,0.745254,-0.291143,0.207570,-0.166224,-0.032120,0.525078,-1.025006,-0.293221,0.661894,-0.184244,0.102066,0.140724,-0.161361
0.003976,1.287835,0.718760,-0.044761,-0.103461,0.963887,-0.241278,-0.792123,0.663508,-0.022233,0.428511,0.196536,-0.261800,-0.375133,-0.128956,0.034706,0.706934,-0.451007,0.261800,0.247103,0.168665,0.052324,-0.892022,0.744138,-0.291561,0.196126,-0.165668,-0.032518,0.524509,-1.022006,-0.293805,0.656877,-0.187156,0.102960,0.139948,-0.165812
0.005583,1.286011,0.718786,-0.045542,-0.101908,0.963763,-0.242283,-0.792554,0.656376,-0.017326,0.431925,0.191139,-0.261800,-0.375577,-0.135661,0.039219,0.704912,-0.448206,0.261800,0.243185,0.167743,0.053746,-0.889552,0.742182,-0.287548,0.193857,-0.165130,-0.031184,0.526131,-1.015705,-0.296765,0.655665,-0.195225,0.102572,0.138963,-0.169189
0.005674,1.285536,0.718790,-0.045650,-0.101108,0.963788,-0.242501,-0.792367,0.654589,-0.015318,0.434372,0.188898,-0.261800,-0.375503,-0.137966,0.041393,0.705926,-0.448508,0.261800,0.241003,0.167026,0.055086,-0.887127,0.741304,-0.284220,0.192106,-0.164654,-0.030434,0.527252,-1.008968,-0.298763,0.654022,-0.203760,0.102124,0.138353,-0.173069
0.005772,1.284981,0.718697,-0.045759,-0.100323,0.963813,-0.242706,-0.792265,0.652843,-0.013355,0.436868,0.186654,-0.261800,-0.375499,-0.140222,0.043577,0.707010,-0.448831,0.261800,0.238925,0.166294,0.056397,-0.884863,0.740407,-0.281033,0.190485,-0.164234,-0.029778,0.528362,-1.002190,-0.300788,0.652274,-0.212354,0.101631,0.137805,-0.176932
0.004789,1.285921,0.718678,-0.045089,-0.101195,0.963859,-0.242287,-0.791131,0.656647,-0.016041,0.435226,0.188214,-0.261800,-0.375328,-0.136450,0.040310,0.709406,-0.449884,0.261800,0.238938,0.167358,0.057032,-0.880488,0.738159,-0.281207,0.185650,-0.164215,-0.029864,0.527800,-0.999367,-0.300953,0.647276,-0.208216,0.101758,0.138131,-0.180955
0.005235,1.285569,0.718659,-0.045221,-0.100859,0.963871,-0.242353,-0.791275,0.655733,-0.014236,0.435959,0.187452,-0.261800,-0.375202,-0.138716,0.039800,0.707880,-0.450015,0.261800,0.237140,0.167182,0.057923,-0.876467,0.734894,-0.280900,0.180746,-0.164146,-0.029630,0.527574,-0.997416,-0.301682,0.642811,-0.202872,0.101865,0.137592,-0.184605
0.005670,1.285307,0.718731,-0.045365,-0.100490,0.963882,-0.242436,-0.791347,0.654751,-0.012361,0.436635,0.186709,-0.261800,-0.375070,-0.141057,0.039288,0.706376,-0.450178,0.261800,0.235201,0.166907,0.058862,-0.872415,0.731719,-0.280544,0.175807,-0.164046,-0.029355,0.527346,-0.995607,-0.302298,0.638377,-0.197333,0.102008,0.136900,-0.188251
0.003323,1.285681,0.718439,-0.044420,-0.100964,0.963849,-0.242547,-0.788706,0.658463,-0.014095,0.437295,0.183242,-0.261800,-0.371090,-0.135267,0.042031,0.709717,-0.454065,0.261800,0.236048,0.166678,0.057783,-0.867934,0.731842,-0.279761,0.175899,-0.164722,-0.028972,0.526816,-0.994179,-0.300425,0.636910,-0.196847,0.102296,0.136592,-0.189585
0.002827,1.285197,0.718300,-0.044112,-0.100581,0.963862,-0.242710,-0.787842,0.658984,-0.011534,0.439833,0.179112,-0.261800,-0.369547,-0.136712,0.042328,0.710460,-0.455535,0.261800,0.236042,0.166124,0.057519,-0.864300,0.731193,-0.278118,0.176745,-0.165776,-0.028772,0.526368,-0.993493,-0.299394,0.636089,-0.196770,0.102506,0.136360,-0.190785
0.002413,1.284722,0.718151,-0.043898,-0.100190,0.963870,-0.242876,-0.787140,0.659442,-0.008930,0.442345,0.175021,-0.261800,-0.368288,-0.138221,0.042639,0.711379,-0.457082,0.261800,0.236022,0.165486,0.057143,-0.860758,0.730542,-0.276431,0.177709,-0.166843,-0.028633,0.525864,-0.992896,-0.298396,0.635317,-0.196711,0.102761,0.136167,-0.192024
0.001633,1.286315,0.718360,-0.043171,-0.101308,0.963903,-0.242413,-0.786896,0.663213,-0.012656,0.438540,0.183365,-0.261800,-0.367601,-0.131862,0.040655,0.712122,-0.457091,0.261800,0.236592,0.167040,0.057357,-0.857495,0.728615,-0.276146,0.178313,-0.167944,-0.028536,0.526129,-0.990817,-0.296155,0.633440,-0.197413,0.103570,0.136039,-0.193404
0.001611,1.286628,0.718447,-0.042760,-0.101874,0.963881,-0.242337,-0.786492,0.665049,-0.012453,0.436971,0.184448,-0.261800,-0.366367,-0.129168,0.040902,0.711158,-0.456833,0.261800,0.236339,0.168420,0.057372,-0.854100,0.725876,-0.275608,0.179059,-0.168959,-0.028334,0.526683,-0.988457,-0.294541,0.632011,-0.198202,0.104342,0.135981,-0.194544
0.001491,1.286932,0.718542,-0.042322,-0.102418,0.963859,-0.242270,-0.785997,0.666855,-0.012221,0.435455,0.185478,-0.261800,-0.365019,-0.126508,0.041165,0.710151,-0.456581,0.261800,0.236061,0.169811,0.057432,-0.850636,0.723095,-0.275037,0.179778,-0.169938,-0.028130,0.527247,-0.986038,-0.292958,0.630628,-0.199042,0.105120,0.135934,-0.195696
0.000787,1.285609,0.718483,-0.042222,-0.101533,0.963891,-0.242532,-0.784851,0.666264,-0.009943,0.440382,0.181251,-0.261800,-0.361496,-0.130844,0.042146,0.707630,-0.457875,0.261800,0.236328,0.168526,0.057239,-0.846269,0.721257,-0.273815,0.180420,-0.170696,-0.027848,0.527401,-0.981352,-0.292248,0.631452,-0.201493,0.105084,0.136106,-0.196245
0.000165,1.285402,0.718565,-0.041989,-0.101499,0.963860,-0.242713,-0.783984,0.667099,-0.008876,0.441101,0.180777,-0.261800,-0.359465,-0.131210,0.040926,0.706982,-0.458551,0.261800,0.236707,0.168106,0.057224,-0.842098,0.719815,-0.272549,0.180910,-0.171432,-0.027657,0.527541,-0.976682,-0.291600,0.631759,-0.204338,0.105073,0.136377,-0.196796
-0.000455,1.285287,0.718642,-0.041806,-0.101485,0.963825,-0.242886,-0.783228,0.667945,-0.007822,0.441763,0.180353,-0.261800,-0.357588,-0.131554,0.039699,0.706387,-0.459231,0.261800,0.237127,0.167700,0.057107,-0.837954,0.718341,-0.271277,0.181405,-0.172183,-0.027460,0.527679,-0.972020,-0.290992,0.632073,-0.207213,0.105067,0.136686,-0.197341
-0.001315,1.285069,0.718639,-0.041488,-0.101813,0.963726,-0.243197,-0.782727,0.669265,-0.008567,0.442473,0.177616,-0.261800,-0.354507,-0.130268,0.039861,0.704581,-0.460111,0.261800,0.237763,0.167745,0.057358,-0.830619,0.715364,-0.269601,0.181321,-0.172986,-0.027934,0.527227,-0.969334,-0.292856,0.625929,-0.204526,0.105061,0.136377,-0.202249
-0.002073,1.284742,0.718720,-0.041113,-0.102141,0.963646,-0.243441,-0.782158,0.670548,-0.009523,0.443555,0.175493,-0.261800,-0.351222,-0.129249,0.039893,0.702629,-0.460853,0.261800,0.238637,0.168035,0.057816,-0.823222,0.712210,-0.267864,0.181122,-0.173866,-0.028264,0.526815,-0.966745,-0.294737,0.619702,-0.201370,0.105115,0.135787,-0.207369
-0.002829,1.284413,0.718802,-0.040721,-0.102468,0.963567,-0.243683,-0.781561,0.671845,-0.010483,0.444648,0.173363,-0.261800,-0.347887,-0.128217,0.039936,0.700645,-0.461575,0.261800,0.239518,0.168363,0.058313,-0.815837,0.709026,-0.266134,0.180902,-0.174742,-0.028570,0.526406,-0.964190,-0.296636,0.613489,-0.198160,0.105187,0.135143,-0.212490
-0.002583,1.284042,0.718844,-0.041382,-0.102543,0.963475,-0.243902,-0.783957,0.670875,-0.008421,0.446007,0.173630,-0.261800,-0.348487,-0.129518,0.038563,0.698710,-0.460996,0.261800,0.239258,0.168535,0.059315,-0.813421,0.709800,-0.265183,0.174230,-0.173867,-0.028402,0.526336,-0.960849,-0.296777,0.610837,-0.203219,0.105137,0.134260,-0.216597
-0.003532,1.283514,0.718685,-0.041754,-0.102747,0.963501,-0.243649,-0.785323,0.672608,-0.008336,0.449466,0.170407,-0.261800,-0.347666,-0.129836,0.037973,0.698106,-0.462998,0.261800,0.239786,0.168217,0.059395,-0.810204,0.711380,-0.264724,0.167191,-0.173046,-0.027712,0.525942,-0.956744,-0.296059,0.608074,-0.208770,0.105029,0.133976,-0.220950
-0.004406,1.283062,0.718523,-0.042111,-0.102954,0.963530,-0.243385,-0.786729,0.674378,-0.008293,0.453083,0.167075,-0.261800,-0.346787,-0.130136,0.037392,0.697491,-0.465023,0.261800,0.240334,0.167869,0.059414,-0.806870,0.713000,-0.264313,0.160046,-0.172236,-0.026960,0.525562,-0.952488,-0.295285,0.605269,-0.214424,0.104866,0.133774,-0.225289
-0.003779,1.283451,0.718762,-0.042807,-0.103257,0.963406,-0.243629,-0.788257,0.673438,-0.006558,0.449566,0.171018,-0.261800,-0.349851,-0.128540,0.037978,0.698522,-0.461223,0.261800,0.239374,0.166880,0.060178,-0.804296,0.710951,-0.264412,0.157990,-0.172730,-0.026503,0.525647,-0.949732,-0.295982,0.605405,-0.216022,0.103807,0.133593,-0.225801
-0.003892,1.283390,0.718743,-0.043326,-0.103324,0.963437,-0.243386,-0.788803,0.673817,-0.005752,0.449444,0.170707,-0.261800,-0.351347,-0.128395,0.038900,0.699314,-0.460754,0.261800,0.239351,0.165608,0.060706,-0.801384,0.709058,-0.264787,0.156448,-0.173296,-0.026341,0.525498,-0.946495,-0.296050,0.605599,-0.217044,0.102651,0.133214,-0.226327
-0.004006,1.283328,0.718723,-0.043798,-0.103383,0.963470,-0.243143,-0.789307,0.674208,-0.004979,0.449444,0.170319,-0.261800,-0.352732,-0.128237,0.039831,0.700101,-0.460300,0.261800,0.239351,0.164338,0.061297,-0.798505,0.707169,-0.265233,0.154962,-0.173873,-0.026238,0.525344,-0.943224,-0.296093,0.605750,-0.218023,0.101463,0.132776,-0.226831
-0.004157,1.283559,0.718736,-0.044240,-0.103881,0.963550,-0.242533,-0.790977,0.676280,-0.003814,0.449470,0.171397,-0.261800,-0.354044,-0.126660,0.039014,0.699055,-0.460609,0.261800,0.239538,0.164617,0.062073,-0.793312,0.705810,-0.264732,0.148485,-0.173094,-0.025982,0.524744,-0.941020,-0.296543,0.601096,-0.222246,0.100832,0.132383,-0.232604
-0.004304,1.283535,0.718757,-0.044710,-0.104239,0.963640,-0.241936,-0.792514,0.677961,-0.002701,0.450404,0.171562,-0.261800,-0.354712,-0.125461,0.039101,0.697596,-0.460813,0.261800,0.239590,0.164561,0.062765,-0.787427,0.704269,-0.263989,0.141388,-0.172255,-0.025318,0.524268,-0.938486,-0.297135,0.596524,-0.226758,0.100269,0.132160,-0.238574
-0.004457,1.283505,0.718784,-0.045163,-0.104593,0.963730,-0.241341,-0.794011,0.679646,-0.001590,0.451362,0.171697,-0.261800,-0.355296,-0.124262,0.039187,0.696084,-0.461008,0.261800,0.239601,0.164532,0.063457,-0.781395,0.702717,-0.263190,0.134145,-0.171387,-0.024566,0.523803,-0.935879,-0.297708,0.591998,-0.231330,0.099690,0.131974,-0.244551
-0.005412,1.282451,0.718751,-0.045662,-0.104524,0.963654,-0.241579,-0.794951,0.679241,-0.003003,0.455199,0.168444,-0.261800,-0.352367,-0.126476,0.039096,0.692504,-0.462268,0.261800,0.239106,0.162857,0.063550,-0.781002,0.697865,-0.261806,0.133251,-0.171805,-0.024375,0.526006,-0.937959,-0.297472,0.591328,-0.232896,0.099939,0.131319,-0.246459
-0.005913,1.282190,0.718869,-0.046106,-0.104826,0.963459,-0.242140,-0.796456,0.678913,-0.003626,0.455603,0.168981,-0.261800,-0.350572,-0.126471,0.038166,0.689453,-0.462852,0.261800,0.238237,0.161891,0.064586,-0.782130,0.692965,-0.260497,0.133298,-0.172345,-0.024722,0.528266,-0.941295,-0.297585,0.590442,-0.233994,0.100297,0.130299,-0.248199
-0.006398,1.281946,0.718984,-0.046541,-0.105119,0.963264,-0.242706,-0.797913,0.678567,-0.004225,0.455905,0.169605,-0.261800,-0.348816,-0.126467,0.037226,0.686464,-0.463445,0.261800,0.237395,0.160919,0.065779,-0.783562,0.688066,-0.259239,0.133581,-0.172929,-0.025183,0.530495,-0.944844,-0.297743,0.589512,-0.234969,0.100688,0.129215,-0.249936
-0.007018,1.281899,0.718977,-0.046779,-0.105098,0.963465,-0.241872,-0.797180,0.680765,-0.002287,0.456743,0.168377,-0.261800,-0.349924,-0.124937,0.040479,0.688232,-0.462999,0.261800,0.237125,0.161596,0.065164,-0.786743,0.687781,-0.260378,0.135234,-0.173513,-0.024771,0.531004,-0.945023,-0.296152,0.589506,-0.236614,0.100166,0.129459,-0.251493
-0.007131,1.281908,0.718872,-0.047190,-0.105067,0.963745,-0.240684,-0.797116,0.683220,0.000050,0.457523,0.167773,-0.261800,-0.352771,-0.124795,0.041168,0.690352,-0.462801,0.261800,0.237691,0.161672,0.064132,-0.790542,0.687614,-0.261662,0.137256,-0.174255,-0.024511,0.531541,-0.945324,-0.294516,0.589371,-0.238443,0.099507,0.129839,-0.253001
-0.007253,1.282012,0.718753,-0.047707,-0.105045,0.964021,-0.239485,-0.797288,0.685658,0.002387,0.458317,0.167190,-0.261800,-0.355938,-0.124670,0.041882,0.692651,-0.462679,0.261800,0.238361,0.161608,0.062868,-0.794468,0.687438,-0.263087,0.139379,-0.175028,-0.024291,0.532071,-0.945585,-0.292898,0.589143,-0.240289,0.098850,0.130240,-0.254500
-0.007508,1.281994,0.718974,-0.048182,-0.105923,0.963971,-0.239204,-0.799632,0.687326,0.001649,0.458459,0.168303,-0.261800,-0.356410,-0.122367,0.041455,0.690999,-0.460562,0.261800,0.239058,0.161067,0.062364,-0.796968,0.684764,-0.262554,0.130466,-0.174206,-0.025182,0.533544,-0.948815,-0.291467,0.585000,-0.241627,0.098323,0.129951,-0.258111
-0.008095,1.281690,0.719089,-0.048417,-0.106823,0.963974,-0.238742,-0.801321,0.689824,0.000199,0.459840,0.167749,-0.261800,-0.355568,-0.119874,0.041514,0.688959,-0.458864,0.261800,0.240026,0.160734,0.061711,-0.798532,0.682202,-0.261787,0.120422,-0.173144,-0.025261,0.535254,-0.951885,-0.289772,0.580949,-0.242716,0.097861,0.129529,-0.261719
-0.008770,1.281463,0.719301,-0.048599,-0.107727,0.963979,-0.238279,-0.802922,0.692354,-0.001280,0.461266,0.167145,-0.261800,-0.354537,-0.117353,0.041569,0.686774,-0.457105,0.261800,0.240950,0.160501,0.061130,-0.799882,0.679613,-0.260914,0.110135,-0.172023,-0.025185,0.536998,-0.954934,-0.288058,0.576964,-0.243783,0.097379,0.129076,-0.265319
-0.007341,1.280765,0.719278,-0.048998,-0.107121,0.963935,-0.238651,-0.803600,0.689389,0.002419,0.461543,0.166903,-0.261800,-0.356005,-0.121256,0.041705,0.685200,-0.455150,0.261800,0.240634,0.160041,0.061004,-0.799128,0.678607,-0.261819,0.103358,-0.170984,-0.024557,0.536726,-0.951405,-0.290694,0.575217,-0.247816,0.096455,0.129105,-0.267558
-0.007117,1.280775,0.719273,-0.048963,-0.107134,0.963947,-0.238604,-0.803187,0.689820,0.003834,0.460636,0.166715,-0.261800,-0.356718,-0.121587,0.041477,0.685930,-0.454817,0.261800,0.241389,0.159794,0.060504,-0.797938,0.678133,-0.263369,0.096722,-0.170020,-0.024192,0.536223,-0.946801,-0.292791,0.573090,-0.252539,0.095458,0.129491,-0.269974
-0.006980,1.280867,0.719179,-0.048913,-0.107156,0.963961,-0.238548,-0.802779,0.690283,0.005223,0.459782,0.166490,-0.261800,-0.357395,-0.121886,0.041254,0.686635,-0.454475,0.261800,0.242235,0.159565,0.059963,-0.796758,0.677625,-0.265028,0.090106,-0.169083,-0.023860,0.535728,-0.942043,-0.294933,0.570892,-0.257395,0.094418,0.129957,-0.272367
-0.007774,1.281480,0.719171,-0.048751,-0.106936,0.963870,-0.239047,-0.800456,0.690367,0.005435,0.456701,0.168498,-0.261800,-0.356946,-0.120950,0.040739,0.689386,-0.456408,0.261800,0.242528,0.159679,0.058211,-0.797203,0.676492,-0.264850,0.091025,-0.169570,-0.023951,0.537133,-0.944187,-0.296674,0.570768,-0.253803,0.094692,0.130330,-0.271308
-0.008168,1.281896,0.719220,-0.048617,-0.106479,0.963735,-0.239819,-0.798501,0.689520,0.007347,0.453902,0.170759,-0.261800,-0.356821,-0.121654,0.040417,0.691854,-0.457126,0.261800,0.242034,0.159694,0.057311,-0.798437,0.675233,-0.264304,0.092832,-0.170337,-0.024498,0.538612,-0.947415,-0.298353,0.570933,-0.249098,0.095056,0.129992,-0.270017
-0.008467,1.282237,0.719272,-0.048455,-0.105995,0.963600,-0.240606,-0.796450,0.688624,0.009282,0.451062,0.173050,-0.261800,-0.356658,-0.122399,0.040103,0.694378,-0.457873,0.261800,0.241443,0.159681,0.056599,-0.799822,0.674047,-0.263710,0.094797,-0.171143,-0.025146,0.540051,-0.950875,-0.299963,0.571130,-0.244182,0.095445,0.129518,-0.268720
-0.008440,1.282826,0.718869,-0.047337,-0.105326,0.963691,-0.240761,-0.793752,0.689068,0.010434,0.450998,0.172384,-0.261800,-0.357166,-0.123606,0.039630,0.700385,-0.460412,0.261800,0.242882,0.160509,0.055006,-0.802876,0.670373,-0.268828,0.103341,-0.173880,-0.024982,0.536918,-0.954633,-0.298447,0.573085,-0.230271,0.096719,0.130004,-0.267232
-0.007958,1.283516,0.718586,-0.046382,-0.104568,0.963748,-0.241048,-0.791705,0.688693,0.012127,0.450265,0.173002,-0.261800,-0.358578,-0.125053,0.039018,0.706392,-0.462289,0.261800,0.244236,0.161221,0.053555,-0.806944,0.666440,-0.274302,0.112765,-0.176760,-0.025222,0.533631,-0.958876,-0.297090,0.574774,-0.215674,0.097976,0.129944,-0.265631
-0.007475,1.284128,0.718209,-0.045462,-0.103803,0.963802,-0.241337,-0.789717,0.688288,0.013834,0.449510,0.173654,-0.261800,-0.360114,-0.126519,0.038414,0.712489,-0.464197,0.261800,0.245645,0.161851,0.052083,-0.811204,0.662481,-0.279864,0.122382,-0.179650,-0.025548,0.530297,-0.963192,-0.295732,0.576367,-0.200967,0.099240,0.129798,-0.263996
-0.008007,1.284423,0.717990,-0.044612,-0.103377,0.963880,-0.241368,-0.787807,0.688428,0.011803,0.450655,0.172249,-0.261800,-0.358944,-0.126244,0.038233,0.715709,-0.465953,0.261800,0.245690,0.161719,0.051776,-0.811607,0.658186,-0.278998,0.128892,-0.182216,-0.026831,0.531734,-0.964262,-0.293623,0.574940,-0.204429,0.098926,0.128766,-0.265660
-0.008095,1.284495,0.717925,-0.043926,-0.102804,0.963900,-0.241658,-0.786311,0.687467,0.011504,0.451589,0.171680,-0.261800,-0.357996,-0.127139,0.038140,0.717811,-0.466748,0.261800,0.244906,0.162021,0.051587,-0.811357,0.653559,-0.277512,0.134722,-0.184604,-0.027876,0.533359,-0.964687,-0.292111,0.574026,-0.209550,0.098534,0.128794,-0.267336
-0.008101,1.284561,0.717865,-0.043244,-0.102231,0.963918,-0.241953,-0.784780,0.686502,0.011229,0.452472,0.171126,-0.261800,-0.357019,-0.128048,0.038033,0.719858,-0.467523,0.261800,0.244062,0.162387,0.051345,-0.810879,0.648885,-0.275875,0.140402,-0.186940,-0.028847,0.534961,-0.964954,-0.290643,0.573221,-0.214913,0.098138,0.129017,-0.269043
-0.007693,1.285507,0.717313,-0.042520,-0.101513,0.963900,-0.242455,-0.782993,0.685785,0.012367,0.450648,0.170513,-0.261800,-0.359213,-0.129460,0.037295,0.726842,-0.471253,0.261800,0.241686,0.163905,0.052099,-0.813337,0.643477,-0.280107,0.140894,-0.188047,-0.029325,0.532662,-0.962620,-0.292990,0.573014,-0.204963,0.098877,0.129383,-0.271044
-0.007414,1.286549,0.716778,-0.041828,-0.100773,0.963882,-0.242953,-0.781311,0.685271,0.013401,0.448648,0.170907,-0.261800,-0.361755,-0.130472,0.036759,0.734527,-0.474912,0.261800,0.239436,0.165231,0.052683,-0.815867,0.637813,-0.284600,0.141194,-0.189044,-0.029476,0.530338,-0.960573,-0.295424,0.572423,-0.193899,0.099745,0.128848,-0.272969
-0.007134,1.287506,0.716240,-0.041161,-0.100029,0.963864,-0.243448,-0.779679,0.684743,0.014437,0.446656,0.171306,-0.261800,-0.364379,-0.131515,0.036245,0.742273,-0.478591,0.261800,0.237218,0.166505,0.053239,-0.818174,0.631984,-0.289039,0.141434,-0.189981,-0.029575,0.527910,-0.958337,-0.297781,0.571646,-0.182664,0.100606,0.128138,-0.274785
-0.005870,1.287440,0.716115,-0.041500,-0.099311,0.964183,-0.242416,-0.779294,0.683434,0.016212,0.447382,0.170189,-0.261800,-0.368578,-0.133274,0.038997,0.744389,-0.477420,0.261800,0.231136,0.167863,0.053688,-0.823730,0.627373,-0.288686,0.140750,-0.191730,-0.030397,0.528072,-0.960785,-0.301324,0.565877,-0.175857,0.102268,0.127080,-0.278109
-0.004697,1.287692,0.716001,-0.041773,-0.098808,0.964494,-0.241337,-0.779069,0.682732,0.017751,0.447324,0.169665,-0.261800,-0.372974,-0.134008,0.041408,0.746656,-0.475997,0.261800,0.225022,0.169547,0.054552,-0.828631,0.622331,-0.287912,0.139905,-0.193419,-0.031052,0.527632,-0.962679,-0.304617,0.559392,-0.169125,0.103992,0.126130,-0.281162
-0.003431,1.287855,0.715889,-0.042030,-0.098313,0.964804,-0.240254,-0.778838,0.682048,0.019270,0.447265,0.169143,-0.261800,-0.377333,-0.134717,0.043826,0.748895,-0.474558,0.261800,0.218910,0.171263,0.055490,-0.831703,0.616143,-0.286480,0.138689,-0.194720,-0.031632,0.526238,-0.962642,-0.307349,0.551941,-0.162317,0.105522,0.124981,-0.283619
-0.004056,1.288714,0.715343,-0.041592,-0.098400,0.965141,-0.238937,-0.778182,0.686739,0.019460,0.448131,0.170261,-0.261800,-0.378645,-0.133342,0.042601,0.752319,-0.480292,0.261800,0.218792,0.172466,0.054725,-0.837163,0.605477,-0.285513,0.143145,-0.195905,-0.032576,0.524033,-0.962760,-0.298963,0.545840,-0.149453,0.107218,0.123826,-0.285662
-0.003861,1.289109,0.715007,-0.041511,-0.098029,0.965368,-0.238183,-0.778230,0.688410,0.021443,0.449289,0.171053,-0.261800,-0.380527,-0.133869,0.042848,0.754511,-0.482784,0.261800,0.217500,0.173309,0.054389,-0.839350,0.591624,-0.283037,0.147751,-0.196295,-0.033933,0.519784,-0.959036,-0.289619,0.537527,-0.135728,0.108167,0.121896,-0.286272
-0.003667,1.289508,0.714762,-0.041422,-0.097644,0.965596,-0.237434,-0.778214,0.690062,0.023461,0.450404,0.171865,-0.261800,-0.382381,-0.134420,0.043099,0.756699,-0.485279,0.261800,0.216184,0.174101,0.054153,-0.836126,0.574473,-0.278625,0.151339,-0.195550,-0.035203,0.512808,-0.949586,-0.278514,0.526373,-0.121787,0.108467,0.119278,-0.285181
-0.002670,1.289990,0.714797,-0.042074,-0.097230,0.966061,-0.235588,-0.776519,0.690250,0.025825,0.447670,0.173270,-0.261800,-0.388050,-0.134128,0.045483,0.758537,-0.483096,0.261800,0.213022,0.176046,0.052625,-0.836215,0.564969,-0.275743,0.151421,-0.192481,-0.035059,0.501161,-0.935442,-0.269528,0.514787,-0.120932,0.107431,0.114856,-0.280143
-0.001667,1.290321,0.714810,-0.042759,-0.096689,0.966545,-0.233694,-0.774843,0.690623,0.028563,0.445685,0.174454,-0.261800,-0.393650,-0.134635,0.047925,0.760200,-0.481039,0.261800,0.210018,0.177466,0.051381,-0.831090,0.552113,-0.271230,0.150436,-0.188542,-0.034660,0.486658,-0.914757,-0.258796,0.499900,-0.121239,0.105680,0.110545,-0.273462
-0.000574,1.290656,0.714823,-0.043436,-0.096137,0.967025,-0.231804,-0.773157,0.690985,0.031301,0.443701,0.175642,-0.261800,-0.399243,-0.135142,0.050384,0.761885,-0.479001,0.261800,0.207075,0.178806,0.050194,-0.820762,0.536265,-0.264969,0.147887,-0.183595,-0.034104,0.470059,-0.888445,-0.246440,0.482573,-0.122297,0.103254,0.105855,-0.265430
-0.000216,1.290647,0.715290,-0.044320,-0.095760,0.967272,-0.230759,-0.770181,0.690681,0.036002,0.439368,0.177469,-0.261800,-0.401633,-0.135785,0.051767,0.760071,-0.476581,0.261800,0.201848,0.180014,0.044372,-0.812668,0.519117,-0.265966,0.152051,-0.179770,-0.032176,0.445269,-0.875719,-0.250293,0.455636,-0.091029,0.100995,0.101923,-0.261306
0.000285,1.290711,0.715665,-0.045000,-0.095344,0.967552,-0.229624,-0.766877,0.690553,0.040641,0.435042,0.179466,-0.261800,-0.403901,-0.136447,0.053238,0.758197,-0.474057,0.261800,0.197573,0.181085,0.039922,-0.803221,0.499670,-0.266333,0.155829,-0.175599,-0.030615,0.419419,-0.861586,-0.253342,0.426980,-0.058270,0.099064,0.095541,-0.256290
0.000824,1.290796,0.716124,-0.045587,-0.094898,0.967839,-0.228482,-0.763421,0.690426,0.045268,0.430727,0.181487,-0.261800,-0.406057,-0.137101,0.054755,0.756368,-0.471510,0.261800,0.193444,0.182083,0.035939,-0.789243,0.477992,-0.264809,0.157339,-0.170706,-0.029020,0.392786,-0.843057,-0.255156,0.397223,-0.027537,0.096743,0.088481,-0.250502
0.001564,1.290509,0.716631,-0.046336,-0.094697,0.968165,-0.227027,-0.760408,0.689961,0.047340,0.426630,0.183599,-0.261800,-0.405904,-0.136032,0.058831,0.748278,-0.467786,0.261800,0.189832,0.185638,0.033832,-0.764372,0.461797,-0.254849,0.175240,-0.165542,-0.028142,0.370806,-0.808337,-0.242692,0.377437,-0.035713,0.095928,0.079975,-0.232668
0.002087,1.290212,0.717277,-0.046841,-0.094749,0.968500,-0.225468,-0.756924,0.690180,0.048860,0.422845,0.184751,-0.261800,-0.404674,-0.134687,0.062533,0.739851,-0.465166,0.261800,0.185712,0.189733,0.031439,-0.729853,0.442411,-0.240955,0.190552,-0.159340,-0.028311,0.346196,-0.762575,-0.227223,0.355489,-0.050806,0.093609,0.073208,-0.213698
0.002694,1.289820,0.717845,-0.047311,-0.094800,0.968832,-0.223917,-0.753361,0.690401,0.050377,0.419103,0.185842,-0.261800,-0.403327,-0.133352,0.066209,0.731342,-0.462518,0.261800,0.181506,0.193914,0.029035,-0.685687,0.419042,-0.223295,0.202125,-0.151629,-0.028334,0.319086,-0.706614,-0.208947,0.330458,-0.070356,0.090200,0.066228,-0.193198
0.002569,1.289870,0.718391,-0.046790,-0.095200,0.968840,-0.223823,-0.749942,0.691532,0.052264,0.414997,0.188086,-0.261800,-0.400180,-0.131882,0.065115,0.726957,-0.459875,0.261800,0.179127,0.196846,0.024158,-0.636950,0.374287,-0.215348,0.188517,-0.136723,-0.026504,0.281128,-0.653196,-0.194559,0.295706,-0.025806,0.083225,0.064089,-0.174768
0.002600,1.289615,0.718839,-0.046335,-0.095284,0.968887,-0.223678,-0.746520,0.692112,0.054718,0.412259,0.189194,-0.261800,-0.396865,-0.131652,0.065132,0.722214,-0.457432,0.261800,0.177567,0.199088,0.019698,-0.584265,0.327330,-0.205552,0.171787,-0.120642,-0.023042,0.243612,-0.598387,-0.178710,0.259302,0.021767,0.076223,0.057741,-0.154679
0.002641,1.289370,0.719286,-0.045857,-0.095348,0.968938,-0.223530,-0.743060,0.692679,0.057195,0.409564,0.190291,-0.261800,-0.393547,-0.131433,0.065183,0.717525,-0.454999,0.261800,0.176021,0.201252,0.015484,-0.532276,0.281727,-0.195338,0.154711,-0.105057,-0.019512,0.207719,-0.545155,-0.163150,0.223908,0.068242,0.069591,0.050948,-0.134942
0.002490,1.289367,0.719689,-0.046457,-0.095233,0.969465,-0.221157,-0.737792,0.695022,0.060997,0.405181,0.190865,-0.261800,-0.394191,-0.130063,0.067036,0.712518,-0.453615,0.261800,0.172845,0.201659,0.013927,-0.479026,0.245015,-0.179389,0.144183,-0.091082,-0.017124,0.178423,-0.492954,-0.144228,0.197559,0.078077,0.060766,0.042807,-0.116158
0.002480,1.289077,0.720115,-0.047247,-0.094945,0.969977,-0.218855,-0.732649,0.696503,0.064916,0.401441,0.190387,-0.261800,-0.394805,-0.129881,0.069024,0.706901,-0.452178,0.261800,0.168991,0.202095,0.011784,-0.433473,0.214168,-0.165575,0.135908,-0.079139,-0.015399,0.153270,-0.448722,-0.127932,0.176096,0.085198,0.053013,0.037782,-0.100630
0.002456,1.288859,0.720635,-0.048077,-0.094655,0.970479,-0.216562,-0.727565,0.697939,0.068849,0.397714,0.189878,-0.261800,-0.395455,-0.129737,0.070987,0.701227,-0.450731,0.261800,0.165071,0.202572,0.009448,-0.398116,0.189331,-0.155296,0.130682,-0.069375,-0.014150,0.132639,-0.415450,-0.114677,0.159424,0.093170,0.046716,0.034199,-0.088010
0.002506,1.289066,0.720864,-0.048475,-0.094633,0.970792,-0.215076,-0.724977,0.700199,0.072620,0.394987,0.192412,-0.261800,-0.396502,-0.129025,0.071587,0.698616,-0.449129,0.261800,0.161667,0.203719,0.008155,-0.373797,0.170407,-0.145649,0.127639,-0.064260,-0.012882,0.119201,-0.387527,-0.108290,0.146762,0.095169,0.042428,0.030495,-0.079986
0.002561,1.289221,0.721095,-0.048957,-0.094606,0.971098,-0.213591,-0.722546,0.702269,0.076169,0.392393,0.194815,-0.261800,-0.397738,-0.128486,0.072189,0.696064,-0.448194,0.261800,0.158593,0.204913,0.006519,-0.358247,0.155579,-0.139321,0.127751,-0.060876,-0.011883,0.109003,-0.368663,-0.104961,0.137996,0.098808,0.039355,0.028104,-0.074142
0.002609,1.289373,0.721327,-0.049473,-0.094582,0.971401,-0.212101,-0.720177,0.704335,0.079727,0.389815,0.197202,-0.261800,-0.399052,-0.127952,0.072787,0.693525,-0.447268,0.261800,0.155602,0.206095,0.004771,-0.349847,0.143957,-0.135807,0.130913,-0.058777,-0.011135,0.101025,-0.357622,-0.103683,0.132267,0.105216,0.037144,0.026415,-0.069688
0.002584,1.289995,0.721254,-0.049820,-0.094237,0.971602,-0.211250,-0.716676,0.704780,0.081242,0.384994,0.198947,-0.261800,-0.403311,-0.127572,0.074453,0.698094,-0.445641,0.261800,0.154047,0.206624,0.005195,-0.337773,0.137662,-0.134072,0.127286,-0.054088,-0.010417,0.093947,-0.343751,-0.098509,0.128799,0.101460,0.035092,0.024685,-0.064924
0.002401,1.290643,0.721190,-0.050269,-0.093874,0.971785,-0.210465,-0.713199,0.705316,0.083131,0.380042,0.201065,-0.261800,-0.407646,-0.127055,0.076196,0.703307,-0.445400,0.261800,0.152073,0.206995,0.004692,-0.328516,0.133506,-0.134129,0.124804,-0.049743,-0.009178,0.087910,-0.333462,-0.094028,0.127090,0.099447,0.033192,0.024040,-0.060792
0.002284,1.291294,0.721128,-0.050773,-0.093500,0.971962,-0.209689,-0.709810,0.705794,0.085043,0.375091,0.203178,-0.261800,-0.412102,-0.126567,0.077940,0.708596,-0.445215,0.261800,0.150026,0.207326,0.003941,-0.322856,0.130619,-0.136010,0.124560,-0.045826,-0.007883,0.082285,-0.327068,-0.090226,0.126896,0.100278,0.031530,0.023726,-0.056856
0.001604,1.291618,0.720961,-0.051220,-0.092836,0.971995,-0.209724,-0.707323,0.705034,0.086485,0.372684,0.202887,-0.261800,-0.414550,-0.127892,0.077949,0.713459,-0.446364,0.261800,0.148506,0.206456,0.002096,-0.320453,0.124313,-0.131192,0.117936,-0.046032,-0.008567,0.082166,-0.321606,-0.088217,0.121999,0.097027,0.031237,0.022892,-0.058023
0.000875,1.291968,0.720883,-0.051646,-0.092236,0.972029,-0.209727,-0.704853,0.704529,0.088063,0.370255,0.202914,-0.261800,-0.417031,-0.129081,0.077807,0.718405,-0.447762,0.261800,0.147324,0.205696,-0.000074,-0.320790,0.118406,-0.127836,0.112842,-0.046454,-0.008915,0.082306,-0.318618,-0.086844,0.118208,0.095779,0.031442,0.022438,-0.059257
0.000225,1.292313,0.720721,-0.052095,-0.091638,0.972060,-0.209731,-0.702421,0.704003,0.089635,0.367834,0.202931,-0.261800,-0.419548,-0.130267,0.077670,0.723334,-0.449157,0.261800,0.146191,0.204938,-0.002354,-0.324112,0.112765,-0.125825,0.109587,-0.047141,-0.009211,0.082385,-0.318345,-0.085722,0.115337,0.096928,0.031813,0.022095,-0.060473
-0.000224,1.292066,0.720915,-0.052421,-0.091510,0.972027,-0.209859,-0.701357,0.702984,0.089410,0.366327,0.203003,-0.261800,-0.419378,-0.130639,0.077706,0.723203,-0.448748,0.261800,0.142987,0.204141,-0.001874,-0.320671,0.109731,-0.123844,0.107377,-0.046150,-0.008841,0.082663,-0.315746,-0.087128,0.112759,0.089315,0.031419,0.021160,-0.061960
-0.000778,1.291943,0.721107,-0.052643,-0.091594,0.971968,-0.210042,-0.699967,0.702647,0.089254,0.364592,0.202820,-0.261800,-0.418770,-0.130552,0.077332,0.722811,-0.448066,0.261800,0.139825,0.203787,-0.001624,-0.318860,0.106644,-0.122572,0.105957,-0.045294,-0.008219,0.083006,-0.314417,-0.088431,0.110675,0.082589,0.031036,0.020799,-0.063755
-0.001250,1.291724,0.721219,-0.052856,-0.091688,0.971908,-0.210224,-0.698551,0.702335,0.089095,0.362856,0.202621,-0.261800,-0.418093,-0.130446,0.076947,0.722332,-0.447351,0.261800,0.136671,0.203502,-0.001441,-0.319260,0.103131,-0.122019,0.105747,-0.044655,-0.007534,0.083302,-0.314868,-0.089684,0.108905,0.077271,0.030735,0.020473,-0.065747
-0.001138,1.291770,0.721346,-0.052786,-0.091778,0.971828,-0.210572,-0.699089,0.702022,0.089101,0.362146,0.204300,-0.261800,-0.417197,-0.130581,0.076399,0.721110,-0.446252,0.261800,0.136237,0.204049,0.000514,-0.314332,0.104393,-0.120325,0.103839,-0.043943,-0.008366,0.084327,-0.311816,-0.092217,0.109393,0.074707,0.030742,0.020867,-0.066239
-0.001025,1.291940,0.721409,-0.052708,-0.092076,0.971704,-0.211032,-0.699717,0.702053,0.088838,0.360953,0.206388,-0.261800,-0.416362,-0.129775,0.075853,0.720053,-0.445606,0.261800,0.135755,0.204990,0.002134,-0.310323,0.105256,-0.118810,0.102426,-0.043294,-0.009054,0.085460,-0.309838,-0.094736,0.110138,0.072977,0.030826,0.021186,-0.067121
-0.000915,1.292193,0.721559,-0.052645,-0.092383,0.971579,-0.211492,-0.700390,0.702091,0.088564,0.359767,0.208471,-0.261800,-0.415549,-0.128962,0.075299,0.718973,-0.444950,0.261800,0.135260,0.205982,0.003663,-0.307828,0.105501,-0.117700,0.102015,-0.042766,-0.009711,0.086669,-0.309183,-0.097319,0.111032,0.071948,0.031012,0.021420,-0.068439
-0.000275,1.291654,0.721444,-0.052791,-0.092666,0.971352,-0.212369,-0.704270,0.700709,0.086960,0.361993,0.207709,-0.261800,-0.415290,-0.131400,0.072881,0.717028,-0.445124,0.261800,0.136828,0.205839,0.004863,-0.307173,0.108452,-0.119755,0.096816,-0.040983,-0.009430,0.086469,-0.307844,-0.099036,0.112931,0.066278,0.030433,0.021702,-0.068414
0.000381,1.291623,0.721212,-0.053054,-0.093254,0.971089,-0.213249,-0.708725,0.699970,0.084814,0.363134,0.208067,-0.261800,-0.415699,-0.132206,0.069896,0.715894,-0.445150,0.261800,0.138511,0.205863,0.005764,-0.308031,0.111224,-0.122637,0.092189,-0.039302,-0.008904,0.086486,-0.307534,-0.100940,0.114661,0.060612,0.029918,0.022231,-0.068944
0.000945,1.291504,0.721065,-0.053366,-0.093852,0.970822,-0.214122,-0.713303,0.699220,0.082650,0.364279,0.208431,-0.261800,-0.416231,-0.133011,0.066916,0.714789,-0.445180,0.261800,0.140222,0.205853,0.006518,-0.310831,0.113723,-0.126242,0.088707,-0.037746,-0.008370,0.086810,-0.308771,-0.103031,0.116750,0.055353,0.029581,0.022813,-0.070119
0.000751,1.291304,0.721128,-0.053729,-0.094531,0.970627,-0.214615,-0.717087,0.699072,0.079524,0.366676,0.207206,-0.261800,-0.414463,-0.130999,0.067553,0.711476,-0.446006,0.261800,0.143669,0.205387,0.006111,-0.316239,0.114886,-0.125030,0.089310,-0.039571,-0.008597,0.090434,-0.312574,-0.102354,0.116103,0.057087,0.031149,0.024053,-0.071696
0.001016,1.290951,0.721040,-0.054137,-0.095253,0.970529,-0.214637,-0.721297,0.699472,0.076795,0.369546,0.205982,-0.261800,-0.414108,-0.130892,0.065010,0.708106,-0.446194,0.261800,0.147827,0.204995,0.006066,-0.326013,0.116616,-0.125110,0.091814,-0.041710,-0.009062,0.095017,-0.320499,-0.102088,0.116863,0.060144,0.033094,0.025262,-0.074214
0.001284,1.290691,0.720948,-0.054595,-0.095984,0.970429,-0.214648,-0.725653,0.699871,0.074037,0.372430,0.204770,-0.261800,-0.413921,-0.130773,0.062491,0.704806,-0.446396,0.261800,0.152033,0.204601,0.005944,-0.341935,0.119749,-0.127467,0.096325,-0.044451,-0.009664,0.101225,-0.334118,-0.103090,0.119688,0.064491,0.035690,0.026908,-0.078171
0.000578,1.288934,0.721368,-0.055149,-0.097154,0.969987,-0.215974,-0.733459,0.698912,0.068272,0.381168,0.201750,-0.261800,-0.407501,-0.130779,0.061376,0.694937,-0.443715,0.261800,0.157071,0.202863,0.005621,-0.361813,0.132934,-0.139081,0.095441,-0.046225,-0.010026,0.106581,-0.358463,-0.115614,0.132898,0.067372,0.036030,0.030067,-0.079438
0.000141,1.287481,0.721759,-0.055625,-0.098561,0.969556,-0.217145,-0.741637,0.698501,0.062108,0.389193,0.199809,-0.261800,-0.401342,-0.130217,0.058747,0.684563,-0.441636,0.261800,0.162502,0.201573,0.005576,-0.393903,0.151271,-0.155159,0.096390,-0.049456,-0.010212,0.115893,-0.395579,-0.132550,0.150961,0.071834,0.037598,0.034600,-0.083314
-0.000295,1.286108,0.722083,-0.056111,-0.099966,0.969120,-0.218321,-0.749879,0.697995,0.055893,0.397235,0.197851,-0.261800,-0.395198,-0.129665,0.056165,0.674110,-0.439510,0.261800,0.167915,0.200322,0.005533,-0.441966,0.176585,-0.177383,0.099976,-0.054558,-0.010749,0.130259,-0.449187,-0.155940,0.175489,0.078105,0.040664,0.040722,-0.090708
-0.002525,1.284466,0.722161,-0.056625,-0.102310,0.968802,-0.218515,-0.760257,0.703329,0.048680,0.410948,0.193002,-0.261800,-0.387425,-0.125500,0.053544,0.663994,-0.439760,0.261800,0.173491,0.199670,0.005299,-0.496395,0.224283,-0.199860,0.090162,-0.061664,-0.015046,0.155862,-0.515770,-0.208157,0.201666,0.060505,0.045193,0.045357,-0.108648
-0.004913,1.282495,0.722396,-0.057268,-0.104517,0.968482,-0.218722,-0.770952,0.708145,0.041534,0.425843,0.187194,-0.261800,-0.379300,-0.122160,0.051498,0.653048,-0.439717,0.261800,0.179304,0.198981,0.004106,-0.567373,0.281339,-0.228625,0.080173,-0.070561,-0.018982,0.188151,-0.600150,-0.270599,0.235458,0.041094,0.051306,0.053340,-0.131062
-0.007254,1.280567,0.722592,-0.057956,-0.106700,0.968155,-0.218936,-0.781828,0.712746,0.034168,0.440923,0.181217,-0.261800,-0.371142,-0.118891,0.049617,0.641875,-0.439592,0.261800,0.185140,0.198252,0.002654,-0.653320,0.347134,-0.262979,0.070433,-0.081015,-0.023260,0.226118,-0.701045,-0.342159,0.275771,0.021018,0.058545,0.063291,-0.157143
-0.008421,1.277452,0.723033,-0.057172,-0.109976,0.967723,-0.219429,-0.794149,0.716701,0.022041,0.459145,0.174381,-0.261800,-0.357267,-0.114753,0.044634,0.622896,-0.431359,0.261800,0.188308,0.200414,0.004331,-0.744244,0.427383,-0.292648,0.035556,-0.088136,-0.031528,0.273910,-0.788708,-0.437935,0.302602,-0.014821,0.067167,0.069774,-0.198910
-0.009664,1.274273,0.723654,-0.056199,-0.113232,0.967283,-0.219962,-0.805965,0.720433,0.009742,0.477471,0.167076,-0.261800,-0.342183,-0.110543,0.039823,0.602403,-0.422544,0.261800,0.191837,0.202521,0.005429,-0.833639,0.509234,-0.321791,-0.003876,-0.094075,-0.038349,0.323005,-0.873652,-0.537116,0.327026,-0.055851,0.074714,0.077600,-0.241197
-0.011187,1.270859,0.724461,-0.055186,-0.116269,0.966819,-0.220674,-0.817841,0.723410,-0.002933,0.496896,0.158760,-0.261800,-0.326607,-0.106780,0.035153,0.582038,-0.414213,0.261800,0.195630,0.205376,0.005333,-0.909411,0.587675,-0.344095,-0.051438,-0.097041,-0.042711,0.370218,-0.945243,-0.636265,0.346043,-0.104581,0.080808,0.086941,-0.282019
-0.013135,1.266996,0.724944,-0.051525,-0.120263,0.965689,-0.224338,-0.829749,0.726141,-0.017828,0.518486,0.151408,-0.261800,-0.297300,-0.101851,0.023831,0.552714,-0.403926,0.261800,0.200688,0.208290,0.003817,-0.945282,0.667780,-0.368690,-0.080869,-0.100509,-0.045442,0.401738,-0.978212,-0.727304,0.354931,-0.150492,0.085426,0.090667,-0.316632
-0.015191,1.262812,0.725664,-0.047702,-0.124071,0.964507,-0.228161,-0.841209,0.728209,-0.033141,0.540226,0.143505,-0.261800,-0.266788,-0.097093,0.012940,0.521706,-0.392904,0.261800,0.204840,0.210888,0.001850,-0.958845,0.738499,-0.382930,-0.113845,-0.101536,-0.048293,0.426782,-0.985052,-0.808022,0.350370,-0.200159,0.087061,0.092330,-0.346162
-0.017395,1.258508,0.726638,-0.043886,-0.127730,0.963267,-0.232111,-0.852781,0.729671,-0.049019,0.561777,0.135545,-0.261800,-0.236248,-0.092234,0.002349,0.490325,-0.381725,0.261800,0.208326,0.213390,-0.000037,-0.949818,0.798764,-0.385950,-0.150387,-0.100007,-0.050500,0.445100,-0.966024,-0.877430,0.332351,-0.252656,0.086083,0.092185,-0.370471
-0.020562,1.254465,0.727301,-0.039071,-0.130803,0.960541,-0.242333,-0.861772,0.721292,-0.067353,0.577920,0.130748,-0.261800,-0.217365,-0.089204,-0.017670,0.498025,-0.355950,0.261800,0.213033,0.215442,0.001648,-0.960904,0.825771,-0.387534,-0.187100,-0.098810,-0.051466,0.461430,-0.956941,-0.883958,0.312715,-0.291789,0.084972,0.091750,-0.387532
-0.023697,1.250045,0.728105,-0.034180,-0.133162,0.957700,-0.252804,-0.870571,0.711066,-0.085348,0.595708,0.124829,-0.261800,-0.199739,-0.089356,-0.038060,0.509776,-0.333067,0.261800,0.216473,0.217062,0.004403,-0.956269,0.845227,-0.381878,-0.226765,-0.095186,-0.051250,0.472911,-0.933375,-0.882473,0.288414,-0.333350,0.082130,0.090270,-0.400627
-0.026728,1.245156,0.729018,-0.029295,-0.135332,0.954771,-0.263133,-0.879275,0.700183,-0.103001,0.614288,0.118097,-0.261800,-0.182293,-0.091556,-0.058501,0.521807,-0.310782,0.261800,0.219829,0.218952,0.007251,-0.940490,0.858967,-0.371273,-0.268230,-0.090041,-0.050433,0.480670,-0.899688,-0.874693,0.261089,-0.376136,0.078135,0.087920,-0.410830
-0.033054,1.236591,0.728940,-0.020593,-0.135240,0.950483,-0.279049,-0.881068,0.683464,-0.123942,0.650746,0.098307,-0.261800,-0.178092,-0.101361,-0.082014,0.581541,-0.278473,0.261800,0.229234,0.219654,0.010447,-0.935582,0.870647,-0.368160,-0.313666,-0.086561,-0.049856,0.484799,-0.868414,-0.857998,0.252962,-0.410075,0.062378,0.089211,-0.417491
-0.039484,1.226475,0.728574,-0.012054,-0.134317,0.945798,-0.295432,-0.883353,0.663955,-0.144859,0.692403,0.074101,-0.261800,-0.173395,-0.117212,-0.103913,0.646457,-0.251842,0.261800,0.236918,0.219858,0.014188,-0.927879,0.880260,-0.363739,-0.358295,-0.082912,-0.049179,0.487655,-0.836790,-0.838749,0.246344,-0.442204,0.045892,0.089813,-0.422984
-0.045841,1.214285,0.728574,-0.003375,-0.134240,0.940883,-0.310979,-0.885345,0.645983,-0.166002,0.736146,0.046446,-0.261800,-0.163986,-0.134183,-0.123113,0.704320,-0.223787,0.261800,0.245604,0.220021,0.017330,-0.923282,0.891430,-0.362652,-0.399527,-0.080476,-0.050093,0.489554,-0.807499,-0.814912,0.239439,-0.469537,0.029414,0.088630,-0.427099
-0.043816,1.190210,0.727860,0.009155,-0.135228,0.935085,-0.327485,-0.882359,0.616251,-0.177217,0.805116,-0.012022,-0.241709,-0.148365,-0.138399,-0.081968,0.717350,-0.173294,0.261800,0.262951,0.211845,0.016075,-0.966479,0.921280,-0.406522,-0.368745,-0.092970,-0.045749,0.475010,-0.820727,-0.740081,0.236865,-0.427407,0.023623,0.097241,-0.427723
-0.039559,1.165850,0.727594,0.012991,-0.121527,0.926228,-0.356601,-0.868193,0.538181,-0.151553,0.869610,-0.067650,-0.200060,-0.143815,-0.184827,-0.046865,0.760526,-0.141827,0.261800,0.259622,0.207767,0.014179,-1.000943,0.908652,-0.432295,-0.319100,-0.106163,-0.044725,0.470794,-0.842368,-0.714601,0.262384,-0.380617,0.029788,0.096830,-0.421785
-0.034213,1.143518,0.726847,0.015720,-0.106847,0.916098,-0.386135,-0.851343,0.457931,-0.123450,0.919361,-0.112308,-0.158003,-0.145696,-0.229733,-0.008570,0.815885,-0.114666,0.261800,0.254453,0.205376,0.012863,-1.028272,0.891303,-0.449494,-0.268732,-0.117886,-0.044647,0.464536,-0.866586,-0.692286,0.292932,-0.330432,0.038743,0.095150,-0.416614
-0.026530,1.122664,0.725631,0.014732,-0.094617,0.905255,-0.413937,-0.839620,0.386196,-0.084818,0.955385,-0.147812,-0.110502,-0.155738,-0.279909,0.005809,0.834785,-0.116169,0.261800,0.248027,0.206506,0.009509,-1.083382,0.869744,-0.469214,-0.183462,-0.131394,-0.044770,0.463690,-0.864830,-0.666049,0.326777,-0.303954,0.034383,0.089579,-0.408177
-0.018503,1.103342,0.723357,0.012690,-0.080136,0.892793,-0.443099,-0.826521,0.308569,-0.044698,0.984123,-0.177563,-0.063066,-0.167479,-0.335732,0.021325,0.863976,-0.124951,0.261800,0.239642,0.203365,0.007625,-1.136372,0.840975,-0.486661,-0.090961,-0.144909,-0.048487,0.458033,-0.857681,-0.641784,0.358245,-0.276567,0.032819,0.084697,-0.399816
-0.010359,1.085709,0.719944,0.009803,-0.064013,0.878704,-0.472954,-0.812838,0.226936,-0.004621,1.006038,-0.201795,-0.016274,-0.180148,-0.395316,0.038931,0.900750,-0.139253,0.261800,0.228714,0.195110,0.008340,-1.184636,0.807554,-0.501325,0.005778,-0.158627,-0.054103,0.446154,-0.844267,-0.615270,0.384292,-0.247217,0.033278,0.079798,-0.389976
-0.005425,1.075285,0.718882,0.008212,-0.054715,0.865943,-0.497074,-0.799400,0.168469,0.013102,1.005410,-0.209457,0.012826,-0.197111,-0.443627,0.036506,0.907445,-0.151421,0.261756,0.222434,0.189606,0.012500,-1.181681,0.759550,-0.490005,0.079439,-0.168828,-0.055246,0.430065,-0.819877,-0.564273,0.389426,-0.227126,0.044695,0.074246,-0.370648
-0.006137,1.068954,0.720563,0.010466,-0.052094,0.853862,-0.517780,-0.784846,0.133426,0.008114,0.994903,-0.210145,0.025663,-0.216195,-0.463915,0.019589,0.918095,-0.165726,0.239715,0.222310,0.189835,0.018405,-1.166985,0.711719,-0.476952,0.148443,-0.175603,-0.056584,0.405164,-0.785844,-0.501078,0.381754,-0.204171,0.053503,0.068411,-0.348770
-0.007732,1.063312,0.722741,0.013830,-0.051251,0.841794,-0.537182,-0.770334,0.104863,-0.002423,0.983432,-0.210120,0.035124,-0.235392,-0.477021,-0.000214,0.928776,-0.180489,0.213279,0.224763,0.192625,0.024465,-1.139169,0.657483,-0.458996,0.216385,-0.180161,-0.056559,0.372869,-0.741005,-0.432903,0.365047,-0.178413,0.060822,0.061765,-0.322293
-0.013237,1.060373,0.724854,0.015083,-0.050543,0.832064,-0.552166,-0.759407,0.089771,-0.012991,0.972065,-0.206984,0.034987,-0.251414,-0.484947,-0.024901,0.908338,-0.191570,0.219145,0.236603,0.186075,0.034359,-1.040031,0.591491,-0.420588,0.203009,-0.164240,-0.057691,0.340841,-0.685844,-0.367672,0.349636,-0.164701,0.056292,0.055796,-0.291273
-0.018676,1.057042,0.727171,0.016232,-0.050283,0.822204,-0.566735,-0.748431,0.075405,-0.023739,0.960359,-0.204397,0.035359,-0.267038,-0.491887,-0.049862,0.886092,-0.201667,0.225458,0.247755,0.182656,0.041834,-0.928130,0.524279,-0.375793,0.180699,-0.144872,-0.053451,0.307810,-0.625928,-0.301512,0.334807,-0.150591,0.051018,0.050381,-0.258684
-0.024099,1.053456,0.729542,0.017357,-0.050104,0.812084,-0.581126,-0.737403,0.061177,-0.034642,0.948452,-0.201879,0.035909,-0.282679,-0.498524,-0.074868,0.863937,-0.211664,0.232263,0.258515,0.179940,0.048853,-0.821620,0.460054,-0.333714,0.158312,-0.126011,-0.048680,0.276461,-0.569288,-0.236889,0.323183,-0.137349,0.046063,0.045362,-0.227579
-0.029010,1.050647,0.731865,0.018952,-0.049426,0.803475,-0.592980,-0.724345,0.049365,-0.047330,0.935237,-0.199529,0.033571,-0.299013,-0.497729,-0.085751,0.824910,-0.211502,0.224033,0.253565,0.174271,0.065990,-0.696674,0.386583,-0.281076,0.098170,-0.105061,-0.051478,0.266355,-0.495123,-0.189662,0.316579,-0.128054,0.040957,0.039530,-0.202120
-0.033786,1.047534,0.734319,0.020638,-0.048947,0.794775,-0.604575,-0.710831,0.038159,-0.060052,0.921885,-0.197599,0.031392,-0.314590,-0.496021,-0.096829,0.784633,-0.210905,0.216331,0.248421,0.170602,0.081681,-0.594103,0.324465,-0.239538,0.034316,-0.085024,-0.053613,0.267558,-0.437795,-0.149887,0.326014,-0.124852,0.037226,0.035422,-0.184686
-0.038504,1.044336,0.736802,0.022356,-0.048523,0.785916,-0.616021,-0.697214,0.027209,-0.072956,0.908532,-0.195785,0.029378,-0.330250,-0.493810,-0.107896,0.744581,-0.210506,0.209038,0.243110,0.167320,0.097147,-0.523057,0.276497,-0.213543,-0.029410,-0.068197,-0.057524,0.281845,-0.402375,-0.118322,0.353046,-0.128158,0.035404,0.033142,-0.177135
-0.045184,1.039672,0.738588,0.022021,-0.047552,0.777373,-0.626853,-0.685093,0.017460,-0.084679,0.898322,-0.199325,0.026747,-0.341944,-0.487502,-0.116369,0.683861,-0.199414,0.196036,0.231872,0.157572,0.098336,-0.530252,0.295097,-0.200450,-0.038324,-0.074821,-0.050812,0.298461,-0.430441,-0.163529,0.303331,-0.125863,0.038327,0.033932,-0.213781
-0.051852,1.035505,0.740400,0.022232,-0.046146,0.768711,-0.637542,-0.671964,0.008368,-0.096412,0.887978,-0.201837,0.021987,-0.353944,-0.480772,-0.123526,0.625035,-0.188935,0.182756,0.223788,0.146970,0.102792,-0.568621,0.324269,-0.200100,-0.040438,-0.087355,-0.049214,0.325847,-0.476479,-0.217282,0.262163,-0.128418,0.045027,0.035343,-0.258229
-0.058528,1.031158,0.742258,0.022662,-0.044582,0.759870,-0.648148,-0.658014,-0.000641,-0.108293,0.877318,-0.204247,0.017395,-0.366210,-0.474024,-0.129885,0.567543,-0.179218,0.169429,0.216022,0.136524,0.107719,-0.620021,0.359427,-0.204888,-0.041957,-0.101860,-0.049628,0.360047,-0.530313,-0.274971,0.227778,-0.134109,0.053059,0.037292,-0.307167
-0.065519,1.028707,0.744210,0.022793,-0.045212,0.753813,-0.655135,-0.651003,-0.001163,-0.121922,0.867909,-0.201884,0.011718,-0.362824,-0.464645,-0.121305,0.569553,-0.178883,0.171110,0.211839,0.126970,0.113519,-0.629413,0.365832,-0.226728,-0.085804,-0.101312,-0.053588,0.393903,-0.624375,-0.327369,0.237759,-0.123515,0.069027,0.045178,-0.327320
-0.072449,1.026053,0.746005,0.022514,-0.045965,0.747673,-0.662091,-0.645046,-0.001857,-0.135076,0.859004,-0.199392,0.004357,-0.360526,-0.455848,-0.112321,0.572290,-0.178960,0.173166,0.204708,0.117622,0.118094,-0.624113,0.367716,-0.243148,-0.135511,-0.097564,-0.054192,0.423771,-0.712529,-0.375047,0.247864,-0.107856,0.083839,0.051019,-0.343984
-0.079440,1.023397,0.747860,0.022163,-0.046789,0.741457,-0.669000,-0.639368,-0.002553,-0.148231,0.850227,-0.196932,-0.002939,-0.358473,-0.447121,-0.103332,0.575242,-0.179178,0.175271,0.196923,0.108310,0.122398,-0.601304,0.359932,-0.253787,-0.186209,-0.091223,-0.053012,0.445036,-0.786967,-0.417147,0.251668,-0.088734,0.096927,0.055636,-0.354715
-0.086009,1.020261,0.748873,0.022183,-0.045818,0.735277,-0.675853,-0.631770,-0.002660,-0.154794,0.843960,-0.197960,-0.008850,-0.357603,-0.440821,-0.101978,0.558590,-0.166579,0.189771,0.185878,0.106274,0.118781,-0.653226,0.392489,-0.268306,-0.187471,-0.095810,-0.045184,0.451913,-0.807432,-0.420788,0.275480,-0.096336,0.110309,0.052926,-0.348987
-0.092652,1.017362,0.750040,0.022465,-0.044587,0.728997,-0.682693,-0.623260,-0.002748,-0.161723,0.836959,-0.198501,-0.014056,-0.356261,-0.434387,-0.100439,0.541977,-0.153960,0.204539,0.175824,0.102998,0.116757,-0.690576,0.414185,-0.277180,-0.180131,-0.100294,-0.040456,0.448131,-0.808819,-0.416897,0.286868,-0.103632,0.120432,0.051050,-0.335900
-0.099275,1.014419,0.751145,0.022822,-0.043279,0.722647,-0.689484,-0.614402,-0.002779,-0.168652,0.829740,-0.198924,-0.019211,-0.354836,-0.427794,-0.098434,0.525594,-0.141535,0.219331,0.166083,0.099616,0.115043,-0.711449,0.425682,-0.280171,-0.170999,-0.102533,-0.035299,0.435654,-0.794904,-0.406800,0.289577,-0.108600,0.128516,0.048545,-0.316544
-0.106010,1.011904,0.752133,0.024025,-0.042160,0.720157,-0.692112,-0.606283,0.006152,-0.171276,0.826538,-0.200248,-0.028029,-0.351102,-0.424956,-0.104318,0.540654,-0.144030,0.236921,0.161686,0.094741,0.112582,-0.715974,0.412686,-0.284512,-0.150677,-0.101221,-0.031688,0.415290,-0.783678,-0.391217,0.287874,-0.085575,0.132482,0.046858,-0.295640
-0.112779,1.009352,0.752940,0.025181,-0.041124,0.717674,-0.694708,-0.598681,0.015138,-0.173677,0.824030,-0.201871,-0.035521,-0.348222,-0.422070,-0.109941,0.556869,-0.147112,0.254602,0.157398,0.090100,0.109913,-0.717032,0.396768,-0.287445,-0.130221,-0.099035,-0.027992,0.393056,-0.771151,-0.374595,0.284309,-0.059416,0.136472,0.043650,-0.272923
-0.122963,1.008051,0.754752,0.028491,-0.043122,0.716663,-0.695502,-0.592179,0.038292,-0.183300,0.818236,-0.201501,-0.050858,-0.348597,-0.403080,-0.119963,0.573532,-0.150025,0.261800,0.158203,0.087491,0.108170,-0.726096,0.387465,-0.294884,-0.111230,-0.097635,-0.024628,0.372452,-0.766594,-0.357148,0.278409,-0.032500,0.140709,0.040446,-0.252399
-0.132193,1.005474,0.755681,0.030809,-0.044067,0.714556,-0.697509,-0.585643,0.054707,-0.192878,0.814396,-0.204110,-0.063894,-0.332198,-0.381854,-0.121563,0.567146,-0.159646,0.261800,0.155285,0.087622,0.107578,-0.734329,0.391167,-0.300073,-0.087130,-0.097200,-0.023577,0.357572,-0.733793,-0.351386,0.264953,-0.039312,0.137399,0.034011,-0.253842
-0.141468,1.002668,0.756773,0.033414,-0.045004,0.712398,-0.699533,-0.578124,0.072452,-0.200930,0.809865,-0.207093,-0.076567,-0.314296,-0.360081,-0.123276,0.559389,-0.168961,0.261800,0.152977,0.087899,0.106210,-0.758166,0.402607,-0.313280,-0.064938,-0.098621,-0.023432,0.350426,-0.713228,-0.353521,0.256106,-0.051188,0.136175,0.030284,-0.261817
-0.150713,0.999638,0.757743,0.036125,-0.045921,0.710158,-0.701613,-0.570366,0.090349,-0.209007,0.805158,-0.210091,-0.089302,-0.296183,-0.338165,-0.124653,0.551575,-0.178342,0.261800,0.150629,0.088282,0.104718,-0.798376,0.422135,-0.333742,-0.044536,-0.101985,-0.023782,0.351154,-0.707782,-0.363044,0.252403,-0.064814,0.137795,0.027673,-0.275701
-0.158104,0.995659,0.757758,0.036281,-0.044270,0.709458,-0.702419,-0.562649,0.106270,-0.199057,0.803467,-0.215192,-0.096555,-0.286826,-0.332864,-0.133333,0.557279,-0.186929,0.261800,0.149716,0.082711,0.094415,-0.851379,0.450398,-0.355453,-0.055196,-0.108402,-0.024604,0.360540,-0.751487,-0.417011,0.250650,-0.066871,0.145298,0.030183,-0.290734
-0.165384,0.991958,0.757775,0.036149,-0.042640,0.708684,-0.703308,-0.555774,0.121566,-0.188685,0.802098,-0.219891,-0.103144,-0.279043,-0.328057,-0.141660,0.564505,-0.195957,0.261800,0.148361,0.077458,0.084656,-0.908171,0.479881,-0.377384,-0.067808,-0.115064,-0.024051,0.372601,-0.801509,-0.472389,0.250779,-0.067002,0.154784,0.031643,-0.307690
-0.172622,0.988207,0.757690,0.035997,-0.041053,0.707855,-0.704244,-0.549027,0.136661,-0.178248,0.800997,-0.224687,-0.109628,-0.271511,-0.323199,-0.150068,0.571935,-0.205033,0.261800,0.146694,0.072455,0.074924,-0.958276,0.504573,-0.395393,-0.079946,-0.120711,-0.023084,0.382983,-0.845526,-0.522678,0.247991,-0.067171,0.163105,0.032673,-0.323913
-0.179492,0.984219,0.758548,0.035386,-0.041546,0.707389,-0.704715,-0.542954,0.153051,-0.170646,0.793412,-0.224917,-0.116980,-0.261988,-0.312962,-0.156262,0.567600,-0.213719,0.261800,0.147675,0.068924,0.057036,-1.007089,0.557196,-0.420428,-0.105071,-0.126858,-0.024273,0.392947,-0.882801,-0.589435,0.269505,-0.061414,0.168235,0.037218,-0.324758
-0.186179,0.980360,0.759364,0.034971,-0.042127,0.706905,-0.705186,-0.537072,0.169574,-0.163085,0.786189,-0.225095,-0.123866,-0.252274,-0.302350,-0.162429,0.562832,-0.222012,0.261800,0.147811,0.066552,0.039987,-1.030566,0.591562,-0.432690,-0.128554,-0.129755,-0.024520,0.394639,-0.898217,-0.637903,0.282057,-0.054827,0.168896,0.040590,-0.320186
-0.192837,0.976538,0.760143,0.034645,-0.042713,0.706371,-0.705702,-0.531229,0.186027,-0.155552,0.779209,-0.225248,-0.130721,-0.242476,-0.291643,-0.168533,0.558120,-0.230331,0.261800,0.147693,0.064649,0.023183,-1.020801,0.601462,-0.427957,-0.149548,-0.127504,-0.023612,0.384815,-0.882774,-0.662699,0.280656,-0.048855,0.162869,0.042852,-0.308693
-0.198274,0.971612,0.761239,0.032780,-0.042445,0.706516,-0.705662,-0.520072,0.198671,-0.142971,0.766232,-0.227268,-0.137008,-0.232810,-0.285602,-0.170104,0.551462,-0.239821,0.261800,0.149155,0.058341,0.000352,-0.964682,0.597171,-0.408653,-0.151469,-0.123413,-0.023116,0.366961,-0.843547,-0.653351,0.275720,-0.049894,0.162156,0.038662,-0.286659
-0.204063,0.966784,0.762384,0.031021,-0.042338,0.706658,-0.705606,-0.508945,0.212126,-0.130747,0.752349,-0.228446,-0.142714,-0.223835,-0.278326,-0.171274,0.545430,-0.249018,0.261800,0.148975,0.052040,-0.022567,-0.874711,0.567886,-0.371530,-0.150561,-0.114172,-0.022649,0.338412,-0.774069,-0.614445,0.257435,-0.051865,0.154407,0.033471,-0.259328
-0.209832,0.962040,0.763478,0.029332,-0.042222,0.706747,-0.705596,-0.497962,0.225488,-0.118562,0.738697,-0.229552,-0.148425,-0.214942,-0.271008,-0.172395,0.539647,-0.258258,0.261800,0.148057,0.045876,-0.045543,-0.760629,0.517236,-0.321633,-0.148158,-0.100504,-0.021292,0.302370,-0.681970,-0.552431,0.229089,-0.055833,0.140750,0.027809,-0.228441
-0.211896,0.957183,0.764601,0.027779,-0.043027,0.706530,-0.705827,-0.489582,0.240852,-0.089712,0.728021,-0.232494,-0.146333,-0.203674,-0.267515,-0.175060,0.526117,-0.259126,0.261800,0.148954,0.039366,-0.067639,-0.653008,0.447520,-0.288775,-0.111818,-0.088233,-0.015945,0.249249,-0.591228,-0.478107,0.217233,-0.038010,0.122025,0.023545,-0.180956
-0.214285,0.952647,0.765796,0.026817,-0.044166,0.706462,-0.705862,-0.481145,0.258302,-0.061224,0.717336,-0.235589,-0.144400,-0.192863,-0.261651,-0.177396,0.513048,-0.259283,0.261800,0.150512,0.033543,-0.088870,-0.563604,0.373024,-0.267273,-0.070490,-0.077576,-0.012971,0.197671,-0.516246,-0.400365,0.215060,-0.016816,0.103920,0.017946,-0.134589
-0.216642,0.948169,0.766844,0.025996,-0.045301,0.706371,-0.705912,-0.472754,0.275791,-0.032783,0.707455,-0.238823,-0.142530,-0.182011,-0.255610,-0.179605,0.500257,-0.259541,0.261800,0.151664,0.027789,-0.109973,-0.506897,0.305434,-0.265556,-0.028850,-0.070361,-0.011109,0.153083,-0.471979,-0.330636,0.231149,0.005941,0.089410,0.012571,-0.092612
-0.217763,0.944961,0.768126,0.026006,-0.044839,0.707433,-0.704877,-0.459301,0.277184,-0.032381,0.695596,-0.239367,-0.145431,-0.171256,-0.251232,-0.176742,0.487142,-0.254149,0.261800,0.151736,0.030598,-0.117228,-0.437602,0.269110,-0.248792,-0.014629,-0.065026,-0.015262,0.119400,-0.418046,-0.288602,0.223946,0.026886,0.082744,0.006953,-0.064146
-0.218721,0.941113,0.769537,0.025706,-0.044146,0.708306,-0.704055,-0.444060,0.277377,-0.031291,0.682174,-0.239943,-0.148216,-0.158241,-0.248066,-0.174714,0.471582,-0.248571,0.261800,0.150896,0.032649,-0.128035,-0.399258,0.259604,-0.250887,-0.012434,-0.060775,-0.017620,0.096230,-0.393140,-0.273496,0.232546,0.041419,0.079145,0.003296,-0.041382
-0.219615,0.937059,0.771105,0.025226,-0.043548,0.709152,-0.703257,-0.428627,0.277489,-0.030045,0.668207,-0.240507,-0.151067,-0.145008,-0.244912,-0.172798,0.455353,-0.242908,0.261800,0.149787,0.034377,-0.140472,-0.396119,0.271368,-0.275711,-0.014505,-0.059839,-0.019795,0.082358,-0.401886,-0.280320,0.261152,0.055699,0.080406,0.000918,-0.023567
-0.220316,0.934600,0.772706,0.026401,-0.045553,0.709878,-0.702354,-0.419140,0.288711,-0.018591,0.654835,-0.238361,-0.151153,-0.127968,-0.232934,-0.171766,0.423638,-0.229850,0.261800,0.149299,0.040075,-0.139867,-0.406377,0.275480,-0.281393,-0.022542,-0.057039,-0.019995,0.080684,-0.412367,-0.279882,0.271138,0.050362,0.078822,-0.001535,-0.020198
-0.219811,0.931658,0.774454,0.027601,-0.047151,0.710492,-0.701581,-0.407943,0.297630,-0.005739,0.642182,-0.237739,-0.149574,-0.107808,-0.223261,-0.170595,0.388530,-0.214082,0.261800,0.148839,0.045842,-0.141372,-0.420416,0.284648,-0.291589,-0.031393,-0.053275,-0.019098,0.079567,-0.424071,-0.288090,0.283839,0.040611,0.075556,-0.002396,-0.017667
-0.219315,0.928574,0.776360,0.028762,-0.048711,0.711049,-0.700863,-0.396219,0.306291,0.007352,0.629217,-0.237133,-0.148102,-0.087133,-0.213655,-0.169260,0.352842,-0.198225,0.261800,0.148485,0.051090,-0.143720,-0.432341,0.292890,-0.304560,-0.038961,-0.048457,-0.018244,0.077046,-0.433222,-0.296481,0.297510,0.030390,0.071512,-0.003372,-0.013813
-0.218616,0.927915,0.777687,0.031003,-0.049098,0.711965,-0.699810,-0.384846,0.309151,0.006702,0.617025,-0.234422,-0.148381,-0.061177,-0.202167,-0.159708,0.305258,-0.177667,0.261800,0.147827,0.060247,-0.134652,-0.410271,0.269848,-0.279370,-0.031271,-0.048963,-0.015623,0.075604,-0.406167,-0.273118,0.267218,0.029056,0.070276,0.000505,-0.015604
-0.217809,0.926705,0.779227,0.033411,-0.049280,0.712778,-0.698858,-0.371865,0.311706,0.006366,0.604405,-0.232340,-0.148655,-0.032833,-0.191121,-0.149937,0.255754,-0.156759,0.261800,0.146493,0.068675,-0.129071,-0.375084,0.241617,-0.251056,-0.021210,-0.045188,-0.013200,0.068748,-0.363575,-0.243125,0.229753,0.027161,0.063215,0.003758,-0.013752
-0.216950,0.925365,0.780816,0.035654,-0.049376,0.713503,-0.698000,-0.358511,0.313663,0.006320,0.591582,-0.230505,-0.148823,-0.004287,-0.180964,-0.139666,0.206595,-0.136317,0.261800,0.144632,0.076152,-0.124994,-0.338900,0.213269,-0.226927,-0.010000,-0.040116,-0.011044,0.059390,-0.318342,-0.211277,0.193336,0.025250,0.054404,0.006426,-0.009092
-0.214321,0.925070,0.782954,0.037497,-0.047722,0.714349,-0.697153,-0.340712,0.310834,0.012955,0.572577,-0.222516,-0.144864,0.007678,-0.182416,-0.138489,0.191498,-0.110311,0.261800,0.141382,0.077137,-0.113644,-0.285578,0.182158,-0.186090,-0.020514,-0.034639,-0.010505,0.052343,-0.261358,-0.181137,0.155841,0.020116,0.044720,0.006114,-0.009044
-0.211979,0.924577,0.785200,0.038260,-0.046049,0.715157,-0.696395,-0.323026,0.306303,0.020447,0.551169,-0.213310,-0.140814,0.016427,-0.185677,-0.137012,0.180422,-0.086530,0.261800,0.138613,0.076880,-0.105690,-0.242091,0.160534,-0.153562,-0.037395,-0.026897,-0.008457,0.046123,-0.217274,-0.159214,0.129824,0.014251,0.035428,0.006465,-0.008404
-0.209684,0.924009,0.787477,0.038679,-0.044531,0.715995,-0.695609,-0.305840,0.301406,0.028014,0.529348,-0.203915,-0.136832,0.024084,-0.189221,-0.135392,0.170186,-0.063233,0.261800,0.136126,0.076576,-0.099097,-0.219437,0.150806,-0.136202,-0.058794,-0.020202,-0.006582,0.042438,-0.193789,-0.148190,0.118813,0.009698,0.028861,0.007340,-0.007370
-0.205695,0.922824,0.789995,0.038010,-0.042601,0.714560,-0.697241,-0.287282,0.287827,0.030502,0.500851,-0.191779,-0.129850,0.030373,-0.199914,-0.141812,0.168693,-0.040755,0.261800,0.130709,0.073048,-0.091171,-0.186965,0.135840,-0.098381,-0.064554,-0.020069,-0.004096,0.045392,-0.172641,-0.135278,0.093685,0.011267,0.026700,0.008526,-0.013806
-0.201858,0.921268,0.792564,0.036828,-0.040672,0.713069,-0.698944,-0.268615,0.273269,0.032883,0.471006,-0.178994,-0.122669,0.036049,-0.211402,-0.148229,0.167951,-0.018940,0.261800,0.125402,0.069345,-0.086399,-0.170913,0.125019,-0.072751,-0.076321,-0.018536,-0.002477,0.049254,-0.166366,-0.128608,0.081053,0.012928,0.024647,0.010298,-0.020247
-0.198015,0.919736,0.795114,0.035514,-0.038757,0.711582,-0.700633,-0.250146,0.258405,0.034920,0.441014,-0.166153,-0.115505,0.041589,-0.223065,-0.154489,0.167418,0.002708,0.261800,0.120048,0.065643,-0.082166,-0.169766,0.115043,-0.057624,-0.092877,-0.017266,-0.000973,0.054830,-0.171674,-0.124357,0.077267,0.015129,0.023534,0.012604,-0.026923
-0.195115,0.918799,0.796757,0.034277,-0.037734,0.710065,-0.702288,-0.239262,0.249630,0.043250,0.420187,-0.154925,-0.109800,0.044748,-0.232042,-0.163597,0.167106,0.016929,0.261800,0.115101,0.067324,-0.079394,-0.197563,0.131289,-0.074575,-0.073910,-0.023459,0.001269,0.060528,-0.197429,-0.146642,0.094689,0.005023,0.025200,0.013152,-0.031109
-0.191981,0.918019,0.798397,0.033032,-0.036421,0.708480,-0.704016,-0.229108,0.239612,0.050536,0.401022,-0.142641,-0.103313,0.047965,-0.241944,-0.172497,0.167279,0.031787,0.261800,0.110526,0.068206,-0.074894,-0.226952,0.141559,-0.089734,-0.052347,-0.031075,0.001360,0.066153,-0.220020,-0.165907,0.108346,-0.004801,0.027161,0.013789,-0.035281
-0.188849,0.917345,0.800017,0.031857,-0.035005,0.706878,-0.705750,-0.218694,0.229438,0.057752,0.381798,-0.130425,-0.096885,0.051454,-0.251892,-0.181336,0.167594,0.046595,0.261800,0.106114,0.068814,-0.070055,-0.249957,0.144735,-0.098607,-0.030668,-0.037760,0.001542,0.070985,-0.234447,-0.179115,0.115833,-0.015130,0.027493,0.014453,-0.039390
-0.187260,0.917552,0.800613,0.031559,-0.034420,0.706035,-0.706635,-0.213839,0.224497,0.059604,0.371613,-0.126210,-0.091973,0.052681,-0.256122,-0.185089,0.167578,0.053069,0.261800,0.103754,0.068120,-0.063642,-0.270027,0.169184,-0.127487,-0.024337,-0.034813,0.001459,0.067318,-0.251244,-0.198557,0.131642,-0.008816,0.031814,0.015232,-0.039137
-0.185602,0.917941,0.801127,0.031299,-0.033818,0.705242,-0.707468,-0.209721,0.219671,0.061189,0.362678,-0.121337,-0.088737,0.053820,-0.260285,-0.188793,0.167639,0.059576,0.261800,0.100809,0.067535,-0.056742,-0.281699,0.188766,-0.148532,-0.016644,-0.031070,0.002244,0.063122,-0.261131,-0.211608,0.141990,-0.001078,0.035028,0.015160,-0.039066
-0.184024,0.918268,0.801720,0.031083,-0.033200,0.704440,-0.708305,-0.205609,0.214855,0.062722,0.353865,-0.116510,-0.085508,0.055008,-0.264411,-0.192492,0.167730,0.066095,0.261800,0.097778,0.067071,-0.049781,-0.286530,0.203875,-0.162903,-0.006162,-0.026361,0.003401,0.058079,-0.264118,-0.220095,0.147129,0.007395,0.037015,0.014931,-0.039411
-0.184245,0.918244,0.801849,0.030756,-0.032739,0.703738,-0.709038,-0.204924,0.213621,0.063899,0.351798,-0.113732,-0.084875,0.056107,-0.265839,-0.195418,0.167908,0.066687,0.261800,0.098128,0.066552,-0.045667,-0.286460,0.192014,-0.152807,-0.005655,-0.027789,0.002656,0.062509,-0.264594,-0.210474,0.141167,0.013074,0.037024,0.017021,-0.040915
-0.184687,0.918256,0.801953,0.030501,-0.032563,0.703131,-0.709659,-0.204903,0.213295,0.065029,0.350240,-0.111418,-0.084788,0.056834,-0.266419,-0.198296,0.167969,0.066726,0.261800,0.098735,0.066642,-0.041984,-0.283686,0.178020,-0.138435,-0.001912,-0.028529,0.002503,0.066443,-0.261715,-0.198339,0.132004,0.020691,0.036483,0.019303,-0.043176
-0.185037,0.918272,0.802055,0.030250,-0.032410,0.702525,-0.710276,-0.204965,0.213007,0.066135,0.348779,-0.109144,-0.084703,0.057538,-0.266951,-0.201177,0.168016,0.066780,0.261800,0.099334,0.066834,-0.038367,-0.280051,0.162488,-0.120928,0.005392,-0.028899,0.002606,0.070203,-0.256555,-0.184349,0.119841,0.030692,0.035707,0.021647,-0.046275
-0.184840,0.918331,0.802209,0.031027,-0.032337,0.701201,-0.711553,-0.205215,0.213361,0.065854,0.349364,-0.107616,-0.083805,0.060266,-0.266094,-0.202317,0.168063,0.069708,0.261800,0.096807,0.067629,-0.033951,-0.264068,0.149857,-0.129159,-0.016993,-0.027245,0.002112,0.065492,-0.248390,-0.179749,0.121038,0.012794,0.033323,0.019474,-0.044126
-0.184665,0.918359,0.802392,0.031663,-0.032157,0.699905,-0.712809,-0.205555,0.213254,0.065635,0.350232,-0.106404,-0.082834,0.063197,-0.265556,-0.203348,0.167883,0.071628,0.261800,0.094248,0.067978,-0.029717,-0.248561,0.136987,-0.135616,-0.038568,-0.025537,0.002767,0.061096,-0.239050,-0.174636,0.119246,-0.003911,0.031126,0.018126,-0.042990
-0.184490,0.918398,0.802482,0.032313,-0.031962,0.698601,-0.714066,-0.205893,0.213141,0.065397,0.351147,-0.105202,-0.081860,0.066135,-0.265030,-0.204382,0.167772,0.073517,0.261800,0.091733,0.068304,-0.025517,-0.235096,0.123689,-0.141352,-0.058891,-0.024042,0.003587,0.056986,-0.230178,-0.169127,0.115321,-0.018929,0.029266,0.016970,-0.042785
-0.184983,0.918510,0.802306,0.033088,-0.030799,0.699706,-0.713000,-0.203964,0.215212,0.070500,0.354955,-0.105105,-0.082490,0.067248,-0.264978,-0.201444,0.168490,0.071549,0.261800,0.091125,0.068664,-0.019601,-0.220005,0.120019,-0.143854,-0.059292,-0.020161,0.004170,0.047924,-0.218070,-0.156818,0.118635,-0.031586,0.026097,0.016423,-0.033832
-0.185587,0.918749,0.802218,0.033919,-0.029616,0.700880,-0.711856,-0.202001,0.217396,0.074800,0.358858,-0.105312,-0.083076,0.068200,-0.264678,-0.198245,0.169389,0.069358,0.261800,0.090497,0.069170,-0.013712,-0.207561,0.115778,-0.146804,-0.059858,-0.016340,0.004373,0.038880,-0.208618,-0.144404,0.121548,-0.043909,0.023460,0.015919,-0.025520
-0.186089,0.918941,0.802124,0.034807,-0.028399,0.702045,-0.710715,-0.200018,0.219592,0.079067,0.362895,-0.105545,-0.083631,0.069193,-0.264380,-0.195041,0.170385,0.067152,0.261800,0.089877,0.069757,-0.007833,-0.198003,0.110761,-0.150981,-0.061495,-0.012544,0.004608,0.029843,-0.201951,-0.132390,0.124289,-0.057084,0.021405,0.015452,-0.017712
-0.185335,0.919707,0.801987,0.036605,-0.027199,0.703650,-0.709082,-0.197316,0.222545,0.085551,0.368160,-0.107581,-0.083103,0.070277,-0.264249,-0.194092,0.171630,0.068221,0.261800,0.090893,0.069356,-0.002576,-0.177417,0.096749,-0.140736,-0.058586,-0.012953,0.004062,0.030356,-0.189439,-0.130633,0.121695,-0.060695,0.017218,0.015208,-0.016856
-0.184701,0.920563,0.801850,0.038443,-0.026101,0.705261,-0.707423,-0.194815,0.225465,0.091306,0.373384,-0.109757,-0.082257,0.070980,-0.264067,-0.193457,0.172791,0.069752,0.261800,0.092113,0.069219,0.002476,-0.159157,0.081047,-0.132623,-0.057374,-0.013081,0.003540,0.030514,-0.179390,-0.129206,0.119491,-0.066742,0.013125,0.014878,-0.016238
-0.184056,0.921355,0.801706,0.040309,-0.024996,0.706862,-0.705760,-0.192316,0.228401,0.097047,0.378690,-0.111947,-0.081391,0.071688,-0.263873,-0.192822,0.173999,0.071277,0.261800,0.093288,0.069147,0.007491,-0.142839,0.063726,-0.126979,-0.058165,-0.012975,0.003177,0.030926,-0.171685,-0.128002,0.117977,-0.076039,0.009023,0.014844,-0.015951
-0.184095,0.921269,0.801564,0.041127,-0.023569,0.707459,-0.705163,-0.188488,0.228831,0.100372,0.380289,-0.113512,-0.081325,0.074434,-0.264602,-0.189768,0.174598,0.069664,0.261800,0.094737,0.069912,0.009530,-0.135486,0.072333,-0.127918,-0.060158,-0.012611,0.003162,0.029077,-0.158150,-0.126311,0.118609,-0.072959,0.008836,0.014337,-0.014383
-0.184226,0.921088,0.801422,0.041933,-0.022087,0.708020,-0.704601,-0.184489,0.228944,0.103289,0.381470,-0.114544,-0.081279,0.077235,-0.265566,-0.186960,0.175341,0.067844,0.261800,0.095791,0.070404,0.011622,-0.128148,0.079804,-0.129672,-0.064636,-0.012208,0.003368,0.027050,-0.145982,-0.124143,0.119875,-0.072887,0.008263,0.013408,-0.012708
-0.184267,0.921007,0.801280,0.042751,-0.020582,0.708575,-0.704038,-0.180457,0.229039,0.106208,0.382638,-0.115554,-0.081223,0.080047,-0.266561,-0.184153,0.176134,0.066007,0.261800,0.096766,0.070887,0.013706,-0.120444,0.085580,-0.132085,-0.071438,-0.011618,0.003676,0.024748,-0.134691,-0.121865,0.121936,-0.076131,0.007292,0.012421,-0.010966
-0.184307,0.921035,0.801276,0.043754,-0.019207,0.709026,-0.703561,-0.175837,0.229140,0.108558,0.382639,-0.116281,-0.081491,0.083146,-0.266899,-0.182262,0.176453,0.065469,0.261800,0.096754,0.071551,0.015718,-0.109600,0.078384,-0.129524,-0.065708,-0.011633,0.004129,0.025537,-0.128769,-0.114382,0.121492,-0.067757,0.007996,0.014180,-0.007531
-0.184582,0.921114,0.801336,0.044220,-0.018235,0.709456,-0.703125,-0.171387,0.229128,0.110904,0.378933,-0.114586,-0.081786,0.085767,-0.266921,-0.181001,0.173997,0.066662,0.261800,0.096410,0.070922,0.016166,-0.098833,0.069665,-0.129098,-0.060006,-0.011851,0.003767,0.026805,-0.123980,-0.103399,0.122753,-0.059347,0.007403,0.015233,-0.004498
-0.184841,0.921220,0.801357,0.045309,-0.017039,0.709877,-0.702661,-0.166963,0.229957,0.112769,0.378358,-0.114851,-0.082267,0.088719,-0.266541,-0.179485,0.173972,0.066259,0.261800,0.096286,0.071673,0.017963,-0.085785,0.059586,-0.128748,-0.058513,-0.011367,0.003811,0.027180,-0.118834,-0.093495,0.125215,-0.055346,0.006922,0.016605,-0.000362
-0.185825,0.921875,0.801288,0.046028,-0.016537,0.710460,-0.702036,-0.165391,0.233021,0.115662,0.378210,-0.114391,-0.083487,0.089095,-0.264838,-0.178495,0.174232,0.063360,0.261800,0.095388,0.073803,0.018245,-0.089391,0.074066,-0.136586,-0.055533,-0.011197,0.002804,0.024534,-0.122464,-0.099863,0.135867,-0.054375,0.007333,0.016381,0.003027
-0.186826,0.922540,0.801208,0.046788,-0.016087,0.711010,-0.701439,-0.164199,0.236173,0.118428,0.378438,-0.113913,-0.084770,0.089065,-0.262960,-0.177430,0.174867,0.060840,0.261800,0.094524,0.075966,0.019217,-0.092342,0.088799,-0.145452,-0.055497,-0.011624,0.001873,0.021996,-0.126968,-0.106240,0.148293,-0.056152,0.008048,0.016483,0.006978
-0.187734,0.923301,0.801038,0.047557,-0.015637,0.711556,-0.700843,-0.163024,0.239330,0.121182,0.378712,-0.113450,-0.086046,0.089022,-0.261079,-0.176368,0.175529,0.058320,0.261800,0.093648,0.078137,0.020271,-0.093937,0.103577,-0.155552,-0.057991,-0.012061,0.000961,0.019275,-0.131906,-0.112349,0.163075,-0.060027,0.008544,0.016791,0.011987
-0.188533,0.924120,0.800661,0.049046,-0.014414,0.711340,-0.700987,-0.162566,0.241346,0.121096,0.383890,-0.115441,-0.086899,0.090898,-0.259891,-0.174908,0.178981,0.053199,0.261800,0.090756,0.082052,0.024718,-0.091766,0.102731,-0.148138,-0.054168,-0.014220,0.001597,0.021590,-0.125592,-0.122755,0.156846,-0.055701,0.008709,0.016919,0.008259
-0.189317,0.924901,0.800554,0.049757,-0.013450,0.711133,-0.701166,-0.161667,0.242368,0.121821,0.384803,-0.115046,-0.087504,0.092739,-0.259232,-0.174014,0.179087,0.050253,0.261800,0.087883,0.084233,0.026459,-0.088987,0.101413,-0.144058,-0.049857,-0.016197,0.001507,0.024201,-0.118986,-0.130406,0.153595,-0.049937,0.007010,0.016388,0.005105
-0.190165,0.925530,0.800547,0.049575,-0.012753,0.710952,-0.701375,-0.160348,0.242153,0.123353,0.381177,-0.112068,-0.087934,0.094289,-0.259219,-0.173455,0.175988,0.049192,0.261800,0.083850,0.084558,0.025606,-0.084556,0.101722,-0.142105,-0.047105,-0.018348,0.001663,0.027395,-0.113567,-0.135200,0.154753,-0.042926,0.004027,0.016172,0.002081
-0.190458,0.926236,0.800603,0.049609,-0.012208,0.710198,-0.702146,-0.160344,0.241554,0.124590,0.379629,-0.109104,-0.087670,0.095513,-0.259659,-0.173212,0.175493,0.048562,0.261800,0.079650,0.085633,0.025341,-0.091193,0.104040,-0.153801,-0.039486,-0.016593,0.003376,0.023573,-0.112781,-0.138955,0.153303,-0.036346,0.005365,0.016488,-0.000174
-0.190702,0.927010,0.800653,0.049669,-0.011624,0.709436,-0.702922,-0.160449,0.240782,0.125541,0.378247,-0.106440,-0.087052,0.096577,-0.260175,-0.173016,0.175282,0.048001,0.261800,0.076367,0.086304,0.025542,-0.099240,0.106836,-0.168630,-0.031910,-0.014830,0.004885,0.019418,-0.111859,-0.144674,0.152573,-0.030483,0.006763,0.016866,-0.001697
-0.191031,0.927787,0.800702,0.049731,-0.011034,0.708676,-0.703693,-0.160543,0.240004,0.126510,0.376878,-0.103781,-0.086426,0.097629,-0.260702,-0.172796,0.175107,0.047426,0.261800,0.073396,0.086923,0.025813,-0.107633,0.110313,-0.185628,-0.024276,-0.012943,0.006346,0.014962,-0.110794,-0.152216,0.153103,-0.024910,0.007957,0.017249,-0.002748
-0.190724,0.928292,0.800551,0.050999,-0.010120,0.708564,-0.703728,-0.158726,0.240623,0.126734,0.378560,-0.105658,-0.085814,0.099150,-0.260608,-0.172226,0.177964,0.045653,0.261800,0.072312,0.089169,0.028279,-0.104991,0.113740,-0.179693,0.002099,-0.012431,0.004724,0.022429,-0.109208,-0.153796,0.154980,-0.021822,0.009012,0.019109,-0.003491
-0.190668,0.928727,0.800594,0.051502,-0.009587,0.708539,-0.703725,-0.156358,0.240424,0.127611,0.376080,-0.105451,-0.085141,0.100490,-0.260762,-0.172416,0.177463,0.046145,0.261800,0.068699,0.090308,0.028163,-0.099800,0.119286,-0.173385,0.029916,-0.011727,0.003207,0.030530,-0.109657,-0.152465,0.162034,-0.015481,0.008914,0.021566,-0.005206
-0.190621,0.929153,0.800729,0.051965,-0.009062,0.708502,-0.703735,-0.153978,0.240156,0.128484,0.373417,-0.105149,-0.084470,0.101809,-0.260957,-0.172651,0.176906,0.046653,0.261800,0.064681,0.091387,0.027960,-0.094313,0.125471,-0.167305,0.060084,-0.010958,0.001666,0.038572,-0.110221,-0.151708,0.170596,-0.007762,0.008688,0.023932,-0.006892
-0.190145,0.929381,0.800874,0.051553,-0.009063,0.707851,-0.704419,-0.152446,0.238261,0.130528,0.367380,-0.101978,-0.084030,0.103193,-0.262315,-0.174595,0.173820,0.048536,0.261800,0.061375,0.091011,0.026915,-0.094033,0.129749,-0.175118,0.046425,-0.014314,0.000340,0.039428,-0.112486,-0.156144,0.178183,-0.005056,0.009777,0.024892,-0.006217
-0.189819,0.929651,0.800982,0.051865,-0.008904,0.707183,-0.705069,-0.151492,0.237808,0.132046,0.365186,-0.101755,-0.082813,0.104626,-0.262780,-0.175872,0.173465,0.048637,0.261800,0.059041,0.091971,0.028264,-0.093677,0.134701,-0.182160,0.033448,-0.017874,0.000157,0.039818,-0.113418,-0.163341,0.184064,-0.002950,0.011751,0.025569,-0.004476
-0.189392,0.929926,0.801071,0.052271,-0.008743,0.706524,-0.705702,-0.150652,0.237543,0.133486,0.363547,-0.101842,-0.081613,0.106114,-0.263117,-0.177104,0.173279,0.048639,0.261800,0.056971,0.093163,0.029920,-0.092383,0.139504,-0.188041,0.023242,-0.021371,0.000040,0.040396,-0.113021,-0.170652,0.189334,0.000184,0.013809,0.026334,-0.002469
-0.189406,0.930412,0.800950,0.052562,-0.008394,0.705962,-0.706247,-0.150342,0.237244,0.134470,0.363060,-0.102037,-0.081044,0.107519,-0.263018,-0.177847,0.172775,0.050493,0.261800,0.055991,0.093817,0.030913,-0.089491,0.144595,-0.188270,0.022328,-0.022036,0.001272,0.043534,-0.107740,-0.170304,0.184599,0.000088,0.015908,0.027237,-0.007274
-0.189272,0.930841,0.800851,0.052839,-0.008085,0.705405,-0.706786,-0.150087,0.236989,0.135307,0.362528,-0.102276,-0.080424,0.108845,-0.263342,-0.178660,0.172238,0.050256,0.261800,0.055443,0.094393,0.031712,-0.085012,0.148711,-0.186548,0.024081,-0.022501,0.001934,0.047007,-0.099928,-0.168707,0.178101,0.000844,0.017936,0.028209,-0.012171
-0.189230,0.931263,0.800838,0.053100,-0.007781,0.704848,-0.707325,-0.149858,0.236725,0.136149,0.362007,-0.102529,-0.079805,0.110098,-0.263686,-0.179462,0.171794,0.049959,0.261800,0.055042,0.094975,0.032479,-0.078547,0.151793,-0.182083,0.027600,-0.022974,0.002213,0.050767,-0.089886,-0.165395,0.169730,0.002686,0.020141,0.029003,-0.017139
-0.188284,0.931812,0.800886,0.053604,-0.007933,0.704601,-0.707532,-0.152474,0.236466,0.136417,0.365674,-0.102248,-0.077040,0.110419,-0.263581,-0.180499,0.171271,0.052579,0.261800,0.053914,0.094838,0.032180,-0.084534,0.149018,-0.195030,0.027445,-0.022260,0.003151,0.048686,-0.091896,-0.164221,0.173566,0.001866,0.019156,0.030185,-0.018536
-0.187178,0.932488,0.800818,0.054322,-0.008403,0.704300,-0.707771,-0.154901,0.237293,0.137762,0.369133,-0.104253,-0.074321,0.110414,-0.262902,-0.180760,0.170878,0.055299,0.261800,0.052944,0.095904,0.031938,-0.089184,0.144589,-0.205524,0.028478,-0.021862,0.004258,0.047027,-0.091878,-0.161737,0.175123,0.001952,0.018748,0.031401,-0.020416
-0.186063,0.933081,0.800748,0.055072,-0.008880,0.704009,-0.707997,-0.157384,0.238187,0.139088,0.372773,-0.106346,-0.071598,0.110434,-0.262170,-0.180993,0.170456,0.058047,0.261800,0.052064,0.097111,0.031757,-0.092190,0.139222,-0.214012,0.030229,-0.021473,0.005178,0.045609,-0.089679,-0.157691,0.174630,0.002672,0.018584,0.032478,-0.022742
-0.186646,0.933392,0.800358,0.054914,-0.008311,0.704119,-0.707907,-0.158419,0.238579,0.140242,0.375374,-0.106632,-0.074349,0.110733,-0.262699,-0.180127,0.169939,0.054599,0.261800,0.053116,0.096690,0.031575,-0.093313,0.144212,-0.220553,0.025081,-0.021459,0.005968,0.043465,-0.095464,-0.165758,0.181231,0.001467,0.016506,0.032054,-0.019519
-0.187367,0.933718,0.800067,0.054767,-0.007667,0.704197,-0.707848,-0.159279,0.238740,0.140964,0.377956,-0.106984,-0.075053,0.111047,-0.263232,-0.179209,0.169783,0.050975,0.261800,0.053480,0.096405,0.031974,-0.093304,0.150470,-0.226591,0.018656,-0.021756,0.007285,0.041571,-0.101266,-0.173682,0.188358,0.000539,0.014908,0.031828,-0.016730
-0.188003,0.934046,0.799775,0.054629,-0.007005,0.704266,-0.707796,-0.160090,0.238885,0.141671,0.380516,-0.107322,-0.075754,0.111401,-0.263781,-0.178308,0.169663,0.047328,0.261800,0.053612,0.096122,0.032461,-0.093490,0.158326,-0.234702,0.011814,-0.022292,0.008814,0.040031,-0.107367,-0.182574,0.196928,-0.000018,0.013507,0.031908,-0.014446
-0.187369,0.934846,0.799788,0.055486,-0.007287,0.703390,-0.708598,-0.162428,0.239473,0.141008,0.382815,-0.107980,-0.073738,0.112211,-0.262492,-0.179091,0.169699,0.048674,0.261800,0.054265,0.096162,0.032740,-0.098044,0.162566,-0.245588,0.007480,-0.022614,0.010569,0.038178,-0.110276,-0.184759,0.202822,0.003099,0.014750,0.034555,-0.014583
-0.186701,0.935618,0.799741,0.056239,-0.007576,0.702440,-0.709477,-0.164973,0.239911,0.140613,0.385331,-0.108215,-0.071894,0.113190,-0.261531,-0.179784,0.169375,0.050261,0.261800,0.055228,0.096015,0.033138,-0.105171,0.170193,-0.263469,0.003524,-0.023394,0.012381,0.036945,-0.114905,-0.190815,0.212837,0.006838,0.016121,0.037967,-0.015205
-0.186032,0.936391,0.799695,0.056994,-0.007860,0.701492,-0.710351,-0.167516,0.240349,0.140217,0.387838,-0.108444,-0.070050,0.114172,-0.260573,-0.180473,0.169036,0.051863,0.261800,0.056305,0.095865,0.033531,-0.115336,0.182741,-0.289881,-0.000514,-0.024864,0.014653,0.036635,-0.122510,-0.202386,0.228923,0.011071,0.017931,0.042557,-0.016384
-0.186374,0.936891,0.799723,0.057952,-0.008585,0.701530,-0.710228,-0.168667,0.244316,0.141419,0.388834,-0.108524,-0.071220,0.114258,-0.256940,-0.180804,0.168253,0.053033,0.261800,0.055168,0.094163,0.033931,-0.122396,0.192968,-0.308809,0.018716,-0.027573,0.018245,0.045168,-0.131383,-0.221291,0.246638,0.013501,0.020956,0.047446,-0.019798
-0.185871,0.937212,0.799673,0.058404,-0.008654,0.701357,-0.710360,-0.169178,0.245033,0.143415,0.390004,-0.109242,-0.070230,0.114880,-0.256662,-0.180849,0.167611,0.054138,0.261800,0.053090,0.092424,0.034103,-0.133038,0.206643,-0.337870,0.041081,-0.030450,0.021104,0.054932,-0.144140,-0.249210,0.273387,0.016156,0.024833,0.054134,-0.023698
-0.185457,0.937543,0.799715,0.058844,-0.008677,0.701182,-0.710497,-0.169537,0.245643,0.145466,0.390959,-0.109837,-0.069221,0.115483,-0.256485,-0.180875,0.167102,0.055178,0.261800,0.050988,0.090668,0.034327,-0.147584,0.225886,-0.377116,0.065249,-0.034063,0.024472,0.065966,-0.160932,-0.284407,0.308136,0.019516,0.029476,0.062582,-0.028191
-0.185614,0.938482,0.799430,0.059755,-0.007978,0.700539,-0.711063,-0.169996,0.245957,0.144683,0.392980,-0.109902,-0.067774,0.117504,-0.256075,-0.182354,0.167165,0.054410,0.261800,0.052300,0.089535,0.034009,-0.172099,0.266743,-0.437437,0.084893,-0.037072,0.027267,0.071575,-0.191280,-0.336577,0.363855,0.020849,0.031397,0.072511,-0.024294
-0.185686,0.939434,0.799226,0.060787,-0.007239,0.699870,-0.711642,-0.170275,0.246434,0.143831,0.395028,-0.110104,-0.066883,0.119657,-0.255639,-0.183602,0.167351,0.053225,0.261800,0.053220,0.088499,0.034172,-0.198249,0.311258,-0.502794,0.105248,-0.040846,0.031223,0.077890,-0.224414,-0.392872,0.424366,0.022789,0.033902,0.083641,-0.020359
-0.185849,0.940388,0.799019,0.061836,-0.006478,0.699195,-0.712223,-0.170495,0.246912,0.142968,0.397081,-0.110315,-0.066000,0.121870,-0.255203,-0.184860,0.167551,0.052018,0.261800,0.054022,0.087468,0.034431,-0.224684,0.356433,-0.569654,0.127082,-0.044641,0.035642,0.084347,-0.258305,-0.450544,0.486467,0.025168,0.036527,0.095245,-0.016301
-0.187492,0.940619,0.798737,0.063057,-0.006342,0.698711,-0.712592,-0.171877,0.251536,0.141938,0.402139,-0.111871,-0.070523,0.124508,-0.251161,-0.185749,0.167325,0.047766,0.261800,0.056663,0.086754,0.035503,-0.241752,0.396510,-0.624729,0.140299,-0.052016,0.040403,0.093416,-0.285884,-0.499264,0.537462,0.027791,0.041654,0.106564,-0.018252
-0.188806,0.940650,0.798277,0.064037,-0.006018,0.698192,-0.713015,-0.173374,0.255088,0.141094,0.407688,-0.114363,-0.072882,0.127341,-0.248491,-0.187464,0.167025,0.042981,0.261800,0.059112,0.085868,0.036148,-0.255591,0.432287,-0.673478,0.152946,-0.058784,0.045454,0.101486,-0.310303,-0.544036,0.583648,0.030136,0.046282,0.117019,-0.019672
-0.190124,0.940675,0.797816,0.064998,-0.005705,0.697673,-0.713439,-0.174909,0.258625,0.140248,0.413221,-0.116851,-0.075247,0.130109,-0.245830,-0.189171,0.166773,0.038166,0.261800,0.061543,0.084966,0.036727,-0.265741,0.462384,-0.713310,0.164910,-0.064719,0.050171,0.108074,-0.330776,-0.582254,0.622609,0.032195,0.050285,0.126162,-0.020452
-0.191118,0.941505,0.797155,0.066567,-0.005458,0.698093,-0.712885,-0.179069,0.264130,0.139818,0.425106,-0.120444,-0.075286,0.131308,-0.242035,-0.188038,0.166508,0.032958,0.261800,0.063679,0.083689,0.038826,-0.276736,0.486051,-0.756076,0.165359,-0.067917,0.053428,0.108783,-0.348850,-0.610097,0.653728,0.035074,0.053916,0.133454,-0.021695
-0.192132,0.942240,0.796322,0.068294,-0.005434,0.698563,-0.712261,-0.183359,0.270169,0.139076,0.437090,-0.125770,-0.077055,0.132275,-0.237821,-0.187018,0.166360,0.027827,0.261800,0.066282,0.082903,0.040733,-0.283980,0.503682,-0.789805,0.163509,-0.070559,0.056933,0.108551,-0.362225,-0.630490,0.676090,0.037355,0.056899,0.139471,-0.022522
-0.193049,0.942968,0.795565,0.070037,-0.005437,0.699038,-0.711625,-0.187747,0.276269,0.138263,0.449255,-0.131196,-0.078840,0.133246,-0.233532,-0.185965,0.166179,0.022706,0.261800,0.069017,0.082191,0.042596,-0.287837,0.515950,-0.815015,0.160114,-0.072521,0.060073,0.107015,-0.371631,-0.644350,0.691108,0.039182,0.059280,0.144130,-0.022884
-0.194499,0.943666,0.794339,0.072219,-0.006109,0.700003,-0.710452,-0.195888,0.286659,0.137881,0.468179,-0.138201,-0.081416,0.133511,-0.226151,-0.183234,0.165578,0.014399,0.261800,0.072295,0.082652,0.044771,-0.289419,0.523270,-0.824256,0.165009,-0.074522,0.063406,0.109002,-0.380519,-0.647376,0.692667,0.037712,0.061372,0.148348,-0.027464
-0.195800,0.944423,0.793040,0.074352,-0.006778,0.700932,-0.709310,-0.204589,0.296658,0.137362,0.488186,-0.145796,-0.083629,0.133772,-0.219285,-0.180534,0.165033,0.006189,0.261800,0.075445,0.083405,0.046906,-0.289329,0.526840,-0.828491,0.169859,-0.075977,0.065902,0.110245,-0.387357,-0.647157,0.690383,0.035784,0.063191,0.152016,-0.031867
-0.197085,0.945087,0.791811,0.076508,-0.007465,0.701865,-0.708149,-0.213408,0.306675,0.136673,0.508354,-0.153466,-0.085857,0.134053,-0.212358,-0.177768,0.164505,-0.002031,0.261800,0.078623,0.084283,0.049001,-0.288050,0.528369,-0.829634,0.174264,-0.077158,0.068098,0.110982,-0.392811,-0.644665,0.685535,0.033653,0.064847,0.155208,-0.036150
-0.199196,0.946564,0.789747,0.078610,-0.008261,0.703380,-0.706405,-0.225548,0.317499,0.131026,0.532047,-0.162397,-0.090752,0.132036,-0.203712,-0.170837,0.163505,-0.016753,0.261800,0.082418,0.086150,0.052509,-0.292465,0.533668,-0.839908,0.174162,-0.076265,0.068637,0.107433,-0.401289,-0.639648,0.686575,0.026670,0.064626,0.156517,-0.037211
-0.201501,0.948076,0.787649,0.080928,-0.009327,0.705006,-0.704507,-0.238256,0.329514,0.124943,0.556317,-0.171758,-0.095083,0.129755,-0.193867,-0.163607,0.162842,-0.031781,0.261800,0.086546,0.088441,0.056088,-0.296710,0.539023,-0.849387,0.173317,-0.075571,0.069399,0.103726,-0.409363,-0.633687,0.686442,0.019558,0.064360,0.157791,-0.038200
-0.203872,0.949647,0.785529,0.083260,-0.010391,0.706628,-0.702593,-0.251042,0.341500,0.118532,0.580732,-0.181259,-0.099456,0.127601,-0.183988,-0.156237,0.162208,-0.046838,0.261800,0.090730,0.090790,0.059615,-0.300732,0.544082,-0.858463,0.172248,-0.074870,0.070209,0.099963,-0.417113,-0.627446,0.685810,0.012369,0.064057,0.158994,-0.039146
-0.205536,0.950732,0.783043,0.084689,-0.011490,0.708685,-0.700330,-0.264257,0.350834,0.110741,0.605569,-0.191750,-0.106480,0.124375,-0.176406,-0.147942,0.161127,-0.065447,0.261800,0.093024,0.092113,0.062765,-0.302328,0.545845,-0.858914,0.170925,-0.076733,0.070324,0.100085,-0.416912,-0.616958,0.676674,0.013168,0.065703,0.159197,-0.044539
-0.207587,0.951739,0.780562,0.086299,-0.012891,0.710756,-0.698006,-0.277488,0.362337,0.105332,0.629805,-0.202859,-0.111188,0.120820,-0.167461,-0.139504,0.160432,-0.084430,0.261800,0.095544,0.093545,0.065522,-0.303861,0.548115,-0.859537,0.169633,-0.078618,0.070273,0.100234,-0.416490,-0.605711,0.667246,0.014478,0.067106,0.158881,-0.049929
-0.209547,0.952799,0.777989,0.087910,-0.014280,0.712824,-0.695665,-0.290678,0.373791,0.099631,0.653978,-0.213999,-0.115932,0.117411,-0.158490,-0.130918,0.159808,-0.103483,0.261800,0.098128,0.094961,0.068176,-0.305277,0.550373,-0.860204,0.168312,-0.080512,0.070209,0.100388,-0.415979,-0.594428,0.657812,0.015820,0.068463,0.158446,-0.055294
-0.209717,0.954124,0.776328,0.089070,-0.014945,0.713792,-0.694510,-0.298977,0.379128,0.097222,0.668287,-0.221737,-0.116914,0.107553,-0.155897,-0.125932,0.174955,-0.116798,0.261800,0.098233,0.097386,0.070873,-0.310157,0.546669,-0.858801,0.169899,-0.081220,0.070434,0.101476,-0.416160,-0.587520,0.650375,0.022507,0.068854,0.159112,-0.059267
-0.210209,0.955595,0.774808,0.090031,-0.015568,0.714784,-0.693351,-0.306921,0.384408,0.094673,0.680741,-0.227730,-0.117808,0.096492,-0.153040,-0.121069,0.191685,-0.130931,0.261800,0.098302,0.098859,0.073762,-0.315506,0.543312,-0.857242,0.172198,-0.081771,0.070276,0.102485,-0.417117,-0.579728,0.643049,0.029936,0.069195,0.159526,-0.063383
-0.210810,0.957078,0.773405,0.090930,-0.016162,0.715769,-0.692204,-0.314793,0.389519,0.092123,0.692896,-0.233539,-0.118679,0.085202,-0.150248,-0.116277,0.208845,-0.145277,0.261800,0.098295,0.100102,0.076661,-0.320853,0.540051,-0.855634,0.174586,-0.082321,0.070016,0.103475,-0.418233,-0.571762,0.635777,0.037538,0.069538,0.159840,-0.067517
-0.209507,0.957517,0.772732,0.090711,-0.016352,0.716385,-0.691590,-0.318439,0.389426,0.094065,0.699091,-0.237660,-0.117840,0.079591,-0.151797,-0.111041,0.215795,-0.148560,0.261800,0.096266,0.100136,0.076374,-0.325969,0.540214,-0.854198,0.177092,-0.083707,0.069930,0.103411,-0.421677,-0.570016,0.637051,0.045110,0.069441,0.160512,-0.064663
-0.209114,0.958131,0.772213,0.091086,-0.016854,0.717169,-0.690716,-0.321499,0.391592,0.094166,0.703907,-0.240249,-0.117534,0.074711,-0.150396,-0.106963,0.221425,-0.151207,0.261800,0.094288,0.100363,0.076713,-0.330976,0.542035,-0.852217,0.179175,-0.085192,0.069837,0.103070,-0.425963,-0.566800,0.638559,0.053066,0.069362,0.161324,-0.061802
-0.208717,0.958744,0.771696,0.091544,-0.017347,0.717940,-0.689841,-0.324461,0.393862,0.094164,0.708797,-0.242896,-0.117244,0.070142,-0.148854,-0.102961,0.226756,-0.153719,0.261800,0.092131,0.100673,0.077212,-0.335866,0.544019,-0.850093,0.181100,-0.086716,0.069780,0.102710,-0.430418,-0.563404,0.640195,0.061183,0.069235,0.162113,-0.058939
-0.208440,0.959568,0.771849,0.090762,-0.017283,0.718809,-0.689040,-0.324859,0.392846,0.096803,0.707141,-0.240374,-0.115350,0.066726,-0.150128,-0.099892,0.226790,-0.152350,0.261800,0.088867,0.100324,0.077740,-0.341231,0.545668,-0.848423,0.182010,-0.085354,0.069822,0.103268,-0.434874,-0.563551,0.641136,0.049867,0.068043,0.162255,-0.059669
-0.208377,0.960347,0.772152,0.089964,-0.017131,0.719693,-0.688226,-0.324734,0.392078,0.099542,0.704538,-0.237246,-0.113849,0.063594,-0.151131,-0.097604,0.226340,-0.150833,0.261800,0.086005,0.099621,0.078586,-0.346951,0.547622,-0.846990,0.182779,-0.083817,0.069954,0.103801,-0.438527,-0.564135,0.641457,0.036437,0.066952,0.163777,-0.060729
-0.208319,0.961210,0.772374,0.089175,-0.016950,0.720573,-0.687412,-0.324496,0.391278,0.102326,0.701858,-0.234100,-0.112347,0.060555,-0.152148,-0.095316,0.225819,-0.149295,0.261800,0.083267,0.098870,0.079501,-0.352793,0.549576,-0.845704,0.183536,-0.082292,0.070112,0.104337,-0.441951,-0.564822,0.641547,0.022614,0.065838,0.165598,-0.061793
-0.208479,0.961444,0.772912,0.087020,-0.017140,0.721871,-0.686321,-0.323182,0.390091,0.108539,0.694748,-0.230262,-0.114172,0.055530,-0.155071,-0.094115,0.224798,-0.145717,0.261800,0.080695,0.097470,0.079345,-0.361298,0.552041,-0.835324,0.183880,-0.084000,0.069964,0.108744,-0.438452,-0.570744,0.635885,0.025799,0.069471,0.166888,-0.064065
-0.208716,0.961695,0.773496,0.084817,-0.017351,0.723179,-0.685214,-0.321736,0.388563,0.114116,0.687330,-0.226691,-0.113449,0.050218,-0.157622,-0.092646,0.224053,-0.143388,0.261800,0.078340,0.096048,0.078997,-0.370070,0.554541,-0.825256,0.184293,-0.085889,0.069839,0.113135,-0.435210,-0.576537,0.630080,0.030111,0.073309,0.167113,-0.066204
-0.208958,0.961944,0.774081,0.082605,-0.017554,0.724481,-0.684102,-0.320300,0.386992,0.119678,0.679881,-0.223102,-0.112744,0.044839,-0.160188,-0.091155,0.223394,-0.141099,0.261800,0.075992,0.094602,0.078614,-0.378867,0.557077,-0.815242,0.184721,-0.087806,0.069704,0.117534,-0.432023,-0.582285,0.624230,0.034634,0.077163,0.167136,-0.068302
-0.209296,0.962695,0.774112,0.079963,-0.017852,0.726908,-0.681830,-0.320203,0.387800,0.128799,0.674857,-0.221414,-0.114166,0.031122,-0.163107,-0.085823,0.233482,-0.144592,0.261800,0.071475,0.096970,0.081391,-0.388717,0.552516,-0.792100,0.189615,-0.089282,0.070384,0.129463,-0.429427,-0.597591,0.611557,0.025446,0.085394,0.167233,-0.073945
-0.209924,0.963028,0.774752,0.075749,-0.018883,0.729377,-0.679643,-0.320556,0.387069,0.139092,0.664472,-0.217013,-0.114275,0.019135,-0.166386,-0.081462,0.233770,-0.143268,0.261800,0.065831,0.092051,0.077477,-0.395830,0.555110,-0.772144,0.193975,-0.092378,0.070267,0.142153,-0.424961,-0.600940,0.598606,0.022231,0.087846,0.166358,-0.079803
-0.210321,0.963819,0.774837,0.072663,-0.019534,0.731822,-0.677329,-0.321751,0.387616,0.148006,0.659217,-0.215148,-0.114343,0.003784,-0.169149,-0.076012,0.244820,-0.147334,0.261800,0.061168,0.093729,0.078657,-0.405286,0.551535,-0.749026,0.198802,-0.093959,0.070601,0.154231,-0.421947,-0.615173,0.585778,0.012987,0.095618,0.166759,-0.085571
-0.209077,0.964321,0.774670,0.067520,-0.021926,0.738444,-0.670568,-0.330243,0.384260,0.145258,0.663886,-0.214680,-0.117063,-0.023593,-0.171883,-0.062220,0.256949,-0.146029,0.261800,0.053768,0.095294,0.080464,-0.406829,0.566110,-0.718254,0.224072,-0.098263,0.067436,0.169485,-0.420703,-0.615631,0.561737,0.017012,0.102492,0.164790,-0.104938
-0.208114,0.964937,0.774425,0.062444,-0.024754,0.745054,-0.663613,-0.339880,0.382379,0.141778,0.668730,-0.213973,-0.120685,-0.052037,-0.172811,-0.048658,0.269686,-0.144883,0.261800,0.046280,0.097418,0.081603,-0.408263,0.581544,-0.687277,0.249528,-0.102877,0.063787,0.184583,-0.420025,-0.615330,0.538062,0.021772,0.109380,0.162351,-0.124313
-0.207042,0.965605,0.774189,0.057379,-0.027562,0.751583,-0.656560,-0.349733,0.380659,0.138217,0.673692,-0.213259,-0.124332,-0.080624,-0.173275,-0.034995,0.282611,-0.143808,0.261800,0.038739,0.099923,0.082690,-0.409622,0.597111,-0.656209,0.274950,-0.107696,0.060077,0.199616,-0.419460,-0.615180,0.514475,0.026608,0.116313,0.159729,-0.143602
-0.205599,0.967339,0.772992,0.051605,-0.029890,0.760434,-0.646671,-0.361696,0.376304,0.128045,0.684042,-0.217267,-0.130144,-0.118163,-0.173071,-0.015698,0.302456,-0.145299,0.261800,0.030849,0.101243,0.086879,-0.400973,0.604660,-0.611676,0.307645,-0.121278,0.053461,0.226327,-0.419546,-0.613044,0.498855,0.000125,0.119494,0.157516,-0.160245
-0.204183,0.969163,0.771721,0.045750,-0.032289,0.769134,-0.636629,-0.374452,0.372059,0.117660,0.694843,-0.221372,-0.136005,-0.156470,-0.172079,0.003685,0.323183,-0.147193,0.261800,0.022864,0.103160,0.090710,-0.392449,0.612390,-0.566403,0.340623,-0.134984,0.046113,0.252108,-0.419327,-0.611070,0.483393,-0.026817,0.122426,0.155482,-0.176855
-0.202545,0.971029,0.770482,0.039926,-0.034640,0.777699,-0.626411,-0.387451,0.367968,0.107268,0.705791,-0.225529,-0.142005,-0.194977,-0.170248,0.023116,0.344316,-0.149243,0.261800,0.015086,0.105460,0.094589,-0.384328,0.620407,-0.521139,0.373632,-0.148940,0.038495,0.277501,-0.419027,-0.608935,0.467856,-0.053770,0.125093,0.153412,-0.193435
-0.201110,0.972213,0.768563,0.035405,-0.038458,0.783607,-0.619054,-0.404456,0.370114,0.102190,0.720812,-0.236457,-0.144711,-0.227693,-0.163933,0.040883,0.362487,-0.151436,0.261800,0.005416,0.111229,0.097423,-0.367862,0.643722,-0.495929,0.369562,-0.153072,0.031284,0.289492,-0.411516,-0.606541,0.447147,-0.069311,0.126727,0.151188,-0.210842
-0.199631,0.973441,0.766595,0.031024,-0.042469,0.789496,-0.611498,-0.421375,0.373248,0.096825,0.735695,-0.247594,-0.147706,-0.260005,-0.156201,0.058050,0.380331,-0.153567,0.261800,-0.003823,0.117288,0.100064,-0.350112,0.667299,-0.470278,0.363864,-0.157084,0.025262,0.301794,-0.403326,-0.603481,0.425994,-0.084871,0.127870,0.148573,-0.227959
-0.198144,0.974656,0.764646,0.026650,-0.046496,0.795304,-0.603837,-0.438322,0.376590,0.091309,0.750578,-0.258748,-0.150743,-0.292198,-0.147796,0.074896,0.398400,-0.155825,0.261800,-0.012997,0.123637,0.102769,-0.331824,0.690354,-0.443993,0.358137,-0.160957,0.019320,0.314172,-0.395015,-0.600296,0.404842,-0.100558,0.128802,0.145908,-0.244989
-0.196617,0.976809,0.762094,0.025010,-0.049423,0.798333,-0.599663,-0.456051,0.382467,0.088563,0.769276,-0.270525,-0.150860,-0.316811,-0.140247,0.084923,0.417874,-0.160088,0.261800,-0.018930,0.132048,0.105606,-0.318615,0.710230,-0.426426,0.350384,-0.160668,0.014494,0.323588,-0.388925,-0.590455,0.384581,-0.113900,0.130512,0.143731,-0.260834
-0.195103,0.979045,0.759495,0.023575,-0.052240,0.801335,-0.595464,-0.473258,0.388421,0.085555,0.787888,-0.282306,-0.150965,-0.340745,-0.132428,0.094481,0.437385,-0.164452,0.261800,-0.024587,0.140593,0.109100,-0.305695,0.729670,-0.408949,0.342992,-0.160297,0.009678,0.333098,-0.382779,-0.580514,0.363985,-0.127343,0.131988,0.141427,-0.276554
-0.193531,0.981351,0.757016,0.022181,-0.055044,0.804308,-0.591241,-0.490382,0.394425,0.082294,0.806451,-0.294030,-0.151112,-0.364511,-0.124346,0.103621,0.457161,-0.169011,0.261800,-0.030190,0.149270,0.112805,-0.292590,0.748708,-0.391163,0.335761,-0.159813,0.004860,0.342655,-0.376610,-0.570514,0.343448,-0.140942,0.133314,0.139079,-0.292207
-0.191932,0.982771,0.754559,0.024052,-0.057388,0.802724,-0.593096,-0.506396,0.399286,0.076286,0.825120,-0.304545,-0.148725,-0.374279,-0.121253,0.098399,0.475462,-0.174884,0.261800,-0.033038,0.155103,0.111979,-0.293000,0.774603,-0.393819,0.318444,-0.156469,0.003397,0.338458,-0.367947,-0.567339,0.322035,-0.152432,0.135111,0.138389,-0.301160
-0.190884,0.984128,0.752157,0.026388,-0.059560,0.801118,-0.594951,-0.521370,0.404794,0.068978,0.843341,-0.314809,-0.146747,-0.382418,-0.116367,0.095224,0.493425,-0.182387,0.261800,-0.034722,0.160485,0.111925,-0.295040,0.800963,-0.398347,0.301618,-0.153415,0.002188,0.334198,-0.358107,-0.563585,0.299034,-0.164298,0.136794,0.137482,-0.309808
-0.189817,0.985573,0.749782,0.028775,-0.061616,0.799519,-0.596779,-0.536231,0.410148,0.061495,0.861525,-0.325018,-0.144785,-0.390477,-0.111621,0.091900,0.511510,-0.189968,0.261800,-0.036161,0.165803,0.112123,-0.297524,0.827150,-0.403270,0.285018,-0.150415,0.000963,0.329993,-0.348087,-0.559738,0.275798,-0.176404,0.138382,0.136563,-0.318359
-0.190264,0.986752,0.748080,0.031400,-0.062993,0.791823,-0.606682,-0.527298,0.423665,0.028641,0.860556,-0.334586,-0.173679,-0.388789,-0.115494,0.077819,0.530941,-0.201436,0.261800,-0.033844,0.168129,0.106492,-0.307101,0.845511,-0.407601,0.269658,-0.150572,0.001770,0.323512,-0.331338,-0.569427,0.234653,-0.197858,0.137975,0.135249,-0.332228
-0.191154,0.987851,0.746330,0.034725,-0.063994,0.783923,-0.616574,-0.515929,0.438041,-0.004181,0.858092,-0.343550,-0.202760,-0.386046,-0.118501,0.062919,0.551406,-0.213871,0.261800,-0.030339,0.170850,0.102538,-0.319358,0.863357,-0.414167,0.255136,-0.150643,0.002688,0.317030,-0.312701,-0.579056,0.191240,-0.220989,0.137578,0.134379,-0.346027
-0.192576,0.987000,0.744140,0.034902,-0.060415,0.774079,-0.629232,-0.500912,0.438390,-0.031978,0.860752,-0.359110,-0.229368,-0.391421,-0.135404,0.051378,0.600765,-0.246614,0.261800,-0.033254,0.184317,0.104075,-0.332624,0.855108,-0.414430,0.238654,-0.150117,0.004954,0.313549,-0.302382,-0.620554,0.148996,-0.242910,0.143493,0.133285,-0.359070
-0.193175,0.986397,0.743787,0.034474,-0.061893,0.762627,-0.642948,-0.487741,0.447142,-0.069233,0.825531,-0.349947,-0.261796,-0.381096,-0.148494,0.029497,0.605398,-0.256128,0.261800,-0.019134,0.179136,0.090815,-0.338899,0.865288,-0.431848,0.212810,-0.148574,0.006705,0.300340,-0.305113,-0.665291,0.125806,-0.258066,0.147155,0.135820,-0.355758
-0.187345,0.991507,0.746975,0.026794,-0.060713,0.749115,-0.659107,-0.481465,0.423529,-0.090059,0.775639,-0.322454,-0.261800,-0.373791,-0.182114,0.009611,0.578185,-0.237094,0.261800,-0.010812,0.166281,0.078991,-0.351244,0.870022,-0.446819,0.185995,-0.147655,0.009115,0.288338,-0.315188,-0.714579,0.101117,-0.269513,0.149732,0.136836,-0.351307
-0.181730,0.996401,0.750313,0.018914,-0.059472,0.735998,-0.674101,-0.471284,0.401310,-0.109005,0.726849,-0.296760,-0.261800,-0.365369,-0.215523,-0.008860,0.549061,-0.217040,0.261800,-0.001462,0.153122,0.066854,-0.362166,0.873895,-0.461153,0.159880,-0.146747,0.011457,0.276499,-0.325171,-0.764110,0.077637,-0.279403,0.152204,0.137258,-0.346721
-0.180616,0.998851,0.754936,0.013855,-0.058010,0.724513,-0.686676,-0.458354,0.378113,-0.130156,0.663897,-0.259952,-0.261800,-0.342381,-0.230354,-0.019389,0.510558,-0.199424,0.261800,0.033634,0.141152,0.050102,-0.338199,0.863859,-0.477289,0.108938,-0.148192,0.013989,0.269121,-0.371304,-0.841962,0.066140,-0.287521,0.156041,0.137356,-0.336002
-0.178532,0.999796,0.759224,0.010146,-0.057355,0.714173,-0.697542,-0.444014,0.360581,-0.151059,0.609142,-0.230120,-0.261800,-0.314441,-0.242303,-0.028720,0.466993,-0.181777,0.261800,0.067841,0.129887,0.032512,-0.305904,0.858434,-0.488811,0.055851,-0.149543,0.015939,0.262372,-0.421443,-0.914942,0.064097,-0.293154,0.157755,0.136658,-0.325264
-0.176506,0.999714,0.763327,0.007233,-0.056746,0.704205,-0.707688,-0.427840,0.346393,-0.172515,0.559477,-0.204690,-0.261800,-0.284005,-0.252605,-0.037872,0.424965,-0.166877,0.261800,0.102098,0.118593,0.014561,-0.269822,0.854739,-0.498814,0.001926,-0.150748,0.017561,0.255030,-0.472549,-0.986114,0.067117,-0.298330,0.158896,0.135166,-0.314297
-0.174629,1.003784,0.768708,0.008233,-0.054966,0.696595,-0.715309,-0.415987,0.342378,-0.170854,0.532188,-0.191126,-0.261800,-0.272173,-0.257772,-0.039542,0.419195,-0.162592,0.261800,0.148547,0.109664,0.011333,-0.206046,0.831056,-0.489367,-0.029595,-0.151913,0.024276,0.250213,-0.503115,-1.016316,0.071733,-0.256520,0.173760,0.130928,-0.310097
-0.172703,1.007841,0.773802,0.008194,-0.053961,0.689067,-0.722640,-0.407896,0.337887,-0.169122,0.507310,-0.178553,-0.261800,-0.264348,-0.263481,-0.040504,0.415397,-0.159101,0.261800,0.193735,0.096605,0.005201,-0.143858,0.809831,-0.481094,-0.056976,-0.152970,0.027831,0.244099,-0.533904,-1.040764,0.077025,-0.214555,0.186552,0.125292,-0.305114
-0.170757,1.011877,0.778922,0.007952,-0.053262,0.681530,-0.729806,-0.400950,0.333490,-0.167550,0.483841,-0.166898,-0.261800,-0.257344,-0.269140,-0.041402,0.412095,-0.155999,0.261800,0.238774,0.082417,-0.002383,-0.082183,0.788702,-0.474370,-0.083794,-0.154172,0.030664,0.237742,-0.564630,-1.063724,0.082960,-0.172718,0.198899,0.119708,-0.299458
-0.169806,1.014068,0.779545,0.008938,-0.054611,0.676937,-0.733958,-0.391581,0.339811,-0.169929,0.469544,-0.167000,-0.261800,-0.260712,-0.272532,-0.046093,0.423076,-0.163739,0.261800,0.277198,0.077149,-0.008538,-0.016912,0.768312,-0.460371,-0.107461,-0.157610,0.035656,0.231327,-0.598223,-1.072502,0.099754,-0.091949,0.218800,0.117588,-0.286147
-0.168854,1.016643,0.780139,0.009657,-0.056420,0.672303,-0.738060,-0.384089,0.346373,-0.172548,0.455416,-0.166640,-0.261800,-0.265555,-0.275665,-0.050970,0.433738,-0.170824,0.261800,0.313755,0.070981,-0.015108,0.045706,0.747372,-0.446088,-0.128359,-0.162097,0.039531,0.224676,-0.637022,-1.078811,0.119693,-0.009478,0.236867,0.115732,-0.270912
-0.167949,1.019199,0.780780,0.010363,-0.058319,0.667607,-0.742154,-0.377007,0.352988,-0.175194,0.441654,-0.166457,-0.261800,-0.270733,-0.278870,-0.055856,0.444747,-0.178145,0.261800,0.349490,0.064585,-0.022326,0.107515,0.725137,-0.432551,-0.148942,-0.166736,0.043079,0.217977,-0.677906,-1.084244,0.141510,0.073728,0.253803,0.114314,-0.254075
-0.169355,1.021170,0.779550,0.010458,-0.057643,0.660468,-0.748565,-0.384989,0.350000,-0.175837,0.440946,-0.155662,-0.261800,-0.263221,-0.282711,-0.063632,0.445854,-0.183490,0.261800,0.394921,0.038562,-0.017146,0.143773,0.712645,-0.441810,-0.175401,-0.169016,0.047533,0.209972,-0.737668,-1.121844,0.229148,0.216887,0.244374,0.123927,-0.199164
-0.170972,1.023635,0.778337,0.011064,-0.056525,0.653365,-0.754849,-0.392534,0.347232,-0.176827,0.441342,-0.145093,-0.261800,-0.255541,-0.286296,-0.070847,0.448236,-0.189075,0.261800,0.436926,0.017650,-0.010186,0.180578,0.695303,-0.449283,-0.201309,-0.171798,0.052826,0.203323,-0.826051,-1.151208,0.343836,0.374559,0.227278,0.126194,-0.141771
-0.172523,1.026230,0.777201,0.011757,-0.055361,0.646173,-0.761090,-0.399550,0.344628,-0.177888,0.441110,-0.134201,-0.261800,-0.246963,-0.289713,-0.078300,0.449446,-0.194090,0.261800,0.476758,-0.002532,-0.003057,0.217547,0.676613,-0.455127,-0.225564,-0.174625,0.057410,0.196177,-0.919259,-1.169305,0.465503,0.528768,0.202164,0.129178,-0.088148
-0.173026,1.029408,0.774975,0.010222,-0.052958,0.646209,-0.761252,-0.404116,0.334942,-0.182248,0.444380,-0.131526,-0.261800,-0.250369,-0.296442,-0.080771,0.447693,-0.189955,0.261800,0.503604,-0.002241,0.010692,0.248561,0.646710,-0.440152,-0.220529,-0.176148,0.062772,0.191944,-0.956675,-1.142180,0.524638,0.581852,0.188456,0.128810,-0.069722
-0.173664,1.032186,0.772826,0.008502,-0.050497,0.646159,-0.761483,-0.408276,0.325049,-0.186469,0.447881,-0.129307,-0.261800,-0.253482,-0.303636,-0.083365,0.446743,-0.186993,0.261800,0.532963,-0.006033,0.023761,0.278104,0.620413,-0.428048,-0.214964,-0.177211,0.067054,0.186799,-0.974368,-1.115626,0.566323,0.625625,0.172964,0.131389,-0.053184
-0.174228,1.034846,0.770685,0.006572,-0.048128,0.646124,-0.761685,-0.412421,0.315151,-0.190464,0.451222,-0.127253,-0.261800,-0.256682,-0.310941,-0.085913,0.445827,-0.184298,0.261800,0.564530,-0.012138,0.036263,0.305966,0.596249,-0.418626,-0.209303,-0.178322,0.071253,0.181666,-0.982110,-1.089850,0.599043,0.665769,0.156321,0.134402,-0.037312
-0.174644,1.037050,0.768531,0.006171,-0.046952,0.646554,-0.761397,-0.419824,0.312415,-0.192927,0.459961,-0.127891,-0.261800,-0.263549,-0.315756,-0.087797,0.453012,-0.181853,0.261800,0.560815,-0.011289,0.048302,0.312584,0.571714,-0.417786,-0.210404,-0.173758,0.075596,0.181374,-0.974245,-1.102699,0.603042,0.611182,0.163505,0.119228,-0.037475
-0.175017,1.039196,0.766374,0.005708,-0.045803,0.646954,-0.761131,-0.427417,0.309463,-0.195335,0.468976,-0.128522,-0.261800,-0.270576,-0.320861,-0.089895,0.460425,-0.179710,0.261800,0.561078,-0.011613,0.060475,0.316114,0.549031,-0.420793,-0.210969,-0.169054,0.080394,0.181356,-0.954025,-1.121374,0.596638,0.546822,0.171009,0.108363,-0.039415
-0.175367,1.041117,0.764224,0.005179,-0.044673,0.647351,-0.760864,-0.434968,0.306422,-0.197656,0.478109,-0.129423,-0.261800,-0.277521,-0.326103,-0.091951,0.467813,-0.177789,0.261800,0.562994,-0.012979,0.072357,0.318923,0.527771,-0.425174,-0.211316,-0.164450,0.085168,0.181478,-0.928032,-1.141285,0.585141,0.480002,0.177924,0.098232,-0.041875
-0.175345,1.042079,0.762861,0.007140,-0.045605,0.646508,-0.761509,-0.444953,0.309462,-0.202184,0.490112,-0.131075,-0.261800,-0.275486,-0.321648,-0.090059,0.466719,-0.175616,0.261800,0.551700,-0.009720,0.078116,0.312254,0.523100,-0.437515,-0.203143,-0.162998,0.086656,0.181451,-0.901871,-1.148021,0.565976,0.462210,0.182299,0.093178,-0.042319
-0.175184,1.043198,0.761701,0.009150,-0.046684,0.645780,-0.762040,-0.454796,0.312900,-0.206578,0.501419,-0.132263,-0.261800,-0.272742,-0.316607,-0.088130,0.463340,-0.172055,0.261800,0.539662,-0.006268,0.083813,0.305577,0.517918,-0.448647,-0.194364,-0.162020,0.087705,0.181403,-0.880146,-1.152475,0.550058,0.448730,0.186282,0.086066,-0.042071
-0.175123,1.044158,0.760398,0.011334,-0.047485,0.644947,-0.762667,-0.464517,0.315923,-0.211446,0.514059,-0.134326,-0.261800,-0.269769,-0.311830,-0.086208,0.461440,-0.169498,0.261800,0.527537,-0.002998,0.089927,0.299204,0.512909,-0.459404,-0.185561,-0.161016,0.088475,0.181302,-0.856473,-1.156650,0.532580,0.434761,0.190177,0.078607,-0.041907
-0.177303,1.045997,0.759201,0.012367,-0.048821,0.644074,-0.763303,-0.477863,0.324864,-0.204084,0.521487,-0.127255,-0.261800,-0.276563,-0.306914,-0.086549,0.470163,-0.173907,0.261800,0.510245,0.001064,0.098211,0.280148,0.516452,-0.480088,-0.188316,-0.155902,0.088083,0.178859,-0.843178,-1.153714,0.510602,0.404911,0.190046,0.075995,-0.051574
-0.179667,1.047844,0.757851,0.013027,-0.050330,0.643210,-0.763923,-0.491883,0.333625,-0.196641,0.528832,-0.120114,-0.261800,-0.284888,-0.302365,-0.086623,0.480453,-0.179280,0.261800,0.492989,0.004027,0.106419,0.260095,0.518617,-0.499063,-0.191465,-0.150606,0.088086,0.176300,-0.829344,-1.150639,0.487669,0.373937,0.189584,0.074616,-0.061663
-0.181972,1.049573,0.756564,0.013631,-0.051904,0.642371,-0.764513,-0.505973,0.342493,-0.189247,0.536293,-0.113174,-0.261800,-0.293426,-0.297776,-0.086650,0.491099,-0.184979,0.261800,0.475841,0.006603,0.114368,0.239331,0.518236,-0.515302,-0.194578,-0.144744,0.087808,0.173108,-0.814967,-1.147228,0.464243,0.342703,0.188803,0.073417,-0.071730
-0.182503,1.050653,0.755601,0.012899,-0.052501,0.644347,-0.762820,-0.513850,0.346028,-0.184607,0.545319,-0.111444,-0.261800,-0.302418,-0.295354,-0.079029,0.496080,-0.188761,0.261800,0.464274,0.001707,0.117129,0.220117,0.519746,-0.528064,-0.176349,-0.140461,0.087101,0.170294,-0.822273,-1.139606,0.462423,0.331582,0.181163,0.076442,-0.073727
-0.183043,1.051901,0.754638,0.012260,-0.053088,0.646342,-0.761101,-0.521905,0.349691,-0.180044,0.554471,-0.109671,-0.261800,-0.311452,-0.292783,-0.071349,0.500949,-0.192050,0.261800,0.450267,-0.001883,0.119992,0.200183,0.513576,-0.533185,-0.156692,-0.135103,0.084504,0.166043,-0.838680,-1.130325,0.468800,0.325017,0.174093,0.078356,-0.075275
-0.183595,1.053302,0.753670,0.011724,-0.053640,0.648322,-0.759384,-0.529966,0.353454,-0.175663,0.563773,-0.107897,-0.261800,-0.320356,-0.290075,-0.063698,0.505891,-0.195313,0.261800,0.434921,-0.004668,0.123001,0.179357,0.499587,-0.529975,-0.136891,-0.128165,0.080780,0.160121,-0.859141,-1.120336,0.478890,0.320180,0.167430,0.079943,-0.076826
-0.184362,1.054568,0.753007,0.011401,-0.053861,0.649171,-0.758647,-0.535835,0.356696,-0.171486,0.568268,-0.103642,-0.261800,-0.327610,-0.289516,-0.062307,0.512030,-0.196858,0.261800,0.430153,-0.010576,0.124896,0.159308,0.480707,-0.518895,-0.121668,-0.121703,0.075918,0.147928,-0.886875,-1.108932,0.502568,0.341051,0.160831,0.083873,-0.071966
-0.185111,1.055962,0.752437,0.011132,-0.053996,0.650048,-0.757891,-0.541398,0.359640,-0.167587,0.572755,-0.099429,-0.261800,-0.334680,-0.288965,-0.060826,0.517989,-0.198291,0.261800,0.424210,-0.015826,0.126937,0.138900,0.454435,-0.499003,-0.106931,-0.113754,0.069855,0.133692,-0.918512,-1.096042,0.529673,0.365238,0.154400,0.086111,-0.066735
-0.185869,1.057290,0.751862,0.010919,-0.054087,0.650916,-0.757142,-0.546885,0.362628,-0.163753,0.577289,-0.095229,-0.261800,-0.341652,-0.288372,-0.059355,0.524000,-0.199743,0.261800,0.417580,-0.020688,0.129097,0.118174,0.422856,-0.473203,-0.093367,-0.104682,0.063390,0.118885,-0.951217,-1.082066,0.557743,0.390030,0.147917,0.088387,-0.061762
-0.186316,1.059052,0.751143,0.011115,-0.054112,0.652883,-0.755441,-0.549237,0.366784,-0.160386,0.579930,-0.095831,-0.261800,-0.349865,-0.286438,-0.056388,0.529820,-0.198855,0.261800,0.415696,-0.027251,0.129608,0.098959,0.385725,-0.433230,-0.059126,-0.094878,0.058114,0.106125,-0.985495,-1.070690,0.585881,0.436483,0.137205,0.092635,-0.056149
-0.186736,1.060974,0.750541,0.011316,-0.054071,0.654883,-0.753708,-0.551836,0.371067,-0.156694,0.582833,-0.095267,-0.261800,-0.358031,-0.284514,-0.053406,0.535491,-0.197707,0.261800,0.413323,-0.033533,0.130442,0.080109,0.348953,-0.393832,-0.024952,-0.085256,0.051988,0.093606,-1.020838,-1.057879,0.614763,0.484502,0.126022,0.095911,-0.050723
-0.187252,1.062815,0.749940,0.011540,-0.054015,0.656880,-0.751969,-0.554388,0.375387,-0.153030,0.585735,-0.094692,-0.261800,-0.366146,-0.282555,-0.050445,0.541180,-0.196566,0.261800,0.410742,-0.039616,0.131344,0.062654,0.315942,-0.358484,0.007761,-0.076549,0.046248,0.082283,-1.055768,-1.044078,0.643309,0.532840,0.114503,0.098924,-0.045705
-0.187890,1.063362,0.749589,0.010625,-0.053592,0.656948,-0.751954,-0.555987,0.375059,-0.149063,0.585781,-0.092495,-0.261800,-0.371287,-0.284284,-0.049021,0.547456,-0.198930,0.261800,0.413876,-0.043813,0.131308,0.050811,0.283999,-0.330280,0.005996,-0.068216,0.041884,0.070954,-1.082570,-1.034486,0.667805,0.585008,0.104007,0.101922,-0.041143
-0.189188,1.063386,0.749143,0.010285,-0.053447,0.657135,-0.751806,-0.557047,0.377997,-0.145785,0.585423,-0.090922,-0.261800,-0.376365,-0.283810,-0.047953,0.555813,-0.203026,0.261800,0.417820,-0.047737,0.130933,0.041385,0.260342,-0.309641,0.000574,-0.061437,0.039861,0.061795,-1.107239,-1.024151,0.690373,0.636810,0.093212,0.104771,-0.037053
-0.190489,1.063465,0.748702,0.009935,-0.053302,0.657320,-0.751658,-0.558067,0.380938,-0.142488,0.585085,-0.089421,-0.261800,-0.381439,-0.283338,-0.046881,0.564216,-0.207194,0.261800,0.421881,-0.051834,0.130475,0.033550,0.243290,-0.296300,-0.006832,-0.056106,0.038899,0.054261,-1.130575,-1.013321,0.711874,0.688397,0.082064,0.107514,-0.033409
-0.190579,1.063259,0.749076,0.007876,-0.051835,0.658097,-0.751106,-0.553353,0.375370,-0.138905,0.580949,-0.086227,-0.261800,-0.383812,-0.287250,-0.043264,0.564717,-0.207874,0.261800,0.428097,-0.058598,0.129080,0.029444,0.230454,-0.281160,0.010449,-0.053446,0.038521,0.051182,-1.149601,-1.005800,0.731065,0.729754,0.071759,0.109933,-0.029841
-0.191168,1.062415,0.749315,0.006476,-0.050414,0.658964,-0.750455,-0.547371,0.372629,-0.136836,0.577124,-0.084758,-0.261800,-0.385072,-0.289698,-0.039836,0.567285,-0.210614,0.261800,0.435033,-0.064908,0.127725,0.025520,0.222098,-0.270905,0.027705,-0.051460,0.037591,0.048578,-1.167043,-0.997775,0.748783,0.770377,0.061223,0.112822,-0.026767
-0.191755,1.061462,0.749567,0.005128,-0.048940,0.659837,-0.749796,-0.541246,0.369900,-0.134786,0.573325,-0.083350,-0.261800,-0.386145,-0.292128,-0.036390,0.569824,-0.213391,0.261800,0.442141,-0.071249,0.126482,0.021849,0.216730,-0.264111,0.043388,-0.049909,0.036987,0.046350,-1.183612,-0.989541,0.765789,0.810818,0.050496,0.115697,-0.024063
-0.191816,1.062776,0.749881,0.004790,-0.047868,0.662376,-0.747626,-0.536109,0.372397,-0.125705,0.568912,-0.080257,-0.261800,-0.390147,-0.290791,-0.031369,0.568842,-0.207983,0.261800,0.436632,-0.073370,0.123737,0.018803,0.210728,-0.258145,0.043465,-0.048691,0.036119,0.045105,-1.197592,-0.980582,0.775671,0.831994,0.047524,0.116335,-0.020013
-0.192269,1.063653,0.750213,0.004797,-0.047089,0.665011,-0.745332,-0.530571,0.376613,-0.118157,0.564488,-0.078014,-0.261800,-0.393943,-0.288026,-0.026738,0.568915,-0.203537,0.261800,0.431394,-0.075400,0.120336,0.016551,0.207116,-0.253346,0.041058,-0.047421,0.036139,0.043895,-1.210370,-0.971393,0.784563,0.852010,0.044638,0.117804,-0.016073
-0.192714,1.064518,0.750553,0.004803,-0.046322,0.667634,-0.743032,-0.525036,0.380822,-0.110621,0.560084,-0.075806,-0.261800,-0.397734,-0.285274,-0.022118,0.568954,-0.199094,0.261800,0.426177,-0.077552,0.116859,0.014360,0.204914,-0.249783,0.037229,-0.046112,0.036541,0.042640,-1.222629,-0.962135,0.792987,0.871835,0.041672,0.119354,-0.012187
-0.192342,1.066874,0.751411,0.002935,-0.044665,0.675649,-0.735864,-0.510013,0.385098,-0.095039,0.548913,-0.073296,-0.261800,-0.408989,-0.281009,-0.009210,0.562078,-0.184722,0.261800,0.413913,-0.080323,0.114550,0.014604,0.198434,-0.245532,0.068673,-0.047557,0.037105,0.044975,-1.225569,-0.951754,0.788340,0.898225,0.044161,0.122149,-0.013769
-0.191896,1.069170,0.752267,0.001011,-0.042903,0.683561,-0.728631,-0.494847,0.389047,-0.079148,0.537285,-0.070530,-0.261800,-0.420218,-0.277233,0.003687,0.554694,-0.170122,0.261800,0.401992,-0.083839,0.112112,0.013715,0.194067,-0.244013,0.102676,-0.049344,0.036547,0.047212,-1.227204,-0.941557,0.782442,0.924376,0.046443,0.124743,-0.015652
-0.191398,1.071351,0.753268,-0.000895,-0.041058,0.691372,-0.721331,-0.479577,0.392782,-0.063359,0.525536,-0.067791,-0.261800,-0.431367,-0.273711,0.016684,0.547115,-0.155433,0.261800,0.390184,-0.087553,0.109681,0.012390,0.192782,-0.246154,0.138965,-0.051869,0.036418,0.049878,-1.228583,-0.931589,0.776289,0.950396,0.048751,0.127337,-0.017522
-0.190304,1.070990,0.755508,-0.003586,-0.040270,0.699093,-0.713887,-0.454985,0.389771,-0.056457,0.502240,-0.067329,-0.261800,-0.429591,-0.267411,0.028399,0.519637,-0.140198,0.261800,0.374663,-0.090865,0.103339,0.008509,0.198858,-0.262164,0.153247,-0.055525,0.035974,0.052018,-1.241307,-0.925846,0.778103,0.957123,0.049854,0.128204,-0.019221
-0.189080,1.070485,0.757859,-0.005890,-0.038930,0.706676,-0.706441,-0.429037,0.386168,-0.049334,0.479420,-0.067546,-0.261800,-0.425745,-0.261999,0.040256,0.491246,-0.124838,0.261800,0.359020,-0.093252,0.098151,0.004967,0.209842,-0.285098,0.172700,-0.060895,0.037172,0.055404,-1.254470,-0.920697,0.780668,0.963693,0.051258,0.129127,-0.020571
-0.187704,1.069613,0.760262,-0.008054,-0.037332,0.714155,-0.698945,-0.402482,0.382201,-0.042493,0.457167,-0.068569,-0.261800,-0.421142,-0.257321,0.052351,0.463201,-0.110168,0.261800,0.343308,-0.095526,0.093257,0.001395,0.226725,-0.317057,0.199767,-0.068510,0.040084,0.061026,-1.267618,-0.915418,0.783401,0.969807,0.052718,0.130732,-0.022129
-0.187504,1.070175,0.761311,-0.009050,-0.036928,0.721382,-0.691493,-0.385009,0.387033,-0.033997,0.443291,-0.066067,-0.261800,-0.424125,-0.251961,0.055670,0.446918,-0.093502,0.261800,0.325074,-0.087746,0.091272,-0.000188,0.248900,-0.348901,0.256546,-0.085799,0.044344,0.070052,-1.275205,-0.912418,0.796574,0.912219,0.052502,0.126589,-0.009044
-0.187056,1.070731,0.762395,-0.010373,-0.036859,0.728432,-0.684048,-0.369051,0.391476,-0.025600,0.429973,-0.063722,-0.261800,-0.428378,-0.247143,0.059063,0.430491,-0.076329,0.261800,0.306809,-0.079606,0.088348,-0.002997,0.275925,-0.389568,0.324130,-0.105443,0.048578,0.080002,-1.281487,-0.911889,0.809970,0.849879,0.053144,0.125773,0.004259
-0.186656,1.071308,0.763542,-0.011745,-0.036900,0.735397,-0.676529,-0.353348,0.395988,-0.017242,0.416747,-0.061406,-0.261800,-0.433001,-0.242664,0.062559,0.413876,-0.058885,0.261800,0.288736,-0.071424,0.085176,-0.006696,0.307136,-0.436570,0.399634,-0.127084,0.053351,0.090716,-1.287570,-0.912075,0.823663,0.786755,0.054492,0.125482,0.017369
-0.183510,1.076157,0.764528,-0.012153,-0.038853,0.738056,-0.673510,-0.360257,0.405954,-0.000441,0.422677,-0.059830,-0.261800,-0.441533,-0.246038,0.055926,0.415741,-0.055540,0.261800,0.252208,-0.046748,0.083583,-0.092268,0.346187,-0.440658,0.370311,-0.151200,0.047275,0.127859,-1.265023,-0.916626,0.785497,0.716602,0.082914,0.120295,0.006791
-0.180586,1.080552,0.765356,-0.012989,-0.040902,0.740650,-0.670519,-0.368063,0.415785,0.016228,0.429993,-0.059515,-0.261800,-0.451314,-0.249795,0.049632,0.419993,-0.054179,0.261800,0.216811,-0.026490,0.082900,-0.177153,0.390081,-0.443375,0.335611,-0.174183,0.045684,0.166173,-1.236359,-0.921363,0.739097,0.643604,0.109903,0.115003,-0.006272
-0.177615,1.084403,0.766306,-0.013864,-0.042954,0.743282,-0.667454,-0.375167,0.425938,0.033168,0.437679,-0.060170,-0.261800,-0.460546,-0.253543,0.043417,0.424784,-0.054005,0.261800,0.182111,-0.007621,0.081560,-0.260567,0.431465,-0.441669,0.297500,-0.194190,0.043714,0.203898,-1.203679,-0.924238,0.689579,0.570044,0.135113,0.109180,-0.020979
-0.177590,1.087994,0.765689,-0.014175,-0.042819,0.744564,-0.666026,-0.379717,0.430044,0.039123,0.442357,-0.061477,-0.261800,-0.471154,-0.253140,0.043939,0.435705,-0.055987,0.261800,0.138277,0.005704,0.087917,-0.249536,0.456520,-0.451417,0.415615,-0.223554,0.052099,0.213807,-1.151067,-0.932991,0.635095,0.569891,0.154808,0.108892,-0.030937
-0.177666,1.091172,0.765138,-0.014702,-0.042606,0.745691,-0.664766,-0.384227,0.433627,0.044937,0.447260,-0.063347,-0.261800,-0.482467,-0.253448,0.044437,0.448894,-0.059731,0.261800,0.093532,0.016955,0.089972,-0.239791,0.475558,-0.453701,0.539971,-0.250455,0.049828,0.216261,-1.092479,-0.936811,0.577997,0.572261,0.172730,0.104392,-0.040914
-0.177792,1.094639,0.764626,-0.015407,-0.042648,0.746883,-0.663407,-0.389170,0.437449,0.050954,0.451430,-0.064598,-0.261800,-0.494020,-0.253542,0.044995,0.460605,-0.062374,0.261800,0.048645,0.029115,0.091919,-0.231329,0.488984,-0.447177,0.658245,-0.274649,0.047916,0.215426,-1.037450,-0.939070,0.523037,0.576851,0.190842,0.099299,-0.050416
-0.175955,1.093824,0.763161,-0.015640,-0.042219,0.750193,-0.659684,-0.390856,0.439410,0.053518,0.466916,-0.072706,-0.261800,-0.502192,-0.255158,0.043753,0.465372,-0.053963,0.261800,0.007926,0.046971,0.087760,-0.410908,0.534714,-0.425288,0.645602,-0.270927,0.041520,0.228143,-1.001650,-0.924336,0.504569,0.550391,0.194848,0.096528,-0.060364
-0.174066,1.093449,0.761637,-0.014862,-0.041206,0.753617,-0.655852,-0.391189,0.441998,0.055617,0.483913,-0.081463,-0.261800,-0.508292,-0.256267,0.042738,0.470032,-0.045266,0.261800,-0.031245,0.065802,0.089663,-0.596289,0.578827,-0.404703,0.628675,-0.266385,0.037505,0.240333,-0.970962,-0.912283,0.486494,0.523759,0.199229,0.095613,-0.070248
-0.172022,1.092918,0.760106,-0.013745,-0.040134,0.757072,-0.651953,-0.390884,0.444993,0.057594,0.501581,-0.090940,-0.261800,-0.513440,-0.257145,0.041762,0.474650,-0.036870,0.261800,-0.070221,0.084604,0.092142,-0.782115,0.622684,-0.386438,0.609044,-0.260949,0.032585,0.251115,-0.940916,-0.900315,0.468846,0.497711,0.203536,0.094137,-0.080071
-0.171601,1.092744,0.758909,-0.012609,-0.040735,0.757759,-0.651140,-0.398307,0.451362,0.060973,0.516069,-0.092057,-0.261800,-0.515199,-0.254014,0.042580,0.476708,-0.033362,0.261800,-0.101858,0.097964,0.098345,-0.868080,0.648950,-0.410787,0.683541,-0.261502,0.033652,0.245563,-0.908180,-0.892845,0.453842,0.497398,0.209605,0.093471,-0.087991
-0.171196,1.092492,0.757564,-0.011618,-0.041499,0.758445,-0.650311,-0.406455,0.457874,0.064094,0.531571,-0.093849,-0.261800,-0.517731,-0.250982,0.043118,0.479881,-0.030459,0.261800,-0.132739,0.110922,0.102607,-0.956260,0.670816,-0.438218,0.761114,-0.261363,0.031060,0.238672,-0.872658,-0.885341,0.438011,0.496669,0.215568,0.091776,-0.096222
-0.170800,1.092049,0.756292,-0.010714,-0.042398,0.759155,-0.649439,-0.414894,0.464593,0.067139,0.547387,-0.095929,-0.261800,-0.520529,-0.247827,0.043691,0.483225,-0.027752,0.261800,-0.163267,0.123702,0.106205,-1.045922,0.689181,-0.467757,0.838590,-0.260438,0.027876,0.231633,-0.836383,-0.877793,0.421833,0.495585,0.221419,0.089947,-0.104463
-0.170062,1.093324,0.755666,-0.009557,-0.041621,0.757457,-0.651487,-0.421093,0.462679,0.065445,0.553921,-0.093861,-0.261800,-0.516435,-0.249954,0.044191,0.480741,-0.027002,0.261800,-0.169684,0.125913,0.111001,-1.081329,0.675139,-0.480134,0.885912,-0.261142,0.022074,0.231403,-0.805643,-0.854143,0.405925,0.539245,0.228941,0.091727,-0.110538
-0.169104,1.094179,0.755077,-0.008486,-0.040758,0.755771,-0.653511,-0.426534,0.460586,0.064387,0.560400,-0.092439,-0.261800,-0.511680,-0.252790,0.044715,0.477674,-0.025678,0.261800,-0.177526,0.129381,0.114106,-1.109920,0.661069,-0.488587,0.927860,-0.260571,0.018348,0.233199,-0.777713,-0.829893,0.394997,0.586014,0.236564,0.091531,-0.115770
-0.168225,1.095023,0.754482,-0.007428,-0.039926,0.754075,-0.655532,-0.432066,0.458574,0.063316,0.566969,-0.091090,-0.261800,-0.506959,-0.255605,0.045174,0.474583,-0.024366,0.261800,-0.186044,0.133368,0.116934,-1.136678,0.646940,-0.495687,0.968506,-0.259628,0.015147,0.235846,-0.751464,-0.805600,0.386406,0.633177,0.244346,0.091502,-0.120858
-0.167933,1.094234,0.754733,-0.007068,-0.040201,0.753277,-0.656435,-0.431626,0.457252,0.059670,0.565474,-0.089174,-0.261800,-0.498314,-0.255925,0.045409,0.463090,-0.024066,0.261800,-0.186115,0.133648,0.119007,-1.145961,0.647137,-0.505164,0.969157,-0.254364,0.012072,0.230685,-0.739341,-0.791873,0.385410,0.686195,0.251554,0.093944,-0.119051
-0.167683,1.093476,0.755106,-0.006525,-0.040373,0.752508,-0.657312,-0.430487,0.456044,0.056188,0.563840,-0.087462,-0.261800,-0.488857,-0.256222,0.045536,0.451079,-0.023548,0.261800,-0.187680,0.134613,0.121451,-1.151874,0.648997,-0.512320,0.965961,-0.248824,0.010992,0.226260,-0.729596,-0.777902,0.387225,0.740703,0.258761,0.096103,-0.116461
-0.167336,1.092641,0.755396,-0.005919,-0.040517,0.751734,-0.658194,-0.429259,0.454882,0.052671,0.562249,-0.085785,-0.261800,-0.479241,-0.256488,0.045607,0.439039,-0.023027,0.261800,-0.189772,0.135808,0.124059,-1.157039,0.651325,-0.518833,0.962119,-0.243231,0.010202,0.221934,-0.720659,-0.764071,0.390120,0.795705,0.265780,0.098268,-0.113501
-0.166959,1.093206,0.755637,-0.005156,-0.040982,0.750020,-0.660124,-0.431458,0.455045,0.051065,0.559745,-0.081732,-0.261800,-0.473692,-0.260463,0.035076,0.431661,-0.017411,0.261800,-0.178807,0.143367,0.125203,-1.167591,0.643966,-0.530554,0.973192,-0.238701,0.009999,0.220593,-0.718104,-0.740455,0.395858,0.840618,0.270329,0.099684,-0.112143
-0.166527,1.093802,0.755953,-0.004923,-0.041876,0.748293,-0.662027,-0.434814,0.455114,0.049581,0.556247,-0.077045,-0.261800,-0.468908,-0.264363,0.024564,0.422773,-0.010724,0.261800,-0.167454,0.149789,0.125257,-1.180015,0.636960,-0.544203,0.985316,-0.234632,0.009562,0.218996,-0.714367,-0.715991,0.399878,0.883826,0.274324,0.102535,-0.111448
-0.166153,1.094195,0.756234,-0.004330,-0.042565,0.746571,-0.663928,-0.437726,0.455425,0.047868,0.553919,-0.073262,-0.261800,-0.463651,-0.268092,0.014094,0.415372,-0.005136,0.261800,-0.155514,0.157158,0.125511,-1.191815,0.628328,-0.557055,0.997998,-0.230321,0.008581,0.217537,-0.710334,-0.692947,0.404555,0.927907,0.278557,0.104611,-0.110147
-0.165385,1.095029,0.756236,-0.003849,-0.043451,0.744787,-0.665875,-0.443919,0.456772,0.050120,0.555400,-0.071394,-0.261800,-0.459159,-0.270070,0.008446,0.407936,-0.001441,0.261800,-0.151300,0.167430,0.127928,-1.193745,0.629960,-0.562666,0.995630,-0.230551,0.007455,0.214197,-0.688514,-0.676028,0.402796,0.974068,0.286057,0.105878,-0.109466
-0.164621,1.095727,0.756168,-0.003454,-0.044450,0.742985,-0.667822,-0.450306,0.458236,0.052429,0.556992,-0.069806,-0.261800,-0.454794,-0.272022,0.002695,0.400521,0.002107,0.261800,-0.147253,0.178038,0.129284,-1.193389,0.631969,-0.567568,0.990938,-0.230772,0.007323,0.211188,-0.665569,-0.659522,0.401804,1.019268,0.293437,0.107231,-0.108624
-0.163858,1.096380,0.756199,-0.003075,-0.045504,0.741187,-0.669748,-0.456792,0.459778,0.054720,0.558595,-0.068245,-0.261800,-0.450480,-0.273871,-0.003057,0.393115,0.005596,0.261800,-0.143231,0.188788,0.130302,-1.192647,0.634231,-0.572156,0.985938,-0.230935,0.007378,0.207781,-0.642594,-0.643370,0.401530,1.064730,0.300729,0.108268,-0.107356
-0.163534,1.096223,0.756053,-0.002937,-0.046822,0.740271,-0.670670,-0.461812,0.461943,0.054386,0.560996,-0.068501,-0.261800,-0.447809,-0.274258,-0.006968,0.387983,0.007033,0.261800,-0.139438,0.190564,0.125838,-1.184318,0.640654,-0.570918,0.995046,-0.232959,0.009543,0.206467,-0.650751,-0.655135,0.396492,1.047304,0.301107,0.104155,-0.106555
-0.163099,1.096045,0.755984,-0.002741,-0.048149,0.739321,-0.671624,-0.466920,0.464120,0.053850,0.563609,-0.068880,-0.261800,-0.445202,-0.274538,-0.010818,0.383239,0.008174,0.261800,-0.135939,0.193280,0.122104,-1.176361,0.647026,-0.568339,1.004794,-0.234788,0.011121,0.204682,-0.658413,-0.668357,0.391710,1.026384,0.301519,0.102851,-0.106424
-0.162750,1.095852,0.755920,-0.002508,-0.049466,0.738367,-0.672578,-0.471973,0.466328,0.053281,0.566270,-0.069318,-0.261800,-0.442487,-0.274753,-0.014719,0.378500,0.009263,0.261800,-0.132428,0.196126,0.118419,-1.168361,0.653328,-0.565566,1.014644,-0.236549,0.012601,0.202819,-0.665838,-0.681814,0.387037,1.004890,0.301944,0.102013,-0.106446
-0.162348,1.096357,0.755527,-0.001481,-0.049857,0.737959,-0.673000,-0.475029,0.467981,0.051656,0.570405,-0.071409,-0.261800,-0.440801,-0.273421,-0.014798,0.377555,0.009231,0.261800,-0.135520,0.202998,0.120631,-1.151060,0.668183,-0.556659,1.015998,-0.240107,0.011362,0.202392,-0.619962,-0.670932,0.380060,1.035354,0.307487,0.105128,-0.108017
-0.161907,1.096699,0.755267,-0.000589,-0.050204,0.737535,-0.673440,-0.477745,0.469293,0.050206,0.574076,-0.073547,-0.261800,-0.439142,-0.272252,-0.014717,0.376864,0.008812,0.261800,-0.138689,0.208831,0.121019,-1.131274,0.683116,-0.548331,1.015845,-0.243731,0.010486,0.202531,-0.572187,-0.658523,0.373302,1.066450,0.312528,0.106459,-0.109476
-0.161561,1.096929,0.755008,0.000233,-0.050575,0.737108,-0.673880,-0.480529,0.470549,0.048813,0.577675,-0.075667,-0.261800,-0.437639,-0.271137,-0.014601,0.376236,0.008346,0.261800,-0.141838,0.214520,0.121013,-1.110932,0.697934,-0.539785,1.015430,-0.247383,0.009759,0.202813,-0.524415,-0.645815,0.367260,1.097591,0.317455,0.107644,-0.110821
-0.161767,1.096832,0.753943,0.001778,-0.049854,0.737694,-0.673289,-0.483105,0.473598,0.045661,0.589949,-0.080591,-0.261800,-0.442318,-0.270527,-0.016146,0.391204,0.000780,0.261800,-0.145259,0.213947,0.120155,-1.074307,0.719733,-0.525873,1.001781,-0.247216,0.008136,0.204517,-0.470480,-0.663863,0.355017,1.064139,0.315355,0.104445,-0.114221
-0.161917,1.096772,0.752986,0.002729,-0.049441,0.738260,-0.672696,-0.486811,0.475927,0.042533,0.601330,-0.084953,-0.261800,-0.447983,-0.270374,-0.017721,0.404861,-0.005861,0.261800,-0.148052,0.212040,0.118617,-1.038911,0.741639,-0.512611,0.988027,-0.247194,0.007291,0.206214,-0.414526,-0.679952,0.339639,1.027355,0.312666,0.104027,-0.119196
-0.162067,1.096790,0.752034,0.003609,-0.049057,0.738824,-0.672101,-0.490672,0.478162,0.039443,0.612727,-0.089312,-0.261800,-0.453827,-0.270308,-0.019264,0.418557,-0.012509,0.261800,-0.150579,0.209944,0.116916,-1.003113,0.762937,-0.498725,0.974379,-0.247255,0.006480,0.207905,-0.357323,-0.694864,0.322669,0.990106,0.309735,0.103894,-0.124237
-0.161036,1.096617,0.750967,0.003905,-0.047903,0.739019,-0.671968,-0.494513,0.474561,0.035050,0.625587,-0.096003,-0.261800,-0.456834,-0.272756,-0.016657,0.427570,-0.019536,0.261800,-0.145996,0.208077,0.112919,-0.965201,0.782106,-0.488893,0.942313,-0.245748,0.004238,0.208853,-0.328701,-0.691580,0.309130,0.993163,0.313211,0.107735,-0.126976
-0.159981,1.096518,0.749911,0.004297,-0.046647,0.739213,-0.671840,-0.498142,0.471007,0.030727,0.638609,-0.102785,-0.261800,-0.459612,-0.275209,-0.013991,0.436466,-0.026397,0.261800,-0.142824,0.205824,0.109907,-0.925897,0.802084,-0.477504,0.909382,-0.244364,0.002740,0.210525,-0.303879,-0.687121,0.297953,0.999437,0.317025,0.110545,-0.129003
-0.158907,1.096345,0.748878,0.004742,-0.045343,0.739407,-0.671713,-0.501649,0.467458,0.026406,0.651686,-0.109585,-0.261800,-0.462214,-0.277679,-0.011350,0.445288,-0.033215,0.261800,-0.140075,0.203551,0.107207,-0.885703,0.822049,-0.464593,0.876538,-0.242971,0.001289,0.211604,-0.279850,-0.682445,0.287394,1.006671,0.320887,0.112639,-0.130642
-0.159647,1.095451,0.749036,0.005925,-0.046157,0.736143,-0.675225,-0.506424,0.466569,0.019101,0.652575,-0.106562,-0.261800,-0.456711,-0.279375,-0.019799,0.448917,-0.036983,0.261800,-0.128806,0.191697,0.095212,-0.866529,0.841461,-0.479541,0.834185,-0.238259,0.000713,0.209042,-0.318919,-0.740440,0.272110,0.929290,0.312886,0.109047,-0.134542
-0.160299,1.094288,0.749025,0.008015,-0.046229,0.732708,-0.678923,-0.509670,0.465620,0.011069,0.655915,-0.105402,-0.261800,-0.450635,-0.281435,-0.028029,0.457589,-0.044062,0.261800,-0.117828,0.185361,0.086310,-0.841161,0.857236,-0.486180,0.786395,-0.232710,0.002644,0.207797,-0.354836,-0.808321,0.257845,0.844533,0.305497,0.110773,-0.136669
-0.160853,1.093412,0.749104,0.009657,-0.046842,0.729449,-0.682361,-0.513796,0.465088,0.003578,0.657170,-0.102559,-0.261800,-0.444337,-0.282880,-0.036438,0.461069,-0.047682,0.261800,-0.106415,0.174793,0.076197,-0.823050,0.876366,-0.499646,0.744392,-0.228108,0.002717,0.204840,-0.393276,-0.870717,0.245628,0.764860,0.296824,0.109999,-0.139177
-0.162104,1.091488,0.751054,0.011138,-0.048252,0.721903,-0.690220,-0.513949,0.458086,-0.009437,0.640592,-0.091150,-0.261800,-0.426992,-0.288026,-0.056270,0.455313,-0.043595,0.261800,-0.078458,0.160452,0.056135,-0.798036,0.893543,-0.529095,0.656003,-0.222659,0.002255,0.195745,-0.436617,-0.953003,0.251062,0.700544,0.284479,0.112985,-0.130602
-0.163678,1.089513,0.753062,0.013075,-0.049910,0.714483,-0.697748,-0.513072,0.452880,-0.023280,0.622741,-0.078928,-0.261800,-0.408607,-0.291450,-0.076929,0.448912,-0.040290,0.261800,-0.050139,0.147169,0.035572,-0.770153,0.912672,-0.557249,0.563391,-0.217602,0.004516,0.187061,-0.481722,-1.037007,0.260772,0.638563,0.272734,0.114127,-0.119875
-0.165175,1.087382,0.755198,0.015249,-0.051625,0.707008,-0.705154,-0.512000,0.448299,-0.037339,0.604950,-0.066960,-0.261800,-0.389757,-0.294509,-0.097610,0.442488,-0.037209,0.261800,-0.022222,0.134231,0.015166,-0.741868,0.933441,-0.585168,0.469780,-0.212855,0.007321,0.178784,-0.529476,-1.122046,0.275057,0.576384,0.261390,0.115304,-0.108673
-0.165960,1.084846,0.758548,0.017237,-0.053494,0.699679,-0.712244,-0.497066,0.441843,-0.047366,0.566508,-0.056282,-0.261800,-0.353552,-0.289019,-0.108017,0.401981,-0.022412,0.261800,0.009586,0.119877,-0.000937,-0.681764,0.918866,-0.604955,0.363571,-0.207187,0.013130,0.171034,-0.561454,-1.163372,0.295506,0.464292,0.257503,0.110568,-0.100039
-0.167161,1.082084,0.762056,0.020166,-0.055669,0.692589,-0.718899,-0.480852,0.438808,-0.058916,0.527647,-0.045506,-0.261800,-0.314524,-0.280373,-0.119583,0.358533,-0.008613,0.261800,0.042149,0.104286,-0.017099,-0.625863,0.907227,-0.629511,0.260207,-0.201339,0.016947,0.161837,-0.590211,-1.202371,0.314660,0.349903,0.252366,0.106661,-0.092987
-0.168394,1.079109,0.765661,0.023569,-0.057876,0.685433,-0.725449,-0.464534,0.437182,-0.071001,0.489815,-0.035629,-0.261800,-0.274655,-0.270553,-0.130720,0.314993,0.004715,0.261800,0.074987,0.088738,-0.033375,-0.572103,0.897024,-0.656435,0.157066,-0.195676,0.020479,0.152250,-0.618552,-1.242546,0.334776,0.234970,0.247098,0.102847,-0.085649
-0.171225,1.077410,0.768356,0.028333,-0.058881,0.680035,-0.730262,-0.444135,0.444739,-0.071631,0.449426,-0.017351,-0.261800,-0.237661,-0.255442,-0.136995,0.273797,0.025888,0.261800,0.143245,0.076358,-0.038893,-0.478392,0.885727,-0.648719,0.066026,-0.190235,0.022789,0.150811,-0.684341,-1.247141,0.378737,0.273602,0.234663,0.106093,-0.071539
-0.174078,1.075452,0.771191,0.033588,-0.059724,0.674618,-0.734980,-0.423434,0.453113,-0.073180,0.410996,-0.000695,-0.261800,-0.198856,-0.239332,-0.142771,0.231245,0.046678,0.261800,0.204202,0.066206,-0.045235,-0.376830,0.875936,-0.633023,-0.025836,-0.183854,0.024661,0.148534,-0.777169,-1.243640,0.447897,0.326167,0.221530,0.103289,-0.055881
-0.176743,1.073342,0.774045,0.039009,-0.060439,0.669018,-0.739757,-0.403238,0.461622,-0.074683,0.374070,0.015050,-0.261800,-0.158929,-0.222748,-0.148199,0.187153,0.067988,0.261800,0.259850,0.057574,-0.052506,-0.270178,0.865018,-0.612271,-0.118854,-0.176709,0.026559,0.146247,-0.883033,-1.232506,0.529494,0.383420,0.208035,0.099918,-0.041119
-0.174913,1.073141,0.775618,0.041031,-0.058942,0.666043,-0.742448,-0.389955,0.456502,-0.077915,0.356321,0.021160,-0.261800,-0.146346,-0.226080,-0.153522,0.183159,0.081448,0.261800,0.290935,0.052468,-0.053652,-0.201975,0.836820,-0.586189,-0.154359,-0.173228,0.033142,0.141908,-0.952124,-1.184140,0.619181,0.379831,0.197668,0.105111,-0.020143
-0.173293,1.072858,0.777053,0.042346,-0.057768,0.662951,-0.745229,-0.378494,0.450681,-0.081437,0.338813,0.027462,-0.261800,-0.136891,-0.230301,-0.158699,0.182807,0.092781,0.261800,0.324151,0.045192,-0.056402,-0.140661,0.806167,-0.566600,-0.185751,-0.169922,0.037157,0.136421,-1.004763,-1.137330,0.693432,0.370651,0.187171,0.112783,0.000144
-0.171609,1.072440,0.778588,0.043423,-0.056615,0.659800,-0.748046,-0.367336,0.444527,-0.084939,0.321471,0.033569,-0.261800,-0.127694,-0.234897,-0.163901,0.182768,0.103703,0.261800,0.359274,0.036115,-0.060030,-0.083629,0.774881,-0.552469,-0.216458,-0.166758,0.040841,0.130830,-1.045616,-1.091874,0.756678,0.358851,0.176251,0.120507,0.020585
-0.174425,1.073191,0.777644,0.043195,-0.054618,0.654034,-0.753253,-0.374589,0.435761,-0.094800,0.321977,0.039273,-0.261800,-0.118730,-0.236213,-0.167880,0.181261,0.086879,0.261800,0.398150,0.022725,-0.046922,-0.016961,0.734754,-0.537508,-0.248271,-0.167791,0.045832,0.126461,-1.085951,-1.106697,0.797617,0.458991,0.138628,0.125610,0.027298
-0.177192,1.073842,0.776851,0.043085,-0.052637,0.648270,-0.758366,-0.381309,0.427314,-0.104517,0.322806,0.044602,-0.261800,-0.109750,-0.237356,-0.171480,0.180430,0.070670,0.261800,0.438153,0.009363,-0.034141,0.046256,0.693550,-0.527266,-0.279517,-0.169078,0.050982,0.122247,-1.125939,-1.119807,0.839962,0.561787,0.099990,0.127158,0.031464
-0.179990,1.074352,0.776013,0.042992,-0.050652,0.642482,-0.763415,-0.387485,0.419086,-0.114091,0.323723,0.049521,-0.261800,-0.100386,-0.238273,-0.174905,0.179537,0.054175,0.261800,0.478363,-0.004321,-0.021850,0.107675,0.651877,-0.520210,-0.310442,-0.170526,0.056062,0.117917,-1.164691,-1.130970,0.883291,0.664623,0.061262,0.128032,0.032066
-0.182189,1.074404,0.774030,0.042815,-0.049690,0.638253,-0.767027,-0.401066,0.412993,-0.127761,0.338520,0.045495,-0.261800,-0.107722,-0.241553,-0.174650,0.207330,0.023893,0.261800,0.503844,-0.006044,-0.009726,0.145139,0.625975,-0.506706,-0.313457,-0.170036,0.063033,0.115322,-1.188795,-1.127395,0.909738,0.757610,0.033296,0.136883,0.039601
-0.184437,1.074504,0.772190,0.042057,-0.049037,0.634006,-0.770625,-0.415737,0.406218,-0.141333,0.353412,0.041590,-0.261800,-0.117452,-0.245475,-0.174259,0.237273,-0.007402,0.261800,0.529977,-0.010139,0.001673,0.180357,0.600830,-0.494993,-0.314777,-0.169873,0.068974,0.112426,-1.207868,-1.123761,0.931640,0.849152,0.005061,0.146284,0.045052
-0.186763,1.074539,0.770337,0.041081,-0.048420,0.629737,-0.774209,-0.430365,0.399102,-0.154641,0.368287,0.037514,-0.261800,-0.127585,-0.249743,-0.173876,0.267428,-0.038818,0.261800,0.556462,-0.015157,0.012846,0.214612,0.575814,-0.484590,-0.315817,-0.169781,0.074806,0.109504,-1.224011,-1.119630,0.951496,0.940436,-0.022803,0.155775,0.048385
-0.189027,1.076873,0.767742,0.042001,-0.047150,0.624308,-0.778622,-0.450157,0.393283,-0.165244,0.387915,0.037979,-0.261800,-0.146126,-0.257174,-0.177731,0.317181,-0.064497,0.261800,0.575106,-0.005423,0.030063,0.223927,0.547185,-0.487868,-0.311420,-0.168904,0.080043,0.111491,-1.204168,-1.071547,0.930007,0.992802,-0.019776,0.162545,0.050185
-0.191379,1.079113,0.765137,0.042342,-0.045989,0.618835,-0.783029,-0.470334,0.386566,-0.175163,0.407024,0.038740,-0.261800,-0.166045,-0.265399,-0.181657,0.367863,-0.091109,0.261800,0.595526,-0.000277,0.046529,0.232214,0.522674,-0.492467,-0.305919,-0.168358,0.084336,0.113108,-1.177035,-1.025175,0.901090,1.042039,-0.017643,0.169359,0.050717
-0.193761,1.081337,0.762677,0.042342,-0.044848,0.613313,-0.787428,-0.490656,0.379133,-0.184798,0.426235,0.039224,-0.261800,-0.186507,-0.274402,-0.185431,0.418895,-0.117979,0.261800,0.616618,0.003283,0.062586,0.240408,0.499580,-0.497840,-0.300392,-0.167994,0.088506,0.114772,-1.149762,-0.979209,0.872088,1.090163,-0.015694,0.176237,0.051063
-0.194809,1.082609,0.759826,0.041011,-0.045261,0.612330,-0.788240,-0.508881,0.376050,-0.189024,0.446715,0.031690,-0.261800,-0.208258,-0.281791,-0.183470,0.455310,-0.136756,0.261800,0.619412,-0.004400,0.069946,0.237482,0.498042,-0.504012,-0.292815,-0.167565,0.090876,0.113985,-1.151603,-1.007533,0.858204,1.115471,-0.014499,0.171528,0.039669
-0.195889,1.084486,0.757072,0.039714,-0.045775,0.611461,-0.788950,-0.528065,0.373003,-0.192615,0.467337,0.024908,-0.261800,-0.230767,-0.288663,-0.181981,0.490581,-0.154540,0.261800,0.623924,-0.010174,0.078413,0.231847,0.494703,-0.511930,-0.284603,-0.167333,0.093388,0.113345,-1.154766,-1.039845,0.845663,1.138493,-0.012347,0.168028,0.029355
-0.196981,1.086523,0.754252,0.038389,-0.046219,0.610557,-0.789690,-0.547321,0.369718,-0.196106,0.488280,0.017959,-0.261800,-0.253308,-0.295464,-0.180462,0.525719,-0.172183,0.261800,0.628593,-0.015656,0.087281,0.225695,0.490841,-0.519993,-0.276149,-0.167055,0.095836,0.112699,-1.158083,-1.072754,0.833311,1.161273,-0.010030,0.164722,0.019229
-0.198294,1.087913,0.752555,0.037640,-0.046543,0.610428,-0.789807,-0.559159,0.370248,-0.195268,0.499308,0.018459,-0.261800,-0.267383,-0.296340,-0.173634,0.545321,-0.181811,0.261800,0.614555,-0.011696,0.094249,0.218190,0.484576,-0.528263,-0.259376,-0.162871,0.097896,0.113265,-1.129240,-1.075094,0.807794,1.157767,0.007710,0.160973,0.011808
-0.199539,1.089177,0.751072,0.037105,-0.046719,0.610251,-0.789959,-0.569883,0.370914,-0.194330,0.509914,0.018731,-0.261800,-0.279624,-0.296875,-0.167294,0.563283,-0.191009,0.261800,0.600472,-0.009116,0.100518,0.211744,0.479556,-0.535380,-0.242690,-0.158376,0.099382,0.113453,-1.095126,-1.076400,0.777902,1.152122,0.025107,0.158001,0.003168
-0.200787,1.090291,0.749530,0.036585,-0.046901,0.610065,-0.790115,-0.580529,0.371608,-0.193369,0.520557,0.018869,-0.261800,-0.291660,-0.297276,-0.161054,0.581103,-0.200250,0.261800,0.586605,-0.007065,0.106554,0.205059,0.474052,-0.541141,-0.226245,-0.153574,0.100609,0.113349,-1.059345,-1.077250,0.746534,1.145948,0.042253,0.155009,-0.005767
-0.201782,1.092773,0.748453,0.036282,-0.046734,0.614640,-0.786586,-0.583575,0.379382,-0.184753,0.525404,0.020033,-0.261800,-0.308295,-0.292824,-0.148004,0.593056,-0.200302,0.261800,0.562691,-0.003395,0.113077,0.196857,0.468207,-0.539167,-0.211306,-0.148309,0.100338,0.113726,-1.011327,-1.071128,0.706192,1.151132,0.064025,0.150463,-0.017118
-0.202781,1.095240,0.747532,0.035926,-0.046571,0.619170,-0.783051,-0.586376,0.387056,-0.175870,0.529937,0.021138,-0.261800,-0.324473,-0.288377,-0.135070,0.604403,-0.200138,0.261800,0.538742,-0.000860,0.119032,0.188291,0.460546,-0.533185,-0.197156,-0.142183,0.099476,0.113205,-0.962048,-1.063665,0.664803,1.156353,0.085463,0.145224,-0.028826
-0.203805,1.097623,0.746639,0.035604,-0.046450,0.623666,-0.779497,-0.589158,0.394917,-0.167068,0.534367,0.022199,-0.261800,-0.340470,-0.283650,-0.122261,0.615728,-0.200101,0.261800,0.514802,0.001364,0.124626,0.178627,0.449221,-0.521821,-0.183893,-0.134755,0.097776,0.111476,-0.912894,-1.055435,0.623711,1.161423,0.106753,0.139777,-0.040496
-0.203895,1.101183,0.745307,0.036576,-0.045442,0.628952,-0.775253,-0.593549,0.404627,-0.156879,0.546204,0.023430,-0.261800,-0.353395,-0.278652,-0.110745,0.622810,-0.198335,0.261800,0.471936,0.011077,0.135414,0.169568,0.427545,-0.504664,-0.170509,-0.129564,0.093617,0.109530,-0.830028,-1.013820,0.570926,1.163340,0.130113,0.136636,-0.050102
-0.204078,1.104438,0.744132,0.037542,-0.044530,0.634214,-0.770960,-0.597516,0.414709,-0.146768,0.557982,0.024172,-0.261800,-0.365636,-0.273457,-0.099516,0.629634,-0.197052,0.261800,0.429888,0.018467,0.144770,0.160093,0.403220,-0.480491,-0.159601,-0.122540,0.088168,0.105773,-0.746116,-0.969185,0.518636,1.162895,0.152696,0.133489,-0.060774
-0.204263,1.107501,0.742897,0.038541,-0.043718,0.639489,-0.766588,-0.601417,0.425222,-0.136678,0.569900,0.024549,-0.261800,-0.377663,-0.267995,-0.088324,0.636472,-0.196056,0.261800,0.388185,0.025281,0.153262,0.149881,0.374763,-0.449557,-0.151891,-0.113665,0.081692,0.100418,-0.665208,-0.922429,0.470603,1.161603,0.174978,0.130131,-0.071599
-0.204405,1.109207,0.741576,0.039166,-0.043405,0.644901,-0.762027,-0.603221,0.435699,-0.129226,0.580577,0.019919,-0.261800,-0.387711,-0.259678,-0.075255,0.640881,-0.198888,0.261800,0.351354,0.024451,0.157062,0.131533,0.343957,-0.415836,-0.103690,-0.104482,0.074731,0.095901,-0.624817,-0.893956,0.459116,1.166061,0.186309,0.128114,-0.079682
-0.204341,1.111316,0.740307,0.039853,-0.042911,0.650221,-0.757484,-0.604818,0.444665,-0.122811,0.591126,0.015011,-0.261800,-0.397350,-0.251865,-0.062080,0.644310,-0.200650,0.261800,0.312019,0.025506,0.161488,0.112857,0.308863,-0.377834,-0.059187,-0.094293,0.066587,0.090673,-0.591623,-0.865779,0.454537,1.172298,0.198076,0.126143,-0.086949
-0.204280,1.113449,0.739066,0.040670,-0.042386,0.655479,-0.752925,-0.606216,0.453820,-0.116532,0.601705,0.009969,-0.261800,-0.406467,-0.243942,-0.049007,0.647743,-0.202597,0.261800,0.271915,0.026867,0.165561,0.095889,0.275055,-0.339546,-0.021570,-0.083612,0.058618,0.085238,-0.559870,-0.837181,0.451701,1.177266,0.209422,0.123777,-0.093886
-0.203602,1.115493,0.738296,0.041525,-0.041699,0.658515,-0.750263,-0.607558,0.459294,-0.110559,0.609001,0.007379,-0.261800,-0.411230,-0.240091,-0.041587,0.648296,-0.200913,0.261800,0.238739,0.036008,0.169956,0.077929,0.240341,-0.314807,-0.022065,-0.071115,0.051113,0.072099,-0.509575,-0.773339,0.440994,1.192246,0.230357,0.123480,-0.097622
-0.203043,1.117148,0.737442,0.042616,-0.041039,0.661686,-0.747443,-0.607887,0.465311,-0.106309,0.616545,0.003697,-0.261800,-0.415191,-0.235579,-0.034231,0.649240,-0.200190,0.261800,0.206651,0.044588,0.173584,0.064113,0.212279,-0.296034,-0.033057,-0.058458,0.045498,0.060144,-0.456708,-0.707734,0.429003,1.200030,0.249093,0.122148,-0.100947
-0.202472,1.118742,0.736590,0.043737,-0.040402,0.664868,-0.744584,-0.608167,0.471469,-0.102038,0.624223,-0.000162,-0.261800,-0.419067,-0.231016,-0.026828,0.650258,-0.199598,0.261800,0.174610,0.053086,0.176893,0.053741,0.189952,-0.283843,-0.053450,-0.045513,0.041161,0.049392,-0.402322,-0.640194,0.415880,1.197051,0.264503,0.119608,-0.103309
-0.201567,1.120378,0.736713,0.044312,-0.041197,0.670134,-0.739770,-0.605284,0.481800,-0.093422,0.625050,-0.001570,-0.261800,-0.424242,-0.223480,-0.021558,0.642208,-0.188508,0.261800,0.154014,0.054939,0.174821,0.040115,0.163238,-0.253557,0.029455,-0.047881,0.037861,0.052355,-0.361381,-0.575496,0.405285,1.188740,0.278083,0.118409,-0.101821
-0.200674,1.122336,0.736820,0.045077,-0.041913,0.675397,-0.734881,-0.602228,0.492167,-0.085198,0.625741,-0.002435,-0.261800,-0.429359,-0.215877,-0.016336,0.634012,-0.177054,0.261800,0.132909,0.057946,0.173520,0.024222,0.141061,-0.228643,0.112171,-0.050435,0.031520,0.052951,-0.319192,-0.507821,0.391211,1.162688,0.285848,0.114831,-0.098094
-0.199791,1.124470,0.736921,0.045957,-0.042520,0.680615,-0.729961,-0.598872,0.502545,-0.077025,0.626435,-0.003219,-0.261800,-0.434326,-0.208352,-0.011018,0.625916,-0.165543,0.261800,0.111710,0.061287,0.172317,0.007980,0.124487,-0.209340,0.191863,-0.052534,0.025716,0.051930,-0.273308,-0.436353,0.371788,1.115124,0.286664,0.108968,-0.092335
-0.199022,1.125261,0.738783,0.044606,-0.043170,0.685369,-0.725545,-0.589113,0.508064,-0.064369,0.615065,0.004914,-0.261800,-0.431579,-0.203256,-0.006516,0.601577,-0.151758,0.261800,0.096822,0.064215,0.167448,-0.002968,0.106195,-0.199005,0.225328,-0.059931,0.020557,0.050801,-0.243915,-0.375411,0.342932,1.046199,0.280885,0.104113,-0.083028
-0.198194,1.126047,0.740705,0.043669,-0.043559,0.690178,-0.721006,-0.577836,0.513900,-0.052234,0.603546,0.012738,-0.261800,-0.427444,-0.197748,-0.001940,0.576622,-0.137833,0.261800,0.082051,0.067883,0.163285,-0.013118,0.091465,-0.192881,0.258748,-0.067261,0.018062,0.048985,-0.212344,-0.312413,0.310131,0.963850,0.269957,0.097142,-0.071209
-0.197430,1.126813,0.742559,0.042816,-0.043793,0.694952,-0.716443,-0.566165,0.519554,-0.039977,0.592075,0.020488,-0.261800,-0.423068,-0.192446,0.002750,0.551625,-0.123804,0.261800,0.067241,0.071615,0.159288,-0.024165,0.079141,-0.190958,0.298209,-0.074940,0.016486,0.045917,-0.179457,-0.249486,0.276061,0.876854,0.257088,0.089779,-0.058175
-0.196028,1.127654,0.745634,0.043166,-0.045635,0.699884,-0.711489,-0.546922,0.529957,-0.022040,0.566203,0.029388,-0.261800,-0.418574,-0.189690,-0.000363,0.528475,-0.102560,0.261800,0.057957,0.076893,0.155880,-0.020465,0.072559,-0.176602,0.327865,-0.092112,0.018227,0.044375,-0.138179,-0.204480,0.241595,0.784369,0.237464,0.081062,-0.044203
-0.194446,1.128380,0.748802,0.043470,-0.047322,0.704702,-0.706588,-0.526791,0.539582,-0.003290,0.540086,0.038191,-0.261800,-0.413271,-0.187413,-0.003536,0.504234,-0.080763,0.261800,0.048227,0.082495,0.151847,-0.016510,0.068600,-0.166841,0.367457,-0.111811,0.022386,0.042359,-0.096908,-0.165446,0.212309,0.707881,0.222912,0.074813,-0.030722
-0.192818,1.129228,0.752171,0.043695,-0.048914,0.709426,-0.701721,-0.506415,0.548505,0.015861,0.514273,0.046735,-0.261800,-0.407780,-0.185534,-0.006680,0.479554,-0.058660,0.261800,0.038377,0.088081,0.147646,-0.014704,0.067494,-0.161974,0.422574,-0.135197,0.027926,0.039294,-0.057690,-0.133412,0.189604,0.655505,0.216263,0.071424,-0.017977
-0.190613,1.126081,0.755840,0.044642,-0.050940,0.710246,-0.700687,-0.490234,0.556596,0.034550,0.494977,0.059274,-0.261800,-0.389775,-0.183508,-0.016203,0.462882,-0.070644,0.261800,0.034141,0.097329,0.133810,-0.036395,0.083568,-0.159447,0.427147,-0.141629,0.023803,0.043889,-0.083455,-0.141158,0.156152,0.574411,0.191857,0.057638,-0.021224
-0.188429,1.123265,0.759516,0.045894,-0.052312,0.710828,-0.699915,-0.473246,0.563720,0.053358,0.476613,0.071502,-0.261800,-0.371204,-0.182036,-0.026042,0.448015,-0.083626,0.261800,0.029356,0.107103,0.125197,-0.061606,0.102170,-0.160680,0.444839,-0.152965,0.025341,0.053146,-0.115917,-0.158019,0.127024,0.516773,0.172740,0.049429,-0.025635
-0.186258,1.120160,0.763275,0.046770,-0.054204,0.711406,-0.699125,-0.456920,0.570890,0.072655,0.457675,0.083906,-0.261800,-0.352523,-0.180051,-0.036624,0.430850,-0.095638,0.261800,0.024692,0.115359,0.114248,-0.087741,0.126468,-0.167862,0.481835,-0.171472,0.029338,0.065181,-0.150810,-0.179153,0.105101,0.482989,0.161728,0.043460,-0.031599
-0.184017,1.120119,0.764791,0.047158,-0.052481,0.712896,-0.697711,-0.440932,0.569955,0.086235,0.445837,0.087805,-0.261800,-0.344716,-0.187178,-0.049181,0.420864,-0.080243,0.261800,0.023566,0.123067,0.120920,-0.093101,0.135565,-0.198661,0.565772,-0.199147,0.039900,0.072123,-0.133987,-0.154500,0.143168,0.514771,0.160286,0.051119,-0.027618
-0.181842,1.119268,0.766424,0.047066,-0.050864,0.714200,-0.696502,-0.424445,0.568130,0.100368,0.433723,0.090787,-0.261800,-0.336132,-0.194939,-0.062425,0.410595,-0.066011,0.261800,0.019781,0.128665,0.121478,-0.095343,0.149766,-0.233851,0.670206,-0.234300,0.049786,0.080208,-0.116234,-0.132839,0.195378,0.573086,0.169050,0.059154,-0.025553
-0.179728,1.118010,0.768212,0.046597,-0.049284,0.715333,-0.695485,-0.407732,0.565408,0.114854,0.421021,0.093538,-0.261800,-0.327253,-0.203238,-0.076244,0.400266,-0.052420,0.261800,0.014963,0.133424,0.120033,-0.098318,0.167044,-0.271698,0.788607,-0.274611,0.060198,0.089338,-0.101649,-0.117033,0.259867,0.659026,0.186290,0.069494,-0.025178
-0.181152,1.112733,0.769343,0.048272,-0.050798,0.718153,-0.692347,-0.394215,0.580208,0.124749,0.418996,0.094130,-0.261800,-0.314304,-0.198205,-0.081527,0.405012,-0.066228,0.261800,0.007856,0.141992,0.092404,-0.254841,0.224540,-0.277316,0.842082,-0.291852,0.058926,0.107413,-0.169944,-0.146565,0.301204,0.680961,0.191865,0.067760,-0.041820
-0.182584,1.109035,0.769977,0.051131,-0.051587,0.721164,-0.688946,-0.382870,0.596401,0.132340,0.422349,0.093702,-0.261800,-0.303651,-0.192461,-0.085356,0.415485,-0.080999,0.261800,0.003747,0.151702,0.080760,-0.433355,0.286164,-0.283520,0.901275,-0.305266,0.062317,0.121094,-0.255876,-0.185589,0.345536,0.716791,0.198857,0.075933,-0.059694
-0.183348,1.107044,0.770448,0.053997,-0.051217,0.723821,-0.685963,-0.373030,0.608539,0.140814,0.427029,0.094415,-0.257218,-0.293899,-0.189577,-0.088494,0.425969,-0.093184,0.261800,-0.000547,0.160850,0.074781,-0.618007,0.349338,-0.291838,0.955013,-0.315679,0.064639,0.130598,-0.349978,-0.230671,0.395260,0.762074,0.207206,0.086623,-0.074954
-0.183406,1.111145,0.769335,0.055372,-0.046577,0.726581,-0.683260,-0.372614,0.609706,0.130527,0.462809,0.068500,-0.261367,-0.294298,-0.192663,-0.081380,0.440018,-0.099517,0.261800,0.007775,0.161820,0.091313,-0.647643,0.377599,-0.319890,1.057493,-0.331453,0.070686,0.138505,-0.390071,-0.261467,0.439539,0.907998,0.238193,0.111646,-0.083971
-0.182774,1.115344,0.768383,0.054775,-0.042795,0.729201,-0.680760,-0.377822,0.607345,0.121637,0.499915,0.042344,-0.261800,-0.298454,-0.197844,-0.074160,0.451488,-0.103456,0.261800,0.015478,0.162175,0.096839,-0.662024,0.400139,-0.342873,1.136512,-0.342456,0.072964,0.147348,-0.422512,-0.286532,0.482312,1.045350,0.264966,0.127869,-0.090111
-0.182143,1.119554,0.767620,0.053391,-0.039449,0.731798,-0.678281,-0.385312,0.604167,0.113026,0.537623,0.016076,-0.261800,-0.304200,-0.203413,-0.066937,0.462283,-0.106932,0.261800,0.022988,0.162205,0.099476,-0.671794,0.418524,-0.359612,1.197731,-0.348071,0.074338,0.155303,-0.449784,-0.305970,0.518316,1.161028,0.284877,0.140488,-0.095040
-0.182619,1.119812,0.765342,0.048845,-0.037701,0.734612,-0.675676,-0.388987,0.601544,0.118344,0.559411,-0.003359,-0.261800,-0.326533,-0.209892,-0.057145,0.482525,-0.107234,0.261800,0.014366,0.160306,0.094036,-0.793156,0.418642,-0.388787,1.183930,-0.330485,0.070642,0.163811,-0.550031,-0.317201,0.549031,1.185903,0.276239,0.143332,-0.103699
-0.183278,1.120860,0.762925,0.044494,-0.035152,0.737309,-0.673172,-0.392416,0.598192,0.123505,0.581287,-0.021870,-0.261800,-0.350201,-0.216981,-0.046142,0.506030,-0.108425,0.261800,0.006884,0.156975,0.096005,-0.922937,0.416933,-0.414275,1.162783,-0.309177,0.069037,0.170523,-0.653000,-0.326802,0.568544,1.189352,0.260454,0.147043,-0.110385
-0.184075,1.121997,0.760519,0.040407,-0.032354,0.739926,-0.670694,-0.395472,0.594951,0.128577,0.603275,-0.040325,-0.261800,-0.373375,-0.223753,-0.034731,0.529583,-0.109683,0.261800,-0.000713,0.153397,0.099540,-1.053229,0.414153,-0.437250,1.136168,-0.285917,0.066816,0.175413,-0.754042,-0.334844,0.582005,1.177274,0.239895,0.149174,-0.115229
-0.183578,1.123896,0.758402,0.037889,-0.031004,0.744684,-0.665619,-0.394022,0.592366,0.131731,0.607166,-0.044049,-0.261800,-0.394003,-0.224273,-0.026564,0.540509,-0.102893,0.261800,-0.013736,0.152359,0.106765,-1.075668,0.430025,-0.446825,1.098096,-0.282247,0.059304,0.183367,-0.786693,-0.364929,0.548215,1.091955,0.253102,0.142118,-0.138519
-0.183051,1.125295,0.756438,0.035040,-0.030078,0.749391,-0.660515,-0.392178,0.589819,0.135537,0.609605,-0.047745,-0.261800,-0.413780,-0.224586,-0.018720,0.549019,-0.095660,0.261800,-0.026643,0.151811,0.108562,-1.090441,0.444830,-0.456463,1.052837,-0.278013,0.052846,0.192891,-0.809091,-0.393622,0.513521,0.993223,0.262948,0.136780,-0.164420
-0.182448,1.126533,0.754600,0.032119,-0.029243,0.754057,-0.655371,-0.390567,0.587345,0.139312,0.611833,-0.051359,-0.261800,-0.433665,-0.224731,-0.010804,0.557237,-0.088369,0.261800,-0.039594,0.151501,0.109320,-1.104233,0.459392,-0.466068,1.005921,-0.273212,0.046665,0.202445,-0.828649,-0.421021,0.478100,0.889584,0.269575,0.131372,-0.190595
-0.181404,1.124430,0.754810,0.028899,-0.029591,0.757569,-0.651443,-0.379979,0.580933,0.141783,0.600704,-0.052425,-0.261800,-0.438271,-0.225525,-0.004847,0.547319,-0.080331,0.261800,-0.044994,0.146876,0.105962,-1.119228,0.469197,-0.492242,0.946678,-0.258723,0.045956,0.206633,-0.853577,-0.440537,0.494868,0.772890,0.244481,0.135387,-0.188547
-0.180234,1.122463,0.755188,0.026221,-0.030070,0.761230,-0.647253,-0.368298,0.575430,0.144473,0.588469,-0.052940,-0.261800,-0.440370,-0.225156,0.000557,0.533221,-0.070115,0.261800,-0.050994,0.142577,0.102204,-1.134734,0.479531,-0.519622,0.890345,-0.244407,0.043880,0.209688,-0.881328,-0.459050,0.513406,0.661544,0.218940,0.136689,-0.183304
-0.179048,1.120437,0.755517,0.023696,-0.029988,0.764792,-0.643143,-0.356178,0.569215,0.146964,0.577167,-0.054009,-0.261800,-0.443021,-0.225503,0.006418,0.522246,-0.061634,0.261800,-0.057381,0.138921,0.100303,-1.149706,0.490923,-0.545042,0.830619,-0.229434,0.043791,0.212483,-0.909257,-0.482533,0.533547,0.545205,0.193874,0.141065,-0.175437
-0.177005,1.117470,0.756561,0.020811,-0.031539,0.767765,-0.639616,-0.345831,0.566072,0.156363,0.565778,-0.056728,-0.261800,-0.440660,-0.226968,0.008088,0.501259,-0.048516,0.261800,-0.063115,0.135987,0.095733,-1.159636,0.509655,-0.554860,0.808061,-0.220232,0.046583,0.214016,-0.933446,-0.518602,0.545691,0.520020,0.182819,0.146391,-0.172797
-0.174784,1.114605,0.757720,0.018101,-0.033228,0.770842,-0.635901,-0.335468,0.563476,0.165594,0.554402,-0.059526,-0.261800,-0.437917,-0.227627,0.009646,0.479157,-0.034714,0.261800,-0.068753,0.134086,0.091470,-1.171031,0.527950,-0.564436,0.788650,-0.211125,0.047350,0.214310,-0.961887,-0.553398,0.560018,0.501918,0.172505,0.146781,-0.168770
-0.172666,1.111686,0.758808,0.015408,-0.034872,0.773907,-0.632150,-0.325007,0.560818,0.174930,0.542981,-0.062302,-0.261800,-0.435131,-0.228219,0.011083,0.456920,-0.020785,0.261800,-0.074460,0.132436,0.087553,-1.182928,0.546323,-0.573995,0.769644,-0.202034,0.047839,0.214300,-0.991805,-0.587958,0.575624,0.484652,0.162342,0.146451,-0.164404
-0.171286,1.108614,0.760516,0.012740,-0.036451,0.775672,-0.629955,-0.311995,0.556366,0.184439,0.523818,-0.059696,-0.260008,-0.429038,-0.229871,0.010468,0.433549,-0.004862,0.261800,-0.078116,0.133375,0.084152,-1.196325,0.568369,-0.608837,0.759172,-0.183901,0.049300,0.207340,-1.015097,-0.616076,0.606665,0.455590,0.146489,0.149687,-0.147258
-0.169463,1.106258,0.762509,0.009275,-0.037425,0.777101,-0.628194,-0.300568,0.547930,0.194136,0.503618,-0.055759,-0.255736,-0.423818,-0.234183,0.010057,0.408471,0.013155,0.261800,-0.082460,0.132581,0.081520,-1.211842,0.590072,-0.644274,0.749152,-0.165999,0.050208,0.200249,-1.039673,-0.645040,0.637714,0.425510,0.130459,0.153163,-0.129681
-0.167662,1.103896,0.764524,0.005741,-0.038310,0.778515,-0.626430,-0.289177,0.539178,0.203734,0.483331,-0.051807,-0.251484,-0.418684,-0.238719,0.009586,0.383528,0.031108,0.261800,-0.086734,0.131586,0.079036,-1.228276,0.611596,-0.680294,0.739215,-0.148214,0.050913,0.192954,-1.065281,-0.674249,0.669480,0.395253,0.114694,0.156332,-0.111745
-0.166469,1.101282,0.765684,0.001947,-0.037878,0.780532,-0.623964,-0.276705,0.530852,0.218095,0.468141,-0.049905,-0.246489,-0.423694,-0.248692,-0.001309,0.379157,0.043361,0.261800,-0.090836,0.128745,0.077242,-1.235446,0.625134,-0.696628,0.733044,-0.137639,0.053571,0.189569,-1.081543,-0.700379,0.689153,0.371828,0.103555,0.160065,-0.104165
-0.165263,1.098628,0.766935,-0.002366,-0.037315,0.782402,-0.621650,-0.264825,0.521269,0.232343,0.452232,-0.047333,-0.241421,-0.430000,-0.259638,-0.011948,0.376043,0.055123,0.261800,-0.095172,0.125065,0.074385,-1.242428,0.638527,-0.713069,0.726773,-0.126929,0.056177,0.186139,-1.098108,-0.726437,0.709342,0.348259,0.092457,0.163675,-0.096562
-0.164084,1.095805,0.768202,-0.006731,-0.036666,0.784232,-0.619346,-0.252854,0.511315,0.246373,0.436008,-0.044745,-0.236443,-0.436436,-0.270800,-0.022494,0.373326,0.066697,0.261800,-0.099556,0.121272,0.071420,-1.249509,0.651897,-0.729671,0.720473,-0.116234,0.058722,0.182629,-1.115284,-0.752467,0.730050,0.324601,0.081386,0.167167,-0.088788
-0.160756,1.093029,0.769043,-0.014198,-0.031415,0.786503,-0.616623,-0.234065,0.482673,0.261232,0.413011,-0.041320,-0.229439,-0.444455,-0.299572,-0.036642,0.367185,0.081723,0.261800,-0.102585,0.109727,0.062732,-1.266657,0.646456,-0.759806,0.733299,-0.098534,0.064038,0.174929,-1.140026,-0.749835,0.761412,0.352782,0.065013,0.173357,-0.080550
-0.157959,1.089021,0.769405,-0.020565,-0.025823,0.788933,-0.613592,-0.218111,0.457304,0.272378,0.402941,-0.046446,-0.224161,-0.458800,-0.327360,-0.048112,0.381239,0.084329,0.261800,-0.103620,0.101565,0.062013,-1.281571,0.648978,-0.783296,0.734037,-0.080767,0.067990,0.166862,-1.165779,-0.760675,0.790362,0.370945,0.050041,0.177379,-0.070121
-0.157195,1.086052,0.769680,-0.025462,-0.022631,0.792110,-0.609427,-0.203474,0.441900,0.281085,0.390536,-0.047824,-0.223199,-0.475712,-0.344754,-0.063158,0.397586,0.086543,0.255110,-0.101748,0.095521,0.061903,-1.298067,0.654060,-0.809611,0.733787,-0.062878,0.071751,0.158058,-1.191109,-0.768757,0.816583,0.389350,0.034857,0.181636,-0.060445
-0.156459,1.083600,0.769566,-0.028628,-0.020608,0.798348,-0.601162,-0.197293,0.438747,0.293459,0.404164,-0.050209,-0.216533,-0.490244,-0.348905,-0.067260,0.404335,0.090016,0.245692,-0.101603,0.093078,0.062726,-1.300550,0.653480,-0.813106,0.735773,-0.058557,0.073705,0.155617,-1.203614,-0.755284,0.824945,0.404281,0.029552,0.183507,-0.057304
-0.155697,1.080971,0.769538,-0.031617,-0.018969,0.804562,-0.592723,-0.191729,0.436652,0.305581,0.418353,-0.052776,-0.209946,-0.505020,-0.352393,-0.072742,0.410736,0.095726,0.237013,-0.101199,0.091766,0.063135,-1.302545,0.652807,-0.816379,0.737641,-0.054147,0.075558,0.153317,-1.215737,-0.741656,0.833294,0.419206,0.024060,0.185315,-0.054300
-0.155028,1.078377,0.769518,-0.034470,-0.017654,0.810743,-0.584119,-0.186779,0.435693,0.317391,0.433174,-0.055610,-0.203682,-0.519674,-0.354919,-0.078851,0.416511,0.101720,0.227895,-0.100427,0.091224,0.063246,-1.304440,0.652128,-0.819681,0.739416,-0.049761,0.077364,0.150982,-1.227606,-0.727890,0.841416,0.434261,0.018476,0.187113,-0.051374
-0.155644,1.076357,0.769090,-0.035026,-0.013835,0.816495,-0.576123,-0.208572,0.433107,0.291812,0.498953,-0.071890,-0.197515,-0.535138,-0.354830,-0.070372,0.438120,0.100834,0.225552,-0.095729,0.085136,0.066551,-1.318556,0.644785,-0.829503,0.748157,-0.040847,0.079676,0.147823,-1.236163,-0.714455,0.848620,0.450637,0.008816,0.189488,-0.050442
-0.156243,1.074326,0.768584,-0.035660,-0.010392,0.822238,-0.567931,-0.232750,0.430288,0.265710,0.567968,-0.089983,-0.192560,-0.551778,-0.353955,-0.061892,0.460434,0.099802,0.222836,-0.090184,0.079356,0.069225,-1.333184,0.636872,-0.839789,0.757421,-0.032062,0.081812,0.144664,-1.244141,-0.701486,0.855060,0.466802,-0.000923,0.191852,-0.049511
-0.156854,1.072347,0.768069,-0.036263,-0.006927,0.827937,-0.559605,-0.257470,0.426181,0.239714,0.638327,-0.109023,-0.188607,-0.568532,-0.352905,-0.053216,0.482801,0.098768,0.220219,-0.084396,0.073558,0.071913,-1.347747,0.628804,-0.849942,0.766719,-0.023255,0.083913,0.141606,-1.251965,-0.688582,0.861320,0.482929,-0.010664,0.194202,-0.048690
-0.162136,1.068122,0.766732,-0.037927,-0.004173,0.834128,-0.550249,-0.291033,0.422656,0.225217,0.748555,-0.110109,-0.198717,-0.591678,-0.346500,-0.040870,0.525953,0.071258,0.216464,-0.086545,0.072972,0.082615,-1.354660,0.634091,-0.848842,0.775009,-0.018056,0.085402,0.143064,-1.264772,-0.697922,0.864949,0.487814,-0.017828,0.193926,-0.047143
-0.167849,1.065405,0.765973,-0.040749,-0.002250,0.839891,-0.541218,-0.327070,0.416647,0.210584,0.850335,-0.104145,-0.210874,-0.612828,-0.338320,-0.032896,0.556248,0.052913,0.210358,-0.090107,0.071659,0.086622,-1.362540,0.630025,-0.850727,0.793865,-0.011950,0.087937,0.146495,-1.278231,-0.693753,0.872330,0.503972,-0.026819,0.195684,-0.049601
-0.173469,1.062842,0.765413,-0.043905,0.000029,0.845475,-0.532207,-0.363751,0.407317,0.197402,0.953133,-0.099705,-0.224121,-0.633465,-0.330942,-0.024498,0.584510,0.035790,0.204709,-0.094089,0.069571,0.090099,-1.370177,0.625506,-0.852527,0.813628,-0.005786,0.089929,0.150362,-1.291722,-0.688632,0.880011,0.521370,-0.035965,0.196849,-0.052606
-0.173516,1.058229,0.763417,-0.045275,0.002535,0.852665,-0.520486,-0.389744,0.410553,0.174150,0.928796,-0.111389,-0.227437,-0.648974,-0.322202,-0.002827,0.602426,0.023568,0.210291,-0.093607,0.075799,0.092674,-1.375697,0.612997,-0.857449,0.850974,0.001047,0.095512,0.148600,-1.302573,-0.668048,0.890502,0.547752,-0.043556,0.199596,-0.048544
-0.173780,1.053534,0.761676,-0.046129,0.005754,0.859691,-0.508694,-0.412373,0.413095,0.151779,0.902046,-0.122242,-0.230314,-0.661749,-0.313714,0.018733,0.619095,0.011566,0.215894,-0.093340,0.081240,0.096472,-1.380858,0.599769,-0.862001,0.889511,0.008215,0.100183,0.147075,-1.313126,-0.646531,0.900940,0.575423,-0.051448,0.201762,-0.044716
-0.174232,1.048734,0.760039,-0.046794,0.009216,0.866556,-0.496796,-0.434166,0.415599,0.129633,0.875115,-0.133169,-0.232729,-0.673695,-0.305179,0.040143,0.635541,-0.000509,0.221473,-0.093151,0.086281,0.100750,-1.385881,0.586467,-0.866406,0.928175,0.015468,0.104669,0.145801,-1.323349,-0.624701,0.910989,0.603300,-0.059451,0.203775,-0.041108
-0.174123,1.041893,0.758043,-0.047147,0.008744,0.871059,-0.488833,-0.445708,0.425033,0.114569,0.805500,-0.133735,-0.237671,-0.682070,-0.298201,0.053802,0.652144,-0.014930,0.226935,-0.095291,0.092050,0.102820,-1.388374,0.584239,-0.864813,0.957403,0.018120,0.107642,0.147611,-1.315234,-0.632754,0.917609,0.626666,-0.063587,0.203973,-0.043532
-0.173969,1.037197,0.757115,-0.048410,0.008175,0.875074,-0.481492,-0.454590,0.432668,0.100668,0.718465,-0.120988,-0.242195,-0.686008,-0.291392,0.062776,0.651765,-0.017632,0.229720,-0.097916,0.097211,0.099313,-1.389889,0.569404,-0.864445,0.996835,0.021964,0.111960,0.153986,-1.304517,-0.628477,0.927936,0.660673,-0.069888,0.205721,-0.052398
-0.174220,1.030215,0.755422,-0.048504,0.008102,0.879430,-0.473482,-0.463378,0.442402,0.086389,0.646513,-0.120904,-0.246486,-0.692033,-0.284562,0.075787,0.666580,-0.031684,0.235019,-0.099181,0.102825,0.101196,-1.390779,0.565400,-0.862559,1.025262,0.024408,0.115417,0.156999,-1.294041,-0.638077,0.934656,0.682106,-0.073638,0.206552,-0.055777
-0.173305,1.021454,0.753222,-0.047963,0.007378,0.883829,-0.465286,-0.463832,0.444880,0.072904,0.590693,-0.131096,-0.255835,-0.698826,-0.278898,0.089644,0.685358,-0.045899,0.241488,-0.091933,0.108310,0.104441,-1.391099,0.564045,-0.869003,1.040505,0.029235,0.118872,0.155491,-1.309140,-0.637073,0.944282,0.705076,-0.080200,0.210271,-0.051784
-0.171285,1.014114,0.751030,-0.048160,0.008075,0.887756,-0.457716,-0.464574,0.441965,0.060654,0.529649,-0.135467,-0.261785,-0.706876,-0.276777,0.104910,0.699924,-0.054743,0.248323,-0.086250,0.112720,0.107969,-1.393493,0.556455,-0.874016,1.060439,0.034418,0.124047,0.154716,-1.328644,-0.628532,0.958220,0.736507,-0.088533,0.215263,-0.048200
-0.167670,1.006386,0.749501,-0.049907,0.010483,0.890873,-0.451381,-0.466881,0.429741,0.050104,0.467215,-0.138235,-0.261800,-0.714590,-0.282274,0.123269,0.707753,-0.059057,0.258425,-0.084019,0.115387,0.111153,-1.396798,0.547104,-0.876813,1.082310,0.039661,0.129150,0.154664,-1.350683,-0.618642,0.974510,0.771090,-0.097360,0.219415,-0.045135
-0.164316,1.000995,0.748584,-0.053304,0.012057,0.892964,-0.446798,-0.471502,0.407919,0.049062,0.442333,-0.107038,-0.261800,-0.724673,-0.286621,0.136849,0.709639,-0.059258,0.261792,-0.085758,0.114278,0.116672,-1.402339,0.546849,-0.870680,1.089844,0.039604,0.127769,0.158904,-1.365634,-0.617631,0.981505,0.787627,-0.102014,0.217045,-0.045565
-0.160836,0.996154,0.747661,-0.056629,0.011939,0.895287,-0.441714,-0.478439,0.390027,0.046886,0.416107,-0.073700,-0.261800,-0.735056,-0.286618,0.146601,0.708325,-0.056615,0.261800,-0.086149,0.115427,0.120713,-1.406651,0.547481,-0.865155,1.094993,0.039027,0.127162,0.164037,-1.377388,-0.618966,0.987098,0.798202,-0.106136,0.216337,-0.047270
-0.157515,0.990651,0.746734,-0.059725,0.011165,0.897804,-0.436183,-0.485360,0.374061,0.044761,0.391526,-0.042043,-0.261800,-0.744395,-0.285161,0.155569,0.706395,-0.054374,0.261800,-0.085353,0.118190,0.123639,-1.409900,0.547867,-0.859731,1.099449,0.038230,0.126961,0.169168,-1.387505,-0.621307,0.992526,0.806886,-0.110166,0.216464,-0.048901
-0.155201,0.985284,0.745900,-0.062384,0.011564,0.899838,-0.431586,-0.495810,0.357210,0.033110,0.400724,-0.033039,-0.261800,-0.752401,-0.285863,0.164603,0.708541,-0.056779,0.261800,-0.078110,0.115567,0.126850,-1.415459,0.550522,-0.866483,1.111221,0.042179,0.131457,0.166397,-1.400853,-0.615744,0.996575,0.833058,-0.120127,0.220959,-0.046670
-0.152848,0.979492,0.745242,-0.064814,0.011320,0.901898,-0.426908,-0.505767,0.341487,0.021589,0.409079,-0.023783,-0.261800,-0.757933,-0.286002,0.171822,0.706773,-0.057699,0.261800,-0.071139,0.115901,0.128936,-1.420904,0.549067,-0.871685,1.127439,0.046767,0.136695,0.164979,-1.414389,-0.607034,1.003292,0.862982,-0.130366,0.225226,-0.046413
-0.150705,0.973277,0.744765,-0.066977,0.011027,0.904038,-0.422029,-0.514302,0.326304,0.010851,0.417906,-0.015706,-0.261800,-0.761817,-0.285865,0.178677,0.704544,-0.059346,0.261800,-0.063915,0.116992,0.130689,-1.425431,0.547058,-0.876440,1.144210,0.051450,0.141626,0.163751,-1.427207,-0.597885,1.010508,0.893501,-0.140365,0.229191,-0.046574
-0.150219,0.968931,0.744536,-0.067934,0.011304,0.906168,-0.417274,-0.527823,0.322946,0.007673,0.450070,-0.021590,-0.261800,-0.764120,-0.284666,0.182345,0.704916,-0.062467,0.261800,-0.059575,0.112609,0.131454,-1.431528,0.543584,-0.884312,1.148721,0.055039,0.144554,0.160736,-1.435104,-0.592213,1.012678,0.912915,-0.147588,0.229606,-0.046466
-0.149733,0.964596,0.744431,-0.069232,0.011300,0.908178,-0.412663,-0.541130,0.319468,0.004839,0.479303,-0.025719,-0.261800,-0.765902,-0.283745,0.185215,0.702594,-0.064223,0.261800,-0.055041,0.109645,0.131372,-1.437064,0.538892,-0.890818,1.153167,0.058612,0.148225,0.158694,-1.442573,-0.588305,1.016190,0.929934,-0.154165,0.231431,-0.046824
-0.149160,0.960215,0.744491,-0.070521,0.011338,0.910149,-0.408078,-0.554405,0.315842,0.002243,0.508734,-0.030038,-0.261800,-0.767346,-0.282965,0.187969,0.700000,-0.066023,0.261800,-0.050465,0.106843,0.131215,-1.442329,0.533928,-0.897076,1.157612,0.062244,0.151930,0.156722,-1.449794,-0.584683,1.019898,0.946639,-0.160606,0.233507,-0.047196
-0.149419,0.956429,0.743615,-0.072704,0.008278,0.911207,-0.405397,-0.562104,0.320329,0.005627,0.518883,-0.032457,-0.261800,-0.772351,-0.279683,0.186662,0.700823,-0.070561,0.261800,-0.046748,0.108023,0.129041,-1.444231,0.526941,-0.899550,1.168664,0.066597,0.156758,0.154467,-1.457260,-0.572283,1.020858,0.963665,-0.166612,0.236710,-0.046921
-0.149719,0.952655,0.742795,-0.075035,0.005250,0.912203,-0.402775,-0.569654,0.324605,0.009041,0.528219,-0.034393,-0.261800,-0.777472,-0.276584,0.185348,0.701627,-0.075147,0.261800,-0.043557,0.109224,0.126332,-1.445532,0.519972,-0.901640,1.180220,0.071175,0.161156,0.152395,-1.464706,-0.558976,1.022109,0.981285,-0.172658,0.239883,-0.046869
-0.150090,0.948789,0.741841,-0.077350,0.002237,0.913242,-0.400001,-0.578171,0.329167,0.012219,0.540199,-0.037903,-0.261800,-0.783259,-0.273097,0.184429,0.704154,-0.080781,0.261800,-0.040140,0.109860,0.122992,-1.446194,0.513379,-0.904419,1.191388,0.075830,0.165419,0.149869,-1.471277,-0.545169,1.022353,0.999240,-0.179114,0.242738,-0.046560
-0.152438,0.945665,0.741178,-0.079712,-0.001491,0.914860,-0.395822,-0.574731,0.340532,0.018162,0.536768,-0.039641,-0.261800,-0.788883,-0.265073,0.182531,0.706263,-0.085871,0.261800,-0.041286,0.119125,0.122091,-1.445307,0.510254,-0.907247,1.193478,0.078981,0.165990,0.148164,-1.473398,-0.541841,1.024121,1.007834,-0.182758,0.243657,-0.047390
-0.154761,0.942424,0.740496,-0.081565,-0.005076,0.916588,-0.391391,-0.570431,0.352533,0.024292,0.535348,-0.042996,-0.261800,-0.793650,-0.256547,0.180875,0.709801,-0.091818,0.261800,-0.041746,0.128386,0.121693,-1.443427,0.507703,-0.910263,1.194076,0.082157,0.166828,0.145939,-1.474371,-0.539354,1.025340,1.015071,-0.186519,0.244948,-0.047676
-0.157194,0.939070,0.739829,-0.083345,-0.008621,0.918315,-0.386881,-0.565773,0.364757,0.030623,0.534320,-0.046708,-0.261800,-0.798108,-0.247868,0.179232,0.713358,-0.097892,0.261800,-0.042024,0.137645,0.121382,-1.441364,0.505212,-0.913372,1.194417,0.085341,0.167803,0.143663,-1.475073,-0.536995,1.026421,1.022029,-0.190318,0.246389,-0.047886
-0.157738,0.936170,0.739604,-0.085274,-0.011288,0.920261,-0.381733,-0.562275,0.371040,0.032413,0.534421,-0.052525,-0.261800,-0.801112,-0.240418,0.180995,0.708210,-0.096749,0.261800,-0.041415,0.142709,0.120577,-1.440579,0.499243,-0.913940,1.202103,0.087411,0.170229,0.141644,-1.475138,-0.525981,1.024643,1.032254,-0.192531,0.248565,-0.048371
-0.158276,0.933337,0.739498,-0.087164,-0.013996,0.922197,-0.376508,-0.558542,0.377696,0.034339,0.534410,-0.058376,-0.261800,-0.803917,-0.232635,0.182732,0.702723,-0.095387,0.261800,-0.040789,0.147696,0.119753,-1.439904,0.493112,-0.914876,1.210632,0.089436,0.172221,0.139806,-1.475138,-0.514191,1.022582,1.043294,-0.194746,0.250429,-0.049222
-0.158783,0.930464,0.739314,-0.089057,-0.016693,0.924105,-0.371241,-0.554703,0.384477,0.036366,0.534460,-0.064298,-0.261800,-0.806713,-0.224732,0.184511,0.697194,-0.093935,0.261800,-0.040114,0.152721,0.118963,-1.439069,0.486794,-0.915911,1.218974,0.091401,0.174580,0.138338,-1.475068,-0.502165,1.020526,1.054013,-0.196930,0.252886,-0.050315
-0.158100,0.927423,0.739117,-0.091397,-0.017638,0.924110,-0.370617,-0.559398,0.382545,0.040971,0.540655,-0.069357,-0.261800,-0.811073,-0.227684,0.185838,0.696421,-0.091583,0.261800,-0.043195,0.156758,0.119486,-1.443315,0.480983,-0.915858,1.226418,0.092682,0.175497,0.137675,-1.476054,-0.500971,1.022125,1.064257,-0.198570,0.254142,-0.051759
-0.157422,0.924524,0.738847,-0.093968,-0.018548,0.924033,-0.370120,-0.564797,0.380331,0.045315,0.547002,-0.074446,-0.261800,-0.816351,-0.230955,0.187133,0.696422,-0.089534,0.261800,-0.046269,0.160720,0.119942,-1.448127,0.475051,-0.915771,1.233980,0.093966,0.176401,0.136879,-1.477380,-0.500547,1.023840,1.073977,-0.199961,0.255479,-0.052970
-0.156744,0.921539,0.738568,-0.096589,-0.019459,0.923941,-0.369629,-0.570353,0.378144,0.049636,0.553444,-0.079563,-0.261800,-0.821812,-0.234228,0.188445,0.696523,-0.087518,0.261800,-0.049277,0.164704,0.120313,-1.453007,0.469071,-0.915677,1.241575,0.095246,0.177295,0.136065,-1.478712,-0.500240,1.025541,1.083597,-0.201314,0.256870,-0.054136
-0.155514,0.918720,0.738043,-0.098282,-0.019564,0.924838,-0.366924,-0.573741,0.376877,0.053098,0.564170,-0.088996,-0.261800,-0.827432,-0.235116,0.193335,0.696473,-0.082744,0.261800,-0.052872,0.170494,0.122433,-1.454781,0.461944,-0.915535,1.248727,0.096744,0.177999,0.135616,-1.481087,-0.494901,1.026172,1.089845,-0.204193,0.258151,-0.055010
-0.154358,0.915989,0.737603,-0.099819,-0.019665,0.925775,-0.364129,-0.576912,0.375905,0.056593,0.575200,-0.098695,-0.261800,-0.832705,-0.235856,0.198078,0.696342,-0.078039,0.261800,-0.056556,0.176431,0.124915,-1.456358,0.455020,-0.915213,1.255775,0.098260,0.178707,0.135224,-1.483544,-0.489310,1.026917,1.096035,-0.207219,0.259656,-0.055815
-0.153114,0.913173,0.737077,-0.101315,-0.019755,0.926714,-0.361312,-0.580014,0.375032,0.060085,0.586315,-0.108457,-0.261800,-0.837893,-0.236530,0.202820,0.696240,-0.073361,0.261800,-0.060257,0.182440,0.127503,-1.457914,0.448147,-0.914838,1.262794,0.099777,0.179421,0.134844,-1.486036,-0.483684,1.027683,1.102227,-0.210243,0.261184,-0.056628
-0.153532,0.912112,0.736705,-0.102793,-0.020678,0.926354,-0.361765,-0.584800,0.376297,0.062189,0.590211,-0.110438,-0.261800,-0.841350,-0.236468,0.204570,0.699418,-0.075357,0.261800,-0.062964,0.187480,0.129714,-1.460464,0.447543,-0.914566,1.265372,0.099847,0.178479,0.135832,-1.485990,-0.487150,1.029307,1.105537,-0.211149,0.261503,-0.057588
-0.154068,0.911070,0.736423,-0.104284,-0.021521,0.925957,-0.362305,-0.589439,0.377339,0.064343,0.593798,-0.112333,-0.261800,-0.844837,-0.236600,0.206382,0.702839,-0.077476,0.261800,-0.065728,0.192257,0.131979,-1.463002,0.447088,-0.914408,1.267388,0.099835,0.177909,0.136631,-1.485802,-0.491195,1.030749,1.108102,-0.211922,0.262039,-0.058423
-0.154610,0.910026,0.736052,-0.105767,-0.022352,0.925557,-0.362846,-0.594031,0.378372,0.066504,0.597373,-0.114233,-0.261800,-0.848322,-0.236734,0.208207,0.706309,-0.079629,0.261800,-0.068482,0.196989,0.134274,-1.465544,0.446653,-0.914283,1.269323,0.099817,0.177411,0.137406,-1.485575,-0.495324,1.032148,1.110534,-0.212695,0.262647,-0.059218
-0.155625,0.909623,0.735588,-0.106499,-0.021881,0.925827,-0.361971,-0.593454,0.378900,0.067863,0.599600,-0.115894,-0.261800,-0.853652,-0.237216,0.207453,0.714373,-0.081441,0.261800,-0.068498,0.197376,0.133126,-1.468630,0.443009,-0.913542,1.269631,0.099956,0.177398,0.137227,-1.484397,-0.492428,1.032179,1.111773,-0.213440,0.262951,-0.059168
-0.156682,0.909235,0.735215,-0.107253,-0.021330,0.926089,-0.361112,-0.592734,0.379293,0.069354,0.601690,-0.117515,-0.261800,-0.859091,-0.237800,0.206790,0.722691,-0.083624,0.261800,-0.068594,0.197296,0.131738,-1.471516,0.439390,-0.913124,1.269815,0.100109,0.177437,0.137032,-1.482905,-0.489262,1.031901,1.113121,-0.214250,0.263196,-0.059193
-0.157750,0.908842,0.734757,-0.108013,-0.020766,0.926344,-0.360263,-0.591996,0.379648,0.070845,0.603768,-0.119146,-0.261800,-0.864551,-0.238405,0.206167,0.731073,-0.085853,0.261800,-0.068724,0.197141,0.130300,-1.474360,0.435793,-0.912759,1.269984,0.100246,0.177491,0.136843,-1.481353,-0.486052,1.031562,1.114486,-0.215078,0.263421,-0.059236
-0.159948,0.907593,0.734749,-0.109848,-0.020641,0.926642,-0.358947,-0.589325,0.381026,0.075730,0.602344,-0.121190,-0.261800,-0.869529,-0.238322,0.205461,0.737537,-0.089868,0.261800,-0.070818,0.197097,0.129195,-1.475754,0.433932,-0.913694,1.269421,0.101025,0.177790,0.136620,-1.481483,-0.486519,1.032114,1.116241,-0.215550,0.263937,-0.059698
-0.162201,0.906383,0.734669,-0.111622,-0.020528,0.926946,-0.357617,-0.586411,0.382590,0.080585,0.600687,-0.122983,-0.261800,-0.874331,-0.238023,0.204709,0.744082,-0.093869,0.261800,-0.072922,0.197012,0.128385,-1.477136,0.432267,-0.914627,1.268681,0.101841,0.178142,0.136342,-1.481701,-0.487071,1.032704,1.117883,-0.215932,0.264509,-0.060170
-0.164453,0.905174,0.734689,-0.113377,-0.020393,0.927247,-0.356290,-0.583439,0.384132,0.085432,0.599018,-0.124780,-0.261800,-0.879079,-0.237739,0.203964,0.750609,-0.097856,0.261800,-0.075049,0.196916,0.127656,-1.478535,0.430639,-0.915555,1.267909,0.102660,0.178509,0.136053,-1.481951,-0.487629,1.033294,1.119509,-0.216308,0.265092,-0.060642
-0.165703,0.904100,0.735138,-0.113684,-0.019850,0.927809,-0.354755,-0.576205,0.383880,0.087804,0.594413,-0.125466,-0.261800,-0.877895,-0.237007,0.205406,0.750452,-0.099163,0.261800,-0.075231,0.196205,0.126220,-1.477839,0.427429,-0.915541,1.269703,0.102960,0.178725,0.135923,-1.480303,-0.484710,1.033346,1.121045,-0.216592,0.265252,-0.060632
-0.166969,0.903019,0.735658,-0.113659,-0.019243,0.928433,-0.353163,-0.567936,0.383768,0.090332,0.589349,-0.125990,-0.261800,-0.875637,-0.236158,0.206725,0.749822,-0.100226,0.261800,-0.075381,0.195578,0.125442,-1.476971,0.423955,-0.915544,1.271735,0.103199,0.178826,0.135976,-1.478396,-0.481637,1.033444,1.122751,-0.216935,0.265378,-0.060776
-0.168229,0.901935,0.736284,-0.113545,-0.018601,0.929068,-0.351560,-0.559415,0.383626,0.092888,0.584201,-0.126507,-0.261800,-0.873131,-0.235316,0.208046,0.749102,-0.101265,0.261800,-0.075553,0.194943,0.124892,-1.476131,0.420460,-0.915535,1.273811,0.103434,0.178899,0.136060,-1.476513,-0.478557,1.033556,1.124484,-0.217278,0.265480,-0.060951
-0.169047,0.901252,0.736836,-0.113211,-0.018514,0.928925,-0.352049,-0.553592,0.383321,0.095904,0.577561,-0.126321,-0.261800,-0.868763,-0.236056,0.208667,0.746826,-0.102727,0.261800,-0.077533,0.193242,0.124050,-1.474272,0.420427,-0.912445,1.274875,0.102272,0.178466,0.137823,-1.474425,-0.479925,1.034293,1.123557,-0.216920,0.264855,-0.061449
-0.169835,0.900624,0.737410,-0.112890,-0.018518,0.928769,-0.352563,-0.547816,0.383225,0.098575,0.570481,-0.125793,-0.261800,-0.864524,-0.236534,0.208683,0.744666,-0.104158,0.261800,-0.079523,0.191678,0.123308,-1.472281,0.420666,-0.909261,1.275640,0.101038,0.178047,0.139651,-1.472429,-0.481399,1.035131,1.122240,-0.216529,0.264353,-0.061627
-0.170619,0.899996,0.737989,-0.112575,-0.018520,0.928613,-0.353076,-0.542059,0.383080,0.101226,0.563416,-0.125277,-0.261800,-0.860288,-0.237030,0.208697,0.742489,-0.105578,0.261800,-0.081524,0.190131,0.122567,-1.470275,0.420937,-0.906050,1.276357,0.099803,0.177648,0.141479,-1.470458,-0.482896,1.035991,1.120872,-0.216143,0.263890,-0.061771
-0.172411,0.899324,0.738456,-0.112625,-0.018407,0.928872,-0.352383,-0.534700,0.383902,0.103228,0.556402,-0.124142,-0.261800,-0.857740,-0.235813,0.208475,0.742743,-0.109162,0.261800,-0.082142,0.188311,0.121788,-1.468328,0.422734,-0.904471,1.279166,0.099153,0.178263,0.141384,-1.469002,-0.483147,1.036868,1.121258,-0.216038,0.263999,-0.061309
-0.174244,0.898691,0.738920,-0.112691,-0.018299,0.929134,-0.351675,-0.527400,0.384672,0.104908,0.549393,-0.123010,-0.261800,-0.855270,-0.234431,0.208281,0.743074,-0.112859,0.261800,-0.082753,0.186324,0.120849,-1.466550,0.424597,-0.903154,1.281980,0.098552,0.178850,0.141160,-1.467666,-0.483154,1.037651,1.121853,-0.215948,0.263993,-0.060935
-0.176077,0.898143,0.739386,-0.112765,-0.018186,0.929396,-0.350966,-0.520124,0.385406,0.106580,0.542422,-0.121900,-0.261800,-0.852828,-0.233060,0.208103,0.743425,-0.116567,0.261800,-0.083376,0.184312,0.119905,-1.464775,0.426475,-0.901857,1.284796,0.097945,0.179440,0.140925,-1.466332,-0.483133,1.038413,1.122483,-0.215860,0.263962,-0.060573
-0.176946,0.897670,0.739824,-0.112648,-0.018515,0.929251,-0.351369,-0.515844,0.386472,0.108653,0.536361,-0.120558,-0.261800,-0.849458,-0.233493,0.206537,0.741397,-0.118458,0.261800,-0.082819,0.183802,0.118822,-1.462110,0.426438,-0.903230,1.289426,0.098222,0.180922,0.138757,-1.465259,-0.482909,1.039477,1.125786,-0.216139,0.264175,-0.059123
-0.177797,0.897246,0.740271,-0.112593,-0.018901,0.929106,-0.351750,-0.511796,0.387485,0.110634,0.530456,-0.119134,-0.261800,-0.846132,-0.233870,0.204891,0.738973,-0.120439,0.261800,-0.082073,0.183351,0.117463,-1.459477,0.426130,-0.904603,1.294293,0.098489,0.182436,0.136528,-1.464053,-0.482598,1.040576,1.129410,-0.216398,0.264242,-0.057623
-0.178649,0.896816,0.740720,-0.112554,-0.019299,0.928961,-0.352123,-0.507790,0.388501,0.112624,0.524585,-0.117737,-0.261800,-0.842835,-0.234240,0.203236,0.736531,-0.122417,0.261800,-0.081284,0.182924,0.116034,-1.456832,0.425771,-0.905968,1.299195,0.098758,0.183937,0.134308,-1.462816,-0.482291,1.041677,1.133072,-0.216656,0.264273,-0.056139
-0.180001,0.896139,0.741521,-0.112514,-0.019723,0.928785,-0.352577,-0.501293,0.388723,0.114168,0.514719,-0.115358,-0.261800,-0.837692,-0.234582,0.200398,0.732433,-0.123667,0.261800,-0.079087,0.182412,0.113452,-1.454383,0.432747,-0.901030,1.296215,0.095987,0.181612,0.136580,-1.462296,-0.487124,1.041284,1.133385,-0.214979,0.263669,-0.057607
-0.181317,0.895253,0.742328,-0.112345,-0.020043,0.928601,-0.353096,-0.494177,0.388660,0.115959,0.505069,-0.112928,-0.261800,-0.831914,-0.235231,0.198355,0.728183,-0.126094,0.261800,-0.077179,0.182060,0.111222,-1.451401,0.440220,-0.895690,1.292473,0.093119,0.179589,0.138883,-1.461753,-0.492173,1.041375,1.133116,-0.213152,0.263290,-0.059134
-0.182547,0.894367,0.743144,-0.112125,-0.020339,0.928422,-0.353620,-0.486929,0.388574,0.117755,0.495427,-0.110522,-0.261800,-0.826009,-0.235890,0.196313,0.723960,-0.128564,0.261800,-0.075355,0.181722,0.109131,-1.448331,0.447784,-0.890262,1.288602,0.090272,0.177636,0.141188,-1.461252,-0.497213,1.041537,1.132779,-0.211304,0.262969,-0.060649
-0.183620,0.893480,0.744363,-0.111248,-0.020868,0.928202,-0.354444,-0.477874,0.389272,0.120272,0.483211,-0.106013,-0.261800,-0.815979,-0.236155,0.193662,0.714998,-0.128655,0.261800,-0.072374,0.181326,0.104867,-1.442629,0.452939,-0.889463,1.287560,0.088775,0.177845,0.140580,-1.459307,-0.499630,1.041735,1.133922,-0.210240,0.262663,-0.059956
-0.184773,0.892632,0.745628,-0.110209,-0.021452,0.928025,-0.355194,-0.468322,0.390015,0.122871,0.470716,-0.101095,-0.261800,-0.805461,-0.236181,0.191120,0.705672,-0.129118,0.261800,-0.069288,0.180956,0.100618,-1.436749,0.457863,-0.888842,1.286680,0.087273,0.178119,0.139963,-1.456969,-0.502048,1.041670,1.135195,-0.209338,0.262256,-0.059294
-0.185836,0.891695,0.746906,-0.109138,-0.022030,0.927855,-0.355933,-0.458693,0.390749,0.125513,0.458242,-0.096211,-0.261800,-0.794844,-0.236156,0.188580,0.696321,-0.129591,0.261800,-0.066173,0.180576,0.096428,-1.430870,0.462752,-0.888218,1.285819,0.085762,0.178386,0.139365,-1.454599,-0.504489,1.041570,1.136471,-0.208455,0.261832,-0.058646
-0.187845,0.890461,0.748298,-0.108436,-0.022169,0.927883,-0.356067,-0.444345,0.389940,0.126134,0.440447,-0.089457,-0.261800,-0.784310,-0.236357,0.185705,0.687919,-0.131204,0.261800,-0.062996,0.184135,0.091987,-1.431376,0.463805,-0.888066,1.285714,0.084897,0.178008,0.139814,-1.453782,-0.503755,1.041704,1.138204,-0.208100,0.262050,-0.058058
-0.189840,0.889278,0.749827,-0.107549,-0.022233,0.927927,-0.356216,-0.429637,0.388963,0.126677,0.422476,-0.082346,-0.261800,-0.773369,-0.236443,0.182936,0.679439,-0.132594,0.261800,-0.059818,0.187606,0.088075,-1.432274,0.464661,-0.887851,1.285969,0.084040,0.177459,0.140351,-1.453242,-0.503132,1.041895,1.140151,-0.207704,0.262281,-0.057549
-0.191922,0.888105,0.751286,-0.106608,-0.022288,0.927979,-0.356361,-0.414873,0.388008,0.127246,0.404632,-0.075324,-0.261800,-0.762291,-0.236448,0.180174,0.670956,-0.134004,0.261800,-0.056633,0.191070,0.084329,-1.433261,0.465506,-0.887649,1.286285,0.083185,0.176870,0.140895,-1.452766,-0.502525,1.042081,1.142120,-0.207298,0.262501,-0.057046
-0.193039,0.886584,0.752991,-0.105331,-0.021639,0.927991,-0.356750,-0.398019,0.384592,0.129158,0.384888,-0.066357,-0.261800,-0.749444,-0.238904,0.178343,0.659245,-0.132173,0.261800,-0.056025,0.193317,0.078327,-1.437463,0.462980,-0.888915,1.285074,0.084338,0.176580,0.139847,-1.456856,-0.501712,1.043004,1.142712,-0.207597,0.261604,-0.057204
-0.194123,0.885117,0.754746,-0.104897,-0.021404,0.927915,-0.357089,-0.383273,0.381111,0.130718,0.363860,-0.055955,-0.261800,-0.738065,-0.241395,0.175983,0.645734,-0.128858,0.261800,-0.055704,0.196501,0.071612,-1.443226,0.459817,-0.889274,1.285781,0.085478,0.176346,0.139418,-1.462934,-0.499763,1.045075,1.144930,-0.207731,0.260878,-0.057776
-0.195336,0.883632,0.756518,-0.103710,-0.020754,0.927980,-0.357304,-0.366786,0.377610,0.132564,0.344274,-0.046929,-0.261800,-0.725229,-0.243725,0.174064,0.633649,-0.126819,0.261800,-0.055111,0.198861,0.065809,-1.447768,0.457224,-0.890163,1.284999,0.086648,0.175909,0.138372,-1.467520,-0.498817,1.046307,1.145807,-0.207957,0.260004,-0.057763
-0.196921,0.881407,0.758239,-0.102373,-0.020012,0.928257,-0.357014,-0.345268,0.373933,0.135880,0.319379,-0.036294,-0.261800,-0.712315,-0.246671,0.171380,0.622965,-0.123003,0.261800,-0.056984,0.202965,0.059994,-1.454337,0.450481,-0.893763,1.289584,0.089823,0.177986,0.135465,-1.472609,-0.497102,1.049277,1.148193,-0.209642,0.260002,-0.055288
-0.198532,0.879220,0.760042,-0.100848,-0.019094,0.928524,-0.356802,-0.322983,0.369883,0.139299,0.293955,-0.025435,-0.261800,-0.698793,-0.249725,0.168770,0.612243,-0.119288,0.261800,-0.058846,0.206795,0.054779,-1.461431,0.443094,-0.897347,1.295032,0.093224,0.179835,0.132466,-1.477828,-0.495448,1.052162,1.150689,-0.211490,0.259967,-0.052572
-0.200168,0.877056,0.761988,-0.099242,-0.018081,0.928794,-0.356602,-0.300522,0.365604,0.142711,0.268620,-0.014685,-0.261800,-0.684964,-0.252815,0.166161,0.601461,-0.115611,0.261800,-0.060713,0.210427,0.049887,-1.468678,0.435577,-0.900912,1.300684,0.096668,0.181553,0.129493,-1.483097,-0.493849,1.054954,1.153203,-0.213365,0.259918,-0.049847
-0.203397,0.875008,0.763353,-0.098144,-0.018699,0.929088,-0.356110,-0.272501,0.366748,0.150128,0.230995,0.001524,-0.261800,-0.672270,-0.251440,0.162909,0.593170,-0.117138,0.261800,-0.061460,0.217086,0.042181,-1.479807,0.431711,-0.906604,1.308436,0.099753,0.183785,0.125857,-1.494563,-0.492401,1.058118,1.155084,-0.215693,0.259614,-0.047942
-0.206659,0.873004,0.764773,-0.097060,-0.019043,0.929372,-0.355646,-0.243974,0.367001,0.158056,0.192877,0.018071,-0.261800,-0.659238,-0.250498,0.159897,0.584548,-0.118366,0.261800,-0.062447,0.223295,0.035171,-1.491463,0.428037,-0.912223,1.316153,0.102731,0.185948,0.122027,-1.506659,-0.491035,1.061392,1.156820,-0.217971,0.259478,-0.045823
-0.210051,0.871026,0.766421,-0.095963,-0.019178,0.929641,-0.355234,-0.215416,0.366551,0.166208,0.155115,0.034334,-0.261800,-0.645758,-0.249874,0.156981,0.575470,-0.119468,0.261800,-0.063609,0.229097,0.028521,-1.503198,0.424406,-0.917814,1.323829,0.105722,0.188078,0.118193,-1.518866,-0.489645,1.064613,1.158522,-0.220237,0.259383,-0.043690
-0.212158,0.869691,0.768427,-0.095050,-0.017384,0.930916,-0.352219,-0.200681,0.364510,0.173848,0.148047,0.050820,-0.261800,-0.633276,-0.250037,0.158286,0.560516,-0.115041,0.261800,-0.068332,0.231549,0.024884,-1.518422,0.417338,-0.922678,1.331270,0.108727,0.190515,0.114056,-1.531301,-0.486111,1.066349,1.160667,-0.221388,0.259293,-0.041452
-0.214225,0.868334,0.770401,-0.094470,-0.015968,0.932192,-0.349055,-0.188374,0.363263,0.181015,0.143957,0.065826,-0.261800,-0.621577,-0.249712,0.159417,0.544892,-0.109878,0.261800,-0.072658,0.234282,0.020714,-1.534221,0.410268,-0.927789,1.339096,0.111728,0.192936,0.109822,-1.544059,-0.482399,1.067730,1.162992,-0.222587,0.259142,-0.039129
-0.216409,0.866957,0.772378,-0.094021,-0.014706,0.933459,-0.345831,-0.176640,0.362310,0.188108,0.140423,0.080497,-0.261800,-0.610215,-0.249162,0.160425,0.529139,-0.104625,0.261800,-0.076721,0.237204,0.016183,-1.550039,0.403098,-0.932836,1.347005,0.114722,0.195318,0.105572,-1.556813,-0.478644,1.069017,1.165361,-0.223810,0.258956,-0.036790
-0.219105,0.865789,0.773600,-0.092926,-0.014559,0.935727,-0.339951,-0.162729,0.368259,0.202863,0.139483,0.091008,-0.261800,-0.601558,-0.242671,0.163377,0.517766,-0.100430,0.261800,-0.081872,0.243326,0.013774,-1.564674,0.397269,-0.936148,1.350736,0.116881,0.196625,0.102013,-1.566800,-0.479346,1.067622,1.167047,-0.222653,0.258294,-0.035957
-0.221965,0.864534,0.774916,-0.091739,-0.014593,0.938052,-0.333810,-0.148415,0.374734,0.218036,0.139177,0.100821,-0.261800,-0.592742,-0.235553,0.166492,0.506365,-0.096416,0.261800,-0.086318,0.249907,0.011367,-1.578945,0.391519,-0.939209,1.353818,0.118994,0.198114,0.098448,-1.576491,-0.480558,1.066409,1.168238,-0.221297,0.257646,-0.035271
-0.224894,0.863187,0.776154,-0.090492,-0.014767,0.940388,-0.327510,-0.133657,0.381537,0.233539,0.139111,0.110221,-0.261800,-0.583721,-0.228083,0.169659,0.494773,-0.092425,0.261800,-0.090445,0.256831,0.008883,-1.593123,0.385826,-0.942073,1.357108,0.121136,0.199199,0.094621,-1.586113,-0.481998,1.065267,1.169730,-0.219918,0.256362,-0.034447
-0.227301,0.862064,0.776787,-0.088767,-0.014903,0.942698,-0.321277,-0.118878,0.386124,0.236398,0.138802,0.114261,-0.261800,-0.577444,-0.220869,0.172483,0.489082,-0.089652,0.261800,-0.095299,0.262902,0.008310,-1.605546,0.375999,-0.944532,1.360299,0.124523,0.201189,0.089340,-1.592159,-0.481594,1.068018,1.172582,-0.221114,0.256470,-0.031077
-0.229662,0.860901,0.777293,-0.087096,-0.015077,0.944923,-0.315131,-0.104563,0.390754,0.238902,0.139022,0.117940,-0.261800,-0.571761,-0.213690,0.175170,0.484422,-0.087655,0.261800,-0.100313,0.269083,0.007471,-1.617763,0.365945,-0.946661,1.363685,0.128133,0.203154,0.084103,-1.598115,-0.480921,1.070841,1.175732,-0.222501,0.256635,-0.027701
-0.232114,0.859767,0.777872,-0.085487,-0.015352,0.947103,-0.308954,-0.090438,0.395555,0.241418,0.139431,0.121496,-0.261800,-0.566400,-0.206366,0.177851,0.479889,-0.085647,0.261800,-0.105304,0.275376,0.006546,-1.629958,0.355927,-0.948648,1.367075,0.131783,0.205069,0.078883,-1.604089,-0.480179,1.073641,1.178926,-0.223906,0.256769,-0.024341
-0.232727,0.860239,0.778691,-0.085981,-0.014344,0.948115,-0.305744,-0.088927,0.390781,0.219457,0.138032,0.138883,-0.261800,-0.565109,-0.204324,0.181384,0.471966,-0.079693,0.261800,-0.107068,0.282391,0.008385,-1.644252,0.350861,-0.949587,1.373003,0.134752,0.207655,0.075100,-1.611416,-0.476088,1.081305,1.183670,-0.225993,0.258537,-0.020895
-0.233431,0.860599,0.779553,-0.086259,-0.012777,0.949044,-0.302840,-0.087409,0.384902,0.197058,0.138721,0.154726,-0.261800,-0.563581,-0.203569,0.184818,0.466194,-0.075605,0.261800,-0.109844,0.287062,0.010391,-1.657129,0.347919,-0.952266,1.376238,0.137893,0.209297,0.070624,-1.617146,-0.473114,1.087016,1.187411,-0.228133,0.259534,-0.017629
-0.234230,0.860958,0.780419,-0.086519,-0.010925,0.949920,-0.300078,-0.085780,0.378275,0.174571,0.139711,0.170423,-0.261800,-0.562225,-0.203449,0.188428,0.461239,-0.072026,0.261800,-0.113269,0.290714,0.012486,-1.669610,0.345636,-0.955570,1.378597,0.140978,0.211040,0.065896,-1.622379,-0.470252,1.091953,1.190672,-0.230427,0.260391,-0.014427
-0.234676,0.862560,0.780400,-0.085456,-0.009605,0.950932,-0.297211,-0.083812,0.376300,0.154998,0.141229,0.185186,-0.261800,-0.564403,-0.200532,0.189342,0.465488,-0.071893,0.261800,-0.114650,0.292621,0.017292,-1.672244,0.340136,-0.956925,1.379827,0.143705,0.212994,0.060393,-1.623878,-0.465907,1.095769,1.194000,-0.232290,0.261541,-0.010086
-0.235209,0.864243,0.780297,-0.084404,-0.008064,0.951921,-0.294377,-0.081643,0.373830,0.135442,0.143007,0.199635,-0.261800,-0.567478,-0.197839,0.190540,0.472102,-0.073018,0.261800,-0.116017,0.294094,0.020992,-1.673364,0.334009,-0.958050,1.380960,0.146613,0.214896,0.055381,-1.624077,-0.461093,1.099425,1.197723,-0.234289,0.262626,-0.005807
-0.235748,0.865879,0.780171,-0.083487,-0.006393,0.952862,-0.291623,-0.079678,0.370918,0.115796,0.144746,0.214164,-0.261800,-0.571192,-0.195452,0.191885,0.479543,-0.074538,0.261800,-0.117439,0.295183,0.024093,-1.674029,0.327689,-0.959171,1.382049,0.149583,0.216767,0.050574,-1.623812,-0.456126,1.102979,1.201599,-0.236347,0.263651,-0.001657
-0.234104,0.866197,0.780279,-0.083358,-0.002460,0.952870,-0.291693,-0.076145,0.352403,0.071630,0.141793,0.206267,-0.261800,-0.574752,-0.202767,0.194634,0.484509,-0.074102,0.261800,-0.114506,0.290740,0.026590,-1.670947,0.325952,-0.958532,1.383791,0.151165,0.218229,0.047833,-1.620991,-0.453797,1.109381,1.205733,-0.238606,0.264936,0.001318
-0.233037,0.866325,0.780351,-0.082911,0.001542,0.952798,-0.292059,-0.071304,0.333948,0.026860,0.140562,0.196675,-0.261800,-0.577423,-0.210321,0.196493,0.491668,-0.076199,0.261800,-0.112229,0.285918,0.028338,-1.666234,0.324104,-0.958184,1.384764,0.152495,0.219340,0.045583,-1.616481,-0.451805,1.115562,1.209783,-0.240573,0.265940,0.003829
-0.232426,0.865972,0.780379,-0.082142,0.005327,0.952822,-0.292154,-0.064112,0.316341,-0.017099,0.139968,0.185669,-0.261800,-0.579177,-0.217057,0.198323,0.500100,-0.080021,0.261800,-0.109736,0.281538,0.029546,-1.660266,0.322013,-0.957994,1.385319,0.153699,0.220851,0.043569,-1.610716,-0.449474,1.121658,1.213310,-0.242454,0.267299,0.006143
-0.234072,0.866138,0.778294,-0.078708,0.006774,0.954093,-0.288904,-0.073737,0.325069,-0.035038,0.141081,0.155157,-0.261800,-0.586081,-0.211256,0.202107,0.530206,-0.097931,0.261800,-0.104587,0.275986,0.032491,-1.659025,0.324394,-0.965189,1.378671,0.155144,0.219404,0.043167,-1.603170,-0.452688,1.118443,1.215856,-0.242446,0.266982,0.004376
-0.235326,0.866482,0.776219,-0.077047,0.007115,0.955540,-0.284530,-0.086996,0.335337,-0.050833,0.140671,0.126401,-0.261800,-0.596184,-0.203102,0.206542,0.554588,-0.110420,0.261800,-0.096075,0.273962,0.034788,-1.663191,0.325365,-0.969994,1.376235,0.155972,0.218974,0.042455,-1.600939,-0.455482,1.118239,1.219724,-0.242245,0.266813,0.003422
-0.236400,0.867052,0.774288,-0.075883,0.007146,0.956991,-0.279928,-0.101527,0.346092,-0.066363,0.140387,0.097690,-0.261800,-0.607024,-0.194304,0.210801,0.577352,-0.121603,0.261800,-0.086207,0.272931,0.036546,-1.668508,0.325563,-0.974062,1.374395,0.156881,0.218717,0.041828,-1.599811,-0.458532,1.118969,1.223668,-0.241811,0.267224,0.002701
-0.237047,0.866566,0.772468,-0.074098,0.007885,0.958848,-0.273967,-0.130104,0.361584,-0.081422,0.163307,0.074588,-0.261800,-0.614629,-0.185240,0.219142,0.595612,-0.130937,0.261800,-0.068714,0.267154,0.042491,-1.659342,0.323334,-0.975859,1.375014,0.158610,0.221704,0.040170,-1.596156,-0.451104,1.119800,1.224611,-0.245169,0.269280,0.003948
-0.237678,0.866166,0.770808,-0.072813,0.008490,0.960688,-0.267777,-0.160794,0.376902,-0.096950,0.188850,0.049907,-0.261800,-0.622699,-0.175766,0.227446,0.612476,-0.139389,0.261800,-0.050792,0.261337,0.046607,-1.648672,0.321150,-0.977641,1.376022,0.160638,0.224242,0.039193,-1.591609,-0.442282,1.120191,1.226595,-0.249241,0.271141,0.005184
-0.238368,0.865956,0.769371,-0.071859,0.009292,0.962469,-0.261541,-0.192207,0.391527,-0.112899,0.214816,0.024862,-0.261800,-0.631272,-0.166430,0.235874,0.629117,-0.147592,0.261800,-0.032598,0.254874,0.050047,-1.637593,0.318997,-0.979552,1.376997,0.162708,0.226586,0.038466,-1.586805,-0.433033,1.120401,1.228985,-0.253422,0.272916,0.006207
-0.238182,0.864497,0.765317,-0.070629,0.005694,0.964031,-0.256172,-0.213191,0.420670,-0.124839,0.220407,0.016128,-0.261800,-0.644760,-0.152343,0.237115,0.653401,-0.160122,0.261800,-0.016573,0.254721,0.045991,-1.643407,0.321205,-0.983599,1.377036,0.163745,0.226360,0.038750,-1.587188,-0.433078,1.118877,1.232364,-0.253734,0.273005,0.004410
-0.237896,0.863228,0.761344,-0.069310,0.002239,0.965581,-0.250686,-0.232301,0.449829,-0.136485,0.222443,0.009167,-0.261800,-0.658352,-0.138108,0.238199,0.678278,-0.173201,0.261800,0.000402,0.254437,0.043025,-1.651079,0.323372,-0.987646,1.376851,0.164498,0.226091,0.038309,-1.588635,-0.434967,1.117771,1.234887,-0.253395,0.273033,0.002716
-0.237692,0.861914,0.757329,-0.067830,-0.001047,0.967136,-0.245042,-0.250474,0.478864,-0.148111,0.223377,0.002586,-0.261800,-0.671862,-0.123761,0.239212,0.703791,-0.186621,0.261800,0.017803,0.253826,0.040601,-1.659272,0.325418,-0.991736,1.376635,0.165266,0.225829,0.037672,-1.590396,-0.437386,1.116690,1.237132,-0.252921,0.273141,0.001176
-0.235190,0.859053,0.752146,-0.065015,-0.007632,0.968066,-0.241999,-0.261462,0.514242,-0.160091,0.214259,0.004955,-0.261800,-0.682599,-0.109013,0.235495,0.726679,-0.197468,0.261800,0.036032,0.257522,0.038508,-1.655213,0.330329,-0.998257,1.375258,0.167595,0.225741,0.034689,-1.591244,-0.439411,1.115675,1.236626,-0.254699,0.273050,0.002882
-0.232734,0.855987,0.746897,-0.061630,-0.014361,0.969010,-0.238777,-0.270209,0.550467,-0.171544,0.202921,0.008016,-0.261800,-0.691804,-0.094014,0.231103,0.748886,-0.208296,0.261800,0.053801,0.262248,0.036523,-1.649780,0.336009,-1.004258,1.373175,0.170076,0.225736,0.031790,-1.591479,-0.440893,1.114911,1.235625,-0.256977,0.273180,0.005161
-0.230416,0.852783,0.741656,-0.057935,-0.021020,0.969951,-0.235364,-0.277937,0.586952,-0.182623,0.190974,0.011034,-0.261800,-0.700655,-0.078936,0.226579,0.771678,-0.219626,0.261800,0.071619,0.267243,0.034713,-1.644114,0.342043,-1.010010,1.370862,0.172592,0.225794,0.028892,-1.591719,-0.442237,1.114359,1.234492,-0.259343,0.273372,0.007596
-0.227196,0.844834,0.740216,-0.056926,-0.024280,0.968777,-0.240085,-0.286137,0.594878,-0.171484,0.184205,0.017189,-0.261800,-0.692592,-0.089773,0.216945,0.766200,-0.225116,0.261800,0.077838,0.270593,0.025560,-1.647745,0.357005,-1.009617,1.319213,0.169114,0.215955,0.031543,-1.597747,-0.456524,1.115559,1.204752,-0.257549,0.267624,0.009037
-0.223255,0.837221,0.738863,-0.055669,-0.027501,0.967569,-0.244858,-0.295211,0.602433,-0.161165,0.176643,0.025213,-0.261800,-0.684476,-0.100533,0.207183,0.758469,-0.227795,0.261800,0.083096,0.274254,0.019070,-1.651264,0.377586,-1.008839,1.259328,0.164962,0.209455,0.032932,-1.605308,-0.474566,1.117434,1.168789,-0.255094,0.263842,0.012332
-0.218633,0.829868,0.737455,-0.054393,-0.030725,0.966390,-0.249374,-0.305681,0.609926,-0.151222,0.169839,0.033832,-0.261800,-0.677520,-0.110637,0.197736,0.750254,-0.228866,0.261800,0.088454,0.277976,0.013800,-1.655480,0.400026,-1.007638,1.197680,0.160691,0.203816,0.033699,-1.614162,-0.493425,1.119463,1.131636,-0.252493,0.260397,0.016378
-0.209562,0.817192,0.742083,-0.057144,-0.027099,0.963155,-0.261404,-0.323482,0.569590,-0.141951,0.179922,0.028395,-0.261800,-0.649189,-0.152499,0.193699,0.693984,-0.202099,0.261800,0.082636,0.266798,0.013058,-1.639367,0.471344,-0.986974,1.039757,0.132452,0.196321,0.049782,-1.616563,-0.570107,1.124154,1.033880,-0.240074,0.255750,0.014819
-0.199463,0.804804,0.746384,-0.058929,-0.024522,0.960056,-0.272430,-0.339050,0.533056,-0.130680,0.188463,0.024045,-0.261800,-0.619190,-0.191003,0.187073,0.633548,-0.170910,0.261800,0.077520,0.257888,0.011766,-1.619533,0.536234,-0.963006,0.890057,0.105029,0.188814,0.070969,-1.617434,-0.639923,1.127505,0.941892,-0.227709,0.252066,0.009982
-0.188700,0.792986,0.749877,-0.060529,-0.022177,0.956959,-0.282973,-0.355493,0.497987,-0.118528,0.197765,0.020020,-0.261800,-0.592003,-0.227553,0.179358,0.575925,-0.138994,0.261800,0.073392,0.248737,0.010456,-1.597562,0.597328,-0.936157,0.744696,0.078921,0.179776,0.095070,-1.618744,-0.707064,1.129623,0.853339,-0.215304,0.247884,0.004019
-0.177558,0.787744,0.750733,-0.059526,-0.023419,0.952075,-0.299100,-0.385850,0.483918,-0.116376,0.217717,0.034094,-0.261800,-0.568471,-0.258461,0.153281,0.537332,-0.108195,0.261800,0.072351,0.244193,0.020522,-1.502535,0.654812,-0.901870,0.654587,0.062787,0.176593,0.121482,-1.591736,-0.783387,1.117735,0.709464,-0.192082,0.239939,0.001895
-0.166522,0.782898,0.751525,-0.058927,-0.025437,0.946875,-0.315132,-0.418527,0.470824,-0.114190,0.237329,0.048970,-0.261800,-0.547667,-0.287582,0.126069,0.501280,-0.077902,0.261800,0.072988,0.241482,0.022808,-1.396845,0.701533,-0.859068,0.572359,0.050295,0.167517,0.150758,-1.551438,-0.860223,1.098872,0.559323,-0.168164,0.237289,-0.002217
-0.155131,0.778787,0.752013,-0.058386,-0.027968,0.941527,-0.330659,-0.452940,0.458814,-0.111266,0.256255,0.065539,-0.261800,-0.530324,-0.314562,0.099210,0.468029,-0.047288,0.261800,0.075613,0.239761,0.024194,-1.291042,0.738996,-0.811631,0.498334,0.038810,0.155400,0.180306,-1.506973,-0.931635,1.074334,0.417800,-0.144035,0.232505,-0.010621
-0.142047,0.773893,0.751414,-0.057353,-0.027344,0.939889,-0.335516,-0.476314,0.440185,-0.116446,0.284636,0.068295,-0.261800,-0.528816,-0.345283,0.068480,0.442580,0.005239,0.261800,0.074022,0.241152,0.041974,-1.182543,0.742470,-0.771172,0.569044,0.028309,0.162306,0.186694,-1.401423,-0.974493,1.046227,0.388376,-0.126410,0.235512,-0.022074
-0.129740,0.767744,0.750945,-0.056193,-0.026486,0.938009,-0.340998,-0.499684,0.419878,-0.121898,0.316859,0.067271,-0.261800,-0.523030,-0.378157,0.035667,0.415740,0.055139,0.261800,0.071102,0.239377,0.048754,-1.069485,0.731315,-0.735671,0.657276,0.021427,0.155396,0.194216,-1.272627,-1.008607,1.004835,0.365168,-0.112406,0.230874,-0.038598
-0.117588,0.761151,0.750398,-0.055517,-0.025263,0.936013,-0.346639,-0.523907,0.397916,-0.126348,0.350733,0.064998,-0.261800,-0.517053,-0.412712,0.002781,0.389198,0.103275,0.261800,0.067874,0.235188,0.055800,-0.962362,0.715853,-0.702828,0.748624,0.014065,0.147440,0.201338,-1.140671,-1.036637,0.955908,0.347481,-0.099462,0.223807,-0.055311
-0.103348,0.752868,0.748003,-0.056341,-0.022840,0.934746,-0.350078,-0.555229,0.375106,-0.117910,0.395636,0.061597,-0.261800,-0.529537,-0.457098,-0.031991,0.399331,0.121967,0.261800,0.065508,0.226454,0.063483,-0.886725,0.689492,-0.658735,0.803638,-0.008640,0.138760,0.212605,-1.024735,-1.036467,0.913972,0.312632,-0.100363,0.220618,-0.065780
-0.090961,0.742624,0.745610,-0.058017,-0.020288,0.933182,-0.354111,-0.586530,0.350838,-0.108427,0.445041,0.052102,-0.261800,-0.540403,-0.503831,-0.065947,0.414050,0.133879,0.261800,0.060703,0.218507,0.073559,-0.817238,0.664152,-0.613210,0.855533,-0.033353,0.134641,0.221619,-0.921066,-1.032977,0.878276,0.281203,-0.100229,0.218456,-0.074406
-0.080744,0.730081,0.743420,-0.059336,-0.017615,0.931294,-0.358972,-0.615294,0.325789,-0.098693,0.500377,0.034541,-0.261800,-0.545333,-0.552581,-0.101120,0.433715,0.137652,0.261800,0.053790,0.210850,0.080431,-0.745365,0.636876,-0.568887,0.906782,-0.057860,0.129555,0.229962,-0.813227,-1.027354,0.842850,0.247138,-0.100986,0.216640,-0.082908
-0.075529,0.716569,0.741910,-0.060601,-0.016329,0.930059,-0.362010,-0.631185,0.306882,-0.089013,0.544881,0.007227,-0.261800,-0.552791,-0.580100,-0.105829,0.476572,0.111519,0.261800,0.052307,0.207749,0.081629,-0.723245,0.602413,-0.554520,0.945392,-0.071993,0.122786,0.240893,-0.722888,-0.987110,0.812499,0.246655,-0.104974,0.221545,-0.084993
-0.070559,0.703055,0.740252,-0.061201,-0.014497,0.928844,-0.365094,-0.644941,0.287815,-0.078595,0.589760,-0.020962,-0.261800,-0.559919,-0.607688,-0.108740,0.522433,0.083963,0.261800,0.049240,0.205479,0.089073,-0.708565,0.568252,-0.539120,0.986620,-0.087312,0.118414,0.250201,-0.650154,-0.944066,0.794151,0.254935,-0.106064,0.223880,-0.087047
-0.066468,0.689052,0.738161,-0.060981,-0.012086,0.927493,-0.368635,-0.656521,0.268253,-0.068280,0.637051,-0.052025,-0.261800,-0.566140,-0.636072,-0.110465,0.574212,0.052207,0.261800,0.044435,0.202569,0.096323,-0.691893,0.534154,-0.524557,1.028226,-0.102747,0.113446,0.259774,-0.579094,-0.898985,0.781112,0.263395,-0.107166,0.226276,-0.089632
-0.068258,0.680478,0.736418,-0.060268,-0.013073,0.927396,-0.368963,-0.660264,0.266824,-0.070481,0.667498,-0.077622,-0.261800,-0.562712,-0.645723,-0.105865,0.607370,0.017730,0.261800,0.038300,0.201534,0.099000,-0.696046,0.527218,-0.529240,1.065557,-0.105903,0.109959,0.259853,-0.567634,-0.859404,0.809215,0.267215,-0.109346,0.226161,-0.074774
-0.070101,0.671796,0.734269,-0.058470,-0.013315,0.927196,-0.369744,-0.662304,0.264325,-0.073117,0.700437,-0.104916,-0.261800,-0.556664,-0.656872,-0.101060,0.642522,-0.018487,0.261800,0.027035,0.200771,0.105356,-0.698251,0.522070,-0.529754,1.102429,-0.108729,0.106830,0.259646,-0.561775,-0.817814,0.843563,0.273564,-0.109820,0.226597,-0.060554
-0.072162,0.663267,0.731639,-0.056300,-0.013147,0.926908,-0.370810,-0.663881,0.261161,-0.076007,0.734931,-0.133224,-0.261800,-0.549754,-0.669066,-0.096375,0.679399,-0.056092,0.261800,0.014806,0.199776,0.112075,-0.699419,0.517014,-0.529681,1.138741,-0.111247,0.104193,0.259320,-0.554590,-0.776323,0.878226,0.280233,-0.109718,0.226997,-0.046577
-0.073590,0.662449,0.731092,-0.056939,-0.014936,0.927224,-0.369853,-0.664481,0.266014,-0.078478,0.735457,-0.138215,-0.261800,-0.554271,-0.660451,-0.098747,0.686591,-0.072664,0.261800,0.011349,0.198931,0.115935,-0.716263,0.524615,-0.534199,1.141041,-0.106350,0.101429,0.260158,-0.562053,-0.743426,0.902057,0.296671,-0.107825,0.226299,-0.041853
-0.075167,0.661669,0.730582,-0.057515,-0.016811,0.927568,-0.368818,-0.664802,0.271311,-0.080992,0.735675,-0.143137,-0.261800,-0.558491,-0.651441,-0.101442,0.693684,-0.089272,0.261800,0.008440,0.198023,0.119936,-0.733006,0.532238,-0.539290,1.141995,-0.101555,0.100015,0.261502,-0.568382,-0.710153,0.924878,0.312966,-0.105808,0.225977,-0.037343
-0.076672,0.660790,0.730057,-0.058030,-0.018703,0.927917,-0.367768,-0.665081,0.276742,-0.083501,0.736136,-0.148235,-0.261800,-0.562602,-0.642384,-0.104253,0.700965,-0.106040,0.261800,0.005699,0.197159,0.123950,-0.749806,0.540060,-0.544535,1.143039,-0.096716,0.098361,0.262316,-0.573603,-0.676813,0.946886,0.329739,-0.103830,0.225001,-0.032673
-0.076070,0.665095,0.731615,-0.059307,-0.024308,0.929149,-0.364106,-0.670166,0.293831,-0.083170,0.719511,-0.131478,-0.261800,-0.565874,-0.614640,-0.109752,0.684314,-0.095666,0.261800,0.010026,0.199871,0.124414,-0.762707,0.554841,-0.542003,1.140881,-0.100364,0.094351,0.270497,-0.596383,-0.660590,0.952871,0.289249,-0.101606,0.222718,-0.026314
-0.075571,0.669419,0.732927,-0.060212,-0.029862,0.930342,-0.360481,-0.674963,0.311096,-0.083205,0.703849,-0.115374,-0.261800,-0.568484,-0.586780,-0.115105,0.668294,-0.085822,0.261800,0.014700,0.202823,0.125526,-0.775362,0.569748,-0.539852,1.137803,-0.104228,0.090438,0.278399,-0.617620,-0.646604,0.957329,0.244521,-0.098863,0.223127,-0.018883
-0.075200,0.673704,0.734165,-0.060623,-0.035095,0.931449,-0.357066,-0.678933,0.327945,-0.083540,0.689012,-0.099847,-0.261800,-0.570354,-0.559441,-0.120122,0.653699,-0.077015,0.261800,0.018889,0.205542,0.127397,-0.787071,0.584955,-0.537838,1.133677,-0.108251,0.086535,0.286168,-0.637341,-0.634311,0.960829,0.196288,-0.095552,0.225579,-0.010759
-0.074556,0.680893,0.735584,-0.061973,-0.040726,0.932280,-0.354054,-0.683854,0.346386,-0.083641,0.663197,-0.076100,-0.261800,-0.569640,-0.529837,-0.124473,0.629770,-0.066918,0.261800,0.031073,0.206341,0.127052,-0.800352,0.597301,-0.543139,1.124994,-0.107803,0.084345,0.287704,-0.645362,-0.630857,0.964694,0.183860,-0.094291,0.227552,-0.007198
-0.073932,0.687834,0.736972,-0.063120,-0.046171,0.932975,-0.351342,-0.688111,0.363629,-0.083880,0.637225,-0.052533,-0.261800,-0.568990,-0.500419,-0.126701,0.607011,-0.055325,0.261800,0.043140,0.207213,0.126121,-0.813253,0.608704,-0.549135,1.116389,-0.107417,0.082269,0.289302,-0.652306,-0.627653,0.968362,0.172452,-0.093097,0.228293,-0.003833
-0.073580,0.694669,0.738188,-0.063987,-0.051399,0.933558,-0.348902,-0.691747,0.380404,-0.084329,0.611914,-0.029693,-0.261800,-0.567950,-0.471794,-0.128439,0.586012,-0.045188,0.261800,0.054683,0.208029,0.124906,-0.825513,0.619634,-0.555353,1.107844,-0.107042,0.080170,0.290922,-0.658469,-0.624717,0.972167,0.161023,-0.091854,0.228884,-0.000479
-0.074203,0.698955,0.739307,-0.064055,-0.054836,0.933330,-0.348978,-0.690711,0.389864,-0.085562,0.590770,-0.014532,-0.261800,-0.560840,-0.452778,-0.128904,0.569174,-0.039105,0.261800,0.061314,0.205696,0.122677,-0.830592,0.633030,-0.558224,1.104124,-0.108637,0.078921,0.292513,-0.668647,-0.628867,0.973401,0.127616,-0.088399,0.228178,0.003329
-0.075320,0.703394,0.740469,-0.063587,-0.058492,0.933108,-0.349063,-0.688733,0.400916,-0.086992,0.569215,0.000631,-0.261800,-0.553319,-0.432506,-0.129494,0.554365,-0.034431,0.261800,0.067714,0.204107,0.121112,-0.835218,0.646659,-0.560879,1.100254,-0.110131,0.077553,0.294068,-0.678446,-0.633436,0.974742,0.092721,-0.084615,0.228503,0.007109
-0.076515,0.707799,0.741500,-0.062922,-0.062089,0.932851,-0.349249,-0.686390,0.411892,-0.088509,0.548208,0.015200,-0.261800,-0.545411,-0.412408,-0.129894,0.540237,-0.030441,0.261800,0.073841,0.202677,0.119564,-0.839577,0.660082,-0.563535,1.096401,-0.111613,0.076195,0.295647,-0.687958,-0.638128,0.976243,0.057711,-0.080678,0.228969,0.010736
-0.077509,0.710749,0.742050,-0.062980,-0.063500,0.932573,-0.349726,-0.684864,0.417544,-0.086171,0.534344,0.025709,-0.261800,-0.541327,-0.401147,-0.126353,0.532167,-0.031726,0.261800,0.077070,0.199263,0.119736,-0.834995,0.674264,-0.551315,1.097412,-0.118425,0.074404,0.298672,-0.679878,-0.647727,0.967973,0.023353,-0.072252,0.230305,0.009356
-0.078991,0.713642,0.742449,-0.063040,-0.065272,0.932269,-0.350199,-0.683408,0.425139,-0.083018,0.520389,0.034876,-0.261800,-0.537898,-0.389203,-0.122991,0.526465,-0.034970,0.261800,0.080531,0.196332,0.118758,-0.829302,0.688398,-0.539018,1.098180,-0.125043,0.072425,0.301769,-0.670450,-0.657221,0.959565,-0.011597,-0.064007,0.231760,0.007601
-0.080552,0.716531,0.742834,-0.063138,-0.067057,0.931946,-0.350705,-0.682075,0.432635,-0.079877,0.506788,0.043710,-0.261800,-0.534479,-0.377393,-0.119590,0.521001,-0.038551,0.261800,0.083972,0.193442,0.117443,-0.823235,0.702394,-0.526618,1.098895,-0.131641,0.070436,0.304885,-0.660445,-0.666598,0.951041,-0.046561,-0.055882,0.233228,0.005570
-0.082969,0.717882,0.743230,-0.062531,-0.068564,0.931235,-0.352407,-0.680123,0.438020,-0.079801,0.498244,0.049235,-0.261800,-0.527613,-0.369118,-0.118213,0.518861,-0.045054,0.261800,0.089441,0.189509,0.116124,-0.809044,0.707069,-0.501216,1.086350,-0.145400,0.063791,0.316505,-0.645959,-0.667512,0.941300,-0.063951,-0.051666,0.235544,0.004989
-0.085184,0.719169,0.743645,-0.061956,-0.069938,0.930467,-0.354261,-0.678433,0.442800,-0.078853,0.489919,0.054999,-0.261800,-0.520677,-0.361344,-0.116658,0.516270,-0.051073,0.261800,0.093788,0.185770,0.114541,-0.792486,0.711604,-0.474418,1.072241,-0.158914,0.057537,0.329098,-0.631891,-0.667405,0.932743,-0.079474,-0.048004,0.236626,0.004462
-0.087607,0.720325,0.744072,-0.060838,-0.070948,0.929655,-0.356381,-0.675233,0.447097,-0.077940,0.482106,0.059994,-0.261800,-0.512468,-0.354181,-0.115173,0.515196,-0.058546,0.261800,0.096828,0.182706,0.112770,-0.771283,0.715495,-0.445760,1.055564,-0.172057,0.051276,0.342622,-0.615626,-0.668376,0.925119,-0.096948,-0.044573,0.238062,0.004008
-0.088856,0.721335,0.744406,-0.060681,-0.072704,0.929099,-0.357501,-0.675624,0.451777,-0.077557,0.475319,0.064406,-0.261800,-0.507558,-0.346594,-0.114042,0.510141,-0.061474,0.261800,0.101550,0.179176,0.112704,-0.757240,0.723885,-0.426855,1.028611,-0.178548,0.045957,0.353633,-0.602354,-0.678120,0.921960,-0.112319,-0.040798,0.238374,0.006029
-0.090373,0.721914,0.744618,-0.059689,-0.073630,0.928466,-0.359119,-0.673681,0.455013,-0.077012,0.470648,0.066498,-0.261800,-0.500334,-0.341447,-0.113456,0.507578,-0.066769,0.261800,0.105075,0.176658,0.112229,-0.735778,0.730569,-0.405411,0.996227,-0.184502,0.041789,0.366126,-0.584008,-0.691530,0.918777,-0.132598,-0.037112,0.239737,0.008417
-0.091767,0.722436,0.744928,-0.059130,-0.074872,0.927848,-0.360549,-0.672874,0.458610,-0.076432,0.465516,0.069136,-0.261800,-0.493908,-0.335822,-0.112876,0.503545,-0.070904,0.261800,0.109133,0.173827,0.111754,-0.716714,0.737214,-0.384377,0.965411,-0.190089,0.037603,0.378312,-0.567479,-0.703706,0.915302,-0.151121,-0.033406,0.240906,0.010587
-0.092682,0.722709,0.745084,-0.058727,-0.076421,0.927520,-0.361133,-0.673981,0.462146,-0.078175,0.463759,0.069493,-0.261800,-0.490136,-0.329994,-0.112029,0.500542,-0.072803,0.261800,0.111723,0.173558,0.113626,-0.704329,0.743545,-0.368227,0.940362,-0.194544,0.034513,0.387806,-0.556534,-0.711784,0.912395,-0.160114,-0.029074,0.242233,0.014406
-0.093416,0.722904,0.745197,-0.058419,-0.077822,0.927146,-0.361843,-0.675443,0.465377,-0.078984,0.462310,0.069637,-0.261800,-0.486457,-0.324832,-0.110725,0.497297,-0.074643,0.261800,0.114119,0.172863,0.115847,-0.693026,0.749745,-0.352369,0.916265,-0.198938,0.031078,0.397108,-0.546351,-0.719340,0.909364,-0.168024,-0.024668,0.242983,0.018147
-0.094068,0.723087,0.745223,-0.058102,-0.079209,0.926768,-0.362563,-0.676886,0.468573,-0.079790,0.460874,0.069769,-0.261800,-0.482752,-0.319705,-0.109387,0.494061,-0.076501,0.261800,0.116512,0.172080,0.118142,-0.681769,0.755777,-0.336487,0.892314,-0.203158,0.027521,0.406427,-0.536193,-0.726758,0.906207,-0.175763,-0.020242,0.243621,0.021833
-0.094815,0.723836,0.745043,-0.057847,-0.080407,0.926008,-0.364277,-0.680784,0.471290,-0.079852,0.460430,0.072218,-0.261800,-0.480974,-0.317249,-0.111975,0.495610,-0.080827,0.261800,0.120627,0.170030,0.119683,-0.671303,0.755987,-0.328191,0.877847,-0.203774,0.027097,0.411851,-0.532329,-0.742074,0.903670,-0.203946,-0.013191,0.243612,0.024409
-0.095738,0.724486,0.744719,-0.057684,-0.081703,0.925234,-0.365976,-0.685092,0.474389,-0.079815,0.460063,0.074415,-0.261800,-0.479702,-0.314802,-0.114575,0.497873,-0.085609,0.261800,0.125592,0.168335,0.120990,-0.661999,0.755353,-0.320529,0.864310,-0.204273,0.026311,0.417061,-0.527525,-0.758822,0.900239,-0.233967,-0.005727,0.244756,0.026599
-0.096590,0.725208,0.744481,-0.057551,-0.083013,0.924457,-0.367662,-0.689491,0.477501,-0.079795,0.459732,0.076582,-0.261800,-0.478533,-0.312358,-0.117150,0.500183,-0.090438,0.261800,0.130858,0.166664,0.122162,-0.652990,0.754410,-0.313125,0.850974,-0.204731,0.025430,0.422251,-0.522216,-0.775786,0.896382,-0.264290,0.001727,0.246058,0.028569
-0.097595,0.724291,0.744492,-0.057526,-0.084400,0.924258,-0.367851,-0.692268,0.481342,-0.080197,0.463527,0.074022,-0.261800,-0.475080,-0.309238,-0.117761,0.497419,-0.092636,0.261800,0.127765,0.165648,0.122786,-0.630940,0.765733,-0.331178,0.834466,-0.193265,0.027211,0.405714,-0.512939,-0.810759,0.851445,-0.294814,0.020755,0.241208,0.018104
-0.098400,0.723860,0.744495,-0.057384,-0.085907,0.924141,-0.367817,-0.695227,0.485556,-0.080354,0.466248,0.072804,-0.261800,-0.472392,-0.304994,-0.118598,0.494393,-0.093277,0.261800,0.127391,0.164237,0.123082,-0.610941,0.776847,-0.351827,0.818252,-0.182182,0.029170,0.388523,-0.498850,-0.845560,0.801466,-0.326613,0.039351,0.235914,0.007524
-0.099127,0.723511,0.744594,-0.057258,-0.087409,0.924033,-0.367757,-0.698213,0.489786,-0.080485,0.469013,0.071564,-0.261800,-0.469739,-0.300727,-0.119340,0.491309,-0.093886,0.261800,0.127651,0.162615,0.123089,-0.591163,0.787794,-0.372796,0.802562,-0.171355,0.030965,0.371138,-0.481739,-0.878996,0.748887,-0.358466,0.057219,0.230253,-0.003274
-0.099374,0.722117,0.744486,-0.056806,-0.088125,0.923707,-0.368472,-0.701850,0.490203,-0.081599,0.476563,0.068082,-0.261800,-0.464513,-0.300396,-0.120214,0.487203,-0.094358,0.261800,0.130735,0.159103,0.121547,-0.581856,0.777535,-0.399063,0.801517,-0.161754,0.035460,0.352767,-0.478344,-0.892941,0.698786,-0.365391,0.069499,0.227783,-0.018242
-0.099718,0.721349,0.744415,-0.056018,-0.089095,0.923469,-0.368958,-0.705432,0.492170,-0.083607,0.483492,0.065546,-0.261800,-0.459514,-0.298279,-0.121548,0.483798,-0.095947,0.261800,0.134261,0.155774,0.120695,-0.572646,0.766143,-0.424204,0.803101,-0.151958,0.038964,0.334057,-0.474859,-0.903380,0.648098,-0.368526,0.081446,0.223337,-0.033267
-0.100032,0.720605,0.744351,-0.055163,-0.090023,0.923237,-0.369441,-0.708943,0.494093,-0.085653,0.490498,0.063015,-0.261800,-0.454439,-0.296174,-0.122810,0.480410,-0.097511,0.261800,0.137636,0.152385,0.120012,-0.560276,0.752148,-0.445745,0.806023,-0.141614,0.041936,0.314806,-0.467687,-0.910188,0.594874,-0.369406,0.092857,0.217669,-0.048107
-0.100809,0.721246,0.744036,-0.052500,-0.093180,0.922592,-0.370656,-0.715921,0.503236,-0.089899,0.496825,0.064625,-0.261800,-0.447637,-0.286126,-0.126175,0.479575,-0.099101,0.261800,0.149937,0.151127,0.114793,-0.549393,0.727047,-0.488833,0.715192,-0.126871,0.039905,0.283154,-0.495315,-0.896799,0.567459,-0.382411,0.096768,0.207957,-0.054590
-0.101421,0.721211,0.743660,-0.050154,-0.095723,0.921848,-0.372181,-0.723408,0.510094,-0.093423,0.505545,0.064623,-0.261800,-0.439648,-0.278910,-0.128832,0.476940,-0.101648,0.261800,0.158759,0.148850,0.109877,-0.525096,0.699110,-0.518945,0.621137,-0.112497,0.041316,0.250009,-0.516272,-0.874457,0.537267,-0.388715,0.099785,0.195927,-0.060944
-0.102044,0.721183,0.743389,-0.047731,-0.098170,0.921084,-0.373748,-0.730845,0.516752,-0.097140,0.514362,0.064589,-0.261800,-0.431524,-0.271804,-0.131406,0.474341,-0.104224,0.261800,0.166295,0.146535,0.105195,-0.487121,0.664169,-0.534440,0.529954,-0.097795,0.042170,0.214353,-0.522841,-0.840563,0.498554,-0.387639,0.101189,0.180741,-0.066784
-0.105051,0.720509,0.742988,-0.043470,-0.102086,0.918861,-0.378661,-0.740958,0.528323,-0.101087,0.525828,0.068138,-0.261800,-0.411989,-0.262988,-0.144115,0.470697,-0.112510,0.261800,0.189528,0.145728,0.098696,-0.449795,0.618854,-0.518585,0.403409,-0.092416,0.036494,0.185020,-0.518305,-0.777155,0.471929,-0.364374,0.095998,0.166327,-0.058414
-0.107965,0.719967,0.742652,-0.038815,-0.105858,0.916615,-0.383542,-0.750923,0.539842,-0.105383,0.537271,0.072057,-0.261800,-0.391561,-0.253718,-0.156847,0.465953,-0.120927,0.261800,0.210511,0.145427,0.093470,-0.390731,0.563250,-0.480341,0.280364,-0.085913,0.031010,0.154914,-0.493091,-0.697014,0.432523,-0.329754,0.088545,0.147440,-0.048991
-0.111090,0.719158,0.742479,-0.033918,-0.109509,0.914325,-0.388416,-0.760601,0.551358,-0.110118,0.548760,0.075813,-0.261800,-0.370435,-0.244215,-0.169342,0.460795,-0.129401,0.261800,0.230590,0.145336,0.088609,-0.310684,0.498034,-0.421562,0.163176,-0.077815,0.024115,0.123445,-0.443467,-0.603034,0.378207,-0.286301,0.079182,0.124322,-0.038602
-0.117555,0.716826,0.742384,-0.025042,-0.117053,0.909671,-0.397706,-0.770628,0.575038,-0.116186,0.559339,0.076644,-0.261800,-0.329527,-0.224840,-0.199091,0.449195,-0.133557,0.261800,0.255384,0.149084,0.076610,-0.244572,0.416376,-0.356629,0.085062,-0.063392,0.021123,0.091503,-0.369829,-0.488053,0.317520,-0.240722,0.064271,0.100875,-0.029183
-0.124382,0.713590,0.742484,-0.015025,-0.124289,0.904841,-0.406927,-0.779231,0.599214,-0.123373,0.570235,0.076782,-0.261800,-0.284264,-0.203856,-0.227960,0.433644,-0.137042,0.261800,0.282058,0.153907,0.065598,-0.168091,0.331707,-0.285064,0.014466,-0.048896,0.015141,0.058464,-0.280088,-0.374325,0.247130,-0.193975,0.048774,0.075532,-0.018817
-0.131780,0.709664,0.742881,-0.004347,-0.131177,0.899785,-0.416126,-0.787130,0.623568,-0.131581,0.581091,0.076504,-0.261800,-0.236159,-0.181615,-0.255637,0.415380,-0.140437,0.261800,0.309157,0.158909,0.054517,-0.085905,0.253958,-0.215377,-0.055309,-0.035590,0.008607,0.026514,-0.185411,-0.270148,0.175962,-0.152568,0.034174,0.051554,-0.008158
-0.139035,0.705679,0.743441,0.005343,-0.136026,0.890617,-0.433901,-0.793800,0.624386,-0.152729,0.585788,0.077347,-0.261800,-0.186684,-0.163917,-0.293340,0.405842,-0.130655,0.261800,0.329427,0.156778,0.041034,-0.032905,0.166696,-0.128972,-0.037203,-0.020305,0.008077,0.011122,-0.097268,-0.176930,0.107214,-0.098454,0.021070,0.031010,-0.001025
-0.146466,0.700886,0.744227,0.015505,-0.140366,0.880859,-0.451823,-0.799969,0.624204,-0.174450,0.590060,0.077998,-0.261800,-0.135443,-0.147186,-0.330465,0.396214,-0.122898,0.261800,0.349578,0.155514,0.028780,0.009786,0.093366,-0.059483,-0.017571,-0.007425,0.003947,-0.003627,-0.026232,-0.106660,0.051402,-0.055203,0.010552,0.013691,0.005803
-0.154021,0.694867,0.745187,0.024733,-0.144994,0.870758,-0.469197,-0.808339,0.623908,-0.195849,0.593691,0.078525,-0.261800,-0.085620,-0.130897,-0.366030,0.385118,-0.115832,0.261800,0.369517,0.152166,0.014431,0.040537,0.041153,-0.010413,-0.006349,0.001718,-0.000240,-0.017159,0.024586,-0.058383,0.008573,-0.026042,0.002721,0.001457,0.012369
-0.167991,0.670860,0.747623,0.032934,-0.137928,0.852044,-0.503897,-0.781728,0.578848,-0.218879,0.625217,0.033339,-0.261800,-0.045969,-0.112795,-0.305951,0.450344,-0.050275,0.261800,0.353562,0.139854,0.011146,0.078052,0.012350,0.018802,-0.009290,0.004055,-0.002122,-0.018364,0.069035,-0.020939,-0.020325,-0.011543,-0.000145,-0.005302,0.010039
-0.181224,0.648554,0.750753,0.040670,-0.133414,0.833006,-0.535395,-0.756933,0.542972,-0.243107,0.641823,0.000034,-0.261800,-0.021974,-0.081646,-0.249629,0.525928,0.019185,0.261800,0.340000,0.126455,0.005051,0.105259,0.001780,0.030165,-0.025174,0.002763,-0.003607,-0.018566,0.096320,0.007062,-0.043278,-0.007907,-0.001881,-0.007597,0.007710
-0.194505,0.627245,0.755046,0.048532,-0.131556,0.813503,-0.564403,-0.732961,0.516278,-0.269455,0.644009,-0.022950,-0.261800,-0.009048,-0.038276,-0.202221,0.606538,0.094791,0.261800,0.330187,0.114473,-0.004100,0.124094,-0.001656,0.028118,-0.050502,-0.000703,-0.004842,-0.018296,0.112259,0.029129,-0.064636,-0.010970,-0.003229,-0.007646,0.005466
-0.165100,0.586200,0.753948,0.050737,-0.113906,0.796853,-0.591165,-0.703247,0.420927,-0.236007,0.753452,-0.127489,-0.214523,0.011068,-0.108244,-0.155598,0.645339,0.087972,0.261800,0.304221,0.090789,-0.000808,0.118364,0.013921,0.007865,-0.023518,-0.004140,-0.003819,-0.020513,0.113424,0.053340,-0.091400,0.016635,-0.015004,-0.008218,-0.000128
-0.121504,0.554232,0.753366,0.026878,-0.073548,0.770311,-0.632842,-0.661770,0.220904,-0.132718,0.804331,-0.180569,-0.100258,-0.000914,-0.267787,-0.113994,0.730275,0.059066,0.261800,0.243203,0.063018,-0.005356,0.147517,-0.022552,0.049236,0.009823,0.002875,-0.004899,-0.013410,0.139297,0.035274,-0.057602,0.012211,-0.011290,-0.013219,0.006446
-0.105723,0.533479,0.754579,0.022677,-0.057189,0.747627,-0.661263,-0.627445,0.128285,-0.112194,0.813836,-0.206508,-0.052175,-0.026746,-0.319995,-0.110955,0.839871,0.004892,0.175205,0.219238,0.058822,-0.010141,0.166682,-0.026220,0.071777,0.011445,0.008395,-0.004489,-0.014224,0.161159,0.021961,-0.057288,-0.000167,-0.005909,-0.012809,0.008433
-0.102935,0.521795,0.758347,0.023034,-0.052889,0.729191,-0.681874,-0.598252,0.093208,-0.115708,0.788962,-0.205314,-0.037010,-0.081031,-0.324830,-0.131055,0.893475,-0.034284,0.138710,0.203252,0.052495,-0.010962,0.173674,-0.018317,0.073147,0.011476,0.011001,-0.005715,-0.020060,0.170897,0.020167,-0.064506,-0.002568,-0.005899,-0.013267,0.009169
-0.100065,0.510226,0.762798,0.024729,-0.050992,0.711034,-0.700870,-0.569578,0.065082,-0.124036,0.762110,-0.203287,-0.021597,-0.134687,-0.323526,-0.152425,0.941480,-0.070778,0.100533,0.189853,0.050548,-0.013528,0.180984,-0.014876,0.077522,0.013221,0.014022,-0.007078,-0.024662,0.183580,0.025127,-0.075888,-0.001661,-0.006953,-0.015044,0.010098
-0.097087,0.498876,0.767193,0.026844,-0.049631,0.692756,-0.718962,-0.541184,0.039551,-0.133889,0.735280,-0.201106,-0.006589,-0.188139,-0.321267,-0.173901,0.989300,-0.108157,0.062515,0.177633,0.050073,-0.016432,0.187734,-0.015846,0.085999,0.017448,0.018078,-0.008262,-0.028143,0.198349,0.034232,-0.089146,0.000711,-0.008332,-0.016807,0.010440
-0.095136,0.488187,0.769842,0.026768,-0.049253,0.677718,-0.733182,-0.521788,0.021505,-0.142394,0.720110,-0.202345,0.002274,-0.243624,-0.318822,-0.183017,0.981970,-0.128478,0.057273,0.167640,0.044876,-0.016067,0.213225,-0.021407,0.103699,0.022008,0.018031,-0.009760,-0.027225,0.221579,0.043418,-0.105958,0.010335,-0.010035,-0.019267,0.009530
-0.092944,0.477215,0.772690,0.027076,-0.049653,0.662805,-0.746653,-0.502410,0.005436,-0.151651,0.704479,-0.204034,0.011948,-0.299238,-0.314526,-0.192204,0.972876,-0.147760,0.052168,0.158942,0.041379,-0.017929,0.235685,-0.029009,0.123773,0.028497,0.018783,-0.011144,-0.025060,0.243768,0.054120,-0.122756,0.021280,-0.011717,-0.022120,0.008046
-0.090629,0.466273,0.775605,0.027533,-0.050339,0.647749,-0.759690,-0.483061,-0.009793,-0.161405,0.688304,-0.205391,0.021668,-0.355427,-0.309831,-0.201621,0.964090,-0.167079,0.047197,0.150691,0.038463,-0.020435,0.252415,-0.037678,0.145249,0.036765,0.019920,-0.012573,-0.021602,0.261925,0.065710,-0.139146,0.033470,-0.013342,-0.024852,0.005736
-0.089265,0.456005,0.777024,0.027304,-0.051664,0.627716,-0.776246,-0.473129,-0.017958,-0.156942,0.680032,-0.208628,0.033403,-0.385546,-0.298487,-0.194370,0.929899,-0.165930,0.058268,0.135792,0.036512,-0.027455,0.273960,-0.036880,0.149894,0.032844,0.019813,-0.014424,-0.027058,0.281889,0.067074,-0.146963,0.028918,-0.014240,-0.027815,0.007572
-0.087527,0.445560,0.778715,0.027916,-0.053139,0.607541,-0.792017,-0.461263,-0.024746,-0.152784,0.670577,-0.211858,0.045793,-0.413354,-0.286150,-0.187074,0.893069,-0.163867,0.068923,0.121291,0.036053,-0.035117,0.291440,-0.035432,0.153957,0.027107,0.019716,-0.015426,-0.031122,0.298446,0.068490,-0.154252,0.022377,-0.015011,-0.029291,0.008752
-0.083384,0.438496,0.780963,0.028112,-0.056042,0.587193,-0.807015,-0.448360,-0.033323,-0.145825,0.642185,-0.198928,0.062384,-0.441085,-0.274868,-0.177508,0.837329,-0.145359,0.082389,0.104162,0.040033,-0.045742,0.299417,-0.041631,0.159102,0.036168,0.020475,-0.018278,-0.033898,0.308027,0.082371,-0.157393,0.026499,-0.020627,-0.033160,0.007740
-0.084591,0.426765,0.781085,0.029918,-0.056424,0.569275,-0.819663,-0.442863,-0.033596,-0.150146,0.658956,-0.219351,0.063329,-0.460633,-0.274539,-0.175762,0.817609,-0.151414,0.096914,0.092993,0.036428,-0.046331,0.312813,-0.034981,0.164024,0.022866,0.020648,-0.017938,-0.034674,0.317817,0.073514,-0.164677,0.022303,-0.017000,-0.031676,0.010710
-0.083919,0.418245,0.781188,0.031837,-0.058146,0.551398,-0.831604,-0.438736,-0.035100,-0.152959,0.664207,-0.228136,0.069539,-0.481524,-0.274060,-0.171745,0.783857,-0.143866,0.113802,0.080086,0.036995,-0.049209,0.315464,-0.034840,0.166664,0.020123,0.021018,-0.017179,-0.033576,0.318881,0.073981,-0.167029,0.025573,-0.016959,-0.030712,0.011894
-0.082900,0.409729,0.781583,0.033765,-0.060080,0.533291,-0.843120,-0.434061,-0.036534,-0.155706,0.666971,-0.235394,0.076070,-0.502241,-0.273845,-0.167237,0.748309,-0.135341,0.130640,0.067054,0.038245,-0.052821,0.308204,-0.034715,0.165623,0.017346,0.020780,-0.017039,-0.031628,0.309027,0.074079,-0.163742,0.029925,-0.017201,-0.029784,0.013112
-0.082536,0.400788,0.780599,0.035563,-0.062798,0.512456,-0.855676,-0.438934,-0.029180,-0.144762,0.681688,-0.249607,0.076857,-0.509060,-0.271997,-0.155106,0.718162,-0.115755,0.154600,0.051050,0.035969,-0.055433,0.291226,-0.034743,0.158268,0.019847,0.019756,-0.015542,-0.029951,0.292330,0.072892,-0.154943,0.027783,-0.016020,-0.028422,0.011654
-0.081959,0.391665,0.779592,0.038045,-0.065776,0.491644,-0.867475,-0.443989,-0.020542,-0.134851,0.697731,-0.266139,0.079559,-0.515682,-0.268684,-0.142568,0.688038,-0.096748,0.178153,0.035853,0.034611,-0.058667,0.258796,-0.034220,0.143017,0.021745,0.017809,-0.013663,-0.026941,0.259901,0.068214,-0.137804,0.023767,-0.014027,-0.025237,0.010017
-0.081370,0.382552,0.778580,0.040881,-0.068835,0.470669,-0.878670,-0.449206,-0.011174,-0.125132,0.714202,-0.282959,0.082150,-0.522146,-0.264929,-0.129521,0.657959,-0.078314,0.201400,0.021073,0.033772,-0.062169,0.208268,-0.032775,0.118921,0.022762,0.014751,-0.010824,-0.022164,0.208862,0.059508,-0.110348,0.018295,-0.010971,-0.020210,0.008197
-0.082596,0.374265,0.776759,0.042679,-0.070404,0.451982,-0.888220,-0.458412,-0.001363,-0.117691,0.735914,-0.296468,0.080119,-0.525168,-0.265102,-0.122145,0.628157,-0.071980,0.228544,0.013669,0.028923,-0.062014,0.145315,-0.024182,0.085480,0.018017,0.010607,-0.007587,-0.014617,0.146119,0.042168,-0.073203,0.011567,-0.007158,-0.013905,0.005656
-0.083735,0.365836,0.775009,0.044662,-0.071861,0.433162,-0.897336,-0.467253,0.008764,-0.110291,0.757772,-0.310226,0.078043,-0.528102,-0.265506,-0.114294,0.598998,-0.066551,0.255347,0.006621,0.023900,-0.062183,0.065997,-0.014718,0.043308,0.012550,0.005573,-0.003155,-0.005718,0.067162,0.020659,-0.026757,0.003571,-0.002548,-0.006709,0.003187
-0.092026,0.353587,0.774759,0.049612,-0.075158,0.416398,-0.904711,-0.478999,0.039664,-0.110957,0.776852,-0.320918,0.061126,-0.535392,-0.244877,-0.116766,0.571221,-0.061576,0.261799,0.005081,0.014968,-0.060749,-0.026352,-0.002455,-0.012337,0.004925,-0.000730,0.001459,0.002532,-0.024935,-0.002626,0.019943,-0.003020,0.001383,0.001919,-0.001197
-0.098173,0.341519,0.773275,0.054920,-0.080050,0.403611,-0.909766,-0.497214,0.073344,-0.114244,0.803655,-0.336223,0.042082,-0.537042,-0.227291,-0.119333,0.558656,-0.043873,0.261800,0.004905,0.009384,-0.059736,-0.121552,0.014019,-0.066451,-0.008324,-0.008189,0.006054,0.012653,-0.121227,-0.028704,0.063890,-0.011579,0.006483,0.011825,-0.005507
-0.104116,0.329147,0.771705,0.060699,-0.085046,0.391041,-0.914423,-0.516169,0.108076,-0.118342,0.830667,-0.351336,0.022785,-0.539420,-0.208698,-0.121698,0.546488,-0.026282,0.261800,0.005222,0.004738,-0.059197,-0.208918,0.029366,-0.116261,-0.020437,-0.015179,0.010650,0.021880,-0.209036,-0.051783,0.104091,-0.019341,0.011221,0.021025,-0.009339
-0.109754,0.316236,0.769973,0.066814,-0.089939,0.378515,-0.918789,-0.535103,0.143341,-0.123347,0.856848,-0.365866,0.003244,-0.542075,-0.189674,-0.123945,0.534793,-0.009046,0.261800,0.005842,0.000576,-0.058963,-0.276761,0.041706,-0.155335,-0.030192,-0.020680,0.014304,0.028910,-0.276197,-0.068889,0.134112,-0.025335,0.014928,0.028224,-0.012371
-0.113612,0.307206,0.767639,0.071360,-0.093683,0.367718,-0.922450,-0.554881,0.167764,-0.130036,0.880006,-0.376873,-0.011414,-0.547822,-0.181812,-0.127391,0.541401,-0.007786,0.261800,0.007496,-0.002816,-0.058132,-0.312110,0.046791,-0.173968,-0.034812,-0.022775,0.016634,0.033552,-0.315929,-0.081019,0.157442,-0.028516,0.016797,0.031901,-0.012239
-0.117618,0.297826,0.765265,0.075114,-0.097118,0.356411,-0.926227,-0.574518,0.189970,-0.136761,0.901634,-0.386689,-0.025944,-0.555549,-0.176343,-0.130313,0.551664,-0.008496,0.261800,0.008513,-0.007904,-0.057370,-0.312532,0.046256,-0.172503,-0.035667,-0.021945,0.016799,0.034071,-0.319802,-0.082739,0.162638,-0.027986,0.016538,0.031924,-0.011080
-0.121565,0.288248,0.762884,0.078658,-0.100427,0.344953,-0.929911,-0.594098,0.211459,-0.143685,0.922454,-0.395982,-0.040447,-0.563953,-0.171627,-0.133050,0.562998,-0.009772,0.261800,0.009276,-0.013750,-0.056742,-0.277729,0.040602,-0.151344,-0.033153,-0.018338,0.014948,0.030763,-0.287634,-0.073606,0.148898,-0.024072,0.014204,0.028418,-0.008622
-0.128081,0.276254,0.761937,0.084526,-0.105863,0.336341,-0.931946,-0.613299,0.243634,-0.162733,0.929703,-0.398450,-0.062998,-0.570227,-0.145900,-0.128961,0.565663,-0.015042,0.261800,0.008021,-0.021001,-0.056347,-0.214832,0.033138,-0.119139,-0.024370,-0.015222,0.011963,0.022948,-0.223235,-0.063202,0.115937,-0.016558,0.011262,0.021325,-0.007251
-0.134164,0.263982,0.760929,0.091045,-0.111056,0.328029,-0.933689,-0.631317,0.277112,-0.182395,0.935438,-0.400871,-0.086606,-0.574857,-0.118810,-0.125080,0.566386,-0.019448,0.261800,0.007922,-0.027752,-0.055943,-0.132224,0.021943,-0.075717,-0.013382,-0.010710,0.007446,0.013340,-0.138043,-0.046949,0.071552,-0.007849,0.007491,0.012258,-0.005155
-0.139817,0.251313,0.759990,0.097750,-0.115878,0.319673,-0.935322,-0.648329,0.310618,-0.202419,0.939494,-0.402763,-0.110245,-0.578775,-0.091717,-0.121202,0.567169,-0.024069,0.261800,0.008126,-0.034472,-0.055518,-0.041210,0.008779,-0.026716,-0.001745,-0.005412,0.002314,0.003118,-0.044277,-0.027605,0.022371,0.001369,0.003353,0.002426,-0.002844
-0.144216,0.241422,0.759168,0.101850,-0.117850,0.314134,-0.936514,-0.658038,0.332968,-0.217509,0.940627,-0.400727,-0.126683,-0.578115,-0.081779,-0.110142,0.563639,-0.021365,0.261800,0.008345,-0.033828,-0.056003,0.051352,-0.005928,0.025155,0.006745,0.001475,-0.002672,-0.006178,0.051400,0.000943,-0.025593,0.005290,-0.001270,-0.006488,0.001323
-0.148543,0.231410,0.758658,0.105592,-0.119373,0.308256,-0.937859,-0.665394,0.353763,-0.232837,0.938341,-0.398328,-0.145438,-0.576192,-0.072960,-0.098843,0.559318,-0.018425,0.261800,0.007337,-0.033847,-0.056468,0.134638,-0.018961,0.072239,0.012869,0.008130,-0.007069,-0.014265,0.136854,0.028483,-0.068810,0.008006,-0.005954,-0.013939,0.004869
-0.152758,0.221281,0.758139,0.109271,-0.120661,0.302225,-0.939234,-0.671976,0.374194,-0.247988,0.934872,-0.395453,-0.164057,-0.573679,-0.064556,-0.087524,0.554997,-0.015617,0.261800,0.005815,-0.034120,-0.056780,0.203143,-0.030037,0.111164,0.016518,0.013853,-0.010662,-0.020572,0.207065,0.052761,-0.105283,0.009055,-0.009987,-0.019768,0.007581
-0.156429,0.211171,0.757302,0.112420,-0.122105,0.298821,-0.939765,-0.676237,0.398328,-0.257023,0.928339,-0.394788,-0.180934,-0.575626,-0.056969,-0.083064,0.553622,-0.013260,0.261800,0.004381,-0.035021,-0.056956,0.251867,-0.035640,0.137086,0.025476,0.018129,-0.012710,-0.027154,0.258003,0.067677,-0.128897,0.018601,-0.013577,-0.023990,0.010466
-0.160010,0.200919,0.756513,0.115456,-0.123578,0.295463,-0.940266,-0.680857,0.422414,-0.265776,0.921443,-0.393631,-0.199292,-0.578215,-0.049590,-0.078362,0.552878,-0.011052,0.261800,0.003194,-0.036113,-0.056839,0.284466,-0.039721,0.154095,0.033411,0.021170,-0.014538,-0.032269,0.292533,0.078857,-0.144889,0.028311,-0.016441,-0.027340,0.012950
-0.163541,0.190756,0.755626,0.118472,-0.125021,0.292092,-0.940753,-0.685503,0.446450,-0.274415,0.914028,-0.392150,-0.217561,-0.580944,-0.042296,-0.073629,0.552447,-0.008984,0.261800,0.002048,-0.037203,-0.056654,0.304470,-0.042211,0.163157,0.040388,0.023302,-0.015778,-0.036264,0.314094,0.086842,-0.154315,0.038031,-0.018846,-0.029414,0.015474
-0.162580,0.185973,0.753807,0.116719,-0.124483,0.287858,-0.942347,-0.687155,0.446793,-0.274085,0.919460,-0.397505,-0.220837,-0.575850,-0.064072,-0.056551,0.532364,0.012567,0.261800,-0.005197,-0.033895,-0.058577,0.320362,-0.046576,0.177905,0.039831,0.024233,-0.017457,-0.035214,0.328311,0.093145,-0.163374,0.033428,-0.018734,-0.032850,0.014203
-0.161709,0.181143,0.752135,0.113942,-0.123617,0.282912,-0.944297,-0.687859,0.445354,-0.270776,0.923218,-0.401744,-0.225022,-0.569235,-0.088776,-0.039687,0.509588,0.035180,0.261800,-0.014192,-0.032232,-0.060525,0.330944,-0.049674,0.188769,0.039153,0.024756,-0.018298,-0.034484,0.336054,0.097355,-0.167442,0.028674,-0.018098,-0.034665,0.013418
-0.160983,0.176250,0.750414,0.110589,-0.122507,0.277668,-0.946395,-0.688331,0.442490,-0.267127,0.927484,-0.406300,-0.229187,-0.562364,-0.115111,-0.022981,0.486561,0.057635,0.261800,-0.023921,-0.031768,-0.062373,0.337164,-0.053181,0.196219,0.039921,0.024556,-0.018200,-0.033284,0.338244,0.101270,-0.167597,0.025876,-0.017106,-0.035140,0.013387
-0.162832,0.166367,0.750099,0.110823,-0.122419,0.274834,-0.947206,-0.683881,0.459305,-0.269154,0.914830,-0.400342,-0.242922,-0.560665,-0.125930,-0.021422,0.479992,0.078670,0.261800,-0.026428,-0.026076,-0.062275,0.338236,-0.050646,0.198376,0.035211,0.025173,-0.019086,-0.032888,0.344580,0.102159,-0.176217,0.021654,-0.016232,-0.034571,0.009011
-0.164652,0.156531,0.749866,0.110661,-0.122386,0.271928,-0.948067,-0.679648,0.475509,-0.269817,0.901430,-0.393277,-0.257643,-0.559118,-0.137566,-0.019551,0.472445,0.100456,0.261800,-0.029087,-0.021715,-0.062406,0.335788,-0.052186,0.199451,0.032988,0.024783,-0.018912,-0.032464,0.347763,0.105470,-0.184300,0.020020,-0.015066,-0.033276,0.006024
-0.166852,0.148981,0.750567,0.106340,-0.122646,0.267186,-0.949875,-0.676134,0.476824,-0.262485,0.883967,-0.380688,-0.261799,-0.557611,-0.160124,-0.016155,0.455709,0.129226,0.261800,-0.036202,-0.023082,-0.062586,0.326621,-0.060137,0.201593,0.034278,0.024113,-0.018156,-0.032119,0.343873,0.112427,-0.189650,0.021365,-0.013831,-0.031747,0.004603
-0.179408,0.136533,0.755216,0.099111,-0.124727,0.261669,-0.951919,-0.669621,0.479033,-0.253669,0.820567,-0.330809,-0.261800,-0.557022,-0.162443,-0.024442,0.433928,0.125514,0.261800,-0.042857,-0.029031,-0.059405,0.320609,-0.063825,0.195157,0.029465,0.028161,-0.019421,-0.033530,0.338055,0.120527,-0.188667,0.022085,-0.019381,-0.030874,0.006507
-0.191885,0.124211,0.759324,0.092449,-0.126283,0.256180,-0.953875,-0.661976,0.481799,-0.244269,0.759228,-0.282721,-0.261800,-0.557715,-0.164196,-0.032029,0.417612,0.119008,0.261800,-0.049989,-0.033039,-0.056348,0.299073,-0.071783,0.184249,0.024877,0.031014,-0.019210,-0.033894,0.316385,0.130069,-0.181293,0.022149,-0.023607,-0.029536,0.009807
-0.204106,0.112023,0.762502,0.087179,-0.127395,0.251319,-0.955515,-0.654981,0.487266,-0.236026,0.703382,-0.238449,-0.261800,-0.559711,-0.163168,-0.039017,0.406694,0.109860,0.261800,-0.055888,-0.033604,-0.052962,0.251285,-0.080050,0.161942,0.018679,0.031398,-0.017319,-0.032288,0.268177,0.133516,-0.160896,0.018654,-0.025451,-0.026817,0.012898
-0.212293,0.104510,0.762402,0.079995,-0.125135,0.249262,-0.956980,-0.646466,0.486884,-0.218292,0.674627,-0.212434,-0.261800,-0.569265,-0.177637,-0.046811,0.424728,0.083567,0.261800,-0.055496,-0.024509,-0.034532,0.256633,-0.023765,0.138281,0.005793,0.027447,-0.015946,-0.025164,0.263947,0.072976,-0.129836,-0.007599,-0.019219,-0.026353,0.005542
-0.220705,0.097440,0.762194,0.073100,-0.124711,0.248271,-0.957844,-0.643853,0.488318,-0.201134,0.648748,-0.187175,-0.261800,-0.581586,-0.189806,-0.053971,0.437061,0.062031,0.261800,-0.055959,-0.019316,-0.021429,0.223697,0.043857,0.089213,-0.013765,0.019725,-0.013486,-0.013172,0.226716,-0.007152,-0.090151,-0.039527,-0.012703,-0.023355,-0.005175
-0.228916,0.090230,0.761791,0.066125,-0.124694,0.247266,-0.958613,-0.642146,0.489685,-0.184139,0.624215,-0.163300,-0.261800,-0.595712,-0.202195,-0.060738,0.452124,0.038757,0.261800,-0.057787,-0.014942,-0.013734,0.162733,0.130414,0.020174,-0.049399,0.009676,-0.008788,0.004153,0.163685,-0.118443,-0.036727,-0.089522,-0.005475,-0.016869,-0.019994
-0.231121,0.083276,0.760678,0.059507,-0.124731,0.247672,-0.958937,-0.633949,0.491294,-0.164669,0.609062,-0.154822,-0.261800,-0.604144,-0.207113,-0.051969,0.464807,0.023807,0.261800,-0.052630,-0.010007,-0.007166,0.084918,0.231427,-0.048606,-0.045209,-0.005889,0.000744,0.033866,0.070143,-0.237260,0.028646,0.006940,-0.001702,0.014517,-0.041954
-0.233132,0.076244,0.759682,0.052863,-0.124346,0.248089,-0.959268,-0.624305,0.492722,-0.144851,0.594524,-0.147418,-0.261800,-0.611825,-0.212022,-0.042857,0.478803,0.007526,0.261800,-0.049381,-0.005109,-0.004335,0.005467,0.343527,-0.122783,-0.047561,-0.021083,0.007205,0.065954,-0.038085,-0.370144,0.110149,0.109173,0.000157,0.035761,-0.067523
-0.235800,0.069645,0.758588,0.046449,-0.124281,0.248599,-0.959477,-0.617042,0.494328,-0.126082,0.580235,-0.138787,-0.261800,-0.619876,-0.216085,-0.034082,0.489376,-0.005455,0.261800,-0.045270,0.000446,0.005017,-0.075352,0.458005,-0.194124,-0.050034,-0.039489,0.014270,0.101806,-0.152897,-0.515059,0.195680,0.209207,0.005863,0.060964,-0.098506
-0.237681,0.065791,0.756445,0.039435,-0.121671,0.252507,-0.959104,-0.607449,0.492880,-0.107029,0.581197,-0.138040,-0.261800,-0.635815,-0.223559,-0.028497,0.512508,-0.010763,0.261800,-0.039032,-0.002472,0.008748,-0.149014,0.549268,-0.273426,0.052578,-0.050813,0.029762,0.123456,-0.266103,-0.641527,0.284118,0.371887,0.017909,0.085864,-0.118248
-0.240172,0.062279,0.754226,0.032438,-0.119199,0.256416,-0.958640,-0.599787,0.491316,-0.088876,0.582531,-0.136389,-0.261800,-0.653207,-0.230476,-0.022450,0.535021,-0.014534,0.261800,-0.031638,-0.004910,0.016770,-0.199712,0.623698,-0.335182,0.171779,-0.059825,0.038149,0.143206,-0.356361,-0.753778,0.357871,0.547030,0.032062,0.107426,-0.136930
-0.242741,0.058796,0.752017,0.025532,-0.116466,0.260228,-0.958157,-0.591880,0.489786,-0.071066,0.583943,-0.134772,-0.261800,-0.670441,-0.236974,-0.016135,0.557679,-0.018262,0.261800,-0.024277,-0.006855,0.026008,-0.211800,0.677733,-0.371384,0.299974,-0.064643,0.043056,0.159427,-0.408905,-0.843728,0.409557,0.731494,0.045989,0.125151,-0.152423
-0.243017,0.057900,0.750032,0.019863,-0.114928,0.261888,-0.958025,-0.589884,0.483327,-0.057786,0.591434,-0.140526,-0.261800,-0.683459,-0.247620,-0.012331,0.574200,-0.021369,0.261800,-0.014257,-0.015479,0.031761,-0.225097,0.720729,-0.401327,0.369155,-0.072358,0.045831,0.175890,-0.481975,-0.928290,0.464745,0.788736,0.050367,0.130536,-0.156487
-0.243156,0.057012,0.747917,0.014394,-0.113025,0.263374,-0.957942,-0.587606,0.476966,-0.045055,0.599954,-0.147109,-0.261800,-0.696130,-0.258101,-0.008386,0.592088,-0.025483,0.261800,-0.005635,-0.021394,0.038618,-0.202638,0.744777,-0.405005,0.442763,-0.076855,0.048047,0.188200,-0.522242,-0.993313,0.501300,0.848222,0.053762,0.137027,-0.156771
-0.243322,0.056205,0.745914,0.009036,-0.111030,0.264787,-0.957851,-0.585241,0.470825,-0.032564,0.608580,-0.153844,-0.261800,-0.708607,-0.268259,-0.004361,0.610043,-0.029699,0.261800,0.002318,-0.026591,0.045665,-0.155200,0.753490,-0.390805,0.521181,-0.078711,0.049111,0.197139,-0.537429,-1.040429,0.522561,0.912293,0.055841,0.141901,-0.154526
-0.243651,0.054625,0.743582,0.005267,-0.109171,0.264768,-0.958098,-0.584813,0.467883,-0.026102,0.616603,-0.159978,-0.261800,-0.720127,-0.278526,-0.002313,0.632098,-0.040690,0.261800,0.004189,-0.034307,0.048055,-0.130190,0.730104,-0.391103,0.586183,-0.082001,0.052432,0.201713,-0.555075,-1.049596,0.545520,0.954554,0.059264,0.144155,-0.150892
-0.243988,0.053142,0.741165,0.001525,-0.107226,0.264632,-0.958369,-0.584437,0.464775,-0.020038,0.624798,-0.166196,-0.261800,-0.731816,-0.288721,0.000241,0.654797,-0.052039,0.261800,0.006408,-0.041456,0.051604,-0.099280,0.700285,-0.386941,0.655160,-0.085366,0.055976,0.205077,-0.564002,-1.051462,0.562344,0.999364,0.062644,0.146509,-0.146051
-0.244332,0.051614,0.738871,-0.002165,-0.105177,0.264423,-0.958652,-0.583746,0.461703,-0.014058,0.633054,-0.172634,-0.261800,-0.743352,-0.298802,0.003125,0.677898,-0.063712,0.261800,0.008748,-0.048345,0.055479,-0.064191,0.667115,-0.380418,0.725877,-0.088556,0.059157,0.207507,-0.567133,-1.049057,0.575315,1.045426,0.065735,0.148335,-0.140323
-0.243469,0.053614,0.738115,-0.003398,-0.103576,0.263067,-0.959196,-0.586394,0.455761,-0.009855,0.643163,-0.179895,-0.261800,-0.743006,-0.305799,0.006978,0.680420,-0.062066,0.261800,0.006982,-0.049497,0.059681,-0.029496,0.630451,-0.377135,0.811744,-0.097840,0.064142,0.203411,-0.528518,-1.012356,0.580669,1.115627,0.078759,0.153359,-0.119357
-0.242497,0.055609,0.737397,-0.004457,-0.101853,0.261864,-0.959705,-0.588500,0.450307,-0.005493,0.653221,-0.187201,-0.261800,-0.741871,-0.312307,0.010699,0.682113,-0.060048,0.261800,0.007797,-0.052028,0.063661,0.004498,0.596306,-0.376881,0.898871,-0.107840,0.068337,0.198136,-0.484133,-0.974846,0.581576,1.185642,0.090886,0.157178,-0.097940
-0.241677,0.057621,0.736644,-0.005496,-0.100057,0.260692,-0.960207,-0.590588,0.444995,-0.001070,0.663438,-0.194517,-0.261800,-0.740782,-0.318698,0.014487,0.683942,-0.058004,0.261800,0.009681,-0.054886,0.067768,0.037993,0.563914,-0.378339,0.986379,-0.118246,0.072467,0.191907,-0.438490,-0.938092,0.581902,1.255169,0.102507,0.160932,-0.075640
-0.242256,0.057600,0.736372,-0.005786,-0.099907,0.259053,-0.960665,-0.593678,0.445208,0.001412,0.664171,-0.191963,-0.261800,-0.738336,-0.321089,0.013352,0.681523,-0.061797,0.261800,0.010819,-0.061573,0.066104,0.035135,0.556213,-0.360148,1.019505,-0.134282,0.073513,0.191774,-0.457659,-0.964108,0.573540,1.209848,0.096879,0.149912,-0.083386
-0.242981,0.057705,0.736173,-0.005881,-0.099398,0.257353,-0.961174,-0.596391,0.445417,0.003473,0.665106,-0.189299,-0.261800,-0.735150,-0.323491,0.011917,0.679158,-0.065382,0.261800,0.011241,-0.066261,0.067363,0.031248,0.547516,-0.340087,1.050578,-0.150278,0.076889,0.190678,-0.477624,-0.994355,0.565125,1.158748,0.091080,0.143700,-0.090138
-0.243720,0.057830,0.735977,-0.005915,-0.098745,0.255654,-0.961694,-0.598806,0.445670,0.005500,0.666117,-0.186704,-0.261800,-0.731618,-0.325877,0.010451,0.676804,-0.068989,0.261800,0.011712,-0.070611,0.069098,0.027227,0.538782,-0.320137,1.081298,-0.166491,0.080675,0.189687,-0.497636,-1.025449,0.557151,1.106555,0.085319,0.138675,-0.096714
-0.243332,0.059387,0.736617,-0.005868,-0.099794,0.255366,-0.961663,-0.600883,0.445232,0.009520,0.663853,-0.184344,-0.261800,-0.728318,-0.328730,0.006665,0.664906,-0.060377,0.261800,0.013410,-0.069900,0.069090,0.026791,0.532121,-0.310260,1.110396,-0.179386,0.084288,0.187584,-0.506995,-1.032735,0.552199,1.094329,0.086324,0.139071,-0.103184
-0.242834,0.060989,0.737338,-0.005585,-0.100458,0.255219,-0.961634,-0.602019,0.445204,0.013566,0.662490,-0.182987,-0.261800,-0.724072,-0.331333,0.002620,0.653557,-0.052052,0.261800,0.015430,-0.069106,0.068322,0.028472,0.526217,-0.301096,1.139274,-0.192809,0.087081,0.185094,-0.515305,-1.039236,0.548334,1.083437,0.087637,0.137909,-0.110081
-0.242313,0.062576,0.737988,-0.005277,-0.101084,0.255084,-0.961606,-0.602992,0.445218,0.017650,0.661124,-0.181689,-0.261800,-0.719674,-0.333904,-0.001453,0.642242,-0.043799,0.261800,0.017443,-0.068319,0.067431,0.030431,0.520823,-0.292095,1.168104,-0.206430,0.089791,0.182257,-0.523580,-1.045595,0.544697,1.072798,0.088982,0.136485,-0.117049
-0.242562,0.063526,0.738715,-0.005248,-0.101778,0.254381,-0.961719,-0.603126,0.445383,0.020897,0.656472,-0.177839,-0.261800,-0.717915,-0.337069,-0.007126,0.633714,-0.034633,0.261800,0.013084,-0.067125,0.066799,0.015630,0.510740,-0.301583,1.175273,-0.215325,0.088854,0.181421,-0.532663,-1.048763,0.542023,1.058740,0.091102,0.135009,-0.121329
-0.242766,0.064523,0.739344,-0.005311,-0.102449,0.254075,-0.961729,-0.603211,0.445507,0.024454,0.651511,-0.174182,-0.261800,-0.716368,-0.340368,-0.012841,0.625549,-0.025671,0.261800,0.009485,-0.065691,0.066553,0.000262,0.500129,-0.311850,1.181689,-0.224574,0.088956,0.181161,-0.540989,-1.052880,0.538108,1.044441,0.093197,0.133613,-0.125423
-0.243028,0.065586,0.740086,-0.005366,-0.103094,0.253771,-0.961740,-0.603177,0.445651,0.028070,0.646539,-0.170571,-0.261800,-0.714682,-0.343644,-0.018617,0.617417,-0.016792,0.261800,0.006191,-0.064226,0.066335,-0.015089,0.489486,-0.322150,1.188410,-0.233866,0.088822,0.180422,-0.548842,-1.057402,0.533649,1.030378,0.095185,0.131699,-0.129129
-0.242240,0.066726,0.741038,-0.005492,-0.103525,0.255212,-0.961311,-0.599115,0.444389,0.029817,0.641985,-0.169680,-0.261800,-0.709710,-0.343836,-0.019747,0.603474,-0.008407,0.261800,0.002418,-0.060770,0.065321,-0.028464,0.490110,-0.330433,1.180142,-0.235643,0.086107,0.181792,-0.555014,-1.055338,0.525624,1.014350,0.101354,0.128761,-0.137328
-0.241345,0.067839,0.742036,-0.005538,-0.103737,0.256734,-0.960883,-0.594276,0.443298,0.031869,0.637282,-0.168703,-0.261800,-0.703948,-0.343875,-0.021057,0.589287,0.000151,0.261800,-0.001265,-0.058181,0.064589,-0.040643,0.491789,-0.338322,1.170193,-0.237025,0.084165,0.183277,-0.559937,-1.052142,0.516615,0.998005,0.107458,0.125782,-0.146135
-0.240452,0.069021,0.743061,-0.005576,-0.103885,0.258256,-0.960459,-0.589196,0.442189,0.034009,0.632463,-0.167714,-0.261800,-0.698041,-0.343908,-0.022401,0.575109,0.008678,0.261800,-0.004883,-0.055820,0.063918,-0.052615,0.493604,-0.346256,1.159898,-0.238346,0.082421,0.184805,-0.564353,-1.048686,0.507177,0.981511,0.113424,0.122787,-0.155092
-0.240126,0.070821,0.743586,-0.006816,-0.103312,0.261468,-0.959643,-0.584020,0.440031,0.038309,0.631510,-0.167897,-0.261800,-0.696877,-0.347020,-0.023966,0.563540,0.018831,0.261800,-0.008811,-0.052329,0.067631,-0.072910,0.496435,-0.359658,1.130308,-0.234216,0.078811,0.189553,-0.569787,-1.041402,0.495637,0.961448,0.119221,0.121184,-0.160875
-0.239808,0.072498,0.744028,-0.008069,-0.102672,0.264687,-0.958819,-0.578703,0.437812,0.042670,0.630629,-0.167948,-0.261800,-0.695770,-0.350165,-0.025452,0.552378,0.028953,0.261800,-0.012413,-0.049110,0.071710,-0.093257,0.499424,-0.373302,1.099514,-0.229873,0.076296,0.194617,-0.574432,-1.034252,0.482826,0.940949,0.124714,0.119830,-0.166551
-0.239472,0.074230,0.744580,-0.009308,-0.101994,0.267904,-0.957986,-0.573201,0.435566,0.047076,0.629626,-0.168001,-0.261800,-0.694630,-0.353353,-0.026976,0.541342,0.038997,0.261800,-0.015907,-0.045971,0.075769,-0.113661,0.502381,-0.387155,1.068587,-0.225398,0.074003,0.199568,-0.578512,-1.027038,0.469506,0.920272,0.130023,0.118488,-0.172298
-0.239050,0.076070,0.744488,-0.011539,-0.100932,0.271335,-0.957109,-0.567071,0.432556,0.054909,0.630233,-0.171929,-0.261800,-0.698989,-0.361344,-0.030912,0.538354,0.048058,0.261800,-0.026141,-0.042370,0.080292,-0.147600,0.498877,-0.405390,0.908938,-0.212567,0.063162,0.206989,-0.576569,-1.016183,0.433221,0.852969,0.150599,0.110710,-0.192018
-0.238396,0.077769,0.744426,-0.013897,-0.099782,0.274683,-0.956243,-0.560314,0.429108,0.062770,0.630707,-0.176148,-0.261800,-0.703398,-0.369727,-0.034745,0.536505,0.056192,0.261800,-0.035115,-0.039809,0.084043,-0.177363,0.499608,-0.426883,0.739113,-0.198446,0.059871,0.214967,-0.565883,-1.004948,0.390303,0.779531,0.169318,0.104855,-0.213683
-0.237587,0.079257,0.744487,-0.016315,-0.098539,0.277960,-0.955386,-0.553099,0.425406,0.070708,0.630810,-0.180342,-0.261800,-0.707763,-0.378327,-0.038488,0.535072,0.063993,0.261800,-0.043435,-0.037780,0.087076,-0.207408,0.503394,-0.451847,0.568081,-0.183951,0.058408,0.221308,-0.551171,-0.991902,0.344762,0.703722,0.185843,0.099488,-0.236794
-0.232221,0.081458,0.742996,-0.022769,-0.096832,0.282109,-0.954212,-0.543512,0.413571,0.086715,0.643597,-0.199010,-0.261800,-0.721605,-0.408940,-0.051176,0.547515,0.068798,0.261800,-0.060930,-0.043292,0.082645,-0.273140,0.511546,-0.478234,0.445566,-0.171202,0.063239,0.227332,-0.530075,-0.989568,0.334518,0.608682,0.171779,0.099878,-0.243971
-0.226330,0.083198,0.741565,-0.029364,-0.094832,0.285547,-0.953209,-0.532612,0.400416,0.101931,0.655522,-0.218392,-0.261800,-0.735833,-0.441046,-0.063107,0.563885,0.071170,0.261800,-0.080264,-0.047929,0.077183,-0.341660,0.518035,-0.505171,0.328906,-0.158655,0.065305,0.230650,-0.509902,-0.988175,0.325635,0.513440,0.156467,0.101809,-0.249175
-0.219803,0.084401,0.740191,-0.035795,-0.092146,0.288466,-0.952373,-0.519097,0.386456,0.116515,0.666073,-0.238200,-0.261800,-0.748840,-0.474176,-0.074676,0.582917,0.071636,0.261800,-0.100713,-0.052048,0.071201,-0.410332,0.524122,-0.532502,0.213560,-0.146224,0.066758,0.232308,-0.489350,-0.987144,0.317479,0.418511,0.140512,0.103943,-0.252613
-0.214542,0.083824,0.739250,-0.043416,-0.089069,0.292729,-0.951047,-0.499957,0.371647,0.134314,0.667492,-0.250069,-0.261800,-0.763885,-0.501878,-0.077961,0.601910,0.069937,0.261800,-0.125073,-0.058794,0.063359,-0.500048,0.504054,-0.552088,0.103038,-0.136589,0.069634,0.233121,-0.485037,-0.976947,0.291134,0.341886,0.139086,0.105662,-0.267220
-0.208990,0.082973,0.738286,-0.050908,-0.085156,0.296698,-0.949804,-0.478510,0.355767,0.151286,0.667460,-0.261962,-0.261800,-0.778208,-0.530418,-0.079974,0.622484,0.067269,0.261800,-0.149965,-0.065342,0.056410,-0.590415,0.483260,-0.569136,-0.005944,-0.127121,0.072008,0.232918,-0.481235,-0.965970,0.265164,0.266114,0.136712,0.106809,-0.281282
-0.203137,0.081852,0.737545,-0.058200,-0.081151,0.300475,-0.948547,-0.455681,0.339406,0.167587,0.664474,-0.272742,-0.261800,-0.791750,-0.558966,-0.081855,0.641942,0.065190,0.261800,-0.176667,-0.070383,0.047749,-0.679994,0.461518,-0.581698,-0.110707,-0.117560,0.070972,0.231132,-0.481543,-0.953685,0.244185,0.194532,0.133723,0.105809,-0.294345
-0.192271,0.072913,0.736666,-0.064389,-0.072793,0.312021,-0.945092,-0.393958,0.332199,0.196107,0.648503,-0.286710,-0.261800,-0.796669,-0.581384,-0.081621,0.681263,0.038574,0.261800,-0.202418,-0.069591,0.030041,-0.739495,0.422081,-0.593789,-0.163917,-0.114187,0.077777,0.228207,-0.490190,-0.950734,0.244598,0.112578,0.123596,0.107789,-0.292108
-0.184884,0.063760,0.736318,-0.069668,-0.064104,0.324576,-0.941110,-0.332934,0.327368,0.223804,0.625638,-0.292407,-0.261800,-0.804921,-0.597957,-0.084588,0.719705,0.015456,0.252289,-0.226666,-0.069419,0.015594,-0.799893,0.383867,-0.600566,-0.214529,-0.110179,0.081908,0.223886,-0.503291,-0.945558,0.247254,0.031362,0.113718,0.110253,-0.289491
-0.185195,0.055485,0.737087,-0.073193,-0.059869,0.339688,-0.935773,-0.287074,0.333245,0.250851,0.593878,-0.280469,-0.261800,-0.823387,-0.597094,-0.101240,0.746044,0.006230,0.221927,-0.244675,-0.068275,0.003572,-0.865953,0.351679,-0.604656,-0.264808,-0.106430,0.084997,0.218045,-0.522692,-0.933754,0.246869,-0.048361,0.103354,0.112876,-0.287253
-0.186835,0.038829,0.738072,-0.064366,-0.059442,0.366428,-0.926312,-0.219918,0.385952,0.301169,0.558392,-0.245926,-0.261800,-0.820900,-0.539481,-0.118999,0.775937,-0.020729,0.191571,-0.243417,-0.050049,-0.009664,-0.927649,0.337678,-0.623734,-0.269556,-0.106206,0.090049,0.210790,-0.556734,-0.891711,0.273497,-0.042583,0.104067,0.119733,-0.280218
-0.188702,0.022134,0.738721,-0.054151,-0.060128,0.393218,-0.915878,-0.150229,0.441040,0.354793,0.525620,-0.214026,-0.261800,-0.815513,-0.478885,-0.140875,0.800863,-0.045610,0.160911,-0.243105,-0.028114,-0.024324,-0.980120,0.320291,-0.637093,-0.271350,-0.105659,0.091267,0.202448,-0.587576,-0.845077,0.299334,-0.031581,0.105791,0.121560,-0.272579
-0.189882,0.007344,0.739144,-0.044750,-0.059395,0.419027,-0.904923,-0.077033,0.487838,0.413165,0.497698,-0.186799,-0.255754,-0.808592,-0.423338,-0.158314,0.820149,-0.065467,0.133780,-0.245973,-0.006925,-0.034472,-1.022129,0.300136,-0.640613,-0.274118,-0.105229,0.092386,0.193727,-0.613014,-0.793752,0.319487,-0.020331,0.106848,0.121644,-0.264052
-0.188254,-0.003841,0.743497,-0.043571,-0.052958,0.448928,-0.890932,-0.053842,0.475823,0.408316,0.519644,-0.143983,-0.156681,-0.790569,-0.378280,-0.150898,0.805554,-0.066011,0.122112,-0.237460,0.000751,-0.030101,-1.034918,0.272378,-0.643413,-0.259883,-0.099181,0.093366,0.179390,-0.658982,-0.742944,0.363238,0.032153,0.103470,0.122448,-0.245663
-0.186768,-0.015179,0.748308,-0.043674,-0.047681,0.477717,-0.876131,-0.035482,0.463865,0.405182,0.543392,-0.102183,-0.055973,-0.774169,-0.335337,-0.142591,0.786277,-0.063793,0.110942,-0.231825,0.008368,-0.030074,-1.022325,0.240693,-0.630406,-0.244353,-0.091082,0.090913,0.162208,-0.684513,-0.677341,0.392889,0.081362,0.099134,0.118516,-0.225013
-0.185517,-0.027053,0.753488,-0.044029,-0.042297,0.505984,-0.860379,-0.017158,0.453825,0.404892,0.568851,-0.062351,0.045666,-0.756957,-0.292990,-0.133088,0.765462,-0.061114,0.099706,-0.226529,0.015251,-0.030870,-0.979551,0.204819,-0.599744,-0.229903,-0.081555,0.086146,0.142276,-0.681649,-0.596157,0.401895,0.121867,0.093028,0.111460,-0.201886
-0.184068,-0.038061,0.758453,-0.042165,-0.037813,0.533450,-0.843933,-0.041514,0.434378,0.379563,0.627761,-0.076367,0.054836,-0.730794,-0.248311,-0.121092,0.737245,-0.057422,0.090571,-0.217046,0.023928,-0.024744,-0.893140,0.175538,-0.541838,-0.188214,-0.070061,0.076995,0.124083,-0.642237,-0.512250,0.391550,0.132814,0.079763,0.099079,-0.168889
-0.182906,-0.049184,0.763293,-0.040108,-0.034219,0.560261,-0.826637,-0.069233,0.415353,0.352888,0.690692,-0.092455,0.062692,-0.705257,-0.203417,-0.108749,0.707761,-0.052705,0.080891,-0.207049,0.034092,-0.020052,-0.777392,0.142051,-0.467206,-0.149670,-0.057645,0.065070,0.103874,-0.573335,-0.417630,0.359448,0.131222,0.065682,0.084514,-0.134256
-0.181803,-0.060486,0.768113,-0.038247,-0.030562,0.586351,-0.808576,-0.097536,0.393979,0.326170,0.754818,-0.109451,0.069783,-0.679529,-0.159899,-0.094490,0.677415,-0.047128,0.071258,-0.197328,0.043782,-0.015589,-0.639584,0.106639,-0.379996,-0.117145,-0.044968,0.051732,0.082963,-0.481782,-0.316206,0.309732,0.119242,0.051991,0.067758,-0.099433
-0.181477,-0.070679,0.772144,-0.038790,-0.027845,0.609290,-0.791508,-0.135710,0.379026,0.319947,0.769145,-0.124182,0.053499,-0.655643,-0.131605,-0.091274,0.647692,-0.045127,0.060849,-0.183362,0.050673,-0.009106,-0.494052,0.074494,-0.289410,-0.055189,-0.029770,0.039030,0.058256,-0.384891,-0.227560,0.255848,0.109493,0.030691,0.051862,-0.066050
-0.181256,-0.081020,0.776365,-0.039336,-0.024922,0.631700,-0.773813,-0.173684,0.363907,0.314060,0.783549,-0.139302,0.037385,-0.631069,-0.103787,-0.086877,0.616999,-0.042633,0.050138,-0.169423,0.057378,-0.002333,-0.350581,0.043721,-0.199747,-0.002073,-0.015664,0.025937,0.036225,-0.284786,-0.143430,0.197631,0.094428,0.011554,0.035513,-0.036285
-0.181092,-0.091779,0.780571,-0.039787,-0.021937,0.653577,-0.755496,-0.211766,0.349113,0.308286,0.798492,-0.155022,0.021241,-0.605731,-0.076189,-0.081673,0.585123,-0.039553,0.039071,-0.155552,0.064059,0.004450,-0.219728,0.016116,-0.117354,0.040315,-0.003489,0.013916,0.018265,-0.190043,-0.068809,0.141226,0.076504,-0.004902,0.019974,-0.011316
-0.179096,-0.100003,0.783208,-0.040768,-0.018707,0.674539,-0.736876,-0.243337,0.343832,0.302775,0.777018,-0.166833,-0.003394,-0.585977,-0.060725,-0.082215,0.562433,-0.037608,0.030470,-0.140188,0.065128,0.008390,-0.099249,-0.001494,-0.051713,0.046538,0.002763,0.005240,0.002151,-0.094736,-0.012170,0.076467,0.053112,-0.012083,0.009214,0.003772
-0.177113,-0.108507,0.785745,-0.041213,-0.015515,0.695320,-0.717350,-0.275266,0.341044,0.297140,0.758607,-0.180787,-0.028113,-0.566134,-0.044061,-0.082144,0.540640,-0.036128,0.021338,-0.124198,0.067296,0.013905,-0.003508,-0.014838,0.002145,0.043718,0.006105,-0.002263,-0.010238,-0.017453,0.031463,0.021976,0.033283,-0.016394,-0.000519,0.015224
-0.175273,-0.117463,0.788363,-0.041408,-0.012310,0.715628,-0.697145,-0.307345,0.339648,0.291276,0.741435,-0.195789,-0.052628,-0.545424,-0.027090,-0.081636,0.517841,-0.034236,0.011858,-0.108036,0.069708,0.019643,0.069843,-0.025008,0.044415,0.032888,0.006991,-0.008669,-0.019178,0.044055,0.063408,-0.022238,0.016480,-0.018574,-0.008849,0.022860
-0.173954,-0.126294,0.788887,-0.039324,-0.011548,0.733292,-0.678678,-0.327769,0.344259,0.269046,0.698931,-0.195429,-0.083746,-0.532916,-0.006243,-0.077051,0.515634,-0.039604,0.005213,-0.089236,0.076955,0.025692,0.134514,-0.025366,0.077740,0.037406,0.011937,-0.010352,-0.023633,0.097830,0.082377,-0.063668,-0.008015,-0.017835,-0.014891,0.025280
-0.173068,-0.135586,0.789561,-0.037690,-0.010132,0.750087,-0.660187,-0.347009,0.347072,0.246071,0.655659,-0.195513,-0.113965,-0.520309,0.012332,-0.071887,0.515548,-0.046812,-0.001351,-0.071399,0.081987,0.030624,0.184743,-0.025326,0.102463,0.039441,0.016046,-0.012935,-0.025732,0.141222,0.094247,-0.097166,-0.030653,-0.016455,-0.018992,0.025933
-0.172396,-0.145328,0.790291,-0.036377,-0.008353,0.766240,-0.641470,-0.365889,0.349119,0.222622,0.612685,-0.196361,-0.143294,-0.507367,0.029610,-0.066060,0.515711,-0.054510,-0.007887,-0.053949,0.085567,0.034924,0.223054,-0.024745,0.120298,0.040257,0.019125,-0.015971,-0.026159,0.174802,0.102153,-0.123856,-0.049478,-0.015150,-0.022376,0.025643
-0.171000,-0.154008,0.789706,-0.035631,-0.008128,0.779904,-0.624832,-0.374227,0.347836,0.199239,0.558582,-0.175326,-0.166770,-0.501169,0.044346,-0.055148,0.522555,-0.065066,-0.007919,-0.040411,0.091944,0.036870,0.260114,-0.027739,0.143564,0.012545,0.015182,-0.016924,-0.023329,0.213130,0.102636,-0.151266,-0.074628,-0.007086,-0.024470,0.021177
-0.170167,-0.164032,0.789224,-0.034761,-0.007433,0.793624,-0.607370,-0.379257,0.347456,0.176584,0.505894,-0.157559,-0.190815,-0.495057,0.059570,-0.042777,0.535537,-0.080931,-0.008237,-0.025030,0.097629,0.038489,0.289175,-0.029490,0.162161,-0.014090,0.011378,-0.018025,-0.021874,0.242935,0.100979,-0.173621,-0.095784,-0.000731,-0.026515,0.019102
-0.169692,-0.174368,0.788637,-0.033842,-0.006221,0.806990,-0.589562,-0.383464,0.346827,0.153582,0.454909,-0.141392,-0.214466,-0.488738,0.074160,-0.029816,0.550796,-0.098396,-0.008608,-0.009211,0.102312,0.040270,0.311259,-0.031037,0.176217,-0.038615,0.007641,-0.019481,-0.020709,0.265336,0.099058,-0.191355,-0.113241,0.004161,-0.028428,0.017878
-0.167797,-0.183935,0.787212,-0.032467,-0.005289,0.820941,-0.570065,-0.375023,0.344365,0.125537,0.421901,-0.116891,-0.241817,-0.485937,0.087429,-0.016106,0.571105,-0.117310,-0.007704,0.001116,0.109939,0.041732,0.330599,-0.027915,0.183531,-0.056729,0.005978,-0.019649,-0.021221,0.286084,0.094757,-0.209030,-0.127127,0.009969,-0.029569,0.016096
-0.163164,-0.193899,0.786278,-0.031776,-0.003151,0.833798,-0.551146,-0.367888,0.333192,0.098751,0.390406,-0.093154,-0.261750,-0.483941,0.092649,0.000433,0.592129,-0.135815,-0.001382,0.007755,0.117969,0.043784,0.345943,-0.024872,0.189462,-0.071862,0.004956,-0.020144,-0.020950,0.301937,0.090565,-0.220899,-0.140340,0.014620,-0.031320,0.014448
-0.150874,-0.206371,0.787165,-0.033910,0.001990,0.844862,-0.533905,-0.363930,0.297704,0.078612,0.359187,-0.069075,-0.261800,-0.484223,0.076219,0.026580,0.612084,-0.152935,0.019997,0.007530,0.127818,0.046439,0.356093,-0.023278,0.199785,-0.083702,0.004491,-0.020317,-0.018296,0.313216,0.083955,-0.222531,-0.154712,0.017363,-0.034396,0.013906
-0.145576,-0.216048,0.786053,-0.033796,0.006629,0.850599,-0.524686,-0.355702,0.282689,0.072970,0.345691,-0.053037,-0.261800,-0.484245,0.065467,0.042480,0.641003,-0.177239,0.032240,0.004554,0.130870,0.046790,0.363946,-0.021381,0.210079,-0.101670,-0.000540,-0.023820,-0.017275,0.325904,0.076748,-0.233874,-0.164877,0.023297,-0.035848,0.012587
-0.140365,-0.225769,0.784673,-0.033105,0.010947,0.856226,-0.515424,-0.349618,0.268831,0.065955,0.336696,-0.039066,-0.261800,-0.484149,0.055588,0.057424,0.670301,-0.201594,0.044408,0.001946,0.134377,0.046875,0.371087,-0.019402,0.217428,-0.120960,-0.006502,-0.026263,-0.016386,0.337222,0.070988,-0.243592,-0.174682,0.028556,-0.037172,0.011025
-0.135274,-0.235812,0.783319,-0.032326,0.015121,0.861767,-0.506048,-0.344389,0.255279,0.058716,0.329358,-0.026025,-0.261800,-0.483868,0.045929,0.072324,0.699185,-0.225989,0.056739,-0.000486,0.137968,0.046440,0.375309,-0.017839,0.222261,-0.138273,-0.011908,-0.027609,-0.015568,0.345341,0.066806,-0.249756,-0.182780,0.032209,-0.038161,0.009971
-0.132363,-0.244816,0.782421,-0.032381,0.018147,0.864900,-0.500570,-0.342518,0.245574,0.055729,0.331371,-0.026267,-0.261800,-0.481147,0.038997,0.088165,0.719138,-0.246372,0.065069,-0.008971,0.139520,0.047596,0.377194,-0.015420,0.223546,-0.151795,-0.015608,-0.029552,-0.014356,0.346134,0.060190,-0.254960,-0.188893,0.037326,-0.039235,0.007186
-0.129404,-0.254019,0.781594,-0.032067,0.020412,0.868094,-0.494942,-0.342493,0.237523,0.051926,0.336439,-0.028116,-0.261800,-0.477222,0.033321,0.103336,0.736026,-0.265173,0.073406,-0.018094,0.142185,0.048784,0.369507,-0.013103,0.218959,-0.157126,-0.017411,-0.030173,-0.012880,0.337422,0.054403,-0.252195,-0.188967,0.040748,-0.039082,0.004780
-0.126398,-0.263310,0.780894,-0.031584,0.022301,0.871332,-0.489169,-0.343163,0.230283,0.047964,0.342665,-0.030617,-0.261800,-0.472718,0.028247,0.118232,0.751359,-0.283162,0.081754,-0.027237,0.145627,0.049912,0.348396,-0.011691,0.207396,-0.150995,-0.017229,-0.028708,-0.011505,0.316421,0.049269,-0.238922,-0.179344,0.041345,-0.036807,0.003082
-0.124859,-0.271200,0.780519,-0.029580,0.025542,0.874407,-0.483616,-0.344727,0.228534,0.048711,0.370337,-0.038648,-0.261800,-0.461859,0.021047,0.125854,0.761539,-0.300655,0.087397,-0.032690,0.138452,0.051865,0.316374,-0.007217,0.177314,-0.140954,-0.015550,-0.029439,-0.011689,0.284525,0.043969,-0.221754,-0.163986,0.037632,-0.035403,0.001750
-0.122154,-0.277177,0.780199,-0.029278,0.027155,0.876797,-0.479200,-0.347388,0.225986,0.048058,0.379075,-0.031633,-0.261800,-0.457554,0.013264,0.130609,0.765807,-0.310238,0.093290,-0.038551,0.142696,0.052489,0.264044,-0.006811,0.152216,-0.118922,-0.013831,-0.023250,-0.007365,0.239192,0.035894,-0.180722,-0.139832,0.031734,-0.029370,0.000903
-0.120360,-0.285002,0.780003,-0.027130,0.029045,0.879959,-0.473385,-0.350500,0.226503,0.048284,0.406408,-0.039005,-0.261800,-0.446346,0.007865,0.137155,0.771269,-0.324612,0.099052,-0.042264,0.139658,0.053476,0.208538,-0.003492,0.110012,-0.088251,-0.009428,-0.017329,-0.007870,0.186573,0.028330,-0.143815,-0.107325,0.023377,-0.022416,0.000695
-0.118570,-0.291755,0.779376,-0.026156,0.029161,0.881711,-0.470161,-0.348794,0.226122,0.055786,0.420438,-0.041132,-0.261800,-0.440812,0.003007,0.140135,0.776900,-0.335214,0.105293,-0.047888,0.141738,0.052632,0.143819,-0.001200,0.071638,-0.058562,-0.006061,-0.011614,-0.005697,0.128774,0.018931,-0.101736,-0.071618,0.015744,-0.015104,0.000003
-0.116850,-0.298395,0.778836,-0.025487,0.029253,0.883353,-0.467099,-0.346744,0.225263,0.063391,0.431803,-0.041517,-0.261800,-0.435836,-0.002347,0.142937,0.782042,-0.345414,0.111623,-0.053473,0.144610,0.051570,0.080884,0.001170,0.035228,-0.026696,-0.002125,-0.004785,-0.004329,0.072594,0.009999,-0.059826,-0.034964,0.008302,-0.007372,-0.000558
-0.115135,-0.305011,0.778235,-0.024866,0.029344,0.884964,-0.464069,-0.344605,0.224294,0.071034,0.442636,-0.041578,-0.261800,-0.430926,-0.007824,0.145638,0.787035,-0.355469,0.117956,-0.059091,0.147641,0.050488,0.024995,0.003230,0.002745,0.004070,0.001997,0.002089,-0.003718,0.022898,0.002347,-0.022779,-0.000783,0.001547,-0.000037,-0.001059
-0.109850,-0.312495,0.778870,-0.026906,0.030747,0.886618,-0.460694,-0.341121,0.204132,0.065735,0.447665,-0.028917,-0.261800,-0.429713,-0.023787,0.153378,0.784488,-0.357293,0.130515,-0.063680,0.153806,0.050097,-0.025089,-0.000186,-0.013228,0.032128,0.004064,0.007999,-0.000711,-0.020593,-0.001510,0.016168,0.026161,-0.004747,0.005672,-0.000611
-0.105120,-0.320909,0.779569,-0.028455,0.032744,0.888330,-0.457151,-0.336792,0.183696,0.061107,0.458167,-0.021133,-0.261800,-0.425335,-0.040630,0.161833,0.782318,-0.361574,0.143404,-0.067848,0.156790,0.049470,-0.061884,-0.002189,-0.026235,0.053594,0.005882,0.011410,0.000496,-0.053360,-0.004901,0.043970,0.046697,-0.009146,0.009743,0.000141
-0.100461,-0.329639,0.780170,-0.029640,0.035079,0.890073,-0.453499,-0.332043,0.163157,0.056996,0.470645,-0.014737,-0.261800,-0.419980,-0.057828,0.170482,0.780538,-0.366458,0.156431,-0.072104,0.158372,0.049193,-0.088201,-0.004128,-0.034375,0.069401,0.006999,0.013750,0.001102,-0.076699,-0.007558,0.063701,0.061116,-0.012349,0.012518,0.001068
-0.096968,-0.337038,0.781546,-0.029981,0.039739,0.890977,-0.451312,-0.340830,0.149150,0.047917,0.486888,-0.007711,-0.261800,-0.408138,-0.076024,0.183026,0.773870,-0.369705,0.168092,-0.069844,0.154449,0.050888,-0.104303,-0.003684,-0.040587,0.080642,0.008601,0.015581,0.002248,-0.090500,-0.009846,0.077493,0.070594,-0.014317,0.014583,0.000684
-0.093292,-0.344595,0.782996,-0.030283,0.043977,0.891985,-0.448901,-0.350979,0.135976,0.039176,0.505538,-0.001888,-0.261800,-0.396193,-0.093704,0.195224,0.765542,-0.371930,0.179854,-0.066725,0.150252,0.052155,-0.114789,-0.003856,-0.043697,0.088101,0.009757,0.017185,0.003673,-0.098875,-0.012310,0.086827,0.076638,-0.015403,0.015877,-0.000385
-0.089686,-0.352136,0.784335,-0.030622,0.048052,0.893031,-0.446373,-0.361834,0.123084,0.030910,0.525445,0.003275,-0.261800,-0.384354,-0.111349,0.207175,0.756431,-0.373703,0.191641,-0.063195,0.146004,0.053016,-0.122099,-0.004686,-0.043788,0.093435,0.010462,0.018759,0.005360,-0.103777,-0.015021,0.093895,0.080377,-0.015960,0.016623,-0.001707
-0.094318,-0.357577,0.784166,-0.026887,0.047199,0.896099,-0.440519,-0.370028,0.151862,0.021683,0.533598,-0.000741,-0.261800,-0.367202,-0.101225,0.209889,0.754369,-0.383272,0.186865,-0.048209,0.137548,0.051988,-0.115510,-0.000428,-0.060448,0.092199,0.011440,0.017102,0.002292,-0.103818,-0.012663,0.084429,0.083031,-0.016426,0.016876,-0.002332
-0.098403,-0.362174,0.784251,-0.023815,0.045666,0.899122,-0.434658,-0.376450,0.181104,0.012769,0.530149,0.003131,-0.261800,-0.352419,-0.090298,0.212743,0.749554,-0.389246,0.181991,-0.033185,0.135092,0.050608,-0.111774,0.001167,-0.068617,0.093054,0.011319,0.017499,0.001813,-0.103724,-0.009836,0.080879,0.085757,-0.017959,0.017577,-0.002041
-0.102433,-0.366759,0.784489,-0.020747,0.043735,0.902162,-0.428674,-0.382142,0.211003,0.003882,0.523965,0.008374,-0.261800,-0.337588,-0.078773,0.215834,0.743845,-0.394578,0.177140,-0.017651,0.134857,0.049062,-0.108800,0.001996,-0.073758,0.094674,0.011398,0.017816,0.001846,-0.103139,-0.007360,0.078758,0.088562,-0.019146,0.018396,-0.001931
-0.105652,-0.372909,0.783525,-0.016885,0.039899,0.905869,-0.421336,-0.382086,0.247491,-0.007261,0.498279,0.024568,-0.261800,-0.324631,-0.065278,0.217213,0.741484,-0.400698,0.174172,-0.003073,0.137636,0.045771,-0.108420,0.003178,-0.075893,0.094983,0.010927,0.017467,0.001769,-0.103508,-0.005630,0.076282,0.090381,-0.018659,0.018567,-0.002073
-0.108694,-0.378944,0.782692,-0.012802,0.035928,0.909546,-0.413849,-0.380570,0.284649,-0.017446,0.469731,0.042142,-0.261800,-0.311067,-0.051409,0.218964,0.738670,-0.406644,0.171238,0.011642,0.141162,0.042785,-0.107741,0.004495,-0.077578,0.095493,0.010529,0.017118,0.001574,-0.103393,-0.004031,0.073268,0.092351,-0.017821,0.018878,-0.002489
-0.111660,-0.385300,0.781861,-0.008896,0.032333,0.913102,-0.406349,-0.378185,0.320793,-0.025867,0.439865,0.060221,-0.261490,-0.296962,-0.039049,0.221979,0.735589,-0.412945,0.169078,0.025963,0.143939,0.039671,-0.106355,0.005423,-0.079004,0.097288,0.010241,0.016900,0.001451,-0.102273,-0.002090,0.069316,0.094877,-0.016746,0.019184,-0.003263
-0.110312,-0.394136,0.780501,-0.006816,0.028905,0.916388,-0.399189,-0.371024,0.343483,-0.042632,0.396289,0.094447,-0.256141,-0.288283,-0.035755,0.231662,0.731246,-0.418055,0.176363,0.039289,0.152226,0.036011,-0.104949,0.002060,-0.073253,0.105739,0.010531,0.018662,0.001894,-0.099682,0.000870,0.072229,0.099067,-0.016601,0.019682,-0.004229
-0.107596,-0.404823,0.780097,-0.005583,0.027364,0.919349,-0.392451,-0.362805,0.358279,-0.053477,0.354112,0.126494,-0.244276,-0.276523,-0.041503,0.244196,0.722229,-0.422728,0.187694,0.051856,0.157428,0.031815,-0.100042,-0.001063,-0.067360,0.115100,0.011051,0.018918,0.001727,-0.094229,0.001975,0.073488,0.104145,-0.016395,0.019097,-0.004979
-0.104863,-0.415809,0.779798,-0.004614,0.026992,0.922078,-0.386035,-0.353718,0.369862,-0.062235,0.311770,0.158438,-0.231068,-0.263572,-0.051039,0.257411,0.712225,-0.427650,0.199907,0.063637,0.160208,0.027823,-0.092356,-0.006615,-0.060695,0.129225,0.012034,0.019288,0.001112,-0.085319,0.004106,0.073400,0.112201,-0.016345,0.018295,-0.005959
-0.099955,-0.424828,0.778697,-0.002191,0.024554,0.924250,-0.380991,-0.329948,0.385347,-0.043974,0.272759,0.183654,-0.231998,-0.254313,-0.059035,0.260487,0.700168,-0.425540,0.215330,0.072801,0.168991,0.023855,-0.085779,-0.023168,-0.050400,0.151236,0.012700,0.022015,-0.000210,-0.073744,0.013925,0.074810,0.123573,-0.017997,0.017722,-0.004203
-0.095969,-0.435994,0.777655,-0.000798,0.022969,0.926213,-0.376299,-0.314841,0.396493,-0.026341,0.256190,0.193498,-0.230967,-0.243260,-0.071790,0.264382,0.689586,-0.428844,0.231754,0.082444,0.173136,0.020886,-0.079949,-0.038685,-0.043244,0.181829,0.016046,0.023507,-0.003083,-0.063020,0.020683,0.074059,0.141861,-0.020020,0.016425,-0.003906
-0.092065,-0.447067,0.776487,0.000349,0.021497,0.928134,-0.371624,-0.301302,0.406930,-0.008930,0.242123,0.202081,-0.230000,-0.233251,-0.085002,0.268289,0.680215,-0.432842,0.248260,0.092070,0.176377,0.017799,-0.076827,-0.059546,-0.039326,0.226621,0.021525,0.026284,-0.008437,-0.053022,0.030133,0.076296,0.171558,-0.023944,0.015590,-0.003169
-0.092456,-0.459005,0.775556,0.000598,0.020002,0.931010,-0.364445,-0.295660,0.413704,0.007952,0.270588,0.165590,-0.250412,-0.224399,-0.097386,0.265550,0.674893,-0.437576,0.261798,0.107817,0.169109,0.015569,-0.077482,-0.057375,-0.061444,0.198869,0.030484,0.013302,-0.021241,-0.054194,0.025595,0.074079,0.161584,-0.027987,0.007388,0.000963
-0.091068,-0.467441,0.774913,0.001822,0.014858,0.933166,-0.359134,-0.292134,0.424002,0.021289,0.280433,0.146708,-0.261799,-0.219293,-0.095958,0.252869,0.667466,-0.434296,0.261800,0.118894,0.173478,0.012452,-0.093068,-0.059979,-0.090278,0.182091,0.039548,0.013253,-0.038460,-0.066441,0.023748,0.089722,0.163025,-0.036418,0.007235,0.010602
-0.086601,-0.475695,0.775411,0.000917,0.010786,0.934433,-0.355975,-0.293052,0.423173,0.037626,0.282177,0.136290,-0.261800,-0.216239,-0.102077,0.238120,0.651630,-0.424407,0.261800,0.125435,0.177763,0.009320,-0.132982,-0.060592,-0.131852,0.181704,0.050467,0.018380,-0.056611,-0.101590,0.018430,0.126539,0.180744,-0.048793,0.011155,0.021983
-0.080054,-0.479170,0.773407,-0.000936,0.003588,0.935515,-0.353267,-0.322638,0.439243,0.048628,0.318638,0.114374,-0.261800,-0.236884,-0.108152,0.199476,0.654167,-0.414768,0.261800,0.144988,0.182680,0.011405,-0.175542,0.032646,-0.139256,0.073099,0.014180,0.025875,-0.019618,-0.174178,-0.022431,0.130555,0.106833,-0.030207,0.026473,0.017787
-0.071981,-0.481296,0.771390,-0.004443,-0.004711,0.936650,-0.350207,-0.357729,0.456280,0.058716,0.349580,0.099317,-0.261800,-0.265783,-0.113171,0.161070,0.658374,-0.402843,0.261800,0.163969,0.191402,0.010417,-0.242870,0.129198,-0.156428,-0.014172,-0.017041,0.033894,0.030731,-0.276743,-0.061095,0.160413,0.053506,-0.014730,0.047334,0.005818
-0.063001,-0.482702,0.769510,-0.008793,-0.012940,0.938006,-0.346265,-0.395845,0.473510,0.069406,0.380250,0.086399,-0.261800,-0.298738,-0.118767,0.124628,0.663385,-0.389973,0.261800,0.184867,0.199658,0.008681,-0.331080,0.234954,-0.183976,-0.094929,-0.042079,0.042134,0.090553,-0.408974,-0.104136,0.209842,0.009043,-0.002353,0.071713,-0.010757
-0.054400,-0.484107,0.765432,-0.014346,-0.018831,0.939996,-0.340362,-0.436044,0.487456,0.081958,0.418283,0.079444,-0.261800,-0.344628,-0.131470,0.092505,0.688423,-0.381188,0.261800,0.187688,0.202414,0.016031,-0.431188,0.343921,-0.270728,0.104033,-0.033361,0.068404,0.114916,-0.573810,-0.167640,0.329482,-0.063352,-0.015689,0.088740,0.001027
-0.045603,-0.485646,0.761156,-0.020109,-0.023859,0.941916,-0.334395,-0.477522,0.500242,0.094147,0.458769,0.071489,-0.261800,-0.391008,-0.146854,0.061727,0.715344,-0.373797,0.261800,0.193940,0.202682,0.023759,-0.545580,0.455411,-0.360065,0.311801,-0.026623,0.081954,0.143034,-0.751539,-0.240050,0.451092,-0.147028,-0.025863,0.109516,0.011894
-0.037021,-0.487684,0.756589,-0.026625,-0.028324,0.943761,-0.328336,-0.522066,0.512308,0.105574,0.504128,0.060572,-0.261800,-0.438556,-0.164787,0.032356,0.744519,-0.368742,0.261800,0.201708,0.200748,0.029143,-0.651182,0.571524,-0.440220,0.508056,-0.022956,0.089573,0.174750,-0.922790,-0.319379,0.564067,-0.255020,-0.029665,0.135997,0.021380
-0.030966,-0.491362,0.752241,-0.029153,-0.031429,0.945239,-0.323551,-0.550546,0.517340,0.105128,0.543182,0.043868,-0.261800,-0.467995,-0.176028,0.019979,0.767536,-0.365609,0.261800,0.194402,0.198297,0.045247,-0.730075,0.647793,-0.473829,0.665840,-0.049690,0.104763,0.196726,-1.022816,-0.380280,0.641165,-0.284431,-0.028105,0.157907,0.014795
-0.025071,-0.495646,0.748020,-0.031199,-0.034145,0.946692,-0.318802,-0.577972,0.522005,0.104384,0.584973,0.024614,-0.261800,-0.494796,-0.188405,0.007924,0.790141,-0.363638,0.261800,0.185653,0.196893,0.060162,-0.776674,0.718840,-0.483067,0.804885,-0.078148,0.115081,0.216964,-1.090981,-0.434475,0.697415,-0.330835,-0.024394,0.173551,0.005784
-0.019284,-0.500380,0.743921,-0.033132,-0.036733,0.948143,-0.313971,-0.605255,0.526606,0.103337,0.628581,0.003751,-0.261800,-0.520189,-0.201471,-0.003832,0.811935,-0.362119,0.261800,0.176643,0.195645,0.074935,-0.792156,0.780943,-0.468479,0.927886,-0.107871,0.121064,0.233628,-1.125446,-0.481290,0.730004,-0.392315,-0.018564,0.183505,-0.005195
-0.016506,-0.503779,0.740184,-0.032663,-0.040193,0.948837,-0.311491,-0.627202,0.534503,0.095474,0.664356,-0.011014,-0.261800,-0.533908,-0.205642,-0.012407,0.830008,-0.362771,0.261800,0.166553,0.192792,0.086305,-0.795902,0.831728,-0.463462,0.947307,-0.112306,0.117790,0.257111,-1.077465,-0.546923,0.725619,-0.390667,-0.017871,0.188444,-0.029230
-0.013804,-0.507504,0.736705,-0.032115,-0.043515,0.949584,-0.308812,-0.648253,0.542255,0.087748,0.700617,-0.026719,-0.261800,-0.546409,-0.210089,-0.020666,0.847041,-0.363527,0.261800,0.158000,0.188477,0.096876,-0.775108,0.872257,-0.444078,0.953493,-0.117471,0.115218,0.280028,-0.998793,-0.604263,0.695508,-0.396581,-0.016331,0.186279,-0.053346
-0.011200,-0.511483,0.733209,-0.031583,-0.046739,0.950332,-0.306084,-0.669281,0.549678,0.079624,0.737799,-0.043361,-0.261800,-0.558407,-0.214998,-0.028804,0.863928,-0.364722,0.261800,0.149573,0.183813,0.107405,-0.736225,0.904567,-0.412149,0.953421,-0.122697,0.110103,0.300872,-0.896895,-0.653316,0.645886,-0.408400,-0.014187,0.180058,-0.077309
-0.009353,-0.515560,0.731160,-0.030975,-0.048391,0.950827,-0.304347,-0.678851,0.551045,0.073746,0.761032,-0.058732,-0.261800,-0.563323,-0.222237,-0.034073,0.872188,-0.362427,0.261800,0.143844,0.177110,0.114248,-0.703048,0.920983,-0.394479,0.952246,-0.123368,0.107278,0.306617,-0.818498,-0.665423,0.597285,-0.446315,-0.011417,0.179843,-0.092081
-0.007569,-0.519605,0.729146,-0.029861,-0.049799,0.951322,-0.302681,-0.686941,0.552190,0.068040,0.783933,-0.074087,-0.261800,-0.566866,-0.229734,-0.039345,0.880334,-0.360273,0.261800,0.138019,0.169822,0.123204,-0.665709,0.934264,-0.373457,0.950390,-0.124341,0.103169,0.311120,-0.732955,-0.671750,0.542321,-0.486097,-0.008744,0.178894,-0.106800
-0.005754,-0.523726,0.727116,-0.028637,-0.051136,0.951800,-0.301067,-0.694659,0.553171,0.062325,0.807042,-0.089753,-0.261800,-0.569965,-0.237441,-0.044576,0.888634,-0.358448,0.261800,0.132308,0.162448,0.132473,-0.624880,0.945094,-0.350020,0.947615,-0.125371,0.098445,0.315147,-0.642678,-0.673198,0.483965,-0.527163,-0.006468,0.177230,-0.121397
-0.006957,-0.525862,0.726332,-0.027100,-0.053417,0.951836,-0.300701,-0.696689,0.562070,0.060731,0.817196,-0.097174,-0.261800,-0.566123,-0.239794,-0.054745,0.892479,-0.358794,0.261800,0.129277,0.153050,0.135669,-0.606198,0.955771,-0.355671,0.944330,-0.120889,0.091809,0.316020,-0.580071,-0.682955,0.494042,-0.549582,0.005475,0.176365,-0.093607
-0.008383,-0.528034,0.725374,-0.025050,-0.055343,0.951804,-0.300631,-0.697462,0.570441,0.058893,0.828124,-0.105522,-0.261800,-0.560929,-0.242988,-0.065119,0.897826,-0.360623,0.261800,0.125546,0.144830,0.139024,-0.584015,0.964335,-0.359223,0.940503,-0.116195,0.084255,0.317045,-0.514078,-0.694227,0.503441,-0.573476,0.018239,0.175022,-0.066164
-0.009810,-0.530389,0.724412,-0.022870,-0.057236,0.951753,-0.300612,-0.697890,0.578816,0.056959,0.839214,-0.114156,-0.261800,-0.555039,-0.246270,-0.075618,0.903171,-0.362772,0.261800,0.121713,0.136876,0.142416,-0.560687,0.972455,-0.361999,0.936314,-0.111411,0.076581,0.318057,-0.446554,-0.705574,0.511819,-0.597840,0.031302,0.173580,-0.039171
-0.011021,-0.532098,0.725019,-0.022567,-0.058879,0.951261,-0.301873,-0.696995,0.581996,0.057208,0.838813,-0.114923,-0.261800,-0.547361,-0.250677,-0.088015,0.897529,-0.361209,0.261800,0.124262,0.133237,0.141979,-0.552285,0.974838,-0.365536,0.925587,-0.109727,0.074823,0.318467,-0.424963,-0.714980,0.480716,-0.589821,0.027774,0.178746,-0.039362
-0.012203,-0.533827,0.725647,-0.021772,-0.060493,0.950813,-0.303021,-0.695038,0.585780,0.057284,0.838382,-0.115779,-0.261800,-0.538410,-0.254454,-0.100429,0.891765,-0.359853,0.261800,0.127542,0.129549,0.143090,-0.546515,0.977348,-0.370654,0.915695,-0.108323,0.073547,0.318734,-0.405078,-0.723569,0.449160,-0.579144,0.024756,0.182619,-0.040050
-0.013338,-0.535666,0.726531,-0.021053,-0.062838,0.950494,-0.303594,-0.693389,0.591352,0.057374,0.836980,-0.116101,-0.261800,-0.528563,-0.256117,-0.113294,0.882237,-0.356179,0.261800,0.130912,0.125043,0.143870,-0.542432,0.982579,-0.376823,0.907463,-0.107442,0.071971,0.318419,-0.388149,-0.728131,0.419035,-0.565912,0.020877,0.186670,-0.040838
-0.014707,-0.536459,0.727485,-0.021101,-0.063540,0.950104,-0.304663,-0.689787,0.593893,0.061672,0.831596,-0.113122,-0.261800,-0.521651,-0.261303,-0.126030,0.876292,-0.353956,0.261800,0.139511,0.120364,0.141572,-0.546771,0.990388,-0.390335,0.897178,-0.105734,0.069267,0.319925,-0.378953,-0.735842,0.425755,-0.537991,0.021873,0.187242,-0.036304
-0.015980,-0.537147,0.728466,-0.021335,-0.064057,0.949668,-0.305895,-0.686131,0.596147,0.066228,0.825765,-0.109823,-0.261800,-0.515175,-0.266876,-0.138707,0.870882,-0.352066,0.261800,0.146331,0.115261,0.139084,-0.550355,0.998403,-0.403047,0.887797,-0.104374,0.066306,0.321491,-0.373059,-0.742811,0.435697,-0.506589,0.023207,0.186274,-0.032746
-0.017376,-0.537830,0.729483,-0.021562,-0.064523,0.949204,-0.307218,-0.682380,0.598245,0.070770,0.819822,-0.106452,-0.261800,-0.508416,-0.272565,-0.151613,0.865558,-0.350303,0.261800,0.152404,0.110071,0.136663,-0.553306,1.006639,-0.415149,0.878407,-0.103037,0.063215,0.323012,-0.368059,-0.749438,0.446672,-0.474398,0.024510,0.184911,-0.029337
-0.018917,-0.537769,0.730460,-0.021443,-0.065009,0.948272,-0.309990,-0.677473,0.597412,0.071616,0.809127,-0.103595,-0.261800,-0.500251,-0.274552,-0.160223,0.860341,-0.350871,0.261800,0.158021,0.105688,0.134807,-0.563723,1.009265,-0.426631,0.875866,-0.103784,0.062346,0.322227,-0.369629,-0.752461,0.467431,-0.477172,0.022606,0.185129,-0.022838
-0.020164,-0.537548,0.731554,-0.021233,-0.065326,0.947277,-0.312967,-0.672716,0.595701,0.072788,0.797953,-0.100193,-0.260788,-0.491967,-0.277033,-0.168936,0.854537,-0.350592,0.261800,0.163194,0.101445,0.133975,-0.575307,1.011364,-0.438142,0.874289,-0.104596,0.061078,0.321246,-0.370860,-0.756193,0.487726,-0.482660,0.020322,0.187713,-0.016343
-0.020152,-0.537174,0.732778,-0.021387,-0.065345,0.946143,-0.316364,-0.669548,0.591341,0.075441,0.785939,-0.095171,-0.256579,-0.485195,-0.281115,-0.177488,0.847314,-0.347677,0.261800,0.167615,0.097357,0.134185,-0.588216,1.012399,-0.449351,0.872894,-0.105486,0.059765,0.320363,-0.373017,-0.761026,0.507504,-0.488522,0.017968,0.190659,-0.009745
-0.020710,-0.536293,0.733904,-0.021940,-0.064776,0.945486,-0.318401,-0.663996,0.589489,0.082260,0.772204,-0.089386,-0.258063,-0.482476,-0.283445,-0.181708,0.843669,-0.344572,0.261800,0.172474,0.093102,0.132157,-0.593685,1.011218,-0.445554,0.884141,-0.111340,0.059028,0.323295,-0.377359,-0.757627,0.511939,-0.470342,0.014892,0.194507,-0.011094
-0.021457,-0.535409,0.734839,-0.022197,-0.064343,0.944878,-0.320269,-0.658211,0.588525,0.088947,0.759739,-0.084770,-0.256283,-0.479401,-0.285316,-0.185981,0.841181,-0.342250,0.261800,0.176988,0.089350,0.130221,-0.597597,1.010440,-0.440623,0.895400,-0.117046,0.057626,0.326236,-0.382965,-0.753564,0.517785,-0.450130,0.011826,0.197085,-0.012588
-0.022196,-0.534614,0.735869,-0.022428,-0.063904,0.944267,-0.322138,-0.652434,0.587494,0.095562,0.747386,-0.080236,-0.254542,-0.476246,-0.287186,-0.190279,0.838724,-0.339954,0.261800,0.181158,0.085667,0.128366,-0.600927,1.009824,-0.435105,0.906552,-0.122703,0.056156,0.329135,-0.389022,-0.749353,0.524208,-0.429502,0.008768,0.199407,-0.014212
-0.022387,-0.533657,0.736503,-0.021953,-0.064275,0.943667,-0.323851,-0.650732,0.586790,0.094787,0.739581,-0.074942,-0.254751,-0.472762,-0.284596,-0.191260,0.835666,-0.338320,0.261800,0.183290,0.085809,0.128597,-0.601936,1.008435,-0.428534,0.909101,-0.128053,0.053678,0.334062,-0.387744,-0.743409,0.530708,-0.426072,0.008742,0.200138,-0.014190
-0.022736,-0.532866,0.737078,-0.021322,-0.064949,0.943075,-0.325479,-0.649167,0.588206,0.096463,0.732715,-0.070736,-0.253936,-0.468827,-0.281473,-0.192601,0.832404,-0.336751,0.261800,0.185738,0.086888,0.128482,-0.601835,1.006970,-0.421399,0.910537,-0.133293,0.051623,0.339185,-0.384863,-0.738192,0.536501,-0.424625,0.008621,0.201873,-0.013940
-0.022999,-0.532015,0.737655,-0.020671,-0.065673,0.942491,-0.327063,-0.647655,0.589779,0.098096,0.725985,-0.066642,-0.253145,-0.464830,-0.278197,-0.193942,0.829000,-0.335126,0.261800,0.188345,0.088190,0.128266,-0.601479,1.005378,-0.414107,0.911714,-0.138471,0.049666,0.344358,-0.381639,-0.733207,0.542161,-0.423589,0.008473,0.203836,-0.013635
-0.024599,-0.530444,0.737330,-0.019866,-0.065363,0.942260,-0.327841,-0.645124,0.591335,0.096264,0.721775,-0.064366,-0.255012,-0.464909,-0.275463,-0.192943,0.835789,-0.339706,0.261800,0.191325,0.088191,0.129273,-0.601226,1.008665,-0.411833,0.907793,-0.139763,0.048149,0.347521,-0.391589,-0.730129,0.548781,-0.395318,0.007814,0.206572,-0.017623
-0.026079,-0.528663,0.736853,-0.019343,-0.064667,0.941988,-0.328790,-0.643098,0.591436,0.093828,0.717607,-0.061655,-0.258037,-0.466123,-0.273823,-0.191360,0.843619,-0.344298,0.261800,0.193203,0.086960,0.130666,-0.600876,1.012706,-0.408853,0.903818,-0.141083,0.047026,0.350541,-0.404411,-0.725738,0.557044,-0.363561,0.007582,0.207538,-0.022209
-0.027477,-0.526846,0.736455,-0.018884,-0.063896,0.941699,-0.329792,-0.641161,0.591329,0.091427,0.713399,-0.058856,-0.261037,-0.467588,-0.272414,-0.189696,0.851789,-0.349054,0.261800,0.194571,0.085437,0.132136,-0.600144,1.017089,-0.405404,0.899782,-0.142403,0.045931,0.353516,-0.417927,-0.720831,0.565875,-0.331061,0.007413,0.208093,-0.026959
-0.027987,-0.524260,0.735670,-0.018210,-0.063628,0.940655,-0.332849,-0.645730,0.588929,0.084659,0.710683,-0.053328,-0.261800,-0.470057,-0.266543,-0.182057,0.860451,-0.354604,0.261800,0.189220,0.086866,0.134649,-0.600303,1.015004,-0.401090,0.892975,-0.144047,0.044981,0.356717,-0.430461,-0.723960,0.570774,-0.315428,0.006190,0.207191,-0.027854
-0.028347,-0.521651,0.734900,-0.017685,-0.063411,0.939546,-0.336036,-0.651109,0.585988,0.077885,0.708047,-0.047575,-0.261800,-0.473104,-0.261043,-0.174673,0.869092,-0.359861,0.261800,0.183973,0.089119,0.137216,-0.600495,1.012009,-0.396291,0.885814,-0.145472,0.044195,0.360083,-0.442066,-0.728707,0.574855,-0.301810,0.004959,0.207275,-0.028408
-0.028657,-0.518951,0.734136,-0.017187,-0.063224,0.938417,-0.339237,-0.656507,0.583059,0.071104,0.705364,-0.041806,-0.261800,-0.476185,-0.255532,-0.167371,0.877820,-0.365169,0.261800,0.178838,0.091509,0.139665,-0.600687,1.008816,-0.391511,0.878578,-0.146821,0.043430,0.363485,-0.453332,-0.733692,0.578767,-0.288613,0.003716,0.207592,-0.028932
-0.028882,-0.513832,0.732628,-0.016594,-0.062004,0.937392,-0.342310,-0.662434,0.578732,0.062090,0.699458,-0.032143,-0.261800,-0.485770,-0.245788,-0.153237,0.894621,-0.372925,0.261800,0.172666,0.094290,0.142999,-0.605928,1.013424,-0.389469,0.878888,-0.147616,0.042791,0.364254,-0.467397,-0.739019,0.580032,-0.278025,0.004578,0.208089,-0.031428
-0.029126,-0.508175,0.730748,-0.016561,-0.059531,0.936062,-0.346366,-0.669810,0.570951,0.054098,0.694928,-0.021523,-0.261800,-0.498623,-0.239987,-0.138384,0.917588,-0.383581,0.261800,0.164370,0.095372,0.147685,-0.611507,1.017080,-0.386293,0.880047,-0.148337,0.041284,0.364681,-0.482444,-0.746827,0.581626,-0.268517,0.007132,0.208609,-0.034325
-0.029309,-0.502750,0.729264,-0.016354,-0.057898,0.934844,-0.349924,-0.676151,0.565141,0.046428,0.688448,-0.010261,-0.261800,-0.509332,-0.231698,-0.124435,0.935814,-0.391721,0.261800,0.157557,0.096568,0.151135,-0.618637,1.021933,-0.385691,0.881752,-0.149389,0.039890,0.364916,-0.496470,-0.752013,0.582383,-0.258337,0.008338,0.209390,-0.036972
-0.030514,-0.497483,0.727058,-0.014742,-0.054566,0.932514,-0.356683,-0.680352,0.553752,0.034746,0.683295,0.000389,-0.261800,-0.513996,-0.228293,-0.112167,0.958841,-0.404462,0.261800,0.151425,0.097098,0.154671,-0.631812,1.027253,-0.392755,0.878871,-0.147419,0.039718,0.364451,-0.523023,-0.768132,0.589467,-0.252355,0.006661,0.210173,-0.038206
-0.031430,-0.492039,0.725073,-0.013163,-0.050980,0.930036,-0.363677,-0.684537,0.541550,0.024285,0.677577,0.012799,-0.261800,-0.518851,-0.225589,-0.099710,0.981559,-0.416530,0.261800,0.144860,0.097522,0.159274,-0.646147,1.032126,-0.399946,0.876308,-0.145499,0.039708,0.364062,-0.550699,-0.784584,0.596955,-0.246259,0.005157,0.210963,-0.039561
-0.032309,-0.486585,0.723128,-0.011529,-0.047403,0.927492,-0.370646,-0.688389,0.529561,0.013898,0.671844,0.025196,-0.261800,-0.523401,-0.222660,-0.087177,1.004273,-0.428782,0.261800,0.138333,0.098047,0.163987,-0.660650,1.036941,-0.407311,0.873815,-0.143591,0.039679,0.363659,-0.578646,-0.800859,0.604900,-0.240170,0.003644,0.211731,-0.040941
-0.032625,-0.479719,0.721676,-0.011832,-0.042164,0.924800,-0.377925,-0.686843,0.511857,0.010179,0.651221,0.046012,-0.261800,-0.530469,-0.228292,-0.082102,1.021696,-0.441146,0.261800,0.136504,0.096018,0.162902,-0.676128,1.038651,-0.404937,0.852224,-0.147807,0.036588,0.369459,-0.618815,-0.830044,0.606337,-0.225326,0.010238,0.209080,-0.043079
-0.033411,-0.472858,0.720101,-0.011878,-0.037006,0.922122,-0.384942,-0.684352,0.495575,0.005917,0.631155,0.065677,-0.261800,-0.536525,-0.233018,-0.076770,1.039766,-0.454737,0.261800,0.134804,0.094384,0.161737,-0.689708,1.040586,-0.401468,0.829501,-0.151698,0.034066,0.375492,-0.660034,-0.858762,0.609866,-0.210078,0.017249,0.205971,-0.045288
-0.034238,-0.466105,0.718665,-0.011837,-0.031889,0.919415,-0.391816,-0.681634,0.479777,0.001494,0.611399,0.085148,-0.261800,-0.542191,-0.237351,-0.071133,1.057794,-0.468559,0.261800,0.133177,0.092964,0.160579,-0.702622,1.042532,-0.397639,0.806515,-0.155402,0.031593,0.381628,-0.702139,-0.886961,0.614970,-0.194854,0.024207,0.202788,-0.047386
-0.036522,-0.459225,0.718333,-0.013658,-0.028905,0.916569,-0.398597,-0.660721,0.466242,0.002377,0.553415,0.103437,-0.261800,-0.545605,-0.240291,-0.074943,1.063315,-0.481513,0.261800,0.137689,0.093305,0.148950,-0.725086,1.054014,-0.415937,0.793027,-0.156904,0.031313,0.377633,-0.774623,-0.919896,0.632981,-0.149967,0.029732,0.198905,-0.051612
-0.038829,-0.452361,0.718147,-0.014943,-0.025687,0.913784,-0.405111,-0.639083,0.452996,0.002720,0.496761,0.120906,-0.261800,-0.547297,-0.242849,-0.078423,1.068725,-0.494662,0.261800,0.142478,0.093330,0.138565,-0.750386,1.065448,-0.436763,0.781577,-0.158970,0.030486,0.373267,-0.851554,-0.949722,0.655598,-0.102233,0.035474,0.193465,-0.056020
-0.041236,-0.445590,0.718075,-0.016010,-0.022336,0.911056,-0.411365,-0.617819,0.439939,0.002357,0.442407,0.137051,-0.261800,-0.547991,-0.245157,-0.081678,1.074331,-0.508403,0.261800,0.147667,0.093013,0.128498,-0.776611,1.076825,-0.458868,0.770450,-0.161150,0.029514,0.368842,-0.930836,-0.976924,0.681430,-0.054283,0.040939,0.187733,-0.060195
-0.053344,-0.440534,0.719500,-0.013360,-0.019652,0.909238,-0.415597,-0.569604,0.454101,0.003796,0.376845,0.113339,-0.261800,-0.525895,-0.236403,-0.089797,1.075698,-0.526374,0.261800,0.161182,0.094017,0.110807,-0.804611,1.098370,-0.491345,0.765754,-0.161453,0.029207,0.366694,-0.979254,-0.985882,0.738019,-0.052096,0.052329,0.182469,-0.048226
-0.065628,-0.436025,0.721699,-0.010768,-0.017240,0.907311,-0.419968,-0.522201,0.468173,0.007897,0.313212,0.087704,-0.261800,-0.500615,-0.227155,-0.099827,1.071783,-0.542245,0.261800,0.175458,0.095214,0.090465,-0.830933,1.118137,-0.525207,0.759036,-0.160844,0.028217,0.364787,-1.020831,-0.994140,0.791281,-0.054842,0.061724,0.179199,-0.035778
-0.077888,-0.431268,0.724634,-0.007534,-0.013224,0.904952,-0.425242,-0.472107,0.478336,0.015543,0.250254,0.060914,-0.261404,-0.470591,-0.220668,-0.110801,1.065228,-0.557497,0.261800,0.187608,0.093321,0.074083,-0.861893,1.138077,-0.563167,0.752383,-0.161026,0.027065,0.362860,-1.063943,-1.000402,0.844485,-0.057181,0.072827,0.176156,-0.023962
-0.076098,-0.424074,0.733853,-0.008445,-0.009287,0.899210,-0.437337,-0.435673,0.456059,0.067155,0.205578,0.067402,-0.239526,-0.446532,-0.229842,-0.122197,1.010970,-0.524952,0.261800,0.190592,0.104879,0.055918,-0.903892,1.141497,-0.604420,0.752713,-0.166371,0.029907,0.359169,-1.119281,-1.009515,0.916250,-0.002344,0.069393,0.175908,-0.010581
-0.077482,-0.415609,0.741942,-0.011950,-0.004315,0.893007,-0.449864,-0.408604,0.432367,0.114290,0.173040,0.066636,-0.222592,-0.429803,-0.239828,-0.134846,0.970770,-0.503613,0.255443,0.193586,0.103894,0.044406,-0.950024,1.156074,-0.642188,0.745785,-0.169094,0.029614,0.356374,-1.176874,-1.018673,0.976750,0.051248,0.065132,0.172266,0.002405
-0.081132,-0.404610,0.749326,-0.014317,-0.003422,0.887883,-0.459834,-0.384768,0.424313,0.157171,0.140091,0.068274,-0.213759,-0.417468,-0.233125,-0.153066,0.934198,-0.483834,0.238823,0.201392,0.105572,0.032563,-1.002084,1.175490,-0.684566,0.737276,-0.171542,0.029257,0.352750,-1.234502,-1.021493,1.032650,0.105828,0.060371,0.168939,0.015133
-0.084249,-0.392867,0.756417,-0.017509,-0.004585,0.883284,-0.468489,-0.372054,0.413110,0.192299,0.153719,0.049699,-0.204136,-0.406886,-0.225081,-0.178832,0.886521,-0.457614,0.218532,0.208205,0.103207,0.021663,-1.047048,1.193452,-0.698584,0.729745,-0.183225,0.026926,0.357774,-1.310525,-1.033339,1.045413,0.153092,0.061168,0.159515,0.000550
-0.087535,-0.381168,0.763655,-0.020789,-0.006201,0.878680,-0.476918,-0.361120,0.402975,0.226559,0.169738,0.029989,-0.194551,-0.396519,-0.215943,-0.204831,0.837736,-0.430774,0.198257,0.214855,0.101405,0.010638,-1.090859,1.211687,-0.711444,0.720086,-0.194356,0.024728,0.363152,-1.388501,-1.044039,1.060225,0.199017,0.062143,0.150362,-0.014368
-0.090798,-0.369420,0.770959,-0.024093,-0.007924,0.874004,-0.485257,-0.350433,0.392953,0.260485,0.186043,0.010147,-0.184876,-0.385984,-0.206467,-0.230909,0.788069,-0.403554,0.178190,0.221261,0.099773,-0.000517,-1.134574,1.228916,-0.724557,0.709730,-0.205072,0.022489,0.368726,-1.468034,-1.052589,1.077193,0.244693,0.063162,0.141322,-0.029445
-0.093131,-0.357013,0.776778,-0.026503,-0.009911,0.868666,-0.494589,-0.349440,0.382537,0.262455,0.224970,-0.009585,-0.180875,-0.377252,-0.198219,-0.260270,0.740306,-0.371462,0.158935,0.221441,0.099208,-0.007187,-1.184241,1.244365,-0.757796,0.697129,-0.207780,0.021166,0.363334,-1.526858,-1.057742,1.107802,0.263077,0.065172,0.131899,-0.037615
-0.095723,-0.344585,0.782719,-0.029235,-0.011994,0.863175,-0.503916,-0.350505,0.372005,0.263711,0.266345,-0.030660,-0.177271,-0.368530,-0.189559,-0.290007,0.691391,-0.339135,0.139836,0.222773,0.097077,-0.015074,-1.237411,1.255558,-0.795972,0.684950,-0.210295,0.019772,0.357369,-1.580611,-1.062108,1.134968,0.278533,0.066604,0.123713,-0.045754
-0.098580,-0.332240,0.788691,-0.032144,-0.013855,0.857564,-0.513186,-0.352392,0.360764,0.264851,0.309199,-0.052621,-0.173947,-0.359480,-0.180926,-0.319678,0.641604,-0.306693,0.121109,0.224851,0.093611,-0.023258,-1.290245,1.260988,-0.835850,0.672065,-0.212345,0.018278,0.350697,-1.628672,-1.063375,1.158646,0.292253,0.067595,0.115523,-0.053668
-0.102987,-0.321901,0.792360,-0.034936,-0.013241,0.851931,-0.522320,-0.347319,0.342134,0.261082,0.375967,-0.083280,-0.173299,-0.354744,-0.178723,-0.343721,0.613685,-0.288940,0.106632,0.226473,0.081647,-0.022919,-1.321569,1.258761,-0.847668,0.635630,-0.209169,0.011400,0.351090,-1.646732,-1.062764,1.146550,0.299271,0.066180,0.110206,-0.059243
-0.106306,-0.309593,0.796081,-0.037196,-0.014105,0.846365,-0.531116,-0.341337,0.324672,0.257082,0.430570,-0.103547,-0.172343,-0.350532,-0.171767,-0.370311,0.577043,-0.262719,0.090369,0.227288,0.075742,-0.026329,-1.342846,1.240268,-0.855144,0.599384,-0.206789,0.009517,0.346643,-1.651823,-1.043592,1.130269,0.308256,0.063579,0.105789,-0.062590
-0.109769,-0.297604,0.799993,-0.039470,-0.015015,0.840719,-0.539823,-0.335291,0.306716,0.253010,0.484703,-0.123671,-0.171707,-0.344811,-0.163873,-0.397292,0.537064,-0.235071,0.074432,0.228264,0.070068,-0.030224,-1.343785,1.204852,-0.850306,0.557822,-0.202265,0.007660,0.338011,-1.634319,-1.009858,1.100264,0.313340,0.060564,0.099956,-0.064971
-0.112129,-0.287456,0.802263,-0.040639,-0.018094,0.834066,-0.549868,-0.314277,0.294408,0.246577,0.523143,-0.128435,-0.161525,-0.339181,-0.153742,-0.421275,0.499089,-0.209851,0.062792,0.224534,0.069359,-0.039420,-1.320186,1.141635,-0.838183,0.520299,-0.189379,0.008689,0.317489,-1.582452,-0.958813,1.062385,0.313190,0.054620,0.091867,-0.065255
-0.114603,-0.277497,0.804679,-0.041709,-0.020460,0.827174,-0.560022,-0.291713,0.280285,0.239968,0.560098,-0.132322,-0.151334,-0.332117,-0.144328,-0.445252,0.460176,-0.184515,0.051631,0.221515,0.066994,-0.047575,-1.263528,1.048833,-0.805816,0.475240,-0.172670,0.008775,0.289234,-1.490178,-0.885737,0.998863,0.304372,0.048331,0.081416,-0.064223
-0.117198,-0.267601,0.807143,-0.042797,-0.022359,0.820143,-0.570117,-0.268660,0.265071,0.233208,0.597106,-0.136340,-0.141297,-0.324457,-0.135200,-0.468980,0.420939,-0.159326,0.040847,0.218958,0.062871,-0.054971,-1.167677,0.926282,-0.748872,0.419485,-0.151794,0.008192,0.253306,-1.353023,-0.788837,0.905826,0.285067,0.041218,0.068678,-0.061384
-0.118612,-0.258738,0.808255,-0.043401,-0.025019,0.814575,-0.577891,-0.239318,0.247283,0.219074,0.613108,-0.134895,-0.134429,-0.320560,-0.125473,-0.487756,0.386449,-0.135475,0.030891,0.216453,0.059847,-0.056993,-1.018171,0.779920,-0.654007,0.356645,-0.130246,0.007058,0.212821,-1.162464,-0.670638,0.772686,0.252735,0.035763,0.057422,-0.053450
-0.120047,-0.250200,0.809523,-0.044373,-0.026881,0.808832,-0.585746,-0.207995,0.227148,0.205268,0.626266,-0.132502,-0.127113,-0.316388,-0.117551,-0.505901,0.352394,-0.112157,0.021724,0.212448,0.055775,-0.059711,-0.831566,0.617933,-0.534785,0.283704,-0.104209,0.005220,0.168155,-0.938527,-0.535207,0.618002,0.211384,0.028248,0.045768,-0.043874
-0.121546,-0.241803,0.810935,-0.045575,-0.028393,0.802994,-0.593563,-0.176245,0.206042,0.191192,0.638817,-0.129946,-0.119571,-0.312332,-0.110331,-0.523697,0.318571,-0.089077,0.013071,0.207761,0.051413,-0.062788,-0.626662,0.451418,-0.403532,0.206484,-0.076118,0.003303,0.122072,-0.700839,-0.392448,0.454752,0.166644,0.020165,0.033943,-0.033735
-0.120585,-0.234142,0.811007,-0.046128,-0.031355,0.797229,-0.601095,-0.144128,0.196536,0.174823,0.623577,-0.125675,-0.112807,-0.311955,-0.105430,-0.541282,0.290403,-0.067703,0.006792,0.198391,0.050551,-0.067085,-0.426330,0.293094,-0.273785,0.134897,-0.050596,0.002445,0.079799,-0.467232,-0.258932,0.303100,0.112964,0.012248,0.021751,-0.021672
-0.119578,-0.226498,0.811235,-0.047076,-0.034035,0.791307,-0.608653,-0.111683,0.185953,0.158701,0.606765,-0.120717,-0.105505,-0.312401,-0.101576,-0.558573,0.262894,-0.046572,0.000872,0.188977,0.049236,-0.071791,-0.245243,0.153800,-0.156474,0.071987,-0.028061,0.001468,0.042376,-0.259476,-0.140906,0.169207,0.064504,0.005471,0.011964,-0.010564
-0.118545,-0.218796,0.811466,-0.048169,-0.036622,0.785308,-0.616141,-0.079457,0.175183,0.142457,0.589938,-0.115721,-0.097988,-0.313354,-0.097891,-0.575766,0.235561,-0.025422,-0.004911,0.179623,0.047780,-0.076563,-0.096548,0.041516,-0.060264,0.021327,-0.009672,0.000668,0.011883,-0.090466,-0.044958,0.060957,0.025802,-0.000028,0.004417,-0.000909
-0.116618,-0.210273,0.810573,-0.048352,-0.041158,0.779553,-0.623110,-0.056358,0.172803,0.130406,0.550507,-0.135160,-0.094239,-0.321922,-0.094548,-0.594414,0.219895,-0.005280,-0.011316,0.171771,0.050099,-0.079542,0.016772,-0.039906,0.013865,-0.015096,0.004304,0.000112,-0.009323,0.033941,0.023676,-0.022067,-0.007862,-0.002758,-0.002303,0.002552
-0.114653,-0.201742,0.809456,-0.048706,-0.046076,0.773769,-0.629909,-0.034878,0.170928,0.118595,0.512536,-0.155386,-0.090661,-0.332420,-0.091289,-0.613187,0.206347,0.013862,-0.017876,0.164419,0.053130,-0.083754,0.093512,-0.093395,0.064363,-0.038041,0.014075,-0.000051,-0.023442,0.116303,0.068718,-0.076806,-0.030980,-0.004416,-0.006492,0.004315
-0.112628,-0.193115,0.808354,-0.049132,-0.051145,0.767915,-0.636614,-0.014550,0.169141,0.106965,0.475662,-0.176054,-0.087144,-0.343751,-0.088030,-0.632122,0.193209,0.032932,-0.024565,0.157251,0.056503,-0.088405,0.137756,-0.124210,0.093854,-0.048548,0.020227,0.000249,-0.031839,0.162858,0.094346,-0.107722,-0.044384,-0.005325,-0.008834,0.004910
-0.110770,-0.184474,0.807079,-0.048914,-0.055139,0.762733,-0.642499,-0.004224,0.173971,0.095299,0.431788,-0.207134,-0.093392,-0.357407,-0.088980,-0.647910,0.191582,0.048583,-0.029402,0.151467,0.059574,-0.091463,0.160820,-0.134770,0.108528,-0.057697,0.021485,-0.001153,-0.033820,0.183744,0.106317,-0.120898,-0.049882,-0.005965,-0.009450,0.005684
-0.108943,-0.175888,0.805740,-0.048828,-0.059242,0.757520,-0.648283,0.004868,0.179094,0.084176,0.389924,-0.239393,-0.099510,-0.372508,-0.090792,-0.663653,0.192789,0.062679,-0.034372,0.145735,0.063011,-0.095235,0.166583,-0.133812,0.112531,-0.059677,0.021089,-0.001686,-0.033268,0.185908,0.109389,-0.121597,-0.049283,-0.006655,-0.009334,0.006273
-0.107204,-0.167306,0.804492,-0.048876,-0.063275,0.752257,-0.654000,0.013146,0.184017,0.073584,0.349394,-0.272356,-0.105402,-0.388075,-0.093266,-0.679332,0.194820,0.076345,-0.039435,0.140020,0.066361,-0.099263,0.160664,-0.127248,0.109348,-0.054928,0.019694,-0.001712,-0.030726,0.176289,0.107821,-0.114206,-0.044207,-0.007501,-0.008398,0.006291
-0.104718,-0.159711,0.803879,-0.048302,-0.064769,0.749886,-0.656615,0.013826,0.181902,0.057066,0.326427,-0.290156,-0.108138,-0.399048,-0.096419,-0.684694,0.195295,0.092668,-0.043157,0.137382,0.064913,-0.099589,0.154524,-0.114903,0.105898,-0.058013,0.017646,-0.002806,-0.027228,0.164764,0.097830,-0.107894,-0.044026,-0.004918,-0.008238,0.005373
-0.102194,-0.152114,0.803350,-0.047974,-0.066059,0.747503,-0.659222,0.014453,0.178911,0.040745,0.303499,-0.308068,-0.110449,-0.409911,-0.099944,-0.689771,0.194971,0.109445,-0.046876,0.134823,0.062617,-0.100418,0.145514,-0.102142,0.101826,-0.058628,0.016051,-0.002845,-0.022726,0.150803,0.086530,-0.100093,-0.042383,-0.002951,-0.007379,0.003919
-0.099717,-0.144660,0.802894,-0.047761,-0.067277,0.745083,-0.661849,0.015192,0.175611,0.024462,0.280529,-0.326141,-0.112561,-0.420672,-0.103523,-0.694830,0.194374,0.126240,-0.050665,0.132202,0.059945,-0.101613,0.134391,-0.090360,0.097920,-0.056277,0.014560,-0.002726,-0.017551,0.134617,0.075544,-0.090868,-0.038294,-0.001294,-0.006204,0.001808
-0.095334,-0.137931,0.802369,-0.047043,-0.067740,0.743572,-0.663550,0.018598,0.170548,0.021454,0.252320,-0.317356,-0.107014,-0.431345,-0.108709,-0.682533,0.196021,0.143128,-0.044927,0.128924,0.058517,-0.102145,0.123428,-0.078659,0.085298,-0.066887,0.014048,-0.003415,-0.017001,0.117801,0.063353,-0.075286,-0.041076,0.000611,-0.006349,0.001469
-0.091007,-0.131115,0.801969,-0.046696,-0.067552,0.742155,-0.665179,0.023491,0.163832,0.019160,0.221639,-0.307196,-0.101193,-0.442238,-0.115257,-0.668838,0.198318,0.159699,-0.038816,0.124200,0.054468,-0.101582,0.110757,-0.066860,0.072730,-0.077799,0.013759,-0.003323,-0.015556,0.102469,0.051087,-0.065579,-0.042600,0.001652,-0.005972,0.000937
-0.086822,-0.124293,0.801655,-0.046536,-0.067092,0.740690,-0.666867,0.028742,0.156559,0.016931,0.190454,-0.296807,-0.095434,-0.453149,-0.122290,-0.654582,0.200936,0.175852,-0.032428,0.118080,0.048657,-0.101052,0.097040,-0.056304,0.059773,-0.088158,0.013479,-0.003271,-0.013177,0.089333,0.039257,-0.059412,-0.042186,0.001873,-0.005459,-0.000718
-0.083556,-0.117825,0.802035,-0.042227,-0.068274,0.736309,-0.671866,0.027457,0.160021,0.006558,0.172907,-0.276767,-0.093053,-0.452341,-0.132671,-0.580463,0.207722,0.169719,-0.010269,0.105260,0.050276,-0.100962,0.083654,-0.048013,0.048466,-0.064989,0.010988,0.000661,-0.013785,0.082572,0.035543,-0.053979,-0.039442,-0.000581,-0.004690,0.002541
-0.080305,-0.111389,0.802463,-0.037796,-0.069063,0.731960,-0.676784,0.026758,0.163067,-0.003596,0.156090,-0.257327,-0.090687,-0.450422,-0.142690,-0.506065,0.216695,0.160976,0.011979,0.092340,0.051679,-0.100173,0.072478,-0.043178,0.040431,-0.038666,0.008250,0.002300,-0.014443,0.077440,0.033456,-0.049948,-0.035742,-0.002983,-0.003513,0.004739
-0.077032,-0.105046,0.802815,-0.033406,-0.069664,0.727564,-0.681676,0.026239,0.165901,-0.013634,0.139385,-0.237986,-0.088378,-0.446764,-0.151595,-0.432033,0.225103,0.151134,0.034093,0.079439,0.052540,-0.099030,0.063752,-0.041482,0.035545,-0.011458,0.005736,0.003074,-0.014637,0.074289,0.032784,-0.047691,-0.031191,-0.005235,-0.002419,0.005779
-0.075547,-0.098253,0.803492,-0.026851,-0.070533,0.724090,-0.685564,0.021587,0.175110,-0.025864,0.138365,-0.228839,-0.086871,-0.445592,-0.170899,-0.367322,0.273754,0.116234,0.058517,0.069540,0.056957,-0.096451,0.059934,-0.040577,0.031908,-0.025964,0.007306,0.000009,-0.014380,0.072503,0.034084,-0.046483,-0.035390,-0.004686,-0.003139,0.007372
-0.074171,-0.091676,0.803982,-0.020764,-0.070993,0.720299,-0.689709,0.016041,0.182713,-0.039056,0.139068,-0.221068,-0.085256,-0.447643,-0.191588,-0.303014,0.330879,0.075616,0.083613,0.058406,0.060507,-0.094061,0.056830,-0.036818,0.030110,-0.046532,0.010281,-0.000390,-0.012690,0.068536,0.034622,-0.044501,-0.040739,-0.004129,-0.003759,0.008416
-0.072786,-0.085241,0.804296,-0.015034,-0.071240,0.716327,-0.693956,0.010248,0.189114,-0.052578,0.139876,-0.213510,-0.083448,-0.449619,-0.211601,-0.239581,0.388690,0.033536,0.109283,0.046623,0.063323,-0.092070,0.049200,-0.030523,0.025748,-0.070311,0.013894,0.000068,-0.008979,0.059395,0.033127,-0.039625,-0.047416,-0.003700,-0.003783,0.008330
-0.072483,-0.080884,0.803648,-0.011238,-0.069027,0.712833,-0.697838,0.000496,0.189936,-0.061484,0.158447,-0.217331,-0.085676,-0.427724,-0.237440,-0.220075,0.415872,0.007246,0.103988,0.040250,0.059999,-0.092557,0.041800,-0.018988,0.020735,-0.059933,0.011534,0.002436,-0.006232,0.043984,0.021697,-0.030460,-0.040060,-0.001367,-0.002221,0.004920
-0.072116,-0.076564,0.803171,-0.006465,-0.067371,0.709502,-0.701446,-0.009201,0.193213,-0.070391,0.178552,-0.222783,-0.088499,-0.401347,-0.260038,-0.202852,0.434749,-0.014861,0.098033,0.035056,0.058642,-0.092986,0.026508,-0.007377,0.011508,-0.048696,0.008830,0.002544,-0.002615,0.021787,0.007617,-0.017289,-0.032826,0.000485,-0.001427,0.000477
-0.071491,-0.069697,0.802823,-0.001652,-0.067442,0.705774,-0.705218,-0.021527,0.198770,-0.080853,0.189587,-0.218964,-0.092017,-0.371677,-0.279096,-0.190927,0.433749,-0.022194,0.090268,0.027789,0.062711,-0.096446,-0.000405,-0.007398,0.000243,-0.020148,-0.001392,0.002206,-0.003343,-0.004536,0.008343,-0.002241,-0.014668,-0.001698,0.000474,-0.001532
-0.072405,-0.065654,0.802198,0.002259,-0.063931,0.704133,-0.707181,-0.026838,0.200155,-0.082827,0.208062,-0.223272,-0.096724,-0.335641,-0.297456,-0.179300,0.444679,-0.028250,0.086396,0.026111,0.057568,-0.098926,-0.022445,0.000217,-0.014669,-0.009007,-0.005083,0.000825,-0.000766,-0.023816,-0.001485,0.011389,-0.002540,-0.002014,0.001236,0.000246
-0.073277,-0.061485,0.801456,0.006108,-0.060176,0.702549,-0.709061,-0.031912,0.201076,-0.084574,0.226735,-0.227586,-0.101409,-0.299654,-0.316343,-0.167926,0.456135,-0.034478,0.082585,0.024993,0.051806,-0.100994,-0.039822,0.002994,-0.025591,-0.000548,-0.007875,-0.000058,0.001077,-0.038012,-0.007128,0.020504,0.008203,-0.002722,0.001417,0.002147
-0.074189,-0.057273,0.800788,0.009861,-0.056397,0.701013,-0.710847,-0.037236,0.201854,-0.086121,0.245692,-0.232011,-0.106130,-0.263831,-0.335402,-0.157015,0.467532,-0.040542,0.078754,0.024169,0.045782,-0.103083,-0.050913,-0.000652,-0.032500,0.006507,-0.010139,-0.000784,0.002435,-0.044693,-0.006383,0.023561,0.017715,-0.003944,0.001696,0.004112
-0.076770,-0.054853,0.800197,0.012181,-0.052695,0.700354,-0.711743,-0.032604,0.203347,-0.087200,0.247421,-0.231919,-0.110730,-0.222254,-0.341365,-0.160434,0.455362,-0.054615,0.115506,0.028971,0.040081,-0.107534,-0.050760,0.000000,-0.032129,0.010120,-0.009741,-0.001058,0.004138,-0.045356,-0.007058,0.021600,0.013787,-0.002704,0.001189,0.002076
-0.079305,-0.052510,0.799597,0.014885,-0.049121,0.699791,-0.712501,-0.027219,0.205722,-0.088130,0.248523,-0.231353,-0.115406,-0.179427,-0.346483,-0.164933,0.441569,-0.067493,0.152242,0.034122,0.035439,-0.111696,-0.049800,-0.001962,-0.031525,0.013191,-0.009599,-0.001423,0.004975,-0.044950,-0.005366,0.018082,0.009081,-0.002007,0.000829,0.000690
-0.081745,-0.050046,0.799101,0.017691,-0.045653,0.699248,-0.713201,-0.021883,0.208456,-0.089021,0.249669,-0.230763,-0.120139,-0.136642,-0.351362,-0.170077,0.427793,-0.080029,0.188979,0.039433,0.031212,-0.115775,-0.055676,-0.002228,-0.036341,0.015438,-0.010643,-0.001842,0.005662,-0.050923,-0.006046,0.018072,0.003919,-0.001467,0.000636,0.000154
-0.085912,-0.048004,0.799088,0.020415,-0.042493,0.699593,-0.712984,-0.009504,0.215005,-0.087002,0.237552,-0.221862,-0.125342,-0.106034,-0.344624,-0.170457,0.405279,-0.087841,0.218072,0.048733,0.030830,-0.118223,-0.065766,0.009462,-0.043850,0.010269,-0.009665,-0.001549,0.006647,-0.060237,-0.013739,0.026719,0.005455,-0.001581,0.000810,0.001172
-0.090135,-0.046012,0.799224,0.023401,-0.039989,0.700039,-0.712600,0.002334,0.223266,-0.084840,0.225628,-0.213130,-0.131073,-0.075479,-0.336151,-0.171281,0.381552,-0.095180,0.246587,0.058353,0.032230,-0.121756,-0.091217,0.031016,-0.063496,0.002081,-0.010280,-0.000739,0.008822,-0.087470,-0.031107,0.047748,0.006213,-0.001564,0.002041,0.003359
-0.098357,-0.042730,0.799922,0.030776,-0.043647,0.701662,-0.710506,0.008966,0.256476,-0.083534,0.214810,-0.203550,-0.146851,-0.049982,-0.302007,-0.175904,0.356228,-0.100991,0.261800,0.073070,0.044901,-0.126434,-0.138655,0.063550,-0.099609,-0.009858,-0.011386,-0.000359,0.011139,-0.136232,-0.060892,0.082717,0.007856,0.000219,0.004628,0.005267
-0.104996,-0.040426,0.800775,0.035815,-0.045382,0.701115,-0.710700,0.021759,0.279281,-0.082715,0.189890,-0.185865,-0.156076,-0.033134,-0.276698,-0.174338,0.329653,-0.105334,0.261800,0.081701,0.055245,-0.127156,-0.187387,0.103224,-0.137129,-0.017672,-0.016507,0.001213,0.016269,-0.191041,-0.109034,0.130907,0.004296,0.003400,0.007031,0.004829
-0.111555,-0.038200,0.801580,0.040720,-0.047053,0.700464,-0.710970,0.034546,0.301624,-0.081803,0.164939,-0.168173,-0.165347,-0.016506,-0.251816,-0.172061,0.303367,-0.109936,0.261800,0.090219,0.065831,-0.128608,-0.244427,0.150720,-0.181800,-0.028491,-0.022085,0.002831,0.021053,-0.258245,-0.165910,0.189921,-0.000888,0.007319,0.009940,0.005293
-0.118027,-0.036103,0.802337,0.045554,-0.048645,0.699702,-0.711320,0.047263,0.323553,-0.080846,0.140415,-0.150814,-0.174608,0.000362,-0.227302,-0.169238,0.277017,-0.114732,0.261800,0.098245,0.076342,-0.130758,-0.306133,0.203142,-0.231980,-0.041660,-0.028321,0.004516,0.025544,-0.331770,-0.228269,0.256353,-0.007599,0.011995,0.012982,0.006029
-0.121563,-0.034477,0.803308,0.044960,-0.045123,0.697970,-0.713288,0.047476,0.321552,-0.078933,0.139468,-0.131041,-0.180833,0.021395,-0.225029,-0.169741,0.243895,-0.095505,0.261800,0.104274,0.075397,-0.129387,-0.337684,0.254180,-0.252204,-0.052334,-0.034981,0.006565,0.032290,-0.378476,-0.277436,0.292476,-0.019236,0.018510,0.018035,0.003445
-0.125174,-0.032814,0.804320,0.044034,-0.041809,0.696240,-0.715236,0.047047,0.319431,-0.077180,0.138309,-0.111032,-0.187064,0.041664,-0.222946,-0.170406,0.210966,-0.076420,0.261800,0.107140,0.072128,-0.129332,-0.360325,0.303817,-0.268537,-0.064168,-0.038883,0.008829,0.036439,-0.403155,-0.321201,0.307271,-0.032297,0.021307,0.022839,0.004280
-0.128764,-0.031291,0.805359,0.042922,-0.038557,0.694462,-0.717213,0.046404,0.317159,-0.075628,0.137005,-0.090944,-0.193263,0.061594,-0.221104,-0.171333,0.178491,-0.057690,0.261800,0.108880,0.067186,-0.129970,-0.372923,0.347308,-0.279642,-0.075070,-0.041614,0.010971,0.039117,-0.411620,-0.356914,0.310343,-0.046059,0.022683,0.026971,0.006043
-0.130450,-0.028617,0.806464,0.041041,-0.034888,0.694350,-0.717619,0.045837,0.310109,-0.070455,0.135692,-0.073875,-0.194904,0.061292,-0.227054,-0.170852,0.178002,-0.035060,0.261800,0.108090,0.062905,-0.124516,-0.367743,0.364406,-0.279229,-0.096096,-0.042668,0.012937,0.040442,-0.407023,-0.382271,0.309005,-0.056149,0.022352,0.028857,0.006906
-0.132146,-0.025939,0.807492,0.038865,-0.031367,0.694255,-0.717994,0.044547,0.302840,-0.065204,0.134389,-0.056665,-0.196509,0.059406,-0.233278,-0.169936,0.179205,-0.013189,0.261800,0.107783,0.058730,-0.119689,-0.347740,0.369577,-0.268215,-0.114493,-0.041531,0.014716,0.039851,-0.389571,-0.394809,0.300224,-0.065503,0.022103,0.029747,0.007870
-0.133846,-0.023344,0.808538,0.036676,-0.027885,0.694142,-0.718362,0.043160,0.295632,-0.059969,0.133149,-0.039482,-0.198056,0.057310,-0.239403,-0.168835,0.180607,0.008600,0.261800,0.107689,0.054797,-0.114838,-0.314051,0.362652,-0.247505,-0.129556,-0.038590,0.016000,0.037580,-0.358843,-0.393949,0.283091,-0.073775,0.021846,0.029666,0.008943
-0.135481,-0.020778,0.809369,0.034061,-0.025249,0.692351,-0.720314,0.037873,0.288332,-0.059054,0.131961,-0.023847,-0.199234,0.056027,-0.245715,-0.169991,0.180611,0.020938,0.261782,0.102446,0.054219,-0.110524,-0.297558,0.338993,-0.234742,-0.125301,-0.036446,0.016610,0.033253,-0.329739,-0.372929,0.261694,-0.071680,0.019317,0.029407,0.008171
-0.138367,-0.017792,0.810377,0.032683,-0.023873,0.690823,-0.721890,0.031931,0.287265,-0.058718,0.130689,-0.007613,-0.203162,0.053509,-0.245529,-0.171696,0.181015,0.033366,0.258039,0.098155,0.055184,-0.105466,-0.278284,0.309740,-0.220560,-0.117675,-0.033911,0.016267,0.028279,-0.293495,-0.342902,0.234848,-0.067591,0.017278,0.028474,0.007169
-0.141540,-0.014712,0.811330,0.031552,-0.022722,0.689348,-0.723386,0.025901,0.287407,-0.058605,0.129420,0.008746,-0.207653,0.050812,-0.244028,-0.173593,0.181474,0.045809,0.253423,0.094125,0.056232,-0.100240,-0.256780,0.278765,-0.204991,-0.109738,-0.030966,0.015721,0.022811,-0.254331,-0.309172,0.206831,-0.063435,0.015133,0.027364,0.006536
-0.142379,-0.011469,0.811973,0.031133,-0.022269,0.689725,-0.723059,0.021426,0.287223,-0.054763,0.129176,0.017529,-0.210548,0.045575,-0.243737,-0.172328,0.181851,0.055819,0.250802,0.088761,0.058529,-0.095773,-0.235864,0.244990,-0.189385,-0.110964,-0.027536,0.015175,0.020352,-0.220160,-0.277556,0.177967,-0.063393,0.011078,0.025458,0.003899
-0.143128,-0.008307,0.812531,0.030716,-0.021835,0.690116,-0.722717,0.016911,0.287060,-0.050930,0.129009,0.026225,-0.213388,0.040272,-0.243415,-0.171102,0.182256,0.065850,0.248231,0.083365,0.060914,-0.091375,-0.221583,0.217220,-0.178853,-0.116317,-0.024583,0.015081,0.018000,-0.192770,-0.251668,0.155699,-0.065210,0.007145,0.024266,0.001683
-0.143791,-0.004778,0.813220,0.030392,-0.021453,0.690579,-0.722299,0.012572,0.286904,-0.046843,0.127884,0.035803,-0.215975,0.035532,-0.242856,-0.169790,0.180420,0.077598,0.245771,0.077321,0.066418,-0.086798,-0.216135,0.195436,-0.173180,-0.123274,-0.023637,0.013711,0.016702,-0.187703,-0.233155,0.154875,-0.064994,0.006576,0.023619,-0.002055
-0.143693,-0.002425,0.813647,0.030352,-0.021132,0.690769,-0.722129,0.009768,0.286560,-0.042840,0.127669,0.040677,-0.218410,0.032364,-0.242982,-0.168272,0.180087,0.083906,0.244497,0.074508,0.068809,-0.081132,-0.204698,0.190357,-0.164450,-0.116446,-0.023898,0.014677,0.018483,-0.185887,-0.233467,0.150660,-0.064878,0.008269,0.022629,-0.003304
-0.143663,-0.000117,0.813993,0.030334,-0.020809,0.691019,-0.721900,0.007180,0.286200,-0.039095,0.127458,0.045128,-0.220681,0.029269,-0.243163,-0.166645,0.179917,0.090209,0.243278,0.071629,0.071449,-0.075499,-0.201334,0.190748,-0.161823,-0.114890,-0.024420,0.015517,0.020147,-0.189960,-0.241573,0.151550,-0.067986,0.009883,0.022335,-0.004220
-0.143635,0.002178,0.814427,0.030314,-0.020493,0.691268,-0.721671,0.004590,0.285850,-0.035363,0.127255,0.049560,-0.222957,0.026180,-0.243326,-0.165024,0.179743,0.096494,0.242065,0.068726,0.074090,-0.069877,-0.204808,0.194422,-0.164562,-0.117701,-0.025365,0.016765,0.022029,-0.198445,-0.254815,0.156225,-0.073479,0.011523,0.022616,-0.005306
-0.142899,0.004200,0.814586,0.030762,-0.019640,0.692780,-0.720225,0.005373,0.284958,-0.029546,0.127408,0.051550,-0.223882,0.023703,-0.243907,-0.160088,0.179389,0.101631,0.242026,0.065173,0.078475,-0.065980,-0.207300,0.212528,-0.176555,-0.115300,-0.026684,0.018375,0.022406,-0.202317,-0.269752,0.159330,-0.078029,0.012727,0.024520,-0.006971
-0.142117,0.006099,0.814837,0.031194,-0.018770,0.694225,-0.718837,0.006355,0.284055,-0.023894,0.127439,0.053163,-0.224667,0.021337,-0.244689,-0.155245,0.179078,0.106399,0.241844,0.061654,0.082238,-0.062203,-0.212600,0.231660,-0.191987,-0.115832,-0.028234,0.020583,0.023524,-0.206296,-0.286287,0.162455,-0.085483,0.013496,0.027439,-0.008907
-0.141433,0.007982,0.815000,0.031622,-0.017915,0.695661,-0.717450,0.007342,0.283180,-0.018252,0.127446,0.054779,-0.225470,0.018969,-0.245448,-0.150418,0.178784,0.111129,0.241660,0.058307,0.085830,-0.058421,-0.220204,0.251944,-0.210323,-0.118326,-0.029995,0.022832,0.024463,-0.211461,-0.305539,0.166629,-0.094889,0.014242,0.030135,-0.011284
-0.140521,0.009009,0.815065,0.031890,-0.016900,0.697026,-0.716137,0.009380,0.281317,-0.013774,0.127764,0.054731,-0.224934,0.017679,-0.247263,-0.147359,0.178848,0.114096,0.242058,0.058531,0.087009,-0.055797,-0.233809,0.276865,-0.234521,-0.130651,-0.032670,0.024961,0.026836,-0.226869,-0.334734,0.183862,-0.105642,0.014492,0.035252,-0.011203
-0.139494,0.010069,0.815135,0.032199,-0.015855,0.698394,-0.714813,0.011483,0.279410,-0.009374,0.128128,0.054704,-0.224371,0.016414,-0.249222,-0.144218,0.178957,0.117171,0.242441,0.058267,0.088705,-0.052917,-0.250640,0.307602,-0.264055,-0.146695,-0.036128,0.028182,0.030026,-0.248715,-0.371531,0.207146,-0.119121,0.015406,0.041284,-0.012056
-0.138547,0.011137,0.815204,0.032523,-0.014799,0.699760,-0.713484,0.013603,0.277492,-0.004980,0.128516,0.054666,-0.223797,0.015187,-0.251187,-0.141066,0.179047,0.120260,0.242847,0.057709,0.090581,-0.049961,-0.272104,0.346040,-0.301224,-0.166813,-0.040503,0.032481,0.034057,-0.276999,-0.418405,0.236720,-0.136453,0.016810,0.048670,-0.013723
-0.136876,0.011750,0.815199,0.033303,-0.013677,0.700565,-0.712680,0.016673,0.274871,-0.003259,0.128955,0.052947,-0.222472,0.016322,-0.253708,-0.139564,0.178965,0.123482,0.244277,0.061265,0.087923,-0.047092,-0.288738,0.380295,-0.339665,-0.175590,-0.047698,0.038525,0.041479,-0.311328,-0.480800,0.280377,-0.146624,0.017898,0.057007,-0.013974
-0.135155,0.012376,0.815273,0.034137,-0.012513,0.701369,-0.711871,0.019850,0.272176,-0.001223,0.129498,0.051024,-0.220978,0.017635,-0.256294,-0.137894,0.178797,0.126667,0.245789,0.064408,0.085874,-0.044242,-0.309555,0.420611,-0.386161,-0.186713,-0.055339,0.044738,0.049313,-0.352625,-0.553019,0.331763,-0.159211,0.019431,0.066162,-0.015003
-0.133423,0.013008,0.815260,0.034984,-0.011342,0.702174,-0.711055,0.023043,0.269475,0.000818,0.130062,0.049084,-0.219473,0.018989,-0.258874,-0.136209,0.178589,0.129872,0.247334,0.067289,0.083933,-0.041320,-0.332498,0.464601,-0.438504,-0.199451,-0.063432,0.051534,0.057714,-0.397315,-0.631242,0.387491,-0.173758,0.021153,0.076235,-0.016538
-0.132872,0.013324,0.815237,0.035629,-0.009817,0.702835,-0.710392,0.026646,0.267675,0.003694,0.130766,0.048270,-0.217928,0.021325,-0.261074,-0.135646,0.178128,0.130415,0.249723,0.067236,0.084808,-0.038749,-0.358894,0.512753,-0.491313,-0.208104,-0.072749,0.058596,0.066012,-0.428379,-0.701648,0.433189,-0.184192,0.025959,0.087847,-0.020274
-0.132351,0.013508,0.815121,0.036273,-0.008318,0.703467,-0.709753,0.030284,0.265938,0.006397,0.131364,0.047566,-0.216549,0.023674,-0.263190,-0.135216,0.177749,0.130568,0.251977,0.067884,0.084967,-0.036217,-0.381338,0.555247,-0.542534,-0.213742,-0.081646,0.065288,0.073960,-0.452641,-0.766010,0.473876,-0.193881,0.030019,0.099036,-0.023702
-0.131925,0.013761,0.815003,0.036904,-0.006834,0.704101,-0.709108,0.033914,0.264201,0.009105,0.131943,0.046847,-0.215184,0.025994,-0.265307,-0.134795,0.177399,0.130673,0.254226,0.068893,0.084903,-0.033688,-0.396133,0.587791,-0.587372,-0.214636,-0.089406,0.071209,0.081067,-0.468464,-0.818945,0.508083,-0.200665,0.033441,0.109150,-0.026822
-0.132497,0.013526,0.814948,0.037674,-0.006490,0.704010,-0.709160,0.036028,0.266052,0.009908,0.131963,0.046301,-0.215318,0.028655,-0.263892,-0.136351,0.176955,0.128690,0.254769,0.070994,0.082679,-0.032151,-0.410633,0.614083,-0.624667,-0.204928,-0.094176,0.075832,0.088822,-0.487819,-0.863868,0.546295,-0.198269,0.033724,0.117534,-0.026016
-0.133158,0.013360,0.814805,0.038490,-0.006101,0.703922,-0.709207,0.038037,0.267926,0.010451,0.132188,0.046043,-0.215676,0.031422,-0.262517,-0.138094,0.176413,0.126671,0.255135,0.072327,0.080757,-0.030244,-0.414866,0.627866,-0.650925,-0.189014,-0.097512,0.079033,0.095428,-0.499136,-0.892792,0.577840,-0.189933,0.033723,0.123888,-0.025146
-0.133816,0.013117,0.814661,0.039325,-0.005699,0.703831,-0.709256,0.040067,0.269799,0.010982,0.132433,0.045783,-0.216033,0.034232,-0.261141,-0.139847,0.175867,0.124663,0.255501,0.073338,0.078915,-0.028248,-0.410076,0.630448,-0.667566,-0.167954,-0.099390,0.081126,0.100879,-0.501755,-0.907469,0.602044,-0.177159,0.033202,0.128587,-0.024067
-0.134611,0.013343,0.814772,0.040373,-0.005668,0.703436,-0.709588,0.040742,0.272749,0.011101,0.132512,0.047295,-0.217370,0.036654,-0.258603,-0.141609,0.175099,0.124604,0.255250,0.071098,0.078100,-0.026427,-0.397323,0.621795,-0.672033,-0.156575,-0.100232,0.082918,0.107836,-0.492261,-0.909414,0.604785,-0.161998,0.034198,0.133625,-0.027937
-0.135422,0.013430,0.814795,0.041338,-0.005696,0.703102,-0.709863,0.041391,0.275924,0.011620,0.132565,0.048640,-0.218765,0.039071,-0.255990,-0.143283,0.174132,0.123952,0.255128,0.069351,0.077012,-0.024704,-0.380037,0.606954,-0.671609,-0.142806,-0.100330,0.084327,0.113756,-0.476396,-0.903557,0.601848,-0.144993,0.034838,0.137460,-0.031491
-0.136147,0.013593,0.814817,0.042291,-0.005735,0.702771,-0.710135,0.042024,0.279102,0.012150,0.132630,0.049963,-0.220164,0.041460,-0.253380,-0.144947,0.173189,0.123274,0.255006,0.067770,0.075852,-0.023005,-0.359998,0.587944,-0.668261,-0.127201,-0.099960,0.085356,0.119258,-0.457171,-0.892412,0.595994,-0.126642,0.035292,0.140691,-0.034894
-0.137542,0.013798,0.814800,0.042786,-0.006502,0.702323,-0.710542,0.040903,0.282624,0.012042,0.132606,0.050946,-0.221753,0.041554,-0.249309,-0.145914,0.172161,0.122477,0.254937,0.065418,0.075037,-0.022403,-0.357807,0.573147,-0.674736,-0.120126,-0.100295,0.085973,0.121243,-0.448311,-0.881425,0.594835,-0.106322,0.037817,0.141805,-0.039309
-0.138834,0.014044,0.814793,0.043254,-0.007252,0.702155,-0.710672,0.039674,0.286754,0.012175,0.132440,0.052639,-0.223984,0.041527,-0.245416,-0.146879,0.171213,0.121210,0.254605,0.063048,0.074209,-0.021508,-0.354919,0.557221,-0.680110,-0.112673,-0.100864,0.086889,0.123317,-0.439245,-0.868821,0.593207,-0.084931,0.040727,0.142501,-0.043857
-0.140213,0.014378,0.814784,0.043719,-0.008002,0.701989,-0.710800,0.038443,0.290873,0.012307,0.132278,0.054326,-0.226209,0.041484,-0.241532,-0.147830,0.170298,0.119924,0.254270,0.060637,0.073396,-0.020598,-0.351470,0.540701,-0.684892,-0.104971,-0.101381,0.087774,0.125331,-0.429887,-0.855432,0.591321,-0.063226,0.043705,0.143052,-0.048365
-0.141081,0.014555,0.814806,0.043853,-0.008587,0.701869,-0.710903,0.037319,0.293680,0.013805,0.131834,0.055666,-0.228309,0.041077,-0.239048,-0.148526,0.169477,0.119172,0.253116,0.056332,0.075415,-0.020755,-0.348438,0.530309,-0.688277,-0.101549,-0.102413,0.088967,0.126116,-0.423163,-0.837376,0.584017,-0.059540,0.045973,0.143435,-0.054596
-0.141981,0.014704,0.814829,0.043918,-0.009166,0.701742,-0.711017,0.036152,0.296366,0.015453,0.131353,0.057239,-0.230601,0.040645,-0.236643,-0.148977,0.168669,0.118398,0.252068,0.052056,0.077210,-0.020889,-0.345135,0.520217,-0.691510,-0.098638,-0.103544,0.090395,0.126846,-0.415819,-0.819284,0.576221,-0.056986,0.048110,0.144679,-0.060815
-0.142882,0.014845,0.814851,0.043974,-0.009746,0.701617,-0.711130,0.034984,0.299040,0.017102,0.130854,0.058810,-0.232893,0.040203,-0.234247,-0.149424,0.167886,0.117605,0.251022,0.047830,0.079000,-0.021033,-0.341770,0.510106,-0.694759,-0.095769,-0.104685,0.091853,0.127573,-0.408418,-0.801189,0.568424,-0.054578,0.050247,0.145999,-0.067018
-0.143369,0.015032,0.814846,0.044229,-0.009966,0.701705,-0.711023,0.034946,0.300845,0.018702,0.130584,0.059534,-0.233998,0.040304,-0.232754,-0.149573,0.167331,0.117149,0.250082,0.047171,0.079559,-0.020346,-0.337627,0.498712,-0.692350,-0.074527,-0.104374,0.093965,0.130626,-0.400358,-0.782151,0.566629,-0.027487,0.053111,0.147240,-0.072950
-0.143838,0.015189,0.814845,0.044560,-0.010120,0.701784,-0.710923,0.035043,0.302658,0.020273,0.130333,0.060258,-0.235051,0.040461,-0.231232,-0.149599,0.166881,0.116874,0.249125,0.046105,0.080292,-0.019511,-0.333584,0.486888,-0.689573,-0.052110,-0.103999,0.095326,0.133550,-0.393719,-0.762763,0.566106,0.001469,0.056342,0.147412,-0.078982
-0.144307,0.015439,0.814843,0.044903,-0.010261,0.701860,-0.710824,0.035168,0.304465,0.021836,0.130093,0.060984,-0.236101,0.040649,-0.229712,-0.149627,0.166440,0.116598,0.248174,0.044910,0.081081,-0.018621,-0.329544,0.475094,-0.686706,-0.029605,-0.103667,0.096580,0.136470,-0.387404,-0.743444,0.565940,0.030703,0.059768,0.147410,-0.084993
-0.144465,0.015215,0.814801,0.046101,-0.009280,0.701978,-0.710645,0.038478,0.305446,0.024471,0.131627,0.059907,-0.236289,0.043447,-0.228930,-0.148570,0.168230,0.114971,0.247945,0.041981,0.081764,-0.017765,-0.326368,0.454906,-0.693683,0.026889,-0.106470,0.097018,0.133342,-0.381136,-0.712277,0.574121,0.118875,0.065924,0.145504,-0.089136
-0.144510,0.014894,0.814805,0.046887,-0.008705,0.702112,-0.710468,0.041418,0.306373,0.027616,0.131469,0.059907,-0.236736,0.046150,-0.228328,-0.148098,0.167783,0.114672,0.247531,0.038727,0.083084,-0.018822,-0.321852,0.433721,-0.700043,0.083324,-0.108514,0.097682,0.130075,-0.374178,-0.681867,0.583296,0.206160,0.072265,0.144605,-0.093178
-0.144554,0.014655,0.814807,0.047668,-0.008139,0.702247,-0.710289,0.044334,0.307308,0.030764,0.131327,0.059891,-0.237184,0.048844,-0.227721,-0.147625,0.167320,0.114377,0.247112,0.035482,0.084469,-0.019927,-0.317161,0.412565,-0.706292,0.139747,-0.110391,0.098354,0.126682,-0.366943,-0.651503,0.592502,0.293383,0.078706,0.143744,-0.096723
-0.144456,0.013818,0.814779,0.048627,-0.007047,0.702511,-0.709975,0.050002,0.307370,0.033317,0.129963,0.058955,-0.236710,0.053876,-0.227828,-0.146703,0.165318,0.114348,0.247709,0.032099,0.087145,-0.023501,-0.309686,0.395355,-0.708992,0.170147,-0.107212,0.099123,0.127162,-0.357862,-0.630671,0.598558,0.307458,0.082740,0.143693,-0.098129
-0.144342,0.013114,0.814626,0.050039,-0.005470,0.702765,-0.709639,0.056424,0.307417,0.035368,0.130041,0.057466,-0.236382,0.059428,-0.228070,-0.145546,0.165226,0.113168,0.248257,0.029172,0.089314,-0.025233,-0.303147,0.378710,-0.712321,0.200914,-0.104342,0.099339,0.127574,-0.348503,-0.609675,0.603553,0.321303,0.086692,0.143715,-0.099350
-0.144315,0.012416,0.814468,0.051489,-0.003837,0.703009,-0.709304,0.062992,0.307437,0.037418,0.130130,0.055959,-0.236054,0.065067,-0.228351,-0.144381,0.165265,0.111902,0.248813,0.026339,0.091439,-0.026757,-0.296746,0.362105,-0.715868,0.231731,-0.101538,0.099502,0.128070,-0.339031,-0.588775,0.608481,0.335107,0.090636,0.143743,-0.100511
-0.143713,0.011176,0.814236,0.053390,-0.001929,0.703236,-0.708946,0.071340,0.307031,0.040029,0.130496,0.052446,-0.234802,0.072493,-0.228953,-0.143400,0.165215,0.111186,0.249100,0.025160,0.091553,-0.028008,-0.291303,0.351287,-0.715326,0.256635,-0.103083,0.098540,0.129706,-0.335121,-0.575014,0.615190,0.349497,0.092960,0.143572,-0.095915
-0.143110,0.010046,0.814084,0.055373,0.000058,0.703432,-0.708602,0.079938,0.306632,0.042315,0.130872,0.049177,-0.233562,0.080203,-0.229688,-0.142642,0.165198,0.110609,0.249272,0.023707,0.091723,-0.028847,-0.285818,0.340785,-0.714533,0.281158,-0.104835,0.097747,0.131330,-0.331645,-0.561156,0.622129,0.364274,0.095309,0.143227,-0.090979
-0.142596,0.008827,0.813843,0.057368,0.002064,0.703621,-0.708253,0.088586,0.306222,0.044591,0.131244,0.045901,-0.232330,0.087973,-0.230438,-0.141897,0.165175,0.110026,0.249446,0.022216,0.091874,-0.029630,-0.280347,0.330367,-0.713718,0.305637,-0.106610,0.096978,0.132920,-0.328156,-0.547266,0.629102,0.379113,0.097645,0.142859,-0.085995
-0.142553,0.007390,0.813638,0.058382,0.003439,0.703559,-0.708226,0.094778,0.305794,0.045773,0.131323,0.043539,-0.231100,0.094124,-0.231046,-0.141419,0.164846,0.106696,0.250993,0.021491,0.092270,-0.030220,-0.272939,0.324019,-0.705384,0.293784,-0.112351,0.095484,0.136744,-0.323946,-0.541540,0.621056,0.376487,0.106609,0.141478,-0.087961
-0.142589,0.005895,0.813436,0.059245,0.004824,0.703490,-0.708215,0.100839,0.305128,0.047074,0.131416,0.041313,-0.229838,0.100046,-0.231966,-0.141019,0.164703,0.104166,0.251633,0.021038,0.092363,-0.030970,-0.264892,0.318238,-0.697426,0.279817,-0.118280,0.095436,0.140906,-0.318900,-0.536260,0.612543,0.372391,0.115648,0.140801,-0.090060
-0.142538,0.004393,0.813234,0.060087,0.006192,0.703424,-0.708199,0.106855,0.304456,0.048379,0.131509,0.039081,-0.228584,0.105908,-0.232890,-0.140615,0.164580,0.101624,0.252275,0.020637,0.092424,-0.031785,-0.256766,0.312437,-0.689613,0.265633,-0.124185,0.095523,0.145177,-0.313759,-0.530950,0.604014,0.368127,0.124662,0.140200,-0.092191
-0.142334,0.003169,0.813172,0.060252,0.006500,0.703335,-0.708270,0.109613,0.303927,0.048975,0.131284,0.037368,-0.227397,0.108743,-0.233440,-0.140204,0.164202,0.100357,0.252848,0.021130,0.092088,-0.031527,-0.255881,0.314092,-0.671361,0.271153,-0.129541,0.096054,0.156743,-0.311543,-0.529958,0.587462,0.373315,0.134941,0.139278,-0.098711
-0.142068,0.002023,0.813108,0.060325,0.006904,0.703259,-0.708336,0.112163,0.303130,0.049629,0.131302,0.035910,-0.226180,0.111390,-0.234317,-0.139936,0.163944,0.099112,0.253182,0.021687,0.091395,-0.031065,-0.255872,0.315501,-0.653123,0.278114,-0.135110,0.095548,0.168129,-0.309942,-0.528725,0.570969,0.379244,0.145364,0.137900,-0.105040
-0.141802,0.000893,0.812958,0.060403,0.007322,0.703184,-0.708399,0.114709,0.302317,0.050274,0.131340,0.034460,-0.224957,0.114025,-0.235208,-0.139659,0.163723,0.097867,0.253515,0.022249,0.090689,-0.030609,-0.255961,0.316920,-0.634882,0.285267,-0.140755,0.094859,0.179439,-0.308463,-0.527460,0.554498,0.385318,0.155822,0.136402,-0.111281
-0.142020,0.000693,0.813035,0.059949,0.007166,0.703229,-0.708396,0.114270,0.301819,0.050006,0.130944,0.034836,-0.224205,0.113689,-0.235507,-0.139965,0.163476,0.097507,0.253487,0.024301,0.090953,-0.030814,-0.259796,0.323079,-0.630703,0.292064,-0.142810,0.095602,0.182689,-0.314967,-0.529692,0.553123,0.397341,0.160723,0.136469,-0.112159
-0.142160,0.000427,0.813203,0.059360,0.006923,0.703184,-0.708491,0.113416,0.301303,0.049681,0.130623,0.035640,-0.223596,0.112961,-0.235862,-0.140169,0.163277,0.097265,0.253336,0.026156,0.091177,-0.031335,-0.263465,0.329315,-0.626271,0.298709,-0.144834,0.096503,0.185829,-0.322029,-0.531625,0.552117,0.410247,0.165819,0.136289,-0.112770
-0.142299,0.000163,0.813284,0.058755,0.006665,0.703140,-0.708589,0.112503,0.300779,0.049353,0.130312,0.036450,-0.222985,0.112166,-0.236223,-0.140375,0.163107,0.097014,0.253185,0.027950,0.091397,-0.031916,-0.267088,0.335576,-0.621786,0.305341,-0.146855,0.097416,0.188949,-0.329198,-0.533512,0.551184,0.423276,0.170910,0.136067,-0.113302
-0.142460,0.000478,0.813435,0.057504,0.005334,0.703006,-0.708836,0.107678,0.301041,0.049235,0.129695,0.038692,-0.222201,0.108107,-0.236005,-0.141624,0.162684,0.098111,0.252617,0.028819,0.091567,-0.029869,-0.270647,0.338667,-0.619888,0.305757,-0.148302,0.097951,0.190439,-0.332570,-0.535620,0.548501,0.420009,0.173820,0.134039,-0.116606
-0.142641,0.000663,0.813672,0.056095,0.003896,0.702875,-0.709087,0.102573,0.301163,0.048803,0.129174,0.040370,-0.222154,0.103754,-0.235807,-0.142815,0.162223,0.098985,0.252043,0.030034,0.091629,-0.028251,-0.274058,0.341827,-0.618320,0.305662,-0.149687,0.098850,0.191994,-0.334861,-0.538013,0.545271,0.415268,0.176475,0.132795,-0.120204
-0.142734,0.000924,0.813819,0.054663,0.002433,0.702746,-0.709334,0.097398,0.301280,0.048375,0.128679,0.042028,-0.222107,0.099334,-0.235602,-0.144004,0.161775,0.099849,0.251467,0.031343,0.091678,-0.026744,-0.277451,0.344974,-0.616858,0.305513,-0.151071,0.099799,0.193571,-0.336947,-0.540440,0.541933,0.410304,0.179076,0.131678,-0.123841
-0.142964,0.001739,0.814059,0.053292,0.001028,0.702090,-0.710091,0.091086,0.301338,0.046996,0.128075,0.044643,-0.222621,0.094578,-0.235315,-0.145375,0.161434,0.101248,0.250943,0.032816,0.091942,-0.024216,-0.277754,0.342702,-0.615223,0.306416,-0.151208,0.101079,0.195036,-0.336897,-0.536517,0.540097,0.415402,0.181200,0.132037,-0.127998
-0.143282,0.002553,0.814275,0.051900,-0.000406,0.701554,-0.710723,0.084704,0.301402,0.045628,0.127468,0.047195,-0.223032,0.089778,-0.235039,-0.146806,0.161069,0.102404,0.250473,0.034090,0.092217,-0.021827,-0.277890,0.340441,-0.613434,0.307310,-0.151212,0.102352,0.196493,-0.337096,-0.532417,0.538512,0.420988,0.183323,0.132160,-0.132149
-0.143511,0.003279,0.814490,0.050505,-0.001843,0.701016,-0.711353,0.078311,0.301450,0.044260,0.126868,0.049740,-0.223444,0.084969,-0.234765,-0.148238,0.160711,0.103554,0.250001,0.035326,0.092483,-0.019457,-0.277980,0.338195,-0.611606,0.308183,-0.151208,0.103629,0.197950,-0.337335,-0.528295,0.536991,0.426653,0.185467,0.132230,-0.136289
-0.143879,0.004140,0.814713,0.049263,-0.003266,0.700278,-0.712161,0.071802,0.301886,0.042675,0.126465,0.053048,-0.224163,0.080533,-0.234225,-0.150786,0.160596,0.105037,0.248671,0.035234,0.092575,-0.016319,-0.279885,0.336036,-0.613740,0.309809,-0.151065,0.104446,0.197973,-0.338966,-0.527149,0.538240,0.436071,0.186072,0.132519,-0.136782
-0.144233,0.004935,0.814923,0.048096,-0.004701,0.699540,-0.712958,0.065382,0.302428,0.041042,0.126076,0.056019,-0.224891,0.076179,-0.233513,-0.153182,0.160470,0.106208,0.247408,0.035085,0.092830,-0.013070,-0.281927,0.333774,-0.615867,0.311540,-0.150962,0.105246,0.197986,-0.340931,-0.526019,0.539549,0.445931,0.186686,0.132550,-0.137047
-0.144672,0.005823,0.815132,0.046942,-0.006125,0.698800,-0.713749,0.058981,0.302960,0.039404,0.125704,0.058983,-0.225617,0.071856,-0.232803,-0.155580,0.160346,0.107381,0.246143,0.034910,0.093080,-0.009779,-0.283933,0.331415,-0.618226,0.312896,-0.150910,0.106475,0.198495,-0.342980,-0.524839,0.540921,0.455394,0.187339,0.133145,-0.137427
-0.144836,0.006760,0.815343,0.046396,-0.006882,0.698178,-0.714386,0.054665,0.303356,0.038410,0.125237,0.061884,-0.225980,0.069200,-0.232393,-0.157153,0.160298,0.109032,0.244918,0.034797,0.093268,-0.008534,-0.286363,0.328747,-0.616830,0.326285,-0.152670,0.107420,0.198388,-0.341376,-0.522512,0.540996,0.456877,0.189792,0.132457,-0.135373
-0.145087,0.007700,0.815558,0.045884,-0.007591,0.697555,-0.715021,0.050545,0.303520,0.036867,0.124817,0.064682,-0.226357,0.066701,-0.231929,-0.158488,0.160144,0.110676,0.243729,0.034863,0.093413,-0.007246,-0.289269,0.325700,-0.615837,0.340324,-0.154533,0.108132,0.198476,-0.339349,-0.520330,0.540850,0.457243,0.192205,0.132703,-0.133511
-0.145247,0.008639,0.815773,0.045379,-0.008293,0.696930,-0.715654,0.046452,0.303673,0.035328,0.124391,0.067476,-0.226738,0.064235,-0.231470,-0.159826,0.159975,0.112320,0.242544,0.035002,0.093554,-0.005945,-0.292252,0.322625,-0.614911,0.354454,-0.156416,0.108797,0.198550,-0.337204,-0.518204,0.540617,0.457439,0.194600,0.133079,-0.131678
-0.145388,0.008853,0.815924,0.045085,-0.008720,0.696819,-0.715775,0.044849,0.304104,0.035017,0.124156,0.068652,-0.226897,0.063107,-0.231056,-0.160618,0.159777,0.112485,0.241731,0.034005,0.094046,-0.004224,-0.290541,0.319223,-0.611880,0.351128,-0.158865,0.108446,0.198163,-0.331467,-0.510821,0.531066,0.452006,0.200731,0.132171,-0.137070
-0.145541,0.008997,0.815989,0.044808,-0.009135,0.696711,-0.715893,0.043510,0.304574,0.034791,0.123809,0.069667,-0.227077,0.062082,-0.230592,-0.161347,0.159560,0.112947,0.240768,0.033061,0.094476,-0.002480,-0.288094,0.316306,-0.609051,0.346261,-0.161281,0.109018,0.197999,-0.325314,-0.503288,0.521410,0.445768,0.206735,0.131577,-0.142819
-0.145784,0.009043,0.816141,0.044532,-0.009550,0.696603,-0.716009,0.042194,0.305049,0.034571,0.123451,0.070672,-0.227261,0.061080,-0.230120,-0.162074,0.159337,0.113395,0.239807,0.032114,0.094905,-0.000751,-0.285539,0.313432,-0.606249,0.341166,-0.163689,0.109740,0.197892,-0.319079,-0.495710,0.511791,0.439393,0.212683,0.131013,-0.148618
-0.145969,0.008721,0.816137,0.044720,-0.009410,0.696393,-0.716205,0.043023,0.305227,0.034369,0.123730,0.071158,-0.227524,0.062650,-0.229793,-0.162390,0.159254,0.112139,0.239821,0.032398,0.094334,-0.000655,-0.284126,0.308718,-0.600113,0.349599,-0.168571,0.110344,0.200431,-0.316245,-0.492604,0.506972,0.442715,0.219034,0.131293,-0.149589
-0.146206,0.008457,0.816206,0.045024,-0.009165,0.696178,-0.716397,0.044126,0.305660,0.034433,0.123780,0.071668,-0.227443,0.064357,-0.229437,-0.162851,0.159171,0.111305,0.239276,0.032322,0.093882,-0.000105,-0.283308,0.303509,-0.593665,0.359402,-0.173570,0.110093,0.202751,-0.314483,-0.489517,0.502632,0.447392,0.225685,0.130927,-0.150059
-0.146357,0.008210,0.816187,0.045361,-0.008896,0.695961,-0.716590,0.045300,0.306111,0.034488,0.123824,0.072191,-0.227366,0.066148,-0.229062,-0.163312,0.159065,0.110492,0.238727,0.032175,0.093471,0.000559,-0.282620,0.298281,-0.587122,0.369420,-0.178584,0.109682,0.204976,-0.312949,-0.486405,0.498383,0.452342,0.232384,0.130418,-0.150436
-0.146420,0.007657,0.816193,0.045785,-0.008419,0.695962,-0.716568,0.047553,0.306055,0.034832,0.123941,0.070262,-0.227483,0.068302,-0.229085,-0.163667,0.159011,0.110113,0.238965,0.031942,0.092792,0.000126,-0.280588,0.294822,-0.582262,0.373996,-0.181756,0.109803,0.205093,-0.309045,-0.483392,0.492671,0.451838,0.237937,0.129758,-0.151181
-0.146540,0.006980,0.816102,0.046186,-0.007993,0.695989,-0.716521,0.049929,0.306276,0.035906,0.124048,0.069080,-0.227299,0.070564,-0.229008,-0.163641,0.158919,0.108896,0.238539,0.031911,0.092095,-0.000353,-0.278241,0.291460,-0.577575,0.377958,-0.184812,0.110295,0.205270,-0.304482,-0.480494,0.486709,0.450646,0.243299,0.129396,-0.151962
-0.146573,0.006383,0.816097,0.046583,-0.007566,0.696019,-0.716470,0.052323,0.306494,0.036996,0.124129,0.067901,-0.227116,0.072813,-0.228935,-0.163602,0.158849,0.107660,0.238114,0.031938,0.091385,-0.000859,-0.275870,0.288109,-0.572952,0.381817,-0.187871,0.110861,0.205459,-0.299812,-0.477603,0.480693,0.449313,0.248631,0.129095,-0.152765
-0.146711,0.005910,0.815916,0.046994,-0.007044,0.696352,-0.716125,0.054916,0.306999,0.038394,0.124172,0.067239,-0.226629,0.074614,-0.228658,-0.162735,0.158776,0.106642,0.238338,0.032050,0.092132,-0.001300,-0.273049,0.288262,-0.570124,0.384434,-0.190218,0.111044,0.205659,-0.299411,-0.477909,0.479156,0.452497,0.250097,0.130061,-0.151992
-0.146868,0.005457,0.815824,0.047397,-0.006500,0.696690,-0.715775,0.057599,0.307337,0.040085,0.124324,0.066046,-0.226172,0.076447,-0.228432,-0.161437,0.158694,0.105054,0.238273,0.031847,0.092693,-0.001709,-0.270097,0.288504,-0.566910,0.386862,-0.192580,0.111258,0.205889,-0.299645,-0.478139,0.477985,0.456465,0.251559,0.130770,-0.150926
-0.147113,0.005007,0.815733,0.047805,-0.005945,0.697028,-0.715424,0.060297,0.307666,0.041776,0.124486,0.064849,-0.225716,0.078285,-0.228219,-0.160134,0.158644,0.103452,0.238208,0.031560,0.093248,-0.002079,-0.267109,0.288780,-0.563600,0.389252,-0.194938,0.111487,0.206112,-0.300027,-0.478323,0.476908,0.460609,0.253034,0.131391,-0.149809
-0.146905,0.004546,0.815642,0.048184,-0.005589,0.697134,-0.715298,0.062333,0.307578,0.042320,0.124557,0.064650,-0.225603,0.080077,-0.228457,-0.160118,0.158684,0.103284,0.237822,0.031344,0.093236,-0.001917,-0.263935,0.282549,-0.559821,0.390571,-0.199147,0.111437,0.206876,-0.298253,-0.473097,0.472772,0.464001,0.259122,0.130508,-0.150932
-0.146686,0.003994,0.815628,0.048539,-0.005246,0.697229,-0.715184,0.064413,0.307486,0.043441,0.124624,0.063747,-0.225278,0.081803,-0.228627,-0.159897,0.158645,0.102826,0.237474,0.031303,0.093286,-0.001882,-0.260662,0.276429,-0.556248,0.391826,-0.203380,0.111514,0.207733,-0.296381,-0.467979,0.468457,0.467099,0.265318,0.129868,-0.152258
-0.146467,0.003528,0.815527,0.048892,-0.004905,0.697328,-0.715066,0.066487,0.307399,0.044570,0.124702,0.062832,-0.224954,0.083512,-0.228793,-0.159659,0.158617,0.102363,0.237129,0.031310,0.093338,-0.001869,-0.257392,0.270303,-0.552736,0.393064,-0.207623,0.111601,0.208596,-0.294462,-0.462883,0.464120,0.470137,0.271516,0.129266,-0.153587
-0.146725,0.003102,0.815531,0.049103,-0.004607,0.697660,-0.714730,0.068246,0.308007,0.046339,0.124740,0.061551,-0.224456,0.084639,-0.228547,-0.158852,0.158504,0.101571,0.236934,0.031211,0.093990,-0.001495,-0.254312,0.268848,-0.548718,0.394021,-0.209886,0.111666,0.209452,-0.293531,-0.457733,0.460082,0.471780,0.276117,0.128554,-0.156349
-0.146972,0.002677,0.815507,0.049351,-0.004396,0.697964,-0.714417,0.069926,0.308606,0.047532,0.124785,0.060976,-0.224174,0.085548,-0.228088,-0.158102,0.158471,0.100675,0.236716,0.031054,0.094740,-0.001019,-0.251019,0.267452,-0.544348,0.394899,-0.212126,0.111733,0.210196,-0.292632,-0.452475,0.456117,0.473314,0.280645,0.128039,-0.159123
-0.147221,0.002339,0.815482,0.049595,-0.004193,0.698264,-0.714107,0.071584,0.309210,0.048711,0.124823,0.060410,-0.223897,0.086432,-0.227625,-0.157365,0.158458,0.099769,0.236493,0.030852,0.095498,-0.000563,-0.247703,0.266065,-0.539941,0.395755,-0.214356,0.111800,0.210922,-0.291753,-0.447211,0.452199,0.474829,0.285169,0.127552,-0.161898
-0.147400,0.002249,0.815479,0.049841,-0.003990,0.698414,-0.713945,0.072784,0.309811,0.049781,0.124847,0.060516,-0.223709,0.087330,-0.227032,-0.156681,0.158399,0.099260,0.235888,0.030444,0.095876,0.000403,-0.245247,0.264153,-0.539200,0.396496,-0.216546,0.112255,0.208743,-0.289693,-0.444939,0.448454,0.474326,0.290118,0.127258,-0.161307
-0.147565,0.002139,0.815462,0.050113,-0.003842,0.698580,-0.713765,0.073838,0.310476,0.050844,0.124800,0.060283,-0.223484,0.087950,-0.226514,-0.156453,0.158340,0.098710,0.235267,0.030375,0.096364,0.001289,-0.242946,0.262121,-0.538739,0.397254,-0.218759,0.112833,0.206370,-0.287338,-0.443096,0.444461,0.473555,0.295077,0.127030,-0.160448
-0.147730,0.002026,0.815357,0.050376,-0.003707,0.698749,-0.713581,0.074848,0.311152,0.051912,0.124774,0.060044,-0.223259,0.088527,-0.225991,-0.156220,0.158281,0.098163,0.234647,0.030389,0.096868,0.002121,-0.240674,0.260054,-0.538348,0.398031,-0.220975,0.113423,0.203986,-0.284916,-0.441285,0.440396,0.472723,0.300031,0.126821,-0.159567
-0.147677,0.002020,0.815370,0.050451,-0.003561,0.698854,-0.713474,0.075515,0.311049,0.052485,0.124854,0.060140,-0.223021,0.088966,-0.225892,-0.155454,0.158049,0.098375,0.234516,0.030229,0.096909,0.002912,-0.237993,0.255325,-0.534379,0.398036,-0.224613,0.113301,0.205222,-0.283348,-0.434902,0.434038,0.470843,0.305419,0.125746,-0.163736
-0.147686,0.002020,0.815358,0.050527,-0.003419,0.698961,-0.713364,0.076182,0.311088,0.053742,0.124877,0.059855,-0.222373,0.089313,-0.225789,-0.154586,0.157782,0.098072,0.233853,0.029830,0.096782,0.003809,-0.235297,0.250618,-0.530356,0.397991,-0.228296,0.113184,0.206685,-0.281670,-0.428316,0.428005,0.468770,0.310775,0.124797,-0.168277
-0.147610,0.001931,0.815346,0.050604,-0.003274,0.699071,-0.713252,0.076856,0.311126,0.055000,0.124907,0.059563,-0.221729,0.089650,-0.225693,-0.153708,0.157551,0.097743,0.233192,0.029399,0.096651,0.004710,-0.232573,0.245928,-0.526322,0.397914,-0.231985,0.113071,0.208163,-0.279979,-0.421697,0.422033,0.466644,0.316124,0.123859,-0.172877
-0.147746,0.002029,0.815339,0.050656,-0.003245,0.699157,-0.713164,0.076694,0.311112,0.053948,0.124708,0.059850,-0.222039,0.089766,-0.225766,-0.154698,0.157639,0.097584,0.233445,0.029452,0.096786,0.005466,-0.231551,0.243449,-0.524810,0.397879,-0.233862,0.113376,0.208053,-0.277946,-0.418400,0.419151,0.466115,0.319675,0.123763,-0.174100
-0.147870,0.002147,0.815327,0.050624,-0.003216,0.699176,-0.713148,0.076628,0.311176,0.054210,0.124626,0.059926,-0.221725,0.089699,-0.225615,-0.154782,0.157549,0.097224,0.233221,0.029427,0.096653,0.006094,-0.230603,0.240886,-0.523311,0.397945,-0.235685,0.113693,0.207796,-0.276351,-0.415390,0.416234,0.465808,0.323217,0.123692,-0.174991
-0.147991,0.002181,0.815316,0.050589,-0.003186,0.699204,-0.713123,0.076563,0.311230,0.054507,0.124550,0.060002,-0.221407,0.089603,-0.225473,-0.154824,0.157475,0.096873,0.232999,0.029426,0.096520,0.006723,-0.229672,0.238310,-0.521804,0.398034,-0.237498,0.114001,0.207519,-0.274823,-0.412381,0.413323,0.465601,0.326771,0.123581,-0.175823
-0.147894,0.002316,0.815298,0.050670,-0.003208,0.699242,-0.713080,0.076536,0.311435,0.054889,0.124468,0.059503,-0.221100,0.089457,-0.225600,-0.154070,0.157456,0.096973,0.232422,0.029356,0.097236,0.007430,-0.229065,0.238087,-0.521887,0.397216,-0.238419,0.114413,0.206231,-0.275367,-0.408643,0.410279,0.465874,0.330114,0.123111,-0.178342
-0.147884,0.002555,0.815269,0.050786,-0.003260,0.699317,-0.712998,0.076561,0.311735,0.055503,0.124410,0.058823,-0.220743,0.089306,-0.225402,-0.153791,0.157449,0.097066,0.232002,0.029351,0.097969,0.008224,-0.228468,0.237972,-0.521933,0.396270,-0.239356,0.114931,0.204794,-0.276130,-0.404774,0.407278,0.466352,0.333472,0.122610,-0.180951
-0.147790,0.002708,0.815240,0.050911,-0.003311,0.699393,-0.712914,0.076597,0.312056,0.056110,0.124364,0.058140,-0.220398,0.089176,-0.225179,-0.153514,0.157427,0.097165,0.231574,0.029329,0.098713,0.009048,-0.227865,0.237877,-0.521956,0.395295,-0.240298,0.115473,0.203347,-0.276942,-0.400885,0.404296,0.466880,0.336832,0.122083,-0.183555
-0.147887,0.003028,0.815244,0.051060,-0.003225,0.699499,-0.712800,0.076534,0.312270,0.055937,0.124391,0.058901,-0.220709,0.088730,-0.224645,-0.152777,0.157283,0.097177,0.231346,0.029309,0.099024,0.009738,-0.227637,0.237999,-0.520186,0.395260,-0.241564,0.115871,0.203572,-0.277054,-0.399136,0.402119,0.466476,0.339577,0.121735,-0.184439
-0.147969,0.003365,0.815226,0.051173,-0.003187,0.699610,-0.712683,0.076448,0.312620,0.056424,0.124337,0.058943,-0.220502,0.088327,-0.224298,-0.152287,0.157192,0.097066,0.231152,0.029261,0.099473,0.010312,-0.227696,0.237942,-0.518285,0.395392,-0.242875,0.116180,0.203826,-0.277179,-0.397525,0.400000,0.466019,0.342315,0.121418,-0.185170
-0.148137,0.003704,0.815208,0.051285,-0.003148,0.699724,-0.712563,0.076355,0.312965,0.056922,0.124308,0.058970,-0.220290,0.087913,-0.223959,-0.151790,0.157115,0.096951,0.230961,0.029227,0.099935,0.010890,-0.227792,0.237856,-0.516378,0.395584,-0.244187,0.116458,0.204068,-0.277311,-0.395934,0.397884,0.465559,0.345058,0.121105,-0.185889
-0.148094,0.003874,0.815208,0.051351,-0.003044,0.699790,-0.712494,0.076379,0.312888,0.057650,0.124328,0.059075,-0.219963,0.088073,-0.224038,-0.151632,0.157053,0.097111,0.230102,0.028633,0.100047,0.011449,-0.226866,0.236352,-0.514264,0.394766,-0.245776,0.116235,0.204116,-0.276624,-0.393841,0.394038,0.465296,0.348574,0.120707,-0.187451
-0.148038,0.004036,0.815197,0.051450,-0.002927,0.699771,-0.712506,0.076488,0.312818,0.057874,0.124262,0.058974,-0.219519,0.088189,-0.224077,-0.151498,0.156955,0.097211,0.229276,0.028075,0.100231,0.012022,-0.225919,0.235029,-0.512492,0.393764,-0.247331,0.116089,0.204188,-0.275867,-0.391707,0.390261,0.464997,0.352121,0.120239,-0.188939
-0.147983,0.004195,0.815186,0.051553,-0.002810,0.699749,-0.712521,0.076600,0.312755,0.058082,0.124202,0.058870,-0.219080,0.088322,-0.224110,-0.151373,0.156852,0.097309,0.228450,0.027519,0.100412,0.012593,-0.224956,0.233713,-0.510750,0.392723,-0.248897,0.115963,0.204283,-0.275092,-0.389563,0.386469,0.464675,0.355663,0.119768,-0.190425
-0.148134,0.004487,0.815236,0.051593,-0.002756,0.699728,-0.712538,0.076337,0.312794,0.057818,0.124206,0.059798,-0.218708,0.088031,-0.223804,-0.152164,0.156807,0.097508,0.228419,0.028651,0.100044,0.012752,-0.223827,0.231880,-0.509791,0.392291,-0.250371,0.116325,0.203852,-0.274627,-0.388408,0.385530,0.466035,0.357084,0.119953,-0.190668
-0.148375,0.004773,0.815285,0.051580,-0.002730,0.699619,-0.712647,0.075867,0.312803,0.057511,0.124194,0.060751,-0.218332,0.087607,-0.223533,-0.152896,0.156746,0.098047,0.227541,0.029450,0.099806,0.013175,-0.222668,0.230132,-0.508913,0.391926,-0.251812,0.116673,0.203398,-0.274453,-0.387329,0.384734,0.467637,0.358434,0.120185,-0.190897
-0.148531,0.004976,0.815335,0.051570,-0.002709,0.699506,-0.712758,0.075373,0.312824,0.057187,0.124198,0.061702,-0.217964,0.087179,-0.223251,-0.153639,0.156673,0.098597,0.226658,0.030202,0.099577,0.013607,-0.221510,0.228387,-0.507991,0.391558,-0.253253,0.117018,0.202940,-0.274356,-0.386238,0.383980,0.469295,0.359794,0.120409,-0.191111
-0.148514,0.005444,0.815417,0.051661,-0.002653,0.699499,-0.712759,0.074937,0.313157,0.057450,0.124049,0.062017,-0.217733,0.087548,-0.223463,-0.152678,0.156709,0.097844,0.228014,0.029876,0.101307,0.014118,-0.219955,0.228968,-0.508945,0.389461,-0.252900,0.117507,0.201728,-0.274953,-0.384347,0.382903,0.468294,0.360343,0.119841,-0.192173
-0.148617,0.005824,0.815557,0.051812,-0.002432,0.699359,-0.712886,0.074677,0.313069,0.057388,0.124063,0.063140,-0.217498,0.087583,-0.223444,-0.152777,0.156848,0.098358,0.227700,0.029647,0.103034,0.014811,-0.218215,0.229764,-0.509915,0.386940,-0.252446,0.118176,0.200519,-0.275420,-0.382425,0.381821,0.466958,0.360689,0.119783,-0.193669
