2.87128282,-0.35045692,0.81862855,-0.09874517,-0.01115850,-0.99282104,0.06656749,0.14359465,0.12281319,0.40320793,0.06481674,-0.22987862,0.05488275,0.09250616,-0.41110981,-0.52960992,0.26347670,-0.03258152,0.02344180,-0.09110793,0.00898407,0.08656193,0.02343175,0.13497262,-0.20667404,0.36405313,-0.00194757,-0.01364743,-0.08587398,-0.45241481,-0.60645562,-0.22304326,-0.47057858,0.24981049,-0.30381805,-0.67931491
2.87109661,-0.34918812,0.81877768,-0.09856400,-0.01113121,-0.99274957,0.06789378,0.14215763,0.12475727,0.40210679,0.06441338,-0.22641286,0.05403416,0.09456201,-0.40924126,-0.53301668,0.26225382,-0.03451842,0.02417225,-0.08610923,0.00808936,0.08771461,0.02162706,0.13577406,-0.20883530,0.36667782,-0.00168881,-0.01560776,-0.08638638,-0.45531750,-0.60819238,-0.21553503,-0.47320220,0.25043875,-0.30395550,-0.67371273
2.87072110,-0.34669438,0.81906748,-0.09823722,-0.01106241,-0.99260253,0.07047930,0.13934927,0.12865563,0.40000620,0.06376160,-0.21959980,0.05237635,0.09863149,-0.40549985,-0.53964138,0.25987205,-0.03832548,0.02550933,-0.07648665,0.00639006,0.08999012,0.01822844,0.13743322,-0.21312901,0.37189150,-0.00132048,-0.01934129,-0.08738308,-0.46087593,-0.61139899,-0.20080441,-0.47723681,0.25181183,-0.30402195,-0.66267800
2.87015319,-0.34306046,0.81948155,-0.09783243,-0.01092695,-0.99237317,0.07419470,0.13529171,0.13451909,0.39708629,0.06315935,-0.20967019,0.04998592,0.10462545,-0.39988765,-0.54911590,0.25646523,-0.04387559,0.02722477,-0.06293431,0.00405521,0.09333274,0.01361161,0.14006266,-0.21951994,0.37962908,-0.00114705,-0.02450698,-0.08881319,-0.46865788,-0.61558485,-0.17939986,-0.48038507,0.25412920,-0.30362955,-0.64655703
2.86939168,-0.33840612,0.81999767,-0.09744276,-0.01069444,-0.99205440,0.07885776,0.13014756,0.14234224,0.39356411,0.06302283,-0.19695595,0.04697230,0.11240024,-0.39243045,-0.56091070,0.25224456,-0.05099205,0.02902160,-0.04636772,0.00131279,0.09766673,0.00823624,0.14382808,-0.22800010,0.38980103,-0.00163539,-0.03066939,-0.09061116,-0.47815168,-0.62011129,-0.15208988,-0.47951376,0.25761434,-0.30226478,-0.62588102
2.86844301,-0.33287850,0.82058930,-0.09717736,-0.01033606,-0.99164128,0.08424532,0.12410123,0.15208293,0.38964519,0.06384952,-0.18187432,0.04347074,0.12175078,-0.38319713,-0.57436275,0.24750027,-0.05946080,0.03057975,-0.02780383,-0.00157603,0.10290280,0.00254918,0.14893757,-0.23861632,0.40227878,-0.00341573,-0.03736952,-0.09270204,-0.48889181,-0.62428498,-0.11980591,-0.47100353,0.26244387,-0.29935908,-0.60136366
2.86732364,-0.32664391,0.82122797,-0.09715033,-0.00983053,-0.99113369,0.09010633,0.11734248,0.16364358,0.38547978,0.06616857,-0.16490774,0.03963279,0.13240640,-0.37231329,-0.58870786,0.24259180,-0.06904180,0.03160374,-0.00824401,-0.00434336,0.10894269,-0.00310710,0.15561916,-0.25147131,0.41684771,-0.00727009,-0.04419243,-0.09500214,-0.50056863,-0.62744808,-0.08357991,-0.45117670,0.26868325,-0.29436716,-0.57387936
2.86606359,-0.31987941,0.82188529,-0.09746848,-0.00916840,-0.99053836,0.09617468,0.11005558,0.17685707,0.38113332,0.07048251,-0.14658163,0.03561484,0.14403252,-0.35996661,-0.60311985,0.23792283,-0.07947688,0.03186479,0.01141945,-0.00673878,0.11568094,-0.00856423,0.16408609,-0.26669079,0.43312714,-0.01409825,-0.05081802,-0.09740958,-0.51309961,-0.62905115,-0.04448208,-0.41675895,0.27624351,-0.28684303,-0.54441786
2.86470628,-0.31276554,0.82253450,-0.09821925,-0.00835342,-0.98986983,0.10218032,0.10241566,0.19148201,0.37658048,0.07720449,-0.12743968,0.03156618,0.15623872,-0.34640020,-0.61675012,0.23390180,-0.09049343,0.03123109,0.03045916,-0.00854895,0.12300234,-0.01386724,0.17449443,-0.28436026,0.45048112,-0.02486109,-0.05705063,-0.09978965,-0.52663857,-0.62869740,-0.00356432,-0.36533663,0.28486502,-0.27650476,-0.51401854
2.86330700,-0.30548033,0.82315201,-0.09946016,-0.00740158,-0.98915094,0.10785814,0.09459300,0.20720685,0.37172285,0.08659863,-0.10801907,0.02761759,0.16859321,-0.33189750,-0.62876880,0.23089390,-0.10180571,0.02968382,0.04832964,-0.00961181,0.13077658,-0.01928028,0.18688768,-0.30442810,0.46791598,-0.04049893,-0.06282166,-0.10194758,-0.54152769,-0.62615556,0.03818778,-0.29573396,0.29414004,-0.26328084,-0.48369354
2.86192822,-0.29819462,0.82371825,-0.10121077,-0.00633810,-0.98841155,0.11295511,0.08676156,0.22366415,0.36642891,0.09873372,-0.08882678,0.02387281,0.18064214,-0.31676134,-0.63840240,0.22917369,-0.11311398,0.02731624,0.06464931,-0.00982539,0.13885142,-0.02527235,0.20116836,-0.32664639,0.48407862,-0.06184515,-0.06818084,-0.10361543,-0.55820054,-0.62134516,0.07989462,-0.20826383,0.30356854,-0.24733475,-0.45435491
2.86063600,-0.29106909,0.82421875,-0.10344830,-0.00519368,-0.98768789,0.11723533,0.07910956,0.24045098,0.36058760,0.11345547,-0.07032035,0.02040275,0.19193131,-0.30129251,-0.64496613,0.22888643,-0.12410605,0.02431967,0.07916158,-0.00915265,0.14704670,-0.03248370,0.21707259,-0.35051936,0.49730378,-0.08952536,-0.07327027,-0.10443990,-0.57706124,-0.61430436,0.12081351,-0.10481139,0.31262884,-0.22906281,-0.42675745
2.85949206,-0.28425208,0.82464433,-0.10610767,-0.00400092,-0.98702008,0.12048456,0.07184777,0.25715369,0.35416511,0.13038675,-0.05289479,0.01724388,0.20202999,-0.28577206,-0.64788979,0.23002438,-0.13446181,0.02095919,0.09168791,-0.00762180,0.15515178,-0.04168648,0.23417717,-0.37531406,0.50577986,-0.12386818,-0.07829525,-0.10398839,-0.59836930,-0.60514814,0.16036187,0.01128733,0.32085851,-0.20906587,-0.40146312
2.85855007,-0.27787870,0.82499152,-0.10908584,-0.00279169,-0.98644960,0.12251433,0.06521252,0.27337396,0.34725490,0.14895561,-0.03687760,0.01440058,0.21055399,-0.27044994,-0.64673674,0.23242205,-0.14386199,0.01754400,0.10208603,-0.00532271,0.16292849,-0.05374277,0.25193456,-0.40012696,0.50781012,-0.16483305,-0.08349262,-0.10177469,-0.62215722,-0.59402764,0.19813268,0.13556112,0.32792503,-0.18809660,-0.37883019
2.85785007,-0.27207023,0.82526219,-0.11225034,-0.00159563,-0.98601592,0.12316608,0.05946258,0.28875247,0.34011269,0.16844817,-0.02253239,0.01185106,0.21718650,-0.25554085,-0.64121479,0.23576932,-0.15200141,0.01439718,0.11022068,-0.00239876,0.17012060,-0.06955923,0.26973015,-0.42399517,0.50213546,-0.21196820,-0.08909781,-0.09730402,-0.64819574,-0.58109689,0.23389831,0.26287276,0.33367792,-0.16698831,-0.35902297
2.85741687,-0.26693401,0.82546240,-0.11545079,-0.00043949,-0.98575342,0.12231573,0.05486945,0.30298823,0.33316967,0.18807742,-0.01006992,0.00955642,0.22169492,-0.24122578,-0.63118172,0.23963994,-0.15860415,0.01182767,0.11595072,0.00096623,0.17646980,-0.09003606,0.28695107,-0.44602799,0.48826289,-0.26440218,-0.09531009,-0.09013411,-0.67601174,-0.56649101,0.26760247,0.38796884,0.33817399,-0.14657487,-0.34203547
2.85725951,-0.26256350,0.82560152,-0.11853167,0.00065306,-0.98568720,0.11987730,0.05170309,0.31585154,0.32702306,0.20705624,0.00033682,0.00747173,0.22394150,-0.22765690,-0.61664444,0.24352914,-0.16343887,0.01010758,0.11913078,0.00456583,0.18173641,-0.11600716,0.30305174,-0.46552810,0.46673241,-0.32087162,-0.10225587,-0.07994477,-0.70494884,-0.55031657,0.29933521,0.50602257,0.34167495,-0.12761204,-0.32772163
2.85737324,-0.25903809,0.82568997,-0.12134490,0.00166197,-0.98583031,0.11580671,0.05021401,0.32718933,0.32240307,0.22466232,0.00853896,0.00555762,0.22388573,-0.21496339,-0.59775496,0.24689718,-0.16633041,0.00945481,0.11962431,0.00819209,0.18572272,-0.14817061,0.31760353,-0.48207375,0.43925869,-0.37978894,-0.10995236,-0.06660584,-0.73425305,-0.53265351,0.32929453,0.61308151,0.34462243,-0.11071201,-0.31582657
2.85774279,-0.25642288,0.82573730,-0.12376042,0.00257162,-0.98618144,0.11010404,0.05061445,0.33692288,0.32011929,0.24028632,0.01440306,0.00379118,0.22157779,-0.20325638,-0.57480270,0.24921335,-0.16716577,0.01002207,0.11732285,0.01165798,0.18829483,-0.18701264,0.33032089,-0.49554580,0.40870327,-0.43934238,-0.11827727,-0.05023043,-0.76316392,-0.51356816,0.35773504,0.70635736,0.34759283,-0.09629720,-0.30601376
2.85834718,-0.25476789,0.82575083,-0.12567410,0.00337221,-0.98672372,0.10281517,0.05305995,0.34503803,0.32099119,0.25345916,0.01781121,0.00217346,0.21714407,-0.19263260,-0.54820633,0.24999923,-0.16589388,0.01189051,0.11216804,0.01481749,0.18939993,-0.23273385,0.34106126,-0.50609964,0.37885925,-0.49762830,-0.12695265,-0.03120273,-0.79099125,-0.49313161,0.38491398,0.78433013,0.35124272,-0.08458260,-0.29789045
2.85916376,-0.25410745,0.82573336,-0.12701216,0.00406086,-0.98742563,0.09403192,0.05763246,0.35156888,0.32576874,0.26385882,0.01867126,0.00073309,0.21076407,-0.18317743,-0.51850128,0.24886985,-0.16251953,0.01506869,0.10417357,0.01757967,0.18907623,-0.28519055,0.34980616,-0.51409382,0.35407081,-0.55279654,-0.13555086,-0.01017214,-0.81716859,-0.47144547,0.41104317,0.84666997,0.35624525,-0.07558146,-0.29102793
2.86017108,-0.25445876,0.82568336,-0.12773305,0.00464268,-0.98824334,0.08389144,0.06432866,0.35657945,0.33505091,0.27130327,0.01693301,-0.00047695,0.20265146,-0.17496376,-0.48633069,0.24556258,-0.15709251,0.01949460,0.09343895,0.01991718,0.18745165,-0.34384835,0.35663065,-0.51999402,0.33871582,-0.60319501,-0.14351806,0.01199249,-0.84127623,-0.44866553,0.43625543,0.89401442,0.36322257,-0.06912794,-0.28496450
2.86135221,-0.25582081,0.82559466,-0.12782645,0.00512984,-0.98912436,0.07257406,0.07304907,0.36014262,0.34920880,0.27573848,0.01261061,-0.00138588,0.19302541,-0.16805714,-0.45242476,0.23997289,-0.14969890,0.02504345,0.08016443,0.02186181,0.18473642,-0.40778935,0.36167228,-0.52428609,0.33666703,-0.64749587,-0.15023622,0.03427830,-0.86304355,-0.42503265,0.46059284,0.92766124,0.37267846,-0.06492016,-0.27922419
2.86269331,-0.25817350,0.82545727,-0.12731124,0.00553937,-0.99001271,0.06030041,0.08359382,0.36232212,0.36832386,0.27722681,0.00580162,-0.00191587,0.18209009,-0.16252053,-0.41757870,0.23217890,-0.14045542,0.03153801,0.06465530,0.02349238,0.18120727,-0.47575235,0.36510631,-0.52740747,0.35078409,-0.68478107,-0.15510000,0.05562825,-0.88233280,-0.40089795,0.48401663,0.94923204,0.38493243,-0.06256801,-0.27332771
2.86418366,-0.26147684,0.82525945,-0.12623285,0.00589061,-0.99085349,0.04732734,0.09566882,0.36316100,0.39215297,0.27593684,-0.00330291,-0.00199501,0.17003036,-0.15841435,-0.38263136,0.22244400,-0.12950757,0.03876007,0.04730987,0.02491888,0.17718376,-0.54619366,0.36713061,-0.52970767,0.38250473,-0.71457106,-0.15758824,0.07505082,-0.89910996,-0.37673348,0.50643748,0.96035498,0.40006340,-0.06163374,-0.26678050
2.86581039,-0.26567119,0.82498902,-0.12466009,0.00620115,-0.99159932,0.03394273,0.10889646,0.36267599,0.42012227,0.27213800,-0.01441763,-0.00156658,0.15700708,-0.15580210,-0.34843415,0.21121897,-0.11703628,0.04646441,0.02860278,0.02626018,0.17300513,-0.61739486,0.36795899,-0.53144473,0.43164265,-0.73679882,-0.15734008,0.09171447,-0.91341674,-0.35313952,0.52775395,0.96240687,0.41787326,-0.06167506,-0.25908238
2.86755776,-0.27067766,0.82463610,-0.12268173,0.00648331,-0.99221396,0.02045883,0.12283620,0.36086032,0.45135680,0.26619253,-0.02717455,-0.00059514,0.14316443,-0.15475187,-0.31581938,0.19912392,-0.10326856,0.05439293,0.00905581,0.02762335,0.16900606,-0.68758333,0.36781839,-0.53280538,0.49639595,-0.75173312,-0.15420555,0.10501529,-0.92534274,-0.33083472,0.54789048,0.95633292,0.43788221,-0.06227848,-0.24973091
2.86940312,-0.27639925,0.82419461,-0.12040254,0.00674150,-0.99267614,0.00720479,0.13701153,0.35769346,0.48474130,0.25854149,-0.04114544,0.00093211,0.12864362,-0.15533537,-0.28556958,0.18691419,-0.08848938,0.06228698,-0.01079872,0.02908685,0.16549362,-0.75505441,0.36694384,-0.53393549,0.57356846,-0.75987083,-0.14826517,0.11460646,-0.93500417,-0.31063017,0.56682020,0.94255757,0.45935649,-0.06308489,-0.23823501
2.87131619,-0.28272247,0.82366395,-0.11793862,0.00697111,-0.99298131,-0.00548182,0.15094133,0.35315543,0.51900578,0.24968073,-0.05587121,0.00300732,0.11359992,-0.15762281,-0.25838843,0.17543094,-0.07305027,0.06989779,-0.03045560,0.03068995,0.16272721,-0.81828475,0.36556610,-0.53496969,0.65896368,-0.76182497,-0.13981746,0.12038933,-0.94252682,-0.29338321,0.58456719,0.92099202,0.48137981,-0.06381034,-0.22414379
2.87325859,-0.28951907,0.82304955,-0.11541161,0.00715889,-0.99314189,-0.01726434,0.16417108,0.34724289,0.55282390,0.24012694,-0.07089276,0.00560517,0.09821946,-0.16167431,-0.23487791,0.16553862,-0.05737007,0.07699490,-0.04947015,0.03242916,0.16090170,-0.87602246,0.36389008,-0.53604889,0.74788314,-0.75823098,-0.12933916,0.12247307,-0.94803643,-0.27993414,0.60118157,0.89113790,0.50295800,-0.06426242,-0.20709415
2.87518787,-0.29664785,0.82236320,-0.11294214,0.00728471,-0.99318546,-0.02781635,0.17630064,0.33998314,0.58491147,0.23037654,-0.08577870,0.00868430,0.08273324,-0.16752732,-0.21552093,0.15805411,-0.04192459,0.08337262,-0.06748082,0.03426156,0.16013421,-0.92734748,0.36206567,-0.53732151,0.83564639,-0.74969244,-0.11742731,0.12111726,-0.95165557,-0.27102926,0.61669296,0.85228121,0.52314407,-0.06435257,-0.18688008
2.87705898,-0.30395684,0.82162219,-0.11064286,0.00732395,-0.99315053,-0.03683151,0.18700527,0.33144414,0.61411291,0.22086364,-0.10014600,0.01218540,0.06742585,-0.17518230,-0.20067081,0.15367183,-0.02722434,0.08885574,-0.08421785,0.03611304,0.16045567,-0.97169763,0.36015600,-0.53892976,0.91805291,-0.73677117,-0.10473683,0.11667378,-0.95350564,-0.26723808,0.63104844,0.80375713,0.54116046,-0.06410472,-0.16353995
2.87883067,-0.31128582,0.82084841,-0.10861171,0.00725016,-0.99308211,-0.04403302,0.19604826,0.32173857,0.63946718,0.21192296,-0.11367096,0.01602596,0.05263802,-0.18458822,-0.19054906,0.15289335,-0.01378230,0.09330402,-0.09949592,0.03788918,0.16180828,-1.00886106,0.35811004,-0.54098701,0.99172461,-0.72001874,-0.09192438,0.10954084,-0.95371348,-0.26887417,0.64405119,0.74525642,0.55649775,-0.06365950,-0.13745031
2.88046813,-0.31846917,0.82006633,-0.10692634,0.00703729,-0.99302483,-0.04918307,0.20328581,0.31102154,0.66025037,0.20376371,-0.12609172,0.02009369,0.03876218,-0.19562984,-0.18524799,0.15596771,-0.00207547,0.09661604,-0.11319429,0.03948642,0.16404945,-1.03893769,0.35574815,-0.54355562,1.05429733,-0.70003247,-0.07960594,0.10013717,-0.95241940,-0.27593237,0.65531325,0.67713135,0.56897050,-0.06327089,-0.10940862
2.88194704,-0.32533976,0.81930161,-0.10563994,0.00666146,-0.99301678,-0.05209185,0.20866503,0.29948387,0.67599452,0.19645791,-0.13720305,0.02424111,0.02623038,-0.20811880,-0.18473770,0.16285174,0.00749344,0.09873240,-0.12522969,0.04080147,0.16696255,-1.06227851,0.35276303,-0.54662865,1.10445035,-0.67751223,-0.06832762,0.08889554,-0.94978505,-0.28805536,0.66423827,0.60064805,0.57872063,-0.06329221,-0.08068224
2.88325477,-0.33173358,0.81857902,-0.10477948,0.00610221,-0.99308336,-0.05262606,0.21221694,0.28734252,0.68648750,0.18994494,-0.14684711,0.02828579,0.01549541,-0.22179049,-0.18887691,0.17319654,0.01462960,0.09963679,-0.13552870,0.04173840,0.17027406,-1.07941079,0.34875450,-0.55014348,1.14183152,-0.65330458,-0.05855373,0.07626164,-0.94599932,-0.30453733,0.67004389,0.51814061,0.58617187,-0.06414917,-0.05299701
2.88438964,-0.33749539,0.81792122,-0.10434600,0.00534358,-0.99323267,-0.05071711,0.21404675,0.27483076,0.69175816,0.18405178,-0.15490398,0.03201768,0.00700473,-0.23630768,-0.19742359,0.18636610,0.01916779,0.09935557,-0.14400686,0.04221303,0.17367645,-1.09095788,0.34326693,-0.55398113,1.16684985,-0.62839901,-0.05065453,0.06270298,-0.94128066,-0.32437205,0.67182690,0.43301338,0.59194386,-0.06629716,-0.02844840
2.88535857,-0.34248468,0.81734735,-0.10431727,0.00437520,-0.99345297,-0.04636821,0.21432130,0.26219091,0.69205207,0.17852728,-0.16128407,0.03521606,0.00116867,-0.25127059,-0.21004468,0.20148890,0.02108048,0.09795447,-0.15055946,0.04215554,0.17685379,-1.09756601,0.33585969,-0.55800265,1.18045664,-0.60388625,-0.04490066,0.04869518,-0.93587035,-0.34634238,0.66866499,0.34956536,0.59674430,-0.07016623,-0.00933135
2.88617373,-0.34658176,0.81687236,-0.10465221,0.00319368,-0.99371266,-0.03965997,0.21325439,0.24967061,0.68780094,0.17308803,-0.16592550,0.03767285,-0.00167476,-0.26623410,-0.22632527,0.21754004,0.02047035,0.09553362,-0.15506516,0.04151289,0.17950864,-1.09984410,0.32618243,-0.56208521,1.18391109,-0.58087450,-0.04145268,0.03469413,-0.93002605,-0.36914110,0.65974295,0.27266097,0.60126686,-0.07609769,0.00210270
2.88684821,-0.34969318,0.81650651,-0.10529702,0.00180421,-0.99396354,-0.03075396,0.21108958,0.23752290,0.67958641,0.16747102,-0.16879483,0.03921990,-0.00129547,-0.28072956,-0.24577489,0.23344520,0.01754927,0.09222089,-0.15740158,0.04025161,0.18138738,-1.09832430,0.31404918,-0.56615627,1.17856967,-0.56038016,-0.04034961,0.02109107,-0.92400765,-0.39150664,0.64448363,0.20726438,0.60610282,-0.08428048,0.00393047
2.88739133,-0.35175580,0.81625551,-0.10619172,0.00022195,-0.99414665,-0.01989277,0.20807990,0.22600825,0.66809916,0.16148838,-0.16989182,0.03975450,0.00239738,-0.29429007,-0.26783365,0.24819216,0.01260868,0.08816458,-0.15746839,0.03836129,0.18230188,-1.09344566,0.29950094,-0.57021868,1.16571593,-0.54321700,-0.04149865,0.00815762,-0.91806191,-0.41235384,0.62266254,0.15790603,0.61167687,-0.09469834,-0.00516169
2.88780856,-0.35273913,0.81612027,-0.10727683,-0.00152680,-0.99420053,-0.00739658,0.20446587,0.21539710,0.65409482,0.15507625,-0.16925430,0.03925851,0.00933174,-0.30647543,-0.29187638,0.26093623,0.00598578,0.08352582,-0.15521261,0.03585895,0.18214616,-1.08556104,0.28284535,-0.57435858,1.14643645,-0.52990717,-0.04467379,-0.00400265,-0.91240454,-0.43087655,0.59448671,0.12815428,0.61820859,-0.10709918,-0.02564974
2.88809919,-0.35264543,0.81609768,-0.10849938,-0.00340469,-0.99407047,0.00634489,0.20045410,0.20596898,0.63834757,0.14833145,-0.16696213,0.03780687,0.01926211,-0.31689599,-0.31721908,0.27108216,-0.00196735,0.07847138,-0.15064920,0.03279197,0.18090585,-1.07496357,0.26466545,-0.57873434,1.12154436,-0.52063853,-0.04952832,-0.01548111,-0.90720075,-0.44660628,0.56062311,0.12017584,0.62569660,-0.12099525,-0.05704237
2.88825870,-0.35150847,0.81618106,-0.10981708,-0.00536447,-0.99371791,0.02088492,0.19619834,0.19800611,0.62160313,0.14152892,-0.16313890,0.03556319,0.03177354,-0.32523179,-0.34312722,0.27833173,-0.01090858,0.07316726,-0.14387330,0.02923848,0.17866011,-1.06192613,0.24579401,-0.58354592,1.09154439,-0.51528132,-0.05562571,-0.02655289,-0.90255070,-0.45941707,0.52217346,0.13445631,0.63391584,-0.13569702,-0.09788014
2.88828135,-0.34939024,0.81636053,-0.11120085,-0.00735163,-0.99312800,0.03573634,0.19178697,0.19178094,0.60453641,0.13511674,-0.15794794,0.03276203,0.04630191,-0.33124644,-0.36882892,0.28269121,-0.02052091,0.06777271,-0.13506208,0.02530396,0.17557520,-1.04674745,0.22725274,-0.58898926,1.05664086,-0.51345605,-0.06248716,-0.03762568,-0.89847577,-0.46947625,0.48059618,0.16971906,0.64242578,-0.15037908,-0.14587039
2.88816524,-0.34637713,0.81662422,-0.11263488,-0.00930797,-0.99231422,0.05039099,0.18723990,0.18753721,0.58771741,0.12968545,-0.15158615,0.02968203,0.06216852,-0.33479437,-0.39353240,0.28443852,-0.03051920,0.06243497,-0.12446623,0.02111348,0.17189088,-1.02979267,0.21016403,-0.59520042,1.01678801,-0.51464802,-0.06965027,-0.04914321,-0.89491612,-0.47715300,0.43758908,0.22306332,0.65059251,-0.16416734,-0.19813855
2.88791418,-0.34257564,0.81695873,-0.11411454,-0.01117571,-0.99131888,0.06434092,0.18251650,0.18546754,0.57159102,0.12591496,-0.14427578,0.02661273,0.07862638,-0.33582142,-0.41644850,0.28405732,-0.04064949,0.05728549,-0.11239500,0.01680016,0.16789970,-1.01152301,0.19564240,-0.60219961,0.97177911,-0.51834166,-0.07673067,-0.06146254,-0.89173728,-0.48290125,0.39494836,0.29029357,0.65762585,-0.17623587,-0.25155658
2.88754106,-0.33810839,0.81735027,-0.11564250,-0.01290118,-0.99021012,0.07709965,0.17753394,0.18569012,0.55647123,0.12450416,-0.13625461,0.02382052,0.09491328,-0.33435950,-0.43681830,0.28214929,-0.05068278,0.05243823,-0.09919897,0.01249207,0.16392158,-0.99250662,0.18467940,-0.60984212,0.92137504,-0.52414584,-0.08347622,-0.07472076,-0.88874674,-0.48714083,0.35442248,0.36638978,0.66263795,-0.18589740,-0.30309591
2.88706851,-0.33311087,0.81778520,-0.11722394,-0.01443751,-0.98907381,0.08822239,0.17219444,0.18822910,0.54255170,0.12609024,-0.12776718,0.02151908,0.11030644,-0.33051595,-0.45394415,0.27933890,-0.06040707,0.04799015,-0.08525499,0.00830066,0.16027571,-0.97340697,0.17803562,-0.61778498,0.86546290,-0.53188103,-0.08979990,-0.08872325,-0.88571984,-0.49015719,0.31757814,0.44604692,0.66472411,-0.19267239,-0.35014749
2.88652754,-0.32772860,0.81825089,-0.11886121,-0.01574588,-0.98800415,0.09732354,0.16641860,0.19300072,0.52993214,0.13116594,-0.11905908,0.01984886,0.12417265,-0.32445955,-0.46722144,0.27618393,-0.06962013,0.04402363,-0.07095535,0.00431366,0.15725301,-0.95494914,0.17615400,-0.62547833,0.80422634,-0.54160637,-0.09578680,-0.10287549,-0.88243032,-0.49203795,0.28569239,0.52420628,0.66306257,-0.19632950,-0.39076504
2.88595438,-0.32211497,0.81873626,-0.12054922,-0.01679522,-0.98709202,0.10409173,0.16017854,0.19980858,0.51865393,0.14000598,-0.11037324,0.01886807,0.13600975,-0.31640539,-0.47617120,0.27310419,-0.07812426,0.04060936,-0.05670253,0.00059394,0.15509243,-0.93786919,0.17910494,-0.63218492,0.73830831,-0.55358249,-0.10167095,-0.11618146,-0.87868077,-0.49265400,0.25967968,0.59650934,0.65701932,-0.19689165,-0.42380020
2.88538742,-0.31642935,0.81923163,-0.12227233,-0.01756096,-0.98641366,0.10830120,0.15352704,0.20834734,0.50874037,0.15260845,-0.10194898,0.01855629,0.14547449,-0.30660093,-0.48047009,0.27033699,-0.08572405,0.03780965,-0.04290609,-0.00281469,0.15396243,-0.92285091,0.18657185,-0.63703066,0.66893411,-0.56817842,-0.10778448,-0.12731576,-0.87432534,-0.49168593,0.24005410,0.65962410,0.64624864,-0.19461206,-0.44892225
2.88486266,-0.31083483,0.81972897,-0.12400317,-0.01802320,-0.98602128,0.10982025,0.14661743,0.21821521,0.50023371,0.16866112,-0.09402297,0.01882970,0.15239468,-0.29531556,-0.47997546,0.26792455,-0.09222748,0.03567882,-0.02997929,-0.00587643,0.15395017,-0.91046494,0.19787885,-0.63908321,0.59797817,-0.58574241,-0.11448629,-0.13476796,-0.86928403,-0.48868722,0.22692886,0.71142340,0.63077158,-0.18992594,-0.46653140
2.88441133,-0.30549562,0.82022125,-0.12570395,-0.01816546,-0.98593670,0.10861556,0.13971063,0.22893353,0.49322265,0.18753751,-0.08683217,0.01956506,0.15676305,-0.28283522,-0.47474316,0.26573637,-0.09745122,0.03426053,-0.01833032,-0.00855013,0.15505914,-0.90111756,0.21205910,-0.63745159,0.52794921,-0.60646439,-0.12208018,-0.13704018,-0.86354703,-0.48317075,0.22004603,0.75101596,0.61101776,-0.18338734,-0.47759092
2.88405704,-0.30057323,0.82070154,-0.12733032,-0.01797439,-0.98614943,0.10475333,0.13316716,0.23997161,0.48785311,0.20832753,-0.08061698,0.02062776,0.15871488,-0.26946229,-0.46503481,0.26352254,-0.10123099,0.03358115,-0.00834653,-0.01077692,0.15721428,-0.89501899,0.22795463,-0.63139623,0.46188581,-0.63026029,-0.13073465,-0.13286927,-0.85717160,-0.47470123,0.21883032,0.77865702,0.58782649,-0.17560135,-0.48341173
2.88381577,-0.29622194,0.82116252,-0.12883729,-0.01744094,-0.98661804,0.09839561,0.12742321,0.25077608,0.48432124,0.22990455,-0.07562346,0.02190009,0.15849090,-0.25551939,-0.45131192,0.26099005,-0.10343656,0.03363962,-0.00037084,-0.01247314,0.16027477,-0.89217800,0.24433640,-0.62043381,0.40316594,-0.65670043,-0.14041772,-0.12143724,-0.85027730,-0.46297961,0.22246070,0.79557198,0.56240165,-0.16715948,-0.48542410
2.88369608,-0.29258326,0.82159501,-0.13018638,-0.01656285,-0.98727626,0.08979296,0.12295297,0.26080182,0.48284751,0.25102320,-0.07210203,0.02330318,0.15639122,-0.24135531,-0.43421820,0.25789133,-0.10398921,0.03439757,0.00532590,-0.01353047,0.16405323,-0.89242119,0.26002675,-0.60442090,0.35524377,-0.68500113,-0.15085915,-0.10253459,-0.84304357,-0.44790548,0.22994971,0.80372500,0.53622794,-0.15858729,-0.48497275
2.88370061,-0.28977969,0.82198727,-0.13135312,-0.01534798,-0.98804176,0.07927272,0.12022106,0.26954406,0.48363668,0.27044040,-0.07030191,0.02481036,0.15272652,-0.22734980,-0.41454870,0.25410971,-0.10288122,0.03577104,0.00857284,-0.01382463,0.16833942,-0.89543390,0.27400815,-0.58360368,0.32134095,-0.71407765,-0.16154735,-0.07664692,-0.83571345,-0.42961156,0.24022506,0.80556518,0.51095527,-0.15030754,-0.48315766
2.88382745,-0.28790855,0.82232445,-0.13233320,-0.01381757,-0.98882657,0.06722350,0.11963058,0.27656791,0.48683012,0.28704458,-0.07046014,0.02644892,0.14777531,-0.21391451,-0.39321288,0.24972694,-0.10019426,0.03762593,0.00932124,-0.01323126,0.17292714,-0.90081233,0.28550315,-0.55862284,0.30412608,-0.74264997,-0.17176794,-0.04494506,-0.82860154,-0.40846536,0.25220564,0.80376744,0.48826519,-0.14262426,-0.48074171
2.88407159,-0.28703636,0.82258880,-0.13314568,-0.01200909,-0.98954719,0.05407758,0.12147215,0.28153345,0.49245974,0.29997492,-0.07278186,0.02829009,0.14175186,-0.20148841,-0.37119183,0.24505819,-0.09611048,0.03978141,0.00765637,-0.01164768,0.17763977,-0.90811825,0.29401532,-0.53047150,0.30541947,-0.76938260,-0.18067974,-0.00918057,-0.82210296,-0.38504362,0.26487029,0.80096626,0.46972367,-0.13572568,-0.47812596
2.88442612,-0.28719422,0.82275993,-0.13383248,-0.00997745,-0.99013430,0.04029204,0.12588252,0.28421274,0.50041085,0.30871159,-0.07741583,0.03042990,0.13479263,-0.19052511,-0.34949386,0.24064338,-0.09091388,0.04202071,0.00379614,-0.00901573,0.18235144,-0.91692305,0.29932806,-0.50040907,0.32596150,-0.79303217,-0.18742098,0.02850328,-0.81669623,-0.36008447,0.27731350,0.79949862,0.45663676,-0.12970421,-0.47539032
2.88488269,-0.28837526,0.82281697,-0.13445362,-0.00779467,-0.99053931,0.02633071,0.13281742,0.28449607,0.51040179,0.31312147,-0.08442511,0.03296395,0.12696145,-0.18147391,-0.32911190,0.23719312,-0.08497815,0.04410882,-0.00192338,-0.00534197,0.18699980,-0.92683619,0.30146405,-0.46984154,0.36527571,-0.81258678,-0.19123209,0.06581800,-0.81293130,-0.33442354,0.28878835,0.80116183,0.44992152,-0.12459088,-0.47238842
2.88543248,-0.29053351,0.82274008,-0.13507836,-0.00554785,-0.99073863,0.01264829,0.14204359,0.28238609,0.52198428,0.31344828,-0.09375747,0.03596106,0.11827409,-0.17475510,-0.31098282,0.23549265,-0.07874003,0.04581543,-0.00907324,-0.00071362,0.19158769,-0.93751657,0.30061936,-0.44018683,0.42165086,-0.82736546,-0.19157359,0.10059244,-0.81140137,-0.30892205,0.29873773,0.80699873,0.45000035,-0.12039539,-0.46886724
2.88606572,-0.29358587,0.82251394,-0.13577375,-0.00333575,-0.99073422,-0.00032214,0.15315145,0.27798000,0.53456312,0.31024900,-0.10521989,0.03944087,0.10873549,-0.17073329,-0.29594874,0.23628163,-0.07266072,0.04694015,-0.01716393,0.00469566,0.19617054,-0.94866663,0.29708314,-0.41273987,0.49225083,-0.83707654,-0.18822083,0.13101755,-0.81269109,-0.28440008,0.30681807,0.81712860,0.45673251,-0.11713997,-0.46458748
2.88677168,-0.29741520,0.82213008,-0.13659249,-0.00126443,-0.99055171,-0.01217822,0.16558787,0.27144304,0.54743403,0.30428582,-0.11846320,0.04335986,0.09838436,-0.16969079,-0.28471848,0.24012865,-0.06718010,0.04733510,-0.02567955,0.01062849,0.20083241,-0.96001750,0.29116252,-0.38855937,0.57334679,-0.84181666,-0.18131532,0.15583190,-0.81731170,-0.26157683,0.31291667,0.83065921,0.46939269,-0.11488092,-0.45941898
2.88753891,-0.30187592,0.82158977,-0.13756248,0.00055761,-0.99023610,-0.02255419,0.17870504,0.26297775,0.55983335,0.29639491,-0.13298158,0.04760800,0.08733577,-0.17180516,-0.27783057,0.24732681,-0.06267308,0.04692085,-0.03411037,0.01675604,0.20565386,-0.97131157,0.28312448,-0.36838722,0.66064680,-0.84202111,-0.17136315,0.17442800,-0.82562935,-0.24102655,0.31716290,0.84570533,0.48670214,-0.11370955,-0.45339274
2.88835526,-0.30680063,0.82090563,-0.13868017,0.00202456,-0.98984593,-0.03112459,0.19181956,0.25279492,0.57099253,0.28735477,-0.14813077,0.05201735,0.07581382,-0.17713326,-0.27561903,0.25783193,-0.05941563,0.04569275,-0.04198054,0.02269831,0.21067873,-0.98228824,0.27316323,-0.35260966,0.74968261,-0.83837402,-0.15917844,0.18686636,-0.83779818,-0.22315390,0.31993216,0.85952854,0.50691551,-0.11372957,-0.44669810
2.88920593,-0.31200778,0.82010216,-0.13990919,0.00303831,-0.98944527,-0.03760687,0.20427383,0.24109137,0.58019102,0.27778050,-0.16316655,0.05638127,0.06416833,-0.18560447,-0.27818769,0.27125835,-0.05756904,0.04371492,-0.04886886,0.02804999,0.21588704,-0.99267662,0.26139435,-0.34125966,0.83620495,-0.83169645,-0.14578170,0.19380388,-0.85370940,-0.20818949,0.32183588,0.86880291,0.52795935,-0.11501642,-0.43963253
2.89007306,-0.31731009,0.81921452,-0.14118451,0.00351352,-0.98909569,-0.04176440,0.21549259,0.22803862,0.58680326,0.26806107,-0.17730077,0.06048071,0.05287093,-0.19702306,-0.28539711,0.28693381,-0.05718508,0.04110338,-0.05442309,0.03240899,0.22118065,-1.00219584,0.24787161,-0.33405304,0.91653460,-0.82283753,-0.13227141,0.19635746,-0.87296432,-0.19620404,0.32369271,0.86998016,0.54761684,-0.11756680,-0.43251565
2.89093375,-0.32252312,0.81828618,-0.14242204,0.00338241,-0.98884785,-0.04341060,0.22502701,0.21378413,0.59033573,0.25834966,-0.18976983,0.06411364,0.04249086,-0.21107993,-0.29687145,0.30400366,-0.05823212,0.03800017,-0.05836833,0.03540545,0.22638559,-1.01056051,0.23261833,-0.33044845,0.98782581,-0.81258523,-0.11969106,0.19592811,-0.89487576,-0.18713787,0.32647428,0.85971290,0.56373692,-0.12125251,-0.42559353
2.89176011,-0.32747319,0.81736422,-0.14353092,0.00259932,-0.98873305,-0.04241474,0.23258156,0.19846323,0.59045297,0.24860384,-0.19990733,0.06712178,0.03365207,-0.22737162,-0.31202665,0.32156283,-0.06063554,0.03454362,-0.06051025,0.03672798,0.23127139,-1.01748943,0.21566370,-0.32971674,1.04821217,-0.80161732,-0.10891479,0.19401874,-0.91849709,-0.18083845,0.33122289,0.83527768,0.57444715,-0.12579282,-0.41896018
2.89251781,-0.33200505,0.81649470,-0.14442725,0.00114462,-0.98875731,-0.03870942,0.23802096,0.18221870,0.58699185,0.23866320,-0.20721082,0.06941117,0.02697728,-0.24542412,-0.33012220,0.33878720,-0.06432272,0.03084045,-0.06073434,0.03614647,0.23558311,-1.02271712,0.19707602,-0.33100888,1.09682739,-0.79049289,-0.10056981,0.19207022,-0.94267386,-0.17709774,0.33894485,0.79493296,0.57835054,-0.13075788,-0.41251478
2.89316797,-0.33598736,0.81571734,-0.14504609,-0.00097231,-0.98889703,-0.03229941,0.24135751,0.16522346,0.57996601,0.22834563,-0.21139185,0.07096189,0.02302525,-0.26471716,-0.35032731,0.35503745,-0.06926068,0.02694565,-0.05900311,0.03352940,0.23908050,-1.02600622,0.17698836,-0.33341676,1.13371050,-0.77968037,-0.09500431,0.19133705,-0.96611440,-0.17568411,0.35048944,0.73816019,0.57467264,-0.13560560,-0.40596908
2.89367008,-0.33931664,0.81506121,-0.14534999,-0.00371140,-0.98909962,-0.02327071,0.24272206,0.14770155,0.56956100,0.21754119,-0.21240163,0.07182607,0.02222954,-0.28470656,-0.37179434,0.36991665,-0.07547615,0.02285483,-0.05535170,0.02885522,0.24157611,-1.02716529,0.15561442,-0.33602282,1.15962315,-0.76960295,-0.09229957,0.19280860,-0.98747098,-0.17636189,0.36642855,0.66574764,0.56334418,-0.13974842,-0.39890218
2.89398670,-0.34191826,0.81454194,-0.14533316,-0.00700180,-0.98928767,-0.01179798,0.24232514,0.12994221,0.55612129,0.20628318,-0.21042633,0.07211450,0.02484841,-0.30484313,-0.39372981,0.38327205,-0.08305104,0.01851050,-0.04988331,0.02221730,0.24296449,-1.02603507,0.13325579,-0.33793035,1.17580760,-0.76066881,-0.09231225,0.19716114,-1.00540531,-0.17889191,0.38693938,0.57972068,0.54499543,-0.14263472,-0.39084092
2.89408851,-0.34374550,0.81416082,-0.14502041,-0.01074358,-0.98936862,0.00185086,0.24040741,0.11230940,0.54012710,0.19479334,-0.20585391,0.07197415,0.03092759,-0.32458350,-0.41544929,0.39514971,-0.09209503,0.01382084,-0.04276411,0.01382135,0.24323902,-1.02258205,0.11029945,-0.33832720,1.18375671,-0.75332195,-0.09475662,0.20478323,-1.01872158,-0.18303983,0.41177857,0.48308504,0.52087677,-0.14384179,-0.38138503
2.89396024,-0.34477544,0.81390679,-0.14446186,-0.01481118,-0.98924804,0.01731567,0.23719840,0.09523859,0.52216619,0.18348296,-0.19921660,0.07156221,0.04028699,-0.34339893,-0.43641141,0.40571606,-0.10269938,0.00868728,-0.03421845,0.00397571,0.24249317,-1.01684034,0.08720975,-0.33649924,1.18495834,-0.74798292,-0.09926151,0.21577029,-1.02639985,-0.18854548,0.44022572,0.37952226,0.49267957,-0.14313425,-0.37028277
2.89360404,-0.34500423,0.81375968,-0.14372452,-0.01905842,-0.98884457,0.03415180,0.23288043,0.07922592,0.50289744,0.17292343,-0.19111852,0.07102039,0.05252905,-0.36077940,-0.45622629,0.41516897,-0.11488367,0.00303480,-0.02452339,-0.00692604,0.24090740,-1.00899589,0.06451524,-0.33190244,1.18071485,-0.74502575,-0.10544959,0.22998188,-1.02770734,-0.19512531,0.47116452,0.27298409,0.46232668,-0.14050698,-0.35751182
2.89304256,-0.34444144,0.81369555,-0.14288220,-0.02332492,-0.98810560,0.05184556,0.22756535,0.06480838,0.48300856,0.16379012,-0.18216029,0.07045432,0.06706844,-0.37623757,-0.47463971,0.42365932,-0.12854716,-0.00316096,-0.01400235,-0.01842888,0.23872474,-0.99936503,0.04278570,-0.32420322,1.17199183,-0.74467707,-0.11297646,0.24707109,-1.02224195,-0.20245777,0.50316453,0.16733475,0.43171835,-0.13617830,-0.34329680
2.89231825,-0.34310564,0.81369150,-0.14200522,-0.02744326,-0.98701787,0.06983677,0.22128671,0.05253619,0.46317145,0.15679120,-0.17287323,0.06992183,0.08317952,-0.38931376,-0.49149889,0.43123791,-0.14343657,-0.00985446,-0.00301650,-0.03004515,0.23621973,-0.98832816,0.02259771,-0.31330085,1.15932357,-0.74689770,-0.12154114,0.26650640,-1.00993860,-0.21017168,0.53458929,0.06606267,0.40248445,-0.13054316,-0.32807750
2.89148903,-0.34102154,0.81373048,-0.14115112,-0.03124647,-0.98561430,0.08754680,0.21400549,0.04294055,0.44399643,0.15259476,-0.16367382,0.06943080,0.10005514,-0.39958301,-0.50670826,0.43783164,-0.15913559,-0.01692109,0.00804629,-0.04128529,0.23366523,-0.97630256,0.00449576,-0.29936641,1.14278090,-0.75130236,-0.13088429,0.28760046,-0.99107635,-0.21785757,0.56375372,-0.02792984,0.37579811,-0.12410620,-0.31244695
2.89062238,-0.33821967,0.81380349,-0.14035740,-0.03457540,-0.98397315,0.10440905,0.20563547,0.03649248,0.42599633,0.15175499,-0.15484346,0.06894717,0.11687027,-0.40667197,-0.52018684,0.44325581,-0.17508382,-0.02416010,0.01878670,-0.05168885,0.23130427,-0.96361983,-0.01105253,-0.28282526,1.12198651,-0.75708622,-0.14075495,0.30951890,-0.96620888,-0.22507308,0.58904153,-0.11240730,0.35225275,-0.11739434,-0.29704899
2.88978815,-0.33473876,0.81391072,-0.13963696,-0.03728535,-0.98220962,0.11989824,0.19607101,0.03356709,0.40955660,0.15466087,-0.14653775,0.06840970,0.13284256,-0.41027233,-0.53183138,0.44724157,-0.19061393,-0.03130521,0.02881142,-0.06085104,0.22932680,-0.95045459,-0.02369662,-0.26434684,1.09617746,-0.76302224,-0.15087628,0.33129251,-0.93608779,-0.23136407,0.60902774,-0.18580472,0.33184668,-0.11088045,-0.28247511
2.88905025,-0.33063003,0.81405926,-0.13897645,-0.03925177,-0.98046315,0.13355508,0.18522616,0.03440671,0.39492351,0.16149443,-0.13881855,0.06774927,0.14728457,-0.41016144,-0.54149574,0.44948050,-0.20500727,-0.03804296,0.03775281,-0.06844316,0.22785750,-0.93666744,-0.03324198,-0.24475899,1.06431651,-0.76748097,-0.16089465,0.35181063,-0.90151799,-0.23626506,0.62252122,-0.24714407,0.31404021,-0.10491487,-0.26915523
2.88845921,-0.32596228,0.81426018,-0.13833782,-0.04037462,-0.97888011,0.14500390,0.17307328,0.03909273,0.38220954,0.17221005,-0.13170251,0.06690883,0.15964399,-0.40622118,-0.54898608,0.44966984,-0.21755444,-0.04403434,0.04528948,-0.07422639,0.22695446,-0.92171836,-0.03966942,-0.22495922,1.02524984,-0.76853162,-0.17034897,0.36983523,-0.86322212,-0.23931228,0.62859178,-0.29593161,0.29790446,-0.09968670,-0.25727758
2.88804746,-0.32082668,0.81452417,-0.13766287,-0.04058173,-0.97759801,0.15396167,0.15967920,0.04752841,0.37141657,0.18652843,-0.12521547,0.06586121,0.16952889,-0.39845386,-0.55407232,0.44755334,-0.22761525,-0.04893804,0.05116494,-0.07805633,0.22661558,-0.90464944,-0.04313163,-0.20581983,0.97789526,-0.76409984,-0.17866465,0.38404292,-0.82173133,-0.24006307,0.62658197,-0.33205748,0.28232333,-0.09521552,-0.24674933
2.88782501,-0.31534025,0.81485748,-0.13688046,-0.03983089,-0.97672957,0.16023919,0.14522959,0.05943695,0.36246863,0.20395100,-0.11943868,0.06462009,0.17671803,-0.38699144,-0.55651331,0.44295210,-0.23466702,-0.05243252,0.05520172,-0.07987978,0.22679254,-0.88416564,-0.04392760,-0.18810675,0.92144781,-0.75218344,-0.18517993,0.39309838,-0.77732801,-0.23812562,0.61611629,-0.35572517,0.26621872,-0.09137227,-0.23720147
2.88778138,-0.30964646,0.81525916,-0.13591570,-0.03811138,-0.97635305,0.16373521,0.13004093,0.07437581,0.35525239,0.22378728,-0.11453748,0.06324480,0.18115702,-0.37209627,-0.55608958,0.43578476,-0.23833910,-0.05423694,0.05731004,-0.07972512,0.22740793,-0.85878772,-0.04246343,-0.17240304,0.85558528,-0.73108375,-0.18920296,0.39576203,-0.73005205,-0.23319310,0.59711432,-0.36742482,0.24874640,-0.08791883,-0.22803682
2.88788605,-0.30391267,0.81571990,-0.13470045,-0.03544489,-0.97650582,0.16442613,0.11455382,0.09176605,0.34965321,0.24519871,-0.11076729,0.06183726,0.18294103,-0.35415256,-0.55263883,0.42607918,-0.23843110,-0.05412975,0.05748887,-0.07768807,0.22837205,-0.82718134,-0.03919397,-0.15912281,0.78062874,-0.69968235,-0.19011080,0.39104405,-0.67983311,-0.22511613,0.56986219,-0.36794764,0.22946194,-0.08457103,-0.21853602
2.88809395,-0.29832476,0.81622279,-0.13318338,-0.03188605,-0.97718304,0.16235386,0.09930772,0.11093427,0.34558243,0.26725546,-0.10845327,0.06053247,0.18228719,-0.33364922,-0.54608858,0.41397721,-0.23491611,-0.05196423,0.05582060,-0.07391512,0.22959636,-0.78844976,-0.03457139,-0.14850459,0.69764549,-0.65764165,-0.18745179,0.37835798,-0.62662482,-0.21393928,0.53506732,-0.35841724,0.20839417,-0.08105425,-0.20795977
2.88835216,-0.29307854,0.81674558,-0.13133903,-0.02752247,-0.97834039,0.15761541,0.08489867,0.13116005,0.34298822,0.28900313,-0.10794801,0.05948196,0.17949994,-0.31115788,-0.53648484,0.39973488,-0.22793113,-0.04768023,0.05245804,-0.06858736,0.23100257,-0.74251801,-0.02899439,-0.14070748,0.60845113,-0.60560006,-0.18105721,0.35768056,-0.57065421,-0.19997928,0.49394280,-0.34030604,0.18606204,-0.07716921,-0.19571573
2.88860536,-0.28836948,0.81726402,-0.12917396,-0.02247425,-0.97989911,0.15035495,0.07192630,0.15172200,0.34185338,0.30953214,-0.10957634,0.05883541,0.17493111,-0.28730941,-0.52400994,0.38372058,-0.21775968,-0.04131141,0.04760831,-0.06190637,0.23252609,-0.69032264,-0.02277958,-0.13585316,0.51551402,-0.54520243,-0.17110711,0.32964063,-0.51257324,-0.18383664,0.44821495,-0.31541204,0.16338447,-0.07282846,-0.18146533
2.88880420,-0.28438166,0.81775564,-0.12672962,-0.01689233,-0.98175389,0.14076100,0.06093929,0.17193601,0.34218088,0.32804173,-0.11357765,0.05872227,0.16894022,-0.26277378,-0.50899130,0.36641398,-0.20481089,-0.03298794,0.04151408,-0.05408400,0.23411380,-0.63379914,-0.01615215,-0.13403443,0.42176032,-0.47898307,-0.15813793,0.29552111,-0.45350489,-0.16635180,0.40004283,-0.28576386,0.14152154,-0.06806562,-0.16518074
2.88890982,-0.28127658,0.81820220,-0.12408110,-0.01095525,-0.98378104,0.12906863,0.05238550,0.19117974,0.34397113,0.34389272,-0.12005676,0.05923552,0.16185828,-0.23824733,-0.49190071,0.34840456,-0.18959622,-0.02293327,0.03443570,-0.04533635,0.23571922,-0.57565457,-0.00925631,-0.13528892,0.33030581,-0.41011769,-0.14298512,0.25716248,-0.39498311,-0.14852063,0.35183689,-0.25344735,0.12167430,-0.06301744,-0.14715874
2.88890052,-0.27918372,0.81859165,-0.12133223,-0.00486372,-0.98584962,0.11556546,0.04657700,0.20890236,0.34719908,0.35663852,-0.12895277,0.06042015,0.15395999,-0.21444467,-0.47334227,0.33038488,-0.17270602,-0.01145494,0.02663544,-0.03588225,0.23729382,-0.51889545,-0.00218180,-0.13950181,0.24415883,-0.34204236,-0.12665950,0.21676600,-0.33873305,-0.13134667,0.30597082,-0.22037588,0.10487565,-0.05787803,-0.12795818
2.88877273,-0.27819288,0.81891841,-0.11860728,0.00116722,-0.98783141,0.10059864,0.04367164,0.22462153,0.35179442,0.36603594,-0.14002976,0.06226774,0.14544579,-0.19209546,-0.45402938,0.31313708,-0.15478492,0.00106910,0.01836495,-0.02594519,0.23877898,-0.46623844,0.00499814,-0.14628473,0.16594194,-0.27802664,-0.11018558,0.17663151,-0.28638542,-0.11568263,0.26444447,-0.18805292,0.09180732,-0.05284071,-0.10830607
2.88854408,-0.27834913,0.81918150,-0.11604031,0.00691841,-0.98961252,0.08458029,0.04367216,0.23791307,0.35762766,0.37203255,-0.15289080,0.06471618,0.13643757,-0.17193764,-0.43474931,0.29750317,-0.13650461,0.01421028,0.00985572,-0.01575689,0.24009740,-0.41951853,0.01218733,-0.15485117,0.09767725,-0.22075474,-0.09443419,0.13887426,-0.23915172,-0.10206991,0.22855914,-0.15739039,0.08268242,-0.04804037,-0.08896925
2.88825178,-0.27965060,0.81938326,-0.11376321,0.01217847,-0.99110413,0.06798703,0.04643825,0.24840137,0.36450198,0.37473950,-0.16701181,0.06765500,0.12698707,-0.15470117,-0.41631517,0.28433582,-0.11853410,0.02751215,0.00131245,-0.00556155,0.24114619,-0.37928224,0.01923436,-0.16396576,0.04066289,-0.17201710,-0.07999355,0.10518238,-0.19759279,-0.09063889,0.19869861,-0.12863731,0.07721831,-0.04351830,-0.07064663
2.88794851,-0.28204903,0.81952608,-0.11189358,0.01675625,-0.99225098,0.05135220,0.05170587,0.25575691,0.37215114,0.37439576,-0.18178737,0.07093299,0.11709642,-0.14107756,-0.39950821,0.27442849,-0.10150408,0.04051689,-0.00709301,0.00438064,0.24179175,-0.34469366,0.02591308,-0.17201278,-0.00455242,-0.13257471,-0.06711125,0.07665968,-0.16155916,-0.08110392,0.17427975,-0.10145938,0.07470161,-0.03922296,-0.05391830
2.88769889,-0.28545254,0.81961071,-0.11052360,0.02049227,-0.99303681,0.03524882,0.05911006,0.25970513,0.38024205,0.37132913,-0.19658212,0.07436805,0.10674704,-0.13167351,-0.38501221,0.26842958,-0.08596867,0.05279383,-0.01522636,0.01379189,0.24186736,-0.31380761,0.03192027,-0.17720830,-0.03811060,-0.10221916,-0.05571976,0.05377936,-0.13034892,-0.07287183,0.15390635,-0.07516019,0.07413328,-0.03504784,-0.03926195
2.88757181,-0.28973064,0.81963545,-0.10971154,0.02326782,-0.99348444,0.02026481,0.06820936,0.26004657,0.38838348,0.36591962,-0.21078040,0.07775738,0.09593504,-0.12695397,-0.37335113,0.26675406,-0.07236991,0.06396586,-0.02299493,0.02237826,0.24117558,-0.28416395,0.03689185,-0.17793852,-0.06073106,-0.08001417,-0.04554015,0.03644896,-0.10306895,-0.06525669,0.13570565,-0.04899295,0.07441828,-0.03089820,-0.02713943
2.88763142,-0.29472059,0.81959593,-0.10947610,0.02501020,-0.99365026,0.00697253,0.07851095,0.25668377,0.39614120,0.35856608,-0.22382626,0.08088817,0.08470570,-0.12718511,-0.36483845,0.26950991,-0.06100906,0.07373286,-0.03034979,0.02983371,0.23949485,-0.25357199,0.04043585,-0.17316604,-0.07357565,-0.06466025,-0.03623459,0.02415782,-0.07913089,-0.05776677,0.11778671,-0.02249438,0.07454994,-0.02676386,-0.01812169
2.88792944,-0.30023527,0.81948745,-0.10979519,0.02569391,-0.99361360,-0.00410294,0.08949994,0.24964736,0.40306008,0.34965599,-0.23525284,0.08354834,0.07318504,-0.13238904,-0.35955104,0.27645773,-0.05203226,0.08188786,-0.03728527,0.03584723,0.23659109,-0.22088480,0.04217661,-0.16281432,-0.07811630,-0.05490202,-0.02756746,0.01616621,-0.05876577,-0.05040556,0.09872383,0.00425531,0.07374641,-0.02277529,-0.01301110
2.88849640,-0.30607167,0.81930691,-0.11060897,0.02533790,-0.99346220,-0.01251430,0.10067381,0.23911375,0.40869412,0.33953837,-0.24469830,0.08553813,0.06160119,-0.14232244,-0.35733381,0.28701812,-0.04543553,0.08832350,-0.04383440,0.04011447,0.23223385,-0.18656731,0.04180325,-0.14802849,-0.07601866,-0.04989219,-0.01953481,0.01169339,-0.04342103,-0.04391509,0.07796198,0.03051682,0.07151055,-0.01921998,-0.01291391
2.88933468,-0.31201988,0.81905586,-0.11182740,0.02399967,-0.99327618,-0.01791756,0.11158021,0.22540919,0.41264176,0.32850268,-0.25191036,0.08668179,0.05029317,-0.15648617,-0.35783941,0.30033097,-0.04108983,0.09302770,-0.05005971,0.04235136,0.22621763,-0.15290439,0.03911663,-0.13123018,-0.06904072,-0.04943025,-0.01242918,0.01006031,-0.03592467,-0.03988689,0.05605441,0.05495138,0.06760615,-0.01651219,-0.01921937
2.89041567,-0.31787223,0.81874269,-0.11334108,0.02176787,-0.99311441,-0.02009129,0.12185369,0.20899740,0.41458079,0.31676579,-0.25674149,0.08683880,0.03970293,-0.17416587,-0.36059734,0.31535926,-0.03878243,0.09606986,-0.05604023,0.04231298,0.21838382,-0.12377512,0.03406448,-0.11591399,-0.05893802,-0.05403066,-0.00682577,0.01076773,-0.04032934,-0.04069445,0.03468007,0.07583512,0.06196508,-0.01511720,-0.03346550
2.89167929,-0.32343191,0.81838369,-0.11503431,0.01875425,-0.99300367,-0.01894874,0.13124488,0.19045310,0.41429892,0.30447218,-0.25913939,0.08591401,0.03035051,-0.19449760,-0.36510023,0.33102077,-0.03826764,0.09757937,-0.06185507,0.03981486,0.20864339,-0.10402381,0.02676263,-0.10619676,-0.04736874,-0.06480014,-0.00349212,0.01349932,-0.06142622,-0.04922611,0.01643318,0.09137192,0.05456430,-0.01545002,-0.05709693
2.89303875,-0.32852060,0.81800216,-0.11679859,0.01508641,-0.99293447,-0.01454369,0.13963473,0.17042704,0.41171440,0.29171076,-0.25913569,0.08386432,0.02279361,-0.21654449,-0.37088969,0.34631991,-0.03931569,0.09772179,-0.06756550,0.03475733,0.19699669,-0.09855402,0.01749954,-0.10618371,-0.03579848,-0.08315355,-0.00324288,0.01806150,-0.10399014,-0.06844756,0.00442085,0.10002284,0.04531559,-0.01777261,-0.09115040
2.89438844,-0.33298448,0.81762701,-0.11854486,0.01090187,-0.99286366,-0.00707004,0.14702991,0.14960936,0.40688503,0.27854714,-0.25683460,0.08070162,0.01757578,-0.23937139,-0.37762266,0.36045587,-0.04174940,0.09667625,-0.07319853,0.02714972,0.18354899,-0.11128938,0.00671002,-0.11924571,-0.02540933,-0.11040252,-0.00676189,0.02427672,-0.17181867,-0.10083070,0.00172171,0.10078472,0.03401107,-0.02211353,-0.13591263
2.89561653,-0.33669862,0.81728888,-0.12021276,0.00634343,-0.99272287,0.00314461,0.15353848,0.12869619,0.40000290,0.26506677,-0.25240386,0.07649058,0.01516967,-0.26210505,-0.38510486,0.37288725,-0.04546149,0.09461868,-0.07873344,0.01713137,0.16851816,-0.14439857,-0.00500968,-0.14742482,-0.01705015,-0.14739341,-0.01446934,0.03189354,-0.26700282,-0.14790106,0.01090828,0.09332547,0.02032548,-0.02824718,-0.19070682
2.89661598,-0.33956897,0.81701720,-0.12177578,0.00155571,-0.99243301,0.01565082,0.15933116,0.10836414,0.39137998,0.25142017,-0.24606591,0.07134155,0.01592274,-0.28397274,-0.39328432,0.38334522,-0.05040895,0.09171285,-0.08409379,0.00498550,0.15223382,-0.19767630,-0.01695216,-0.19097221,-0.01120754,-0.19413817,-0.02639830,0.04049599,-0.38917738,-0.20977491,0.03355867,0.07802421,0.00391160,-0.03571166,-0.25374165
2.89729810,-0.34153244,0.81683606,-0.12324186,-0.00331751,-0.99192071,0.02989527,0.16459550,0.08925391,0.38142672,0.23786104,-0.23808815,0.06539935,0.02001301,-0.30431807,-0.40220782,0.39180082,-0.05658794,0.08810908,-0.08914666,-0.00885818,0.13512573,-0.26845223,-0.02831876,-0.24822211,-0.00803680,-0.24964467,-0.04216053,0.04947858,-0.53527355,-0.28499004,0.06998888,0.05587684,-0.01546971,-0.04388245,-0.32218483
2.89760065,-0.34255522,0.81676257,-0.12464937,-0.00813584,-0.99113536,0.04524440,0.16949205,0.07196187,0.37062907,0.22476758,-0.22877030,0.05882889,0.02742115,-0.32259798,-0.41195187,0.39839906,-0.06399536,0.08394922,-0.09371039,-0.02383596,0.11770109,-0.35193586,-0.03824855,-0.31578141,-0.00743442,-0.31193173,-0.06098181,0.05808182,-0.69967335,-0.37058461,0.11918122,0.02833074,-0.03780614,-0.05207445,-0.39241600
2.89749479,-0.34262976,0.81680524,-0.12605941,-0.01276465,-0.99006236,0.06101363,0.17412162,0.05703674,0.35952604,0.21264239,-0.21842830,0.05179980,0.03792411,-0.33836833,-0.42254528,0.40337887,-0.07258841,0.07937481,-0.09757125,-0.03927816,0.10051005,-0.44192481,-0.04585655,-0.38899103,-0.00913541,-0.37822443,-0.08179963,0.06548311,-0.87475747,-0.46241912,0.17891318,-0.00290730,-0.06271972,-0.05964828,-0.46042237
2.89698529,-0.34177110,0.81696427,-0.12754576,-0.01707759,-0.98873055,0.07650062,0.17850789,0.04497746,0.34868711,0.20208837,-0.20737506,0.04447112,0.05111076,-0.35126519,-0.43390054,0.40699640,-0.08225127,0.07453559,-0.10050884,-0.05445152,0.08410221,-0.53173447,-0.05027507,-0.46256566,-0.01281270,-0.44528154,-0.10340361,0.07093123,-1.05174196,-0.55567765,0.24604517,-0.03605237,-0.08941965,-0.06609979,-0.52227098
2.89610744,-0.34001338,0.81723279,-0.12918356,-0.02095900,-0.98721206,0.09102006,0.18259652,0.03623036,0.33868891,0.19376722,-0.19590078,0.03697900,0.06641739,-0.36098859,-0.44576839,0.40946493,-0.09277761,0.06959533,-0.10232655,-0.06861127,0.06897823,-0.61511493,-0.05072517,-0.53126347,-0.01814362,-0.50976598,-0.12458163,0.07388350,-1.22159731,-0.64541584,0.31688949,-0.06938859,-0.11673094,-0.07111122,-0.57455027
2.89492035,-0.33740658,0.81759858,-0.13103816,-0.02430625,-0.98561406,0.10393829,0.18627301,0.03117912,0.33009002,0.18833935,-0.18425459,0.02942891,0.08318182,-0.36729383,-0.45772552,0.41091385,-0.10386930,0.06473427,-0.10288382,-0.08105563,0.05554104,-0.68686420,-0.04662472,-0.59042168,-0.02484600,-0.56853563,-0.14422467,0.07407467,-1.37579870,-0.72701424,0.38752893,-0.10133801,-0.14320976,-0.07454723,-0.61466753
2.89349675,-0.33401468,0.81804597,-0.13315541,-0.02703138,-0.98406404,0.11470354,0.18938404,0.03013274,0.32339785,0.18640558,-0.17263275,0.02189277,0.10070303,-0.36998707,-0.46919471,0.41136894,-0.11515249,0.06014748,-0.10212316,-0.09117514,0.04405386,-0.74338222,-0.03765937,-0.63639230,-0.03264143,-0.61891186,-0.16143358,0.07161255,-1.50703156,-0.79657125,0.45418316,-0.13055275,-0.16729301,-0.07643889,-0.64105833
2.89191484,-0.32991430,0.81855756,-0.13555375,-0.02906278,-0.98269194,0.12287030,0.19176790,0.03330484,0.31903276,0.18844455,-0.16117629,0.01441288,0.11830370,-0.36892906,-0.47949255,0.41074744,-0.12620351,0.05603983,-0.10008729,-0.09849049,0.03461192,-0.78266931,-0.02388121,-0.66669589,-0.04122217,-0.65873182,-0.17553385,0.06693372,-1.60947418,-0.85105163,0.51338059,-0.15591355,-0.18749608,-0.07691982,-0.65316480
2.89024854,-0.32519487,0.81911516,-0.13821904,-0.03034644,-0.98161137,0.12811579,0.19328408,0.04078870,0.31729031,0.19475734,-0.14997897,0.00701174,0.13538554,-0.36404362,-0.48789686,0.40886483,-0.13657899,0.05261846,-0.09691676,-0.10267089,0.02713289,-0.80420780,-0.00576215,-0.68004602,-0.05018099,-0.68637294,-0.18608323,0.06074376,-1.67895603,-0.88833416,0.56213433,-0.17655738,-0.20257415,-0.07617151,-0.65131754
2.88856244,-0.31995890,0.81970066,-0.14110240,-0.03084715,-0.98090470,0.13024783,0.19383688,0.05253151,0.31830567,0.20542525,-0.13910550,-0.00029382,0.15146993,-0.35532910,-0.49372247,0.40545061,-0.14584258,0.05008324,-0.09283292,-0.10353306,0.02137130,-0.80868363,0.01581643,-0.67626041,-0.05898160,-0.70071185,-0.19285236,0.05391541,-1.71297884,-0.90718114,0.59805846,-0.19189815,-0.21165559,-0.07438208,-0.63654226
2.88690734,-0.31432256,0.82029593,-0.14412171,-0.03055012,-0.98061305,0.12920415,0.19339401,0.06831011,0.32203013,0.22028053,-0.12861691,-0.00747616,0.16621931,-0.34287298,-0.49639198,0.40017608,-0.15358680,0.04861625,-0.08810315,-0.10102418,0.01695409,-0.79766488,0.03965393,-0.65612030,-0.06698200,-0.70107472,-0.19579351,0.04736829,-1.71069813,-0.90719378,0.61944270,-0.20162514,-0.21432365,-0.07172491,-0.61036432
2.88532209,-0.30841544,0.82088286,-0.14716707,-0.02946286,-0.98073322,0.12504458,0.19199365,0.08771793,0.32822180,0.23890002,-0.11860009,-0.01448097,0.17943807,-0.32686368,-0.49549523,0.39268968,-0.15944692,0.04837120,-0.08299592,-0.09519331,0.01343518,-0.77346921,0.06441424,-0.62128305,-0.07351106,-0.68727762,-0.19504312,0.04198881,-1.67302454,-0.88884938,0.62539279,-0.20573717,-0.21062829,-0.06837654,-0.57467687
2.88383460,-0.30237952,0.82144326,-0.15010984,-0.02761693,-0.98122126,0.11793713,0.18975146,0.11015873,0.33646178,0.26061144,-0.10919251,-0.02121465,0.19105379,-0.30760878,-0.49083266,0.38267386,-0.16311446,0.04946103,-0.07773321,-0.08616188,0.01036330,-0.73913032,0.08888437,-0.57420599,-0.07799579,-0.65970963,-0.19093630,0.03859084,-1.60277152,-0.85359991,0.61595434,-0.20455451,-0.20105268,-0.06455241,-0.53167582
2.88246655,-0.29636624,0.82195872,-0.15281537,-0.02506926,-0.98200035,0.10814018,0.18685228,0.13486268,0.34618559,0.28453127,-0.10060011,-0.02753831,0.20108335,-0.28554374,-0.48243618,0.36990815,-0.16434801,0.05194701,-0.07245217,-0.07409768,0.00735215,-0.69856977,0.11227463,-0.51813632,-0.08011380,-0.61947489,-0.18404828,0.03794660,-1.50483537,-0.80401516,0.59225619,-0.19873714,-0.18641490,-0.06056319,-0.48386756
2.88123822,-0.29053250,0.82241100,-0.15515743,-0.02190239,-0.98297185,0.09598324,0.18353821,0.16091822,0.35673487,0.30962032,-0.09310048,-0.03326935,0.20959070,-0.26123732,-0.47057223,0.35434079,-0.16298854,0.05582871,-0.06718379,-0.05919982,0.00414366,-0.65671694,0.13448404,-0.45703754,-0.07992624,-0.56847322,-0.17521386,0.04084267,-1.38621521,-0.74385178,0.55654037,-0.18925631,-0.16775469,-0.05685643,-0.43408084
2.88017297,-0.28503487,0.82278246,-0.15703340,-0.01822298,-0.98402703,0.08184889,0.18008950,0.18732107,0.36741635,0.33475935,-0.08702978,-0.03819097,0.21664461,-0.23538756,-0.45572737,0.33615395,-0.15897818,0.06103588,-0.06185209,-0.04169989,0.00065718,-0.61951584,0.15626511,-0.39543861,-0.07794851,-0.50939083,-0.16551542,0.04814827,-1.25575781,-0.67797154,0.51206005,-0.17732549,-0.14620221,-0.05403104,-0.38543969
2.87929869,-0.28002325,0.82305723,-0.15837714,-0.01415892,-0.98505813,0.06615694,0.17680222,0.21303463,0.37756470,0.35883212,-0.08275298,-0.04206867,0.22228311,-0.20880719,-0.43858162,0.31581014,-0.15238261,0.06742342,-0.05629593,-0.02187794,-0.00298600,-0.59369624,0.17922637,-0.33816412,-0.07513127,-0.44554451,-0.15621819,0.06086320,-1.12354183,-0.61203790,0.46281758,-0.16428405,-0.12284868,-0.05281128,-0.34124842
2.87865043,-0.27563393,0.82322228,-0.15916795,-0.00985442,-0.98596787,0.04935386,0.17396219,0.23705517,0.38659564,0.38080940,-0.08062171,-0.04467258,0.22649184,-0.18239689,-0.41997328,0.29406536,-0.14340906,0.07477166,-0.05030809,-0.00008832,-0.00646722,-0.58625948,0.20564067,-0.28995749,-0.07274445,-0.38058969,-0.14864774,0.08010751,-0.99990988,-0.55198157,0.41315386,-0.15143260,-0.09862635,-0.05397633,-0.30476648
2.87826681,-0.27198333,0.82326889,-0.15943363,-0.00546425,-0.98667777,0.03190571,0.17182140,0.25847331,0.39404801,0.39981860,-0.08092492,-0.04580219,0.22919944,-0.15710916,-0.40086073,0.27194017,-0.13241653,0.08279262,-0.04368025,0.02320970,-0.00930422,-0.60362732,0.23806036,-0.25498208,-0.07217305,-0.31809610,-0.14401099,0.10701841,-0.89423370,-0.50327295,0.36721629,-0.13984703,-0.07424134,-0.05824284,-0.27887198
2.87818933,-0.26916221,0.82319385,-0.15924691,-0.00114725,-0.98713458,0.01429471,0.17057647,0.27652377,0.39960557,0.41519302,-0.08384132,-0.04531166,0.23029093,-0.13390535,-0.38228336,0.25064728,-0.11990906,0.09114321,-0.03624628,0.04742584,-0.01091130,-0.65073299,0.27881768,-0.23637140,-0.07467900,-0.26114362,-0.14321528,0.14258680,-0.81371558,-0.47018063,0.32846487,-0.13020925,-0.05013375,-0.06613840,-0.26570144
2.87845564,-0.26723155,0.82300049,-0.15871547,0.00294000,-0.98731554,-0.00298338,0.17035300,0.29061902,0.40310174,0.42649305,-0.08940095,-0.04313080,0.22963524,-0.11370996,-0.36532053,0.23148309,-0.10651101,0.09944470,-0.02791024,0.07182708,-0.01067966,-0.73006058,0.32949325,-0.23579231,-0.08116411,-0.21193242,-0.14669889,0.18742716,-0.76235282,-0.45509624,0.29925179,-0.12269360,-0.02651102,-0.07786517,-0.26626816
2.87909698,-0.26622006,0.82269865,-0.15796709,0.00664924,-0.98723096,-0.01942274,0.17119654,0.30036458,0.40450576,0.43350103,-0.09746378,-0.03928186,0.22712354,-0.09736527,-0.35104835,0.21569441,-0.09292266,0.10730836,-0.01865593,0.09554702,-0.00806534,-0.84105551,0.39048597,-0.25324735,-0.09200090,-0.17160931,-0.15434676,0.24157500,-0.74045682,-0.45816922,0.28064257,-0.11692840,-0.00340040,-0.09321514,-0.28024393
2.88013148,-0.26612288,0.82230443,-0.15713178,0.00984579,-0.98692524,-0.03451377,0.17306943,0.30555663,0.40389502,0.43619478,-0.10771728,-0.03388828,0.22270985,-0.08559012,-0.34049034,0.20434053,-0.07986001,0.11436456,-0.00853470,0.11762141,-0.00267164,-0.97994310,0.46077639,-0.28707278,-0.10695855,-0.14027092,-0.16549841,0.30433708,-0.74475443,-0.47729772,0.27246675,-0.11206813,0.01925842,-0.11154086,-0.30590200
2.88156247,-0.26690245,0.82183850,-0.15632391,0.01241308,-0.98647273,-0.04775320,0.17585410,0.30616668,0.40141925,0.43470651,-0.11969385,-0.02717403,0.21644706,-0.07894336,-0.33455870,0.19817205,-0.06798802,0.12029199,0.00236202,0.13704963,0.00568526,-1.14003706,0.53794587,-0.33414519,-0.12523846,-0.11713487,-0.17905213,0.37424695,-0.76905292,-0.50847781,0.27358469,-0.10695799,0.04151278,-0.13179487,-0.34024894
2.88337445,-0.26849043,0.82132399,-0.15562648,0.01425668,-0.98596984,-0.05865676,0.17936032,0.30231756,0.39725900,0.42927849,-0.13280416,-0.01945345,0.20851131,-0.07779454,-0.33398795,0.19754721,-0.05785555,0.12484337,0.01393736,0.15287696,0.01693950,-1.31255138,0.61845350,-0.39029634,-0.14560992,-0.10085991,-0.19365251,0.44915259,-0.80538034,-0.54647565,0.28231278,-0.10035771,0.06331285,-0.15263961,-0.37936479
2.88553405,-0.27079129,0.82078403,-0.15508066,0.01530764,-0.98552364,-0.06677394,0.18333675,0.29425707,0.39158660,0.42022240,-0.14638211,-0.01111167,0.19921099,-0.08230110,-0.33926535,0.20239657,-0.04984445,0.12786379,0.02611801,0.16428559,0.03077192,-1.48772359,0.69811344,-0.45083421,-0.16660988,-0.08990164,-0.20791474,0.52642798,-0.84530741,-0.58564973,0.29688168,-0.09117680,0.08446582,-0.17260571,-0.41886753
2.88799047,-0.27368638,0.82023901,-0.15468143,0.01552500,-0.98523670,-0.07170325,0.18748651,0.28233230,0.38453639,0.40788907,-0.15973456,-0.00257619,0.18897572,-0.09239612,-0.35056552,0.21224779,-0.04414156,0.12929775,0.03886888,0.17068076,0.04664084,-1.65605211,0.77266473,-0.51109904,-0.18676502,-0.08284518,-0.22064012,0.60326719,-0.88122612,-0.62078226,0.31582892,-0.07867298,0.10463451,-0.19027206,-0.45445162
2.89067864,-0.27703935,0.81970423,-0.15437989,0.01489734,-0.98519045,-0.07310686,0.19148652,0.26696736,0.37618834,0.39264959,-0.17219092,0.00571772,0.17832670,-0.10778759,-0.36770195,0.22630449,-0.04073934,0.12918325,0.05218727,0.17175709,0.06384104,-1.80938542,0.83832115,-0.56694126,-0.20478916,-0.07861798,-0.23097552,0.67700189,-0.90730500,-0.64773977,0.33823258,-0.06257721,0.12337841,-0.20443153,-0.48237726
2.89352322,-0.28070155,0.81918842,-0.15409221,0.01344288,-0.98543030,-0.07072465,0.19501156,0.24864447,0.36656883,0.37488723,-0.18314867,0.01336464,0.16783176,-0.12797257,-0.39010608,0.24356806,-0.03946659,0.12763394,0.06607765,0.16753174,0.08158195,-1.94168425,0.89218438,-0.61506110,-0.21973410,-0.07658383,-0.23849450,0.74537611,-0.92000103,-0.66386855,0.36375898,-0.04312991,0.14022478,-0.21421638,-0.49984264
2.89644408,-0.28451806,0.81869209,-0.15371346,0.01120779,-0.98595166,-0.06438790,0.19776134,0.22788861,0.35566923,0.35499930,-0.19211215,0.02002560,0.15805067,-0.15226737,-0.41684502,0.26298317,-0.04004372,0.12481125,0.08051355,0.15833922,0.09907372,-2.04936457,0.93247098,-0.65318304,-0.23106512,-0.07650942,-0.24319164,0.80673432,-0.91810739,-0.66809493,0.39254352,-0.02103194,0.15475497,-0.21916644,-0.50519544
2.89936161,-0.28833348,0.81820804,-0.15313436,0.00826260,-0.98669243,-0.05403266,0.19948781,0.20525330,0.34347713,0.33340430,-0.19872230,0.02545788,0.14947796,-0.17985316,-0.44667974,0.28358191,-0.04215235,0.12089238,0.09539859,0.14478785,0.11560842,-2.13122225,0.95852953,-0.68006533,-0.23866841,-0.07845311,-0.24540898,0.86009467,-0.90242255,-0.66076714,0.42496520,0.00266457,0.16668324,-0.21923703,-0.49797067
2.90220046,-0.29199734,0.81772131,-0.15225877,0.00469713,-0.98753124,-0.03971415,0.20002078,0.18130629,0.33001518,0.31055051,-0.20277748,0.02953505,0.14249238,-0.20983106,-0.47815850,0.30459952,-0.04550457,0.11604138,0.11053815,0.12768736,0.13062696,-2.18802738,0.97068357,-0.69537950,-0.24280150,-0.08262302,-0.24572232,0.90510827,-0.87518746,-0.64332211,0.46139106,0.02669515,0.17591216,-0.21475424,-0.47877741
2.90489531,-0.29536900,0.81721097,-0.15101925,0.00061435,-0.98829418,-0.02162017,0.19928217,0.15662359,0.31538489,0.28692961,-0.20424005,0.03225194,0.13732038,-0.24128184,-0.50974280,0.32554412,-0.04990035,0.11038437,0.12562904,0.10796303,0.14376733,-2.22192502,0.96995264,-0.69951105,-0.24400632,-0.08925977,-0.24481928,0.94192272,-0.83945447,-0.61787689,0.50196165,0.04972138,0.18255123,-0.20633335,-0.44908032
2.90739393,-0.29832140,0.81665218,-0.14938891,-0.00387553,-0.98877090,-0.00008233,0.19729146,0.13177860,0.29979393,0.26308304,-0.20322989,0.03371368,0.13401693,-0.27331847,-0.53993559,0.34620756,-0.05525833,0.10400070,0.14027326,0.08656745,0.15488394,-2.23578906,0.95773691,-0.69333804,-0.24300100,-0.09855998,-0.24339330,0.97099406,-0.79852337,-0.58683503,0.54646301,0.07045034,0.18689966,-0.19478017,-0.41092730
2.90965796,-0.30074394,0.81601918,-0.14738764,-0.00865996,-0.98873943,0.02441810,0.19415668,0.10733761,0.28357199,0.23960365,-0.20000573,0.03411141,0.13247027,-0.30512375,-0.56740421,0.36661318,-0.06161300,0.09692767,0.15401106,0.06440804,0.16404225,-2.23265815,0.93553466,-0.67803812,-0.24056774,-0.11065295,-0.24206556,0.99288684,-0.75552106,-0.55256796,0.59429830,0.08772812,0.18940043,-0.18099192,-0.36667159
2.91166496,-0.30254394,0.81528878,-0.14508253,-0.01362695,-0.98799717,0.05125346,0.19005072,0.08386427,0.26717186,0.21713765,-0.19492760,0.03368615,0.13242447,-0.33597013,-0.59108162,0.38692704,-0.06908662,0.08917295,0.16636230,0.04229521,0.17149338,-2.21531034,0.90472281,-0.65495533,-0.23743920,-0.12562397,-0.24133781,1.00808978,-0.71315551,-0.51719701,0.64455104,0.10060944,0.19057216,-0.16586922,-0.31872550
2.91340613,-0.30364731,0.81444454,-0.14258216,-0.01866544,-0.98639518,0.07966539,0.18518215,0.06191689,0.25114468,0.19636525,-0.18842077,0.03269182,0.13352321,-0.36521426,-0.61022294,0.40732744,-0.07782621,0.08074367,0.17687401,0.02091717,0.17762387,-2.18604636,0.86646223,-0.62553078,-0.23420839,-0.14354412,-0.24157056,1.01690078,-0.67360878,-0.48247454,0.69609892,0.10841187,0.19094492,-0.15024832,-0.26936084
2.91488457,-0.30399841,0.81348079,-0.14002632,-0.02366360,-0.98386812,0.10879426,0.17976022,0.04206027,0.23611276,0.17798796,-0.18092504,0.03135899,0.13535783,-0.39227855,-0.62442982,0.42789435,-0.08794151,0.07166845,0.18515068,0.00083259,0.18290080,-2.14661264,0.82168299,-0.59130681,-0.23123038,-0.16449720,-0.24296945,1.01935661,-0.63854039,-0.44974035,0.74775785,0.11075931,0.19100003,-0.13485140,-0.22056881
2.91611242,-0.30355972,0.81240535,-0.13757221,-0.02850573,-0.98045617,0.13772075,0.17396472,0.02486759,0.22272663,0.16270094,-0.17285278,0.02986871,0.13751936,-0.41662177,-0.63362980,0.44851598,-0.09944037,0.06202070,0.19087359,-0.01752190,0.18780872,-2.09829402,0.77117199,-0.55397314,-0.22855347,-0.18858364,-0.24558254,1.01524627,-0.60916984,-0.41994616,0.79842299,0.10760985,0.19113213,-0.12025907,-0.17397936
2.91710663,-0.30231166,0.81124198,-0.13537975,-0.03306912,-0.97631121,0.16551507,0.16792533,0.01091754,0.21162048,0.15116274,-0.16455449,0.02833939,0.13964394,-0.43771145,-0.63802314,0.46883988,-0.11218140,0.05193290,0.19380307,-0.03381932,0.19279215,-2.04198837,0.71567458,-0.51538092,-0.22586094,-0.21584067,-0.24927552,1.00416327,-0.58623868,-0.39363149,0.84712452,0.09928682,0.19164801,-0.10688862,-0.13078317
2.91788507,-0.30025318,0.81002957,-0.13359727,-0.03722272,-0.97168690,0.19128746,0.16171412,0.00077868,0.20336679,0.14396030,-0.15629977,0.02682689,0.14144534,-0.45500809,-0.63800728,0.48827574,-0.12585352,0.04160129,0.19376989,-0.04783203,0.19820724,-1.97847307,0.65606856,-0.47760123,-0.22246692,-0.24621676,-0.25374895,0.98562998,-0.57020515,-0.37104657,0.89314103,0.08644661,0.19276848,-0.09500200,-0.09176731
2.91846371,-0.29740325,0.80881977,-0.13234939,-0.04082840,-0.96691316,0.21423276,0.15535244,-0.00502012,0.19843523,0.14157183,-0.14827316,0.02533561,0.14273211,-0.46796757,-0.63409060,0.50604421,-0.13998538,0.03128132,0.19066231,-0.05942623,0.20428897,-1.90852487,0.59346426,-0.44287291,-0.21734001,-0.27946547,-0.25853524,0.95922190,-0.56122988,-0.35217220,0.93599355,0.07004163,0.19466338,-0.08471289,-0.05731999
2.91885448,-0.29380304,0.80767179,-0.13172759,-0.04374557,-0.96235925,0.23366416,0.14882766,-0.00603185,0.19715565,0.14433217,-0.14058489,0.02383677,0.14340840,-0.47606450,-0.62680912,0.52126205,-0.15398128,0.02127452,0.18441686,-0.06856086,0.21113630,-1.83303857,0.52926111,-0.41350508,-0.20918517,-0.31508201,-0.26302353,0.92469388,-0.55921477,-0.33677769,0.97543311,0.05123708,0.19748664,-0.07600541,-0.02747858
2.91906357,-0.28951842,0.80664629,-0.13178365,-0.04583900,-0.95839155,0.24903317,0.14211699,-0.00194215,0.19969109,0.15240012,-0.13329229,0.02228880,0.14346139,-0.47883359,-0.61665606,0.53304452,-0.16717806,0.01191006,0.17501763,-0.07528771,0.21871449,-1.75308263,0.46512735,-0.39172229,-0.19657518,-0.35228324,-0.26650783,0.88208127,-0.56383842,-0.32448199,1.01140678,0.03129818,0.20140389,-0.06876113,-0.00199725
2.91909051,-0.28464195,0.80579829,-0.13252577,-0.04698868,-0.95533329,0.25993702,0.13521166,0.00738192,0.20602307,0.16573505,-0.12642653,0.02065667,0.14294043,-0.47592169,-0.60403359,0.54060841,-0.17891161,0.00352234,0.16250530,-0.07974717,0.22687343,-1.66987848,0.40289524,-0.37946665,-0.17812233,-0.39004698,-0.26825571,0.83175343,-0.57458133,-0.31480879,1.04400945,0.01146395,0.20660530,-0.06278837,0.01958066
2.91892934,-0.27929336,0.80517054,-0.13391732,-0.04710044,-0.95343059,0.26611617,0.12813620,0.02185289,0.21595104,0.18408348,-0.12001958,0.01892611,0.14193280,-0.46714124,-0.58923078,0.54335892,-0.18858244,-0.00357293,0.14699258,-0.08215576,0.23537743,-1.58475494,0.34440681,-0.37820253,-0.15267110,-0.42721668,-0.26759529,0.77442420,-0.59077632,-0.30725151,1.07343936,-0.00717858,0.21329941,-0.05785527,0.03783868
2.91856980,-0.27361813,0.80478925,-0.13587768,-0.04611546,-0.95282912,0.26744580,0.12095916,0.04114422,0.22910799,0.20698084,-0.11412732,0.01711308,0.14054137,-0.45251402,-0.57242817,0.54094934,-0.19571085,-0.00910240,0.12868093,-0.08278286,0.24394126,-1.49907613,0.29133293,-0.38875499,-0.11948177,-0.46265402,-0.26400489,0.71111619,-0.61166584,-0.30133584,1.09996009,-0.02379797,0.22169136,-0.05372170,0.05340648
2.91799808,-0.26778331,0.80466169,-0.13828629,-0.04401740,-0.95356333,0.26392496,0.11379530,0.06469578,0.24499232,0.23376778,-0.10884632,0.01526805,0.13886619,-0.43229738,-0.55372494,0.53330892,-0.19997393,-0.01285619,0.10787242,-0.08191804,0.25226748,-1.41407776,0.24496427,-0.41118178,-0.07836521,-0.49539301,-0.25717404,0.64306211,-0.63639164,-0.29662639,1.12384140,-0.03787636,0.23195082,-0.05015640,0.06692047
2.91720033,-0.26197085,0.80477661,-0.14098953,-0.04083611,-0.95555711,0.25566590,0.10680132,0.09174302,0.26301229,0.26362032,-0.10432402,0.01347761,0.13699181,-0.40698886,-0.53318113,0.52064037,-0.20121977,-0.01470372,0.08497206,-0.07983346,0.26007932,-1.33082223,0.20610161,-0.44475865,-0.02976526,-0.52479112,-0.24705300,0.57162160,-0.66406280,-0.29277474,1.14533794,-0.04923518,0.24418016,-0.04695737,0.07896435
2.91616297,-0.25636914,0.80510712,-0.14381124,-0.03664725,-0.95863575,0.24288435,0.10016736,0.12136558,0.28253764,0.29559115,-0.10076185,0.01186326,0.13497865,-0.37730831,-0.51086515,0.50339454,-0.19945991,-0.01460190,0.06047586,-0.07675058,0.26714548,-1.25015140,0.17500743,-0.48804322,0.02523839,-0.55061644,-0.23385660,0.49819160,-0.69378036,-0.28952998,1.16465545,-0.05801807,0.25839686,-0.04396041,0.09004307
2.91487694,-0.25116345,0.80561477,-0.14656624,-0.03156833,-0.96254623,0.22589073,0.09410954,0.15254535,0.30295232,0.32865635,-0.09841245,0.01057839,0.13285726,-0.34416148,-0.48689768,0.48222759,-0.19484465,-0.01259445,0.03494922,-0.07281518,0.27329361,-1.17268431,0.15144677,-0.53900880,0.08500773,-0.57306290,-0.21803355,0.42413452,-0.72466052,-0.28674284,1.18192673,-0.06463643,0.27453533,-0.04104074,0.10056813
2.91333723,-0.24652679,0.80625457,-0.14907636,-0.02575144,-0.96698236,0.20508100,0.08886412,0.18422602,0.32370090,0.36176422,-0.09756885,0.00980190,0.13062318,-0.30859062,-0.46148926,0.45794982,-0.18762572,-0.00880211,0.00899533,-0.06808722,0.27841586,-1.09884942,0.13480729,-0.59523070,0.14748600,-0.59268671,-0.20020495,0.35073632,-0.75585473,-0.28436700,1.19719005,-0.06970227,0.29244983,-0.03811285,0.11084592
2.91154599,-0.24261180,0.80697966,-0.15118662,-0.01937415,-0.97161341,0.18092728,0.08468485,0.21536550,0.34432489,0.39388102,-0.09854501,0.00972745,0.12823011,-0.27172148,-0.43496582,0.43147880,-0.17811710,-0.00340649,-0.01678472,-0.06254781,0.28246558,-1.02894509,0.12426593,-0.65410209,0.21038127,-0.61027867,-0.18108223,0.27919155,-0.78655404,-0.28244936,1.21036184,-0.07394516,0.31193984,-0.03512933,0.12106653
2.90951133,-0.23954493,0.80774570,-0.15278049,-0.01262997,-0.97611088,0.15396811,0.08184218,0.24497721,0.36448827,0.42402974,-0.10164699,0.01054812,0.12558250,-0.23471366,-0.40778625,0.40379807,-0.16666096,0.00336798,-0.04183288,-0.05612281,0.28545192,-0.96320045,0.11896235,-0.71304363,0.27136737,-0.62670255,-0.16138394,0.21060385,-0.81599402,-0.28112230,1.22121847,-0.07813212,0.33277142,-0.03208234,0.13128605
2.90724802,-0.23742296,0.80851358,-0.15379082,-0.00571952,-0.98017389,0.12479881,0.08062061,0.27215970,0.38399142,0.45132026,-0.10713428,0.01243514,0.12252866,-0.19871898,-0.38055292,0.37592307,-0.15360457,0.01127020,-0.06567319,-0.04872005,0.28743380,-0.90182197,0.11814108,-0.76968557,0.32827702,-0.64273340,-0.14176489,0.14599067,-0.84345376,-0.28059486,1.22938335,-0.08299384,0.35469002,-0.02901027,0.14139953
2.90477514,-0.23631144,0.80925244,-0.15420590,0.00115681,-0.98355043,0.09406263,0.08131070,0.29611674,0.40277207,0.47497192,-0.11517540,0.01551287,0.11885823,-0.16484824,-0.35401243,0.34886819,-0.13928819,0.02003400,-0.08794498,-0.04027214,0.28851765,-0.84501368,0.12123622,-0.82200634,0.37926549,-0.65892243,-0.12276939,0.08628353,-0.86825061,-0.28114232,1.23432195,-0.08915873,0.37741867,-0.02600919,0.15110418
2.90211511,-0.23624486,0.80994034,-0.15406846,0.00780456,-0.98605424,0.06244227,0.08419265,0.31617072,0.42089611,0.49432719,-0.12580308,0.01983217,0.11430741,-0.13414405,-0.32904422,0.32360679,-0.12404102,0.02938557,-0.10842631,-0.03077706,0.28885695,-0.79296970,0.12788856,-0.86842155,0.42292899,-0.67550951,-0.10481316,0.03231925,-0.88972902,-0.28309116,1.23534977,-0.09709285,0.40063965,-0.02324705,0.15985687
2.89929175,-0.23722740,0.81056517,-0.15346812,0.01403954,-0.98757827,0.03065149,0.08951130,0.33177257,0.43853429,0.50885713,-0.13887706,0.02534713,0.10857583,-0.10755454,-0.30662945,0.30101797,-0.10817944,0.03904866,-0.12704246,-0.02032989,0.28865224,-0.74584663,0.13790375,-0.90782255,0.45837021,-0.69239038,-0.08819360,-0.01517649,-0.90724468,-0.28679797,1.23165405,-0.10704798,0.42396510,-0.02097518,0.16684411
2.89632988,-0.23923405,0.81112438,-0.15252826,0.01969163,-0.98810279,-0.00057631,0.09744374,0.34250927,0.45592493,0.51816094,-0.15406302,0.03190015,0.10135482,-0.08590396,-0.28779304,0.28181872,-0.09200358,0.04875020,-0.14385857,-0.00914074,0.28814739,-0.70372784,0.15117200,-0.93957335,0.48520970,-0.70913470,-0.07312080,-0.05560875,-0.92014563,-0.29262036,1.22233510,-0.11901556,0.44690380,-0.01953020,0.17097358
2.89325571,-0.24221160,0.81162405,-0.15138841,0.02460865,-0.98769706,-0.03050328,0.10806184,0.34811112,0.47332272,0.52196449,-0.17083475,0.03921980,0.09236671,-0.06985759,-0.27351668,0.26648885,-0.07578691,0.05822854,-0.15905617,0.00246599,0.28761640,-0.66659307,0.16757587,-0.96347463,0.50354898,-0.72504598,-0.05975829,-0.08853170,-0.92775625,-0.30087981,1.20646799,-0.13269110,0.46883941,-0.01932033,0.17090832
2.89009809,-0.24607970,0.81207693,-0.15018545,0.02866076,-0.98651475,-0.05840863,0.12129703,0.34845838,0.49093696,0.52011973,-0.18850155,0.04693414,0.08140945,-0.05988238,-0.26462653,0.25520691,-0.05976285,0.06724542,-0.17289287,0.01407096,0.28734046,-0.63430166,0.18691163,-0.97970855,0.51389557,-0.73924619,-0.04826133,-0.11366462,-0.92937106,-0.31181988,1.18318903,-0.14745566,0.48902580,-0.02078991,0.16516018
2.88689232,-0.25073224,0.81250018,-0.14903519,0.03174515,-0.98477888,-0.08361471,0.13691112,0.34358677,0.50886530,0.51261288,-0.20626004,0.05460022,0.06840092,-0.05620835,-0.26167056,0.24781804,-0.04411161,0.07559740,-0.18565312,0.02519512,0.28757590,-0.60659444,0.20884079,-0.98877603,0.51706409,-0.75077361,-0.03880152,-0.13090774,-0.92426556,-0.32556441,1.15180588,-0.16238272,0.50661087,-0.02436310,0.15224840
2.88368154,-0.25603965,0.81291288,-0.14801806,0.03379047,-0.98275888,-0.10551691,0.15448116,0.33369151,0.52703536,0.49958062,-0.22326237,0.06174618,0.05341408,-0.05879956,-0.26480570,0.24385434,-0.02895629,0.08312438,-0.19759427,0.03534672,0.28851676,-0.58310908,0.23287967,-0.99143070,0.51406795,-0.75867593,-0.03157188,-0.14036016,-0.91173232,-0.34208530,1.11192060,-0.17628294,0.52069092,-0.03037209,0.13091363
2.88051915,-0.26185283,0.81333351,-0.14717007,0.03476004,-0.98074079,-0.12361293,0.17340286,0.31912664,0.54516518,0.48133367,-0.23869252,0.06792142,0.03669681,-0.06734323,-0.27372074,0.24261831,-0.01437441,0.08970939,-0.20889723,0.04407152,0.29025987,-0.56340688,0.25842422,-0.98862034,0.50601560,-0.76209474,-0.02677084,-0.14234294,-0.89113796,-0.36118171,1.06356144,-0.18778375,0.53038895,-0.03898065,0.10036804
2.87746668,-0.26800817,0.81377804,-0.14648077,0.03465305,-0.97899365,-0.13752834,0.19291709,0.30039746,0.56275308,0.45837900,-0.25183865,0.07274693,0.01867149,-0.08126326,-0.28761363,0.24332242,-0.00042685,0.09527006,-0.21962841,0.05099852,0.29277891,-0.54700291,0.28480083,-0.98142976,0.49402204,-0.76033145,-0.02457076,-0.13742481,-0.86200333,-0.38247105,1.00728631,-0.19545300,0.53494477,-0.05011822,0.06053875
2.87459207,-0.27433422,0.81425869,-0.14589757,0.03350304,-0.97773826,-0.14703520,0.21215782,0.27814189,0.57910341,0.43143255,-0.26215273,0.07595894,-0.00008635,-0.09976038,-0.30523786,0.24525985,0.01279854,0.09974185,-0.22971897,0.05587332,0.29591495,-0.53339350,0.31133059,-0.97102267,0.47914147,-0.75288939,-0.02508027,-0.12643670,-0.82407576,-0.40542474,0.94427019,-0.19794026,0.53381521,-0.06344704,0.01224511
2.87196302,-0.28065893,0.81478351,-0.14533624,0.03137372,-0.97712338,-0.15206258,0.23021920,0.25310001,0.59338826,0.40141219,-0.26928830,0.07743819,-0.01888789,-0.12187480,-0.32501513,0.24796835,0.02513923,0.10306015,-0.23896177,0.05857393,0.29938594,-0.52207851,0.33739078,-0.95857763,0.46232265,-0.73950070,-0.02831076,-0.11047106,-0.77740765,-0.42938933,0.87629890,-0.19414394,0.52674639,-0.07836340,-0.04272376
2.86963987,-0.28681710,0.81535602,-0.14469519,0.02835242,-0.97721177,-0.15269783,0.24623306,0.22607215,0.60473782,0.36940446,-0.27311468,0.07722067,-0.03698244,-0.14656168,-0.34520051,0.25134072,0.03631807,0.10514766,-0.24702844,0.05910654,0.30281514,-0.51257730,0.36246502,-0.94521564,0.44438791,-0.72013217,-0.03415605,-0.09085014,-0.72240287,-0.45363420,0.80569673,-0.18335812,0.51382077,-0.09404733,-0.10167870
2.86766911,-0.29265678,0.81597561,-0.14387168,0.02454202,-0.97797966,-0.14917912,0.25944495,0.19786981,0.61234641,0.33660764,-0.27370599,0.07548787,-0.05361407,-0.17276891,-0.36407599,0.25565094,0.04592382,0.10591260,-0.25350198,0.05758358,0.30577597,-0.50443542,0.38617098,-0.93191737,0.42602843,-0.69498563,-0.04239064,-0.06905434,-0.65983236,-0.47739604,0.73516506,-0.16538575,0.49546292,-0.10955036,-0.16125514
2.86607575,-0.29804435,0.81663710,-0.14277770,0.02005248,-0.97932762,-0.14187969,0.26927724,0.16926606,0.61557686,0.30425608,-0.27130857,0.07253785,-0.06807560,-0.19950525,-0.38014123,0.26147911,0.05342216,0.10526146,-0.25791886,0.05418969,0.30784497,-0.49722609,0.40827137,-0.91944063,0.40781885,-0.66448379,-0.05268515,-0.04660940,-0.59081167,-0.49991575,0.66754633,-0.14059292,0.47240216,-0.12390749,-0.21776628
2.86486244,-0.30286792,0.81733072,-0.14135318,0.01499352,-0.98110086,-0.13128443,0.27536812,0.14095464,0.61404896,0.27354160,-0.26629391,0.06874246,-0.07975414,-0.22589086,-0.39227381,0.26954916,0.05819993,0.10312396,-0.25981608,0.04914288,0.30865562,-0.49054065,0.42865470,-0.90823865,0.39023364,-0.62926817,-0.06463722,-0.02494974,-0.51674670,-0.52046180,0.60554117,-0.10989571,0.44559965,-0.13625245,-0.26763326
2.86400867,-0.30703855,0.81804121,-0.13957497,0.00946961,-0.98311466,-0.11796104,0.27758053,0.11352619,0.60769862,0.24554476,-0.25910571,0.06449747,-0.08816471,-0.25118580,-0.39983648,0.28051484,0.05963659,0.09948377,-0.25877720,0.04266023,0.30794704,-0.48397371,0.44730508,-0.89840120,0.37367082,-0.59019208,-0.07780567,-0.00527226,-0.43925777,-0.53834134,0.55141842,-0.07467721,0.41615203,-0.14591397,-0.30781761
2.86347532,-0.31049022,0.81874752,-0.13746089,0.00357848,-0.98518008,-0.10252769,0.27597994,0.08746676,0.59680247,0.22118609,-0.25020635,0.06017190,-0.09297120,-0.27479875,-0.40272042,0.29474726,0.05719244,0.09440622,-0.25447330,0.03493467,0.30559960,-0.47710440,0.46426353,-0.88962722,0.35847580,-0.54831254,-0.09174102,0.01159455,-0.36009333,-0.55290133,0.50676435,-0.03664944,0.38518935,-0.15247680,-0.33617973
2.86321282,-0.31317842,0.81942272,-0.13506858,-0.00258626,-0.98712659,-0.08562060,0.27079034,0.06317475,0.58196074,0.20119889,-0.24003339,0.05606622,-0.09399576,-0.29627791,-0.40131855,0.31217581,0.05049846,0.08805615,-0.24669573,0.02612702,0.30165321,-0.46948048,0.47959438,-0.88124031,0.34496176,-0.50486869,-0.10600650,0.02528613,-0.28103939,-0.56353861,0.47231641,0.00232082,0.35378543,-0.15580110,-0.35170329
2.86316943,-0.31507787,0.82003427,-0.13248979,-0.00892907,-0.98881805,-0.06786463,0.26233345,0.04100364,0.56405669,0.18612762,-0.22896703,0.05238327,-0.09121764,-0.31529266,-0.39644876,0.33222249,0.03942821,0.08069424,-0.23538372,0.01637695,0.29631138,-0.46060538,0.49335530,-0.87225080,0.33342198,-0.46124876,-0.12018820,0.03593640,-0.20385300,-0.56969190,0.44788304,0.04038283,0.32288089,-0.15599573,-0.35454583
2.86329985,-0.31618059,0.82054579,-0.12984109,-0.01534419,-0.99016207,-0.04984868,0.25096983,0.02130763,0.54418474,0.17633316,-0.21731104,0.04921456,-0.08476668,-0.33161056,-0.38923192,0.35384807,0.02413878,0.07265603,-0.22064441,0.00582464,0.28992528,-0.44993874,0.50556976,-0.86145598,0.32412931,-0.41892481,-0.13389452,0.04414266,-0.13018759,-0.57088107,0.43240970,0.07586379,0.29324022,-0.15336770,-0.34592846
2.86357188,-0.31649330,0.82091880,-0.12725271,-0.02170744,-0.99111283,-0.03210770,0.23705323,0.00448158,0.52356231,0.17199157,-0.20529099,0.04654427,-0.07490904,-0.34507233,-0.38094622,0.37568808,0.00507780,0.06431837,-0.20276533,-0.00535932,0.28296104,-0.43690756,0.51624465,-0.84759498,0.31733873,-0.37937328,-0.14675660,0.05088049,-0.06153441,-0.56674987,0.42413831,0.10738757,0.26543334,-0.14835407,-0.32788780
2.86397004,-0.31603602,0.82111531,-0.12485611,-0.02787040,-0.99166822,-0.01511079,0.22090293,-0.00900760,0.50343984,0.17308930,-0.19305393,0.04426436,-0.06203219,-0.35557231,-0.37288508,0.39626333,-0.01705697,0.05605198,-0.18222433,-0.01694729,0.27595913,-0.42092896,0.52535218,-0.82950705,0.31327060,-0.34396139,-0.15842296,0.05733810,0.00082739,-0.55712831,0.42086047,0.13394880,0.23983566,-0.14145543,-0.30295327
2.86449504,-0.31484053,0.82110059,-0.12277173,-0.03365937,-0.99186373,0.00074591,0.20280348,-0.01862875,0.48499972,0.17938770,-0.18068676,0.04220228,-0.04662020,-0.36303878,-0.36621907,0.41418687,-0.04137777,0.04818533,-0.15968220,-0.02863527,0.26947880,-0.40146682,0.53285629,-0.80629176,0.31207556,-0.31382230,-0.16856845,0.06474414,0.05588983,-0.54210788,0.42021227,0.15494289,0.21665166,-0.13318509,-0.27380407
2.86516070,-0.31294963,0.82084596,-0.12109789,-0.03887991,-0.99176323,0.01514214,0.18302315,-0.02381270,0.46927226,0.19039027,-0.16822876,0.04015183,-0.02922925,-0.36742142,-0.36188960,0.42835182,-0.06689490,0.04097269,-0.13596664,-0.04004082,0.26404443,-0.37807673,0.53871989,-0.77745420,0.31380531,-0.28974274,-0.17690711,0.07416970,0.10296680,-0.52211094,0.41998103,0.17015989,0.19594438,-0.12403671,-0.24296850
2.86598682,-0.31041667,0.82033139,-0.11990149,-0.04332734,-0.99144924,0.02783371,0.16184476,-0.02400889,0.45705977,0.20531458,-0.15568790,0.03790420,-0.01045838,-0.36868212,-0.36053267,0.43804827,-0.09260605,0.03458007,-0.11203687,-0.05071845,0.26009297,-0.35046056,0.54291385,-0.74300361,0.31837362,-0.27207181,-0.18321256,0.08635559,0.14174068,-0.49794218,0.41837263,0.17975266,0.17767040,-0.11447132,-0.21259856
2.86699152,-0.30730528,0.81954765,-0.11921158,-0.04680172,-0.99101180,0.03864999,0.13959882,-0.01875779,0.44888172,0.22309384,-0.14305651,0.03527640,0.00908231,-0.36679065,-0.36243722,0.44299737,-0.11757549,0.02908778,-0.08892849,-0.06019172,0.25793010,-0.31851536,0.54542035,-0.70349097,0.32551777,-0.26067197,-0.18733956,0.10158329,0.17229453,-0.47080261,0.41420627,0.18418896,0.16171506,-0.10491759,-0.18433861
2.86818314,-0.30368906,0.81849825,-0.11901637,-0.04912522,-0.99053860,0.04748907,0.11668768,-0.00776644,0.44494259,0.24242458,-0.13032834,0.03213367,0.02880382,-0.36172533,-0.36753768,0.44330746,-0.14099175,0.02450706,-0.06768122,-0.06799645,0.25770041,-0.28236935,0.54622626,-0.65997523,0.33476764,-0.25492585,-0.18924002,0.11961020,0.19511870,-0.44225439,0.40701169,0.18419234,0.14792463,-0.09577610,-0.15928423
2.86955333,-0.29965135,0.81720048,-0.11926452,-0.05015945,-0.99010628,0.05431024,0.09359388,0.00902735,0.44512820,0.26187056,-0.11751798,0.02840551,0.04816879,-0.35347912,-0.37543717,0.43937394,-0.16220103,0.02080482,-0.04925572,-0.07372718,0.25937420,-0.24240115,0.54530919,-0.61391908,0.34543002,-0.25379938,-0.18896806,0.13967933,0.21108249,-0.41413051,0.39702088,0.18067577,0.13612998,-0.08742048,-0.13801353
2.87107134,-0.29528469,0.81568640,-0.11987040,-0.04981964,-0.98977441,0.05912495,0.07086697,0.03141600,0.44902700,0.28001752,-0.10468341,0.02409496,0.06671709,-0.34207028,-0.38545752,0.43175206,-0.18071397,0.01792945,-0.03445087,-0.07707776,0.26275429,-0.19923964,0.54261661,-0.56702316,0.35659474,-0.25595734,-0.18667029,0.16060154,0.22136629,-0.38839474,0.38505900,0.17466730,0.12616383,-0.08018857,-0.12066599
2.87268281,-0.29069033,0.81400228,-0.12072302,-0.04808417,-0.98958153,0.06198621,0.04909404,0.05891364,0.45597845,0.29565510,-0.09195196,0.01928126,0.08408453,-0.32755741,-0.39670995,0.42103457,-0.19619521,0.01583227,-0.02383252,-0.07786953,0.26749846,-0.15373608,0.53805363,-0.52103400,0.36717567,-0.25992367,-0.18256310,0.18090321,0.22735682,-0.36696497,0.37235883,0.16722991,0.11786921,-0.07436399,-0.10704423
2.87430930,-0.28597754,0.81220746,-0.12169757,-0.04499783,-0.98954469,0.06297807,0.02885767,0.09077989,0.46513855,0.30795288,-0.07954494,0.01411649,0.10001172,-0.31005734,-0.40818006,0.40775871,-0.20844126,0.01448045,-0.01768551,-0.07606156,0.27315736,-0.10693690,0.53145558,-0.47752568,0.37597123,-0.26423743,-0.17689742,0.19900839,0.23051429,-0.35152400,0.36033127,0.15937899,0.11110202,-0.07015058,-0.09671867
2.87585306,-0.28126249,0.81037170,-0.12266828,-0.04066898,-0.98966104,0.06220579,0.01069391,0.12607002,0.47556198,0.31659037,-0.06779671,0.00881658,0.11434364,-0.28976321,-0.41881925,0.39235720,-0.21735790,0.01386000,-0.01599640,-0.07174327,0.27921969,-0.06001444,0.52260429,-0.43773866,0.38177121,-0.26762602,-0.16992508,0.21344331,0.23222931,-0.34334347,0.35032985,0.15200348,0.10572809,-0.06764506,-0.08912131
2.87720251,-0.27666700,0.80857128,-0.12352087,-0.03526074,-0.98991144,0.05978784,-0.00494420,0.16370198,0.48628709,0.32180902,-0.05715956,0.00364584,0.12701990,-0.26696125,-0.42763585,0.37515348,-0.22294189,0.01397059,-0.01846906,-0.06511193,0.28516141,-0.01419559,0.51125181,-0.40246519,0.38347808,-0.26913786,-0.16186875,0.22302161,0.23368815,-0.34314913,0.34344590,0.14579841,0.10162081,-0.06681703,-0.08362403
2.87824011,-0.27231660,0.80688435,-0.12416274,-0.02897838,-0.99026495,0.05584953,-0.01770826,0.20252837,0.49642110,0.32436645,-0.04818789,-0.00110468,0.13805726,-0.24204212,-0.43377706,0.35639298,-0.22527172,0.01481472,-0.02456922,-0.05644003,0.29049188,0.02932581,0.49717322,-0.37201831,0.38024035,-0.26823503,-0.15290609,0.22698775,0.23576251,-0.35103527,0.34035760,0.14121526,0.09865926,-0.06750081,-0.07959676
2.87885189,-0.26833805,0.80538553,-0.12453026,-0.02205444,-0.99068344,0.05051863,-0.02735913,0.24140204,0.50521535,0.32539561,-0.04149780,-0.00514345,0.14752731,-0.21550570,-0.43659487,0.33629581,-0.22450601,0.01638549,-0.03358996,-0.04604028,0.29479346,0.06948312,0.48024029,-0.34628394,0.37157494,-0.26483279,-0.14317118,0.22510210,0.23895404,-0.36648303,0.34127837,0.13844836,0.09673019,-0.06940885,-0.07645398
2.87893653,-0.26485574,0.80414033,-0.12459181,-0.01473407,-0.99112594,0.04392251,-0.03375681,0.27922821,0.51212567,0.32619318,-0.03770316,-0.00820713,0.15553154,-0.18795806,-0.43569177,0.31511578,-0.22088623,0.01865651,-0.04472575,-0.03423420,0.29775110,0.10542953,0.46050498,-0.32484341,0.35746041,-0.25928807,-0.13277033,0.21765541,0.24337772,-0.38841230,0.34595874,0.13744122,0.09572846,-0.07215592,-0.07368531
2.87841415,-0.26198766,0.80320066,-0.12434687,-0.00726195,-0.99155217,0.03618713,-0.03684273,0.31500047,0.51684994,0.32797945,-0.03733629,-0.01008883,0.16217761,-0.16010007,-0.43094334,0.29319024,-0.21474035,0.02157566,-0.05714717,-0.02132832,0.29917088,0.13661747,0.43827450,-0.30713239,0.33838111,-0.25233552,-0.12181157,0.20541787,0.24880424,-0.41531682,0.35377389,0.13792735,0.09556603,-0.07530090,-0.07087122
2.87723303,-0.25984061,0.80260152,-0.12382151,0.00012738,-0.99192506,0.02743712,-0.03662148,0.34782130,0.51934099,0.33167669,-0.04076490,-0.01066098,0.16755836,-0.13270739,-0.42249772,0.27096742,-0.20648026,0.02506492,-0.07006256,-0.00760183,0.29898733,0.16285110,0.41415840,-0.29260689,0.31530908,-0.24498516,-0.11043658,0.18953483,0.25474435,-0.44543383,0.36385286,0.13949379,0.09617216,-0.07839672,-0.06769833
2.87537551,-0.25850537,0.80235898,-0.12306120,0.00721578,-0.99221325,0.01779767,-0.03314948,0.37691078,0.51979101,0.33774865,-0.04812142,-0.00989037,0.17173600,-0.10660458,-0.41075596,0.24901000,-0.19659173,0.02902556,-0.08276445,0.00669601,0.29725957,0.18430160,0.38907295,-0.28087401,0.28962258,-0.23839256,-0.09884912,0.17138687,0.26055866,-0.47692570,0.37522551,0.14165652,0.09749138,-0.08103956,-0.06396198
2.87285900,-0.25805217,0.80247045,-0.12212219,0.01380419,-0.99239147,0.00739810,-0.02653442,0.40160874,0.51859063,0.34612998,-0.05925862,-0.00784108,0.17473188,-0.08263557,-0.39633644,0.22797546,-0.18561375,0.03334681,-0.09465788,0.02133912,0.29415786,0.20147850,0.36419374,-0.27176589,0.26296943,-0.23371509,-0.08733103,0.15243725,0.26557270,-0.50804359,0.38695741,0.14393733,0.09947466,-0.08290933,-0.05956326
2.86973643,-0.25852701,0.80291593,-0.12106273,0.01971284,-0.99244249,-0.00362257,-0.01694587,0.42137507,0.51626748,0.35625130,-0.07374171,-0.00466573,0.17652275,-0.06163299,-0.38002929,0.20857850,-0.17410974,0.03791616,-0.10527154,0.03611188,0.28994197,0.21515685,0.34086046,-0.26534340,0.23709363,-0.23197070,-0.07624199,0.13408619,0.26917866,-0.53724962,0.39824718,0.14592935,0.10206468,-0.08379601,-0.05449829
2.86609173,-0.25994894,0.80366099,-0.11993512,0.02478015,-0.99235743,-0.01510909,-0.00463229,0.43579152,0.51341265,0.36714867,-0.09087953,-0.00058598,0.17704409,-0.04438765,-0.36274305,0.19154297,-0.16263346,0.04262843,-0.11425560,0.05079351,0.28493279,0.22626989,0.32044768,-0.26183468,0.21365099,-0.23391193,-0.06600250,0.11754774,0.27090836,-0.56328380,0.40847421,0.14734027,0.10517702,-0.08360827,-0.04884093
2.86203384,-0.26230878,0.80465984,-0.11877992,0.02886155,-0.99213690,-0.02688337,0.01006181,0.44456610,0.51060534,0.37762898,-0.10978995,0.00413355,0.17619993,-0.03161881,-0.34544584,0.17754953,-0.15169466,0.04739211,-0.12137083,0.06514287,0.27947989,0.23578137,0.30422139,-0.26152855,0.19403952,-0.23992825,-0.05706295,0.10375896,0.27047008,-0.58517253,0.41719431,0.14801188,0.10868134,-0.08236555,-0.04272609
2.85768867,-0.26556846,0.80585867,-0.11762222,0.03182950,-0.99179190,-0.03873940,0.02668579,0.44753999,0.50834531,0.38645476,-0.12948763,0.00921323,0.17387950,-0.02394411,-0.32910240,0.16718392,-0.14172783,0.05213242,-0.12647255,0.07888652,0.27392641,0.24455723,0.29320553,-0.26464885,0.17926738,-0.24998635,-0.04986355,0.09332425,0.26775205,-0.60219359,0.42409801,0.14791168,0.11238861,-0.08017673,-0.03632790
2.85318971,-0.26966175,0.80719930,-0.11647052,0.03357555,-0.99134403,-0.05044158,0.04468649,0.44469562,0.50700057,0.39251453,-0.14897944,0.01438291,0.16997905,-0.02184781,-0.31460699,0.16089144,-0.13307060,0.05679129,-0.12949316,0.09171259,0.26857567,0.25325629,0.28807867,-0.27123916,0.16987346,-0.26361349,-0.04479263,0.08649462,0.26279968,-0.61381912,0.42895156,0.14710461,0.11604687,-0.07721116,-0.02984092
2.84866929,-0.27449498,0.80862135,-0.11531775,0.03401427,-0.99082518,-0.06172737,0.06342571,0.43616360,0.50677735,0.39495400,-0.16735283,0.01940024,0.16442657,-0.02564894,-0.30271757,0.15893847,-0.12595235,0.06132387,-0.13042572,0.10327179,0.26366106,0.26225510,0.28911552,-0.28108388,0.16590732,-0.27992833,-0.04214850,0.08317754,0.25578403,-0.61967158,0.43155465,0.14571762,0.11935642,-0.07367115,-0.02346629
2.84424973,-0.27994901,0.81006515,-0.11414421,0.03308934,-0.99027610,-0.07231530,0.08221253,0.42222831,0.50771117,0.39325455,-0.18384521,0.02406013,0.15720759,-0.03546850,-0.29399535,0.16138414,-0.12049503,0.06569482,-0.12930918,0.11318681,0.25932422,0.27161866,0.29617995,-0.29368144,0.16696592,-0.29771495,-0.04211055,0.08297314,0.24695879,-0.61948097,0.43169826,0.14389308,0.12198943,-0.06976326,-0.01740181
2.84003687,-0.28588119,0.81147343,-0.11292157,0.03078065,-0.98974276,-0.08191753,0.10034402,0.40332964,0.50967944,0.38725957,-0.19788820,0.02819677,0.14838800,-0.05119988,-0.28875813,0.16806446,-0.11672414,0.06987357,-0.12621701,0.12107041,0.25560364,0.28111807,0.30876803,-0.30827609,0.17227703,-0.31553683,-0.04472307,0.08523151,0.23663852,-0.61311305,0.42919579,0.14176491,0.12363300,-0.06568405,-0.01183536
2.83611727,-0.29212862,0.81279361,-0.11161757,0.02711180,-0.98927259,-0.09025635,0.11714931,0.38006204,0.51243085,0.37715760,-0.20912533,0.03167983,0.13813084,-0.07248593,-0.28705624,0.17858958,-0.11458672,0.07383107,-0.12124931,0.12655118,0.25243673,0.29029179,0.32609111,-0.32394251,0.18081622,-0.33187762,-0.04989261,0.08912756,0.22518097,-0.60061634,0.42393041,0.13944238,0.12403306,-0.06161094,-0.00694114
2.83255386,-0.29851216,0.81397921,-0.11020079,0.02215675,-0.98890841,-0.09708248,0.13203034,0.35316849,0.51562715,0.36343554,-0.21740645,0.03440819,0.12670329,-0.09870895,-0.28867796,0.19235833,-0.11397307,0.07753728,-0.11452866,0.12930518,0.24967486,0.29853815,0.34718487,-0.33970618,0.19143918,-0.34529394,-0.05739890,0.09374785,0.21298128,-0.58229703,0.41593343,0.13701354,0.12304018,-0.05770156,-0.00287574
2.82938886,-0.30484188,0.81499207,-0.10864523,0.01604476,-0.98868364,-0.10219323,0.14449480,0.32353103,0.51889181,0.34681672,-0.22276427,0.03630368,0.11447241,-0.12899730,-0.29318774,0.20859043,-0.11473824,0.08095998,-0.10620014,0.12908998,0.24711078,0.30522326,0.37102419,-0.35467684,0.20301355,-0.35456461,-0.06691565,0.09818226,0.20046009,-0.55877280,0.40544534,0.13455418,0.12064073,-0.05409374,0.00023309
2.82664347,-0.31092387,0.81580400,-0.10693417,0.00896246,-0.98861790,-0.10544835,0.15417773,0.29215482,0.52185929,0.32819492,-0.22538114,0.03730777,0.10188813,-0.16225199,-0.29999319,0.22637676,-0.11672094,0.08406396,-0.09643632,0.12577757,0.24451420,0.30978692,0.39662749,-0.36816782,0.21453327,-0.35881174,-0.07803851,0.10161467,0.18806437,-0.53102738,0.39298308,0.13215777,0.11698240,-0.05091266,0.00229255
2.82432222,-0.31656811,0.81639814,-0.10506354,0.00115231,-0.98871535,-0.10678179,0.16085164,0.26014528,0.52421916,0.30857021,-0.22555064,0.03738069,0.08945562,-0.19719376,-0.30843294,0.24474412,-0.11975753,0.08681033,-0.08544431,0.11938113,0.24167076,0.31182918,0.42313230,-0.37977892,0.22520322,-0.35758522,-0.09031565,0.10340236,0.17624810,-0.50038999,0.37934124,0.12995280,0.11237125,-0.04827125,0.00326136
2.82241511,-0.32159665,0.81677002,-0.10304409,-0.00709328,-0.98896486,-0.10620825,0.16442695,0.22867709,0.52575165,0.28898910,-0.22364023,0.03650331,0.07769986,-0.23242727,-0.31786942,0.26272818,-0.12369105,0.08915672,-0.07347456,0.11007207,0.23841795,0.31116664,0.44983572,-0.38942799,0.23448730,-0.35089532,-0.10327640,0.10313081,0.16544908,-0.46846908,0.36555228,0.12811634,0.10724987,-0.04626932,0.00316688
2.82090092,-0.32585242,0.81692791,-0.10090246,-0.01544236,-0.98934370,-0.10382333,0.16494299,0.19895467,0.52634746,0.27049038,-0.22005789,0.03468031,0.06712610,-0.26651758,-0.32777166,0.27944735,-0.12837598,0.09105703,-0.06082960,0.09818457,0.23467290,0.30785289,0.47619700,-0.39732677,0.24211672,-0.33919272,-0.11645549,0.10064103,0.15606090,-0.43703783,0.35280049,0.12687480,0.10215775,-0.04499045,0.00211937
2.81975007,-0.32920665,0.81689167,-0.09868092,-0.02353828,-0.98982245,-0.09979782,0.16255376,0.17216383,0.52601016,0.25405270,-0.21522261,0.03194250,0.05818155,-0.29807118,-0.33777207,0.29416683,-0.13367951,0.09246262,-0.04786879,0.08420563,0.23044698,0.30216464,0.50180972,-0.40391019,0.24806443,-0.32330412,-0.12941203,0.09602433,0.14840633,-0.40789187,0.34230646,0.12649159,0.09767692,-0.04449816,0.00032193
2.81892538,-0.33156583,0.81669158,-0.09643548,-0.03101817,-0.99037021,-0.09436569,0.15750979,0.14941686,0.52484089,0.24054568,-0.20954117,0.02834779,0.05122241,-0.32581463,-0.34768829,0.30634618,-0.13947991,0.09332457,-0.03500749,0.06875109,0.22584566,0.29455966,0.52635700,-0.40973610,0.25249407,-0.30433571,-0.14174359,0.08958608,0.14271764,-0.38270262,0.33519876,0.12724145,0.09437166,-0.04483325,-0.00193035
2.81838441,-0.33287635,0.81636506,-0.09423263,-0.03753390,-0.99095970,-0.08780792,0.15013884,0.13169375,0.52300823,0.23068450,-0.20339082,0.02398035,0.04648992,-0.34866402,-0.35750818,0.31566292,-0.14566365,0.09359781,-0.02270841,0.05252961,0.22105432,0.28561738,0.54956388,-0.41537744,0.25569457,-0.28355879,-0.15309633,0.08178480,0.13912676,-0.36288822,0.33239356,0.12937558,0.09272790,-0.04601343,-0.00426307
2.81807995,-0.33312765,0.81595373,-0.09214450,-0.04277370,-0.99156964,-0.08043335,0.14082697,0.11978421,0.52071059,0.22498904,-0.19710761,0.01894797,0.04409737,-0.36577994,-0.36734217,0.32201049,-0.15212001,0.09324755,-0.01146403,0.03629809,0.21631175,0.27597150,0.57116055,-0.42132810,0.25801361,-0.26229110,-0.16317287,0.07315683,0.13766252,-0.34951267,0.33449298,0.13308117,0.09309757,-0.04803386,-0.00624807
2.81796074,-0.33235306,0.81549984,-0.09024314,-0.04648248,-0.99218482,-0.07255890,0.13000187,0.11423487,0.51813817,0.22375065,-0.19097872,0.01337817,0.04402872,-0.37660557,-0.37735629,0.32547283,-0.15873487,0.09225664,-0.00177074,0.02081294,0.21187750,0.26624513,0.59086382,-0.42793638,0.25979894,-0.24179073,-0.17173885,0.06423949,0.13826561,-0.34323961,0.34173086,0.13844657,0.09566257,-0.05087183,-0.00744362
2.81797361,-0.33062845,0.81504273,-0.08859434,-0.04847918,-0.99279487,-0.06449197,0.11811906,0.11530700,0.51544344,0.22701001,-0.18523952,0.00741453,0.04614722,-0.38088697,-0.38769841,0.32628110,-0.16538338,0.09063389,0.00590359,0.00678191,0.20799699,0.25699702,0.60838270,-0.43537772,0.26135746,-0.22316720,-0.17862974,0.05550561,0.14078641,-0.34428948,0.35392579,0.14542240,0.10040622,-0.05448429,-0.00743578
2.81806374,-0.32806939,0.81461692,-0.08725129,-0.04866977,-0.99339038,-0.05651580,0.10565110,0.12294862,0.51272690,0.23454830,-0.18007344,0.00121286,0.05021157,-0.37867677,-0.39843357,0.32476169,-0.17192295,0.08842135,0.01115549,-0.00517932,0.20487033,0.24867171,0.62342513,-0.44364855,0.26291955,-0.20730536,-0.18375276,0.04731084,0.14499813,-0.35245320,0.37049446,0.15380388,0.10711434,-0.05880738,-0.00588591
2.81817746,-0.32482570,0.81424993,-0.08624938,-0.04705488,-0.99396056,-0.04887986,0.09307928,0.13678461,0.51003945,0.24589492,-0.17561407,-0.00506188,0.05589723,-0.37032324,-0.40949941,0.32128519,-0.17818844,0.08569910,0.01368144,-0.01458217,0.20262897,0.24158174,0.63574249,-0.45260862,0.26464066,-0.19483277,-0.18709224,0.03987622,0.15060440,-0.36712354,0.39049560,0.16322832,0.11539772,-0.06375180,-0.00257011
2.81826305,-0.32107520,0.81396246,-0.08560210,-0.04373150,-0.99449134,-0.04179454,0.08088607,0.15612619,0.50740045,0.26035047,-0.17194889,-0.01123930,0.06281941,-0.35644704,-0.42068872,0.31622484,-0.18399128,0.08258611,0.01330842,-0.02108943,0.20132256,0.23589331,0.64515489,-0.46202216,0.26659971,-0.18609606,-0.18870671,0.03328628,0.15724829,-0.38735253,0.41271219,0.17319533,0.12473823,-0.06919678,0.00259352
2.81827402,-0.31701592,0.81376863,-0.08529900,-0.03888871,-0.99496549,-0.03543009,0.06954689,0.17999905,0.50482404,0.27702391,-0.16912338,-0.01714832,0.07055598,-0.33790740,-0.43165979,0.30992898,-0.18912394,0.07923735,0.01001574,-0.02452787,0.20091683,0.23163065,0.65157825,-0.47160840,0.26881215,-0.18116584,-0.18872280,0.02751077,0.16452648,-0.41193199,0.43576759,0.18311095,0.13455291,-0.07498472,0.00953418
2.81816936,-0.31285706,0.81367719,-0.08530573,-0.03279771,-0.99536538,-0.02991763,0.05951872,0.20718980,0.50234824,0.29488370,-0.16714445,-0.02262340,0.07866854,-0.31576058,-0.44197193,0.30271077,-0.19337048,0.07583525,0.00394472,-0.02488948,0.20130156,0.22869314,0.65504199,-0.48108646,0.27124688,-0.17986134,-0.18732540,0.02243861,0.17201248,-0.43949515,0.45826644,0.19235075,0.14427039,-0.08092070,0.01803666
2.81791592,-0.30880976,0.81369317,-0.08556623,-0.02579645,-0.99567574,-0.02535171,0.05122331,0.23630716,0.50005388,0.31281927,-0.16598444,-0.02751246,0.08672054,-0.29121020,-0.45113710,0.29485202,-0.19652227,0.07257746,-0.00460542,-0.02232234,0.20230682,0.22688164,0.65569633,-0.49020937,0.27384341,-0.18179120,-0.18474431,0.01791789,0.17928696,-0.46863142,0.47894335,0.20033459,0.15340438,-0.08677763,0.02776578
2.81749129,-0.30507752,0.81381863,-0.08600716,-0.01826999,-0.99588859,-0.02179254,0.04502610,0.26585495,0.49807167,0.32970893,-0.16558449,-0.03168538,0.09429289,-0.26555231,-0.45867968,0.28661773,-0.19839759,0.06966134,-0.01519524,-0.01711346,0.20372406,0.22593042,0.65380871,-0.49878329,0.27652636,-0.18640348,-0.18123989,0.01379309,0.18597323,-0.49799955,0.49679792,0.20660141,0.16161266,-0.09230860,0.03830303
2.81688285,-0.30184656,0.81405371,-0.08654364,-0.01062740,-0.99600506,-0.01926761,0.04121091,0.29431304,0.49657217,0.34448990,-0.16585833,-0.03504232,0.10099700,-0.24011441,-0.46419415,0.27827352,-0.19886181,0.06726689,-0.02727485,-0.00966565,0.20532937,0.22554088,0.64975023,-0.50667322,0.27921548,-0.19304013,-0.17708892,0.00993317,0.19177112,-0.52642477,0.51119399,0.21087031,0.16873060,-0.09726572,0.04918880
2.81609106,-0.29927674,0.81439650,-0.08708607,-0.00327718,-0.99603683,-0.01777211,0.03995345,0.32022169,0.49574122,0.35622710,-0.16669711,-0.03752006,0.10648640,-0.21619110,-0.46739221,0.27009952,-0.19784431,0.06554044,-0.04022175,-0.00047085,0.20690548,0.22541387,0.64397669,-0.51379830,0.28183198,-0.20098996,-0.17257255,0.00624816,0.19648311,-0.55296570,0.52190554,0.21307790,0.17477238,-0.10142260,0.05996417
2.81512928,-0.29749367,0.81484234,-0.08754712,0.00339761,-0.99600488,-0.01726928,0.04129653,0.34226602,0.49574557,0.36417550,-0.16797511,-0.03909504,0.11046704,-0.19497663,-0.46813244,0.26239452,-0.19534975,0.06458106,-0.05338334,0.00991882,0.20826085,0.22527334,0.63699919,-0.52011549,0.28429830,-0.20953232,-0.16796573,0.00269220,0.20002609,-0.57694227,0.52910370,0.21338713,0.17990048,-0.10459717,0.07020515
2.81402373,-0.29658175,0.81538326,-0.08784802,0.00906231,-0.99593550,-0.01769051,0.04513178,0.35935512,0.49669716,0.36783403,-0.16955695,-0.03978255,0.11270799,-0.17749855,-0.46643066,0.25546679,-0.19146115,0.06443077,-0.06611894,0.02092013,0.20924294,0.22489856,0.62936795,-0.52561480,0.28654543,-0.21798961,-0.16353069,-0.00073979,0.20242849,-0.59792519,0.53328717,0.21216644,0.18437223,-0.10667117,0.07954827
2.81281376,-0.29657936,0.81600672,-0.08792365,0.01345048,-0.99585634,-0.01893681,0.05119061,0.37069026,0.49862033,0.36698377,-0.17130508,-0.03963282,0.11305094,-0.16455568,-0.46244943,0.24961062,-0.18633278,0.06507120,-0.07783780,0.03194790,0.20974664,0.22412519,0.62162590,-0.53028840,0.28850538,-0.22574933,-0.15950714,-0.00402998,0.20381153,-0.61569637,0.53517377,0.20994531,0.18847580,-0.10760341,0.08770498
2.81154943,-0.29747641,0.81669533,-0.08772607,0.01637896,-0.99579108,-0.02088228,0.05904869,0.37581632,0.50143033,0.36170807,-0.17308640,-0.03872457,0.11141951,-0.15666534,-0.45647016,0.24507210,-0.18017493,0.06642614,-0.08803002,0.04244304,0.20971565,0.22285894,0.61428177,-0.53412169,0.29011896,-0.23230164,-0.15610556,-0.00715145,0.20436063,-0.63019228,0.53557408,0.20735572,0.19246973,-0.10743435,0.09446568
2.81029034,-0.29921463,0.81742650,-0.08722661,0.01775760,-0.99575579,-0.02337997,0.06814330,0.37465212,0.50492334,0.35239449,-0.17477983,-0.03715679,0.10782661,-0.15402539,-0.44885319,0.24200992,-0.17323193,0.06837013,-0.09628929,0.05189928,0.20913935,0.22107564,0.60777473,-0.53708082,0.29134426,-0.23726986,-0.15349744,-0.01008122,0.20429304,-0.64145029,0.53527164,0.20507121,0.19654058,-0.10628153,0.09969804
2.80910206,-0.30169117,0.81817383,-0.08641644,0.01759278,-0.99575728,-0.02627097,0.07780547,0.36749378,0.50878239,0.33971325,-0.17628239,-0.03504071,0.10237639,-0.15649779,-0.43999442,0.24046248,-0.16575724,0.07074151,-0.10232693,0.05988785,0.20804632,0.21881536,0.60243958,-0.53910446,0.29217049,-0.24043699,-0.15180382,-0.01280974,0.20381808,-0.64954454,0.53490859,0.20374350,0.20077750,-0.10432358,0.10334130
2.80805302,-0.30476615,0.81890774,-0.08530609,0.01598472,-0.99579275,-0.02939624,0.08730370,0.35498968,0.51259410,0.32457393,-0.17751567,-0.03249199,0.09526011,-0.16361628,-0.43028286,0.24032855,-0.15798911,0.07335868,-0.10597904,0.06607935,0.20649591,0.21616997,0.59847403,-0.54009765,0.29263520,-0.24177243,-0.15108494,-0.01533984,0.20311454,-0.65457481,0.53492987,0.20396243,0.20518407,-0.10178205,0.10539541
2.80721068,-0.30827323,0.81959838,-0.08392407,0.01311853,-0.99585199,-0.03261105,0.09589685,0.33808574,0.51587611,0.30806017,-0.17843108,-0.02962432,0.08674235,-0.17462111,-0.42006442,0.24136908,-0.15012836,0.07603706,-0.10720821,0.07026151,0.20456845,0.21326509,0.59591329,-0.53993100,0.29284564,-0.24144453,-0.15132968,-0.01768046,0.20230475,-0.65664428,0.53553784,0.20622011,0.20970324,-0.09889581,0.10591031
2.80663729,-0.31203321,0.82021749,-0.08231489,0.00924939,-0.99592018,-0.03580086,0.10289057,0.31794554,0.51811004,0.29134855,-0.17901438,-0.02654326,0.07713763,-0.18852018,-0.40961459,0.24323270,-0.14232074,0.07860500,-0.10610091,0.07235173,0.20235717,0.21023619,0.59461486,-0.53844112,0.29299676,-0.23982573,-0.15245053,-0.01983181,0.20143989,-0.65586162,0.53668433,0.21089134,0.21425678,-0.09589648,0.10497248
2.80638766,-0.31586996,0.82074088,-0.08053671,0.00468294,-0.99598140,-0.03889759,0.10769339,0.29585150,0.51878142,0.27561647,-0.17929035,-0.02333909,0.06677808,-0.20417365,-0.39912531,0.24550577,-0.13464887,0.08091612,-0.10286177,0.07240295,0.19996239,0.20719860,0.59425938,-0.53543353,0.29338634,-0.23747754,-0.15428351,-0.02176890,0.20049115,-0.65235358,0.53808331,0.21822678,0.21879084,-0.09298784,0.10268535
2.80650568,-0.31962639,0.82115042,-0.07865819,-0.00024822,-0.99602085,-0.04189448,0.10986578,0.27309728,0.51742214,0.26194704,-0.17932491,-0.02007990,0.05597600,-0.22039405,-0.38870412,0.24777597,-0.12713058,0.08285818,-0.09780377,0.07060068,0.19748640,0.20421463,0.59437168,-0.53068459,0.29441708,-0.23511966,-0.15660094,-0.02342045,0.19934790,-0.64628315,0.53923804,0.22835229,0.22331269,-0.09033404,0.09914564
2.80702257,-0.32317942,0.82143527,-0.07675467,-0.00520967,-0.99602681,-0.04485717,0.10915705,0.25088325,0.51365626,0.25123993,-0.17922276,-0.01680519,0.04498689,-0.23605153,-0.37838286,0.24969870,-0.11972436,0.08435760,-0.09133469,0.06725127,0.19503076,0.20125903,0.59436440,-0.52394485,0.29658344,-0.23357855,-0.15913270,-0.02465096,0.19781955,-0.63786882,0.53947574,0.24126752,0.22791530,-0.08805781,0.09441121
2.80795789,-0.32645166,0.82159233,-0.07490283,-0.00989032,-0.99598926,-0.04792901,0.10552555,0.23022662,0.50724733,0.24413635,-0.17911795,-0.01352117,0.03398073,-0.25017425,-0.36813718,0.25104994,-0.11233975,0.08538058,-0.08393694,0.06276055,0.19269386,0.19818597,0.59360385,-0.51493961,0.30043688,-0.23372343,-0.16159977,-0.02524363,0.19564252,-0.62740445,0.53798729,0.25683734,0.23278536,-0.08624997,0.08846399
2.80931926,-0.32941797,0.82162619,-0.07317440,-0.01402510,-0.99589866,-0.05132896,0.09913913,0.21189743,0.49814621,0.24096552,-0.17915617,-0.01020017,0.02302938,-0.26203218,-0.35791501,0.25175288,-0.10485400,0.08593153,-0.07614033,0.05760422,0.19056770,0.19470282,0.59149569,-0.50336981,0.30652958,-0.23639280,-0.16375495,-0.02488855,0.19249101,-0.61527681,0.53387004,0.27477229,0.23819296,-0.08498889,0.08117376
2.81110644,-0.33210605,0.82154799,-0.07162896,-0.01741315,-0.99574268,-0.05534057,0.09035485,0.19638693,0.48653349,0.24171790,-0.17946936,-0.00678497,0.01211619,-0.27119619,-0.34767464,0.25187051,-0.09713120,0.08604959,-0.06848662,0.05229099,0.18873310,0.19035582,0.58758014,-0.48891115,0.31533676,-0.24232236,-0.16542928,-0.02317435,0.18799254,-0.60198087,0.52617651,0.29459533,0.24446206,-0.08436611,0.07226786
2.81331491,-0.33459002,0.82137340,-0.07030605,-0.01992982,-0.99550229,-0.06029165,0.07967813,0.18391111,0.47284764,0.24604954,-0.18014362,-0.00319888,0.00116958,-0.27756649,-0.33742818,0.25156596,-0.08904651,0.08580273,-0.06148509,0.04732158,0.18725348,0.18453245,0.58162570,-0.47121680,0.32716054,-0.25208047,-0.16657594,-0.01959068,0.18174882,-0.58812994,0.51397288,0.31559595,0.25192750,-0.08451319,0.06132005
2.81594062,-0.33697793,0.82112092,-0.06921837,-0.02153105,-0.99514800,-0.06652599,0.06770542,0.17444752,0.45779163,0.25331813,-0.18118685,0.00063930,-0.00988141,-0.28136632,-0.32728639,0.25104004,-0.08051177,0.08528110,-0.05556199,0.04314698,0.18616791,0.17648679,0.57370436,-0.44992670,0.34202328,-0.26601708,-0.16730662,-0.01353738,0.17335892,-0.57445204,0.49640331,0.33678129,0.26087609,-0.08561972,0.04776232
2.81898689,-0.33939469,0.82080889,-0.06834724,-0.02225015,-0.99463701,-0.07436921,0.05505629,0.16779728,0.44230869,0.26264995,-0.18250418,0.00479777,-0.02103875,-0.28310445,-0.31749719,0.25046405,-0.07150341,0.08458859,-0.05100957,0.04012974,0.18548515,0.16539258,0.56423318,-0.42468625,0.35956562,-0.28422749,-0.16791180,-0.00435020,0.16245136,-0.56178916,0.47278807,0.35684907,0.27148846,-0.08794132,0.03093405
2.82246804,-0.34196243,0.82045275,-0.06764150,-0.02218712,-0.99391186,-0.08409268,0.04230295,0.16366240,0.42752212,0.27303183,-0.18388319,0.00931550,-0.03216665,-0.28351021,-0.30846852,0.24993002,-0.06208968,0.08383220,-0.04793970,0.03851249,0.18517962,0.15042137,0.55396676,-0.39518020,0.37896377,-0.30653197,-0.16885807,0.00865368,0.14870201,-0.55104274,0.44269893,0.37417495,0.28377140,-0.09178389,0.01016438
2.82641339,-0.34478116,0.82006294,-0.06702144,-0.02149225,-0.99290138,-0.09588029,0.02990701,0.16172495,0.41463953,0.28341943,-0.18499556,0.01418962,-0.04293788,-0.28344721,-0.30076316,0.24943262,-0.05245065,0.08311237,-0.04624920,0.03839695,0.18519145,0.13084233,0.54393232,-0.36118326,0.39889073,-0.33247018,-0.17075868,0.02611066,0.13185732,-0.54312056,0.40606847,0.38686153,0.29751343,-0.09747157,-0.01511424
2.83086729,-0.34791249,0.81964207,-0.06638782,-0.02034605,-0.99152517,-0.10980272,0.01817280,0.16171688,0.40483257,0.29285371,-0.18541728,0.01937123,-0.05280858,-0.28381559,-0.29506218,0.24889101,-0.04288571,0.08251345,-0.04560450,0.03973588,0.18543175,0.10613457,0.53530937,-0.32262614,0.41754150,-0.36130765,-0.17431338,0.04852474,0.11174513,-0.53885096,0.36328548,0.39284310,0.31226239,-0.10529559,-0.04523471
2.83588791,-0.35136861,0.81918430,-0.06563535,-0.01893814,-0.98970026,-0.12580428,0.00722545,0.16347009,0.39910761,0.30056667,-0.18466005,0.02476788,-0.06103276,-0.28545073,-0.29209229,0.24820246,-0.03380297,0.08209933,-0.04545145,0.04233914,0.18579166,0.07609682,0.52926630,-0.27966806,0.43274012,-0.39205852,-0.18022397,0.07617024,0.08827434,-0.53887802,0.31527320,0.39005533,0.32734469,-0.11545257,-0.08016507
2.84153986,-0.35510778,0.81867462,-0.06466901,-0.01744777,-0.98735124,-0.14370459,-0.00298295,0.16694085,0.39818826,0.30606508,-0.18221101,0.03025337,-0.06671862,-0.28902769,-0.29252681,0.24730830,-0.02568773,0.08191409,-0.04505389,0.04589299,0.18615507,0.04093795,0.52677697,-0.23276369,0.44213247,-0.42352697,-0.18909290,0.10899632,0.06142590,-0.54355228,0.26353133,0.37665826,0.34193322,-0.12798263,-0.11940362
2.84788704,-0.35903656,0.81809002,-0.06342003,-0.01602830,-0.98441935,-0.16321626,-0.01263972,0.17220776,0.40242991,0.30917713,-0.17757022,0.03568082,-0.06892319,-0.29498005,-0.29687467,0.24624680,-0.01905220,0.08198928,-0.04355968,0.04999079,0.18641162,0.00133130,0.52844930,-0.18270613,0.44345710,-0.45437250,-0.20131861,0.14655074,0.03123875,-0.55283344,0.21012658,0.35128918,0.35516250,-0.14271913,-0.16192105
2.85498285,-0.36301863,0.81740183,-0.06185875,-0.01479696,-0.98087078,-0.18397568,-0.02201782,0.17944655,0.41178077,0.31005669,-0.17028084,0.04089609,-0.06677143,-0.30344126,-0.30537713,0.24516822,-0.01437276,0.08235510,-0.04009091,0.05417230,0.18646827,-0.04158165,0.53439897,-0.13062912,0.43486395,-0.48320499,-0.21700537,0.18794252,-0.00220181,-0.56622708,0.15761636,0.31330958,0.36627686,-0.15926139,-0.20616898
2.86285853,-0.36688799,0.81657892,-0.06000140,-0.01383058,-0.97670090,-0.20558171,-0.03141159,0.18888773,0.42579615,0.30914170,-0.15994830,0.04574854,-0.05958218,-0.31421608,-0.31793544,0.24430130,-0.01202779,0.08305209,-0.03384790,0.05796717,0.18625736,-0.08624599,0.54419571,-0.07795616,0.41523626,-0.50870603,-0.23590411,0.23185760,-0.03876619,-0.58277285,0.10890087,0.26300284,0.37478474,-0.17697679,-0.25016141
2.87151575,-0.37046504,0.81559157,-0.05790909,-0.01316672,-0.97193372,-0.22763579,-0.04107405,0.20076482,0.44370171,0.30707300,-0.14625092,0.05009752,-0.04698007,-0.32678732,-0.33408493,0.24387516,-0.01224834,0.08413789,-0.02421505,0.06093889,0.18573967,-0.13080601,0.55689919,-0.02629305,0.38445845,-0.52976876,-0.25739875,0.27663547,-0.07826736,-0.60109752,0.06700788,0.20168176,0.38058552,-0.19503568,-0.29162669
2.88092065,-0.37357378,0.81441534,-0.05567908,-0.01280875,-0.96661657,-0.24977617,-0.05116641,0.21526052,0.46449247,0.30458513,-0.12894577,0.05381448,-0.02897425,-0.34036011,-0.35302350,0.24401872,-0.01509241,0.08568574,-0.01085305,0.06272528,0.18490253,-0.17326495,0.57118094,0.02272614,0.34357446,-0.54563534,-0.28054520,0.32040352,-0.12043253,-0.61953282,0.03482800,0.13167344,0.38403487,-0.21247537,-0.32821366
2.89100075,-0.37605768,0.81303465,-0.05343008,-0.01273300,-0.96081287,-0.27170146,-0.06172758,0.23245846,0.48704922,0.30238613,-0.10787627,0.05678244,-0.00598974,-0.35394153,-0.37369063,0.24467087,-0.02044754,0.08777257,0.00623689,0.06307208,0.18375352,-0.21167406,0.58551532,0.06761748,0.29479373,-0.55600876,-0.30416051,0.36125264,-0.16486503,-0.63628757,0.01483068,0.05616769,0.38592547,-0.22828552,-0.35772517
2.90164661,-0.37779337,0.81144470,-0.05128434,-0.01289614,-0.95459372,-0.29317990,-0.07266496,0.25230435,0.51025438,0.30104336,-0.08298663,0.05889542,0.02115425,-0.36644810,-0.39488360,0.24553348,-0.02805867,0.09045841,0.02668781,0.06185708,0.18231118,-0.24432535,0.59840351,0.10721868,0.24132632,-0.56111270,-0.32695076,0.39743060,-0.21100667,-0.64965045,0.00879804,-0.02106276,0.38738057,-0.24150395,-0.37834728
2.91271544,-0.37870115,0.80965322,-0.04935022,-0.01324167,-0.94803166,-0.31404647,-0.08376475,0.27458122,0.53309321,0.30089295,-0.05434401,0.06006030,0.05131690,-0.37682837,-0.41538873,0.24608879,-0.03757197,0.09376257,0.04978742,0.05910264,0.18059489,-0.26992249,0.60859126,0.14082040,0.18706100,-0.56167954,-0.34765816,0.42752355,-0.25811434,-0.65819293,0.01761772,-0.09603668,0.38967615,-0.25131035,-0.38884112
2.92403865,-0.37875116,0.80768013,-0.04770833,-0.01370485,-0.94119769,-0.33419010,-0.09471741,0.29890144,0.55472851,0.30198613,-0.02216350,0.06020166,0.08314919,-0.38418433,-0.43410778,0.24568193,-0.04858156,0.09764387,0.07454396,0.05497505,0.17861536,-0.28770518,0.61524016,0.16823329,0.13613048,-0.55886543,-0.36520377,0.45059726,-0.30526388,-0.66093814,0.04116819,-0.16498226,0.39403144,-0.25710630,-0.38866967
2.93542838,-0.37796548,0.80555648,-0.04640321,-0.01421654,-0.93416095,-0.35353625,-0.10515116,0.32471636,0.57454699,0.30407971,0.01316994,0.05927009,0.11523096,-0.38787419,-0.45015934,0.24364962,-0.06066830,0.10199172,0.09978906,0.04977004,0.17636795,-0.29750961,0.61802369,0.18977638,0.09243103,-0.55409962,-0.37880430,0.46627736,-0.35138887,-0.65746909,0.07831779,-0.22473468,0.40140998,-0.25857252,-0.37804243
2.94668627,-0.37641600,0.80332232,-0.04544151,-0.01470657,-0.92699140,-0.37202913,-0.11466924,0.35134438,0.59217733,0.30667275,0.05109176,0.05725203,0.14621115,-0.38758114,-0.46294361,0.23946115,-0.07342365,0.10663191,0.12430277,0.04388477,0.17383027,-0.29975802,0.61713588,0.20619132,0.05917338,-0.54889691,-0.38804549,0.47475848,-0.39535397,-0.64795870,0.12704067,-0.27305180,0.41237530,-0.25569683,-0.35787490
2.95761299,-0.37421766,0.80102426,-0.04479605,-0.01510775,-0.91976267,-0.38961738,-0.12288781,0.37801573,0.60748249,0.30908510,0.09086781,0.05417985,0.17493148,-0.38333914,-0.47216848,0.23283558,-0.08645949,0.11134687,0.14694309,0.03777786,0.17096515,-0.29537982,0.61321682,0.21850200,0.03853491,-0.54466373,-0.39290339,0.47674364,-0.43605462,-0.63311905,0.18463188,-0.30879974,0.42702648,-0.24877015,-0.32967091
2.96801591,-0.37151837,0.79871243,-0.04441432,-0.01536049,-0.91255510,-0.40624464,-0.12947290,0.40393117,0.62053037,0.31056732,0.13162626,0.05013854,0.20051758,-0.37551227,-0.47783741,0.22380470,-0.09940859,0.11590550,0.16676000,0.03192146,0.16772947,-0.28567889,0.60721600,0.22784811,0.03146225,-0.54253376,-0.39371499,0.47332752,-0.47252589,-0.61408269,0.24798924,-0.33198503,0.44502041,-0.23835197,-0.29534984
2.97772002,-0.36848620,0.79643768,-0.04422925,-0.01541796,-0.90545660,-0.42184645,-0.13417380,0.42832837,0.63154787,0.31042132,0.17241068,0.04526731,0.22242679,-0.36473370,-0.48020902,0.21270965,-0.11192457,0.12009640,0.18308011,0.02675061,0.16408660,-0.27216896,0.60022318,0.23532474,0.03764663,-0.54325628,-0.39110586,0.46584564,-0.50404298,-0.59223962,0.31391910,-0.34363550,0.46566403,-0.22520964,-0.25704509
2.98657584,-0.36529458,0.79424840,-0.04417038,-0.01525125,-0.89856207,-0.43635142,-0.13685213,0.45054728,0.64086467,0.30811661,0.21224506,0.03975539,0.24045138,-0.35181668,-0.47973806,0.20013700,-0.12368689,0.12375540,0.19555099,0.02261619,0.16002196,-0.25640205,0.59329808,0.24185373,0.05565906,-0.54715019,-0.38589057,0.45571169,-0.53019232,-0.56905890,0.37942144,-0.34556249,0.48804832,-0.21023893,-0.21690224
2.99446964,-0.36210850,0.79218811,-0.04417326,-0.01485307,-0.89197010,-0.44968590,-0.13750285,0.47008702,0.64885104,0.30337912,0.25020441,0.03383056,0.25468209,-0.33765325,-0.47700617,0.18681450,-0.13441432,0.12678304,0.20414411,0.01974837,0.15555711,-0.23981574,0.58732742,0.24810357,0.08321155,-0.55412203,-0.37896243,0.44426814,-0.55090344,-0.54592448,0.44191882,-0.34005082,0.51118994,-0.19437619,-0.17690238
3.00132847,-0.35907173,0.79029363,-0.04418641,-0.01423932,-0.88577873,-0.46178010,-0.13626376,0.48664472,0.65585876,0.29624119,0.28547645,0.02774366,0.26544324,-0.32311752,-0.47265434,0.17349486,-0.14388387,0.12914824,0.20912164,0.01823574,0.15076019,-0.22361629,0.58292705,0.25446084,0.11748827,-0.56373096,-0.37118849,0.43266773,-0.56643593,-0.52400732,0.49940449,-0.32953441,0.53414732,-0.17851269,-0.13872895
3.00712633,-0.35629767,0.78859329,-0.04417513,-0.01344783,-0.88008034,-0.47257426,-0.13341038,0.50013047,0.66217101,0.28704205,0.31740853,0.02174875,0.27321324,-0.30898678,-0.46731988,0.16085328,-0.15195012,0.13088124,0.21097727,0.01802219,0.14574976,-0.20871025,0.58039659,0.26104784,0.15549031,-0.57528460,-0.36332521,0.42179868,-0.57732749,-0.50418586,0.55050296,-0.31630778,0.55610013,-0.16342235,-0.10368796
3.01188278,-0.35386458,0.78710634,-0.04412218,-0.01253448,-0.87495685,-0.48202351,-0.12933554,0.51065588,0.66796732,0.27638206,0.34553424,0.01608338,0.27854523,-0.29589003,-0.46158722,0.14941749,-0.15855876,0.13205795,0.21036331,0.01892189,0.14069080,-0.19568573,0.57972485,0.26777291,0.19433859,-0.58794206,-0.35596329,0.41225407,-0.58431369,-0.48701873,0.59444922,-0.30231372,0.57638407,-0.14971219,-0.07268274
3.01565886,-0.35181531,0.78584331,-0.04402610,-0.01156728,-0.87047631,-0.49010092,-0.12451489,0.51849967,0.67331016,0.26504287,0.36957371,0.01095168,0.28199846,-0.28428602,-0.45595342,0.13953695,-0.16374880,0.13278210,0.20801455,0.02064876,0.13578346,-0.18483524,0.58063710,0.27439746,0.23150176,-0.60081011,-0.34950426,0.40434408,-0.58823729,-0.47276261,0.63100529,-0.28902403,0.59449047,-0.13779961,-0.04623472
3.01854801,-0.35016155,0.78480643,-0.04389793,-0.01061931,-0.86669064,-0.49679735,-0.11946455,0.52405620,0.67815143,0.25389120,0.38941339,0.00651344,0.28408721,-0.27446824,-0.45081103,0.13138880,-0.16763952,0.13316800,0.20467909,0.02285530,0.13124692,-0.17621121,0.58266902,0.28060403,0.26492795,-0.61302179,-0.34416810,0.39814359,-0.58995879,-0.46142533,0.66033340,-0.27741385,0.61004329,-0.12791644,-0.02454513
3.02066326,-0.34889117,0.78399211,-0.04375668,-0.00976187,-0.86363560,-0.50211912,-0.11469515,0.52777487,0.68235767,0.24378295,0.40506902,0.00288099,0.28524902,-0.26659086,-0.44644594,0.12501206,-0.17040685,0.13332619,0.20106037,0.02517487,0.12730038,-0.16969948,0.58525473,0.28605604,0.29308319,-0.62379491,-0.34002408,0.39355692,-0.59028071,-0.45284036,0.68285292,-0.26801720,0.62276989,-0.12013862,-0.00757757
3.02212095,-0.34797797,0.78339279,-0.04362457,-0.00905836,-0.86133325,-0.50608289,-0.11066832,0.53009933,0.68574792,0.23548032,0.41663852,0.00012303,0.28582981,-0.26070711,-0.44304934,0.12035549,-0.17224982,0.13335374,0.19777061,0.02726214,0.12414398,-0.16509682,0.58781600,0.29044378,0.31491384,-0.63247204,-0.33703822,0.39039293,-0.58989108,-0.44674852,0.69909632,-0.26103383,0.63247347,-0.11443284,0.00484650
3.02302623,-0.34739140,0.78299958,-0.04352272,-0.00855971,-0.85979474,-0.50870961,-0.10776113,0.53141308,0.68813622,0.22959314,0.42425156,-0.00172561,0.28608188,-0.25681064,-0.44073644,0.11732747,-0.17335615,0.13332765,0.19529587,0.02882771,0.12194213,-0.16218232,0.58984214,0.29351568,0.32976222,-0.63854539,-0.33512491,0.38843685,-0.58932668,-0.44287619,0.70958215,-0.25645798,0.63901681,-0.11071029,0.01295613
3.02345777,-0.34710550,0.78280514,-0.04346738,-0.00830134,-0.85902488,-0.51001763,-0.10623905,0.53199619,0.68937212,0.22654241,0.42802426,-0.00265166,0.28616822,-0.25487319,-0.43956769,0.11583970,-0.17387018,0.13330109,0.19397260,0.02966435,0.12081098,-0.16077520,0.59095550,0.29509640,0.33726481,-0.64166909,-0.33419573,0.38750938,-0.58895236,-0.44100165,0.71471506,-0.25420424,0.64231050,-0.10887786,0.01695312
