-0.012293,0.007778,0.817352,-0.030740,0.029597,-0.662938,0.747457,-0.039544,0.120810,0.042503,0.125362,0.013497,-0.038042,-0.013763,-0.003346,-0.237437,0.140116,0.010758,0.007515,0.059187,0.092245,-0.002784,-0.009954,0.073957,-0.168568,0.394550,-0.094150,0.047096,0.041663,-0.027433,-0.147929,0.253664,0.503448,0.100582,0.065021,-0.030975
-0.012134,0.008248,0.817430,-0.029934,0.030713,-0.662940,0.747444,-0.042241,0.121020,0.042487,0.122827,0.016305,-0.037991,-0.015803,-0.002924,-0.237558,0.136698,0.013679,0.007427,0.058124,0.092954,-0.005872,-0.011051,0.070625,-0.167528,0.401194,-0.094529,0.041516,0.040878,-0.031709,-0.148251,0.260731,0.517568,0.103270,0.059800,-0.030515
-0.012022,0.008601,0.817430,-0.029822,0.030942,-0.662890,0.747482,-0.043327,0.120926,0.042113,0.122764,0.016644,-0.037903,-0.016466,-0.002928,-0.237694,0.136374,0.014368,0.007424,0.058205,0.092992,-0.006186,-0.011134,0.069534,-0.167329,0.402054,-0.094453,0.040508,0.040505,-0.033805,-0.151101,0.266974,0.530302,0.105371,0.059949,-0.030496
-0.011914,0.008934,0.817425,-0.029824,0.031014,-0.662838,0.747526,-0.043982,0.120802,0.041758,0.122807,0.016831,-0.037820,-0.016818,-0.003011,-0.237814,0.136418,0.014770,0.007441,0.058611,0.092924,-0.005997,-0.010953,0.068749,-0.167497,0.401701,-0.094415,0.040543,0.040445,-0.035397,-0.155166,0.274016,0.544616,0.107830,0.061529,-0.031001
-0.011896,0.009048,0.817431,-0.029819,0.031182,-0.662683,0.747657,-0.044287,0.120767,0.041479,0.122808,0.017052,-0.037807,-0.017828,-0.003219,-0.238756,0.136429,0.014922,0.007522,0.058553,0.093039,-0.005669,-0.011160,0.068714,-0.168643,0.401700,-0.094093,0.040948,0.040278,-0.037103,-0.159985,0.282069,0.559219,0.110637,0.063391,-0.031898
-0.011888,0.009175,0.817433,-0.029728,0.031290,-0.662470,0.747844,-0.044712,0.120642,0.041051,0.122814,0.017323,-0.037773,-0.018278,-0.003417,-0.239332,0.136491,0.015024,0.007590,0.058440,0.093160,-0.005307,-0.011353,0.068664,-0.169867,0.401879,-0.093761,0.041353,0.040028,-0.038830,-0.164891,0.290004,0.573654,0.113436,0.065340,-0.032761
-0.011792,0.009301,0.817435,-0.029649,0.031385,-0.662255,0.748034,-0.045098,0.120509,0.040617,0.122821,0.017590,-0.037739,-0.018682,-0.003620,-0.239912,0.136540,0.015128,0.007660,0.058320,0.093281,-0.004903,-0.011518,0.068538,-0.171158,0.402193,-0.093406,0.041729,0.039714,-0.040571,-0.169675,0.297455,0.587290,0.116098,0.067157,-0.033581
-0.011871,0.009451,0.817439,-0.029618,0.031360,-0.662085,0.748186,-0.046057,0.120240,0.040448,0.122842,0.017968,-0.037800,-0.018712,-0.003729,-0.240393,0.136523,0.015206,0.007571,0.058897,0.093392,-0.004451,-0.011623,0.069080,-0.169777,0.401378,-0.093954,0.041536,0.040144,-0.040343,-0.171394,0.304653,0.599808,0.118261,0.068860,-0.033998
-0.011963,0.009725,0.817439,-0.029620,0.031335,-0.661982,0.748278,-0.046296,0.120209,0.040205,0.122872,0.018338,-0.037896,-0.018885,-0.003800,-0.240927,0.136521,0.015325,0.007457,0.059408,0.093465,-0.004265,-0.011446,0.069701,-0.168282,0.400536,-0.094411,0.041357,0.040545,-0.040080,-0.172552,0.310922,0.610463,0.120107,0.070370,-0.034415
-0.012055,0.009907,0.817440,-0.029626,0.031306,-0.661880,0.748369,-0.046504,0.120184,0.039968,0.122873,0.018721,-0.037996,-0.019042,-0.003866,-0.241464,0.136517,0.015439,0.007342,0.059895,0.093534,-0.004074,-0.011196,0.070308,-0.166793,0.399694,-0.094844,0.041174,0.040909,-0.039677,-0.172915,0.315496,0.617938,0.121355,0.071469,-0.034675
-0.012159,0.009854,0.817434,-0.029514,0.031273,-0.661594,0.748628,-0.047179,0.119977,0.039360,0.122835,0.019036,-0.038029,-0.018946,-0.003986,-0.241979,0.136460,0.014964,0.007291,0.060764,0.093284,-0.003855,-0.012067,0.070907,-0.166762,0.399114,-0.094751,0.040916,0.041304,-0.040033,-0.172875,0.317402,0.619884,0.121694,0.071943,-0.034760
-0.012348,0.009829,0.817422,-0.029400,0.031264,-0.661301,0.748892,-0.047556,0.119828,0.038898,0.122843,0.019358,-0.038069,-0.018857,-0.004109,-0.242523,0.136452,0.014482,0.007244,0.061572,0.093094,-0.003612,-0.013137,0.071452,-0.166718,0.398578,-0.094676,0.040803,0.041563,-0.040025,-0.170826,0.315108,0.614240,0.120610,0.071449,-0.034423
-0.012450,0.009808,0.817410,-0.029295,0.031247,-0.661008,0.749155,-0.047906,0.119681,0.038437,0.122849,0.019682,-0.038108,-0.018751,-0.004232,-0.243068,0.136453,0.013999,0.007197,0.062394,0.092911,-0.003332,-0.014254,0.071986,-0.166545,0.397836,-0.094578,0.040656,0.041797,-0.039463,-0.166315,0.308026,0.599549,0.117786,0.069863,-0.033590
-0.012266,0.010091,0.817406,-0.029481,0.031182,-0.660886,0.749258,-0.047931,0.119496,0.037941,0.122847,0.019489,-0.038093,-0.019003,-0.004543,-0.243499,0.136564,0.014744,0.006798,0.062699,0.093070,-0.003066,-0.013752,0.070615,-0.166035,0.396684,-0.094403,0.040412,0.041708,-0.037798,-0.159042,0.296335,0.576248,0.113053,0.067176,-0.032120
-0.012190,0.010351,0.817373,-0.029525,0.031102,-0.660844,0.749297,-0.048072,0.119139,0.037569,0.122867,0.019464,-0.037818,-0.019124,-0.005017,-0.244229,0.136506,0.014854,0.006402,0.062922,0.093139,-0.002933,-0.013525,0.069272,-0.165365,0.394908,-0.094122,0.040200,0.041647,-0.035656,-0.149962,0.281470,0.546524,0.107056,0.063831,-0.030196
-0.012027,0.010524,0.817340,-0.029562,0.031025,-0.660799,0.749339,-0.048227,0.118774,0.037197,0.122878,0.019447,-0.037544,-0.019271,-0.005502,-0.244964,0.136478,0.014946,0.006007,0.063138,0.093192,-0.002816,-0.013311,0.067845,-0.164387,0.392532,-0.093752,0.039917,0.041578,-0.033336,-0.140066,0.265113,0.513978,0.100537,0.060175,-0.028122
-0.012090,0.010470,0.817435,-0.029539,0.031254,-0.660928,0.749217,-0.048388,0.119318,0.037746,0.122794,0.019717,-0.037925,-0.019348,-0.004639,-0.243182,0.136547,0.015230,0.007397,0.062637,0.093670,-0.002684,-0.013170,0.068301,-0.164155,0.391191,-0.093178,0.039897,0.041641,-0.031055,-0.130792,0.250358,0.481800,0.093599,0.056507,-0.026325
-0.012172,0.010362,0.817438,-0.029460,0.031324,-0.661028,0.749128,-0.048506,0.119515,0.037864,0.122796,0.019725,-0.037932,-0.019476,-0.004545,-0.243098,0.136511,0.015227,0.007268,0.062275,0.093757,-0.002639,-0.013541,0.068607,-0.163170,0.389425,-0.092520,0.039802,0.041448,-0.028930,-0.122428,0.237617,0.453519,0.087431,0.053497,-0.024584
-0.012257,0.010345,0.817442,-0.029380,0.031390,-0.661117,0.749050,-0.048631,0.119697,0.037950,0.122797,0.019747,-0.037940,-0.019622,-0.004472,-0.243045,0.136525,0.015195,0.007137,0.061873,0.093822,-0.002573,-0.013973,0.068839,-0.161946,0.387324,-0.091786,0.039626,0.041219,-0.027182,-0.115481,0.227778,0.430751,0.082320,0.051167,-0.023134
-0.012443,0.010424,0.817436,-0.029358,0.031319,-0.661093,0.749075,-0.048680,0.119652,0.037601,0.122790,0.019967,-0.038041,-0.019887,-0.004201,-0.243227,0.136523,0.015003,0.006889,0.062058,0.094002,-0.002451,-0.013630,0.068225,-0.160832,0.383787,-0.090836,0.039077,0.040309,-0.026335,-0.110657,0.219343,0.414298,0.079205,0.049268,-0.021978
-0.012622,0.010504,0.817432,-0.029336,0.031249,-0.661017,0.749146,-0.048803,0.119704,0.037313,0.122783,0.020187,-0.038155,-0.019915,-0.004132,-0.243429,0.136540,0.014793,0.006668,0.062353,0.094226,-0.002345,-0.013585,0.067699,-0.159868,0.380254,-0.089947,0.038758,0.039772,-0.025702,-0.107132,0.213564,0.402970,0.077001,0.047996,-0.020925
-0.012801,0.010586,0.817428,-0.029318,0.031174,-0.660940,0.749217,-0.048915,0.119755,0.037028,0.122778,0.020405,-0.038267,-0.019927,-0.004065,-0.243629,0.136547,0.014588,0.006451,0.062671,0.094447,-0.002220,-0.013582,0.067244,-0.159071,0.377058,-0.089159,0.038507,0.039307,-0.025326,-0.104562,0.209905,0.395544,0.075502,0.047195,-0.020035
-0.012945,0.010411,0.817469,-0.029220,0.031423,-0.661080,0.749087,-0.049286,0.120303,0.037399,0.122671,0.020446,-0.039069,-0.020539,-0.003496,-0.242709,0.136536,0.014954,0.006937,0.061574,0.094659,-0.002520,-0.013683,0.066878,-0.158876,0.375572,-0.088522,0.038603,0.038974,-0.025028,-0.103522,0.207529,0.390515,0.074433,0.046437,-0.020237
-0.013003,0.010229,0.817511,-0.029090,0.031716,-0.661226,0.748951,-0.049793,0.120868,0.037776,0.122601,0.020471,-0.039877,-0.021259,-0.002911,-0.241783,0.136497,0.015346,0.007415,0.060696,0.094971,-0.002908,-0.013771,0.066555,-0.158958,0.374691,-0.087943,0.038718,0.038611,-0.024751,-0.102995,0.206193,0.387254,0.073689,0.045997,-0.020244
-0.013146,0.010047,0.817552,-0.028952,0.032020,-0.661375,0.748812,-0.050336,0.121437,0.038155,0.122543,0.020492,-0.040683,-0.022013,-0.002319,-0.240850,0.136461,0.015742,0.007893,0.059851,0.095299,-0.003338,-0.013905,0.066340,-0.159344,0.374348,-0.087455,0.038891,0.038272,-0.024531,-0.102691,0.205603,0.385141,0.073116,0.045726,-0.020261
-0.013298,0.010210,0.817387,-0.028424,0.031853,-0.661315,0.748893,-0.050913,0.120610,0.038828,0.122727,0.021082,-0.039748,-0.022201,-0.003566,-0.242408,0.136320,0.013890,0.007327,0.059955,0.094360,-0.003422,-0.014330,0.066284,-0.158550,0.372938,-0.087355,0.038271,0.038315,-0.023982,-0.101718,0.205006,0.383602,0.072805,0.045706,-0.020056
-0.013398,0.010255,0.817346,-0.028250,0.031807,-0.661230,0.748976,-0.051532,0.120525,0.038852,0.122700,0.021940,-0.040173,-0.022771,-0.003935,-0.242510,0.136602,0.013335,0.008674,0.059941,0.094125,-0.003430,-0.014673,0.066221,-0.157912,0.371749,-0.087254,0.037806,0.038467,-0.023423,-0.100818,0.204825,0.382302,0.072495,0.045700,-0.020032
-0.013496,0.010386,0.817305,-0.028080,0.031772,-0.661154,0.749051,-0.052161,0.120464,0.038887,0.122679,0.022788,-0.040601,-0.023319,-0.004274,-0.242597,0.136800,0.012823,0.010019,0.059936,0.093940,-0.003454,-0.015051,0.066178,-0.157408,0.370716,-0.087169,0.037382,0.038646,-0.022855,-0.099915,0.204904,0.381166,0.072197,0.045737,-0.020016
-0.013418,0.010259,0.817454,-0.028178,0.032066,-0.661320,0.748888,-0.051484,0.120699,0.038435,0.122491,0.020150,-0.039101,-0.023342,-0.003042,-0.241152,0.136324,0.014434,0.003919,0.059881,0.093878,-0.003382,-0.014457,0.065775,-0.157074,0.370955,-0.087399,0.037807,0.038768,-0.023070,-0.101672,0.204108,0.381730,0.072670,0.045738,-0.020244
-0.013379,0.010237,0.817487,-0.028121,0.032081,-0.661359,0.748855,-0.051420,0.120909,0.038355,0.122559,0.019297,-0.038463,-0.023383,-0.002598,-0.239722,0.135733,0.014718,0.002068,0.059924,0.093523,-0.003551,-0.014167,0.065512,-0.156721,0.371095,-0.087588,0.037836,0.038890,-0.023282,-0.103175,0.203279,0.382492,0.073150,0.045599,-0.020355
-0.013252,0.010128,0.817521,-0.028039,0.032102,-0.661395,0.748826,-0.051372,0.121079,0.038271,0.122563,0.018489,-0.037814,-0.023510,-0.002207,-0.238303,0.135250,0.014948,0.000226,0.059960,0.093115,-0.003767,-0.013956,0.065265,-0.156391,0.371298,-0.087781,0.037794,0.039014,-0.023483,-0.104662,0.202486,0.383282,0.073621,0.045422,-0.020455
-0.013703,0.010120,0.817375,-0.028039,0.032029,-0.661413,0.748813,-0.051509,0.120741,0.037709,0.122854,0.021143,-0.040372,-0.022536,-0.002547,-0.241176,0.135957,0.012122,0.002404,0.060412,0.093324,-0.003849,-0.014259,0.065699,-0.156471,0.371518,-0.087810,0.037873,0.038941,-0.023519,-0.104189,0.202634,0.383213,0.073307,0.045427,-0.020411
-0.013975,0.010062,0.817327,-0.027857,0.031820,-0.661261,0.748963,-0.051401,0.120652,0.036747,0.122876,0.021795,-0.041193,-0.022065,-0.002091,-0.240392,0.136089,0.009612,-0.000940,0.060261,0.093002,-0.003744,-0.014539,0.066083,-0.156543,0.371838,-0.087860,0.037890,0.038886,-0.023919,-0.104510,0.202482,0.383000,0.073221,0.045313,-0.020610
-0.014249,0.010005,0.817279,-0.027690,0.031617,-0.661125,0.749097,-0.051307,0.120608,0.035816,0.122966,0.022406,-0.042029,-0.021553,-0.001580,-0.239563,0.136122,0.007164,-0.004298,0.060145,0.092714,-0.003617,-0.014876,0.066470,-0.156589,0.372177,-0.087923,0.037898,0.038844,-0.024363,-0.104946,0.202322,0.382837,0.073177,0.045178,-0.020832
-0.014054,0.009709,0.817457,-0.028163,0.032147,-0.661201,0.748991,-0.050815,0.121587,0.037817,0.122617,0.020594,-0.039890,-0.022121,-0.002368,-0.241684,0.136386,0.012998,0.007835,0.060283,0.094147,-0.003886,-0.013980,0.065843,-0.157079,0.372715,-0.087699,0.037993,0.038612,-0.023770,-0.104052,0.202655,0.383134,0.073083,0.045356,-0.020751
-0.013957,0.009455,0.817498,-0.028174,0.032343,-0.661175,0.749005,-0.050490,0.121810,0.037747,0.122610,0.020111,-0.039621,-0.021604,-0.002266,-0.241359,0.136051,0.012790,0.010664,0.060305,0.094681,-0.004406,-0.013300,0.065125,-0.157936,0.373428,-0.087480,0.038202,0.038411,-0.023205,-0.103452,0.202978,0.383346,0.072941,0.045586,-0.020506
-0.013785,0.009196,0.817538,-0.028195,0.032529,-0.661139,0.749027,-0.050109,0.122042,0.037650,0.122560,0.019647,-0.039378,-0.021104,-0.002168,-0.241057,0.135856,0.012488,0.013476,0.060315,0.095183,-0.004911,-0.012632,0.064478,-0.158927,0.374373,-0.087322,0.038434,0.038217,-0.022605,-0.102898,0.203356,0.383759,0.072840,0.045847,-0.020311
-0.013748,0.009197,0.817416,-0.028007,0.032143,-0.661248,0.748955,-0.050457,0.120849,0.037977,0.122683,0.019972,-0.039549,-0.021659,-0.002961,-0.241880,0.135924,0.013072,0.006781,0.060991,0.094127,-0.004817,-0.012940,0.065136,-0.158454,0.374738,-0.087760,0.038321,0.038441,-0.022237,-0.102626,0.203788,0.384411,0.073046,0.046063,-0.020277
-0.013704,0.009101,0.817411,-0.027926,0.032205,-0.661262,0.748943,-0.050535,0.120699,0.038140,0.122636,0.019815,-0.039465,-0.021755,-0.003180,-0.241820,0.135865,0.012881,0.007825,0.061712,0.094106,-0.005112,-0.013198,0.065832,-0.158130,0.375509,-0.088319,0.038262,0.038720,-0.022085,-0.102331,0.204429,0.385619,0.073372,0.046314,-0.020305
-0.013566,0.009003,0.817406,-0.027855,0.032262,-0.661278,0.748929,-0.050589,0.120549,0.038314,0.122611,0.019638,-0.039372,-0.021793,-0.003389,-0.241751,0.135742,0.012719,0.008881,0.062429,0.094132,-0.005394,-0.013431,0.066534,-0.158049,0.376829,-0.088986,0.038261,0.039051,-0.021885,-0.102157,0.205388,0.387355,0.073782,0.046636,-0.020337
-0.013551,0.008890,0.817415,-0.027973,0.032207,-0.661168,0.749024,-0.050162,0.120552,0.037903,0.122608,0.019425,-0.039211,-0.021485,-0.003245,-0.242349,0.136023,0.012950,0.006262,0.062902,0.093937,-0.006084,-0.012971,0.066816,-0.159631,0.379285,-0.089174,0.038634,0.039144,-0.022592,-0.103152,0.207334,0.389157,0.073745,0.047128,-0.020357
-0.013464,0.008684,0.817417,-0.028051,0.032144,-0.661178,0.749015,-0.049725,0.120544,0.037779,0.122620,0.019032,-0.038926,-0.021183,-0.003230,-0.242289,0.135979,0.012826,0.006354,0.063121,0.093820,-0.006585,-0.012442,0.067219,-0.161472,0.382265,-0.089435,0.039080,0.039245,-0.023221,-0.104049,0.209619,0.391518,0.073747,0.047693,-0.020344
-0.013375,0.008565,0.817420,-0.028131,0.032073,-0.661192,0.749003,-0.049264,0.120530,0.037665,0.122629,0.018638,-0.038636,-0.020858,-0.003218,-0.242218,0.135925,0.012706,0.006447,0.063332,0.093701,-0.007067,-0.011876,0.067667,-0.163476,0.385598,-0.089750,0.039566,0.039367,-0.023835,-0.104977,0.212157,0.394180,0.073775,0.048334,-0.020323
-0.013534,0.008513,0.817411,-0.027995,0.032209,-0.661003,0.749169,-0.049664,0.120511,0.037035,0.122639,0.019533,-0.039357,-0.020541,-0.003093,-0.242607,0.135906,0.012546,0.006278,0.063676,0.093397,-0.007184,-0.012540,0.068381,-0.163998,0.388429,-0.090846,0.039637,0.039989,-0.024453,-0.107005,0.212424,0.397737,0.075189,0.048259,-0.021062
-0.013692,0.008467,0.817413,-0.027885,0.032316,-0.660813,0.749336,-0.050094,0.120427,0.035902,0.122639,0.019906,-0.039645,-0.020712,-0.002984,-0.243035,0.135906,0.012404,0.006106,0.064063,0.093125,-0.007163,-0.013098,0.069143,-0.164505,0.391125,-0.091891,0.039682,0.040585,-0.025127,-0.108983,0.212528,0.401094,0.076544,0.048145,-0.021785
-0.013849,0.008421,0.817415,-0.027769,0.032432,-0.660622,0.749504,-0.050557,0.120347,0.034761,0.122658,0.020275,-0.039932,-0.020921,-0.002877,-0.243463,0.135938,0.012251,0.005936,0.064453,0.092851,-0.007165,-0.013606,0.069810,-0.164793,0.393307,-0.092815,0.039660,0.041126,-0.025805,-0.110853,0.212329,0.403901,0.077794,0.047958,-0.022490
-0.013681,0.008384,0.817381,-0.027775,0.032429,-0.660757,0.749384,-0.050056,0.120420,0.036221,0.122613,0.018699,-0.038863,-0.020961,-0.003191,-0.244198,0.135977,0.011902,0.005693,0.064369,0.093498,-0.007177,-0.013346,0.069865,-0.164688,0.394422,-0.093344,0.039926,0.041202,-0.025549,-0.110292,0.213262,0.405551,0.078070,0.048039,-0.022396
-0.013615,0.008321,0.817348,-0.027754,0.032450,-0.660868,0.749287,-0.049601,0.120078,0.035721,0.122632,0.017831,-0.038318,-0.020922,-0.003412,-0.244919,0.135983,0.011546,0.005420,0.064352,0.093718,-0.007529,-0.013051,0.069916,-0.164257,0.394474,-0.093632,0.039772,0.041262,-0.025259,-0.109697,0.213653,0.406138,0.078198,0.048110,-0.022323
-0.013549,0.008255,0.817315,-0.027720,0.032481,-0.660969,0.749197,-0.049174,0.119726,0.035189,0.122626,0.016981,-0.037771,-0.020905,-0.003639,-0.245674,0.135984,0.011187,0.005148,0.064311,0.093921,-0.007929,-0.012674,0.069814,-0.163399,0.393575,-0.093739,0.039482,0.041246,-0.024948,-0.108881,0.213488,0.405788,0.078186,0.048050,-0.022238
-0.013320,0.008289,0.817395,-0.027893,0.032568,-0.660869,0.749275,-0.050112,0.120407,0.036046,0.122651,0.018527,-0.038640,-0.020979,-0.003249,-0.243644,0.136123,0.012497,0.006495,0.064114,0.093814,-0.007558,-0.012672,0.069402,-0.164050,0.392761,-0.093145,0.039831,0.041016,-0.024968,-0.108618,0.214067,0.404316,0.077475,0.048177,-0.021867
-0.013048,0.008279,0.817390,-0.027936,0.032659,-0.660920,0.749225,-0.050162,0.120270,0.035966,0.122629,0.018285,-0.038425,-0.021103,-0.003328,-0.243611,0.136057,0.012816,0.006705,0.064135,0.093732,-0.007323,-0.012751,0.069227,-0.164394,0.391404,-0.092438,0.039936,0.040682,-0.024760,-0.107558,0.214143,0.402338,0.076703,0.048245,-0.021409
-0.012868,0.008355,0.817385,-0.027985,0.032735,-0.660959,0.749185,-0.050186,0.120125,0.035859,0.122618,0.018037,-0.038214,-0.021210,-0.003422,-0.243609,0.136056,0.013086,0.006910,0.064145,0.093614,-0.007061,-0.012834,0.069051,-0.164652,0.389853,-0.091707,0.039976,0.040305,-0.024528,-0.106332,0.214115,0.400132,0.075891,0.048295,-0.020968
-0.012808,0.008245,0.817408,-0.028047,0.032560,-0.660999,0.749155,-0.049881,0.120050,0.036411,0.122690,0.018293,-0.038321,-0.020769,-0.003666,-0.243295,0.136069,0.013066,0.007090,0.063608,0.093853,-0.007510,-0.013298,0.069326,-0.163603,0.388585,-0.091455,0.039807,0.040255,-0.023980,-0.105349,0.212988,0.398784,0.075587,0.048326,-0.020892
-0.012642,0.008224,0.817414,-0.028167,0.032414,-0.660974,0.749179,-0.049503,0.119928,0.036573,0.122699,0.018219,-0.038207,-0.020303,-0.003792,-0.243014,0.136093,0.013031,0.007273,0.063137,0.094005,-0.007822,-0.013896,0.069660,-0.162770,0.387985,-0.091289,0.039803,0.040322,-0.023350,-0.104307,0.212373,0.397968,0.075372,0.048397,-0.020825
-0.012563,0.008204,0.817419,-0.028292,0.032261,-0.660947,0.749205,-0.049110,0.119802,0.036728,0.122717,0.018142,-0.038093,-0.019808,-0.003919,-0.242738,0.136106,0.013000,0.007454,0.062657,0.094155,-0.008108,-0.014566,0.070153,-0.162208,0.388030,-0.091266,0.039878,0.040453,-0.022753,-0.103308,0.212198,0.397792,0.075258,0.048556,-0.020774
-0.013075,0.008054,0.817410,-0.028231,0.032235,-0.661063,0.749106,-0.048639,0.120392,0.036771,0.122692,0.018576,-0.038591,-0.019770,-0.003126,-0.242326,0.136150,0.012219,0.005870,0.062285,0.094349,-0.008133,-0.013779,0.070056,-0.162113,0.388152,-0.091044,0.039423,0.040059,-0.023446,-0.106131,0.211038,0.397790,0.075600,0.047998,-0.021211
-0.013478,0.007976,0.817406,-0.028167,0.032204,-0.661202,0.748987,-0.048503,0.121040,0.036840,0.122695,0.018985,-0.039072,-0.019846,-0.002333,-0.241879,0.136209,0.011427,0.004316,0.062014,0.094682,-0.008193,-0.013349,0.070223,-0.162035,0.388621,-0.091165,0.039356,0.040341,-0.024041,-0.109249,0.210154,0.398444,0.075961,0.047731,-0.021587
-0.013967,0.007901,0.817402,-0.028096,0.032183,-0.661344,0.748865,-0.048408,0.121692,0.036917,0.122717,0.019388,-0.039549,-0.019960,-0.001538,-0.241431,0.136282,0.010637,0.002761,0.061760,0.095025,-0.008278,-0.012969,0.070475,-0.162078,0.389336,-0.091350,0.039360,0.040697,-0.024643,-0.112455,0.209461,0.399318,0.076312,0.047524,-0.021945
-0.013757,0.007680,0.817410,-0.028049,0.032134,-0.661510,0.748722,-0.047991,0.121440,0.038494,0.122759,0.017891,-0.038454,-0.019713,-0.002348,-0.241714,0.136118,0.011828,0.005984,0.061398,0.094796,-0.008495,-0.012894,0.069729,-0.163426,0.390109,-0.091386,0.039644,0.040386,-0.024145,-0.111234,0.211074,0.400133,0.075996,0.047938,-0.021430
-0.013614,0.007540,0.817412,-0.028046,0.032100,-0.661643,0.748606,-0.047464,0.121327,0.039671,0.122757,0.017161,-0.038180,-0.019456,-0.002489,-0.241125,0.136019,0.011815,0.006291,0.060943,0.094734,-0.008790,-0.012497,0.069001,-0.164566,0.390830,-0.091435,0.039889,0.040464,-0.023517,-0.109905,0.212847,0.400812,0.075578,0.048465,-0.020914
-0.013474,0.007397,0.817415,-0.028045,0.032068,-0.661777,0.748490,-0.046926,0.121225,0.040845,0.122737,0.016437,-0.037915,-0.019212,-0.002620,-0.240538,0.135943,0.011785,0.006592,0.060465,0.094677,-0.009101,-0.012028,0.068294,-0.165699,0.391500,-0.091451,0.040138,0.040570,-0.022871,-0.108625,0.214722,0.401425,0.075092,0.049035,-0.020389
-0.013343,0.007239,0.817413,-0.028017,0.032194,-0.661864,0.748408,-0.047251,0.121111,0.039108,0.122761,0.017601,-0.038485,-0.019171,-0.002597,-0.240095,0.135837,0.011802,0.006621,0.060250,0.094846,-0.008760,-0.012445,0.069218,-0.165263,0.392640,-0.092093,0.040203,0.040683,-0.023350,-0.109139,0.213678,0.402927,0.076237,0.048782,-0.021084
-0.013315,0.007221,0.817419,-0.027981,0.032281,-0.661930,0.748347,-0.047335,0.121165,0.039297,0.122760,0.017540,-0.038517,-0.019279,-0.002532,-0.239860,0.135754,0.011871,0.006624,0.059746,0.094806,-0.008602,-0.012846,0.069844,-0.164793,0.394066,-0.092710,0.040336,0.040847,-0.023662,-0.109732,0.212514,0.404609,0.077371,0.048494,-0.021656
-0.013199,0.007115,0.817424,-0.027945,0.032368,-0.662003,0.748280,-0.047423,0.121224,0.039509,0.122785,0.017458,-0.038549,-0.019396,-0.002463,-0.239603,0.135689,0.011935,0.006628,0.059271,0.094770,-0.008450,-0.013228,0.070445,-0.164245,0.395426,-0.093307,0.040453,0.041009,-0.023945,-0.110318,0.211274,0.406229,0.078478,0.048174,-0.022201
-0.012940,0.007198,0.817398,-0.028024,0.032524,-0.662067,0.748214,-0.047486,0.121152,0.039990,0.122740,0.016817,-0.038290,-0.019633,-0.002566,-0.239282,0.135750,0.012212,0.006964,0.059080,0.095201,-0.008473,-0.012900,0.070204,-0.163870,0.395719,-0.093702,0.040303,0.041181,-0.024038,-0.111011,0.210163,0.407333,0.079599,0.048084,-0.022539
-0.012585,0.007266,0.817386,-0.028055,0.032645,-0.662139,0.748144,-0.047610,0.120930,0.040115,0.122736,0.016417,-0.038214,-0.019888,-0.002767,-0.238917,0.135771,0.012500,0.007333,0.058789,0.095345,-0.008479,-0.012658,0.070237,-0.163351,0.395409,-0.094048,0.040160,0.041425,-0.023929,-0.111741,0.208656,0.407905,0.080728,0.047777,-0.023028
-0.012232,0.007332,0.817374,-0.028081,0.032767,-0.662208,0.748077,-0.047741,0.120702,0.040229,0.122721,0.016023,-0.038141,-0.020152,-0.002978,-0.238561,0.135796,0.012783,0.007701,0.058502,0.095469,-0.008500,-0.012393,0.070236,-0.162433,0.394433,-0.094310,0.039958,0.041638,-0.023764,-0.112325,0.206589,0.407866,0.081846,0.047339,-0.023553
-0.012573,0.007370,0.817415,-0.027916,0.032749,-0.662396,0.747917,-0.048026,0.120941,0.040595,0.122795,0.017228,-0.038225,-0.020521,-0.002874,-0.238925,0.135758,0.012827,0.006454,0.058520,0.095329,-0.008159,-0.013150,0.070047,-0.163129,0.393370,-0.093536,0.040020,0.041389,-0.024097,-0.111991,0.207655,0.405857,0.080496,0.047254,-0.023205
-0.012824,0.007327,0.817432,-0.027805,0.032790,-0.662570,0.747765,-0.048264,0.121336,0.040723,0.122771,0.017975,-0.038319,-0.020946,-0.002596,-0.239325,0.135783,0.012840,0.005182,0.058486,0.095314,-0.007771,-0.013408,0.069619,-0.163672,0.391928,-0.092659,0.039961,0.041030,-0.024484,-0.111627,0.208252,0.403232,0.079041,0.047259,-0.022791
-0.013073,0.007370,0.817449,-0.027695,0.032834,-0.662744,0.747613,-0.048508,0.121737,0.040847,0.122767,0.018707,-0.038409,-0.021369,-0.002311,-0.239728,0.135802,0.012856,0.003911,0.058449,0.095318,-0.007401,-0.013646,0.069191,-0.163996,0.390152,-0.091748,0.039854,0.040681,-0.024848,-0.111262,0.208543,0.400308,0.077607,0.047218,-0.022409
-0.013008,0.007339,0.817409,-0.027723,0.032777,-0.662645,0.747702,-0.048150,0.121447,0.041040,0.122698,0.016713,-0.038071,-0.021148,-0.002455,-0.239054,0.135756,0.012766,0.006749,0.058835,0.095045,-0.007718,-0.012959,0.067992,-0.163843,0.388057,-0.090993,0.039703,0.040011,-0.023785,-0.109168,0.208606,0.398118,0.076740,0.047676,-0.021589
-0.012848,0.007278,0.817404,-0.027790,0.032752,-0.662609,0.747733,-0.047766,0.121379,0.041300,0.122693,0.015903,-0.037904,-0.020882,-0.002595,-0.239139,0.135746,0.012775,0.006938,0.059216,0.094821,-0.007930,-0.012225,0.066606,-0.164132,0.386206,-0.090311,0.039615,0.039443,-0.022573,-0.107178,0.208883,0.396214,0.075983,0.047819,-0.020955
-0.012690,0.007215,0.817400,-0.027854,0.032732,-0.662571,0.747765,-0.047373,0.121315,0.041559,0.122649,0.015112,-0.037738,-0.020617,-0.002728,-0.239234,0.135720,0.012791,0.007125,0.059605,0.094609,-0.008162,-0.011478,0.065290,-0.164730,0.384854,-0.089755,0.039606,0.038949,-0.021329,-0.105352,0.209458,0.394863,0.075342,0.048007,-0.020372
-0.012706,0.007205,0.817415,-0.027838,0.032647,-0.662702,0.747653,-0.047391,0.121096,0.042052,0.122807,0.016779,-0.038517,-0.020489,-0.002675,-0.238586,0.135618,0.012763,0.007609,0.059461,0.094726,-0.008377,-0.011203,0.064743,-0.164369,0.383778,-0.089605,0.039499,0.038925,-0.021839,-0.106699,0.207650,0.394489,0.075834,0.047668,-0.020752
-0.012621,0.007126,0.817427,-0.027811,0.032596,-0.662764,0.747602,-0.047064,0.121098,0.043367,0.122792,0.016813,-0.038888,-0.020496,-0.002588,-0.237836,0.135561,0.012763,0.008093,0.059209,0.094944,-0.008352,-0.011281,0.064249,-0.164305,0.383137,-0.089515,0.039447,0.038875,-0.022584,-0.108280,0.206030,0.394634,0.076408,0.047208,-0.021123
-0.012624,0.007140,0.817438,-0.027802,0.032530,-0.662830,0.747546,-0.046708,0.121109,0.044693,0.122823,0.016820,-0.039261,-0.020465,-0.002490,-0.237072,0.135514,0.012762,0.008574,0.058969,0.095179,-0.008248,-0.011386,0.063670,-0.164362,0.382581,-0.089407,0.039401,0.038779,-0.023344,-0.109933,0.204429,0.394905,0.077001,0.046731,-0.021471
-0.012387,0.007070,0.817427,-0.027891,0.032506,-0.662837,0.747537,-0.046963,0.120592,0.041378,0.122694,0.015968,-0.038374,-0.019923,-0.003462,-0.237523,0.135656,0.013483,0.008912,0.058745,0.095178,-0.008355,-0.011995,0.064721,-0.163797,0.382976,-0.089588,0.039550,0.038939,-0.023731,-0.109446,0.204774,0.394574,0.076529,0.046794,-0.021294
-0.012230,0.007086,0.817441,-0.027939,0.032485,-0.662812,0.747559,-0.046870,0.120294,0.041160,0.122679,0.015085,-0.038484,-0.019716,-0.004014,-0.237161,0.135731,0.014367,0.010441,0.058023,0.095255,-0.008253,-0.012601,0.065560,-0.163098,0.383011,-0.089581,0.039568,0.038802,-0.024173,-0.108835,0.204987,0.393841,0.075977,0.046836,-0.021125
-0.012073,0.007103,0.817456,-0.027995,0.032457,-0.662804,0.747565,-0.046741,0.120011,0.040983,0.122654,0.014201,-0.038592,-0.019499,-0.004553,-0.236752,0.135801,0.015260,0.011966,0.057319,0.095339,-0.008119,-0.013177,0.066275,-0.162237,0.382633,-0.089438,0.039535,0.038565,-0.024643,-0.108202,0.204939,0.392689,0.075364,0.046832,-0.020937
-0.012284,0.006923,0.817399,-0.027979,0.032576,-0.662861,0.747510,-0.046631,0.120614,0.041183,0.122750,0.016045,-0.038425,-0.019549,-0.002869,-0.237788,0.135790,0.012210,0.006541,0.057949,0.095827,-0.007683,-0.012183,0.065171,-0.162135,0.381325,-0.088921,0.039309,0.038413,-0.024234,-0.106347,0.205369,0.390821,0.074742,0.046727,-0.020576
-0.012631,0.006739,0.817381,-0.027948,0.032623,-0.662984,0.747400,-0.046487,0.121037,0.040833,0.122686,0.015692,-0.038590,-0.019460,-0.002237,-0.238322,0.136110,0.011356,0.004872,0.058417,0.095791,-0.007426,-0.011030,0.064199,-0.162145,0.379770,-0.088386,0.039189,0.038321,-0.023646,-0.104515,0.205701,0.388778,0.073976,0.046843,-0.020100
-0.012974,0.006551,0.817362,-0.027913,0.032672,-0.663107,0.747290,-0.046358,0.121452,0.040488,0.122654,0.015315,-0.038747,-0.019342,-0.001610,-0.238849,0.136368,0.010529,0.003216,0.058884,0.095732,-0.007189,-0.009769,0.063239,-0.162285,0.378344,-0.087883,0.039134,0.038253,-0.023048,-0.102716,0.206135,0.386840,0.073199,0.047002,-0.019611
-0.012954,0.006579,0.817409,-0.027758,0.032628,-0.662981,0.747409,-0.046515,0.121499,0.040603,0.122758,0.016237,-0.038709,-0.019884,-0.002133,-0.237778,0.135683,0.012146,0.006193,0.058409,0.095899,-0.007178,-0.010564,0.063545,-0.161063,0.376805,-0.087865,0.038811,0.038135,-0.022738,-0.102566,0.205113,0.385672,0.073328,0.046772,-0.019819
-0.013020,0.006629,0.817419,-0.027690,0.032689,-0.663099,0.747305,-0.046707,0.121502,0.040537,0.122715,0.016441,-0.038625,-0.020241,-0.002013,-0.237436,0.135436,0.012716,0.005528,0.058114,0.096101,-0.007043,-0.011311,0.063697,-0.160097,0.376052,-0.087840,0.038501,0.038250,-0.022542,-0.102636,0.204421,0.384916,0.073502,0.046536,-0.019946
-0.013002,0.006680,0.817428,-0.027629,0.032749,-0.663218,0.747199,-0.046907,0.121520,0.040471,0.122710,0.016628,-0.038546,-0.020619,-0.001890,-0.237097,0.135255,0.013254,0.004861,0.057832,0.096316,-0.006890,-0.012002,0.063853,-0.159429,0.375825,-0.087876,0.038244,0.038373,-0.022356,-0.102745,0.204126,0.384634,0.073703,0.046372,-0.020047
-0.012950,0.006726,0.817396,-0.027495,0.032848,-0.663335,0.747096,-0.047336,0.121513,0.041483,0.122689,0.016681,-0.038226,-0.020988,-0.002078,-0.236966,0.135226,0.012589,0.007792,0.057688,0.096582,-0.007099,-0.012221,0.063296,-0.160362,0.376040,-0.087410,0.038641,0.038025,-0.022736,-0.102747,0.204725,0.384860,0.073276,0.046603,-0.019888
-0.012863,0.006758,0.817384,-0.027312,0.032954,-0.663349,0.747085,-0.047776,0.121314,0.041970,0.122681,0.017027,-0.038008,-0.021541,-0.002181,-0.236359,0.135057,0.012878,0.008958,0.057495,0.097092,-0.007322,-0.012499,0.062814,-0.161766,0.376701,-0.087106,0.038832,0.037928,-0.023089,-0.102793,0.205917,0.385724,0.072849,0.046960,-0.019650
-0.012777,0.006791,0.817373,-0.027127,0.033072,-0.663363,0.747074,-0.048237,0.121127,0.042451,0.122665,0.017381,-0.037792,-0.022090,-0.002265,-0.235752,0.134821,0.013208,0.010121,0.057306,0.097616,-0.007569,-0.012756,0.062302,-0.163657,0.378030,-0.086842,0.039088,0.037818,-0.023452,-0.102936,0.207896,0.387419,0.072418,0.047494,-0.019369
-0.012699,0.006834,0.817370,-0.026990,0.033137,-0.663451,0.746998,-0.048888,0.120575,0.041282,0.122633,0.015995,-0.038332,-0.022344,-0.002722,-0.235341,0.135145,0.012923,0.009437,0.057332,0.097310,-0.007580,-0.013248,0.063554,-0.164122,0.379302,-0.087154,0.039259,0.037914,-0.023719,-0.103127,0.210468,0.389885,0.072093,0.047998,-0.019284
-0.012625,0.006874,0.817326,-0.026770,0.033131,-0.663504,0.746960,-0.049569,0.119967,0.040712,0.122709,0.015277,-0.038358,-0.022877,-0.002943,-0.233851,0.135078,0.013267,0.011753,0.057169,0.096893,-0.007573,-0.013836,0.064926,-0.164965,0.381244,-0.087590,0.039489,0.038195,-0.024163,-0.103283,0.214459,0.394258,0.071950,0.048820,-0.019253
-0.012550,0.006915,0.817283,-0.026545,0.033127,-0.663561,0.746917,-0.050246,0.119353,0.040163,0.122755,0.014576,-0.038380,-0.023402,-0.003160,-0.232350,0.134957,0.013645,0.014071,0.057006,0.096460,-0.007573,-0.014432,0.066308,-0.166220,0.383779,-0.088065,0.039794,0.038473,-0.024805,-0.104041,0.220298,0.401501,0.072194,0.050063,-0.019303
-0.012756,0.006972,0.817412,-0.026940,0.033743,-0.663785,0.746676,-0.049773,0.121788,0.041274,0.122618,0.016525,-0.038426,-0.023824,-0.001950,-0.236299,0.135526,0.012457,0.004920,0.056404,0.098132,-0.007485,-0.014458,0.067154,-0.161771,0.384662,-0.091335,0.038892,0.040653,-0.025979,-0.109852,0.218388,0.414067,0.079391,0.049919,-0.022000
-0.013145,0.007018,0.817417,-0.026853,0.033875,-0.663979,0.746501,-0.050204,0.122485,0.041073,0.122654,0.016703,-0.038660,-0.024439,-0.001431,-0.236599,0.135785,0.011630,0.002484,0.055916,0.098255,-0.006930,-0.014523,0.068049,-0.157496,0.385472,-0.094676,0.038194,0.042693,-0.027650,-0.116893,0.219219,0.432051,0.087753,0.050209,-0.025062
-0.013530,0.007064,0.817423,-0.026747,0.034003,-0.664178,0.746322,-0.050660,0.123145,0.040895,0.122707,0.016875,-0.038882,-0.025086,-0.000954,-0.236872,0.136057,0.010804,0.000058,0.055463,0.098293,-0.006400,-0.014555,0.068966,-0.153052,0.385996,-0.098049,0.037485,0.044795,-0.029728,-0.125602,0.223297,0.456534,0.097457,0.051206,-0.028504
-0.013373,0.007036,0.817397,-0.026619,0.034062,-0.664205,0.746299,-0.050813,0.122641,0.040955,0.122799,0.016733,-0.038751,-0.025440,-0.001033,-0.236486,0.135737,0.013050,0.005765,0.055555,0.098218,-0.006121,-0.015379,0.070362,-0.157383,0.389707,-0.097201,0.038521,0.044620,-0.031156,-0.133908,0.243482,0.487632,0.101330,0.055644,-0.029432
-0.013107,0.006894,0.817403,-0.026543,0.034208,-0.664251,0.746255,-0.050982,0.122458,0.040992,0.122768,0.016627,-0.038653,-0.025650,-0.001214,-0.236466,0.135662,0.013311,0.006041,0.055509,0.098280,-0.006030,-0.016039,0.071354,-0.161158,0.393212,-0.096242,0.039227,0.044203,-0.032813,-0.143692,0.266574,0.524382,0.106260,0.060913,-0.030523
-0.012933,0.006837,0.817407,-0.026461,0.034362,-0.664293,0.746213,-0.051176,0.122283,0.041019,0.122744,0.016521,-0.038562,-0.025922,-0.001400,-0.236456,0.135687,0.013513,0.006310,0.055433,0.098352,-0.005976,-0.016681,0.072320,-0.164380,0.396026,-0.095251,0.039751,0.043791,-0.034678,-0.154417,0.291080,0.564348,0.111993,0.066534,-0.031878
-0.012913,0.006921,0.817407,-0.026487,0.034373,-0.664228,0.746269,-0.051395,0.122200,0.040513,0.122745,0.016650,-0.038624,-0.026067,-0.001407,-0.236482,0.135691,0.013666,0.006297,0.055713,0.097959,-0.006421,-0.017270,0.072905,-0.163546,0.397084,-0.095925,0.039670,0.043930,-0.037462,-0.167512,0.308621,0.605725,0.121930,0.070991,-0.035276
-0.012889,0.007105,0.817407,-0.026530,0.034366,-0.664170,0.746320,-0.051601,0.122124,0.040024,0.122769,0.016779,-0.038679,-0.026200,-0.001413,-0.236490,0.135704,0.013832,0.006290,0.056146,0.097595,-0.006631,-0.017715,0.073332,-0.162357,0.397520,-0.096663,0.039536,0.044361,-0.040128,-0.179602,0.323756,0.643317,0.131307,0.074556,-0.038460
-0.012863,0.007290,0.817406,-0.026580,0.034354,-0.664113,0.746369,-0.051787,0.122048,0.039541,0.122797,0.016902,-0.038729,-0.026311,-0.001418,-0.236499,0.135713,0.014002,0.006284,0.056590,0.097237,-0.006817,-0.018202,0.073819,-0.160807,0.397448,-0.097406,0.039342,0.044885,-0.042361,-0.189889,0.334991,0.673876,0.139400,0.077175,-0.041291
-0.012829,0.007234,0.817462,-0.026595,0.034454,-0.664307,0.746192,-0.052111,0.122619,0.041139,0.122660,0.016202,-0.038154,-0.026698,-0.001252,-0.235743,0.135716,0.015456,0.006886,0.056389,0.097801,-0.006640,-0.018406,0.073667,-0.161838,0.398616,-0.097169,0.039624,0.044815,-0.043627,-0.194340,0.346408,0.694296,0.142716,0.079419,-0.042146
-0.012703,0.007078,0.817518,-0.026599,0.034578,-0.664498,0.746015,-0.052490,0.123061,0.041884,0.122564,0.015488,-0.037552,-0.027084,-0.001048,-0.234944,0.135607,0.016971,0.007489,0.056375,0.098001,-0.006637,-0.018556,0.073665,-0.162486,0.399614,-0.096854,0.039807,0.044545,-0.044685,-0.196339,0.352677,0.704737,0.144090,0.080757,-0.042461
-0.012666,0.007010,0.817574,-0.026597,0.034708,-0.664687,0.745841,-0.052896,0.123503,0.042619,0.122474,0.014777,-0.036953,-0.027482,-0.000843,-0.234156,0.135484,0.018491,0.008089,0.056331,0.098188,-0.006650,-0.018786,0.073776,-0.162835,0.400351,-0.096511,0.039931,0.044290,-0.045143,-0.195771,0.353524,0.705206,0.143595,0.080889,-0.042295
-0.012796,0.006976,0.817422,-0.026316,0.034664,-0.664487,0.746031,-0.051744,0.122058,0.039787,0.122862,0.016105,-0.038131,-0.026721,-0.001248,-0.235833,0.135320,0.014324,0.006360,0.056829,0.097472,-0.007085,-0.018642,0.073061,-0.163608,0.399830,-0.095868,0.040106,0.043640,-0.044601,-0.192610,0.349717,0.694147,0.140426,0.080014,-0.040942
-0.012830,0.006765,0.817422,-0.026351,0.034559,-0.664307,0.746196,-0.051109,0.121727,0.038733,0.122796,0.015611,-0.037784,-0.026206,-0.001391,-0.236256,0.135564,0.013900,0.006381,0.057087,0.097173,-0.007072,-0.018535,0.072329,-0.164528,0.398842,-0.095177,0.040175,0.043172,-0.043263,-0.187047,0.340785,0.673062,0.135290,0.078028,-0.039114
-0.012856,0.006640,0.817423,-0.026392,0.034464,-0.664149,0.746339,-0.050492,0.121432,0.037735,0.122795,0.015068,-0.037437,-0.025615,-0.001477,-0.236623,0.135598,0.013595,0.006401,0.057418,0.096930,-0.007074,-0.018499,0.071611,-0.165364,0.397718,-0.094464,0.040245,0.042759,-0.041331,-0.179195,0.327125,0.643015,0.128433,0.074996,-0.036834
-0.012759,0.006382,0.817416,-0.026445,0.034471,-0.664123,0.746359,-0.050583,0.121713,0.039382,0.122797,0.015442,-0.038055,-0.025192,-0.001694,-0.237246,0.135546,0.013432,0.006682,0.057933,0.096915,-0.006989,-0.018302,0.070970,-0.165222,0.396716,-0.094275,0.040101,0.042566,-0.038710,-0.167161,0.310127,0.606124,0.120579,0.071043,-0.034031
-0.012609,0.006119,0.817420,-0.026399,0.034566,-0.664095,0.746382,-0.050230,0.121373,0.039118,0.122777,0.014605,-0.037860,-0.024917,-0.001880,-0.237488,0.135513,0.013322,0.006877,0.058380,0.096879,-0.007021,-0.018207,0.070562,-0.165150,0.395906,-0.094081,0.040117,0.042231,-0.035847,-0.153893,0.291531,0.565861,0.112074,0.066675,-0.031184
-0.012462,0.005943,0.817423,-0.026353,0.034661,-0.664058,0.746412,-0.049895,0.121030,0.038835,0.122785,0.013753,-0.037668,-0.024638,-0.002071,-0.237752,0.135486,0.013198,0.007070,0.058783,0.096830,-0.007055,-0.018175,0.070231,-0.165285,0.395455,-0.093924,0.040199,0.041884,-0.033014,-0.140717,0.273383,0.526226,0.103655,0.062414,-0.028349
-0.012380,0.005964,0.817356,-0.026234,0.034561,-0.663915,0.746548,-0.050870,0.120783,0.039051,0.122869,0.016111,-0.038283,-0.024958,-0.002391,-0.236908,0.135297,0.012094,0.008598,0.058842,0.096543,-0.007040,-0.017096,0.069581,-0.166056,0.395555,-0.093633,0.040280,0.041587,-0.031344,-0.131849,0.255276,0.491515,0.096808,0.058350,-0.026595
-0.012421,0.005924,0.817300,-0.026034,0.034505,-0.663800,0.746660,-0.051426,0.119841,0.038661,0.122901,0.017024,-0.038506,-0.025306,-0.002924,-0.236183,0.135202,0.010990,0.010099,0.059114,0.096179,-0.007207,-0.016153,0.068589,-0.166784,0.395926,-0.093385,0.040488,0.041220,-0.030140,-0.124784,0.240520,0.463563,0.091214,0.054987,-0.025090
-0.012459,0.005972,0.817244,-0.025836,0.034443,-0.663683,0.746774,-0.051985,0.118891,0.038268,0.122960,0.017926,-0.038724,-0.025654,-0.003467,-0.235465,0.135133,0.009873,0.011607,0.059389,0.095824,-0.007360,-0.015200,0.067524,-0.167676,0.396423,-0.093112,0.040750,0.040817,-0.029427,-0.119674,0.229638,0.442984,0.087017,0.052492,-0.023925
-0.012330,0.005866,0.817411,-0.026061,0.034910,-0.663535,0.746876,-0.051647,0.121025,0.038359,0.122533,0.015517,-0.038213,-0.025637,-0.002448,-0.237857,0.135686,0.012771,0.007896,0.059419,0.096741,-0.007717,-0.015397,0.068181,-0.166046,0.395730,-0.093610,0.040374,0.041468,-0.028089,-0.116758,0.221191,0.428490,0.084602,0.050381,-0.023388
-0.012331,0.005739,0.817413,-0.025988,0.035055,-0.663425,0.746969,-0.052009,0.121029,0.037693,0.122661,0.015148,-0.038388,-0.025740,-0.002372,-0.238166,0.135438,0.012688,0.008370,0.059826,0.096765,-0.007760,-0.015331,0.068984,-0.164227,0.394688,-0.093953,0.040014,0.041815,-0.027209,-0.115034,0.215426,0.418968,0.083124,0.048921,-0.023223
-0.012332,0.005611,0.817416,-0.025890,0.035193,-0.663311,0.747068,-0.052351,0.120970,0.037033,0.122682,0.014843,-0.038552,-0.025936,-0.002376,-0.238478,0.135346,0.012522,0.008853,0.060218,0.096690,-0.007825,-0.015160,0.069662,-0.162208,0.393087,-0.094146,0.039607,0.042062,-0.026545,-0.114191,0.211335,0.412741,0.082304,0.047848,-0.023247
-0.012294,0.005456,0.817407,-0.025680,0.035421,-0.663339,0.747039,-0.052711,0.121129,0.037651,0.122711,0.015384,-0.038457,-0.026199,-0.002291,-0.238456,0.135425,0.012651,0.007418,0.059468,0.096355,-0.007690,-0.015375,0.068849,-0.162706,0.391717,-0.093459,0.039466,0.041860,-0.026000,-0.111990,0.209934,0.408201,0.081210,0.047601,-0.022887
-0.012376,0.005278,0.817410,-0.025468,0.035622,-0.663321,0.747053,-0.053181,0.121174,0.037718,0.122682,0.015428,-0.038603,-0.026643,-0.002263,-0.238528,0.135442,0.012461,0.007370,0.059441,0.096123,-0.007351,-0.015398,0.068135,-0.162912,0.390065,-0.092745,0.039378,0.041630,-0.025590,-0.109900,0.209199,0.404712,0.080403,0.047411,-0.022725
-0.012371,0.005101,0.817413,-0.025253,0.035822,-0.663302,0.747067,-0.053662,0.121219,0.037786,0.122672,0.015462,-0.038748,-0.027100,-0.002237,-0.238595,0.135482,0.012258,0.007321,0.059431,0.095881,-0.007008,-0.015378,0.067402,-0.163183,0.388485,-0.092056,0.039300,0.041411,-0.025200,-0.108013,0.208881,0.402033,0.079784,0.047304,-0.022632
-0.012436,0.005145,0.817406,-0.025122,0.035971,-0.663373,0.747001,-0.053963,0.121287,0.037774,0.122664,0.015566,-0.038701,-0.027568,-0.002148,-0.238782,0.135531,0.012794,0.006049,0.059526,0.096066,-0.007185,-0.015624,0.067631,-0.162602,0.387255,-0.091756,0.039213,0.041243,-0.025198,-0.106666,0.209012,0.399991,0.078780,0.047245,-0.021951
-0.012504,0.005195,0.817402,-0.025037,0.036079,-0.663443,0.746937,-0.054289,0.121369,0.037763,0.122660,0.015668,-0.038663,-0.028038,-0.002039,-0.238968,0.135533,0.013355,0.004770,0.059514,0.096067,-0.007390,-0.016014,0.067862,-0.162587,0.386941,-0.091580,0.039169,0.041103,-0.025351,-0.105533,0.209774,0.399011,0.077972,0.047490,-0.021491
-0.012572,0.005245,0.817398,-0.024953,0.036185,-0.663513,0.746873,-0.054612,0.121451,0.037751,0.122655,0.015771,-0.038621,-0.028502,-0.001929,-0.239156,0.135529,0.013919,0.003491,0.059504,0.096067,-0.007581,-0.016444,0.068232,-0.163020,0.387588,-0.091616,0.039207,0.041057,-0.025564,-0.104528,0.211189,0.399034,0.077340,0.047877,-0.021075
-0.012718,0.005170,0.817401,-0.024951,0.036302,-0.663644,0.746751,-0.054719,0.121992,0.037662,0.122650,0.015530,-0.039007,-0.028458,-0.001305,-0.237903,0.135369,0.012109,0.005516,0.059143,0.096002,-0.007935,-0.016082,0.068891,-0.162801,0.389185,-0.092052,0.039367,0.041167,-0.025921,-0.106255,0.210735,0.400843,0.078010,0.047796,-0.021684
-0.012944,0.005017,0.817386,-0.024939,0.036323,-0.663773,0.746635,-0.054597,0.122282,0.037635,0.122688,0.015247,-0.039339,-0.028456,-0.000901,-0.237526,0.135354,0.011436,0.004076,0.058822,0.095883,-0.008193,-0.015706,0.069580,-0.162955,0.391442,-0.092557,0.039623,0.041323,-0.026296,-0.108262,0.210583,0.403393,0.078792,0.047783,-0.022188
-0.013083,0.004953,0.817372,-0.024931,0.036344,-0.663901,0.746521,-0.054465,0.122582,0.037601,0.122715,0.014972,-0.039674,-0.028429,-0.000484,-0.237154,0.135306,0.010783,0.002634,0.058510,0.095782,-0.008441,-0.015343,0.070312,-0.163266,0.393986,-0.093113,0.039908,0.041492,-0.026704,-0.110276,0.210644,0.406219,0.079583,0.047798,-0.022674
-0.012849,0.004816,0.817405,-0.024964,0.036308,-0.663863,0.746555,-0.054308,0.122638,0.038077,0.122754,0.015222,-0.038836,-0.028248,-0.000825,-0.237262,0.135445,0.012305,0.006500,0.058074,0.095939,-0.009234,-0.016040,0.070348,-0.164382,0.396279,-0.093751,0.040063,0.041910,-0.026686,-0.111640,0.211394,0.408738,0.080283,0.047980,-0.022869
-0.012605,0.004666,0.817413,-0.024934,0.036290,-0.663887,0.746536,-0.054136,0.122402,0.038257,0.122745,0.015057,-0.038600,-0.028016,-0.001116,-0.236992,0.135366,0.012316,0.006895,0.057929,0.095867,-0.009794,-0.016735,0.070431,-0.165355,0.398232,-0.094358,0.040139,0.042313,-0.026574,-0.112963,0.211992,0.410815,0.080890,0.048096,-0.023069
-0.012453,0.004515,0.817419,-0.024907,0.036269,-0.663913,0.746515,-0.053955,0.122177,0.038434,0.122750,0.014881,-0.038372,-0.027791,-0.001402,-0.236721,0.135332,0.012299,0.007277,0.057811,0.095783,-0.010339,-0.017435,0.070485,-0.166134,0.399731,-0.094875,0.040170,0.042675,-0.026438,-0.114229,0.212279,0.412416,0.081413,0.048147,-0.023282
-0.012218,0.004363,0.817425,-0.024947,0.036302,-0.663897,0.746526,-0.053439,0.121596,0.038567,0.122786,0.014791,-0.038322,-0.027592,-0.001676,-0.236636,0.135380,0.012299,0.007534,0.057984,0.095778,-0.010457,-0.017705,0.071283,-0.166575,0.401023,-0.095140,0.040406,0.042742,-0.026845,-0.114005,0.213114,0.413327,0.081577,0.048416,-0.023259
-0.012061,0.004206,0.817438,-0.024980,0.036268,-0.663916,0.746509,-0.053126,0.121324,0.038667,0.122795,0.014714,-0.038288,-0.027419,-0.001872,-0.236565,0.135428,0.012297,0.007809,0.058209,0.095696,-0.010347,-0.017995,0.072374,-0.166017,0.401931,-0.095544,0.040407,0.043127,-0.027217,-0.113735,0.213737,0.413903,0.081684,0.048576,-0.023416
-0.011819,0.004051,0.817451,-0.025015,0.036234,-0.663935,0.746493,-0.052817,0.121056,0.038764,0.122816,0.014632,-0.038256,-0.027242,-0.002066,-0.236492,0.135476,0.012294,0.008080,0.058388,0.095606,-0.010214,-0.018332,0.073483,-0.165210,0.402566,-0.095896,0.040342,0.043513,-0.027634,-0.113469,0.214209,0.414252,0.081785,0.048685,-0.023610
-0.011680,0.004007,0.817434,-0.025108,0.036276,-0.663881,0.746536,-0.052498,0.121108,0.038687,0.122758,0.013950,-0.037988,-0.026696,-0.002358,-0.236404,0.135778,0.012504,0.010066,0.058536,0.095910,-0.010132,-0.017603,0.072799,-0.165813,0.402960,-0.095654,0.040511,0.042911,-0.027341,-0.112835,0.214899,0.415087,0.081735,0.048972,-0.023318
-0.011536,0.004034,0.817448,-0.025190,0.036216,-0.663888,0.746530,-0.052192,0.120934,0.038691,0.122775,0.013802,-0.037807,-0.026392,-0.002632,-0.236302,0.135991,0.012750,0.012072,0.058720,0.096071,-0.010106,-0.016936,0.072308,-0.166345,0.403139,-0.095439,0.040694,0.042603,-0.026828,-0.112509,0.215645,0.416239,0.081751,0.049273,-0.023042
-0.011305,0.003971,0.817462,-0.025263,0.036164,-0.663896,0.746522,-0.051896,0.120753,0.038700,0.122766,0.013666,-0.037624,-0.026114,-0.002910,-0.236193,0.136210,0.012992,0.014080,0.058930,0.096225,-0.010117,-0.016297,0.071860,-0.166839,0.403263,-0.095234,0.040878,0.042319,-0.026353,-0.112419,0.216854,0.418320,0.081954,0.049690,-0.022825
-0.011486,0.003946,0.817416,-0.025270,0.035962,-0.663829,0.746591,-0.051415,0.120618,0.038678,0.122726,0.013609,-0.037678,-0.025671,-0.002852,-0.237396,0.135641,0.011608,0.007936,0.059447,0.096109,-0.010632,-0.016433,0.071656,-0.167678,0.403122,-0.095067,0.040839,0.042485,-0.026887,-0.113167,0.219294,0.421852,0.082319,0.050252,-0.023000
-0.011663,0.003923,0.817401,-0.025369,0.035834,-0.663760,0.746656,-0.051033,0.120794,0.038417,0.122724,0.013430,-0.037637,-0.025179,-0.002729,-0.238230,0.135565,0.010900,0.007014,0.059951,0.096205,-0.011024,-0.016512,0.071342,-0.168536,0.403056,-0.094926,0.040965,0.042563,-0.027402,-0.114615,0.223703,0.429199,0.083347,0.051464,-0.023180
-0.011748,0.003899,0.817386,-0.025466,0.035704,-0.663691,0.746720,-0.050646,0.120953,0.038159,0.122719,0.013247,-0.037587,-0.024681,-0.002621,-0.239055,0.135480,0.010192,0.006104,0.060454,0.096303,-0.011423,-0.016585,0.071009,-0.169457,0.403002,-0.094764,0.041126,0.042644,-0.028273,-0.117686,0.231417,0.442748,0.085547,0.053468,-0.023668
-0.011792,0.003736,0.817428,-0.025434,0.035580,-0.663715,0.746706,-0.050449,0.120609,0.037970,0.122780,0.013797,-0.037687,-0.024570,-0.002776,-0.237463,0.135680,0.011525,0.008458,0.060053,0.095838,-0.011461,-0.016556,0.071058,-0.169134,0.403054,-0.094724,0.040973,0.042348,-0.029650,-0.125190,0.243142,0.465700,0.090210,0.055808,-0.025125
-0.011733,0.003683,0.817434,-0.025427,0.035505,-0.663692,0.746730,-0.050136,0.120474,0.037942,0.122746,0.013797,-0.037623,-0.024263,-0.002866,-0.237240,0.135676,0.011367,0.008550,0.059833,0.095629,-0.011597,-0.016147,0.070979,-0.168678,0.403261,-0.094714,0.041105,0.042315,-0.031746,-0.136273,0.261280,0.501192,0.097237,0.059809,-0.027075
-0.011763,0.003541,0.817439,-0.025428,0.035428,-0.663664,0.746758,-0.049820,0.120349,0.037897,0.122737,0.013783,-0.037561,-0.023951,-0.002955,-0.237038,0.135704,0.011185,0.008642,0.059592,0.095443,-0.011728,-0.015693,0.070840,-0.168322,0.403452,-0.094670,0.041284,0.042288,-0.034743,-0.151334,0.287025,0.551240,0.107068,0.065571,-0.029791
-0.011691,0.003405,0.817441,-0.025462,0.035324,-0.663662,0.746764,-0.049553,0.120181,0.037876,0.122753,0.013734,-0.037372,-0.023685,-0.003113,-0.237123,0.135679,0.011092,0.008809,0.059681,0.095886,-0.011997,-0.015649,0.070710,-0.167964,0.403005,-0.094989,0.040882,0.042473,-0.039351,-0.169544,0.318655,0.615902,0.120596,0.072837,-0.034022
-0.011618,0.003350,0.817443,-0.025490,0.035228,-0.663664,0.746766,-0.049301,0.120023,0.037867,0.122781,0.013670,-0.037184,-0.023457,-0.003244,-0.237212,0.135638,0.011003,0.008970,0.059961,0.096065,-0.012009,-0.015476,0.070423,-0.167668,0.402672,-0.095199,0.040728,0.042540,-0.044502,-0.190390,0.355444,0.690786,0.136049,0.081290,-0.038684
-0.011547,0.003296,0.817445,-0.025519,0.035130,-0.663669,0.746765,-0.049038,0.119866,0.037861,0.122806,0.013607,-0.036996,-0.023219,-0.003375,-0.237299,0.135595,0.010915,0.009132,0.060253,0.096237,-0.012010,-0.015264,0.070095,-0.167413,0.402302,-0.095390,0.040616,0.042589,-0.049778,-0.211814,0.393229,0.767683,0.151885,0.089954,-0.043442
-0.011479,0.003018,0.817456,-0.025460,0.035306,-0.663712,0.746721,-0.048785,0.119941,0.038134,0.122782,0.013440,-0.037153,-0.022998,-0.003608,-0.236857,0.135693,0.010637,0.010014,0.059997,0.096169,-0.011792,-0.015149,0.070779,-0.166787,0.402139,-0.095599,0.040608,0.042695,-0.054122,-0.231550,0.427661,0.835625,0.165236,0.097713,-0.046999
-0.011397,0.002810,0.817471,-0.025399,0.035450,-0.663746,0.746686,-0.048737,0.120057,0.038327,0.122753,0.013268,-0.037295,-0.023102,-0.003678,-0.236322,0.135791,0.010350,0.010893,0.059579,0.096124,-0.011482,-0.014980,0.071613,-0.166124,0.401944,-0.095787,0.040589,0.042754,-0.057207,-0.246052,0.452202,0.884245,0.174773,0.103225,-0.049412
-0.011315,0.002602,0.817486,-0.025330,0.035604,-0.663781,0.746650,-0.048725,0.120179,0.038519,0.122737,0.013094,-0.037437,-0.023242,-0.003746,-0.235788,0.135906,0.010057,0.011771,0.059147,0.096075,-0.011201,-0.014759,0.072465,-0.165376,0.401705,-0.095996,0.040551,0.042804,-0.058567,-0.253258,0.462930,0.906138,0.179084,0.105582,-0.050343
-0.011203,0.002767,0.817460,-0.025406,0.035592,-0.663804,0.746627,-0.049004,0.119871,0.038650,0.122760,0.013731,-0.036542,-0.023693,-0.003691,-0.237723,0.135628,0.012565,0.011861,0.059276,0.096276,-0.011204,-0.015173,0.072732,-0.165310,0.401729,-0.095965,0.040530,0.042990,-0.058003,-0.249975,0.460181,0.899181,0.177524,0.104866,-0.050012
-0.011088,0.002818,0.817480,-0.025580,0.035742,-0.663862,0.746563,-0.049267,0.120019,0.038512,0.122669,0.014418,-0.035716,-0.024394,-0.003620,-0.238331,0.135412,0.014732,0.014210,0.059243,0.096805,-0.011172,-0.015568,0.073024,-0.165243,0.401855,-0.095938,0.040460,0.043201,-0.056069,-0.240559,0.445458,0.869244,0.171522,0.101605,-0.048677
-0.010970,0.002959,0.817500,-0.025751,0.035895,-0.663924,0.746494,-0.049540,0.120166,0.038394,0.122586,0.015096,-0.034887,-0.025116,-0.003550,-0.238922,0.135215,0.016899,0.016559,0.059223,0.097356,-0.011147,-0.015961,0.073360,-0.165077,0.401951,-0.095941,0.040366,0.043432,-0.053333,-0.227752,0.424252,0.826802,0.163096,0.096881,-0.046670
-0.011136,0.002924,0.817524,-0.025442,0.035758,-0.663836,0.746589,-0.049069,0.120457,0.037843,0.122544,0.013344,-0.038173,-0.023511,-0.002872,-0.237484,0.135381,0.012178,0.008644,0.058903,0.097039,-0.011620,-0.016145,0.072502,-0.166047,0.402451,-0.095662,0.040663,0.043189,-0.051016,-0.216212,0.403066,0.784761,0.154673,0.092129,-0.044271
-0.011241,0.002832,0.817595,-0.025674,0.035853,-0.663743,0.746659,-0.048661,0.121458,0.037479,0.122533,0.013300,-0.039471,-0.023299,-0.001869,-0.237750,0.135686,0.012637,0.007557,0.058731,0.097613,-0.011687,-0.016366,0.071687,-0.167082,0.403011,-0.095380,0.040927,0.043036,-0.049412,-0.207520,0.387688,0.753937,0.148439,0.088683,-0.042622
-0.011337,0.002741,0.817669,-0.025882,0.035987,-0.663652,0.746727,-0.048323,0.122459,0.037119,0.122443,0.013307,-0.040758,-0.023074,-0.000835,-0.238020,0.135733,0.013251,0.006479,0.058562,0.098240,-0.011862,-0.016596,0.070825,-0.168082,0.403584,-0.095113,0.041194,0.042943,-0.048937,-0.203652,0.381202,0.740428,0.145631,0.087263,-0.041975
-0.011406,0.002710,0.817529,-0.025362,0.035688,-0.663742,0.746679,-0.049335,0.120626,0.038629,0.122727,0.012782,-0.036964,-0.023618,-0.002643,-0.235641,0.135175,0.012461,0.010479,0.058847,0.096567,-0.011295,-0.015822,0.070843,-0.167459,0.403461,-0.095142,0.040773,0.042834,-0.049175,-0.204794,0.383032,0.744525,0.146422,0.087528,-0.041967
-0.011353,0.002642,0.817601,-0.025403,0.035896,-0.663697,0.746708,-0.049708,0.121171,0.039128,0.122587,0.012258,-0.036130,-0.024362,-0.002103,-0.234598,0.135318,0.013950,0.011786,0.059090,0.096746,-0.011036,-0.015312,0.070576,-0.167192,0.403248,-0.095143,0.040544,0.042989,-0.050334,-0.209742,0.391320,0.760619,0.149499,0.089339,-0.042779
-0.011301,0.002488,0.817673,-0.025471,0.036129,-0.663654,0.746732,-0.050116,0.121809,0.039609,0.122517,0.011693,-0.035315,-0.025014,-0.001449,-0.233566,0.135250,0.015553,0.013078,0.059344,0.097085,-0.010789,-0.014792,0.070206,-0.166918,0.403063,-0.095154,0.040341,0.043170,-0.051745,-0.215772,0.401269,0.780051,0.153277,0.091542,-0.043810
-0.011470,0.002524,0.817433,-0.024848,0.035872,-0.663571,0.746839,-0.050064,0.119383,0.037579,0.122897,0.013501,-0.036933,-0.023604,-0.003404,-0.236278,0.134978,0.009535,0.011746,0.059498,0.095788,-0.010643,-0.015370,0.071347,-0.167129,0.403365,-0.095352,0.040802,0.042876,-0.052978,-0.220535,0.407772,0.793495,0.156236,0.093110,-0.044224
-0.011529,0.002524,0.817408,-0.024788,0.035736,-0.663411,0.746990,-0.050004,0.118615,0.036397,0.122840,0.014051,-0.036400,-0.023444,-0.003696,-0.236108,0.135402,0.007767,0.014109,0.059623,0.095187,-0.010269,-0.015631,0.072279,-0.167020,0.403863,-0.095589,0.040988,0.042677,-0.053250,-0.221974,0.407208,0.793626,0.156370,0.093034,-0.043934
-0.011580,0.002437,0.817384,-0.024726,0.035631,-0.663283,0.747111,-0.050006,0.117899,0.035287,0.122842,0.014566,-0.035866,-0.023262,-0.003918,-0.235863,0.135606,0.006139,0.016464,0.059826,0.094676,-0.009966,-0.015849,0.073164,-0.166853,0.404413,-0.095824,0.041149,0.042507,-0.052420,-0.218753,0.397443,0.776128,0.153073,0.090810,-0.042649
-0.011279,0.002622,0.817438,-0.025049,0.035772,-0.663236,0.747136,-0.050023,0.119359,0.037818,0.122665,0.014019,-0.037225,-0.023879,-0.004442,-0.238443,0.135923,0.011346,0.011730,0.059719,0.095351,-0.009826,-0.016099,0.071978,-0.167384,0.403935,-0.095355,0.040688,0.042657,-0.049516,-0.206282,0.380110,0.739977,0.145386,0.086722,-0.040471
-0.011114,0.002801,0.817426,-0.025199,0.035804,-0.663214,0.747148,-0.050342,0.119310,0.038013,0.122735,0.014733,-0.037161,-0.024078,-0.004936,-0.239585,0.135694,0.012520,0.013815,0.059996,0.095600,-0.009842,-0.016327,0.070987,-0.168026,0.403284,-0.095083,0.040472,0.042645,-0.045830,-0.190183,0.355940,0.690278,0.135082,0.081249,-0.037788
-0.010945,0.002976,0.817414,-0.025336,0.035818,-0.663177,0.747176,-0.050617,0.119194,0.038186,0.122724,0.015491,-0.037081,-0.024318,-0.005514,-0.240756,0.135623,0.013597,0.015919,0.060237,0.095786,-0.009861,-0.016532,0.070041,-0.168675,0.402606,-0.094839,0.040289,0.042647,-0.041660,-0.172226,0.328158,0.633663,0.123451,0.074984,-0.034746
-0.011430,0.002872,0.817460,-0.025054,0.035797,-0.663110,0.747246,-0.050380,0.119655,0.036334,0.122590,0.013889,-0.037759,-0.023838,-0.003790,-0.238652,0.135738,0.010846,0.008581,0.059995,0.095660,-0.009729,-0.016103,0.070173,-0.168858,0.402784,-0.094888,0.040553,0.042762,-0.037369,-0.155922,0.300190,0.577359,0.112144,0.068791,-0.031612
-0.011849,0.002850,0.817463,-0.025025,0.035754,-0.662954,0.747387,-0.050555,0.120299,0.035678,0.122689,0.014323,-0.038281,-0.023772,-0.003342,-0.239539,0.135970,0.010342,0.007208,0.060151,0.095549,-0.009446,-0.015914,0.069990,-0.168858,0.402980,-0.094883,0.040540,0.042824,-0.033558,-0.141203,0.275484,0.527255,0.102074,0.063247,-0.028711
-0.012261,0.002744,0.817468,-0.024973,0.035724,-0.662788,0.747537,-0.050746,0.120900,0.035007,0.122688,0.014827,-0.038785,-0.023733,-0.002930,-0.240449,0.136156,0.009874,0.005855,0.060280,0.095435,-0.009206,-0.015753,0.069729,-0.168884,0.403212,-0.094860,0.040495,0.042908,-0.030359,-0.129107,0.255921,0.486993,0.093897,0.058856,-0.026323
-0.012385,0.002815,0.817455,-0.024869,0.035681,-0.662719,0.747604,-0.050790,0.120303,0.035842,0.122694,0.014339,-0.038123,-0.023867,-0.003026,-0.239500,0.135931,0.009830,0.008218,0.059735,0.095489,-0.009057,-0.015951,0.069945,-0.169586,0.403117,-0.094738,0.040645,0.042664,-0.028851,-0.121707,0.240608,0.457662,0.088307,0.054923,-0.024844
-0.012550,0.002890,0.817457,-0.024840,0.035652,-0.662667,0.747653,-0.050958,0.120312,0.035976,0.122684,0.014570,-0.038116,-0.023948,-0.003003,-0.239349,0.135894,0.009796,0.008139,0.059421,0.095720,-0.008807,-0.016059,0.069621,-0.170182,0.403138,-0.094592,0.040803,0.042413,-0.027846,-0.117010,0.230274,0.438154,0.084612,0.052238,-0.023785
-0.012627,0.002966,0.817459,-0.024814,0.035630,-0.662610,0.747705,-0.051139,0.120333,0.036097,0.122677,0.014805,-0.038107,-0.024039,-0.002964,-0.239213,0.135854,0.009766,0.008058,0.059110,0.095986,-0.008564,-0.016186,0.069229,-0.170842,0.403140,-0.094422,0.040962,0.042168,-0.027287,-0.114289,0.223959,0.426182,0.082338,0.050475,-0.023111
-0.012455,0.003015,0.817449,-0.024948,0.035553,-0.662542,0.747764,-0.050881,0.120199,0.035997,0.122675,0.014598,-0.038136,-0.023932,-0.002963,-0.239341,0.135848,0.009872,0.008248,0.059410,0.096098,-0.008828,-0.016476,0.069703,-0.170125,0.402946,-0.094719,0.040748,0.042584,-0.027005,-0.112700,0.220713,0.419782,0.080838,0.050384,-0.022683
-0.012288,0.003064,0.817440,-0.025089,0.035465,-0.662475,0.747824,-0.050596,0.120070,0.035895,0.122669,0.014391,-0.038170,-0.023794,-0.002956,-0.239473,0.135829,0.009982,0.008433,0.059602,0.096208,-0.009030,-0.016759,0.070184,-0.169509,0.402761,-0.094978,0.040610,0.042860,-0.027002,-0.111925,0.219264,0.416490,0.079947,0.050318,-0.022195
-0.012209,0.003113,0.817431,-0.025234,0.035375,-0.662405,0.747885,-0.050299,0.119939,0.035791,0.122658,0.014184,-0.038205,-0.023645,-0.002949,-0.239607,0.135809,0.010088,0.008616,0.059784,0.096320,-0.009217,-0.017093,0.070662,-0.168921,0.402546,-0.095226,0.040471,0.043131,-0.027113,-0.111568,0.218876,0.415000,0.079343,0.050448,-0.021737
-0.012285,0.003093,0.817451,-0.025216,0.035449,-0.662549,0.747754,-0.050397,0.120057,0.036124,0.122723,0.014570,-0.037951,-0.023191,-0.003214,-0.239706,0.135784,0.010204,0.008571,0.059305,0.095976,-0.008536,-0.016727,0.069997,-0.169652,0.403014,-0.094902,0.040691,0.042675,-0.027140,-0.111161,0.218407,0.414375,0.079485,0.049847,-0.022094
-0.012333,0.003162,0.817447,-0.025283,0.035544,-0.662680,0.747631,-0.050338,0.120293,0.036212,0.122704,0.014449,-0.037964,-0.023292,-0.002928,-0.239850,0.135762,0.010336,0.008491,0.059021,0.095869,-0.007991,-0.016627,0.069619,-0.170101,0.403299,-0.094892,0.040846,0.042456,-0.027146,-0.110401,0.218145,0.414135,0.079713,0.049494,-0.022206
-0.012384,0.003144,0.817442,-0.025344,0.035651,-0.662815,0.747504,-0.050323,0.120546,0.036299,0.122711,0.014321,-0.037985,-0.023426,-0.002628,-0.239987,0.135740,0.010473,0.008402,0.058747,0.095756,-0.007472,-0.016588,0.069257,-0.170581,0.403584,-0.094909,0.040995,0.042245,-0.027185,-0.109629,0.218064,0.414073,0.079947,0.049200,-0.022302
-0.012566,0.003171,0.817452,-0.025255,0.035505,-0.662859,0.747475,-0.050264,0.120816,0.035985,0.122727,0.014307,-0.038270,-0.023459,-0.002461,-0.239982,0.135725,0.010229,0.006555,0.058497,0.095568,-0.008188,-0.016105,0.069496,-0.169907,0.403631,-0.094980,0.040981,0.042300,-0.027433,-0.111241,0.216247,0.413962,0.080753,0.048968,-0.023007
-0.012713,0.003178,0.817451,-0.025272,0.035577,-0.662995,0.747351,-0.050272,0.121030,0.035717,0.122752,0.014272,-0.038536,-0.023671,-0.002158,-0.240441,0.135741,0.010080,0.004972,0.058099,0.095298,-0.008608,-0.015615,0.069617,-0.169405,0.403716,-0.095013,0.040896,0.042340,-0.027883,-0.112991,0.214615,0.413966,0.081606,0.048623,-0.023803
-0.012861,0.003185,0.817450,-0.025287,0.035652,-0.663129,0.747228,-0.050300,0.121242,0.035443,0.122786,0.014235,-0.038797,-0.023892,-0.001854,-0.240904,0.135755,0.009934,0.003387,0.057688,0.095033,-0.009028,-0.015124,0.069721,-0.168922,0.403780,-0.095038,0.040837,0.042378,-0.028422,-0.114852,0.213199,0.414365,0.082560,0.048293,-0.024647
-0.012698,0.003153,0.817446,-0.025221,0.035626,-0.663307,0.747074,-0.050354,0.121329,0.036900,0.122771,0.013901,-0.037822,-0.023990,-0.001970,-0.239056,0.135799,0.010511,0.007505,0.057901,0.095600,-0.008601,-0.014926,0.069136,-0.169831,0.403847,-0.094727,0.041051,0.042142,-0.028024,-0.113688,0.215582,0.416018,0.081980,0.048820,-0.024182
-0.012431,0.003219,0.817437,-0.025256,0.035702,-0.663471,0.746923,-0.050277,0.121162,0.037456,0.122737,0.013433,-0.037536,-0.024108,-0.002026,-0.238634,0.135818,0.010681,0.007700,0.057790,0.095839,-0.008351,-0.014748,0.068652,-0.170716,0.404143,-0.094450,0.041287,0.041934,-0.027866,-0.113102,0.218855,0.419377,0.081740,0.049716,-0.023759
-0.012258,0.003198,0.817428,-0.025289,0.035786,-0.663622,0.746784,-0.050228,0.121002,0.037966,0.122706,0.012975,-0.037259,-0.024236,-0.002070,-0.238252,0.135849,0.010838,0.007887,0.057618,0.096073,-0.008115,-0.014536,0.068165,-0.171614,0.404460,-0.094164,0.041532,0.041696,-0.027975,-0.113373,0.223862,0.426052,0.082166,0.051012,-0.023558
-0.012264,0.003344,0.817429,-0.025248,0.035540,-0.663598,0.746818,-0.050129,0.120964,0.037657,0.122809,0.013803,-0.037628,-0.024127,-0.002201,-0.237730,0.135586,0.010723,0.007719,0.057595,0.095907,-0.008593,-0.014636,0.068986,-0.170150,0.403961,-0.094776,0.040952,0.042188,-0.028595,-0.117884,0.228809,0.438870,0.085248,0.052424,-0.024605
-0.012266,0.003397,0.817407,-0.025263,0.035397,-0.663673,0.746758,-0.049944,0.120800,0.037906,0.122823,0.013789,-0.037516,-0.023987,-0.002127,-0.237293,0.135330,0.010591,0.007537,0.057492,0.095728,-0.008884,-0.014587,0.069835,-0.168694,0.403462,-0.095342,0.040655,0.042646,-0.029819,-0.124668,0.237689,0.459513,0.089913,0.054549,-0.026102
-0.012267,0.003451,0.817385,-0.025286,0.035250,-0.663752,0.746694,-0.049746,0.120644,0.038166,0.122857,0.013754,-0.037407,-0.023827,-0.002045,-0.236842,0.135069,0.010462,0.007353,0.057391,0.095561,-0.009146,-0.014514,0.070690,-0.167213,0.402908,-0.095916,0.040397,0.043119,-0.031677,-0.134088,0.251549,0.489883,0.096492,0.057786,-0.028151
-0.012111,0.003305,0.817456,-0.025540,0.035411,-0.663713,0.746712,-0.049280,0.121024,0.037958,0.122805,0.013316,-0.037387,-0.023483,-0.002478,-0.237046,0.135976,0.010526,0.009667,0.057556,0.096251,-0.008821,-0.014638,0.070234,-0.167849,0.403170,-0.095728,0.040551,0.043051,-0.034188,-0.145156,0.272464,0.530023,0.104223,0.062350,-0.030222
-0.011962,0.003142,0.817470,-0.025553,0.035448,-0.663628,0.746785,-0.048984,0.120790,0.037858,0.122815,0.012841,-0.037269,-0.023168,-0.002815,-0.236609,0.136306,0.009910,0.011478,0.057667,0.096451,-0.008408,-0.014821,0.069787,-0.168511,0.403494,-0.095547,0.040705,0.042962,-0.037164,-0.158531,0.297369,0.578142,0.113526,0.067923,-0.032731
-0.011728,0.002891,0.817483,-0.025561,0.035484,-0.663544,0.746858,-0.048691,0.120551,0.037759,0.122823,0.012366,-0.037154,-0.022858,-0.003158,-0.236168,0.136631,0.009297,0.013287,0.057794,0.096631,-0.008003,-0.015021,0.069381,-0.169124,0.403815,-0.095400,0.040845,0.042895,-0.040284,-0.172697,0.323581,0.629008,0.123392,0.073822,-0.035420
-0.011732,0.002907,0.817451,-0.025513,0.035320,-0.663627,0.746793,-0.048366,0.120533,0.038380,0.122791,0.013137,-0.036169,-0.022874,-0.003074,-0.237595,0.136298,0.010252,0.008070,0.058174,0.096408,-0.008221,-0.014212,0.069437,-0.169019,0.403971,-0.095222,0.040875,0.042769,-0.043764,-0.187477,0.346543,0.674967,0.132411,0.079339,-0.038420
-0.011751,0.002930,0.817455,-0.025511,0.035280,-0.663659,0.746767,-0.048000,0.120622,0.038949,0.122718,0.013234,-0.034924,-0.022664,-0.003196,-0.237978,0.136201,0.010030,0.007434,0.058565,0.096419,-0.008483,-0.013315,0.069604,-0.168741,0.404071,-0.095039,0.040893,0.042651,-0.046283,-0.198641,0.362346,0.707015,0.138763,0.083035,-0.040173
-0.011765,0.002864,0.817458,-0.025512,0.035228,-0.663691,0.746741,-0.047608,0.120690,0.039532,0.122656,0.013315,-0.033666,-0.022455,-0.003347,-0.238347,0.136172,0.009770,0.006809,0.058951,0.096427,-0.008726,-0.012371,0.069763,-0.168408,0.404158,-0.094859,0.040910,0.042556,-0.047459,-0.204352,0.367525,0.718670,0.141156,0.084288,-0.040765
-0.011775,0.002931,0.817436,-0.025586,0.035124,-0.663595,0.746828,-0.048243,0.120001,0.037701,0.122759,0.013435,-0.037906,-0.022516,-0.003325,-0.237608,0.136153,0.010248,0.009122,0.058539,0.096597,-0.008514,-0.012839,0.069428,-0.168821,0.403880,-0.094761,0.040957,0.042399,-0.046488,-0.199008,0.362494,0.707111,0.138600,0.082997,-0.040086
-0.011792,0.002936,0.817424,-0.025643,0.035072,-0.663516,0.746899,-0.048358,0.119754,0.037370,0.122838,0.013842,-0.038852,-0.022453,-0.003453,-0.237420,0.136128,0.010264,0.009534,0.058304,0.096795,-0.008414,-0.013257,0.069206,-0.169066,0.403648,-0.094687,0.041021,0.042245,-0.044209,-0.188109,0.346746,0.675079,0.132111,0.079403,-0.038025
-0.011720,0.003029,0.817413,-0.025704,0.035011,-0.663442,0.746966,-0.048428,0.119504,0.037063,0.122873,0.014264,-0.039798,-0.022380,-0.003588,-0.237209,0.136119,0.010271,0.009947,0.058093,0.096986,-0.008296,-0.013636,0.068974,-0.169305,0.403432,-0.094601,0.041086,0.042082,-0.041034,-0.173548,0.323852,0.629363,0.122961,0.074198,-0.035188
-0.011759,0.002939,0.817453,-0.025668,0.035113,-0.663578,0.746842,-0.047839,0.120362,0.037170,0.122707,0.013126,-0.037043,-0.022416,-0.002917,-0.237791,0.136013,0.010007,0.008008,0.058326,0.096879,-0.008150,-0.013297,0.068923,-0.169960,0.403892,-0.094606,0.041072,0.042130,-0.037468,-0.158749,0.298642,0.578368,0.112635,0.068471,-0.031998
-0.011841,0.002959,0.817459,-0.025776,0.035124,-0.663628,0.746793,-0.047410,0.120754,0.036814,0.122717,0.012931,-0.036735,-0.022306,-0.002482,-0.238291,0.135872,0.009704,0.007108,0.058298,0.097051,-0.008074,-0.013370,0.069120,-0.170343,0.404260,-0.094613,0.041072,0.042123,-0.033923,-0.144473,0.274868,0.530117,0.102835,0.063044,-0.028967
-0.012013,0.002893,0.817464,-0.025889,0.035130,-0.663671,0.746751,-0.046956,0.121139,0.036441,0.122694,0.012764,-0.036427,-0.022168,-0.002050,-0.238813,0.135717,0.009403,0.006208,0.058218,0.097214,-0.007969,-0.013461,0.069303,-0.170721,0.404691,-0.094601,0.041058,0.042074,-0.030891,-0.132384,0.255271,0.489916,0.094600,0.058580,-0.026383
-0.012039,0.002956,0.817511,-0.025904,0.035029,-0.663518,0.746890,-0.047738,0.120888,0.037131,0.122713,0.014012,-0.037904,-0.021834,-0.002404,-0.237267,0.135950,0.010897,0.008758,0.058581,0.097315,-0.008059,-0.013723,0.069616,-0.170201,0.404285,-0.094665,0.040971,0.042132,-0.029142,-0.124388,0.239728,0.460109,0.088929,0.055155,-0.024859
-0.012112,0.002943,0.817583,-0.026061,0.035142,-0.663383,0.747000,-0.047945,0.121239,0.036819,0.122613,0.015023,-0.038528,-0.021814,-0.001965,-0.236809,0.135879,0.011587,0.008997,0.058967,0.097937,-0.008169,-0.014053,0.069336,-0.170122,0.403814,-0.094701,0.040923,0.042222,-0.028069,-0.119178,0.229215,0.440050,0.085169,0.052641,-0.023929
-0.012184,0.002929,0.817654,-0.026228,0.035261,-0.663243,0.747113,-0.048156,0.121616,0.036487,0.122534,0.016023,-0.039158,-0.021769,-0.001499,-0.236366,0.135771,0.012293,0.009229,0.059360,0.098624,-0.008279,-0.014387,0.069002,-0.170120,0.403323,-0.094743,0.040901,0.042331,-0.027468,-0.116116,0.222751,0.427789,0.082916,0.051028,-0.023423
-0.012311,0.002871,0.817467,-0.025676,0.034783,-0.663345,0.747064,-0.047523,0.120613,0.037684,0.122740,0.013000,-0.038328,-0.021242,-0.002578,-0.237886,0.135356,0.009701,0.009376,0.058693,0.096696,-0.008537,-0.013712,0.069261,-0.170228,0.403632,-0.094644,0.041054,0.042239,-0.027454,-0.114722,0.219089,0.420739,0.081403,0.050149,-0.023047
-0.012391,0.002753,0.817466,-0.025748,0.034715,-0.663416,0.747001,-0.047023,0.120820,0.037828,0.122783,0.012068,-0.038988,-0.020872,-0.002256,-0.237861,0.135343,0.009137,0.010377,0.058150,0.096449,-0.008752,-0.013170,0.069456,-0.170240,0.404041,-0.094508,0.041207,0.042179,-0.027587,-0.114284,0.217307,0.416979,0.080469,0.049631,-0.022876
-0.012468,0.002638,0.817466,-0.025828,0.034664,-0.663495,0.746930,-0.046526,0.121073,0.037988,0.122801,0.011146,-0.039652,-0.020443,-0.001867,-0.237823,0.135138,0.008687,0.011371,0.057635,0.096301,-0.008991,-0.012635,0.069571,-0.170261,0.404491,-0.094352,0.041350,0.042105,-0.027863,-0.114457,0.216529,0.415067,0.079891,0.049338,-0.022812
-0.012446,0.002617,0.817420,-0.025744,0.034611,-0.663557,0.746881,-0.046724,0.121246,0.039455,0.122855,0.012369,-0.038196,-0.020703,-0.002498,-0.237188,0.135542,0.009791,0.007203,0.057320,0.096566,-0.008930,-0.012872,0.069439,-0.169894,0.404136,-0.094493,0.041143,0.042183,-0.027553,-0.113483,0.216124,0.414403,0.079829,0.049361,-0.022651
-0.012366,0.002677,0.817394,-0.025545,0.034586,-0.663728,0.746737,-0.046852,0.121340,0.041352,0.122796,0.011801,-0.038183,-0.021041,-0.002800,-0.236805,0.135476,0.009815,0.006302,0.056812,0.096768,-0.008842,-0.013073,0.069369,-0.169537,0.403696,-0.094685,0.040929,0.042267,-0.027477,-0.112647,0.215978,0.414058,0.079811,0.049471,-0.022583
-0.012374,0.002736,0.817367,-0.025353,0.034559,-0.663902,0.746590,-0.046987,0.121444,0.043250,0.122791,0.011195,-0.038174,-0.021367,-0.003094,-0.236415,0.135416,0.009833,0.005401,0.056291,0.096977,-0.008742,-0.013215,0.069306,-0.169142,0.403200,-0.094881,0.040710,0.042360,-0.027450,-0.111872,0.215945,0.413857,0.079820,0.049610,-0.022536
-0.012240,0.002774,0.817443,-0.025894,0.034724,-0.663828,0.746630,-0.046637,0.120830,0.038605,0.122818,0.012697,-0.037720,-0.021139,-0.002397,-0.236692,0.135645,0.010128,0.008416,0.056981,0.097677,-0.009096,-0.013321,0.069283,-0.169101,0.403215,-0.094856,0.040752,0.042487,-0.026987,-0.111599,0.216066,0.413707,0.079670,0.049500,-0.022490
-0.011995,0.002887,0.817446,-0.026006,0.034667,-0.663717,0.746728,-0.046426,0.120413,0.038550,0.122770,0.012620,-0.037240,-0.020928,-0.002625,-0.236615,0.135568,0.010388,0.008831,0.057038,0.097573,-0.009333,-0.013464,0.069191,-0.169188,0.403257,-0.094846,0.040788,0.042588,-0.026731,-0.110983,0.216239,0.413577,0.079634,0.049586,-0.022443
-0.011840,0.002913,0.817450,-0.026115,0.034607,-0.663627,0.746807,-0.046219,0.120003,0.038545,0.122746,0.012522,-0.036768,-0.020748,-0.002847,-0.236485,0.135523,0.010640,0.009237,0.057135,0.097420,-0.009567,-0.013596,0.069129,-0.169183,0.403199,-0.094834,0.040798,0.042691,-0.026510,-0.110263,0.216400,0.413366,0.079602,0.049694,-0.022405
-0.011911,0.002856,0.817447,-0.026078,0.034529,-0.663841,0.746621,-0.046114,0.120605,0.038180,0.122750,0.012792,-0.037740,-0.020458,-0.002697,-0.236600,0.135453,0.010389,0.008651,0.057031,0.097164,-0.009818,-0.013839,0.069325,-0.169412,0.403497,-0.094747,0.040954,0.042552,-0.026653,-0.110929,0.216112,0.413489,0.079684,0.049717,-0.022573
-0.012087,0.002805,0.817447,-0.026103,0.034444,-0.663895,0.746576,-0.045815,0.120721,0.038241,0.122783,0.012758,-0.037586,-0.020194,-0.002581,-0.236590,0.135407,0.010234,0.008526,0.057072,0.097090,-0.009871,-0.014143,0.069459,-0.169555,0.403538,-0.094644,0.041046,0.042322,-0.026752,-0.111351,0.215761,0.413395,0.079675,0.049676,-0.022607
-0.012174,0.002754,0.817448,-0.026139,0.034347,-0.663949,0.746531,-0.045475,0.120829,0.038307,0.122802,0.012728,-0.037430,-0.019894,-0.002474,-0.236575,0.135360,0.010075,0.008404,0.057119,0.097015,-0.009879,-0.014469,0.069529,-0.169570,0.403288,-0.094485,0.041104,0.042064,-0.026844,-0.111678,0.215228,0.413004,0.079622,0.049595,-0.022625
-0.012337,0.002665,0.817450,-0.026307,0.034182,-0.663859,0.746613,-0.045013,0.121030,0.038242,0.122848,0.012651,-0.037520,-0.019362,-0.002268,-0.236582,0.135420,0.009894,0.008234,0.056909,0.096995,-0.009886,-0.014138,0.068938,-0.169351,0.402183,-0.094023,0.040920,0.041894,-0.026613,-0.111236,0.214736,0.411419,0.079222,0.049415,-0.022395
-0.012498,0.002568,0.817453,-0.026482,0.034011,-0.663763,0.746700,-0.044513,0.121226,0.038166,0.122885,0.012562,-0.037611,-0.018775,-0.002060,-0.236603,0.135457,0.009707,0.008073,0.056640,0.096988,-0.009898,-0.013739,0.068328,-0.169006,0.400630,-0.093416,0.040747,0.041725,-0.026314,-0.110590,0.214124,0.409464,0.078683,0.049259,-0.022164
-0.012571,0.002470,0.817455,-0.026658,0.033838,-0.663665,0.746789,-0.044005,0.121423,0.038086,0.122917,0.012475,-0.037703,-0.018180,-0.001850,-0.236626,0.135486,0.009521,0.007909,0.056356,0.096975,-0.009906,-0.013320,0.067636,-0.168507,0.398655,-0.092695,0.040543,0.041505,-0.025991,-0.109815,0.213297,0.407067,0.078063,0.049056,-0.021909
-0.012408,0.002423,0.817464,-0.026561,0.033964,-0.663831,0.746639,-0.043983,0.121327,0.039080,0.122862,0.011574,-0.037426,-0.018078,-0.002089,-0.236459,0.135573,0.010612,0.009396,0.056672,0.096926,-0.009380,-0.013598,0.067810,-0.167033,0.396429,-0.092219,0.040291,0.041307,-0.025749,-0.108940,0.212435,0.404766,0.077383,0.048923,-0.021636
-0.012248,0.002292,0.817479,-0.026483,0.034087,-0.663954,0.746526,-0.044225,0.121126,0.040075,0.122835,0.010672,-0.037146,-0.018245,-0.002404,-0.236228,0.135672,0.011725,0.010872,0.056879,0.096782,-0.009154,-0.013894,0.067960,-0.165945,0.394315,-0.091616,0.040051,0.041024,-0.025375,-0.107813,0.211568,0.402436,0.076679,0.048800,-0.021327
-0.012090,0.002245,0.817493,-0.026384,0.034228,-0.664079,0.746412,-0.044532,0.120922,0.041063,0.122819,0.009770,-0.036866,-0.018478,-0.002722,-0.235993,0.135785,0.012832,0.012347,0.057109,0.096621,-0.009006,-0.014217,0.068180,-0.165057,0.392550,-0.091058,0.039840,0.040742,-0.024970,-0.106684,0.210916,0.400392,0.075990,0.048728,-0.021010
-0.011902,0.002443,0.817431,-0.026443,0.034281,-0.664027,0.746454,-0.044520,0.121182,0.040140,0.122884,0.012478,-0.036678,-0.018867,-0.002744,-0.236285,0.135712,0.011083,0.010600,0.056387,0.096531,-0.009056,-0.013987,0.067663,-0.164725,0.391019,-0.090776,0.039670,0.040528,-0.024945,-0.106084,0.210353,0.398784,0.075493,0.048655,-0.020849
-0.011733,0.002676,0.817408,-0.026396,0.034360,-0.664135,0.746356,-0.044917,0.121120,0.041332,0.122768,0.013013,-0.035726,-0.019275,-0.003362,-0.236286,0.136036,0.012111,0.012665,0.055958,0.096303,-0.008958,-0.014129,0.067503,-0.164585,0.390250,-0.090708,0.039644,0.040455,-0.024797,-0.105285,0.210550,0.398153,0.075113,0.048710,-0.020721
-0.011647,0.002822,0.817386,-0.026341,0.034447,-0.664259,0.746244,-0.045352,0.121058,0.042571,0.122699,0.013516,-0.034768,-0.019692,-0.003974,-0.236239,0.136293,0.013190,0.014736,0.055592,0.096056,-0.008885,-0.014363,0.067577,-0.164872,0.390506,-0.090852,0.039734,0.040498,-0.024671,-0.104655,0.211376,0.398515,0.074875,0.048924,-0.020618
-0.011856,0.002807,0.817440,-0.026382,0.034389,-0.664272,0.746233,-0.044990,0.121018,0.039007,0.122660,0.012486,-0.037669,-0.020067,-0.001805,-0.234864,0.135499,0.010087,0.006431,0.055660,0.096269,-0.009087,-0.014045,0.068116,-0.164144,0.391646,-0.091678,0.039625,0.041167,-0.025007,-0.106957,0.210332,0.400228,0.076013,0.048679,-0.021334
-0.012152,0.002772,0.817430,-0.026311,0.034468,-0.664320,0.746189,-0.045244,0.121364,0.038652,0.122778,0.012698,-0.038240,-0.020358,-0.000888,-0.233763,0.135342,0.009340,0.003976,0.055371,0.096130,-0.009012,-0.013985,0.068675,-0.163582,0.393438,-0.092676,0.039513,0.041858,-0.025376,-0.109335,0.209496,0.402737,0.077351,0.048411,-0.022073
-0.012351,0.002739,0.817421,-0.026215,0.034555,-0.664377,0.746138,-0.045509,0.121661,0.038330,0.122819,0.012954,-0.038791,-0.020707,-0.000018,-0.232629,0.135177,0.008615,0.001537,0.055098,0.095957,-0.008982,-0.013975,0.069309,-0.163077,0.395507,-0.093752,0.039428,0.042631,-0.025752,-0.111785,0.208849,0.405531,0.078727,0.048163,-0.022810
-0.012499,0.002800,0.817445,-0.026335,0.034412,-0.664398,0.746122,-0.045371,0.122005,0.039089,0.122903,0.012439,-0.037626,-0.020195,-0.001251,-0.235143,0.135492,0.010347,0.007668,0.055126,0.095958,-0.009022,-0.013976,0.068476,-0.166383,0.398319,-0.093797,0.040084,0.042264,-0.025888,-0.111680,0.211468,0.407621,0.078679,0.048624,-0.022599
-0.012581,0.002739,0.817445,-0.026417,0.034289,-0.664434,0.746092,-0.045164,0.122024,0.039015,0.122905,0.012399,-0.037475,-0.019884,-0.001190,-0.235191,0.135486,0.010241,0.007553,0.055064,0.095858,-0.008927,-0.013368,0.067436,-0.169422,0.400927,-0.093818,0.040686,0.041868,-0.025842,-0.111660,0.213838,0.409258,0.078520,0.049152,-0.022318
-0.012670,0.002761,0.817445,-0.026499,0.034180,-0.664478,0.746055,-0.044961,0.122081,0.038957,0.122898,0.012353,-0.037339,-0.019590,-0.001089,-0.235224,0.135478,0.010133,0.007424,0.055016,0.095775,-0.008874,-0.012665,0.066320,-0.172275,0.403035,-0.093747,0.041249,0.041444,-0.025731,-0.111554,0.215981,0.410398,0.078278,0.049646,-0.022041
-0.012500,0.002824,0.817440,-0.026602,0.034129,-0.664600,0.745946,-0.044245,0.122064,0.039110,0.122918,0.012217,-0.037297,-0.019425,-0.001214,-0.235085,0.135472,0.010301,0.007613,0.055118,0.095925,-0.009225,-0.012771,0.067402,-0.171291,0.403914,-0.094310,0.041214,0.041802,-0.025924,-0.112139,0.215299,0.411922,0.079020,0.049769,-0.022340
-0.012341,0.002883,0.817439,-0.026725,0.034034,-0.664698,0.745858,-0.043884,0.121941,0.039315,0.122935,0.012096,-0.037258,-0.019176,-0.001349,-0.234911,0.135472,0.010446,0.007791,0.055160,0.095995,-0.009402,-0.012910,0.068275,-0.170348,0.404532,-0.094771,0.041212,0.042043,-0.026111,-0.112510,0.214648,0.413159,0.079684,0.049649,-0.022667
-0.012182,0.002942,0.817438,-0.026848,0.033937,-0.664794,0.745772,-0.043528,0.121816,0.039515,0.122957,0.011973,-0.037219,-0.018926,-0.001483,-0.234738,0.135472,0.010594,0.007968,0.055191,0.096059,-0.009575,-0.013024,0.069059,-0.169302,0.404881,-0.095179,0.041191,0.042244,-0.026292,-0.112803,0.213845,0.414121,0.080309,0.049456,-0.022983
-0.012269,0.002954,0.817440,-0.026920,0.033850,-0.664608,0.745940,-0.043450,0.121945,0.039167,0.122950,0.012087,-0.037327,-0.018735,-0.001356,-0.234956,0.135562,0.010480,0.007789,0.055763,0.096183,-0.009207,-0.013432,0.069132,-0.169594,0.404720,-0.095110,0.041060,0.042446,-0.026115,-0.112938,0.214125,0.414551,0.080301,0.049481,-0.022946
-0.012442,0.002974,0.817442,-0.026993,0.033761,-0.664446,0.746085,-0.043360,0.122070,0.038805,0.122955,0.012204,-0.037429,-0.018529,-0.001230,-0.235185,0.135671,0.010371,0.007614,0.056428,0.096347,-0.008964,-0.013691,0.069311,-0.169689,0.404389,-0.095027,0.040957,0.042660,-0.026023,-0.113037,0.214165,0.414758,0.080251,0.049520,-0.022924
-0.012616,0.003080,0.817444,-0.027064,0.033675,-0.664285,0.746230,-0.043277,0.122198,0.038447,0.122960,0.012321,-0.037534,-0.018332,-0.001106,-0.235412,0.135783,0.010255,0.007435,0.057097,0.096507,-0.008730,-0.013946,0.069493,-0.169751,0.403968,-0.094928,0.040853,0.042872,-0.025917,-0.113122,0.214137,0.414902,0.080190,0.049559,-0.022908
-0.012487,0.003024,0.817448,-0.027087,0.033600,-0.664229,0.746282,-0.043099,0.121882,0.038531,0.123013,0.012387,-0.037514,-0.017954,-0.001491,-0.235945,0.135706,0.009957,0.009844,0.056947,0.096540,-0.008625,-0.013604,0.069192,-0.170406,0.404406,-0.094668,0.041113,0.042429,-0.026204,-0.113485,0.214182,0.414795,0.079935,0.049643,-0.022824
-0.012443,0.002963,0.817453,-0.027106,0.033531,-0.664159,0.746347,-0.042896,0.121544,0.038561,0.123035,0.012470,-0.037489,-0.017632,-0.001922,-0.236415,0.135638,0.009640,0.012258,0.056847,0.096634,-0.008474,-0.013170,0.068813,-0.171002,0.404975,-0.094457,0.041195,0.042238,-0.026556,-0.113674,0.214437,0.414561,0.079629,0.049727,-0.022722
-0.012311,0.002902,0.817457,-0.027124,0.033463,-0.664088,0.746413,-0.042692,0.121204,0.038595,0.123052,0.012555,-0.037463,-0.017311,-0.002353,-0.236887,0.135571,0.009327,0.014672,0.056728,0.096726,-0.008323,-0.012733,0.068425,-0.171560,0.405497,-0.094234,0.041242,0.042066,-0.026919,-0.113872,0.214658,0.414297,0.079325,0.049815,-0.022629
-0.012299,0.003023,0.817429,-0.026949,0.033402,-0.663878,0.746608,-0.043279,0.120918,0.038260,0.123015,0.012838,-0.037589,-0.017679,-0.002719,-0.237331,0.135666,0.009697,0.010003,0.056896,0.096389,-0.007846,-0.012689,0.068294,-0.170696,0.405041,-0.094470,0.041052,0.042184,-0.026593,-0.113860,0.213685,0.414571,0.080074,0.049573,-0.022919
-0.012337,0.003152,0.817402,-0.026775,0.033445,-0.663675,0.746793,-0.043983,0.120633,0.037870,0.123062,0.013120,-0.037807,-0.018042,-0.003328,-0.238944,0.135541,0.009338,0.011783,0.057090,0.096110,-0.007358,-0.012384,0.068264,-0.169878,0.404312,-0.094699,0.040870,0.042298,-0.026263,-0.113642,0.212563,0.414798,0.080877,0.049263,-0.023287
-0.012459,0.003278,0.817374,-0.026593,0.033487,-0.663463,0.746986,-0.044694,0.120318,0.037463,0.123101,0.013403,-0.038017,-0.018416,-0.003967,-0.240577,0.135441,0.008957,0.013572,0.057255,0.095811,-0.006889,-0.012012,0.068197,-0.168961,0.403313,-0.094885,0.040682,0.042424,-0.025898,-0.113377,0.211281,0.414831,0.081667,0.048907,-0.023673
-0.012486,0.003312,0.817448,-0.026803,0.033658,-0.663500,0.746938,-0.044761,0.121100,0.036916,0.122906,0.013719,-0.038392,-0.018789,-0.002357,-0.238304,0.135880,0.010185,0.006648,0.056753,0.096555,-0.006781,-0.012120,0.068122,-0.169285,0.403079,-0.094520,0.040875,0.042302,-0.026072,-0.113186,0.211983,0.413716,0.080844,0.048948,-0.023345
-0.012629,0.003356,0.817450,-0.026783,0.033742,-0.663593,0.746852,-0.045194,0.121553,0.036608,0.122923,0.014234,-0.039042,-0.019239,-0.002012,-0.239002,0.135805,0.010431,0.005013,0.056492,0.096811,-0.006480,-0.012319,0.068186,-0.169316,0.402551,-0.094067,0.040939,0.041968,-0.026274,-0.112686,0.212411,0.412231,0.079947,0.049026,-0.022981
-0.012770,0.003399,0.817453,-0.026745,0.033825,-0.663669,0.746782,-0.045650,0.121960,0.036259,0.122910,0.014778,-0.039684,-0.019740,-0.001719,-0.239737,0.135807,0.010635,0.003390,0.056181,0.097016,-0.006202,-0.012494,0.068205,-0.169062,0.401535,-0.093500,0.040924,0.041576,-0.026421,-0.112010,0.212522,0.410218,0.078968,0.049042,-0.022615
-0.012855,0.003565,0.817449,-0.026672,0.033966,-0.663625,0.746818,-0.045670,0.121837,0.036671,0.122919,0.013997,-0.038066,-0.019810,-0.001268,-0.236741,0.135688,0.010779,0.006137,0.056287,0.096760,-0.006250,-0.012391,0.068318,-0.167426,0.399272,-0.093114,0.040520,0.041441,-0.025981,-0.111874,0.211116,0.408156,0.078703,0.048940,-0.022317
-0.012904,0.003622,0.817453,-0.026694,0.034039,-0.663586,0.746848,-0.045943,0.122053,0.036409,0.122900,0.014459,-0.037975,-0.020124,-0.000895,-0.236206,0.135665,0.011421,0.004947,0.056508,0.096619,-0.006156,-0.012259,0.068017,-0.165724,0.396443,-0.092611,0.040091,0.041334,-0.025391,-0.111674,0.209450,0.405621,0.078360,0.048590,-0.022124
-0.012956,0.003678,0.817457,-0.026707,0.034132,-0.663535,0.746889,-0.046255,0.122277,0.036108,0.122855,0.014950,-0.037887,-0.020468,-0.000509,-0.235707,0.135627,0.012069,0.003755,0.056713,0.096501,-0.006110,-0.012110,0.067702,-0.163827,0.393273,-0.092047,0.039641,0.041220,-0.024748,-0.111429,0.207685,0.402904,0.077987,0.048208,-0.021942
-0.012758,0.003719,0.817439,-0.026484,0.034195,-0.663765,0.746689,-0.046462,0.121731,0.037038,0.122918,0.013611,-0.037948,-0.020500,-0.001428,-0.236945,0.135481,0.010773,0.007311,0.056013,0.096552,-0.005540,-0.012011,0.066420,-0.163998,0.390196,-0.091070,0.039539,0.040544,-0.025363,-0.110005,0.206710,0.400175,0.077415,0.047879,-0.021730
-0.012509,0.003756,0.817439,-0.026429,0.034290,-0.663886,0.746579,-0.046631,0.121508,0.037318,0.122936,0.013476,-0.037859,-0.020788,-0.001603,-0.236575,0.135640,0.010955,0.007563,0.055424,0.096504,-0.004885,-0.011950,0.064999,-0.164137,0.387303,-0.090159,0.039472,0.039943,-0.025701,-0.109454,0.206218,0.398436,0.077036,0.047707,-0.021527
-0.012346,0.003793,0.817440,-0.026373,0.034399,-0.664014,0.746463,-0.046805,0.121307,0.037613,0.122922,0.013357,-0.037773,-0.021068,-0.001746,-0.236192,0.135712,0.011193,0.007811,0.054882,0.096494,-0.004261,-0.011904,0.063620,-0.164474,0.384803,-0.089331,0.039471,0.039383,-0.026156,-0.109519,0.206796,0.398733,0.077042,0.047783,-0.021407
-0.012401,0.003905,0.817443,-0.026495,0.034356,-0.664063,0.746417,-0.046773,0.121484,0.037512,0.122926,0.013426,-0.037612,-0.021368,-0.001722,-0.236142,0.135677,0.011286,0.007640,0.055009,0.096501,-0.004470,-0.011600,0.063157,-0.163371,0.382206,-0.088782,0.039142,0.039059,-0.026677,-0.111182,0.208444,0.402549,0.077537,0.048062,-0.021831
-0.012457,0.004016,0.817442,-0.026586,0.034321,-0.664123,0.746362,-0.046786,0.121635,0.037479,0.122936,0.013488,-0.037447,-0.021407,-0.001567,-0.236205,0.135620,0.011380,0.007465,0.055188,0.096476,-0.004744,-0.011259,0.062792,-0.162478,0.380182,-0.088305,0.038896,0.038732,-0.027507,-0.114257,0.212804,0.411510,0.079002,0.048917,-0.022279
-0.012513,0.004127,0.817440,-0.026679,0.034283,-0.664183,0.746306,-0.046793,0.121787,0.037446,0.122945,0.013550,-0.037285,-0.021427,-0.001410,-0.236269,0.135547,0.011480,0.007288,0.055359,0.096450,-0.005014,-0.010923,0.062443,-0.161897,0.378687,-0.087926,0.038720,0.038422,-0.028821,-0.119227,0.220708,0.427269,0.081753,0.050574,-0.023065
-0.012530,0.004208,0.817433,-0.026606,0.034264,-0.664020,0.746455,-0.046881,0.121732,0.037035,0.122967,0.013862,-0.037758,-0.021376,-0.001511,-0.236377,0.135619,0.011402,0.007385,0.055680,0.096729,-0.004843,-0.011073,0.061952,-0.161620,0.377611,-0.087789,0.038567,0.038667,-0.029832,-0.124462,0.232936,0.450871,0.086746,0.053764,-0.024503
-0.012460,0.004211,0.817427,-0.026614,0.034229,-0.663851,0.746607,-0.046956,0.121669,0.036613,0.122978,0.014191,-0.038237,-0.021323,-0.001629,-0.236499,0.135731,0.011302,0.007478,0.056009,0.096934,-0.004634,-0.011027,0.061664,-0.161376,0.376932,-0.087762,0.038393,0.038784,-0.031353,-0.131795,0.249082,0.481538,0.092811,0.057539,-0.026278
-0.012478,0.004212,0.817422,-0.026622,0.034193,-0.663681,0.746760,-0.047019,0.121601,0.036187,0.122983,0.014519,-0.038718,-0.021263,-0.001746,-0.236620,0.135845,0.011198,0.007569,0.056314,0.097134,-0.004418,-0.010964,0.061346,-0.161262,0.376436,-0.087762,0.038231,0.038885,-0.033202,-0.140369,0.267645,0.516813,0.099728,0.061835,-0.028291
-0.012720,0.004130,0.817431,-0.026434,0.034311,-0.663813,0.746643,-0.047470,0.121654,0.037116,0.122899,0.014065,-0.038280,-0.021730,-0.001544,-0.236768,0.135753,0.011118,0.007306,0.056105,0.096724,-0.004106,-0.011032,0.062697,-0.160395,0.376548,-0.087896,0.038302,0.039166,-0.035346,-0.151674,0.285033,0.552164,0.106821,0.065856,-0.030486
-0.012961,0.004059,0.817430,-0.026245,0.034455,-0.663958,0.746515,-0.047988,0.121919,0.037058,0.122917,0.014346,-0.038732,-0.022309,-0.001264,-0.236889,0.135707,0.011045,0.007032,0.055950,0.096388,-0.003822,-0.011141,0.063809,-0.159645,0.376921,-0.088023,0.038278,0.039456,-0.037125,-0.161263,0.299157,0.581264,0.112720,0.069071,-0.032299
-0.013201,0.004076,0.817429,-0.026051,0.034605,-0.664100,0.746388,-0.048533,0.122187,0.036991,0.122932,0.014634,-0.039179,-0.022909,-0.000987,-0.237021,0.135664,0.010971,0.006754,0.055796,0.096064,-0.003560,-0.011274,0.064929,-0.158901,0.377351,-0.088160,0.038224,0.039759,-0.038140,-0.167603,0.307272,0.598691,0.116364,0.070888,-0.033475
-0.013107,0.004071,0.817418,-0.025818,0.034824,-0.663992,0.746482,-0.049141,0.121973,0.036768,0.122942,0.014429,-0.038695,-0.023562,-0.001275,-0.236984,0.135598,0.011242,0.007572,0.055982,0.095763,-0.002917,-0.011148,0.064616,-0.159398,0.377233,-0.087966,0.038138,0.039195,-0.038343,-0.167612,0.309325,0.601532,0.116733,0.071354,-0.033404
-0.012930,0.004155,0.817402,-0.025642,0.035000,-0.663926,0.746539,-0.049847,0.121712,0.036591,0.122941,0.014552,-0.038762,-0.024196,-0.001499,-0.236882,0.135536,0.011561,0.008540,0.056174,0.095527,-0.002357,-0.010934,0.064455,-0.159797,0.376996,-0.087925,0.037960,0.039321,-0.037658,-0.163670,0.304262,0.590453,0.114428,0.070212,-0.032606
-0.012839,0.004239,0.817386,-0.025465,0.035179,-0.663861,0.746594,-0.050553,0.121451,0.036420,0.122927,0.014680,-0.038831,-0.024828,-0.001725,-0.236785,0.135463,0.011886,0.009507,0.056359,0.095283,-0.001811,-0.010695,0.064369,-0.160165,0.376735,-0.087914,0.037772,0.039527,-0.036321,-0.156929,0.294048,0.569306,0.110187,0.067874,-0.031270
-0.012904,0.004476,0.817421,-0.025534,0.035288,-0.663913,0.746540,-0.050896,0.121755,0.036411,0.122854,0.014692,-0.038778,-0.025071,-0.001507,-0.237454,0.135617,0.011549,0.006884,0.055925,0.095757,-0.002144,-0.010693,0.063839,-0.160260,0.376736,-0.087946,0.038215,0.039175,-0.034917,-0.150255,0.280662,0.543915,0.105184,0.064877,-0.029755
-0.012905,0.004636,0.817419,-0.025531,0.035308,-0.663991,0.746470,-0.051196,0.121824,0.036377,0.122862,0.014841,-0.038776,-0.025356,-0.001453,-0.237448,0.135644,0.011704,0.006740,0.055438,0.096022,-0.002344,-0.010617,0.063183,-0.160856,0.376853,-0.087863,0.038453,0.038935,-0.033699,-0.143692,0.267746,0.519250,0.100326,0.061928,-0.028237
-0.012990,0.004884,0.817418,-0.025528,0.035321,-0.664070,0.746399,-0.051477,0.121882,0.036355,0.122851,0.014992,-0.038768,-0.025620,-0.001408,-0.237428,0.135647,0.011870,0.006601,0.054971,0.096280,-0.002535,-0.010528,0.062544,-0.161466,0.376998,-0.087797,0.038668,0.038717,-0.032758,-0.138295,0.256939,0.498732,0.096279,0.059457,-0.026943
-0.012982,0.004789,0.817420,-0.025480,0.035369,-0.663985,0.746474,-0.051653,0.121810,0.035800,0.122867,0.015167,-0.038402,-0.026077,-0.001326,-0.237834,0.135666,0.011706,0.006272,0.055373,0.096137,-0.002655,-0.010378,0.062513,-0.160421,0.376915,-0.087881,0.038348,0.039005,-0.031358,-0.134765,0.247900,0.483921,0.093757,0.057464,-0.026512
-0.013073,0.004781,0.817420,-0.025412,0.035424,-0.663950,0.746505,-0.051863,0.121736,0.035278,0.122884,0.015342,-0.038045,-0.026332,-0.001316,-0.238299,0.135735,0.011506,0.005950,0.055662,0.095996,-0.002843,-0.010166,0.062429,-0.159611,0.376881,-0.088002,0.038299,0.039119,-0.030275,-0.132602,0.241201,0.473863,0.092181,0.056037,-0.026153
-0.013077,0.004686,0.817420,-0.025346,0.035479,-0.663914,0.746537,-0.052068,0.121664,0.034757,0.122901,0.015516,-0.037690,-0.026586,-0.001312,-0.238768,0.135810,0.011305,0.005624,0.055962,0.095858,-0.003032,-0.009924,0.062324,-0.158782,0.376836,-0.088138,0.038278,0.039225,-0.029388,-0.131340,0.235944,0.466814,0.091204,0.054949,-0.025957
-0.012976,0.004626,0.817422,-0.025275,0.035670,-0.663668,0.746749,-0.052537,0.121691,0.034820,0.122847,0.015698,-0.038331,-0.026509,-0.001713,-0.239392,0.135824,0.011926,0.007419,0.056430,0.095740,-0.002922,-0.010424,0.062564,-0.160069,0.376551,-0.087841,0.038273,0.039144,-0.028841,-0.128626,0.233667,0.459226,0.089271,0.054337,-0.025256
-0.012894,0.004662,0.817426,-0.025251,0.035820,-0.663502,0.746890,-0.052972,0.121555,0.034065,0.122817,0.016280,-0.038066,-0.026708,-0.002023,-0.240580,0.135820,0.012376,0.008388,0.057183,0.095587,-0.002930,-0.010692,0.062750,-0.160949,0.376218,-0.087606,0.038251,0.039078,-0.028161,-0.125518,0.230588,0.450124,0.087060,0.053688,-0.024527
-0.012900,0.004608,0.817429,-0.025216,0.035981,-0.663332,0.747034,-0.053433,0.121416,0.033297,0.122772,0.016878,-0.037802,-0.026946,-0.002341,-0.241782,0.135836,0.012814,0.009355,0.057916,0.095432,-0.002980,-0.010917,0.062934,-0.161776,0.375849,-0.087367,0.038227,0.039025,-0.027251,-0.121669,0.225951,0.438102,0.084299,0.052712,-0.023674
-0.012815,0.004565,0.817431,-0.025019,0.035870,-0.663178,0.747183,-0.052974,0.121032,0.034119,0.122773,0.014879,-0.037779,-0.026631,-0.002203,-0.240397,0.135761,0.011512,0.006578,0.057552,0.094968,-0.003269,-0.010676,0.063014,-0.161214,0.376129,-0.087525,0.038310,0.039141,-0.026060,-0.117734,0.218096,0.423996,0.081638,0.051013,-0.022902
-0.012841,0.004428,0.817442,-0.025035,0.035824,-0.663110,0.747245,-0.052588,0.120854,0.033950,0.122869,0.014472,-0.037052,-0.026386,-0.002430,-0.241101,0.135868,0.011367,0.006242,0.057582,0.094819,-0.003370,-0.010497,0.063155,-0.160641,0.376420,-0.087638,0.038339,0.039216,-0.024844,-0.113373,0.209517,0.408669,0.078759,0.049006,-0.022055
-0.012777,0.004380,0.817453,-0.025047,0.035779,-0.663029,0.747319,-0.052190,0.120656,0.033753,0.122906,0.014104,-0.036316,-0.026132,-0.002671,-0.241834,0.135937,0.011239,0.005914,0.057581,0.094682,-0.003474,-0.010342,0.063301,-0.160046,0.376709,-0.087750,0.038354,0.039309,-0.023748,-0.109693,0.202200,0.395859,0.076348,0.047273,-0.021331
-0.012672,0.004366,0.817436,-0.024995,0.035865,-0.663284,0.747090,-0.052994,0.120764,0.033602,0.122833,0.014613,-0.038096,-0.026396,-0.002436,-0.240372,0.135921,0.011429,0.007178,0.057278,0.094877,-0.003160,-0.011025,0.062993,-0.161145,0.376520,-0.087567,0.038377,0.039118,-0.024026,-0.107431,0.200138,0.389949,0.075116,0.046629,-0.020842
-0.012582,0.004309,0.817447,-0.024932,0.036015,-0.663369,0.747009,-0.053333,0.120624,0.033193,0.122831,0.014068,-0.037932,-0.026653,-0.002507,-0.240312,0.135972,0.011580,0.007228,0.057088,0.094861,-0.002934,-0.011660,0.062653,-0.162055,0.376282,-0.087399,0.038409,0.038945,-0.024962,-0.108520,0.204660,0.396597,0.076316,0.047610,-0.021026
-0.012492,0.004250,0.817457,-0.024871,0.036159,-0.663445,0.746937,-0.053665,0.120474,0.032755,0.122846,0.013515,-0.037767,-0.026895,-0.002590,-0.240275,0.136046,0.011710,0.007281,0.056865,0.094836,-0.002694,-0.012312,0.062344,-0.162966,0.375996,-0.087226,0.038450,0.038789,-0.026829,-0.113770,0.217069,0.418473,0.080441,0.050449,-0.022018
-0.012536,0.004303,0.817428,-0.024944,0.036054,-0.663371,0.747005,-0.053274,0.120864,0.033487,0.122894,0.014902,-0.038018,-0.026969,-0.002025,-0.239754,0.135898,0.011555,0.006390,0.056890,0.094509,-0.002781,-0.011466,0.062256,-0.162672,0.376291,-0.087409,0.038529,0.038767,-0.029307,-0.125299,0.234792,0.454706,0.087695,0.054538,-0.024122
-0.012588,0.004328,0.817421,-0.024980,0.035990,-0.663351,0.747025,-0.053167,0.120920,0.033413,0.122843,0.014967,-0.037936,-0.026786,-0.001632,-0.239175,0.135660,0.011413,0.005512,0.057068,0.094012,-0.002963,-0.010623,0.062071,-0.162657,0.376474,-0.087490,0.038588,0.038651,-0.032317,-0.138955,0.256727,0.498854,0.096433,0.059510,-0.026480
-0.012640,0.004351,0.817413,-0.025015,0.035931,-0.663328,0.747047,-0.053093,0.120980,0.033329,0.122839,0.015005,-0.037852,-0.026601,-0.001231,-0.238597,0.135404,0.011277,0.004633,0.057251,0.093514,-0.003166,-0.009766,0.061851,-0.162732,0.376625,-0.087565,0.038667,0.038524,-0.035284,-0.152466,0.278320,0.542379,0.105051,0.064388,-0.028778
-0.012570,0.004306,0.817389,-0.025007,0.035883,-0.663440,0.746950,-0.052944,0.120812,0.033583,0.122924,0.014706,-0.037753,-0.026370,-0.002121,-0.238969,0.135666,0.011158,0.007749,0.057093,0.093790,-0.003461,-0.009978,0.061374,-0.163346,0.376711,-0.087460,0.038808,0.038384,-0.037484,-0.160757,0.296288,0.575903,0.111344,0.068554,-0.030774
-0.012489,0.004166,0.817349,-0.024928,0.035772,-0.663608,0.746808,-0.052762,0.120422,0.033824,0.122983,0.014412,-0.037593,-0.026126,-0.002341,-0.238093,0.135576,0.010513,0.008436,0.056906,0.093565,-0.003737,-0.010172,0.060692,-0.164032,0.376921,-0.087343,0.038916,0.038236,-0.038671,-0.164684,0.306049,0.593207,0.114535,0.070805,-0.031912
-0.012411,0.004026,0.817309,-0.024853,0.035661,-0.663783,0.746661,-0.052567,0.120053,0.034084,0.123040,0.014114,-0.037443,-0.025865,-0.002540,-0.237206,0.135458,0.009883,0.009114,0.056736,0.093336,-0.004011,-0.010323,0.059912,-0.164861,0.377172,-0.087210,0.039048,0.038046,-0.038708,-0.163581,0.306350,0.592161,0.114203,0.070862,-0.032071
-0.012332,0.003970,0.817415,-0.025360,0.035965,-0.663876,0.746547,-0.051728,0.121462,0.034123,0.122878,0.013842,-0.037433,-0.026019,-0.001628,-0.238522,0.135953,0.011750,0.007289,0.056634,0.094533,-0.003897,-0.010266,0.060458,-0.164499,0.377472,-0.087069,0.039007,0.038275,-0.037273,-0.158261,0.297884,0.575200,0.110732,0.068871,-0.030836
-0.012318,0.004014,0.817409,-0.025525,0.035946,-0.663993,0.746438,-0.051418,0.121736,0.034242,0.122915,0.013515,-0.037299,-0.025781,-0.001380,-0.238596,0.135906,0.011887,0.007221,0.056467,0.094648,-0.003830,-0.010206,0.060907,-0.164265,0.377690,-0.086980,0.038934,0.038410,-0.035320,-0.150228,0.284421,0.548580,0.105346,0.065830,-0.029367
-0.012391,0.003970,0.817403,-0.025681,0.035915,-0.664108,0.746332,-0.051090,0.121976,0.034363,0.122926,0.013200,-0.037158,-0.025568,-0.001174,-0.238666,0.135932,0.011982,0.007160,0.056290,0.094693,-0.003753,-0.010082,0.061307,-0.164228,0.378064,-0.086893,0.038909,0.038519,-0.033291,-0.141726,0.270290,0.520564,0.099682,0.062631,-0.027847
-0.012062,0.004001,0.817424,-0.025634,0.035835,-0.664061,0.746379,-0.050826,0.121658,0.035330,0.122972,0.013201,-0.037620,-0.025382,-0.001468,-0.237813,0.135833,0.012344,0.007567,0.056011,0.094609,-0.003798,-0.010230,0.062790,-0.163213,0.378001,-0.087358,0.038839,0.038670,-0.031986,-0.136659,0.259168,0.500095,0.096016,0.060078,-0.026928
-0.011824,0.004040,0.817426,-0.025727,0.035776,-0.664124,0.746322,-0.050512,0.121505,0.036334,0.122942,0.012757,-0.037711,-0.025238,-0.001605,-0.236990,0.135790,0.012673,0.007949,0.055859,0.094618,-0.003960,-0.010408,0.063744,-0.162295,0.378310,-0.087828,0.038681,0.039078,-0.031712,-0.135419,0.255457,0.493937,0.095124,0.059183,-0.026711
-0.011584,0.004081,0.817427,-0.025824,0.035719,-0.664191,0.746263,-0.050204,0.121357,0.037348,0.122930,0.012299,-0.037798,-0.025091,-0.001736,-0.236158,0.135738,0.013006,0.008329,0.055715,0.094651,-0.004123,-0.010558,0.064713,-0.161624,0.379072,-0.088366,0.038572,0.039539,-0.032664,-0.139333,0.261539,0.506670,0.097855,0.060532,-0.027501
-0.011745,0.004037,0.817434,-0.025919,0.035656,-0.664279,0.746184,-0.049838,0.121778,0.036896,0.122917,0.012063,-0.038162,-0.024692,-0.001430,-0.236370,0.135394,0.011593,0.006324,0.055955,0.094759,-0.004482,-0.011075,0.064775,-0.162679,0.380648,-0.088603,0.038781,0.039747,-0.034673,-0.148022,0.278961,0.539854,0.103957,0.064643,-0.029047
-0.011812,0.003979,0.817445,-0.025955,0.035588,-0.664330,0.746140,-0.049390,0.122241,0.037529,0.122892,0.010915,-0.038781,-0.024383,-0.001066,-0.236408,0.135025,0.010386,0.004477,0.056175,0.094680,-0.004674,-0.011691,0.065246,-0.163912,0.382778,-0.088975,0.038942,0.040100,-0.037885,-0.162010,0.305449,0.590563,0.113404,0.070877,-0.031528
-0.011878,0.003923,0.817456,-0.025999,0.035516,-0.664388,0.746091,-0.048933,0.122715,0.038180,0.122897,0.009748,-0.039398,-0.024061,-0.000695,-0.236430,0.134654,0.009182,0.002628,0.056415,0.094612,-0.004838,-0.012351,0.065850,-0.165323,0.385387,-0.089461,0.039129,0.040512,-0.041797,-0.178927,0.337461,0.651942,0.124897,0.078389,-0.034562
-0.011868,0.003894,0.817409,-0.025930,0.035599,-0.664385,0.746091,-0.049579,0.121554,0.037295,0.123061,0.012734,-0.037035,-0.024288,-0.001315,-0.236340,0.135499,0.012371,0.006861,0.056926,0.094977,-0.004984,-0.012167,0.066887,-0.164773,0.387944,-0.090807,0.039201,0.041258,-0.046421,-0.196628,0.367489,0.713629,0.137363,0.085393,-0.038443
-0.011803,0.003909,0.817403,-0.025832,0.035593,-0.664402,0.746081,-0.049688,0.121010,0.037915,0.122963,0.012808,-0.036253,-0.024370,-0.001555,-0.236285,0.135361,0.012424,0.006087,0.057424,0.095026,-0.005344,-0.012427,0.068048,-0.164102,0.390361,-0.092209,0.039257,0.042240,-0.050147,-0.211414,0.392080,0.764027,0.147497,0.091182,-0.041520
-0.011746,0.003922,0.817396,-0.025762,0.035575,-0.664430,0.746059,-0.049770,0.120523,0.038548,0.122961,0.012817,-0.035494,-0.024394,-0.001746,-0.236212,0.135231,0.012460,0.005295,0.057939,0.095098,-0.005651,-0.012714,0.069269,-0.163215,0.392520,-0.093605,0.039273,0.043252,-0.052484,-0.220164,0.405420,0.792584,0.153425,0.094343,-0.043418
-0.011791,0.003874,0.817418,-0.025917,0.035584,-0.664395,0.746084,-0.049514,0.121581,0.037063,0.122973,0.012882,-0.037387,-0.024271,-0.001606,-0.236405,0.135447,0.012381,0.007970,0.057425,0.095039,-0.005648,-0.012786,0.069031,-0.165797,0.396107,-0.093828,0.039954,0.043129,-0.052364,-0.219239,0.406297,0.793027,0.153351,0.094410,-0.043141
-0.011780,0.003793,0.817419,-0.025941,0.035544,-0.664396,0.746084,-0.049358,0.121578,0.036992,0.123015,0.012847,-0.037468,-0.024072,-0.001601,-0.236416,0.135409,0.012281,0.007965,0.056896,0.094898,-0.005688,-0.012903,0.068824,-0.167985,0.399071,-0.093972,0.040599,0.042815,-0.050375,-0.210870,0.393122,0.766345,0.148051,0.091284,-0.041440
-0.011769,0.003798,0.817419,-0.025958,0.035508,-0.664403,0.746079,-0.049197,0.121574,0.036942,0.123028,0.012824,-0.037545,-0.023887,-0.001598,-0.236410,0.135366,0.012190,0.007960,0.056407,0.094739,-0.005751,-0.013048,0.068539,-0.169736,0.401245,-0.093972,0.041146,0.042445,-0.047063,-0.196965,0.369576,0.719592,0.138895,0.085773,-0.038668
-0.011607,0.003724,0.817421,-0.025962,0.035531,-0.664534,0.745962,-0.049009,0.121488,0.037088,0.123011,0.012592,-0.037534,-0.023803,-0.001667,-0.236090,0.135321,0.012257,0.008326,0.056258,0.094661,-0.005845,-0.012698,0.069226,-0.169860,0.401591,-0.093906,0.040719,0.042541,-0.043035,-0.181685,0.340847,0.663457,0.127843,0.079251,-0.035533
-0.011441,0.003554,0.817422,-0.025956,0.035563,-0.664670,0.745839,-0.048833,0.121406,0.037253,0.122994,0.012346,-0.037522,-0.023735,-0.001733,-0.235757,0.135270,0.012321,0.008694,0.056187,0.094640,-0.005961,-0.012266,0.069824,-0.169492,0.401048,-0.093701,0.040504,0.042570,-0.039127,-0.166778,0.313596,0.609616,0.117160,0.073064,-0.032444
-0.011276,0.003470,0.817423,-0.025949,0.035599,-0.664806,0.745716,-0.048665,0.121323,0.037414,0.122979,0.012102,-0.037508,-0.023675,-0.001797,-0.235421,0.135219,0.012386,0.009062,0.056101,0.094614,-0.006090,-0.011808,0.070352,-0.168683,0.399633,-0.093314,0.040231,0.042538,-0.035895,-0.154791,0.291964,0.566650,0.108559,0.068199,-0.029925
-0.011520,0.003416,0.817418,-0.025882,0.035726,-0.664789,0.745727,-0.048816,0.121599,0.037117,0.122940,0.012603,-0.037573,-0.024008,-0.001388,-0.235842,0.135030,0.011999,0.007704,0.056172,0.094525,-0.005991,-0.012249,0.069781,-0.167652,0.397652,-0.092923,0.040222,0.042160,-0.034325,-0.147772,0.277399,0.538781,0.103431,0.064760,-0.028753
-0.011671,0.003371,0.817417,-0.025816,0.035850,-0.664850,0.745669,-0.049102,0.121981,0.036813,0.122919,0.013114,-0.037633,-0.024421,-0.000877,-0.236242,0.134867,0.011682,0.006859,0.056305,0.094509,-0.005825,-0.012696,0.069302,-0.166395,0.395180,-0.092335,0.039954,0.042025,-0.033628,-0.144694,0.270263,0.525340,0.101020,0.063061,-0.028279
-0.011822,0.003326,0.817416,-0.025746,0.035980,-0.664915,0.745608,-0.049406,0.122364,0.036516,0.122911,0.013621,-0.037693,-0.024848,-0.000367,-0.236642,0.134707,0.011364,0.006015,0.056458,0.094492,-0.005672,-0.013162,0.068830,-0.164902,0.392312,-0.091649,0.039599,0.041880,-0.033615,-0.144648,0.268912,0.523075,0.100735,0.062719,-0.028395
-0.012087,0.003490,0.817401,-0.025620,0.035955,-0.664947,0.745584,-0.049695,0.122322,0.037027,0.122937,0.012888,-0.037724,-0.024915,-0.000784,-0.235695,0.135061,0.012279,0.007038,0.056346,0.094126,-0.005210,-0.012395,0.067996,-0.164169,0.389524,-0.090922,0.039332,0.041406,-0.034333,-0.145849,0.271609,0.527512,0.101599,0.063184,-0.028753
-0.012230,0.003623,0.817388,-0.025571,0.036025,-0.665073,0.745470,-0.049983,0.122561,0.036918,0.122944,0.013414,-0.037861,-0.025340,-0.000538,-0.235639,0.135108,0.012348,0.006343,0.056193,0.093905,-0.004796,-0.011916,0.066841,-0.163619,0.386642,-0.090237,0.039087,0.041013,-0.035303,-0.148127,0.276169,0.535360,0.103150,0.064147,-0.029185
-0.012373,0.003757,0.817374,-0.025514,0.036111,-0.665195,0.745359,-0.050301,0.122809,0.036795,0.122927,0.013964,-0.038002,-0.025805,-0.000284,-0.235597,0.135159,0.012417,0.005644,0.056036,0.093716,-0.004416,-0.011472,0.065774,-0.163196,0.384110,-0.089647,0.038900,0.040698,-0.036343,-0.150653,0.281214,0.544017,0.104844,0.065229,-0.029674
-0.012382,0.003780,0.817405,-0.025382,0.036151,-0.665184,0.745371,-0.050683,0.122753,0.037189,0.122876,0.013014,-0.037724,-0.026251,-0.000315,-0.235064,0.135104,0.012515,0.006955,0.055478,0.093853,-0.004231,-0.011414,0.065018,-0.162610,0.382087,-0.089072,0.038918,0.040135,-0.037210,-0.154377,0.284444,0.552955,0.106823,0.066082,-0.030231
-0.012298,0.003887,0.817401,-0.025220,0.036301,-0.665298,0.745268,-0.051021,0.122706,0.037379,0.122889,0.013035,-0.037745,-0.026722,-0.000358,-0.234764,0.135053,0.012625,0.007023,0.054969,0.094010,-0.004048,-0.011499,0.064073,-0.162435,0.380582,-0.088589,0.038949,0.039663,-0.038092,-0.157638,0.286584,0.559811,0.108416,0.066568,-0.030627
-0.012214,0.003908,0.817398,-0.025053,0.036457,-0.665411,0.745166,-0.051367,0.122657,0.037569,0.122876,0.013073,-0.037764,-0.027218,-0.000398,-0.234464,0.135001,0.012739,0.007088,0.054477,0.094177,-0.003880,-0.011623,0.063163,-0.162554,0.379622,-0.088229,0.039058,0.039247,-0.038869,-0.160274,0.287480,0.564205,0.109524,0.066747,-0.030892
-0.012272,0.004069,0.817398,-0.025095,0.036471,-0.665405,0.745168,-0.052009,0.122686,0.037658,0.122869,0.013510,-0.037878,-0.027608,-0.000375,-0.234310,0.135014,0.012911,0.007008,0.054818,0.094458,-0.003787,-0.011341,0.062998,-0.162461,0.378587,-0.087974,0.038760,0.039034,-0.038652,-0.159770,0.288703,0.566089,0.109735,0.067089,-0.030722
-0.012342,0.004219,0.817390,-0.025058,0.036553,-0.665411,0.745160,-0.052442,0.122776,0.037721,0.122840,0.013944,-0.038010,-0.027889,-0.000299,-0.234218,0.135017,0.013060,0.006912,0.055048,0.094657,-0.003723,-0.010919,0.062819,-0.162697,0.377895,-0.087742,0.038577,0.038672,-0.038016,-0.158690,0.289456,0.566647,0.109700,0.067238,-0.030551
-0.012326,0.004364,0.817383,-0.025021,0.036634,-0.665415,0.745154,-0.052865,0.122864,0.037783,0.122800,0.014378,-0.038148,-0.028160,-0.000221,-0.234131,0.135010,0.013206,0.006816,0.055274,0.094845,-0.003679,-0.010473,0.062609,-0.163146,0.377397,-0.087538,0.038441,0.038282,-0.037367,-0.157609,0.290209,0.567143,0.109668,0.067391,-0.030400
-0.012270,0.004214,0.817403,-0.025033,0.036566,-0.665324,0.745238,-0.052503,0.122559,0.036994,0.122867,0.013128,-0.037702,-0.028434,-0.000289,-0.234236,0.135012,0.013198,0.006956,0.055504,0.094430,-0.003773,-0.010678,0.062825,-0.162680,0.377291,-0.087620,0.038499,0.038927,-0.037236,-0.158584,0.290205,0.568667,0.110437,0.067490,-0.030795
-0.012202,0.004174,0.817406,-0.025096,0.036501,-0.665220,0.745332,-0.052140,0.122329,0.036617,0.122939,0.012657,-0.037515,-0.028241,-0.000378,-0.234276,0.135075,0.013153,0.007111,0.055720,0.094150,-0.003710,-0.010466,0.062963,-0.162436,0.377239,-0.087650,0.038441,0.039071,-0.037176,-0.159898,0.290725,0.571681,0.111549,0.067694,-0.031186
-0.012047,0.004045,0.817410,-0.025169,0.036423,-0.665116,0.745427,-0.051715,0.122097,0.036242,0.122974,0.012194,-0.037324,-0.027997,-0.000468,-0.234316,0.135117,0.013110,0.007267,0.055936,0.093869,-0.003614,-0.010217,0.063072,-0.162272,0.377222,-0.087670,0.038381,0.039161,-0.037163,-0.161461,0.291683,0.575654,0.112863,0.067983,-0.031615
-0.012231,0.004123,0.817398,-0.025311,0.036202,-0.665477,0.745110,-0.051409,0.122456,0.036897,0.123005,0.012973,-0.037800,-0.027119,-0.000414,-0.234026,0.135235,0.012636,0.006683,0.055804,0.093916,-0.003622,-0.010204,0.063849,-0.161109,0.377568,-0.087916,0.038462,0.039258,-0.037663,-0.163940,0.292622,0.580081,0.113804,0.068298,-0.032002
-0.012412,0.004215,0.817397,-0.025474,0.035930,-0.665595,0.745012,-0.050899,0.122537,0.036954,0.123030,0.013084,-0.037956,-0.026548,-0.000243,-0.233715,0.135322,0.012203,0.006068,0.055646,0.093923,-0.003515,-0.009871,0.064687,-0.159693,0.378073,-0.088174,0.038476,0.039309,-0.038263,-0.166211,0.293286,0.584112,0.114664,0.068529,-0.032328
-0.012594,0.004308,0.817396,-0.025641,0.035654,-0.665706,0.744920,-0.050390,0.122619,0.036996,0.123070,0.013192,-0.038112,-0.025965,-0.000075,-0.233420,0.135416,0.011763,0.005451,0.055433,0.093930,-0.003386,-0.009481,0.065557,-0.158182,0.378617,-0.088436,0.038478,0.039344,-0.038815,-0.168286,0.293440,0.587357,0.115397,0.068630,-0.032610
-0.012633,0.004254,0.817401,-0.025772,0.035660,-0.665549,0.745056,-0.049851,0.123031,0.036782,0.123047,0.013094,-0.038088,-0.025864,0.000210,-0.234058,0.135475,0.012373,0.005742,0.055279,0.093734,-0.003342,-0.009913,0.064508,-0.159428,0.377987,-0.088004,0.038326,0.039198,-0.038791,-0.167819,0.295561,0.588556,0.115134,0.069014,-0.032159
-0.012684,0.004163,0.817399,-0.025818,0.035693,-0.665562,0.745041,-0.049734,0.123230,0.036521,0.123025,0.012993,-0.038043,-0.025694,0.000553,-0.234323,0.135551,0.012151,0.004829,0.055252,0.093482,-0.003142,-0.010030,0.063659,-0.160569,0.377279,-0.087662,0.038270,0.039197,-0.038514,-0.167235,0.297161,0.588862,0.114737,0.069419,-0.031731
-0.012736,0.004068,0.817397,-0.025852,0.035736,-0.665578,0.745023,-0.049649,0.123428,0.036264,0.123016,0.012886,-0.037996,-0.025569,0.000891,-0.234577,0.135667,0.011907,0.003913,0.055248,0.093214,-0.002981,-0.010067,0.062858,-0.161652,0.376524,-0.087334,0.038234,0.039218,-0.038131,-0.166524,0.298338,0.588476,0.114220,0.069779,-0.031283
-0.012658,0.003996,0.817411,-0.025739,0.035822,-0.665584,0.745019,-0.049782,0.123656,0.037155,0.122992,0.012672,-0.038478,-0.026000,0.000281,-0.233478,0.135450,0.013087,0.007144,0.055053,0.093386,-0.002385,-0.009886,0.063143,-0.161508,0.376359,-0.087474,0.038215,0.039480,-0.038484,-0.166283,0.297741,0.587658,0.114454,0.069567,-0.031597
-0.012572,0.003956,0.817421,-0.025660,0.035913,-0.665639,0.744967,-0.049918,0.123867,0.037995,0.122974,0.012485,-0.038872,-0.026308,0.000047,-0.232670,0.135521,0.013801,0.008079,0.054968,0.093626,-0.001918,-0.009921,0.063400,-0.161182,0.376262,-0.087595,0.038158,0.039667,-0.038390,-0.165852,0.296815,0.586477,0.114681,0.069181,-0.031959
-0.012401,0.003916,0.817430,-0.025582,0.036008,-0.665695,0.744916,-0.050060,0.124088,0.038832,0.122960,0.012296,-0.039267,-0.026640,-0.000181,-0.231867,0.135628,0.014497,0.009012,0.054910,0.093867,-0.001463,-0.009950,0.063665,-0.160833,0.376177,-0.087705,0.038071,0.039847,-0.038227,-0.165346,0.295723,0.585000,0.114863,0.068747,-0.032325
-0.012639,0.003835,0.817424,-0.025677,0.036072,-0.665469,0.745111,-0.050095,0.123514,0.035817,0.122987,0.013052,-0.038956,-0.026182,0.000636,-0.234173,0.135388,0.012756,0.005706,0.054846,0.093687,-0.001187,-0.010114,0.063793,-0.161048,0.376276,-0.087705,0.038200,0.039854,-0.038290,-0.165345,0.295086,0.583217,0.114451,0.068514,-0.032386
-0.012867,0.003729,0.817442,-0.025731,0.036186,-0.665301,0.745254,-0.050109,0.123867,0.034522,0.122937,0.013358,-0.039453,-0.026138,0.001074,-0.234714,0.135477,0.012801,0.004735,0.054444,0.093632,-0.000779,-0.010295,0.063941,-0.161236,0.376570,-0.087680,0.038366,0.039867,-0.038383,-0.165299,0.294354,0.581202,0.113928,0.068303,-0.032280
-0.013004,0.003625,0.817460,-0.025780,0.036309,-0.665152,0.745379,-0.050146,0.124233,0.033278,0.122903,0.013655,-0.039948,-0.026112,0.001529,-0.235202,0.135522,0.012885,0.003762,0.054087,0.093592,-0.000393,-0.010467,0.064105,-0.161359,0.376879,-0.087645,0.038518,0.039896,-0.038455,-0.165164,0.293349,0.578650,0.113316,0.068029,-0.032144
-0.013120,0.003686,0.817409,-0.025669,0.036003,-0.665442,0.745138,-0.050013,0.124152,0.036222,0.123025,0.012868,-0.038883,-0.025938,0.001203,-0.234351,0.135222,0.012348,0.005823,0.054406,0.093640,-0.001117,-0.010441,0.064071,-0.161630,0.376879,-0.087635,0.038541,0.039506,-0.038549,-0.164030,0.291680,0.575743,0.112662,0.067790,-0.031778
-0.013277,0.003704,0.817406,-0.025743,0.036002,-0.665576,0.745017,-0.049867,0.124389,0.036499,0.123027,0.012769,-0.038952,-0.025974,0.001423,-0.234164,0.135177,0.012317,0.005622,0.054372,0.093877,-0.001331,-0.010293,0.063911,-0.162071,0.376996,-0.087623,0.038484,0.039135,-0.038609,-0.163150,0.289849,0.572433,0.111970,0.067468,-0.031382
-0.013348,0.003636,0.817403,-0.025823,0.036008,-0.665691,0.744911,-0.049741,0.124639,0.036720,0.123034,0.012679,-0.039027,-0.025981,0.001661,-0.234033,0.135088,0.012300,0.005419,0.054255,0.094153,-0.001537,-0.010100,0.063780,-0.162462,0.377074,-0.087623,0.038441,0.038775,-0.038718,-0.162391,0.288085,0.569279,0.111322,0.067150,-0.030998
-0.013204,0.003631,0.817399,-0.025454,0.036115,-0.665868,0.744760,-0.050070,0.124477,0.037111,0.123016,0.012615,-0.038993,-0.026125,0.001624,-0.233567,0.135071,0.012337,0.005597,0.053985,0.094251,-0.000962,-0.010584,0.062959,-0.163068,0.376680,-0.087549,0.038321,0.039324,-0.038101,-0.160330,0.287426,0.566744,0.110593,0.066848,-0.030646
-0.013132,0.003561,0.817395,-0.025270,0.036261,-0.665937,0.744698,-0.050432,0.124300,0.037510,0.123000,0.012563,-0.038970,-0.026333,0.001567,-0.233096,0.135127,0.012345,0.005764,0.053714,0.094434,-0.000581,-0.011004,0.062198,-0.163543,0.376165,-0.087577,0.038163,0.039370,-0.037617,-0.158560,0.287302,0.565164,0.110083,0.066750,-0.030436
-0.013062,0.003491,0.817392,-0.025083,0.036409,-0.666004,0.744637,-0.050801,0.124125,0.037899,0.122985,0.012513,-0.038945,-0.026550,0.001512,-0.232632,0.135186,0.012353,0.005928,0.053431,0.094619,-0.000212,-0.011422,0.061440,-0.164026,0.375633,-0.087600,0.037996,0.039368,-0.037183,-0.156987,0.287520,0.564306,0.109726,0.066739,-0.030270
-0.013132,0.003463,0.817405,-0.025165,0.036417,-0.666204,0.744455,-0.050642,0.124414,0.037732,0.122965,0.012481,-0.038976,-0.027545,0.001485,-0.232349,0.135303,0.012428,0.005743,0.053038,0.094692,-0.000004,-0.011632,0.061835,-0.163973,0.375819,-0.087368,0.038424,0.039411,-0.037629,-0.156830,0.287220,0.563227,0.109510,0.066646,-0.030360
-0.013204,0.003545,0.817405,-0.025181,0.036421,-0.666389,0.744289,-0.050578,0.124621,0.037721,0.122973,0.012459,-0.038989,-0.027765,0.001672,-0.232289,0.135455,0.012479,0.005554,0.052738,0.094674,0.000195,-0.011919,0.062221,-0.163747,0.376116,-0.087386,0.038511,0.039355,-0.038129,-0.156334,0.286355,0.561158,0.109117,0.066375,-0.030349
-0.013276,0.003542,0.817405,-0.025213,0.036407,-0.666571,0.744125,-0.050465,0.124828,0.037707,0.122983,0.012429,-0.039004,-0.027923,0.001862,-0.232236,0.135578,0.012542,0.005365,0.052419,0.094655,0.000452,-0.012258,0.062569,-0.163542,0.376449,-0.087415,0.038548,0.039273,-0.038579,-0.155385,0.284804,0.557761,0.108463,0.065923,-0.030250
-0.013210,0.003649,0.817408,-0.025201,0.036349,-0.666479,0.744210,-0.050523,0.124706,0.037741,0.123009,0.012645,-0.038900,-0.027911,0.001594,-0.232173,0.135570,0.012574,0.005549,0.052723,0.094611,0.000606,-0.011533,0.062256,-0.163900,0.376858,-0.087463,0.038567,0.039191,-0.038125,-0.153974,0.283236,0.553424,0.107392,0.065558,-0.029926
-0.013138,0.003732,0.817411,-0.025164,0.036312,-0.666394,0.744290,-0.050594,0.124568,0.037779,0.122991,0.012851,-0.038787,-0.027917,0.001317,-0.232108,0.135529,0.012595,0.005747,0.053047,0.094526,0.000669,-0.010961,0.061765,-0.164600,0.377031,-0.087520,0.038612,0.039147,-0.037789,-0.153033,0.282131,0.549610,0.106439,0.065318,-0.029644
-0.013064,0.003814,0.817415,-0.025125,0.036279,-0.666309,0.744368,-0.050678,0.124429,0.037820,0.122976,0.013060,-0.038672,-0.027934,0.001036,-0.232040,0.135486,0.012615,0.005948,0.053389,0.094453,0.000720,-0.010391,0.061224,-0.165366,0.377207,-0.087591,0.038696,0.039114,-0.037605,-0.152605,0.282011,0.547650,0.105845,0.065310,-0.029462
-0.012914,0.003681,0.817414,-0.025239,0.036227,-0.666305,0.744371,-0.050382,0.123977,0.038151,0.122954,0.012808,-0.038433,-0.027661,0.001062,-0.231851,0.135530,0.012590,0.006075,0.052964,0.094599,0.000463,-0.011005,0.061621,-0.165017,0.376927,-0.087493,0.038647,0.039301,-0.037578,-0.153078,0.282063,0.548234,0.105953,0.065534,-0.029492
-0.012838,0.003575,0.817416,-0.025365,0.036141,-0.666335,0.744344,-0.049849,0.123931,0.038460,0.122955,0.012559,-0.038216,-0.027342,0.001019,-0.231690,0.135587,0.012584,0.006235,0.052872,0.094645,0.000182,-0.011703,0.061810,-0.164842,0.376794,-0.087337,0.038583,0.039433,-0.037799,-0.153977,0.283178,0.550472,0.106341,0.065830,-0.029630
-0.012676,0.003469,0.817418,-0.025496,0.036049,-0.666367,0.744316,-0.049296,0.123891,0.038780,0.122956,0.012310,-0.038001,-0.027006,0.000978,-0.231516,0.135644,0.012580,0.006393,0.052806,0.094697,-0.000078,-0.012444,0.061951,-0.164742,0.376720,-0.087176,0.038522,0.039554,-0.038071,-0.154924,0.284416,0.552899,0.106751,0.066137,-0.029775
-0.012831,0.003313,0.817416,-0.025257,0.036205,-0.666422,0.744267,-0.049619,0.124196,0.038641,0.122934,0.012284,-0.038058,-0.026891,0.001006,-0.231564,0.135574,0.012389,0.006312,0.052796,0.094670,0.000761,-0.012419,0.061999,-0.165141,0.376518,-0.087028,0.038402,0.039534,-0.037665,-0.154308,0.285589,0.553799,0.106783,0.066236,-0.029555
-0.012904,0.003188,0.817418,-0.025143,0.036274,-0.666403,0.744284,-0.049781,0.124467,0.038491,0.122953,0.012245,-0.038124,-0.026913,0.001070,-0.231653,0.135539,0.012198,0.006209,0.052760,0.094620,0.001341,-0.012443,0.062012,-0.165402,0.376250,-0.086959,0.038359,0.039518,-0.037063,-0.153090,0.285821,0.552549,0.106383,0.066183,-0.029265
-0.012977,0.003061,0.817419,-0.025028,0.036343,-0.666385,0.744301,-0.049940,0.124737,0.038339,0.122965,0.012212,-0.038192,-0.026936,0.001136,-0.231746,0.135510,0.012002,0.006106,0.052711,0.094569,0.001916,-0.012496,0.062005,-0.165696,0.375979,-0.086881,0.038321,0.039508,-0.036345,-0.151424,0.285359,0.549776,0.105677,0.065976,-0.028893
-0.013009,0.002977,0.817414,-0.025186,0.036218,-0.666444,0.744249,-0.049379,0.124236,0.038309,0.123012,0.012161,-0.038131,-0.026790,0.001284,-0.231701,0.135526,0.011908,0.006047,0.053000,0.094683,0.001212,-0.011676,0.062195,-0.164563,0.375726,-0.087224,0.038221,0.039533,-0.036355,-0.151434,0.283261,0.547504,0.105409,0.065664,-0.029003
-0.013006,0.002940,0.817415,-0.025241,0.036142,-0.666517,0.744186,-0.049027,0.124249,0.038303,0.123014,0.012103,-0.038085,-0.026611,0.001295,-0.231603,0.135505,0.011803,0.006061,0.053131,0.094883,0.000899,-0.011136,0.062450,-0.163918,0.375440,-0.087534,0.038094,0.039557,-0.036278,-0.151600,0.281749,0.546598,0.105379,0.065354,-0.029116
-0.013004,0.002817,0.817415,-0.025297,0.036064,-0.666591,0.744121,-0.048678,0.124265,0.038295,0.123036,0.012032,-0.038047,-0.026427,0.001311,-0.231504,0.135482,0.011701,0.006072,0.053295,0.095081,0.000601,-0.010624,0.062706,-0.163307,0.375136,-0.087863,0.037954,0.039583,-0.036292,-0.152203,0.281110,0.547395,0.105663,0.065236,-0.029311
-0.012994,0.002707,0.817421,-0.025283,0.036176,-0.666599,0.744109,-0.048631,0.124441,0.038384,0.123025,0.011930,-0.038246,-0.026150,0.001507,-0.231225,0.135535,0.011684,0.006045,0.052821,0.094771,0.000989,-0.010750,0.062508,-0.164061,0.375517,-0.087662,0.038096,0.039621,-0.036450,-0.152860,0.282265,0.549070,0.105919,0.065412,-0.029271
-0.012980,0.002602,0.817432,-0.025302,0.036269,-0.666596,0.744107,-0.048591,0.124615,0.038452,0.123022,0.011828,-0.038439,-0.026156,0.001678,-0.230962,0.135586,0.011682,0.006021,0.052402,0.094811,0.001431,-0.010917,0.062375,-0.164765,0.375863,-0.087485,0.038247,0.039654,-0.036603,-0.153216,0.283299,0.550250,0.106070,0.065549,-0.029187
-0.012965,0.002585,0.817443,-0.025318,0.036367,-0.666593,0.744104,-0.048565,0.124790,0.038521,0.123026,0.011729,-0.038635,-0.026184,0.001853,-0.230695,0.135645,0.011680,0.005995,0.051979,0.094855,0.001863,-0.011068,0.062222,-0.165465,0.376207,-0.087313,0.038381,0.039680,-0.036640,-0.153020,0.283273,0.549369,0.105828,0.065442,-0.029001
-0.012856,0.002346,0.817425,-0.025139,0.036270,-0.666558,0.744146,-0.048385,0.124286,0.038451,0.123054,0.011551,-0.038624,-0.025808,0.001392,-0.231067,0.135486,0.011245,0.006967,0.052281,0.094533,0.001508,-0.011208,0.062239,-0.165004,0.375997,-0.087219,0.038393,0.039573,-0.036512,-0.152349,0.281177,0.545773,0.105157,0.065077,-0.028985
-0.012720,0.002088,0.817434,-0.025046,0.036313,-0.666459,0.744236,-0.048153,0.124026,0.038327,0.123012,0.011390,-0.038636,-0.025507,0.001156,-0.231139,0.135477,0.010926,0.007968,0.052507,0.094476,0.001139,-0.011558,0.062119,-0.164870,0.375766,-0.087101,0.038408,0.039469,-0.036244,-0.151144,0.277928,0.540084,0.104080,0.064443,-0.028879
-0.012583,0.001831,0.817443,-0.024954,0.036358,-0.666362,0.744323,-0.047930,0.123770,0.038205,0.122973,0.011229,-0.038647,-0.025205,0.000928,-0.231212,0.135455,0.010618,0.008969,0.052758,0.094436,0.000768,-0.011944,0.061974,-0.164777,0.375529,-0.086991,0.038428,0.039371,-0.035975,-0.149945,0.274549,0.534226,0.102976,0.063781,-0.028776
-0.012606,0.001719,0.817423,-0.024865,0.036324,-0.666342,0.744346,-0.048226,0.123497,0.037944,0.122924,0.010967,-0.039214,-0.025300,0.000407,-0.231877,0.135423,0.010445,0.007899,0.053050,0.094303,0.000509,-0.012073,0.062749,-0.164062,0.375695,-0.087282,0.038328,0.039620,-0.034904,-0.147790,0.272728,0.530252,0.102284,0.063463,-0.028301
-0.012735,0.001583,0.817421,-0.024653,0.036385,-0.666345,0.744348,-0.048529,0.123371,0.037602,0.122854,0.010716,-0.039823,-0.025478,0.000128,-0.232185,0.135379,0.009851,0.008894,0.053268,0.094317,0.000198,-0.012133,0.063594,-0.163476,0.375686,-0.087446,0.038171,0.039794,-0.034252,-0.147028,0.273098,0.530433,0.102329,0.063666,-0.028361
-0.012774,0.001358,0.817418,-0.024435,0.036452,-0.666348,0.744348,-0.048853,0.123239,0.037266,0.122792,0.010460,-0.040423,-0.025687,-0.000157,-0.232486,0.135360,0.009244,0.009891,0.053475,0.094341,-0.000133,-0.012210,0.064453,-0.162862,0.375637,-0.087601,0.038013,0.039976,-0.033884,-0.147492,0.275773,0.535040,0.103238,0.064403,-0.028675
-0.012894,0.001214,0.817427,-0.024630,0.036387,-0.666351,0.744342,-0.047965,0.123595,0.037918,0.123009,0.010955,-0.038911,-0.025221,0.000664,-0.232127,0.135559,0.010162,0.006719,0.053157,0.094317,-0.000419,-0.011369,0.063439,-0.163691,0.375924,-0.087351,0.038207,0.039629,-0.034556,-0.150099,0.279982,0.542841,0.104537,0.065164,-0.028821
-0.013151,0.000936,0.817432,-0.024707,0.036246,-0.666431,0.744275,-0.047373,0.123839,0.037854,0.123030,0.010694,-0.039074,-0.024650,0.000975,-0.232045,0.135456,0.010004,0.006463,0.053086,0.094216,-0.000687,-0.010615,0.062672,-0.164308,0.376150,-0.087263,0.038438,0.039509,-0.035323,-0.152980,0.284833,0.552118,0.106122,0.066246,-0.029191
-0.013321,0.000745,0.817437,-0.024782,0.036103,-0.666507,0.744212,-0.046793,0.124075,0.037777,0.123071,0.010425,-0.039237,-0.024093,0.001275,-0.231973,0.135399,0.009817,0.006204,0.053003,0.094099,-0.000950,-0.009873,0.061922,-0.164936,0.376370,-0.087190,0.038669,0.039409,-0.035999,-0.155541,0.289287,0.560512,0.107526,0.067248,-0.029518
-0.013164,0.000518,0.817432,-0.024575,0.036293,-0.666355,0.744345,-0.046768,0.124069,0.037855,0.123024,0.010698,-0.039129,-0.023971,0.000972,-0.231907,0.135342,0.009333,0.006620,0.053240,0.094407,-0.000907,-0.010743,0.062447,-0.164753,0.376137,-0.087130,0.038387,0.039521,-0.036122,-0.157166,0.292469,0.566953,0.108788,0.068100,-0.029648
-0.013024,0.000407,0.817433,-0.024420,0.036342,-0.666224,0.744465,-0.046816,0.123872,0.037841,0.123001,0.010638,-0.039184,-0.023929,0.000616,-0.231872,0.135384,0.009151,0.006973,0.053478,0.094583,-0.000831,-0.011248,0.062790,-0.164688,0.376095,-0.087084,0.038361,0.039540,-0.036108,-0.157953,0.294399,0.570821,0.109516,0.068696,-0.029626
-0.012884,0.000207,0.817433,-0.024265,0.036392,-0.666093,0.744585,-0.046868,0.123672,0.037829,0.122985,0.010573,-0.039238,-0.023887,0.000260,-0.231836,0.135424,0.008968,0.007323,0.053714,0.094755,-0.000766,-0.011736,0.063115,-0.164674,0.376028,-0.087033,0.038362,0.039565,-0.035940,-0.158173,0.295459,0.572857,0.109858,0.069093,-0.029476
-0.012746,-0.000005,0.817430,-0.024416,0.036398,-0.666023,0.744642,-0.046511,0.123101,0.037669,0.122990,0.010243,-0.039061,-0.023503,0.000212,-0.231973,0.135437,0.008816,0.007461,0.053702,0.094944,-0.000979,-0.011096,0.063153,-0.164334,0.376231,-0.087084,0.038437,0.039494,-0.036389,-0.159677,0.294967,0.573812,0.110342,0.068950,-0.030044
-0.012665,-0.000296,0.817431,-0.024490,0.036369,-0.666000,0.744662,-0.045993,0.122998,0.037449,0.123003,0.009904,-0.038885,-0.023048,0.000152,-0.232075,0.135399,0.008715,0.007654,0.053535,0.095007,-0.001250,-0.010458,0.063101,-0.164018,0.376383,-0.087114,0.038535,0.039450,-0.036829,-0.161231,0.294434,0.574765,0.110813,0.068754,-0.030543
-0.012497,-0.000500,0.817431,-0.024568,0.036338,-0.665977,0.744681,-0.045470,0.122899,0.037231,0.123018,0.009564,-0.038707,-0.022579,0.000097,-0.232175,0.135352,0.008615,0.007850,0.053361,0.095077,-0.001515,-0.009812,0.063041,-0.163725,0.376534,-0.087131,0.038647,0.039405,-0.037283,-0.162774,0.293880,0.575639,0.111256,0.068540,-0.031017
-0.012488,-0.000722,0.817427,-0.024381,0.036480,-0.665885,0.744763,-0.045698,0.122788,0.037287,0.122990,0.009479,-0.038850,-0.022307,-0.000079,-0.232275,0.135250,0.008396,0.008004,0.053290,0.094940,-0.001778,-0.009795,0.063222,-0.163406,0.376707,-0.087178,0.038462,0.039284,-0.037360,-0.162885,0.293270,0.575906,0.111713,0.068320,-0.031188
-0.012481,-0.000957,0.817424,-0.024168,0.036653,-0.665792,0.744845,-0.046000,0.122685,0.037339,0.122968,0.009386,-0.039002,-0.022419,-0.000183,-0.232410,0.135171,0.008173,0.008145,0.053236,0.094749,-0.002039,-0.009942,0.063410,-0.163290,0.376752,-0.087139,0.038230,0.039076,-0.037386,-0.162714,0.292058,0.575051,0.111969,0.068063,-0.031290
-0.012475,-0.001280,0.817420,-0.023944,0.036839,-0.665701,0.744924,-0.046345,0.122581,0.037391,0.122953,0.009294,-0.039153,-0.022582,-0.000289,-0.232540,0.135115,0.007943,0.008282,0.053202,0.094553,-0.002334,-0.010090,0.063621,-0.163172,0.376818,-0.087097,0.038007,0.038856,-0.037371,-0.162295,0.290197,0.573068,0.112022,0.067674,-0.031358
-0.012508,-0.001533,0.817424,-0.023868,0.036916,-0.665588,0.745024,-0.046356,0.122564,0.037065,0.122959,0.009137,-0.039189,-0.022668,-0.000354,-0.232967,0.135118,0.007701,0.008329,0.053973,0.094749,-0.002825,-0.010419,0.063896,-0.162766,0.376730,-0.087262,0.038412,0.039495,-0.036685,-0.160792,0.289694,0.570623,0.110979,0.067635,-0.030928
-0.012431,-0.001799,0.817426,-0.023787,0.036996,-0.665458,0.745138,-0.046397,0.122505,0.036750,0.122963,0.008958,-0.039191,-0.022560,-0.000407,-0.233352,0.135082,0.007453,0.008407,0.054569,0.094557,-0.003099,-0.010696,0.064113,-0.162275,0.376711,-0.087431,0.038495,0.039900,-0.036174,-0.159437,0.289467,0.568517,0.110045,0.067672,-0.030549
-0.012443,-0.002152,0.817428,-0.023715,0.037066,-0.665325,0.745256,-0.046410,0.122445,0.036431,0.122962,0.008783,-0.039196,-0.022418,-0.000461,-0.233741,0.135036,0.007207,0.008488,0.055124,0.094355,-0.003332,-0.010968,0.064380,-0.161699,0.376711,-0.087600,0.038550,0.040300,-0.035771,-0.158386,0.289728,0.567456,0.109333,0.067818,-0.030244
-0.012374,-0.002202,0.817453,-0.023628,0.037330,-0.665220,0.745340,-0.046626,0.122450,0.036552,0.122925,0.008823,-0.039764,-0.022419,-0.000447,-0.233920,0.134990,0.007439,0.010571,0.055059,0.094479,-0.002955,-0.009861,0.063859,-0.162258,0.376494,-0.087514,0.038264,0.039598,-0.035432,-0.158668,0.288967,0.567166,0.109980,0.067471,-0.030372
-0.012295,-0.002328,0.817486,-0.023683,0.037472,-0.665061,0.745472,-0.046856,0.122450,0.036661,0.122881,0.008856,-0.040325,-0.022456,-0.000380,-0.233819,0.134941,0.007689,0.012649,0.055272,0.094379,-0.002779,-0.008849,0.063436,-0.162443,0.376150,-0.087590,0.038087,0.039332,-0.034980,-0.159383,0.288316,0.567253,0.110728,0.067077,-0.030553
-0.012127,-0.002453,0.817520,-0.023738,0.037614,-0.664904,0.745603,-0.047079,0.122448,0.036777,0.122836,0.008889,-0.040886,-0.022485,-0.000317,-0.233715,0.134882,0.007942,0.014725,0.055502,0.094278,-0.002604,-0.007789,0.063016,-0.162623,0.375796,-0.087690,0.037939,0.039109,-0.034476,-0.160029,0.287491,0.567088,0.111435,0.066626,-0.030722
-0.012021,-0.002625,0.817431,-0.023196,0.037475,-0.664762,0.745754,-0.046839,0.121202,0.035876,0.122952,0.008321,-0.039201,-0.021971,-0.001702,-0.235527,0.134727,0.006715,0.009811,0.055793,0.093693,-0.002997,-0.008369,0.063303,-0.163213,0.376090,-0.087473,0.038365,0.039298,-0.034645,-0.159365,0.288378,0.566835,0.110625,0.067385,-0.030421
-0.011805,-0.002890,0.817438,-0.023092,0.037549,-0.664589,0.745908,-0.046705,0.120664,0.035607,0.122928,0.007828,-0.038928,-0.021744,-0.002102,-0.235576,0.134853,0.006351,0.010525,0.056040,0.093836,-0.003275,-0.008803,0.063234,-0.163714,0.376618,-0.087256,0.038515,0.039297,-0.034947,-0.158427,0.289090,0.566159,0.109773,0.067853,-0.030014
-0.011671,-0.003066,0.817446,-0.022997,0.037626,-0.664429,0.746049,-0.046558,0.120146,0.035375,0.122911,0.007323,-0.038655,-0.021483,-0.002473,-0.235584,0.134896,0.006043,0.011240,0.056313,0.094033,-0.003548,-0.009162,0.063084,-0.164223,0.377199,-0.087024,0.038628,0.039275,-0.035257,-0.157571,0.289934,0.565698,0.108959,0.068311,-0.029597
-0.011307,-0.003295,0.817430,-0.022917,0.037773,-0.664337,0.746127,-0.046989,0.120167,0.035027,0.122899,0.008014,-0.038993,-0.021697,-0.002681,-0.235814,0.134915,0.006441,0.010546,0.056605,0.093961,-0.003704,-0.009189,0.062961,-0.163536,0.376684,-0.087127,0.038332,0.039174,-0.035435,-0.158199,0.289213,0.565783,0.109463,0.067626,-0.029945
-0.011064,-0.003533,0.817427,-0.022732,0.038016,-0.664214,0.746229,-0.047364,0.119790,0.034800,0.122855,0.007840,-0.038887,-0.021881,-0.002984,-0.236018,0.134894,0.006440,0.010936,0.057012,0.093957,-0.003919,-0.009400,0.063094,-0.162890,0.376122,-0.087160,0.038124,0.039090,-0.035565,-0.159049,0.288865,0.566656,0.110067,0.067212,-0.030180
-0.010821,-0.003771,0.817424,-0.022545,0.038259,-0.664091,0.746331,-0.047750,0.119405,0.034572,0.122832,0.007652,-0.038779,-0.022076,-0.003297,-0.236217,0.134897,0.006426,0.011330,0.057434,0.093938,-0.004133,-0.009572,0.063202,-0.162268,0.375584,-0.087181,0.037924,0.038973,-0.035689,-0.159984,0.288593,0.567716,0.110695,0.066844,-0.030414
-0.011136,-0.004010,0.817428,-0.022330,0.038430,-0.664017,0.746395,-0.048153,0.119786,0.034153,0.122833,0.007759,-0.039029,-0.022587,-0.003044,-0.236631,0.134927,0.006252,0.011002,0.057730,0.093368,-0.004040,-0.009640,0.063508,-0.161884,0.375801,-0.087464,0.038098,0.039469,-0.035223,-0.160261,0.288391,0.568342,0.111019,0.067202,-0.030360
-0.011547,-0.004262,0.817427,-0.022056,0.038653,-0.663971,0.746433,-0.048607,0.120118,0.033717,0.122832,0.007866,-0.039283,-0.023011,-0.002667,-0.237033,0.134963,0.006059,0.010654,0.058131,0.092774,-0.003956,-0.009691,0.063841,-0.161452,0.375852,-0.087688,0.037961,0.039721,-0.034661,-0.160251,0.287715,0.568144,0.111320,0.067077,-0.030293
-0.011872,-0.004514,0.817425,-0.021779,0.038879,-0.663926,0.746469,-0.049067,0.120451,0.033283,0.122838,0.007969,-0.039537,-0.023442,-0.002288,-0.237431,0.134998,0.005869,0.010305,0.058544,0.092170,-0.003881,-0.009691,0.064167,-0.161010,0.375924,-0.087900,0.037802,0.039938,-0.034017,-0.160123,0.286761,0.567504,0.111552,0.066846,-0.030203
-0.011763,-0.004492,0.817431,-0.021679,0.039061,-0.663974,0.746420,-0.049635,0.120516,0.033564,0.122847,0.007948,-0.039535,-0.023689,-0.002386,-0.237554,0.135000,0.005559,0.010263,0.058575,0.092276,-0.003859,-0.009967,0.063717,-0.162303,0.376041,-0.087521,0.038152,0.039515,-0.034576,-0.158268,0.287990,0.566262,0.110621,0.066985,-0.029903
-0.011572,-0.004544,0.817428,-0.021555,0.039249,-0.664010,0.746382,-0.050066,0.120425,0.033862,0.122857,0.007943,-0.039515,-0.023885,-0.002461,-0.237350,0.135017,0.005737,0.010444,0.058413,0.092325,-0.003896,-0.010196,0.063187,-0.163524,0.376188,-0.087181,0.038343,0.039304,-0.035180,-0.156525,0.289692,0.565801,0.109814,0.067306,-0.029637
-0.011468,-0.004596,0.817424,-0.021432,0.039434,-0.664046,0.746344,-0.050482,0.120333,0.034163,0.122856,0.007939,-0.039493,-0.024062,-0.002535,-0.237146,0.135007,0.005929,0.010626,0.058226,0.092376,-0.003922,-0.010389,0.062642,-0.164763,0.376393,-0.086840,0.038533,0.039104,-0.035805,-0.154932,0.291873,0.566165,0.109162,0.067738,-0.029390
-0.011279,-0.004695,0.817431,-0.021304,0.039679,-0.663976,0.746397,-0.050834,0.120310,0.034105,0.122800,0.007764,-0.039423,-0.025143,-0.002663,-0.237208,0.134976,0.006001,0.010789,0.058359,0.092098,-0.003998,-0.011184,0.063749,-0.163406,0.375931,-0.087243,0.038204,0.039627,-0.036235,-0.156914,0.291369,0.567662,0.110076,0.067896,-0.029982
-0.011177,-0.004859,0.817427,-0.021099,0.039982,-0.663925,0.746432,-0.051331,0.120222,0.034124,0.122798,0.007605,-0.039338,-0.025582,-0.002775,-0.237335,0.135029,0.006044,0.010959,0.058600,0.091779,-0.004097,-0.012026,0.064863,-0.162021,0.375630,-0.087656,0.037874,0.040150,-0.036535,-0.158983,0.290506,0.568843,0.110973,0.067666,-0.030527
-0.011073,-0.005024,0.817423,-0.020903,0.040277,-0.663873,0.746467,-0.051807,0.120133,0.034147,0.122800,0.007439,-0.039249,-0.025985,-0.002889,-0.237463,0.135067,0.006091,0.011135,0.058862,0.091466,-0.004170,-0.012925,0.066023,-0.160748,0.375503,-0.088093,0.037560,0.040686,-0.036767,-0.160806,0.289322,0.569325,0.111706,0.067322,-0.031009
-0.010894,-0.005201,0.817440,-0.020782,0.040429,-0.663832,0.746499,-0.052517,0.119916,0.034184,0.122752,0.006817,-0.038960,-0.026738,-0.003020,-0.236679,0.135005,0.006413,0.013002,0.058965,0.091648,-0.003874,-0.012700,0.065532,-0.161809,0.376353,-0.088217,0.037803,0.040559,-0.036988,-0.160667,0.289431,0.569067,0.111411,0.067333,-0.030890
-0.010801,-0.005286,0.817448,-0.020603,0.040672,-0.663830,0.746492,-0.053058,0.119728,0.034244,0.122719,0.006198,-0.038671,-0.027250,-0.003150,-0.235863,0.134923,0.006753,0.014871,0.059016,0.091826,-0.003934,-0.012590,0.065128,-0.162986,0.377407,-0.088435,0.038060,0.040540,-0.037207,-0.160614,0.289599,0.568796,0.111039,0.067539,-0.030668
-0.010619,-0.005460,0.817457,-0.020423,0.040918,-0.663829,0.746485,-0.053601,0.119540,0.034305,0.122683,0.005579,-0.038380,-0.027763,-0.003274,-0.235044,0.134827,0.007097,0.016741,0.059068,0.092008,-0.004013,-0.012557,0.064815,-0.164319,0.378771,-0.088736,0.038351,0.040581,-0.037465,-0.160741,0.290067,0.569003,0.110736,0.067842,-0.030460
-0.010752,-0.005631,0.817432,-0.020465,0.040974,-0.664041,0.746292,-0.052984,0.120170,0.034245,0.122810,0.006725,-0.039063,-0.027477,-0.002641,-0.236784,0.135076,0.005756,0.010441,0.059146,0.091992,-0.004346,-0.012618,0.065114,-0.164668,0.380190,-0.089006,0.038314,0.040768,-0.037639,-0.161061,0.290051,0.569862,0.111290,0.067538,-0.030766
-0.010992,-0.005776,0.817441,-0.020498,0.041018,-0.664224,0.746126,-0.052577,0.120599,0.034127,0.122810,0.006517,-0.039293,-0.027379,-0.002112,-0.236757,0.135222,0.005254,0.009174,0.059200,0.092092,-0.004483,-0.012766,0.065606,-0.165046,0.381949,-0.089646,0.038349,0.041229,-0.037901,-0.161252,0.290121,0.570903,0.111845,0.067450,-0.030948
-0.011139,-0.006008,0.817450,-0.020531,0.041060,-0.664414,0.745953,-0.052174,0.121022,0.034032,0.122841,0.006289,-0.039516,-0.027259,-0.001582,-0.236706,0.135310,0.004788,0.007913,0.059259,0.092191,-0.004617,-0.012988,0.066125,-0.165584,0.383985,-0.090386,0.038412,0.041776,-0.038167,-0.161308,0.289996,0.571413,0.112278,0.067329,-0.031082
-0.011073,-0.006365,0.817424,-0.020355,0.041080,-0.664637,0.745759,-0.051892,0.120960,0.034990,0.122913,0.006410,-0.039248,-0.027231,-0.002064,-0.235892,0.135308,0.005493,0.011035,0.058527,0.091965,-0.004221,-0.012852,0.066393,-0.166933,0.386728,-0.091098,0.038794,0.041886,-0.038075,-0.160301,0.289670,0.570916,0.112394,0.066974,-0.031196
-0.010880,-0.006789,0.817418,-0.020347,0.041227,-0.664909,0.745508,-0.051352,0.121065,0.035546,0.122898,0.006269,-0.039202,-0.027091,-0.002019,-0.235462,0.135377,0.005336,0.011157,0.058052,0.091876,-0.004159,-0.012810,0.066662,-0.168164,0.389485,-0.091892,0.039040,0.042163,-0.038115,-0.159129,0.289185,0.569980,0.112419,0.066732,-0.031309
-0.010691,-0.007214,0.817411,-0.020345,0.041377,-0.665181,0.745257,-0.050816,0.121193,0.036093,0.122902,0.006117,-0.039162,-0.026950,-0.001954,-0.235038,0.135453,0.005171,0.011266,0.057579,0.091799,-0.004101,-0.012807,0.066890,-0.169426,0.392162,-0.092696,0.039270,0.042460,-0.038233,-0.158028,0.288977,0.569523,0.112546,0.066550,-0.031468
-0.010597,-0.007488,0.817444,-0.020263,0.041140,-0.665253,0.745208,-0.050058,0.121111,0.037321,0.122881,0.004382,-0.039034,-0.026213,-0.002133,-0.234923,0.135389,0.005000,0.011800,0.057818,0.092013,-0.004961,-0.012578,0.067890,-0.169957,0.394792,-0.093137,0.039618,0.042735,-0.038393,-0.160426,0.288145,0.570776,0.113064,0.066635,-0.031779
-0.010460,-0.007766,0.817461,-0.020291,0.041030,-0.665377,0.745103,-0.049301,0.121073,0.038221,0.122930,0.003777,-0.038710,-0.025615,-0.002278,-0.234558,0.135375,0.004858,0.012334,0.057942,0.092254,-0.005766,-0.012433,0.068601,-0.170317,0.397222,-0.093624,0.039850,0.042923,-0.038612,-0.163274,0.287842,0.573388,0.113848,0.066848,-0.032028
-0.010322,-0.008130,0.817478,-0.020314,0.040924,-0.665501,0.744998,-0.048548,0.121026,0.039121,0.122949,0.003196,-0.038381,-0.025034,-0.002429,-0.234200,0.135363,0.004719,0.012868,0.058065,0.092501,-0.006586,-0.012290,0.069175,-0.170532,0.399226,-0.094033,0.040026,0.043075,-0.038927,-0.166390,0.287973,0.576938,0.114837,0.067148,-0.032337
-0.010095,-0.008562,0.817503,-0.020469,0.041304,-0.665662,0.744828,-0.047943,0.121320,0.038801,0.122871,0.002977,-0.038679,-0.024774,-0.001819,-0.233080,0.135440,0.005739,0.012324,0.058147,0.092990,-0.006501,-0.011907,0.069417,-0.171148,0.400814,-0.094318,0.039964,0.043158,-0.038518,-0.166635,0.289906,0.580633,0.115427,0.067504,-0.032345
-0.009797,-0.008907,0.817562,-0.020611,0.041564,-0.665873,0.744621,-0.047240,0.121913,0.039699,0.122784,0.001991,-0.038631,-0.024433,-0.001116,-0.231717,0.135426,0.006656,0.012503,0.058093,0.093517,-0.006706,-0.011361,0.069637,-0.171464,0.401877,-0.094527,0.039895,0.043239,-0.038085,-0.166750,0.291450,0.583808,0.115950,0.067844,-0.032423
-0.009584,-0.009341,0.817621,-0.020758,0.041824,-0.666092,0.744407,-0.046531,0.122515,0.040622,0.122716,0.000988,-0.038587,-0.024081,-0.000404,-0.230327,0.135401,0.007575,0.012681,0.058052,0.094046,-0.006912,-0.010726,0.069757,-0.171661,0.402611,-0.094650,0.039792,0.043274,-0.037571,-0.166689,0.292540,0.586215,0.116355,0.068092,-0.032491
-0.009965,-0.009831,0.817439,-0.020221,0.041427,-0.666258,0.744295,-0.046384,0.121599,0.040662,0.123055,0.001741,-0.038655,-0.023512,-0.001775,-0.233019,0.134919,0.004385,0.012395,0.058609,0.092548,-0.007037,-0.010951,0.070482,-0.171659,0.403511,-0.094646,0.040480,0.043114,-0.037996,-0.167465,0.293711,0.587864,0.116493,0.068419,-0.032362
-0.010239,-0.010330,0.817434,-0.020139,0.041411,-0.666394,0.744176,-0.045780,0.121964,0.040829,0.123033,0.001449,-0.038743,-0.023110,-0.001440,-0.233031,0.135226,0.003756,0.012054,0.058899,0.092327,-0.007152,-0.011195,0.070881,-0.171580,0.404427,-0.094763,0.040894,0.042996,-0.038250,-0.168277,0.294567,0.588980,0.116501,0.068612,-0.032142
-0.010509,-0.010829,0.817431,-0.020082,0.041401,-0.666552,0.744037,-0.045165,0.122392,0.041045,0.123075,0.001111,-0.038838,-0.022615,-0.001024,-0.232990,0.135348,0.003234,0.011707,0.059249,0.092212,-0.007245,-0.011377,0.071155,-0.171504,0.405369,-0.094856,0.041283,0.042844,-0.038428,-0.169084,0.295180,0.589722,0.116450,0.068754,-0.031894
-0.010341,-0.011169,0.817434,-0.020110,0.041479,-0.666636,0.743957,-0.044569,0.122432,0.041523,0.123124,0.000779,-0.038799,-0.022487,-0.001116,-0.233246,0.135358,0.003086,0.012066,0.059175,0.092219,-0.007128,-0.011921,0.071537,-0.171090,0.404995,-0.094872,0.040655,0.043149,-0.038823,-0.168767,0.295168,0.589981,0.116756,0.068693,-0.032199
-0.010097,-0.011435,0.817437,-0.020121,0.041541,-0.666786,0.743819,-0.044133,0.122372,0.041947,0.123139,0.000463,-0.038749,-0.022321,-0.001198,-0.233241,0.135429,0.003149,0.012369,0.059222,0.092218,-0.006916,-0.012338,0.071990,-0.170584,0.404575,-0.095004,0.040414,0.043410,-0.039233,-0.168499,0.295167,0.589886,0.116712,0.068707,-0.032116
-0.009853,-0.011788,0.817440,-0.020131,0.041604,-0.666937,0.743679,-0.043703,0.122313,0.042379,0.123159,0.000142,-0.038697,-0.022158,-0.001282,-0.233230,0.135494,0.003219,0.012672,0.059258,0.092214,-0.006704,-0.012693,0.072438,-0.170080,0.404192,-0.095138,0.040252,0.043659,-0.039637,-0.168297,0.295108,0.589832,0.116658,0.068739,-0.031994
-0.009946,-0.012001,0.817427,-0.020101,0.041698,-0.666904,0.743705,-0.043527,0.122573,0.042794,0.123082,0.000010,-0.038380,-0.022001,-0.001150,-0.233161,0.135900,0.003071,0.012430,0.060139,0.092395,-0.006434,-0.012574,0.072661,-0.168954,0.403687,-0.095234,0.040064,0.043813,-0.039876,-0.169076,0.295105,0.590295,0.116888,0.068675,-0.032310
-0.010036,-0.012134,0.817415,-0.020071,0.041779,-0.666917,0.743689,-0.043432,0.122804,0.043065,0.123014,-0.000138,-0.038115,-0.022130,-0.000906,-0.233264,0.136255,0.002910,0.012184,0.061020,0.092621,-0.006084,-0.012262,0.072843,-0.167787,0.403235,-0.095299,0.039887,0.043974,-0.040239,-0.170240,0.295524,0.591714,0.117279,0.068729,-0.032466
-0.010126,-0.012354,0.817403,-0.020035,0.041868,-0.666931,0.743673,-0.043365,0.123038,0.043332,0.122949,-0.000281,-0.037850,-0.022285,-0.000663,-0.233366,0.136611,0.002752,0.011938,0.061893,0.092853,-0.005759,-0.011866,0.073007,-0.166565,0.402827,-0.095367,0.039723,0.044143,-0.040721,-0.171918,0.296516,0.594527,0.117959,0.068935,-0.032695
-0.010135,-0.012559,0.817432,-0.020045,0.042158,-0.667012,0.743583,-0.043578,0.123448,0.042909,0.122842,-0.000175,-0.037718,-0.022770,-0.000379,-0.233796,0.137111,0.002997,0.012817,0.061865,0.093443,-0.005222,-0.012071,0.073019,-0.167186,0.402671,-0.095202,0.039702,0.044055,-0.040881,-0.171703,0.300222,0.597938,0.118184,0.069549,-0.032587
-0.010226,-0.012856,0.817459,-0.020025,0.042450,-0.667022,0.743558,-0.043838,0.123811,0.042714,0.122728,-0.000106,-0.037418,-0.023364,0.000064,-0.233780,0.137632,0.003511,0.013346,0.061828,0.093939,-0.004783,-0.012093,0.073165,-0.167616,0.402612,-0.095080,0.039622,0.043962,-0.041150,-0.172168,0.304688,0.602895,0.118771,0.070500,-0.032680
-0.010232,-0.013067,0.817486,-0.019999,0.042748,-0.667033,0.743532,-0.044115,0.124173,0.042525,0.122619,-0.000038,-0.037122,-0.023978,0.000509,-0.233755,0.138149,0.004031,0.013875,0.061790,0.094429,-0.004368,-0.011999,0.073301,-0.167972,0.402574,-0.094960,0.039527,0.043856,-0.041510,-0.173160,0.309690,0.609185,0.119674,0.071625,-0.032883
-0.010664,-0.013337,0.817233,-0.019363,0.042851,-0.666490,0.744030,-0.045287,0.123732,0.042020,0.122564,-0.000725,-0.036885,-0.024440,-0.000041,-0.234457,0.138659,0.000216,0.014131,0.062495,0.092988,-0.003505,-0.012925,0.074408,-0.167300,0.401670,-0.095140,0.039475,0.043990,-0.041911,-0.174092,0.314108,0.616539,0.121161,0.072303,-0.033180
-0.011081,-0.013525,0.817072,-0.019082,0.043113,-0.665927,0.744526,-0.046387,0.123831,0.040939,0.122432,-0.001304,-0.036895,-0.025407,0.000077,-0.235475,0.139853,-0.001749,0.016165,0.063143,0.092167,-0.002723,-0.013823,0.075674,-0.166491,0.400795,-0.095357,0.039350,0.044196,-0.042247,-0.174779,0.317185,0.622364,0.122454,0.072891,-0.033372
-0.011496,-0.013799,0.816912,-0.018796,0.043390,-0.665363,0.745020,-0.047533,0.123938,0.039854,0.122327,-0.001889,-0.036905,-0.026385,0.000209,-0.236492,0.140992,-0.003679,0.018201,0.063798,0.091372,-0.001969,-0.014661,0.076938,-0.165637,0.399906,-0.095573,0.039212,0.044396,-0.042279,-0.174399,0.317773,0.623816,0.122958,0.072937,-0.033346
-0.011683,-0.013880,0.816897,-0.018660,0.043705,-0.665325,0.745040,-0.047997,0.124741,0.039243,0.122159,-0.002179,-0.036140,-0.027390,0.000915,-0.235988,0.141661,-0.002832,0.011459,0.065009,0.091585,-0.001510,-0.015260,0.076473,-0.166233,0.400083,-0.095310,0.039148,0.044514,-0.041899,-0.171488,0.316582,0.617747,0.121056,0.072376,-0.032601
-0.011903,-0.013971,0.816780,-0.018619,0.044095,-0.665320,0.745022,-0.048686,0.125475,0.038204,0.121997,-0.002885,-0.035781,-0.028342,0.001784,-0.235576,0.142063,-0.002730,0.010659,0.066401,0.092082,-0.001139,-0.016048,0.076017,-0.166883,0.400298,-0.095021,0.039196,0.044500,-0.041109,-0.166233,0.310885,0.602860,0.117477,0.070878,-0.031586
-0.012119,-0.014148,0.816664,-0.018575,0.044482,-0.665312,0.745008,-0.049385,0.126196,0.037159,0.121855,-0.003601,-0.035410,-0.029288,0.002641,-0.235168,0.142456,-0.002621,0.009870,0.067789,0.092590,-0.000770,-0.016883,0.075604,-0.167457,0.400424,-0.094718,0.039227,0.044485,-0.039730,-0.158732,0.300691,0.579556,0.112328,0.068383,-0.030166
-0.012930,-0.014153,0.816297,-0.017551,0.044085,-0.665244,0.745117,-0.050448,0.125054,0.036826,0.122185,-0.003623,-0.035671,-0.029565,0.001626,-0.234207,0.141715,-0.007968,0.012439,0.068223,0.090575,-0.000113,-0.017856,0.076720,-0.165936,0.399477,-0.095067,0.038816,0.044746,-0.038409,-0.150345,0.286397,0.549745,0.106333,0.064989,-0.028717
-0.013715,-0.014224,0.816175,-0.017192,0.044210,-0.665203,0.745155,-0.051200,0.125536,0.035353,0.122099,-0.003788,-0.036098,-0.030486,0.002230,-0.234003,0.142178,-0.009356,0.011939,0.068698,0.090308,0.000685,-0.018787,0.077870,-0.164175,0.398180,-0.095286,0.038315,0.045237,-0.036937,-0.141476,0.270880,0.517481,0.099958,0.061043,-0.027267
-0.014411,-0.014383,0.816054,-0.016841,0.044370,-0.665167,0.745185,-0.052023,0.126091,0.033869,0.122067,-0.003978,-0.036535,-0.031367,0.002929,-0.233797,0.142429,-0.010623,0.011428,0.069180,0.090174,0.001428,-0.019798,0.079059,-0.162295,0.396741,-0.095501,0.037795,0.045800,-0.035623,-0.133025,0.256236,0.486733,0.093896,0.057252,-0.025922
-0.014879,-0.014498,0.815920,-0.016846,0.044245,-0.664932,0.745401,-0.052028,0.126325,0.032855,0.122094,-0.004604,-0.036971,-0.031190,0.003248,-0.234216,0.142480,-0.012144,0.011296,0.070019,0.090410,0.000257,-0.019218,0.077508,-0.163006,0.395542,-0.094935,0.037633,0.045220,-0.032968,-0.123342,0.245183,0.460668,0.088003,0.054769,-0.023698
-0.015255,-0.014643,0.815786,-0.016819,0.044129,-0.664686,0.745629,-0.051885,0.126498,0.031900,0.122066,-0.005140,-0.037352,-0.030853,0.003483,-0.234348,0.142432,-0.013353,0.011177,0.070996,0.090440,-0.001253,-0.018635,0.075991,-0.163941,0.394294,-0.094431,0.037538,0.044713,-0.030482,-0.115257,0.237351,0.440522,0.083206,0.053068,-0.021770
-0.015717,-0.014792,0.815740,-0.016787,0.044019,-0.664443,0.745853,-0.051738,0.126672,0.030958,0.122020,-0.005673,-0.037733,-0.030510,0.003722,-0.234474,0.142347,-0.014549,0.011061,0.072022,0.090466,-0.002806,-0.018138,0.074605,-0.164966,0.393106,-0.094000,0.037439,0.044290,-0.028366,-0.108649,0.232882,0.426379,0.079512,0.052114,-0.020129
-0.016135,-0.015403,0.815859,-0.016958,0.043870,-0.664623,0.745697,-0.050170,0.127771,0.030630,0.122033,-0.005883,-0.038822,-0.028939,0.004954,-0.233882,0.142337,-0.014339,0.009732,0.071629,0.090160,-0.004771,-0.017956,0.075249,-0.165243,0.394455,-0.094131,0.038082,0.044601,-0.028012,-0.108421,0.228055,0.418208,0.077977,0.051060,-0.020032
-0.016456,-0.015909,0.815975,-0.017269,0.043685,-0.664794,0.745549,-0.048406,0.128829,0.030673,0.122039,-0.005772,-0.039815,-0.027496,0.006021,-0.233430,0.142292,-0.013531,0.008421,0.071288,0.090073,-0.006394,-0.018146,0.075861,-0.165685,0.396255,-0.094208,0.038444,0.044534,-0.027988,-0.109074,0.225377,0.413918,0.077088,0.050307,-0.019944
-0.016862,-0.016497,0.816092,-0.017595,0.043485,-0.664965,0.745400,-0.046587,0.129888,0.030723,0.122013,-0.005642,-0.040804,-0.026003,0.007094,-0.232976,0.142219,-0.012705,0.007116,0.070962,0.090008,-0.007952,-0.018478,0.076483,-0.166254,0.398241,-0.094290,0.038741,0.044432,-0.028153,-0.110188,0.224230,0.412021,0.076550,0.049844,-0.019889
-0.016878,-0.016863,0.816020,-0.017495,0.042893,-0.665139,0.745282,-0.045091,0.128931,0.030880,0.122153,-0.005708,-0.040734,-0.024384,0.006401,-0.231611,0.141678,-0.014722,0.009812,0.071162,0.089618,-0.008739,-0.018688,0.075589,-0.166991,0.399183,-0.094309,0.039072,0.043920,-0.028375,-0.109272,0.223902,0.411678,0.076561,0.049725,-0.019841
-0.016917,-0.017245,0.816133,-0.017716,0.042519,-0.665284,0.745168,-0.043293,0.128848,0.031263,0.122065,-0.005741,-0.040993,-0.022989,0.006397,-0.230747,0.141696,-0.014730,0.010626,0.071355,0.089926,-0.009585,-0.018872,0.074515,-0.167813,0.399833,-0.094328,0.039198,0.043808,-0.028530,-0.108793,0.224092,0.411893,0.076646,0.049728,-0.019801
-0.016865,-0.017715,0.816159,-0.017943,0.042160,-0.665434,0.745049,-0.041506,0.128798,0.031659,0.121983,-0.005780,-0.041253,-0.021563,0.006438,-0.229880,0.141606,-0.014678,0.011437,0.071565,0.090302,-0.010454,-0.019072,0.073330,-0.168733,0.400374,-0.094300,0.039341,0.043717,-0.028711,-0.108327,0.224601,0.412307,0.076708,0.049782,-0.019723
-0.017161,-0.017939,0.816145,-0.018080,0.041599,-0.665596,0.744932,-0.039927,0.128806,0.032458,0.122098,-0.005753,-0.041852,-0.019840,0.006113,-0.230124,0.141534,-0.014963,0.009392,0.071589,0.089762,-0.011420,-0.019131,0.074402,-0.167086,0.400237,-0.094584,0.038972,0.044081,-0.028710,-0.109835,0.222884,0.412668,0.077318,0.049609,-0.020091
-0.017348,-0.018259,0.816190,-0.018421,0.041187,-0.665716,0.744840,-0.038208,0.129326,0.033151,0.122149,-0.005716,-0.042553,-0.018278,0.006475,-0.229816,0.141554,-0.014728,0.009350,0.071572,0.089681,-0.012350,-0.019239,0.075392,-0.165424,0.399972,-0.094755,0.038573,0.044359,-0.028696,-0.111201,0.221252,0.412976,0.077908,0.049339,-0.020608
-0.017620,-0.018579,0.816322,-0.018770,0.040777,-0.665838,0.744745,-0.036482,0.129860,0.033854,0.122211,-0.005690,-0.043256,-0.016684,0.006859,-0.229495,0.141515,-0.014461,0.009308,0.071559,0.089632,-0.013273,-0.019404,0.076336,-0.163725,0.399610,-0.094880,0.038165,0.044629,-0.028714,-0.112560,0.219631,0.413274,0.078492,0.049043,-0.021134
-0.017631,-0.019046,0.816232,-0.018442,0.040461,-0.665788,0.744815,-0.035666,0.128985,0.033879,0.122230,-0.005981,-0.043114,-0.015737,0.006231,-0.229561,0.141070,-0.016454,0.008796,0.071519,0.089357,-0.014286,-0.018989,0.076072,-0.163281,0.399734,-0.095196,0.038503,0.044765,-0.028095,-0.111385,0.220125,0.412694,0.078096,0.049009,-0.021007
-0.017687,-0.019628,0.816232,-0.018289,0.040400,-0.665828,0.744786,-0.034875,0.128885,0.034459,0.122141,-0.006283,-0.043190,-0.015137,0.006117,-0.229154,0.141128,-0.016981,0.008884,0.071367,0.089705,-0.015576,-0.018412,0.075731,-0.162791,0.399657,-0.095435,0.038534,0.044799,-0.027293,-0.110347,0.220613,0.411946,0.077635,0.049071,-0.020932
-0.017740,-0.020128,0.816233,-0.018122,0.040368,-0.665879,0.744747,-0.034155,0.128808,0.035065,0.122076,-0.006597,-0.043269,-0.014587,0.006030,-0.228723,0.141132,-0.017470,0.008972,0.071252,0.090097,-0.016964,-0.017816,0.075408,-0.162126,0.399478,-0.095673,0.038516,0.044866,-0.026440,-0.109392,0.221001,0.411152,0.077201,0.049131,-0.020899
-0.018017,-0.020346,0.816254,-0.017968,0.040414,-0.666107,0.744544,-0.034051,0.129125,0.035027,0.122032,-0.006310,-0.043746,-0.014782,0.006339,-0.228675,0.140972,-0.017697,0.007948,0.070516,0.090278,-0.017887,-0.017345,0.075636,-0.162509,0.400169,-0.095622,0.038700,0.044601,-0.026659,-0.111348,0.220180,0.411157,0.077665,0.049404,-0.020863
-0.018288,-0.020469,0.816275,-0.017746,0.040457,-0.666269,0.744402,-0.034072,0.129433,0.035345,0.122038,-0.006131,-0.044191,-0.015057,0.006647,-0.228637,0.140807,-0.017896,0.006935,0.069883,0.090507,-0.018727,-0.016944,0.075866,-0.162740,0.400889,-0.095573,0.038824,0.044301,-0.026956,-0.113384,0.219114,0.411316,0.078234,0.049579,-0.020972
-0.018646,-0.020678,0.816296,-0.017521,0.040503,-0.666433,0.744258,-0.034109,0.129744,0.035671,0.122058,-0.005957,-0.044634,-0.015348,0.006954,-0.228591,0.140650,-0.018093,0.005919,0.069269,0.090735,-0.019565,-0.016533,0.076199,-0.162772,0.401594,-0.095547,0.038919,0.044026,-0.027244,-0.115571,0.217865,0.411489,0.078849,0.049713,-0.021120
-0.018448,-0.020777,0.816265,-0.017261,0.040489,-0.666515,0.744191,-0.034368,0.128919,0.035853,0.122185,-0.006006,-0.044949,-0.015370,0.005787,-0.227351,0.140424,-0.018825,0.009513,0.068953,0.090373,-0.019594,-0.016719,0.075928,-0.163919,0.402419,-0.095451,0.038974,0.043852,-0.027024,-0.114404,0.219354,0.411000,0.077922,0.049440,-0.020729
-0.018318,-0.020980,0.816281,-0.017093,0.040543,-0.666548,0.744163,-0.034417,0.128446,0.035947,0.122170,-0.006011,-0.045199,-0.015523,0.005123,-0.226321,0.140194,-0.019154,0.011098,0.068406,0.090345,-0.019664,-0.016751,0.075787,-0.164894,0.403201,-0.095453,0.039074,0.043702,-0.026782,-0.113341,0.220650,0.410523,0.077316,0.049600,-0.020592
-0.018102,-0.021097,0.816297,-0.016929,0.040601,-0.666580,0.744135,-0.034467,0.127993,0.036034,0.122154,-0.006017,-0.045456,-0.015650,0.004486,-0.225299,0.139912,-0.019456,0.012675,0.067841,0.090338,-0.019740,-0.016724,0.075765,-0.165747,0.404010,-0.095479,0.039181,0.043569,-0.026558,-0.112494,0.221841,0.409994,0.076772,0.049807,-0.020522
-0.017674,-0.021334,0.816326,-0.016875,0.040886,-0.666437,0.744248,-0.034712,0.127929,0.036061,0.122095,-0.006487,-0.044931,-0.015908,0.004902,-0.227159,0.140723,-0.017356,0.008742,0.067655,0.090489,-0.019618,-0.017318,0.074331,-0.166731,0.404002,-0.095389,0.039206,0.043402,-0.026882,-0.111901,0.222036,0.410093,0.076942,0.049951,-0.020573
-0.017357,-0.021488,0.816379,-0.016928,0.041252,-0.666453,0.744212,-0.035005,0.128099,0.035930,0.122084,-0.006964,-0.044431,-0.016343,0.004897,-0.227540,0.140754,-0.015714,0.008341,0.067561,0.090910,-0.019574,-0.017904,0.072937,-0.167672,0.404070,-0.095316,0.039352,0.043279,-0.027326,-0.111470,0.222066,0.410277,0.077125,0.050053,-0.020637
-0.016947,-0.021642,0.816434,-0.016977,0.041623,-0.666478,0.744169,-0.035307,0.128272,0.035824,0.122074,-0.007445,-0.043926,-0.016759,0.004907,-0.227897,0.140705,-0.014025,0.007943,0.067499,0.091350,-0.019554,-0.018486,0.071498,-0.168658,0.404212,-0.095247,0.039524,0.043164,-0.027820,-0.111147,0.222024,0.410435,0.077318,0.050137,-0.020715
-0.016869,-0.021510,0.816334,-0.016636,0.041448,-0.666387,0.744267,-0.035617,0.127085,0.035496,0.122297,-0.007012,-0.044383,-0.016387,0.004040,-0.227690,0.140221,-0.016539,0.012011,0.067745,0.091012,-0.019998,-0.017785,0.070456,-0.169404,0.404242,-0.095196,0.039632,0.042743,-0.026984,-0.108778,0.223339,0.410081,0.076697,0.050322,-0.020094
-0.016597,-0.021454,0.816374,-0.016670,0.041585,-0.666318,0.744321,-0.035792,0.127028,0.035265,0.122195,-0.007008,-0.044270,-0.016681,0.003805,-0.227852,0.140423,-0.015300,0.013782,0.067869,0.091454,-0.020404,-0.016843,0.069097,-0.170237,0.404234,-0.095099,0.039819,0.042168,-0.025939,-0.106468,0.224733,0.409509,0.076035,0.050542,-0.019534
-0.016409,-0.021400,0.816416,-0.016697,0.041756,-0.666257,0.744365,-0.036045,0.127014,0.035046,0.122127,-0.007019,-0.044162,-0.016970,0.003631,-0.227998,0.140450,-0.013958,0.015546,0.068013,0.091968,-0.020897,-0.015860,0.067516,-0.171170,0.404185,-0.094973,0.040053,0.041557,-0.024894,-0.104089,0.226139,0.408797,0.075353,0.050786,-0.018983
-0.016245,-0.021560,0.816345,-0.016155,0.041944,-0.665906,0.744680,-0.037377,0.125892,0.034477,0.122166,-0.007000,-0.043750,-0.017531,0.003002,-0.228657,0.139973,-0.016487,0.010796,0.068393,0.091046,-0.020436,-0.016546,0.068627,-0.170296,0.403096,-0.094764,0.039719,0.041779,-0.024716,-0.104854,0.225364,0.408295,0.075486,0.050769,-0.019113
-0.016028,-0.021648,0.816375,-0.015864,0.042404,-0.665630,0.744907,-0.038664,0.125785,0.034093,0.122111,-0.007033,-0.043069,-0.018636,0.002832,-0.229228,0.140145,-0.015729,0.010441,0.068872,0.091128,-0.019873,-0.017088,0.069496,-0.169259,0.401944,-0.094474,0.039378,0.041912,-0.024854,-0.105531,0.224457,0.407710,0.075571,0.050539,-0.019305
-0.015803,-0.021733,0.816405,-0.015569,0.042885,-0.665363,0.745125,-0.040001,0.125693,0.033730,0.122070,-0.007074,-0.042383,-0.019736,0.002696,-0.229772,0.140186,-0.014887,0.010092,0.069367,0.091275,-0.019349,-0.017643,0.070123,-0.168264,0.400732,-0.094129,0.039045,0.041996,-0.025008,-0.106071,0.223576,0.407014,0.075618,0.050293,-0.019455
-0.015840,-0.021638,0.816367,-0.015088,0.043154,-0.665323,0.745155,-0.041168,0.124784,0.032106,0.122220,-0.006002,-0.043525,-0.020418,0.001861,-0.232202,0.139890,-0.016389,0.010750,0.070059,0.090894,-0.019381,-0.017427,0.070322,-0.167687,0.399529,-0.093988,0.039024,0.041832,-0.024390,-0.105351,0.223933,0.405967,0.075064,0.050266,-0.018890
-0.015731,-0.021585,0.816428,-0.014729,0.043449,-0.665255,0.745205,-0.042387,0.124400,0.031349,0.122228,-0.004842,-0.043064,-0.021519,0.001473,-0.233348,0.139903,-0.015807,0.009658,0.070651,0.090774,-0.019396,-0.016971,0.070284,-0.167248,0.398147,-0.093747,0.038701,0.041689,-0.023550,-0.104536,0.224473,0.404496,0.074359,0.050248,-0.018282
-0.015707,-0.021535,0.816490,-0.014360,0.043765,-0.665202,0.745241,-0.043639,0.124036,0.030628,0.122232,-0.003687,-0.042602,-0.022627,0.001115,-0.234460,0.139817,-0.015162,0.008564,0.071285,0.090683,-0.019478,-0.016490,0.070118,-0.166827,0.396601,-0.093450,0.038337,0.041513,-0.022629,-0.103619,0.225030,0.402796,0.073594,0.050250,-0.017636
-0.015459,-0.021606,0.816595,-0.014138,0.044047,-0.665031,0.745382,-0.044408,0.123645,0.029902,0.122177,-0.003709,-0.043280,-0.023268,0.000779,-0.233809,0.139897,-0.014520,0.010011,0.071253,0.090925,-0.020146,-0.015757,0.069752,-0.166279,0.394416,-0.092885,0.038340,0.041301,-0.022461,-0.104076,0.223303,0.400532,0.073369,0.049736,-0.018062
-0.015289,-0.021676,0.816660,-0.013821,0.044229,-0.664896,0.745497,-0.045213,0.122931,0.029338,0.122240,-0.002472,-0.043016,-0.023882,0.000015,-0.234695,0.139887,-0.013662,0.008544,0.071316,0.090939,-0.020659,-0.015169,0.069204,-0.165817,0.391855,-0.092212,0.038119,0.041061,-0.022127,-0.104440,0.221464,0.397969,0.073025,0.049204,-0.018177
-0.015032,-0.021744,0.816813,-0.013498,0.044410,-0.664755,0.745618,-0.046006,0.122201,0.028763,0.122252,-0.001200,-0.042750,-0.024506,-0.000761,-0.235602,0.139889,-0.012813,0.007079,0.071370,0.090940,-0.021174,-0.014555,0.068556,-0.165373,0.389036,-0.091459,0.037857,0.040770,-0.021733,-0.104703,0.219571,0.395081,0.072566,0.048644,-0.018220
-0.014881,-0.021562,0.816890,-0.013607,0.044798,-0.664615,0.745718,-0.046659,0.122587,0.028422,0.122111,-0.001461,-0.042997,-0.025053,-0.000160,-0.235150,0.139903,-0.011443,0.010492,0.071631,0.091394,-0.021192,-0.014586,0.068593,-0.163671,0.387219,-0.091224,0.037863,0.040812,-0.021712,-0.103471,0.218871,0.392900,0.072054,0.048695,-0.018195
-0.014657,-0.021371,0.817016,-0.013614,0.045024,-0.664512,0.745796,-0.047441,0.122586,0.028395,0.122139,-0.000639,-0.042834,-0.025715,-0.000278,-0.235925,0.139788,-0.009322,0.009310,0.071815,0.091493,-0.021103,-0.014666,0.068681,-0.161951,0.385629,-0.090974,0.037668,0.040913,-0.021881,-0.102084,0.218473,0.390964,0.071578,0.048599,-0.018168
-0.014438,-0.021175,0.817055,-0.013610,0.045256,-0.664402,0.745880,-0.048235,0.122579,0.028351,0.122120,0.000223,-0.042672,-0.026401,-0.000399,-0.236719,0.139660,-0.007186,0.008119,0.071951,0.091567,-0.021026,-0.014727,0.068817,-0.160501,0.384525,-0.090772,0.037491,0.041024,-0.022104,-0.100695,0.218509,0.389441,0.071109,0.048538,-0.018125
-0.014347,-0.021249,0.817066,-0.013403,0.045027,-0.664155,0.746118,-0.048125,0.121558,0.027182,0.122255,-0.000450,-0.042325,-0.025485,-0.001116,-0.236275,0.139480,-0.010890,0.011458,0.072027,0.091313,-0.021543,-0.015004,0.069494,-0.160403,0.384053,-0.090226,0.037505,0.040633,-0.021795,-0.100312,0.217722,0.389501,0.071205,0.048672,-0.017986
-0.014261,-0.021471,0.817091,-0.013452,0.044985,-0.663899,0.746347,-0.047895,0.121274,0.026539,0.122275,-0.000269,-0.041701,-0.024936,-0.001589,-0.237751,0.139771,-0.010697,0.010972,0.072248,0.091727,-0.021902,-0.015337,0.070181,-0.160945,0.384671,-0.089858,0.037577,0.040329,-0.021367,-0.100252,0.217470,0.390435,0.071332,0.048871,-0.017840
-0.014086,-0.021604,0.817118,-0.013499,0.044968,-0.663646,0.746572,-0.047699,0.121024,0.025894,0.122275,-0.000071,-0.041082,-0.024351,-0.002012,-0.239226,0.139882,-0.010400,0.010483,0.072508,0.092202,-0.022307,-0.015719,0.071013,-0.162046,0.386358,-0.089653,0.037761,0.040090,-0.020953,-0.100354,0.217937,0.392275,0.071515,0.049229,-0.017692
-0.014288,-0.021614,0.817054,-0.013577,0.044807,-0.663495,0.746714,-0.047171,0.121048,0.025081,0.122271,0.000483,-0.041638,-0.024153,-0.001528,-0.238141,0.139775,-0.011494,0.011406,0.073010,0.091862,-0.022459,-0.015790,0.071591,-0.161281,0.387607,-0.090941,0.037705,0.040657,-0.021018,-0.102063,0.218452,0.394092,0.072056,0.049206,-0.018041
-0.014453,-0.021628,0.817056,-0.013758,0.044681,-0.663324,0.746871,-0.046684,0.121464,0.024616,0.122276,0.001354,-0.041802,-0.023653,-0.001337,-0.239775,0.139918,-0.011731,0.010254,0.073482,0.091862,-0.022577,-0.015751,0.072346,-0.160886,0.389230,-0.092137,0.037838,0.041369,-0.021114,-0.103918,0.219535,0.396293,0.072585,0.049257,-0.018369
-0.014706,-0.021643,0.817146,-0.013944,0.044556,-0.663141,0.747037,-0.046193,0.121880,0.024118,0.122274,0.002232,-0.041964,-0.023122,-0.001141,-0.241442,0.140027,-0.011962,0.009104,0.073908,0.091884,-0.022690,-0.015689,0.073179,-0.160544,0.390997,-0.093339,0.038018,0.042100,-0.021199,-0.105753,0.220859,0.398607,0.073062,0.049365,-0.018673
-0.014367,-0.021714,0.817113,-0.013533,0.044483,-0.662734,0.747410,-0.047228,0.119547,0.021802,0.122370,-0.000101,-0.040370,-0.022653,-0.002692,-0.241073,0.139681,-0.012411,0.014374,0.074305,0.090112,-0.022691,-0.015582,0.073699,-0.159216,0.392152,-0.095077,0.037643,0.043264,-0.021507,-0.107103,0.219061,0.401961,0.075558,0.049248,-0.019689
-0.014066,-0.021830,0.817077,-0.013345,0.044523,-0.662335,0.747765,-0.047844,0.118151,0.020128,0.122541,-0.000540,-0.039287,-0.022338,-0.003898,-0.242561,0.139673,-0.013210,0.016905,0.074837,0.088870,-0.022764,-0.015431,0.074129,-0.157611,0.392760,-0.096688,0.037443,0.044102,-0.021792,-0.108373,0.216967,0.404991,0.077989,0.048956,-0.020660
-0.013766,-0.021857,0.817041,-0.013160,0.044566,-0.661933,0.748121,-0.048439,0.116769,0.018445,0.122651,-0.000942,-0.038210,-0.022038,-0.005093,-0.244065,0.139687,-0.014014,0.019429,0.075368,0.087652,-0.022840,-0.015249,0.074490,-0.155648,0.392771,-0.098244,0.037204,0.044906,-0.022059,-0.109531,0.214562,0.407543,0.080344,0.048569,-0.021613
-0.013270,-0.021990,0.817209,-0.013685,0.045017,-0.661641,0.748343,-0.048005,0.118677,0.020288,0.122303,-0.000089,-0.040037,-0.022760,-0.004100,-0.245498,0.140420,-0.010449,0.012860,0.075391,0.090056,-0.022965,-0.015565,0.073995,-0.158830,0.394791,-0.097426,0.037894,0.044701,-0.021941,-0.109314,0.217510,0.408598,0.079301,0.048938,-0.020999
-0.012941,-0.022137,0.817265,-0.013718,0.045330,-0.661563,0.748392,-0.048182,0.118567,0.020074,0.122219,-0.000491,-0.039298,-0.022890,-0.004501,-0.247637,0.140375,-0.009181,0.012352,0.075785,0.091063,-0.023257,-0.016006,0.073633,-0.161489,0.396731,-0.096529,0.038482,0.044075,-0.021863,-0.108919,0.219973,0.409175,0.078179,0.049483,-0.020362
-0.012608,-0.022287,0.817320,-0.013724,0.045635,-0.661463,0.748462,-0.048399,0.118376,0.019815,0.122140,-0.000885,-0.038540,-0.023079,-0.004992,-0.249822,0.140447,-0.007986,0.011864,0.076131,0.091959,-0.023577,-0.016458,0.073238,-0.163915,0.398349,-0.095610,0.038992,0.043430,-0.021737,-0.108436,0.222129,0.409442,0.077054,0.049990,-0.019751
-0.012530,-0.022374,0.817227,-0.013306,0.045496,-0.661132,0.748770,-0.048932,0.117648,0.019474,0.122350,0.000092,-0.039428,-0.022787,-0.004876,-0.245898,0.139947,-0.010490,0.014759,0.076122,0.090651,-0.023428,-0.016688,0.074176,-0.162345,0.398652,-0.096162,0.038389,0.043875,-0.021384,-0.110220,0.218975,0.410629,0.078971,0.049597,-0.020820
-0.012399,-0.022433,0.817286,-0.013294,0.045705,-0.660788,0.749062,-0.049265,0.117715,0.019404,0.122281,0.000462,-0.039121,-0.022842,-0.004879,-0.246570,0.140190,-0.009755,0.015079,0.076527,0.090689,-0.023122,-0.017055,0.075105,-0.160787,0.398705,-0.096764,0.037993,0.044391,-0.021344,-0.112028,0.215616,0.411844,0.081034,0.048926,-0.021996
-0.012266,-0.022575,0.817345,-0.013285,0.045934,-0.660433,0.749361,-0.049649,0.117808,0.019295,0.122237,0.000835,-0.038816,-0.022867,-0.004841,-0.247276,0.140303,-0.008947,0.015396,0.076910,0.090804,-0.022833,-0.017505,0.075977,-0.159142,0.398670,-0.097389,0.037608,0.044952,-0.021323,-0.113957,0.212035,0.413122,0.083216,0.048174,-0.023233
-0.012705,-0.022440,0.817196,-0.013059,0.045382,-0.660530,0.749313,-0.049504,0.116931,0.018902,0.122469,0.000541,-0.039386,-0.022485,-0.005664,-0.246966,0.139780,-0.011733,0.014656,0.077668,0.089642,-0.023002,-0.017257,0.076447,-0.159589,0.398140,-0.097125,0.037809,0.044409,-0.021146,-0.113004,0.213775,0.412452,0.082020,0.048371,-0.022445
-0.012974,-0.022478,0.817208,-0.013079,0.045209,-0.660620,0.749244,-0.049229,0.117198,0.019078,0.122491,0.000940,-0.039440,-0.022379,-0.005551,-0.247089,0.139889,-0.011991,0.014284,0.078284,0.089424,-0.023259,-0.016866,0.076674,-0.159803,0.397347,-0.096884,0.037700,0.044157,-0.020827,-0.112269,0.215428,0.411682,0.080811,0.048751,-0.021655
-0.013237,-0.022432,0.817221,-0.013094,0.045061,-0.660717,0.749167,-0.048994,0.117492,0.019267,0.122503,0.001341,-0.039492,-0.022266,-0.005397,-0.247200,0.139865,-0.012172,0.013911,0.078895,0.089279,-0.023582,-0.016482,0.076945,-0.159873,0.396457,-0.096660,0.037552,0.043990,-0.020478,-0.111764,0.216885,0.410925,0.079719,0.049133,-0.020936
-0.013146,-0.022733,0.817200,-0.013102,0.045143,-0.660760,0.749124,-0.048380,0.117587,0.019738,0.122432,0.000263,-0.039705,-0.021814,-0.005050,-0.246693,0.139697,-0.012478,0.015084,0.078722,0.089382,-0.024129,-0.015912,0.077170,-0.159876,0.396846,-0.096675,0.037868,0.044174,-0.020873,-0.112373,0.217026,0.410764,0.079567,0.049323,-0.021133
-0.013058,-0.023033,0.817202,-0.013119,0.045157,-0.660809,0.749080,-0.047767,0.117653,0.020484,0.122462,-0.000361,-0.039918,-0.021424,-0.005025,-0.246063,0.139476,-0.012752,0.016287,0.078450,0.089405,-0.024482,-0.015535,0.077323,-0.159728,0.397281,-0.096739,0.037970,0.044201,-0.021054,-0.113116,0.216663,0.410726,0.079568,0.049409,-0.021389
-0.012881,-0.023244,0.817205,-0.013139,0.045166,-0.660858,0.749035,-0.047131,0.117713,0.021232,0.122466,-0.000970,-0.040130,-0.021029,-0.005006,-0.245431,0.139261,-0.013027,0.017493,0.078202,0.089427,-0.024819,-0.015213,0.077598,-0.159440,0.397645,-0.096815,0.038009,0.044232,-0.021217,-0.114025,0.216065,0.410657,0.079612,0.049453,-0.021691
-0.012795,-0.023519,0.817201,-0.013104,0.045234,-0.661246,0.748689,-0.046943,0.117811,0.021982,0.122472,-0.001221,-0.039879,-0.020996,-0.004936,-0.245165,0.139641,-0.012037,0.015609,0.077569,0.089726,-0.024648,-0.014999,0.076446,-0.160106,0.397901,-0.096605,0.038094,0.043879,-0.020811,-0.112602,0.216746,0.410452,0.079382,0.049301,-0.021047
-0.012606,-0.023781,0.817207,-0.013042,0.045341,-0.661522,0.748440,-0.046445,0.118000,0.023438,0.122456,-0.002220,-0.039819,-0.021020,-0.004737,-0.243602,0.139492,-0.011770,0.016815,0.076795,0.090023,-0.024681,-0.014499,0.075348,-0.160542,0.397780,-0.096386,0.038147,0.043585,-0.020253,-0.111068,0.217215,0.410084,0.079108,0.049347,-0.020488
-0.012416,-0.024048,0.817213,-0.012983,0.045443,-0.661806,0.748184,-0.045925,0.118196,0.024914,0.122449,-0.003238,-0.039757,-0.021012,-0.004528,-0.242019,0.139312,-0.011491,0.018026,0.076031,0.090319,-0.024718,-0.013910,0.074275,-0.160756,0.397286,-0.096110,0.038168,0.043305,-0.019640,-0.109565,0.217425,0.409393,0.078808,0.049372,-0.019945
-0.012439,-0.024290,0.817189,-0.013090,0.045521,-0.661813,0.748171,-0.045785,0.118020,0.023803,0.122361,-0.002479,-0.039940,-0.020439,-0.004743,-0.244522,0.139369,-0.012389,0.015525,0.076779,0.090545,-0.025270,-0.014024,0.073538,-0.160913,0.395998,-0.095580,0.038198,0.043051,-0.019803,-0.108456,0.217742,0.407712,0.078250,0.049491,-0.019986
-0.012446,-0.024515,0.817187,-0.013117,0.045567,-0.661698,0.748270,-0.045286,0.118004,0.024125,0.122187,-0.003427,-0.040067,-0.020049,-0.004635,-0.244397,0.139317,-0.012757,0.016243,0.077126,0.090766,-0.025857,-0.014177,0.072722,-0.160850,0.394218,-0.094952,0.038045,0.042860,-0.019958,-0.107220,0.217624,0.405543,0.077611,0.049608,-0.019956
-0.012362,-0.024740,0.817184,-0.013154,0.045603,-0.661601,0.748352,-0.044759,0.117999,0.024499,0.122056,-0.004413,-0.040191,-0.019614,-0.004510,-0.244223,0.139221,-0.013093,0.016964,0.077528,0.090993,-0.026408,-0.014272,0.071788,-0.160505,0.391902,-0.094193,0.037805,0.042632,-0.020066,-0.105872,0.217143,0.402814,0.076892,0.049665,-0.019894
-0.012784,-0.024952,0.817197,-0.013062,0.045311,-0.661782,0.748212,-0.044884,0.118695,0.024557,0.122478,-0.001860,-0.039627,-0.019244,-0.004319,-0.245621,0.138923,-0.013237,0.013849,0.077287,0.090966,-0.026314,-0.013394,0.071611,-0.159463,0.389448,-0.093445,0.037725,0.042040,-0.019786,-0.105622,0.215756,0.400315,0.076269,0.049146,-0.019574
-0.013214,-0.025160,0.817215,-0.013043,0.045155,-0.662007,0.748023,-0.044370,0.119379,0.025552,0.122470,-0.001509,-0.039422,-0.019007,-0.003730,-0.245984,0.138660,-0.013911,0.012659,0.077113,0.091392,-0.026438,-0.012699,0.071125,-0.158368,0.386641,-0.092571,0.037618,0.041350,-0.019472,-0.105093,0.214262,0.397634,0.075597,0.048710,-0.019150
-0.013643,-0.025367,0.817232,-0.013038,0.044989,-0.662245,0.747822,-0.043820,0.120077,0.026581,0.122498,-0.001190,-0.039220,-0.018737,-0.003128,-0.246310,0.138398,-0.014588,0.011471,0.076996,0.091841,-0.026530,-0.011958,0.070581,-0.157210,0.383734,-0.091651,0.037496,0.040639,-0.019143,-0.104539,0.212674,0.394854,0.074919,0.048265,-0.018717
-0.013479,-0.025668,0.817189,-0.012941,0.045259,-0.662003,0.748021,-0.043824,0.119543,0.025176,0.122418,-0.002263,-0.039871,-0.018359,-0.003529,-0.245299,0.138776,-0.013712,0.013790,0.076877,0.091874,-0.026322,-0.012873,0.069629,-0.156913,0.381057,-0.090940,0.037348,0.040226,-0.019210,-0.102365,0.212240,0.391230,0.073730,0.047980,-0.018122
-0.013213,-0.026034,0.817188,-0.012877,0.045349,-0.661842,0.748160,-0.043762,0.119288,0.025441,0.122421,-0.002683,-0.039882,-0.018211,-0.003702,-0.244870,0.138691,-0.013821,0.014243,0.076710,0.091938,-0.026169,-0.013479,0.068779,-0.156641,0.378892,-0.090331,0.037273,0.039871,-0.019285,-0.099944,0.212203,0.387929,0.072572,0.047777,-0.017805
-0.013038,-0.026315,0.817188,-0.012811,0.045442,-0.661686,0.748293,-0.043688,0.119041,0.025721,0.122397,-0.003093,-0.039901,-0.018076,-0.003866,-0.244425,0.138612,-0.013934,0.014689,0.076542,0.091992,-0.026035,-0.014067,0.068008,-0.156626,0.377309,-0.089833,0.037263,0.039546,-0.019389,-0.097524,0.212598,0.385179,0.071503,0.047672,-0.017520
-0.012777,-0.026364,0.817179,-0.012729,0.045486,-0.661960,0.748049,-0.043236,0.118664,0.025834,0.122414,-0.003191,-0.039908,-0.017611,-0.004343,-0.244382,0.138636,-0.013747,0.015000,0.076706,0.092302,-0.026247,-0.013935,0.066897,-0.156927,0.375784,-0.089295,0.037095,0.039128,-0.019123,-0.096561,0.212440,0.383264,0.070909,0.047847,-0.017293
-0.012560,-0.026399,0.817181,-0.012799,0.045414,-0.662038,0.747983,-0.042780,0.118292,0.026239,0.122400,-0.003590,-0.039842,-0.017252,-0.004664,-0.244136,0.138621,-0.013569,0.015572,0.076864,0.092411,-0.026496,-0.013891,0.065700,-0.157866,0.374800,-0.088876,0.037170,0.038660,-0.018786,-0.095726,0.212708,0.381871,0.070414,0.048047,-0.017076
-0.012255,-0.026522,0.817184,-0.012875,0.045338,-0.662118,0.747916,-0.042306,0.117924,0.026649,0.122387,-0.003992,-0.039775,-0.016871,-0.004985,-0.243890,0.138595,-0.013394,0.016141,0.077050,0.092525,-0.026737,-0.013897,0.064511,-0.159254,0.374454,-0.088591,0.037370,0.038230,-0.018447,-0.094823,0.213505,0.381077,0.069962,0.048345,-0.016840
-0.012387,-0.026624,0.817185,-0.012851,0.045380,-0.662099,0.747931,-0.042397,0.118377,0.026364,0.122360,-0.003463,-0.039729,-0.016928,-0.004748,-0.244477,0.138475,-0.013708,0.015394,0.077242,0.092245,-0.026970,-0.013587,0.065327,-0.158286,0.374138,-0.088693,0.036909,0.038714,-0.018078,-0.096335,0.212539,0.381481,0.070259,0.048044,-0.017120
-0.012533,-0.026727,0.817187,-0.012772,0.045457,-0.662202,0.747837,-0.042502,0.118636,0.026612,0.122354,-0.003506,-0.039583,-0.017074,-0.004507,-0.244675,0.138388,-0.013867,0.015250,0.077305,0.091907,-0.026898,-0.013209,0.066110,-0.157762,0.374435,-0.088797,0.036621,0.038927,-0.017681,-0.097746,0.212200,0.382595,0.070591,0.047819,-0.017328
-0.012679,-0.026830,0.817190,-0.012694,0.045532,-0.662310,0.747738,-0.042602,0.118897,0.026873,0.122366,-0.003561,-0.039436,-0.017220,-0.004264,-0.244861,0.138307,-0.014027,0.015106,0.077372,0.091568,-0.026814,-0.012846,0.066904,-0.157639,0.375334,-0.089002,0.036423,0.039157,-0.017273,-0.099155,0.212400,0.384339,0.070977,0.047707,-0.017510
-0.012915,-0.026903,0.817255,-0.012636,0.045586,-0.662270,0.747771,-0.042420,0.119481,0.027369,0.122378,-0.002531,-0.039617,-0.017171,-0.004021,-0.244755,0.138323,-0.013444,0.014467,0.077091,0.091875,-0.027256,-0.012865,0.067356,-0.158443,0.377863,-0.089673,0.036908,0.039257,-0.018081,-0.100409,0.213344,0.386837,0.071581,0.048178,-0.017431
-0.013057,-0.026960,0.817327,-0.012620,0.045566,-0.662377,0.747678,-0.042190,0.120035,0.028139,0.122366,-0.001568,-0.039540,-0.017123,-0.003735,-0.244661,0.138266,-0.013104,0.014030,0.076820,0.091839,-0.027504,-0.012994,0.067786,-0.159499,0.381068,-0.090465,0.037335,0.039298,-0.018822,-0.101995,0.214498,0.389954,0.072306,0.048553,-0.017288
-0.013285,-0.027016,0.817400,-0.012610,0.045537,-0.662486,0.747583,-0.041932,0.120587,0.028921,0.122346,-0.000605,-0.039457,-0.017059,-0.003449,-0.244558,0.138216,-0.012764,0.013591,0.076569,0.091801,-0.027719,-0.013150,0.068234,-0.160788,0.384660,-0.091324,0.037784,0.039336,-0.019564,-0.103667,0.215905,0.393501,0.073074,0.048960,-0.017105
-0.013567,-0.027100,0.817403,-0.012621,0.045504,-0.662745,0.747355,-0.041802,0.120455,0.028519,0.122327,-0.001113,-0.040202,-0.017064,-0.002971,-0.244314,0.138218,-0.012613,0.013059,0.076505,0.092029,-0.027509,-0.013575,0.069647,-0.161557,0.388079,-0.092173,0.037990,0.040074,-0.019868,-0.104473,0.217644,0.396119,0.073533,0.049103,-0.017735
-0.013808,-0.027236,0.817390,-0.012675,0.045492,-0.663018,0.747112,-0.041454,0.121128,0.029261,0.122361,-0.000427,-0.040828,-0.017094,-0.002472,-0.244139,0.138278,-0.012451,0.012576,0.076009,0.092136,-0.027561,-0.014026,0.070996,-0.162279,0.391316,-0.092953,0.038236,0.040572,-0.020315,-0.105509,0.219210,0.398468,0.074036,0.049255,-0.018291
-0.014049,-0.027284,0.817466,-0.012727,0.045481,-0.663295,0.746867,-0.041093,0.121801,0.030014,0.122353,0.000282,-0.041450,-0.017133,-0.001973,-0.243953,0.138342,-0.012288,0.012094,0.075507,0.092244,-0.027618,-0.014457,0.072326,-0.162788,0.394213,-0.093647,0.038451,0.041013,-0.020786,-0.106539,0.220565,0.400479,0.074492,0.049350,-0.018809
-0.013791,-0.027246,0.817473,-0.012695,0.045314,-0.663390,0.746793,-0.040944,0.120953,0.029464,0.122355,-0.001600,-0.039843,-0.016920,-0.002651,-0.243510,0.138116,-0.011931,0.014171,0.075201,0.092091,-0.027571,-0.014157,0.072828,-0.162708,0.395950,-0.094447,0.038444,0.041472,-0.020557,-0.107493,0.220439,0.402497,0.075240,0.049391,-0.019401
-0.013496,-0.027286,0.817453,-0.012730,0.045199,-0.663486,0.746714,-0.040655,0.120551,0.029865,0.122400,-0.002042,-0.039510,-0.016700,-0.003256,-0.243150,0.137932,-0.011594,0.016286,0.074859,0.092312,-0.027812,-0.013769,0.073136,-0.162457,0.396866,-0.095059,0.038462,0.041866,-0.020174,-0.108337,0.219864,0.403922,0.075901,0.049348,-0.019887
-0.013200,-0.027240,0.817433,-0.012762,0.045091,-0.663587,0.746630,-0.040356,0.120152,0.030281,0.122400,-0.002463,-0.039176,-0.016496,-0.003855,-0.242782,0.137738,-0.011254,0.018403,0.074548,0.092546,-0.028091,-0.013318,0.073417,-0.161874,0.397222,-0.095575,0.038438,0.042244,-0.019736,-0.109147,0.218870,0.404793,0.076505,0.049201,-0.020387
-0.012974,-0.027286,0.817520,-0.013054,0.045328,-0.663509,0.746679,-0.040044,0.120430,0.030172,0.122291,-0.001617,-0.039234,-0.016486,-0.003056,-0.243121,0.138365,-0.009536,0.015199,0.074970,0.093380,-0.027296,-0.013399,0.072402,-0.163923,0.398022,-0.095193,0.038783,0.041927,-0.019448,-0.108565,0.220978,0.405583,0.076094,0.049806,-0.019967
-0.012792,-0.027200,0.817556,-0.013288,0.045364,-0.663416,0.746756,-0.039796,0.120644,0.030310,0.122221,-0.001492,-0.038875,-0.016324,-0.002897,-0.243045,0.138406,-0.007472,0.017239,0.075296,0.094037,-0.026682,-0.013259,0.071475,-0.165582,0.398514,-0.094945,0.038958,0.041881,-0.019210,-0.107905,0.222769,0.406116,0.075675,0.050417,-0.019533
-0.012694,-0.027202,0.817680,-0.013526,0.045390,-0.663323,0.746833,-0.039527,0.120837,0.030450,0.122155,-0.001370,-0.038509,-0.016112,-0.002748,-0.242958,0.138384,-0.005374,0.019292,0.075604,0.094684,-0.026055,-0.013046,0.070541,-0.167035,0.398772,-0.094680,0.039070,0.041878,-0.018907,-0.107245,0.224359,0.406433,0.075252,0.050977,-0.019113
-0.013151,-0.027219,0.817557,-0.013191,0.045001,-0.663536,0.746673,-0.039349,0.120410,0.030369,0.122301,-0.000858,-0.039529,-0.015551,-0.003138,-0.243783,0.138011,-0.010165,0.012225,0.074975,0.093714,-0.026351,-0.013486,0.071639,-0.166873,0.399416,-0.094960,0.039174,0.041947,-0.019661,-0.108252,0.223828,0.406393,0.075334,0.050877,-0.019357
-0.013560,-0.027219,0.817624,-0.013289,0.044775,-0.663636,0.746596,-0.038841,0.120954,0.030788,0.122378,0.000128,-0.039559,-0.015311,-0.002784,-0.244219,0.138413,-0.009759,0.010714,0.074469,0.093758,-0.026636,-0.013895,0.072881,-0.166234,0.400121,-0.095264,0.039156,0.041949,-0.020277,-0.109094,0.223368,0.406408,0.075358,0.050869,-0.019561
-0.013960,-0.027129,0.817693,-0.013393,0.044558,-0.663747,0.746509,-0.038314,0.121518,0.031237,0.122417,0.001132,-0.039580,-0.014966,-0.002382,-0.244631,0.138561,-0.009208,0.009212,0.073968,0.093863,-0.026932,-0.014282,0.074101,-0.165498,0.400854,-0.095554,0.039093,0.041968,-0.020849,-0.110004,0.222911,0.406377,0.075380,0.050870,-0.019769
-0.013986,-0.027326,0.817804,-0.013356,0.044597,-0.663817,0.746445,-0.038225,0.121399,0.030637,0.122344,0.000321,-0.039367,-0.014854,-0.002132,-0.243938,0.138289,-0.010111,0.011365,0.074012,0.094031,-0.026436,-0.014625,0.072942,-0.166834,0.400983,-0.095181,0.039136,0.041558,-0.020814,-0.108402,0.224515,0.405935,0.074763,0.050936,-0.019085
-0.013900,-0.027411,0.817799,-0.013351,0.044589,-0.663850,0.746416,-0.038058,0.121432,0.031042,0.122369,0.000455,-0.039232,-0.014737,-0.002146,-0.243949,0.138306,-0.009920,0.011319,0.073951,0.094237,-0.026102,-0.014853,0.071835,-0.168185,0.400976,-0.094827,0.039319,0.041273,-0.020800,-0.106979,0.226008,0.405368,0.074094,0.051251,-0.018798
-0.013900,-0.027498,0.817882,-0.013341,0.044586,-0.663885,0.746385,-0.037889,0.121465,0.031450,0.122357,0.000612,-0.039098,-0.014632,-0.002154,-0.243956,0.138307,-0.009717,0.011274,0.073898,0.094447,-0.025785,-0.015072,0.070770,-0.169538,0.400987,-0.094478,0.039532,0.041007,-0.020765,-0.105569,0.227539,0.404746,0.073399,0.051624,-0.018532
-0.013891,-0.027398,0.817878,-0.013436,0.044561,-0.664017,0.746268,-0.037768,0.121555,0.031939,0.122340,0.000634,-0.039193,-0.014673,-0.002077,-0.243536,0.138244,-0.009501,0.011226,0.073233,0.094213,-0.025964,-0.014938,0.070760,-0.169157,0.400796,-0.094654,0.039538,0.040948,-0.021553,-0.107487,0.225890,0.405306,0.074219,0.051300,-0.018908
-0.013789,-0.027291,0.817874,-0.013528,0.044545,-0.664153,0.746146,-0.037687,0.121642,0.032439,0.122349,0.000652,-0.039280,-0.014750,-0.002000,-0.243104,0.138187,-0.009272,0.011182,0.072585,0.094123,-0.025927,-0.014930,0.070604,-0.168972,0.400649,-0.094774,0.039584,0.040814,-0.022448,-0.109390,0.224301,0.406089,0.075053,0.050809,-0.019189
-0.013774,-0.027181,0.817870,-0.013624,0.044524,-0.664289,0.746024,-0.037597,0.121734,0.032937,0.122365,0.000671,-0.039363,-0.014820,-0.001924,-0.242673,0.138136,-0.009041,0.011142,0.071945,0.094042,-0.025868,-0.014958,0.070416,-0.168834,0.400546,-0.094884,0.039650,0.040650,-0.023404,-0.111314,0.222746,0.406906,0.075869,0.050293,-0.019439
-0.013837,-0.027068,0.817868,-0.013627,0.044464,-0.664449,0.745885,-0.037457,0.122044,0.033189,0.122390,0.000728,-0.039412,-0.014775,-0.001743,-0.242650,0.138097,-0.008842,0.010710,0.072305,0.094434,-0.025771,-0.015232,0.069858,-0.169744,0.400513,-0.094638,0.039570,0.040752,-0.022843,-0.108967,0.224469,0.406458,0.075008,0.050532,-0.019036
-0.013987,-0.027051,0.817867,-0.013698,0.044415,-0.664530,0.745815,-0.037349,0.122371,0.033448,0.122400,0.000776,-0.039481,-0.014768,-0.001547,-0.242622,0.138045,-0.008651,0.010264,0.072368,0.094681,-0.025615,-0.015214,0.069267,-0.170661,0.400273,-0.094408,0.039451,0.040683,-0.022093,-0.106539,0.226307,0.405679,0.074025,0.050832,-0.018672
-0.014051,-0.026951,0.817866,-0.013766,0.044369,-0.664607,0.745747,-0.037241,0.122695,0.033700,0.122409,0.000822,-0.039549,-0.014756,-0.001352,-0.242602,0.137987,-0.008466,0.009818,0.072396,0.094919,-0.025472,-0.015150,0.068633,-0.171659,0.399972,-0.094150,0.039361,0.040587,-0.021349,-0.104068,0.228247,0.404832,0.072998,0.051174,-0.018300
-0.014580,-0.026900,0.817862,-0.013674,0.044240,-0.664591,0.745771,-0.037408,0.123028,0.033501,0.122382,0.001232,-0.039922,-0.014775,-0.000700,-0.243018,0.137933,-0.009183,0.008485,0.072098,0.094598,-0.025474,-0.015339,0.068937,-0.171572,0.399900,-0.094282,0.039483,0.040626,-0.021934,-0.105449,0.227424,0.404741,0.073278,0.051391,-0.018636
-0.014995,-0.026816,0.817859,-0.013643,0.044073,-0.664559,0.745810,-0.037548,0.123525,0.033310,0.122395,0.001648,-0.040279,-0.014893,-0.000173,-0.243289,0.137990,-0.009573,0.006511,0.071827,0.094598,-0.025241,-0.015666,0.069167,-0.171660,0.399797,-0.094342,0.039601,0.040587,-0.022551,-0.106694,0.226674,0.404755,0.073581,0.051279,-0.018764
-0.015498,-0.026643,0.817944,-0.013620,0.043901,-0.664528,0.745849,-0.037678,0.124028,0.033126,0.122418,0.002062,-0.040634,-0.014992,0.000358,-0.243555,0.138039,-0.009955,0.004536,0.071564,0.094611,-0.024979,-0.016047,0.069335,-0.171835,0.399685,-0.094376,0.039711,0.040516,-0.023192,-0.107853,0.225998,0.404772,0.073829,0.051139,-0.018844
-0.015413,-0.026523,0.817948,-0.013744,0.043995,-0.664615,0.745763,-0.037441,0.123840,0.033443,0.122418,0.001809,-0.040392,-0.014692,0.000104,-0.243469,0.138093,-0.009608,0.004085,0.071368,0.094784,-0.024753,-0.016026,0.069785,-0.170281,0.399451,-0.094506,0.039347,0.040986,-0.022469,-0.107802,0.224796,0.405287,0.074545,0.050871,-0.019143
-0.015403,-0.026488,0.817957,-0.013869,0.043911,-0.664676,0.745711,-0.037239,0.123921,0.033648,0.122407,0.001818,-0.040381,-0.014387,0.000130,-0.243388,0.138063,-0.009299,0.003858,0.071062,0.094882,-0.024610,-0.015728,0.070443,-0.168825,0.399450,-0.095079,0.039167,0.041421,-0.022002,-0.107816,0.223623,0.405713,0.075248,0.050605,-0.019490
-0.015394,-0.026365,0.817966,-0.013995,0.043824,-0.664736,0.745661,-0.037027,0.124003,0.033853,0.122392,0.001830,-0.040371,-0.014069,0.000159,-0.243310,0.138020,-0.008988,0.003629,0.070743,0.094974,-0.024465,-0.015467,0.071113,-0.167368,0.399419,-0.095695,0.038965,0.041857,-0.021531,-0.107784,0.222457,0.406139,0.075947,0.050336,-0.019831
-0.015624,-0.026392,0.817937,-0.013982,0.043865,-0.664777,0.745622,-0.036934,0.124278,0.034051,0.122341,0.001594,-0.040507,-0.014528,0.000791,-0.243206,0.137846,-0.009365,0.003796,0.070210,0.094382,-0.023998,-0.015698,0.069984,-0.168812,0.399861,-0.095301,0.039164,0.041527,-0.022072,-0.108012,0.223627,0.405819,0.075294,0.050333,-0.019773
-0.015758,-0.026422,0.817926,-0.013997,0.043981,-0.664868,0.745533,-0.036974,0.124709,0.034202,0.122294,0.001369,-0.040656,-0.014741,0.001438,-0.243111,0.137822,-0.009189,0.003565,0.069712,0.094039,-0.023564,-0.015916,0.068849,-0.170601,0.400266,-0.094916,0.039405,0.041230,-0.022912,-0.108660,0.224833,0.405499,0.074658,0.050632,-0.019502
-0.015977,-0.026539,0.817916,-0.014015,0.044100,-0.664961,0.745443,-0.037020,0.125148,0.034358,0.122261,0.001138,-0.040803,-0.014939,0.002095,-0.243012,0.137764,-0.008994,0.003339,0.069228,0.093725,-0.023128,-0.016165,0.067690,-0.172367,0.400637,-0.094561,0.039640,0.040966,-0.023772,-0.109392,0.225962,0.405179,0.074048,0.050937,-0.019222
-0.016068,-0.026256,0.817917,-0.013886,0.044048,-0.664884,0.745517,-0.037790,0.125334,0.034256,0.122363,0.002367,-0.041313,-0.015379,0.001326,-0.243437,0.137796,-0.008654,0.002926,0.069588,0.093711,-0.022644,-0.015711,0.068746,-0.170786,0.400519,-0.094880,0.039798,0.041351,-0.023774,-0.109857,0.224174,0.405687,0.075265,0.050558,-0.019775
-0.016081,-0.025887,0.817905,-0.013832,0.044081,-0.664899,0.745503,-0.038447,0.125456,0.033994,0.122325,0.003173,-0.041692,-0.016090,0.001219,-0.243717,0.137970,-0.007935,0.002653,0.069938,0.093799,-0.022222,-0.015273,0.069833,-0.169207,0.400342,-0.095164,0.039612,0.041586,-0.023985,-0.110661,0.222447,0.406209,0.076549,0.049985,-0.020425
-0.016182,-0.025606,0.817894,-0.013775,0.044123,-0.664918,0.745485,-0.039122,0.125591,0.033740,0.122301,0.003971,-0.042069,-0.016811,0.001126,-0.243993,0.138127,-0.007203,0.002377,0.070293,0.093909,-0.021819,-0.014854,0.070937,-0.167551,0.400163,-0.095462,0.039385,0.041833,-0.024261,-0.111591,0.220631,0.406789,0.077916,0.049349,-0.021117
-0.016168,-0.025519,0.817909,-0.013775,0.044121,-0.664783,0.745605,-0.039312,0.125137,0.034726,0.122283,0.002984,-0.041647,-0.016810,0.001342,-0.243697,0.137829,-0.008246,0.002667,0.070435,0.093962,-0.021638,-0.015437,0.070226,-0.168883,0.400524,-0.095080,0.039548,0.041514,-0.023761,-0.109949,0.222553,0.406521,0.076861,0.049803,-0.020527
-0.016155,-0.025375,0.817892,-0.013759,0.044115,-0.664714,0.745668,-0.039711,0.125034,0.034946,0.122292,0.003632,-0.041881,-0.017058,0.001263,-0.244012,0.137789,-0.007472,0.002445,0.070680,0.094042,-0.021285,-0.015778,0.069966,-0.169940,0.400962,-0.094816,0.039696,0.041235,-0.023367,-0.108506,0.224351,0.406128,0.075793,0.050413,-0.019976
-0.016142,-0.025318,0.817875,-0.013728,0.044125,-0.664639,0.745734,-0.040145,0.124926,0.035156,0.122253,0.004316,-0.042112,-0.017335,0.001186,-0.244339,0.137707,-0.006667,0.002224,0.070899,0.094114,-0.020982,-0.016150,0.069759,-0.170928,0.401392,-0.094561,0.039833,0.040969,-0.023025,-0.107148,0.226083,0.405749,0.074789,0.051033,-0.019473
-0.016335,-0.025155,0.817918,-0.013880,0.043990,-0.664710,0.745676,-0.039358,0.125284,0.034191,0.122264,0.002652,-0.041550,-0.016712,0.001369,-0.244609,0.137684,-0.008937,0.002769,0.070481,0.093912,-0.021644,-0.015664,0.068935,-0.171593,0.401477,-0.094478,0.039914,0.040727,-0.023434,-0.107930,0.225779,0.405760,0.074856,0.051059,-0.019465
-0.016502,-0.025023,0.817914,-0.014020,0.043794,-0.664675,0.745717,-0.039090,0.125388,0.033773,0.122320,0.002630,-0.041527,-0.016393,0.001468,-0.245062,0.137735,-0.009169,0.002664,0.070396,0.093995,-0.021880,-0.015011,0.068148,-0.172299,0.401460,-0.094378,0.040055,0.040501,-0.023668,-0.108693,0.225476,0.405935,0.074984,0.050970,-0.019421
-0.016667,-0.024891,0.817910,-0.014146,0.043613,-0.664641,0.745755,-0.038844,0.125493,0.033369,0.122322,0.002642,-0.041503,-0.016085,0.001573,-0.245513,0.137705,-0.009348,0.002559,0.070338,0.094082,-0.022167,-0.014385,0.067341,-0.173054,0.401431,-0.094267,0.040214,0.040282,-0.023924,-0.109489,0.225170,0.406113,0.075120,0.050872,-0.019389
-0.016583,-0.024997,0.817920,-0.014274,0.043551,-0.664710,0.745695,-0.038305,0.125542,0.033621,0.122339,0.002572,-0.041501,-0.015621,0.001796,-0.244740,0.137612,-0.009108,0.002573,0.070562,0.094162,-0.022261,-0.014322,0.067739,-0.172652,0.401696,-0.094431,0.040126,0.040564,-0.023261,-0.108038,0.226142,0.405427,0.074450,0.050960,-0.019061
-0.016513,-0.025011,0.817925,-0.014428,0.043395,-0.664777,0.745641,-0.037732,0.125528,0.033915,0.122349,0.002496,-0.041508,-0.015083,0.001903,-0.244448,0.137455,-0.009054,0.002449,0.070685,0.094197,-0.022462,-0.014136,0.068239,-0.172178,0.402060,-0.094538,0.040204,0.040575,-0.022593,-0.106287,0.227026,0.404555,0.073787,0.051169,-0.018843
-0.016445,-0.025113,0.817931,-0.014581,0.043237,-0.664842,0.745589,-0.037152,0.125510,0.034198,0.122350,0.002425,-0.041516,-0.014539,0.002009,-0.244168,0.137307,-0.009012,0.002323,0.070794,0.094214,-0.022660,-0.013950,0.068739,-0.171730,0.402415,-0.094616,0.040286,0.040550,-0.021920,-0.104444,0.228002,0.403571,0.073062,0.051423,-0.018628
-0.016298,-0.024676,0.817917,-0.014834,0.042990,-0.664498,0.745905,-0.036758,0.125205,0.034775,0.122399,0.002607,-0.040950,-0.013820,0.001176,-0.243578,0.137695,-0.008158,0.004601,0.070342,0.094374,-0.022433,-0.013669,0.068530,-0.172039,0.402058,-0.094430,0.040094,0.040573,-0.022049,-0.104879,0.228084,0.403581,0.072998,0.051583,-0.018558
-0.016049,-0.024319,0.817911,-0.015121,0.042716,-0.664386,0.746014,-0.036271,0.124884,0.035323,0.122407,0.002810,-0.040342,-0.013287,0.000687,-0.242847,0.137915,-0.007214,0.006750,0.069979,0.094656,-0.022149,-0.013266,0.068240,-0.172204,0.401701,-0.094196,0.040170,0.040436,-0.022324,-0.105347,0.228183,0.403567,0.072831,0.051731,-0.018351
-0.015887,-0.023961,0.817905,-0.015410,0.042445,-0.664281,0.746118,-0.035786,0.124574,0.035882,0.122418,0.003012,-0.039735,-0.012751,0.000209,-0.242105,0.138113,-0.006254,0.008897,0.069630,0.094952,-0.021863,-0.012831,0.067904,-0.172293,0.401149,-0.093895,0.040254,0.040267,-0.022597,-0.105688,0.228271,0.403329,0.072559,0.051869,-0.018090
-0.016039,-0.023927,0.817932,-0.015592,0.042260,-0.664817,0.745647,-0.035258,0.125264,0.035403,0.122315,0.001963,-0.041268,-0.012599,0.001119,-0.244120,0.137424,-0.007914,0.005601,0.068952,0.094750,-0.021755,-0.012874,0.067544,-0.172077,0.400663,-0.093824,0.040308,0.039969,-0.022130,-0.106306,0.226032,0.403855,0.073662,0.051420,-0.018452
-0.016273,-0.023932,0.817933,-0.015772,0.042079,-0.665097,0.745403,-0.034594,0.125795,0.035993,0.122418,0.001436,-0.041553,-0.012099,0.001451,-0.244801,0.137302,-0.007674,0.003464,0.068265,0.094520,-0.021796,-0.012615,0.067022,-0.171593,0.399851,-0.093658,0.040285,0.039559,-0.021594,-0.106757,0.223328,0.403984,0.074772,0.050895,-0.018712
-0.016414,-0.023850,0.817935,-0.015953,0.041889,-0.665384,0.745154,-0.033891,0.126310,0.036608,0.122477,0.000926,-0.041828,-0.011566,0.001774,-0.245461,0.137136,-0.007409,0.001339,0.067603,0.094282,-0.021834,-0.012296,0.066392,-0.170896,0.398547,-0.093364,0.040211,0.039092,-0.021013,-0.107098,0.220284,0.403628,0.075806,0.050296,-0.018927
-0.016140,-0.023804,0.817916,-0.015895,0.042126,-0.665551,0.744993,-0.034407,0.125947,0.036364,0.122402,0.001860,-0.040740,-0.012594,0.002050,-0.242803,0.137221,-0.007386,0.003295,0.067712,0.095011,-0.021128,-0.012499,0.066241,-0.169858,0.396320,-0.092936,0.039842,0.039201,-0.021273,-0.105836,0.220363,0.400406,0.074433,0.049813,-0.018631
-0.015879,-0.023741,0.817898,-0.015683,0.042361,-0.665747,0.744809,-0.035012,0.125673,0.036950,0.122318,0.001658,-0.040385,-0.013545,0.001911,-0.241704,0.137243,-0.006772,0.003671,0.067529,0.095371,-0.020609,-0.012487,0.066130,-0.168413,0.393524,-0.092320,0.039452,0.039179,-0.021677,-0.104797,0.219932,0.396517,0.073037,0.049630,-0.018433
-0.015620,-0.023592,0.817881,-0.015464,0.042606,-0.665939,0.744628,-0.035667,0.125407,0.037519,0.122278,0.001435,-0.040034,-0.014512,0.001785,-0.240614,0.137249,-0.006150,0.004042,0.067316,0.095728,-0.020122,-0.012398,0.065974,-0.166754,0.390362,-0.091617,0.039036,0.039113,-0.022083,-0.103711,0.219223,0.392277,0.071637,0.049432,-0.018242
-0.015726,-0.023217,0.817908,-0.015513,0.042717,-0.666091,0.744485,-0.036257,0.125702,0.037285,0.122258,0.001882,-0.040590,-0.015104,0.001624,-0.242543,0.137171,-0.006917,0.003232,0.067131,0.095931,-0.019974,-0.011864,0.064807,-0.165659,0.387252,-0.090782,0.038767,0.038591,-0.021372,-0.102508,0.217644,0.389254,0.071262,0.049108,-0.017872
-0.015821,-0.022856,0.817905,-0.015413,0.042762,-0.666224,0.744366,-0.036862,0.125711,0.037421,0.122239,0.002167,-0.040643,-0.015889,0.001622,-0.242414,0.137180,-0.006773,0.003185,0.066877,0.095707,-0.019862,-0.011612,0.063672,-0.164830,0.384258,-0.090005,0.038540,0.038093,-0.020654,-0.101389,0.216080,0.386469,0.070995,0.048700,-0.017541
-0.015828,-0.022495,0.817901,-0.015306,0.042811,-0.666367,0.744236,-0.037476,0.125720,0.037589,0.122214,0.002457,-0.040693,-0.016688,0.001620,-0.242259,0.137168,-0.006608,0.003138,0.066685,0.095466,-0.019768,-0.011353,0.062611,-0.164130,0.381671,-0.089336,0.038348,0.037639,-0.019963,-0.100366,0.214647,0.384056,0.070826,0.048293,-0.017226
-0.015821,-0.022205,0.817900,-0.015423,0.042695,-0.666429,0.744185,-0.037698,0.125536,0.037665,0.122271,0.002602,-0.040500,-0.016895,0.001477,-0.241854,0.137228,-0.006561,0.003235,0.066552,0.095549,-0.019618,-0.011215,0.063080,-0.163111,0.379502,-0.088873,0.038191,0.037522,-0.019453,-0.099499,0.213740,0.381656,0.070016,0.048135,-0.017160
-0.015732,-0.021917,0.817896,-0.015504,0.042578,-0.666482,0.744143,-0.037728,0.125358,0.037722,0.122306,0.002745,-0.040316,-0.016972,0.001342,-0.241465,0.137266,-0.006513,0.003332,0.066386,0.095663,-0.019317,-0.011085,0.063768,-0.162183,0.377977,-0.088545,0.038054,0.037420,-0.019046,-0.098859,0.213184,0.379774,0.069287,0.048086,-0.017120
-0.015644,-0.021629,0.817891,-0.015595,0.042449,-0.666533,0.744103,-0.037722,0.125182,0.037779,0.122332,0.002894,-0.040130,-0.017014,0.001207,-0.241075,0.137298,-0.006465,0.003428,0.066204,0.095779,-0.018970,-0.010952,0.064585,-0.161410,0.377018,-0.088342,0.037954,0.037370,-0.018661,-0.098344,0.212945,0.378392,0.068654,0.048104,-0.017098
-0.015384,-0.021372,0.817910,-0.015784,0.042381,-0.666477,0.744152,-0.037734,0.125161,0.037551,0.122304,0.002862,-0.040026,-0.017104,0.001015,-0.241488,0.137478,-0.005888,0.003654,0.066319,0.095890,-0.018664,-0.011736,0.063290,-0.162017,0.375875,-0.087798,0.037949,0.037138,-0.018723,-0.098293,0.212802,0.377742,0.068426,0.048253,-0.017100
-0.015127,-0.021202,0.817904,-0.015831,0.042329,-0.666425,0.744201,-0.037786,0.124949,0.037358,0.122324,0.002819,-0.039893,-0.017136,0.000666,-0.241787,0.137560,-0.005783,0.003858,0.066507,0.095941,-0.018253,-0.012517,0.062161,-0.162797,0.374873,-0.087413,0.038056,0.036959,-0.018982,-0.098495,0.212663,0.377434,0.068233,0.048449,-0.017112
-0.014781,-0.021031,0.817898,-0.015877,0.042274,-0.666374,0.744249,-0.037836,0.124731,0.037162,0.122347,0.002777,-0.039753,-0.017177,0.000309,-0.242084,0.137669,-0.005691,0.004065,0.066706,0.095987,-0.017830,-0.013326,0.061104,-0.163664,0.374052,-0.087080,0.038214,0.036814,-0.019232,-0.098745,0.212654,0.377326,0.068049,0.048680,-0.017128
-0.015140,-0.020999,0.817903,-0.016006,0.042239,-0.666442,0.744187,-0.037760,0.124549,0.037251,0.122319,0.002842,-0.039976,-0.017151,0.000340,-0.242381,0.137576,-0.005891,0.003958,0.066744,0.096050,-0.018227,-0.012841,0.061155,-0.163459,0.374094,-0.087271,0.038059,0.036819,-0.019141,-0.098612,0.212495,0.377156,0.068089,0.048438,-0.016931
-0.015471,-0.021067,0.817894,-0.015996,0.042174,-0.666480,0.744157,-0.037655,0.124791,0.036826,0.122316,0.002903,-0.040156,-0.017067,0.000495,-0.242782,0.137396,-0.006413,0.003872,0.066805,0.095874,-0.018551,-0.012292,0.061203,-0.163243,0.374255,-0.087446,0.038057,0.036668,-0.018780,-0.098125,0.212335,0.377127,0.068114,0.048360,-0.016730
-0.015718,-0.021050,0.817885,-0.015984,0.042106,-0.666516,0.744129,-0.037555,0.125036,0.036390,0.122324,0.002953,-0.040343,-0.016978,0.000650,-0.243189,0.137218,-0.006942,0.003782,0.066865,0.095679,-0.018883,-0.011766,0.061268,-0.163077,0.374431,-0.087618,0.038084,0.036498,-0.018381,-0.097606,0.212236,0.377109,0.068104,0.048327,-0.016537
-0.015797,-0.020899,0.817899,-0.016150,0.041892,-0.666589,0.744072,-0.037241,0.125262,0.036953,0.122353,0.003241,-0.040076,-0.016654,0.001200,-0.243368,0.137499,-0.005852,0.003841,0.066719,0.095816,-0.018637,-0.011710,0.060765,-0.164011,0.374374,-0.087438,0.038077,0.036468,-0.018486,-0.097306,0.212851,0.377005,0.067919,0.048437,-0.016406
-0.015895,-0.020746,0.817901,-0.016354,0.041651,-0.666656,0.744021,-0.036845,0.125342,0.037047,0.122369,0.003416,-0.039997,-0.016339,0.001338,-0.244023,0.137507,-0.005515,0.003822,0.066593,0.096012,-0.018412,-0.011769,0.060209,-0.165017,0.374312,-0.087289,0.038164,0.036269,-0.018626,-0.096871,0.213514,0.376920,0.067724,0.048591,-0.016254
-0.015906,-0.020504,0.817904,-0.016561,0.041405,-0.666716,0.743976,-0.036441,0.125419,0.037130,0.122380,0.003595,-0.039918,-0.016018,0.001473,-0.244689,0.137535,-0.005191,0.003800,0.066453,0.096206,-0.018170,-0.011836,0.059608,-0.166113,0.374262,-0.087132,0.038266,0.036030,-0.018743,-0.096374,0.214270,0.376829,0.067478,0.048771,-0.016066
-0.016039,-0.020392,0.817909,-0.016639,0.041359,-0.666458,0.744209,-0.036367,0.125522,0.037066,0.122342,0.003653,-0.040006,-0.015534,0.001650,-0.243011,0.137333,-0.006017,0.003236,0.066384,0.096257,-0.018008,-0.011644,0.060048,-0.165449,0.374031,-0.087084,0.038209,0.036116,-0.018636,-0.097118,0.213607,0.376726,0.067620,0.048753,-0.016186
-0.016110,-0.020275,0.817906,-0.016729,0.041246,-0.666340,0.744319,-0.036332,0.125625,0.037157,0.122358,0.003791,-0.040097,-0.015318,0.002048,-0.242950,0.137230,-0.006141,0.002733,0.066338,0.096211,-0.017818,-0.011512,0.060427,-0.165018,0.373851,-0.087008,0.038155,0.036184,-0.018529,-0.097802,0.213028,0.376566,0.067707,0.048657,-0.016326
-0.016182,-0.020157,0.817903,-0.016812,0.041143,-0.666218,0.744432,-0.036325,0.125728,0.037236,0.122375,0.003935,-0.040187,-0.015126,0.002449,-0.242896,0.137122,-0.006259,0.002230,0.066294,0.096161,-0.017651,-0.011373,0.060727,-0.164751,0.373671,-0.086900,0.038108,0.036208,-0.018390,-0.098395,0.212604,0.376364,0.067696,0.048592,-0.016419
-0.015935,-0.020067,0.817908,-0.016819,0.041334,-0.666229,0.744411,-0.036656,0.125585,0.037117,0.122337,0.003779,-0.040141,-0.015585,0.001147,-0.244196,0.137490,-0.005037,0.003720,0.066485,0.095986,-0.017190,-0.012086,0.059935,-0.165860,0.373514,-0.086728,0.038109,0.036121,-0.018570,-0.097314,0.213797,0.376220,0.067255,0.048677,-0.016257
-0.015760,-0.020044,0.817909,-0.016781,0.041522,-0.666163,0.744460,-0.037074,0.125347,0.037097,0.122302,0.003641,-0.040062,-0.016086,0.000660,-0.245175,0.137719,-0.004082,0.003939,0.066789,0.095682,-0.016754,-0.012313,0.058786,-0.166666,0.373351,-0.086566,0.038117,0.036048,-0.018726,-0.096196,0.215039,0.376081,0.066707,0.048808,-0.016032
-0.015499,-0.019936,0.817910,-0.016741,0.041719,-0.666099,0.744507,-0.037504,0.125124,0.037082,0.122274,0.003497,-0.039987,-0.016592,0.000186,-0.246153,0.137927,-0.003116,0.004153,0.067081,0.095392,-0.016342,-0.012490,0.057543,-0.167570,0.373112,-0.086360,0.038143,0.035961,-0.018883,-0.094990,0.216423,0.375919,0.066087,0.048957,-0.015766
-0.015406,-0.019777,0.817900,-0.016688,0.041670,-0.666098,0.744512,-0.038072,0.124819,0.036447,0.122326,0.003683,-0.040064,-0.016621,0.000459,-0.244845,0.137738,-0.005108,0.003738,0.066461,0.095490,-0.016663,-0.011961,0.059597,-0.164191,0.373514,-0.087382,0.038108,0.036737,-0.019043,-0.097191,0.211661,0.377317,0.068750,0.048242,-0.017025
-0.015325,-0.019628,0.817892,-0.016661,0.041708,-0.666079,0.744528,-0.038621,0.124589,0.035872,0.122404,0.003833,-0.040183,-0.016925,0.000191,-0.245149,0.138006,-0.005050,0.003756,0.066015,0.095449,-0.016818,-0.011726,0.061084,-0.161276,0.374039,-0.088362,0.037915,0.037383,-0.019568,-0.099427,0.207000,0.378873,0.071520,0.047340,-0.018271
-0.015329,-0.019475,0.817885,-0.016626,0.041752,-0.666056,0.744546,-0.039200,0.124352,0.035290,0.122479,0.003997,-0.040293,-0.017243,-0.000085,-0.245460,0.138253,-0.004972,0.003777,0.065574,0.095422,-0.016982,-0.011512,0.062484,-0.158331,0.374592,-0.089383,0.037711,0.038047,-0.020146,-0.101666,0.202205,0.380534,0.074375,0.046364,-0.019524
-0.015392,-0.019366,0.817894,-0.016623,0.041685,-0.665921,0.744671,-0.039038,0.124845,0.036056,0.122406,0.004518,-0.039727,-0.017653,0.000606,-0.245013,0.138030,-0.005279,0.004080,0.066435,0.095184,-0.016372,-0.011785,0.061468,-0.160460,0.374301,-0.088630,0.037739,0.037485,-0.019720,-0.100621,0.205333,0.379319,0.072541,0.046706,-0.018675
-0.015563,-0.019220,0.817889,-0.016582,0.041633,-0.665938,0.744660,-0.039344,0.125043,0.035740,0.122360,0.005324,-0.039351,-0.017822,0.000924,-0.245017,0.137927,-0.005461,0.004444,0.067152,0.094926,-0.015884,-0.011846,0.061040,-0.162154,0.373769,-0.087981,0.037790,0.037253,-0.019024,-0.099590,0.208251,0.377783,0.070676,0.047355,-0.017903
-0.015647,-0.019166,0.817884,-0.016525,0.041593,-0.665946,0.744656,-0.039697,0.125227,0.035399,0.122312,0.006139,-0.038972,-0.018028,0.001228,-0.245041,0.137831,-0.005654,0.004807,0.067819,0.094634,-0.015454,-0.011821,0.060645,-0.163720,0.373190,-0.087371,0.037844,0.037074,-0.018287,-0.098627,0.210989,0.376201,0.068926,0.048033,-0.017210
-0.015755,-0.019133,0.817900,-0.016499,0.041829,-0.665818,0.744758,-0.039801,0.125013,0.035113,0.122259,0.004524,-0.039895,-0.018186,0.000407,-0.247026,0.138022,-0.005591,0.003732,0.067232,0.094232,-0.015486,-0.011867,0.061529,-0.163035,0.373390,-0.087476,0.037879,0.037239,-0.018309,-0.100104,0.209795,0.376571,0.069545,0.048057,-0.017536
-0.015843,-0.019209,0.817902,-0.016387,0.041980,-0.665817,0.744753,-0.040381,0.125098,0.034387,0.122280,0.004657,-0.040013,-0.018578,0.000273,-0.248112,0.138122,-0.006045,0.003624,0.067131,0.093969,-0.015239,-0.011959,0.062328,-0.162318,0.373690,-0.087571,0.037836,0.037378,-0.018362,-0.101597,0.208638,0.377261,0.070323,0.047870,-0.017816
-0.015930,-0.019282,0.817905,-0.016265,0.042140,-0.665822,0.744742,-0.040981,0.125178,0.033678,0.122270,0.004813,-0.040127,-0.019015,0.000132,-0.249184,0.138236,-0.006496,0.003517,0.067065,0.093707,-0.015024,-0.012078,0.063139,-0.161578,0.374027,-0.087662,0.037764,0.037526,-0.018381,-0.103162,0.207388,0.377989,0.071163,0.047630,-0.018105
-0.015651,-0.019242,0.817878,-0.016027,0.042272,-0.665677,0.744870,-0.041073,0.124567,0.034655,0.122260,0.004490,-0.039896,-0.019531,0.000177,-0.246903,0.138065,-0.005202,0.003701,0.067138,0.093823,-0.014978,-0.012646,0.062574,-0.162555,0.373965,-0.087451,0.037834,0.037283,-0.018442,-0.100815,0.209248,0.377663,0.070122,0.047886,-0.017651
-0.015409,-0.019127,0.817873,-0.015898,0.042417,-0.665613,0.744921,-0.041503,0.124115,0.034766,0.122215,0.004499,-0.039858,-0.019871,-0.000291,-0.246967,0.137903,-0.004932,0.003770,0.067430,0.093963,-0.015147,-0.013192,0.062222,-0.163469,0.373951,-0.087245,0.037945,0.037100,-0.018544,-0.098671,0.211127,0.377244,0.069046,0.048307,-0.017255
-0.015080,-0.019100,0.817867,-0.015758,0.042568,-0.665535,0.744985,-0.041972,0.123648,0.034837,0.122172,0.004518,-0.039818,-0.020256,-0.000778,-0.247072,0.137798,-0.004696,0.003842,0.067673,0.094095,-0.015351,-0.013776,0.061939,-0.164366,0.373954,-0.087040,0.038055,0.036930,-0.018619,-0.096558,0.213017,0.376825,0.067969,0.048747,-0.016872
-0.015316,-0.019113,0.817873,-0.015904,0.042426,-0.665558,0.744970,-0.041748,0.124101,0.034965,0.122184,0.004860,-0.040364,-0.020026,0.000123,-0.246125,0.137604,-0.005680,0.003611,0.067602,0.094302,-0.015962,-0.013395,0.063127,-0.162949,0.374116,-0.087591,0.038174,0.037187,-0.019548,-0.099175,0.211369,0.377315,0.068662,0.048434,-0.017571
-0.015558,-0.019129,0.817861,-0.015988,0.042290,-0.665614,0.744925,-0.041411,0.124439,0.035126,0.122223,0.005171,-0.040897,-0.019751,0.000782,-0.245605,0.137261,-0.006558,0.003593,0.067540,0.094458,-0.016272,-0.013100,0.064322,-0.161530,0.374324,-0.088094,0.038265,0.037399,-0.020531,-0.102087,0.209584,0.377990,0.069391,0.047955,-0.018200
-0.015798,-0.019143,0.817850,-0.016079,0.042145,-0.665669,0.744883,-0.041052,0.124768,0.035284,0.122260,0.005485,-0.041426,-0.019441,0.001434,-0.245088,0.136903,-0.007431,0.003574,0.067481,0.094617,-0.016545,-0.012877,0.065602,-0.160048,0.374550,-0.088612,0.038363,0.037626,-0.021570,-0.105078,0.207773,0.378718,0.070114,0.047445,-0.018832
-0.015684,-0.019283,0.817874,-0.015872,0.042282,-0.665497,0.745033,-0.041274,0.124482,0.035165,0.122229,0.004158,-0.039781,-0.019380,-0.000403,-0.247747,0.137647,-0.005566,0.004512,0.067669,0.094953,-0.016100,-0.012528,0.063691,-0.161442,0.373894,-0.087888,0.037862,0.037166,-0.020423,-0.102398,0.209163,0.378161,0.069644,0.047762,-0.018015
-0.015555,-0.019338,0.817873,-0.015691,0.042356,-0.665334,0.745179,-0.041460,0.124155,0.035039,0.122217,0.003611,-0.039231,-0.019503,-0.001267,-0.249151,0.137683,-0.005848,0.005445,0.067789,0.095292,-0.015857,-0.011943,0.061942,-0.162720,0.373070,-0.087468,0.037702,0.036912,-0.019021,-0.099780,0.210532,0.377264,0.069155,0.048193,-0.017429
-0.015428,-0.019486,0.817871,-0.015508,0.042438,-0.665175,0.745319,-0.041640,0.123840,0.034919,0.122181,0.003068,-0.038687,-0.019634,-0.002114,-0.250544,0.137715,-0.006138,0.006374,0.067928,0.095634,-0.015652,-0.011290,0.060237,-0.163978,0.372162,-0.087089,0.037584,0.036692,-0.017565,-0.097184,0.211900,0.376304,0.068675,0.048669,-0.016895
-0.015272,-0.019696,0.817861,-0.015758,0.042479,-0.665622,0.744913,-0.041111,0.123830,0.034600,0.122179,0.003906,-0.039847,-0.019308,-0.000143,-0.246439,0.137780,-0.005862,0.004644,0.067363,0.095561,-0.016452,-0.011083,0.060711,-0.164123,0.372593,-0.087097,0.037920,0.036758,-0.017974,-0.098268,0.211779,0.376063,0.068588,0.048650,-0.017018
-0.015172,-0.019924,0.817856,-0.015806,0.042506,-0.665853,0.744704,-0.040599,0.123919,0.034984,0.122183,0.003585,-0.039899,-0.018930,0.000343,-0.245034,0.137661,-0.006037,0.005267,0.067042,0.095851,-0.016958,-0.011052,0.061274,-0.164277,0.373184,-0.087086,0.038180,0.036634,-0.018745,-0.099073,0.211710,0.376139,0.068496,0.048577,-0.016959
-0.015071,-0.020146,0.817850,-0.015857,0.042519,-0.666072,0.744506,-0.040084,0.123981,0.035338,0.122208,0.003264,-0.039942,-0.018552,0.000794,-0.243656,0.137609,-0.006246,0.005895,0.066676,0.096132,-0.017407,-0.011036,0.061745,-0.164480,0.373842,-0.087062,0.038399,0.036458,-0.019537,-0.099771,0.211723,0.376219,0.068366,0.048506,-0.016845
-0.015040,-0.020191,0.817852,-0.015771,0.042586,-0.666143,0.744440,-0.040070,0.124218,0.036558,0.122207,0.003110,-0.039870,-0.018871,-0.000300,-0.246262,0.137527,-0.005757,0.004456,0.067069,0.095911,-0.017086,-0.011620,0.061274,-0.164993,0.374152,-0.087011,0.038369,0.036438,-0.019613,-0.098670,0.212552,0.376282,0.068003,0.048680,-0.016967
-0.014901,-0.020313,0.817848,-0.015677,0.042642,-0.666185,0.744401,-0.040149,0.124039,0.036900,0.122187,0.003038,-0.039803,-0.018989,-0.000576,-0.246361,0.137471,-0.005852,0.004777,0.067248,0.096083,-0.017403,-0.012276,0.060798,-0.165585,0.374233,-0.087012,0.038397,0.036494,-0.019649,-0.097260,0.213418,0.376252,0.067613,0.048903,-0.016918
-0.014847,-0.020350,0.817845,-0.015576,0.042702,-0.666233,0.744357,-0.040243,0.123859,0.037256,0.122175,0.002957,-0.039734,-0.019120,-0.000850,-0.246441,0.137401,-0.005940,0.005101,0.067440,0.096254,-0.017759,-0.012898,0.060232,-0.166315,0.374365,-0.086999,0.038441,0.036532,-0.019669,-0.095764,0.214391,0.376199,0.067185,0.049155,-0.016840
-0.014922,-0.020483,0.817834,-0.015568,0.042665,-0.666431,0.744182,-0.039899,0.124022,0.037253,0.122205,0.002789,-0.039742,-0.019008,-0.000417,-0.246146,0.137537,-0.006122,0.004695,0.067152,0.095472,-0.017839,-0.012372,0.061425,-0.165201,0.374074,-0.086973,0.038303,0.036652,-0.019806,-0.099444,0.211801,0.376840,0.068317,0.048559,-0.017332
-0.015011,-0.020631,0.817817,-0.015551,0.042601,-0.666628,0.744010,-0.039503,0.124153,0.037253,0.122244,0.002591,-0.039766,-0.018842,-0.000202,-0.246233,0.137662,-0.006541,0.004663,0.067138,0.095030,-0.017605,-0.011842,0.062635,-0.163985,0.373681,-0.086884,0.038223,0.036732,-0.019986,-0.103267,0.209104,0.377643,0.069463,0.047875,-0.017857
-0.015186,-0.020689,0.817799,-0.015544,0.042525,-0.666823,0.743839,-0.039075,0.124281,0.037252,0.122281,0.002394,-0.039790,-0.018651,0.000009,-0.246325,0.137801,-0.006967,0.004634,0.067123,0.094603,-0.017326,-0.011339,0.063766,-0.162887,0.373317,-0.086764,0.038167,0.036794,-0.020192,-0.107139,0.206398,0.378485,0.070608,0.047176,-0.018374
-0.014968,-0.020635,0.817829,-0.015671,0.042553,-0.666944,0.743727,-0.038955,0.124467,0.037793,0.122200,0.002145,-0.039693,-0.019110,-0.000366,-0.246230,0.138391,-0.006098,0.004935,0.067462,0.095654,-0.017056,-0.011931,0.062431,-0.163580,0.372996,-0.086805,0.038109,0.036649,-0.019721,-0.103355,0.208824,0.377600,0.069410,0.047539,-0.017574
-0.014860,-0.020610,0.817818,-0.015561,0.042587,-0.666977,0.743698,-0.039168,0.124263,0.038393,0.122139,0.001882,-0.039567,-0.019500,-0.000721,-0.246018,0.138680,-0.005980,0.005349,0.067742,0.096228,-0.016785,-0.012504,0.061141,-0.164317,0.372618,-0.086851,0.038017,0.036547,-0.019062,-0.099186,0.211597,0.376568,0.068188,0.048233,-0.016931
-0.014667,-0.020501,0.817808,-0.015439,0.042628,-0.667006,0.743672,-0.039412,0.124049,0.038980,0.122083,0.001621,-0.039442,-0.019925,-0.001089,-0.245816,0.138997,-0.005881,0.005761,0.067990,0.096761,-0.016551,-0.013067,0.059814,-0.165147,0.372187,-0.086875,0.037936,0.036430,-0.018380,-0.094976,0.214410,0.375487,0.066970,0.048984,-0.016318
-0.014965,-0.020680,0.817804,-0.015644,0.042465,-0.666976,0.743703,-0.038887,0.124075,0.037595,0.122186,0.002392,-0.040095,-0.019260,-0.000691,-0.246838,0.138940,-0.006881,0.004644,0.067990,0.096264,-0.016869,-0.012529,0.061656,-0.163762,0.372366,-0.087006,0.038046,0.036830,-0.019261,-0.097879,0.212537,0.375382,0.067679,0.048816,-0.016954
-0.015319,-0.020842,0.817805,-0.015831,0.042211,-0.666950,0.743737,-0.038139,0.124353,0.037502,0.122231,0.002529,-0.040197,-0.018500,-0.000383,-0.247096,0.139236,-0.007440,0.004535,0.067995,0.095825,-0.016961,-0.012155,0.063281,-0.162462,0.372372,-0.087061,0.037882,0.036911,-0.020034,-0.100740,0.210758,0.375515,0.068383,0.048451,-0.017438
-0.015584,-0.021001,0.817807,-0.016030,0.041938,-0.666933,0.743763,-0.037340,0.124628,0.037435,0.122283,0.002655,-0.040297,-0.017707,-0.000079,-0.247325,0.139546,-0.008002,0.004431,0.068031,0.095390,-0.017002,-0.011825,0.064851,-0.161215,0.372358,-0.087095,0.037684,0.036959,-0.020842,-0.103585,0.208975,0.375626,0.069072,0.048044,-0.017905
-0.015419,-0.021295,0.817808,-0.016098,0.041859,-0.667062,0.743651,-0.036427,0.124814,0.037849,0.122291,0.002478,-0.039809,-0.017252,-0.000200,-0.247102,0.139887,-0.007763,0.004532,0.068299,0.095155,-0.017035,-0.011819,0.065016,-0.160311,0.372354,-0.087191,0.037677,0.037085,-0.020226,-0.103191,0.208777,0.375841,0.069126,0.047661,-0.017949
-0.015276,-0.021507,0.817813,-0.016200,0.041774,-0.667221,0.743511,-0.035672,0.124781,0.038027,0.122278,0.002315,-0.039550,-0.016825,-0.000327,-0.247089,0.140234,-0.007828,0.004648,0.068357,0.095042,-0.017263,-0.011730,0.065248,-0.159438,0.372267,-0.087323,0.037527,0.037382,-0.019613,-0.102852,0.208512,0.376013,0.069133,0.047531,-0.018079
-0.015133,-0.021809,0.817818,-0.016296,0.041696,-0.667376,0.743374,-0.034942,0.124746,0.038193,0.122266,0.002153,-0.039290,-0.016425,-0.000456,-0.247086,0.140597,-0.007902,0.004762,0.068397,0.094927,-0.017524,-0.011602,0.065513,-0.158571,0.372223,-0.087472,0.037366,0.037704,-0.019026,-0.102651,0.208290,0.376272,0.069155,0.047443,-0.018262
-0.015131,-0.021977,0.817739,-0.016642,0.041602,-0.667390,0.743359,-0.033778,0.124992,0.037725,0.122237,0.000914,-0.038973,-0.015564,-0.000060,-0.247421,0.140834,-0.008113,0.004897,0.068590,0.094933,-0.017603,-0.011151,0.065791,-0.158959,0.373220,-0.087470,0.037700,0.037550,-0.019531,-0.103485,0.209544,0.377240,0.068941,0.047965,-0.018090
-0.015122,-0.022230,0.817659,-0.017030,0.041468,-0.667464,0.743292,-0.032631,0.125439,0.037654,0.122251,-0.000094,-0.038585,-0.014584,0.000368,-0.247654,0.140999,-0.008264,0.004951,0.068699,0.094933,-0.017635,-0.010750,0.066043,-0.159421,0.374585,-0.087508,0.037971,0.037468,-0.019783,-0.104794,0.211130,0.379132,0.068862,0.048563,-0.017944
-0.015023,-0.022395,0.817579,-0.017424,0.041331,-0.667540,0.743222,-0.031465,0.125886,0.037591,0.122260,-0.001105,-0.038197,-0.013588,0.000804,-0.247881,0.141147,-0.008409,0.005005,0.068823,0.094945,-0.017656,-0.010324,0.066335,-0.160250,0.376658,-0.087666,0.038314,0.037431,-0.020080,-0.106543,0.213676,0.382510,0.068961,0.049376,-0.017846
-0.014457,-0.022377,0.817235,-0.017720,0.041545,-0.667692,0.743066,-0.031142,0.125778,0.037646,0.121963,-0.004204,-0.035522,-0.013738,0.000821,-0.246754,0.141609,-0.010430,0.006995,0.069244,0.095834,-0.017411,-0.011021,0.065503,-0.162243,0.378553,-0.088102,0.038434,0.037491,-0.019416,-0.104326,0.219110,0.387481,0.069337,0.050322,-0.017092
-0.013878,-0.022462,0.816922,-0.018041,0.041858,-0.667831,0.742916,-0.030932,0.125819,0.037610,0.121723,-0.007298,-0.032901,-0.014202,0.000979,-0.245892,0.142407,-0.011669,0.008802,0.069752,0.096829,-0.017247,-0.011596,0.065021,-0.165354,0.382788,-0.089044,0.038892,0.037814,-0.018555,-0.102834,0.227156,0.396482,0.070281,0.052146,-0.016482
-0.013213,-0.022462,0.816612,-0.018339,0.042186,-0.667972,0.742764,-0.030782,0.125838,0.037560,0.121507,-0.010399,-0.030274,-0.014724,0.001123,-0.245028,0.143206,-0.012902,0.010608,0.070270,0.097797,-0.017152,-0.012220,0.065007,-0.170279,0.390749,-0.090806,0.039769,0.038470,-0.017826,-0.102574,0.238702,0.410962,0.072076,0.054823,-0.016033
-0.012939,-0.022156,0.815865,-0.018783,0.042320,-0.668039,0.742684,-0.030821,0.126051,0.035429,0.121217,-0.015863,-0.027552,-0.015108,0.001884,-0.241625,0.143509,-0.017152,0.013932,0.070054,0.096885,-0.016882,-0.012518,0.070223,-0.173302,0.404229,-0.094670,0.040836,0.040391,-0.020165,-0.112487,0.246587,0.433948,0.078671,0.056720,-0.018628
-0.012676,-0.021735,0.815136,-0.019235,0.042345,-0.668112,0.742606,-0.030808,0.126096,0.033212,0.121177,-0.021172,-0.024796,-0.015377,0.002489,-0.238337,0.143973,-0.021291,0.016048,0.069981,0.095976,-0.016292,-0.013465,0.076169,-0.179531,0.425284,-0.100300,0.042621,0.042979,-0.022909,-0.123629,0.258431,0.463851,0.086448,0.059235,-0.021089
-0.012420,-0.021393,0.814326,-0.019688,0.042347,-0.668183,0.742530,-0.030765,0.126104,0.030959,0.121180,-0.026470,-0.022002,-0.015623,0.003067,-0.235049,0.144442,-0.025417,0.018167,0.069899,0.095036,-0.015625,-0.014755,0.083733,-0.189690,0.455701,-0.108121,0.045342,0.046489,-0.025848,-0.135719,0.273159,0.498414,0.095000,0.062337,-0.023594
-0.011651,-0.020829,0.813234,-0.020429,0.042669,-0.668641,0.742079,-0.031038,0.126288,0.029038,0.121038,-0.035507,-0.018135,-0.016340,0.003975,-0.231447,0.144464,-0.031588,0.021493,0.069935,0.095306,-0.014536,-0.016205,0.095365,-0.201174,0.495674,-0.118435,0.048691,0.051369,-0.028306,-0.149552,0.285789,0.533479,0.103705,0.065291,-0.026620
-0.010892,-0.020174,0.812059,-0.021128,0.042968,-0.669104,0.741624,-0.031381,0.126566,0.027183,0.121181,-0.044599,-0.014215,-0.017042,0.004728,-0.227802,0.144557,-0.037599,0.024729,0.070050,0.095525,-0.013405,-0.018024,0.108836,-0.216288,0.544818,-0.130867,0.052913,0.057099,-0.030616,-0.162185,0.295799,0.563775,0.111469,0.067660,-0.029330
-0.010144,-0.019515,0.810981,-0.021807,0.043253,-0.669568,0.741170,-0.031745,0.126779,0.025263,0.121418,-0.053696,-0.010234,-0.017754,0.005435,-0.224155,0.144649,-0.043596,0.027965,0.070183,0.095678,-0.012256,-0.020086,0.123775,-0.233929,0.600727,-0.144941,0.057768,0.063524,-0.032333,-0.172105,0.300374,0.584082,0.117383,0.068769,-0.031478
-0.009233,-0.018932,0.809699,-0.022867,0.043603,-0.670105,0.740632,-0.031729,0.127237,0.021204,0.121901,-0.064719,-0.006388,-0.018041,0.006703,-0.222005,0.144769,-0.050208,0.030798,0.071180,0.097889,-0.011742,-0.022075,0.137752,-0.254714,0.658526,-0.159065,0.062881,0.070462,-0.033280,-0.174724,0.303841,0.590428,0.118030,0.069454,-0.032174
-0.008333,-0.018443,0.808509,-0.023930,0.043972,-0.670600,0.740128,-0.031791,0.127832,0.017057,0.122639,-0.075726,-0.002465,-0.018136,0.007805,-0.219810,0.144827,-0.056674,0.033581,0.071885,0.100126,-0.011297,-0.023701,0.152225,-0.274857,0.716496,-0.173352,0.068120,0.077615,-0.033601,-0.173689,0.299863,0.582823,0.116127,0.068464,-0.032260
-0.007449,-0.017868,0.807327,-0.024976,0.044338,-0.671090,0.739628,-0.031878,0.128379,0.012813,0.123506,-0.086721,0.001545,-0.018214,0.008890,-0.217638,0.144838,-0.063120,0.036351,0.072496,0.102311,-0.010858,-0.025219,0.166910,-0.293939,0.773135,-0.187411,0.073211,0.084752,-0.033490,-0.170010,0.290008,0.564740,0.112379,0.066099,-0.031883
-0.006132,-0.017395,0.806621,-0.025078,0.043162,-0.671885,0.738971,-0.039857,0.125735,0.017526,0.143884,-0.096833,0.004943,-0.016753,0.006240,-0.213034,0.144245,-0.069217,0.040226,0.072568,0.102018,-0.009925,-0.027506,0.178800,-0.316408,0.828480,-0.201097,0.078160,0.091235,-0.031819,-0.158959,0.280470,0.541341,0.107028,0.063741,-0.030418
-0.004932,-0.016929,0.805929,-0.025010,0.042174,-0.672714,0.738276,-0.049280,0.123166,0.022270,0.166147,-0.107811,0.008342,-0.016034,0.003191,-0.208372,0.143722,-0.075172,0.044036,0.072953,0.101469,-0.009625,-0.029933,0.191562,-0.338564,0.883887,-0.215023,0.083103,0.097879,-0.030403,-0.148845,0.272357,0.521219,0.102470,0.061981,-0.029431
-0.003663,-0.016465,0.805162,-0.024839,0.041240,-0.673546,0.737576,-0.059261,0.120497,0.027038,0.189081,-0.119105,0.011783,-0.015582,0.000069,-0.203722,0.143240,-0.081124,0.047826,0.073417,0.100770,-0.009591,-0.032414,0.205050,-0.360740,0.940295,-0.229306,0.088069,0.104744,-0.029651,-0.141649,0.269161,0.511084,0.099951,0.061418,-0.029137
-0.001359,-0.016299,0.804504,-0.024967,0.040893,-0.674098,0.737087,-0.063115,0.117186,0.028573,0.200069,-0.128129,0.015118,-0.015135,-0.003308,-0.199475,0.143282,-0.085728,0.053553,0.073742,0.099900,-0.011271,-0.034353,0.225623,-0.375846,0.997246,-0.244021,0.092979,0.112246,-0.030037,-0.145456,0.266091,0.517117,0.102262,0.061985,-0.030483
0.000865,-0.016213,0.803779,-0.025137,0.040324,-0.674620,0.736634,-0.065917,0.113561,0.030194,0.209735,-0.136441,0.018516,-0.014176,-0.007005,-0.195264,0.143298,-0.090417,0.059217,0.073940,0.098893,-0.012467,-0.036313,0.246230,-0.389831,1.052673,-0.258192,0.097580,0.119412,-0.031599,-0.152752,0.269336,0.536143,0.107018,0.063694,-0.032371
0.003178,-0.016122,0.803146,-0.025350,0.039668,-0.675137,0.736189,-0.068448,0.109870,0.031830,0.219258,-0.144696,0.021929,-0.012998,-0.010770,-0.191073,0.143309,-0.095134,0.064891,0.074077,0.097831,-0.013422,-0.038104,0.265963,-0.401724,1.103279,-0.271181,0.101659,0.126054,-0.034061,-0.162346,0.276563,0.563368,0.113321,0.066304,-0.034728
0.004897,-0.015828,0.802499,-0.024890,0.038438,-0.676555,0.734967,-0.068829,0.104805,0.032736,0.224721,-0.149324,0.025467,-0.012827,-0.015562,-0.188132,0.143300,-0.100382,0.066460,0.074046,0.096901,-0.014240,-0.040514,0.284454,-0.403373,1.120842,-0.285732,0.100571,0.135911,-0.033185,-0.171115,0.287286,0.579897,0.116310,0.067390,-0.036353
0.006647,-0.015717,0.801963,-0.024410,0.037214,-0.677956,0.733754,-0.068807,0.099669,0.033661,0.229482,-0.153694,0.029032,-0.012622,-0.020569,-0.185280,0.143476,-0.105602,0.070816,0.073341,0.095914,-0.015063,-0.040390,0.301268,-0.400551,1.125099,-0.297931,0.099971,0.146218,-0.031951,-0.178694,0.294992,0.588581,0.117872,0.068723,-0.038187
0.008412,-0.015544,0.801428,-0.023918,0.035983,-0.679342,0.732548,-0.068703,0.094483,0.034567,0.234139,-0.158055,0.032623,-0.012400,-0.025641,-0.182454,0.143647,-0.110852,0.075223,0.072431,0.094893,-0.015966,-0.039192,0.315907,-0.393750,1.118417,-0.307537,0.098917,0.155863,-0.030585,-0.183212,0.296390,0.585401,0.117260,0.069011,-0.039599
0.010767,-0.015538,0.800717,-0.023466,0.034595,-0.678900,0.733039,-0.070904,0.086593,0.028593,0.242371,-0.163754,0.036222,-0.021449,-0.034667,-0.184798,0.166513,-0.122223,0.079493,0.073000,0.093311,-0.012622,-0.039173,0.322019,-0.370955,1.057711,-0.322725,0.092354,0.174034,-0.029146,-0.177752,0.287020,0.577921,0.118769,0.067769,-0.038046
0.013142,-0.015640,0.800135,-0.022002,0.033786,-0.678271,0.733705,-0.073246,0.077612,0.022462,0.245705,-0.166480,0.040030,-0.031977,-0.044695,-0.187666,0.187514,-0.132930,0.084466,0.072455,0.090324,-0.012573,-0.036424,0.326295,-0.346212,0.988117,-0.335348,0.085832,0.193636,-0.027698,-0.166662,0.271718,0.559136,0.118813,0.064287,-0.037642
0.015466,-0.015760,0.799584,-0.020494,0.033127,-0.677627,0.734373,-0.075648,0.068720,0.016303,0.248753,-0.169034,0.043862,-0.042792,-0.054730,-0.190440,0.208360,-0.143684,0.089316,0.071809,0.087306,-0.013030,-0.032823,0.328864,-0.320337,0.913091,-0.345587,0.078816,0.213389,-0.026818,-0.152112,0.250831,0.531665,0.117896,0.059501,-0.037144
0.017692,-0.015118,0.798973,-0.018820,0.032807,-0.676498,0.735473,-0.080471,0.060760,0.013365,0.251764,-0.170860,0.046584,-0.055802,-0.065906,-0.200193,0.231385,-0.151628,0.092958,0.068734,0.083886,-0.012580,-0.038189,0.329750,-0.299970,0.841655,-0.349983,0.072115,0.234899,-0.026686,-0.130937,0.238825,0.498021,0.111019,0.055528,-0.034392
0.019937,-0.014426,0.798475,-0.017178,0.032594,-0.675349,0.736577,-0.085484,0.052951,0.010339,0.254843,-0.172611,0.049283,-0.069000,-0.077145,-0.209871,0.254551,-0.159863,0.096358,0.065576,0.080540,-0.012194,-0.043869,0.329821,-0.279292,0.769229,-0.352589,0.064876,0.256060,-0.028476,-0.107994,0.226098,0.465740,0.105536,0.051640,-0.032416
0.022214,-0.013632,0.797918,-0.015618,0.032454,-0.674206,0.737665,-0.090472,0.045341,0.007310,0.257952,-0.174366,0.051978,-0.082148,-0.088367,-0.219375,0.277690,-0.168331,0.099493,0.062524,0.077372,-0.011847,-0.049473,0.329251,-0.258867,0.695835,-0.353614,0.057505,0.277110,-0.032675,-0.083616,0.214505,0.438447,0.102322,0.047968,-0.031592
0.023195,-0.012308,0.797518,-0.014591,0.032359,-0.673157,0.738648,-0.097001,0.039944,0.000729,0.263085,-0.174978,0.053521,-0.095775,-0.095041,-0.219993,0.299790,-0.170758,0.101124,0.056866,0.072842,-0.009632,-0.055322,0.329004,-0.246921,0.618042,-0.347377,0.054956,0.289756,-0.026006,-0.080293,0.204132,0.388468,0.083242,0.041416,-0.029203
0.024409,-0.010974,0.797141,-0.013654,0.032480,-0.672159,0.739568,-0.103681,0.034855,-0.005723,0.268536,-0.176024,0.055267,-0.109318,-0.101446,-0.220557,0.321361,-0.173195,0.102955,0.052316,0.069376,-0.008184,-0.060995,0.328022,-0.236416,0.539554,-0.339903,0.053213,0.301881,-0.020120,-0.076610,0.194750,0.341559,0.065923,0.036653,-0.028093
0.025580,-0.009631,0.796789,-0.012807,0.032691,-0.671189,0.740454,-0.110374,0.029989,-0.012146,0.274071,-0.177122,0.057014,-0.122918,-0.107671,-0.221028,0.342926,-0.175773,0.104651,0.048080,0.066291,-0.006992,-0.066694,0.327066,-0.226845,0.461004,-0.331543,0.051818,0.313471,-0.017315,-0.070303,0.187320,0.299814,0.051074,0.032304,-0.028299
0.026521,-0.008509,0.796401,-0.011694,0.032621,-0.669138,0.742330,-0.116711,0.024369,-0.017680,0.278703,-0.177473,0.058708,-0.132623,-0.114746,-0.224475,0.359552,-0.177774,0.106542,0.042604,0.062788,-0.004412,-0.074886,0.323597,-0.222991,0.400650,-0.324199,0.051905,0.319391,-0.010725,-0.066847,0.173395,0.286170,0.051948,0.032638,-0.025305
0.027476,-0.007413,0.796041,-0.010783,0.032468,-0.667105,0.744178,-0.122569,0.018936,-0.023161,0.283201,-0.177861,0.060476,-0.141785,-0.121683,-0.227958,0.375756,-0.179613,0.108351,0.037726,0.059666,-0.001441,-0.084364,0.320059,-0.220003,0.342168,-0.316679,0.051182,0.324338,-0.006755,-0.059891,0.160681,0.277519,0.054755,0.032046,-0.023590
0.028434,-0.006211,0.795695,-0.009950,0.032292,-0.665079,0.746008,-0.128261,0.013584,-0.028630,0.287690,-0.178246,0.062221,-0.150829,-0.128603,-0.231435,0.391978,-0.181543,0.110032,0.032998,0.056682,0.001703,-0.094129,0.316641,-0.217425,0.284025,-0.308756,0.050459,0.328764,-0.003965,-0.050809,0.150331,0.273230,0.058849,0.031492,-0.023180
0.029366,-0.004855,0.795152,-0.008602,0.031896,-0.662961,0.747925,-0.134950,0.007182,-0.032261,0.292462,-0.178443,0.063458,-0.168441,-0.132464,-0.211255,0.420497,-0.179688,0.113648,0.026732,0.052347,0.004540,-0.123798,0.331896,-0.202802,0.140410,-0.281799,0.048018,0.345046,0.007351,-0.065633,0.151440,0.253526,0.047193,0.029549,-0.018408
0.030322,-0.003528,0.794525,-0.006938,0.031607,-0.660854,0.749816,-0.142489,0.000372,-0.035538,0.297883,-0.179109,0.064881,-0.187807,-0.136631,-0.190762,0.451436,-0.179045,0.117796,0.019773,0.048035,0.006925,-0.149921,0.348180,-0.188932,-0.009853,-0.250933,0.051996,0.359913,0.023367,-0.086508,0.157884,0.240412,0.035669,0.029974,-0.012290
0.031112,-0.002087,0.793886,-0.005219,0.031354,-0.658732,0.751706,-0.150285,-0.006424,-0.038824,0.303468,-0.179781,0.066178,-0.207643,-0.140412,-0.170277,0.483012,-0.178696,0.122241,0.012668,0.043812,0.008906,-0.175226,0.366235,-0.176175,-0.160520,-0.218061,0.058147,0.370481,0.046967,-0.117214,0.172320,0.239679,0.024451,0.032517,-0.004145
0.032372,-0.000040,0.792680,-0.002942,0.030570,-0.655753,0.754350,-0.161978,-0.016093,-0.040825,0.314363,-0.182260,0.068259,-0.224385,-0.150096,-0.163206,0.509644,-0.182444,0.126172,0.008588,0.039060,0.009628,-0.213305,0.383687,-0.167535,-0.263107,-0.196542,0.068951,0.369294,0.071970,-0.165787,0.193185,0.274795,0.019683,0.042858,0.011970
0.033342,0.002289,0.791501,-0.000851,0.029626,-0.652713,0.757026,-0.173534,-0.025667,-0.043085,0.325554,-0.184501,0.070169,-0.240756,-0.159483,-0.156150,0.536121,-0.185949,0.130077,0.004899,0.034361,0.011197,-0.254357,0.403518,-0.159853,-0.360218,-0.176501,0.076943,0.364939,0.108620,-0.231258,0.224772,0.329505,0.014043,0.055771,0.032148
0.034327,0.004656,0.790316,0.001196,0.028607,-0.649633,0.759709,-0.184991,-0.035234,-0.045346,0.336889,-0.186754,0.071963,-0.257099,-0.168780,-0.149096,0.562905,-0.189651,0.133934,0.001233,0.029583,0.013055,-0.295714,0.425573,-0.152858,-0.456000,-0.157039,0.084405,0.358575,0.158031,-0.314388,0.266072,0.401465,0.007083,0.071849,0.056551
0.035546,0.006056,0.789075,0.003240,0.028326,-0.647432,0.761589,-0.196639,-0.044350,-0.050473,0.349954,-0.190437,0.072786,-0.268767,-0.172837,-0.134272,0.579347,-0.195157,0.138478,-0.008122,0.026749,0.011331,-0.342627,0.447522,-0.161290,-0.464032,-0.161144,0.092379,0.349291,0.201270,-0.418472,0.281602,0.496974,0.017117,0.086708,0.066072
0.036724,0.007545,0.787779,0.005000,0.027951,-0.645262,0.763434,-0.208096,-0.053134,-0.055628,0.363386,-0.194153,0.073485,-0.279851,-0.176311,-0.119584,0.595283,-0.200151,0.142924,-0.016054,0.024165,0.010476,-0.393528,0.469544,-0.172080,-0.466541,-0.166656,0.096770,0.339461,0.254019,-0.530512,0.296884,0.598447,0.025837,0.102378,0.078143
0.037806,0.009143,0.786572,0.006712,0.027547,-0.643075,0.765278,-0.219500,-0.061924,-0.060740,0.376968,-0.197931,0.074130,-0.290783,-0.179598,-0.104940,0.611223,-0.205177,0.147445,-0.023803,0.021520,0.009836,-0.445113,0.491561,-0.184312,-0.468487,-0.172219,0.100770,0.329597,0.312364,-0.643491,0.306684,0.696486,0.032991,0.117901,0.091770
0.036945,0.010556,0.785675,0.008781,0.027080,-0.638996,0.768683,-0.228924,-0.068941,-0.066187,0.383730,-0.197519,0.073667,-0.302033,-0.172686,-0.070014,0.628040,-0.208717,0.150268,-0.031071,0.018617,0.006101,-0.479288,0.503041,-0.187962,-0.524456,-0.161392,0.101692,0.326497,0.364955,-0.752245,0.321995,0.780730,0.028652,0.132728,0.108900
0.036095,0.011877,0.784672,0.011037,0.026729,-0.634870,0.772077,-0.238792,-0.076258,-0.071649,0.390751,-0.197375,0.073191,-0.313280,-0.165517,-0.035276,0.645266,-0.212612,0.153653,-0.039837,0.015727,0.001892,-0.510742,0.515231,-0.190359,-0.583756,-0.149685,0.104691,0.323080,0.415464,-0.850878,0.325153,0.849066,0.023086,0.145093,0.125482
0.035140,0.013270,0.783751,0.013313,0.026429,-0.630721,0.775445,-0.248737,-0.083591,-0.077071,0.397834,-0.197267,0.072637,-0.324076,-0.157802,-0.000747,0.662538,-0.216683,0.157260,-0.048986,0.012816,-0.002329,-0.541894,0.528022,-0.192650,-0.643315,-0.137971,0.107902,0.318992,0.463854,-0.936198,0.313655,0.899855,0.016546,0.154495,0.140586
0.034413,0.013643,0.783608,0.012899,0.027678,-0.626597,0.778745,-0.256348,-0.084168,-0.085155,0.405780,-0.196970,0.069328,-0.325410,-0.158360,0.025059,0.675663,-0.219333,0.152961,-0.065854,0.013168,-0.006468,-0.565130,0.512262,-0.245319,-0.654070,-0.135626,0.111891,0.299568,0.478008,-1.003738,0.277405,0.900052,0.027781,0.157009,0.134059
0.033652,0.014158,0.783392,0.012272,0.028719,-0.622454,0.782033,-0.263405,-0.084887,-0.093620,0.413812,-0.196826,0.066016,-0.325944,-0.158461,0.050965,0.688797,-0.221788,0.148486,-0.081767,0.013427,-0.009852,-0.589553,0.495337,-0.298420,-0.663157,-0.133416,0.114899,0.280033,0.491908,-1.060193,0.228893,0.886525,0.038633,0.157738,0.125392
0.032794,0.014605,0.783253,0.011618,0.029680,-0.618281,0.785310,-0.270318,-0.085751,-0.102095,0.421886,-0.196708,0.062661,-0.326171,-0.158407,0.076766,0.702109,-0.224262,0.144092,-0.097456,0.013604,-0.013064,-0.613832,0.477567,-0.351049,-0.671934,-0.131364,0.117714,0.260482,0.506260,-1.108493,0.170936,0.863557,0.048826,0.156772,0.115376
0.032399,0.014674,0.783540,0.009770,0.030870,-0.612562,0.789759,-0.274784,-0.085445,-0.111590,0.428080,-0.194859,0.059741,-0.316784,-0.176120,0.080066,0.701316,-0.235227,0.127613,-0.108903,0.020090,-0.014969,-0.555330,0.470105,-0.387187,-0.585285,-0.132175,0.119471,0.233011,0.507316,-1.147968,0.089197,0.832625,0.073778,0.149388,0.072881
0.031982,0.014744,0.783823,0.007809,0.031936,-0.606671,0.794273,-0.278916,-0.085416,-0.121394,0.434316,-0.193227,0.056857,-0.307213,-0.193356,0.084423,0.701055,-0.246026,0.110672,-0.121582,0.026458,-0.016896,-0.496151,0.462330,-0.424421,-0.497506,-0.131071,0.119440,0.204633,0.510017,-1.184177,0.003290,0.798542,0.097708,0.140515,0.029526
0.031596,0.014831,0.784098,0.005812,0.032893,-0.600712,0.798767,-0.282881,-0.085600,-0.131237,0.440624,-0.191638,0.053997,-0.297522,-0.210652,0.088740,0.700924,-0.256968,0.093790,-0.134565,0.032328,-0.018736,-0.436555,0.454138,-0.463306,-0.410029,-0.127909,0.119390,0.176175,0.515767,-1.217398,-0.087009,0.762962,0.120126,0.130446,-0.014265
0.029296,0.013574,0.783922,0.004924,0.034183,-0.599668,0.799503,-0.288501,-0.079518,-0.133247,0.450884,-0.195832,0.050789,-0.281749,-0.231299,0.087518,0.684974,-0.255294,0.087596,-0.140234,0.036194,-0.024300,-0.384186,0.452868,-0.478559,-0.377445,-0.123832,0.114934,0.157833,0.511639,-1.237616,-0.161732,0.689259,0.137880,0.118279,-0.058883
0.026945,0.012317,0.783870,0.003876,0.035513,-0.598709,0.800170,-0.293788,-0.073072,-0.135499,0.460855,-0.200026,0.047306,-0.265676,-0.251454,0.085710,0.668710,-0.253373,0.080973,-0.146921,0.039888,-0.029823,-0.330588,0.451370,-0.492299,-0.346264,-0.119261,0.110641,0.139397,0.506123,-1.255941,-0.235546,0.615931,0.153209,0.105218,-0.103952
0.024571,0.011179,0.783739,0.002772,0.036814,-0.597776,0.800812,-0.298974,-0.066534,-0.137739,0.470815,-0.204197,0.043771,-0.249487,-0.271420,0.083543,0.652496,-0.251467,0.074350,-0.153902,0.043340,-0.035417,-0.276955,0.448368,-0.505088,-0.316612,-0.114195,0.106789,0.121443,0.500752,-1.272248,-0.309581,0.541934,0.166056,0.092293,-0.149485
0.021350,0.010496,0.782397,0.004026,0.036704,-0.599475,0.799541,-0.309019,-0.064060,-0.136594,0.488252,-0.211077,0.038492,-0.230416,-0.289591,0.086576,0.621452,-0.244920,0.093366,-0.154995,0.040332,-0.036895,-0.218254,0.442980,-0.534976,-0.168887,-0.107339,0.107224,0.099603,0.493428,-1.283896,-0.377114,0.462879,0.175053,0.084763,-0.177682
0.018241,0.010058,0.781030,0.005172,0.036521,-0.601246,0.798212,-0.319166,-0.061547,-0.135286,0.506142,-0.218171,0.032684,-0.211330,-0.307716,0.089424,0.590629,-0.238234,0.112228,-0.155398,0.036621,-0.038282,-0.160477,0.432554,-0.563091,-0.020116,-0.096521,0.104480,0.078198,0.485794,-1.292840,-0.444221,0.383538,0.181921,0.077272,-0.206068
0.015068,0.009700,0.779647,0.006245,0.036342,-0.603101,0.796812,-0.329453,-0.058845,-0.133757,0.524355,-0.225388,0.026923,-0.192282,-0.325689,0.092082,0.559965,-0.231441,0.131096,-0.155506,0.032574,-0.039768,-0.101958,0.417318,-0.587345,0.125715,-0.081994,0.100778,0.057979,0.477340,-1.299585,-0.510192,0.303702,0.186712,0.069666,-0.234549
0.011017,0.009510,0.777546,0.008089,0.036614,-0.607405,0.793507,-0.343692,-0.051932,-0.124973,0.546846,-0.235314,0.022015,-0.176756,-0.339608,0.081972,0.522211,-0.231099,0.154921,-0.145260,0.026414,-0.042160,-0.064455,0.403197,-0.589015,0.198531,-0.074800,0.094329,0.050995,0.450654,-1.299106,-0.556708,0.216520,0.185680,0.062605,-0.261720
0.006806,0.009406,0.775611,0.009602,0.037003,-0.611806,0.790084,-0.357777,-0.043889,-0.116339,0.569414,-0.244938,0.017557,-0.162035,-0.352258,0.071896,0.486075,-0.230901,0.179292,-0.136612,0.020257,-0.044245,-0.025323,0.387849,-0.585426,0.265060,-0.067049,0.090263,0.045089,0.415723,-1.297945,-0.594702,0.129828,0.182367,0.056353,-0.289274
0.002620,0.009473,0.773745,0.010822,0.037474,-0.616253,0.786582,-0.371646,-0.035012,-0.107878,0.591991,-0.254518,0.013120,-0.148009,-0.363998,0.061752,0.451598,-0.230953,0.203765,-0.128700,0.014536,-0.046212,0.014589,0.371453,-0.578984,0.330664,-0.058354,0.085767,0.039021,0.376162,-1.296144,-0.627651,0.043799,0.176919,0.049879,-0.316276
-0.001702,0.009707,0.772205,0.011836,0.038533,-0.625332,0.779317,-0.381224,-0.018371,-0.092590,0.607943,-0.263732,0.006528,-0.147072,-0.364426,0.052019,0.431146,-0.232831,0.234757,-0.100379,0.014994,-0.047186,0.048067,0.373279,-0.547518,0.352682,-0.058516,0.077720,0.036003,0.314432,-1.278753,-0.619482,-0.052778,0.166247,0.047157,-0.329663
-0.007325,0.009945,0.771181,0.011490,0.040758,-0.634837,0.771485,-0.390601,0.004848,-0.079442,0.623615,-0.272857,-0.002880,-0.148247,-0.358095,0.042190,0.413083,-0.236385,0.261800,-0.074981,0.015610,-0.048146,0.086828,0.383577,-0.515423,0.376084,-0.059819,0.072087,0.033073,0.239773,-1.257489,-0.597514,-0.148277,0.152088,0.046093,-0.342747
-0.022406,0.009446,0.772564,0.002454,0.050548,-0.647094,0.760728,-0.399581,0.069941,-0.081712,0.636379,-0.281196,-0.032704,-0.153247,-0.305343,0.026755,0.398255,-0.240903,0.261800,-0.043590,0.024448,-0.047735,0.129186,0.416436,-0.484233,0.406007,-0.063060,0.067164,0.029068,0.158292,-1.218519,-0.566907,-0.245199,0.134904,0.045751,-0.355698
-0.033405,0.009562,0.772528,-0.001562,0.057050,-0.660935,0.748270,-0.405835,0.119489,-0.071437,0.646546,-0.287456,-0.051377,-0.168927,-0.268720,0.019029,0.390269,-0.237865,0.261800,-0.000069,0.023958,-0.048966,0.160960,0.456300,-0.434896,0.477444,-0.073125,0.063494,0.041757,0.073710,-1.186204,-0.507126,-0.309727,0.124983,0.046689,-0.355350
-0.044449,0.010281,0.772285,-0.005098,0.063181,-0.674342,0.735694,-0.411564,0.167830,-0.061191,0.655550,-0.292235,-0.070092,-0.185272,-0.233850,0.011270,0.383015,-0.235503,0.261800,0.039853,0.022345,-0.050395,0.196123,0.501249,-0.388422,0.558594,-0.084388,0.059187,0.054366,-0.015422,-1.153212,-0.443759,-0.368509,0.114691,0.046203,-0.354231
-0.055453,0.011317,0.771842,-0.008406,0.069016,-0.687305,0.723034,-0.416663,0.215309,-0.051217,0.663950,-0.295959,-0.088669,-0.201487,-0.200294,0.003189,0.375702,-0.233578,0.261800,0.077959,0.020560,-0.051563,0.234120,0.549371,-0.343842,0.644912,-0.096485,0.055515,0.066693,-0.102850,-1.118734,-0.382871,-0.424776,0.104155,0.045378,-0.352529
-0.059811,0.012254,0.771490,-0.008443,0.070418,-0.696401,0.714140,-0.415444,0.236621,-0.036920,0.667003,-0.295725,-0.093127,-0.205735,-0.192552,0.000685,0.366407,-0.228107,0.261800,0.109569,0.020630,-0.053024,0.260525,0.587104,-0.302864,0.730360,-0.118158,0.050723,0.085622,-0.213160,-1.065462,-0.300119,-0.492837,0.089397,0.048090,-0.349320
-0.064175,0.013269,0.771242,-0.008591,0.071058,-0.705097,0.705490,-0.412108,0.256688,-0.022356,0.668811,-0.294878,-0.097446,-0.209013,-0.186117,-0.002292,0.357621,-0.223007,0.261800,0.136219,0.020810,-0.052658,0.290001,0.622693,-0.256097,0.815043,-0.140066,0.045463,0.104411,-0.320378,-1.006344,-0.220674,-0.558851,0.073216,0.052561,-0.345362
-0.068449,0.014253,0.771014,-0.008813,0.071516,-0.713554,0.696885,-0.408163,0.276301,-0.007848,0.670806,-0.294266,-0.101630,-0.212232,-0.180179,-0.005569,0.349145,-0.218092,0.261800,0.161923,0.021852,-0.051591,0.319981,0.655455,-0.204719,0.897058,-0.161609,0.039442,0.121524,-0.417658,-0.943051,-0.151687,-0.623464,0.057354,0.056476,-0.339951
-0.072054,0.014238,0.771404,-0.009874,0.071003,-0.719921,0.690344,-0.395251,0.290045,0.000815,0.662908,-0.292095,-0.105442,-0.203516,-0.174932,-0.010329,0.328505,-0.208985,0.261800,0.183972,0.021000,-0.054544,0.332476,0.694538,-0.145341,0.959531,-0.187255,0.035450,0.140588,-0.456937,-0.909973,-0.100380,-0.638262,0.050643,0.060278,-0.336160
-0.075677,0.014045,0.771904,-0.011173,0.070243,-0.726223,0.683770,-0.380917,0.303593,0.009817,0.654488,-0.290043,-0.109190,-0.193545,-0.169841,-0.015264,0.306839,-0.199466,0.261800,0.210767,0.019734,-0.056913,0.341640,0.733564,-0.087337,1.018724,-0.213527,0.031865,0.158520,-0.486377,-0.878627,-0.058947,-0.653099,0.046286,0.060931,-0.332507
-0.079251,0.013797,0.772448,-0.012539,0.069450,-0.732436,0.677168,-0.366245,0.316947,0.018857,0.646241,-0.288258,-0.112949,-0.183554,-0.164880,-0.020381,0.285402,-0.190081,0.261800,0.239094,0.018378,-0.059069,0.350235,0.771863,-0.027826,1.075837,-0.240017,0.027831,0.175218,-0.511259,-0.847353,-0.021778,-0.668649,0.042427,0.061289,-0.328694
-0.081594,0.011939,0.773066,-0.013972,0.068607,-0.736548,0.672751,-0.354566,0.325681,0.023767,0.644369,-0.281823,-0.116176,-0.167728,-0.157085,-0.019077,0.257480,-0.177293,0.261800,0.256417,0.023579,-0.061446,0.357208,0.813039,0.000084,1.107945,-0.249539,0.024142,0.183824,-0.536331,-0.788695,0.022338,-0.681602,0.037996,0.062076,-0.325072
-0.083921,0.010119,0.773748,-0.015461,0.067887,-0.740594,0.668336,-0.342922,0.334460,0.028661,0.642828,-0.275804,-0.119437,-0.151748,-0.149355,-0.018198,0.229101,-0.164353,0.261800,0.273736,0.028908,-0.063901,0.365822,0.853245,0.030094,1.137824,-0.258946,0.021210,0.192448,-0.557126,-0.728916,0.062798,-0.695130,0.033343,0.063193,-0.321244
-0.086067,0.008198,0.774489,-0.016960,0.067263,-0.744585,0.663913,-0.331377,0.343201,0.033613,0.641617,-0.270157,-0.122712,-0.136052,-0.141771,-0.017562,0.200937,-0.151490,0.261800,0.291212,0.034273,-0.066314,0.375679,0.893018,0.061508,1.167009,-0.268361,0.018269,0.200876,-0.574405,-0.668465,0.100048,-0.708852,0.028876,0.064307,-0.317342
-0.086114,0.006474,0.775089,-0.021013,0.067825,-0.743493,0.664964,-0.326499,0.350856,0.031621,0.643938,-0.267545,-0.123997,-0.118555,-0.133743,-0.019471,0.183541,-0.134528,0.261800,0.290383,0.043580,-0.067964,0.378431,0.940005,0.079450,1.160310,-0.263010,0.013704,0.204299,-0.557527,-0.637176,0.121263,-0.702173,0.030070,0.067009,-0.315119
-0.086118,0.004846,0.775756,-0.024956,0.068594,-0.742362,0.666011,-0.322194,0.358591,0.029550,0.646831,-0.265300,-0.125373,-0.101684,-0.125553,-0.021441,0.166715,-0.117884,0.261800,0.291567,0.052816,-0.070167,0.380738,0.987467,0.096041,1.152458,-0.257679,0.010613,0.208255,-0.538171,-0.607600,0.140351,-0.695636,0.032245,0.068491,-0.313070
-0.086677,0.003343,0.776459,-0.029195,0.069856,-0.741296,0.666894,-0.318127,0.368331,0.026799,0.649564,-0.262857,-0.127885,-0.085245,-0.115064,-0.023540,0.150184,-0.101309,0.260535,0.293650,0.062202,-0.072449,0.383610,1.035909,0.113515,1.144856,-0.252459,0.007711,0.212178,-0.518332,-0.577607,0.158723,-0.689177,0.034331,0.069920,-0.311042
-0.086497,0.002612,0.776741,-0.032810,0.070380,-0.741579,0.666356,-0.308080,0.373463,0.022951,0.643249,-0.269382,-0.126548,-0.078476,-0.107414,-0.024664,0.147236,-0.091520,0.258290,0.297191,0.073443,-0.073701,0.384073,1.086708,0.121161,1.137147,-0.241795,0.010070,0.206581,-0.515255,-0.568807,0.192221,-0.701974,0.038905,0.071327,-0.291018
-0.086350,0.002080,0.777010,-0.036346,0.070734,-0.741826,0.665860,-0.297966,0.378034,0.019241,0.636915,-0.275718,-0.124986,-0.072307,-0.100358,-0.025748,0.145612,-0.082421,0.256110,0.301039,0.084877,-0.074487,0.384070,1.137105,0.128352,1.130289,-0.231073,0.012404,0.200934,-0.512639,-0.561006,0.225715,-0.714597,0.043810,0.073255,-0.271132
-0.086252,0.001673,0.777253,-0.040062,0.071249,-0.742092,0.665295,-0.288002,0.383247,0.015269,0.630974,-0.282207,-0.123593,-0.066104,-0.092664,-0.026792,0.143961,-0.073256,0.253724,0.305218,0.096724,-0.075399,0.385046,1.187385,0.136018,1.123672,-0.220401,0.014683,0.195778,-0.510087,-0.553458,0.259174,-0.727240,0.048912,0.075549,-0.251595
-0.083574,0.001208,0.776188,-0.042041,0.071442,-0.741210,0.666136,-0.288317,0.384834,0.020279,0.638303,-0.295964,-0.114404,-0.061975,-0.094052,-0.033133,0.143273,-0.072897,0.254694,0.304380,0.103972,-0.075074,0.362547,1.226217,0.142070,1.109027,-0.213526,0.011859,0.200979,-0.493095,-0.548874,0.297543,-0.671729,0.062075,0.079099,-0.238427
-0.080932,0.000884,0.775182,-0.043949,0.071696,-0.740342,0.666950,-0.289331,0.386299,0.025020,0.646256,-0.309853,-0.105152,-0.058647,-0.095497,-0.039393,0.143368,-0.072730,0.255678,0.304342,0.111876,-0.075113,0.336145,1.264753,0.143790,1.095570,-0.206749,0.009118,0.206681,-0.477188,-0.544300,0.336583,-0.613391,0.074999,0.080629,-0.225017
-0.078287,0.000583,0.774170,-0.045869,0.071958,-0.739482,0.667746,-0.290419,0.387765,0.029617,0.654375,-0.323849,-0.095905,-0.055401,-0.096894,-0.045616,0.143561,-0.072569,0.256651,0.304537,0.119975,-0.075237,0.308022,1.303334,0.143382,1.082491,-0.199986,0.006294,0.212409,-0.460981,-0.538869,0.375912,-0.555059,0.086966,0.082344,-0.211015
-0.075057,0.001910,0.772925,-0.044386,0.069218,-0.737053,0.670814,-0.295976,0.373558,0.027899,0.661711,-0.331928,-0.089644,-0.071728,-0.113533,-0.063502,0.178575,-0.083765,0.260212,0.293511,0.117659,-0.069058,0.275925,1.321458,0.143195,1.015135,-0.197211,0.001536,0.219958,-0.399814,-0.559551,0.392193,-0.465852,0.086411,0.086644,-0.202506
-0.072418,0.003320,0.771771,-0.042609,0.067042,-0.734644,0.673786,-0.302725,0.360529,0.025719,0.668085,-0.338982,-0.084246,-0.090616,-0.129488,-0.081243,0.216015,-0.096305,0.261800,0.283561,0.114986,-0.064114,0.242463,1.340212,0.141201,0.945944,-0.194086,-0.001312,0.228389,-0.337374,-0.579117,0.407997,-0.376682,0.084630,0.090200,-0.194142
-0.070141,0.004817,0.770677,-0.041115,0.065348,-0.732330,0.676559,-0.309912,0.349388,0.023026,0.674294,-0.345709,-0.079681,-0.110008,-0.144135,-0.098861,0.253697,-0.109072,0.261800,0.274178,0.112906,-0.059504,0.208047,1.359798,0.138338,0.876841,-0.190557,-0.004037,0.236653,-0.274638,-0.596662,0.424020,-0.287298,0.081482,0.093752,-0.186105
-0.068436,0.006733,0.769520,-0.039979,0.066266,-0.728176,0.681007,-0.328107,0.340959,0.010691,0.687382,-0.346974,-0.080311,-0.133421,-0.154424,-0.119775,0.296133,-0.111042,0.261800,0.265736,0.112788,-0.057788,0.127412,1.372249,0.145935,0.741596,-0.210732,-0.012340,0.263749,-0.232210,-0.612357,0.418453,-0.146933,0.076956,0.100592,-0.188949
-0.065995,0.008753,0.768333,-0.038625,0.067123,-0.724032,0.685405,-0.347378,0.330729,-0.001019,0.702065,-0.348934,-0.079567,-0.157778,-0.167435,-0.140477,0.339196,-0.113463,0.261800,0.259126,0.114931,-0.056647,0.039872,1.377608,0.145739,0.605148,-0.226293,-0.020248,0.293987,-0.188857,-0.629389,0.413219,-0.004571,0.072870,0.105718,-0.192465
-0.062914,0.010891,0.767363,-0.037050,0.067745,-0.719847,0.689825,-0.366666,0.318550,-0.011925,0.717060,-0.351030,-0.077654,-0.182247,-0.183249,-0.161248,0.382364,-0.116428,0.261800,0.253384,0.118335,-0.055971,-0.050967,1.376334,0.140809,0.468258,-0.236716,-0.029227,0.325868,-0.143469,-0.646707,0.408074,0.137615,0.068924,0.110846,-0.196694
-0.053967,0.011882,0.766693,-0.032237,0.062184,-0.709036,0.701685,-0.378186,0.275154,-0.018628,0.724204,-0.347959,-0.064138,-0.202844,-0.233335,-0.181789,0.440390,-0.111852,0.261800,0.237944,0.119112,-0.055092,-0.123955,1.350426,0.120052,0.365946,-0.235685,-0.029922,0.347768,-0.103094,-0.679706,0.417979,0.207038,0.063629,0.107378,-0.191262
-0.044191,0.012696,0.766088,-0.027016,0.055584,-0.697329,0.714082,-0.386089,0.227410,-0.023901,0.728629,-0.343974,-0.048764,-0.221083,-0.289458,-0.200356,0.499881,-0.110773,0.261800,0.220706,0.119317,-0.053988,-0.191948,1.320490,0.103079,0.264533,-0.231867,-0.031675,0.368995,-0.058857,-0.713826,0.426208,0.273209,0.058137,0.106303,-0.186210
-0.033565,0.013258,0.765438,-0.021929,0.048548,-0.684951,0.726639,-0.391557,0.177712,-0.028635,0.732660,-0.340415,-0.032136,-0.237007,-0.349308,-0.216785,0.560474,-0.113018,0.261785,0.202624,0.120350,-0.053399,-0.254324,1.286906,0.090023,0.162786,-0.225447,-0.033214,0.389905,-0.011887,-0.748387,0.432994,0.339237,0.052441,0.105454,-0.181348
-0.026923,0.013341,0.766297,-0.017365,0.044945,-0.670764,0.740104,-0.393876,0.137144,-0.041943,0.718579,-0.327209,-0.021987,-0.267449,-0.367677,-0.191201,0.619035,-0.111998,0.234434,0.172348,0.120495,-0.053783,-0.320334,1.245430,0.064281,0.041721,-0.216667,-0.030542,0.395345,0.039059,-0.771378,0.427218,0.375360,0.055757,0.101101,-0.179865
-0.021968,0.014282,0.767501,-0.013950,0.043165,-0.657033,0.752496,-0.397915,0.104080,-0.057688,0.704436,-0.312731,-0.015246,-0.302633,-0.377971,-0.166853,0.681446,-0.111833,0.202456,0.146958,0.122095,-0.054434,-0.387665,1.203332,0.037006,-0.080273,-0.205126,-0.025599,0.400943,0.093165,-0.791654,0.415779,0.409123,0.059058,0.098091,-0.178689
-0.016807,0.015379,0.768562,-0.011017,0.041940,-0.643231,0.764443,-0.402104,0.072647,-0.073945,0.691568,-0.298841,-0.008763,-0.339785,-0.386284,-0.142435,0.746484,-0.112145,0.170547,0.123335,0.124668,-0.055193,-0.452796,1.159977,0.010674,-0.202002,-0.191758,-0.019906,0.405479,0.149567,-0.810650,0.400955,0.442610,0.062180,0.095275,-0.177320
-0.012100,0.016829,0.769404,-0.009386,0.042020,-0.629149,0.776091,-0.406883,0.051377,-0.079007,0.679655,-0.286160,-0.003551,-0.359579,-0.369366,-0.118897,0.784741,-0.129090,0.144852,0.099250,0.123792,-0.055214,-0.499697,1.114820,-0.024405,-0.276945,-0.186444,-0.011295,0.397358,0.203770,-0.818521,0.395348,0.504818,0.064462,0.098282,-0.169674
-0.007597,0.018346,0.770308,-0.008622,0.042159,-0.615143,0.787241,-0.410693,0.032192,-0.084468,0.668250,-0.273894,0.001200,-0.377344,-0.349809,-0.096793,0.821756,-0.145638,0.118872,0.075124,0.123844,-0.054110,-0.544129,1.070634,-0.057066,-0.348967,-0.181595,-0.004635,0.388266,0.255885,-0.824642,0.390904,0.569902,0.066626,0.100020,-0.161880
-0.003134,0.020084,0.771199,-0.008063,0.042281,-0.601064,0.798041,-0.414265,0.013617,-0.089901,0.657044,-0.261806,0.005778,-0.394481,-0.329245,-0.075513,0.858669,-0.162285,0.092953,0.050898,0.123941,-0.052210,-0.585317,1.026827,-0.086315,-0.420394,-0.176630,0.001570,0.378247,0.307499,-0.829968,0.385910,0.635842,0.068512,0.101118,-0.153483
-0.000613,0.021049,0.772188,-0.004002,0.042360,-0.595778,0.802022,-0.408368,-0.000614,-0.089378,0.629098,-0.253124,0.012522,-0.415927,-0.317456,-0.080208,0.881275,-0.174812,0.074914,0.033480,0.117880,-0.053425,-0.600363,0.987293,-0.108439,-0.468158,-0.170515,0.007473,0.367202,0.337441,-0.858735,0.365992,0.648056,0.066451,0.095398,-0.150389
0.001957,0.022037,0.773400,-0.000245,0.042501,-0.590601,0.805844,-0.401401,-0.014181,-0.088790,0.600060,-0.244132,0.019402,-0.435988,-0.305086,-0.085604,0.902008,-0.186598,0.056806,0.014740,0.113576,-0.054014,-0.610252,0.948419,-0.125347,-0.516496,-0.165017,0.012003,0.355322,0.368742,-0.889105,0.345536,0.657284,0.064535,0.092175,-0.147517
0.004425,0.022997,0.774578,0.003424,0.042679,-0.585434,0.809589,-0.394430,-0.027498,-0.088251,0.571294,-0.235359,0.026260,-0.455867,-0.292642,-0.091462,0.922754,-0.198573,0.038577,-0.004497,0.109655,-0.054205,-0.618486,0.910234,-0.140451,-0.565160,-0.159660,0.016444,0.343022,0.400995,-0.919341,0.324100,0.666336,0.062694,0.089218,-0.144660
0.005307,0.022981,0.776136,0.007172,0.042945,-0.578465,0.814544,-0.381108,-0.036620,-0.091600,0.540288,-0.227431,0.027507,-0.461201,-0.278229,-0.091665,0.924197,-0.220767,0.019043,-0.024060,0.104178,-0.058808,-0.624074,0.872406,-0.163185,-0.598507,-0.159521,0.021739,0.329267,0.428123,-0.937604,0.301764,0.688722,0.064976,0.091282,-0.139006
0.006039,0.023011,0.777696,0.010569,0.043010,-0.571494,0.819410,-0.367032,-0.045201,-0.095123,0.509582,-0.219700,0.028528,-0.465601,-0.263370,-0.092265,0.925515,-0.243031,-0.000519,-0.043591,0.098547,-0.062260,-0.630546,0.835131,-0.186075,-0.630325,-0.159651,0.026242,0.314977,0.454898,-0.954870,0.279062,0.712655,0.067278,0.092472,-0.132853
0.006663,0.023236,0.779220,0.013880,0.043077,-0.564504,0.824188,-0.352997,-0.053530,-0.098704,0.479377,-0.212229,0.029522,-0.469961,-0.248309,-0.093043,0.927038,-0.265506,-0.020096,-0.063161,0.092958,-0.065238,-0.636969,0.798442,-0.208867,-0.662042,-0.159925,0.030830,0.301204,0.482140,-0.971399,0.255780,0.736485,0.069617,0.094044,-0.127048
0.007395,0.022755,0.780421,0.016902,0.044164,-0.561453,0.826156,-0.339824,-0.058356,-0.099213,0.450076,-0.204506,0.032383,-0.467915,-0.247841,-0.106159,0.915628,-0.281507,-0.031629,-0.073777,0.087887,-0.068766,-0.635839,0.766873,-0.222304,-0.689236,-0.159463,0.034484,0.293126,0.504952,-0.980936,0.215525,0.792704,0.080884,0.097107,-0.124566
0.008034,0.022326,0.781760,0.019577,0.045340,-0.558556,0.827995,-0.326438,-0.062422,-0.099631,0.421059,-0.196981,0.035208,-0.465226,-0.246180,-0.119445,0.903411,-0.296939,-0.042906,-0.084158,0.083477,-0.071877,-0.634667,0.735486,-0.235566,-0.716185,-0.159105,0.037919,0.285015,0.527160,-0.990362,0.175384,0.850175,0.092291,0.099363,-0.121395
0.008559,0.021928,0.783001,0.022124,0.046567,-0.555687,0.829791,-0.313262,-0.066287,-0.099984,0.392703,-0.189788,0.037900,-0.462403,-0.243944,-0.132786,0.891087,-0.312282,-0.053962,-0.094621,0.079231,-0.074814,-0.633482,0.704428,-0.248706,-0.742997,-0.158843,0.041318,0.276857,0.549347,-0.999767,0.135045,0.907886,0.103801,0.101599,-0.117471
0.008170,0.021430,0.783695,0.024563,0.047766,-0.555262,0.829939,-0.306230,-0.066932,-0.101366,0.379772,-0.186397,0.037219,-0.449582,-0.240146,-0.138496,0.856417,-0.318595,-0.036229,-0.101414,0.072142,-0.080398,-0.630864,0.678296,-0.263356,-0.752375,-0.156001,0.044794,0.272384,0.559943,-1.022813,0.093489,0.942829,0.114121,0.099984,-0.117889
0.007709,0.020911,0.784521,0.026732,0.049079,-0.554949,0.830005,-0.299313,-0.066976,-0.102763,0.367275,-0.183191,0.035971,-0.436475,-0.235537,-0.144346,0.821292,-0.324542,-0.018347,-0.108228,0.065788,-0.085758,-0.628194,0.652197,-0.277606,-0.761060,-0.153302,0.047685,0.267831,0.571331,-1.046181,0.051220,0.977661,0.124645,0.098915,-0.117937
0.007252,0.020519,0.785270,0.028812,0.050438,-0.554661,0.830046,-0.292444,-0.066870,-0.104124,0.354895,-0.180026,0.034679,-0.423343,-0.230592,-0.150193,0.786221,-0.330448,-0.000232,-0.115088,0.059693,-0.091086,-0.625362,0.626084,-0.291683,-0.769616,-0.150633,0.050513,0.263221,0.583842,-1.069574,0.007957,1.012679,0.135219,0.097922,-0.117599
0.005528,0.019369,0.785245,0.031283,0.051962,-0.552754,0.831134,-0.298572,-0.066456,-0.102428,0.357902,-0.177736,0.031997,-0.408228,-0.222718,-0.139817,0.748435,-0.332280,0.019328,-0.122390,0.052411,-0.095351,-0.635416,0.616028,-0.307890,-0.767269,-0.147493,0.052481,0.261073,0.586118,-1.092396,-0.028642,1.034038,0.143974,0.096334,-0.122779
0.003665,0.018386,0.785112,0.033788,0.053527,-0.550881,0.832180,-0.305199,-0.066094,-0.100793,0.361358,-0.175684,0.029306,-0.393396,-0.215221,-0.129302,0.711136,-0.334491,0.038352,-0.130156,0.044597,-0.099619,-0.645984,0.606635,-0.324061,-0.764000,-0.144652,0.053913,0.259132,0.587369,-1.115009,-0.064166,1.056047,0.152886,0.095090,-0.128046
0.001912,0.017349,0.785064,0.036281,0.055097,-0.549016,0.833204,-0.311841,-0.065752,-0.099115,0.364811,-0.173599,0.026656,-0.378444,-0.208127,-0.118716,0.674056,-0.337080,0.057004,-0.138085,0.036756,-0.103929,-0.656389,0.597224,-0.339971,-0.760646,-0.141809,0.055282,0.257216,0.589066,-1.137761,-0.099953,1.078393,0.161856,0.093860,-0.133160
-0.000771,0.017441,0.783985,0.036450,0.056276,-0.548712,0.833319,-0.325173,-0.059009,-0.088582,0.381299,-0.180168,0.023282,-0.374140,-0.201600,-0.114736,0.659340,-0.338003,0.069021,-0.141314,0.032943,-0.103837,-0.669743,0.587515,-0.349004,-0.752282,-0.139510,0.057491,0.257661,0.579903,-1.160706,-0.126548,1.105901,0.168730,0.094081,-0.136683
-0.003407,0.017588,0.782881,0.036639,0.057649,-0.548461,0.833382,-0.339260,-0.051899,-0.077975,0.398716,-0.187192,0.019949,-0.370592,-0.194930,-0.110613,0.645021,-0.338903,0.080892,-0.145195,0.029187,-0.104031,-0.682729,0.578371,-0.357374,-0.743721,-0.137334,0.059521,0.258124,0.568736,-1.184207,-0.151128,1.134518,0.175700,0.094195,-0.140051
-0.006062,0.017755,0.781773,0.036774,0.059090,-0.548237,0.833422,-0.353512,-0.044460,-0.067375,0.416580,-0.194445,0.016554,-0.367166,-0.188170,-0.106505,0.630692,-0.339921,0.092507,-0.149237,0.025582,-0.104246,-0.695512,0.569487,-0.365703,-0.735587,-0.135173,0.061926,0.259153,0.557270,-1.207815,-0.175190,1.162966,0.182743,0.094880,-0.143705
-0.010243,0.017904,0.780552,0.037077,0.061476,-0.548257,0.833223,-0.371860,-0.030611,-0.047250,0.435589,-0.200442,0.014878,-0.375565,-0.178656,-0.101571,0.633477,-0.341607,0.094663,-0.154145,0.022591,-0.105423,-0.688069,0.572561,-0.368271,-0.727471,-0.132874,0.061604,0.259444,0.549081,-1.236594,-0.193046,1.160374,0.176779,0.093170,-0.145223
-0.014436,0.017928,0.779181,0.037567,0.064232,-0.548278,0.832979,-0.391141,-0.016527,-0.028148,0.455302,-0.206923,0.011138,-0.385246,-0.169046,-0.096604,0.636868,-0.343583,0.096790,-0.159561,0.019999,-0.107637,-0.679605,0.576134,-0.370186,-0.720012,-0.130640,0.061304,0.259688,0.541767,-1.265839,-0.211237,1.157080,0.170728,0.092140,-0.146800
-0.018559,0.018051,0.777886,0.037996,0.067119,-0.548334,0.832695,-0.410586,-0.001863,-0.009213,0.475536,-0.213668,0.007368,-0.395200,-0.159147,-0.091701,0.640209,-0.345533,0.098833,-0.164941,0.017704,-0.109945,-0.671086,0.579809,-0.372014,-0.712617,-0.128394,0.061021,0.259945,0.535446,-1.295163,-0.230197,1.153825,0.164693,0.091133,-0.148394
-0.021721,0.018100,0.776937,0.036928,0.069615,-0.552363,0.829871,-0.424416,0.019063,0.015624,0.494648,-0.221295,0.004874,-0.404180,-0.147303,-0.090340,0.643214,-0.343724,0.096463,-0.170078,0.016173,-0.110823,-0.677617,0.582030,-0.396006,-0.712034,-0.130276,0.061358,0.254031,0.521575,-1.323456,-0.241849,1.159653,0.160474,0.091275,-0.152410
-0.024869,0.018172,0.775991,0.035664,0.072056,-0.556450,0.826982,-0.437713,0.040686,0.040095,0.514100,-0.229094,0.001914,-0.412939,-0.134999,-0.089063,0.646021,-0.341792,0.093945,-0.175237,0.014393,-0.111149,-0.684722,0.584620,-0.420409,-0.711314,-0.132142,0.061882,0.248390,0.505717,-1.351433,-0.251523,1.166425,0.156306,0.091135,-0.156653
-0.028045,0.018330,0.775030,0.034317,0.074554,-0.560541,0.824050,-0.450796,0.062861,0.064313,0.533908,-0.237048,-0.001026,-0.421830,-0.122432,-0.087915,0.648810,-0.339843,0.091381,-0.180477,0.012736,-0.111358,-0.691944,0.587273,-0.444803,-0.710592,-0.134031,0.062409,0.242769,0.489222,-1.379454,-0.260438,1.173435,0.152139,0.090942,-0.160961
-0.031329,0.018152,0.774425,0.032324,0.076004,-0.568780,0.818333,-0.457541,0.087313,0.083165,0.551649,-0.243365,-0.006814,-0.428846,-0.105869,-0.084208,0.649170,-0.335056,0.085718,-0.182069,0.010986,-0.112038,-0.696584,0.589536,-0.464138,-0.705198,-0.135161,0.063790,0.235681,0.471699,-1.403701,-0.259009,1.161734,0.143895,0.091693,-0.157182
-0.034679,0.018036,0.773910,0.030154,0.077511,-0.576991,0.812505,-0.463518,0.112798,0.103409,0.568983,-0.250317,-0.012584,-0.435621,-0.088740,-0.080355,0.649387,-0.329880,0.079615,-0.183800,0.009531,-0.112456,-0.701109,0.591888,-0.483320,-0.699805,-0.136246,0.065098,0.228417,0.453067,-1.428174,-0.256288,1.149826,0.135706,0.092808,-0.153433
-0.037938,0.017976,0.773384,0.027967,0.079088,-0.585137,0.806584,-0.469264,0.138575,0.123552,0.586401,-0.257326,-0.018255,-0.442398,-0.071496,-0.076637,0.649569,-0.324680,0.073507,-0.185550,0.008127,-0.112819,-0.705676,0.594212,-0.502534,-0.694437,-0.137307,0.066408,0.221139,0.433753,-1.452738,-0.252693,1.137936,0.127576,0.093879,-0.149630
-0.041361,0.017309,0.773426,0.026431,0.079797,-0.593484,0.800444,-0.467547,0.156914,0.130379,0.592730,-0.259612,-0.026078,-0.443978,-0.054598,-0.070887,0.643207,-0.319335,0.066656,-0.178133,0.008342,-0.113585,-0.696332,0.599243,-0.521405,-0.681749,-0.136571,0.067429,0.211660,0.406135,-1.480832,-0.248863,1.120565,0.118094,0.094432,-0.150773
-0.044762,0.016699,0.773593,0.024834,0.080358,-0.601728,0.794260,-0.465074,0.175253,0.137710,0.598359,-0.261949,-0.034284,-0.444946,-0.037867,-0.065138,0.636629,-0.313866,0.059590,-0.171015,0.008407,-0.114028,-0.686747,0.604385,-0.540135,-0.669192,-0.135659,0.068330,0.202071,0.376320,-1.509181,-0.242667,1.103228,0.108690,0.095041,-0.151877
-0.047905,0.016081,0.774158,0.023598,0.080649,-0.609515,0.788308,-0.460010,0.191363,0.145524,0.598412,-0.261413,-0.041776,-0.443894,-0.022877,-0.059570,0.626590,-0.306756,0.053105,-0.163071,0.008704,-0.114502,-0.678165,0.606434,-0.559344,-0.655200,-0.134050,0.068571,0.191684,0.355500,-1.538246,-0.244851,1.085042,0.099996,0.095023,-0.152728
-0.050745,0.014791,0.774244,0.021370,0.081505,-0.615918,0.783292,-0.458511,0.209961,0.153719,0.608218,-0.263398,-0.039888,-0.442376,-0.005423,-0.052225,0.621017,-0.301880,0.046896,-0.153098,0.008763,-0.113413,-0.614588,0.634048,-0.565708,-0.610351,-0.133971,0.069044,0.181365,0.333103,-1.550348,-0.242769,1.065914,0.098980,0.095545,-0.154821
-0.053338,0.013458,0.774615,0.019613,0.082264,-0.621892,0.778523,-0.455008,0.226608,0.162643,0.612834,-0.262890,-0.037939,-0.439318,0.010376,-0.044964,0.612207,-0.295380,0.041003,-0.143421,0.009147,-0.113043,-0.549543,0.658814,-0.570256,-0.564592,-0.132714,0.068586,0.170075,0.315137,-1.563393,-0.244402,1.046391,0.098712,0.095708,-0.156943
-0.055909,0.012173,0.775092,0.017927,0.082985,-0.627798,0.773733,-0.451361,0.243081,0.171737,0.617218,-0.262500,-0.035836,-0.436021,0.025890,-0.037638,0.603346,-0.288906,0.035160,-0.133381,0.009268,-0.112531,-0.483701,0.682508,-0.573852,-0.518975,-0.130786,0.068034,0.158719,0.299889,-1.576178,-0.248737,1.026350,0.098442,0.095872,-0.159008
-0.058575,0.010885,0.775667,0.015740,0.083676,-0.634672,0.768077,-0.445046,0.258836,0.176063,0.619757,-0.261839,-0.033754,-0.430045,0.041580,-0.033437,0.590091,-0.281629,0.029276,-0.119977,0.012755,-0.114257,-0.394522,0.731142,-0.569740,-0.470115,-0.130803,0.065690,0.146240,0.285186,-1.590104,-0.261651,0.975658,0.098945,0.095121,-0.165725
-0.061205,0.009601,0.776153,0.013528,0.084483,-0.641499,0.762338,-0.438832,0.274975,0.180655,0.622377,-0.261508,-0.031904,-0.424124,0.057497,-0.028973,0.577016,-0.273946,0.022588,-0.106428,0.016149,-0.115852,-0.301042,0.777526,-0.560919,-0.422155,-0.129908,0.063534,0.134104,0.272895,-1.603306,-0.276984,0.923482,0.099258,0.095404,-0.173061
-0.063794,0.008265,0.776721,0.011336,0.085326,-0.648269,0.756530,-0.432720,0.291141,0.185346,0.625111,-0.261375,-0.029973,-0.418095,0.073292,-0.024422,0.563940,-0.266310,0.015925,-0.092697,0.019270,-0.117349,-0.203241,0.820698,-0.546895,-0.373872,-0.128025,0.060931,0.121537,0.262510,-1.616312,-0.294554,0.871486,0.099285,0.095267,-0.179889
-0.064503,0.007349,0.777119,0.009225,0.086849,-0.656291,0.749436,-0.429561,0.305239,0.186938,0.633877,-0.260867,-0.028901,-0.413418,0.088649,-0.016022,0.549915,-0.256764,0.012861,-0.079878,0.026206,-0.119459,-0.139814,0.849163,-0.534585,-0.319770,-0.128190,0.058054,0.113586,0.245634,-1.626912,-0.316345,0.817853,0.104540,0.094757,-0.195056
-0.065173,0.006439,0.777519,0.007097,0.088405,-0.664243,0.742237,-0.426424,0.319425,0.188581,0.642755,-0.260474,-0.027684,-0.408573,0.104056,-0.007267,0.535903,-0.246895,0.009134,-0.066521,0.032855,-0.121424,-0.075173,0.875418,-0.520672,-0.264539,-0.127630,0.054866,0.105774,0.229957,-1.636499,-0.339731,0.764516,0.109033,0.094029,-0.210429
-0.065814,0.005668,0.777914,0.005017,0.089986,-0.672105,0.734950,-0.423316,0.333616,0.190321,0.651735,-0.260209,-0.026340,-0.403559,0.119296,0.001598,0.521921,-0.237063,0.005433,-0.053023,0.039239,-0.123352,-0.008264,0.899556,-0.504257,-0.208948,-0.126251,0.051532,0.098022,0.215225,-1.645159,-0.364455,0.711064,0.112759,0.093218,-0.225880
-0.066188,0.004943,0.778129,0.002616,0.091103,-0.680687,0.726883,-0.423041,0.344011,0.179921,0.667754,-0.255376,-0.027659,-0.397798,0.129655,0.010282,0.512570,-0.231074,0.006013,-0.042733,0.045997,-0.123347,0.034256,0.920192,-0.493908,-0.136281,-0.119087,0.048726,0.091777,0.192045,-1.642176,-0.387133,0.660730,0.121671,0.091856,-0.242323
-0.066532,0.004348,0.778326,0.000192,0.092240,-0.689164,0.718710,-0.422758,0.354247,0.169558,0.683981,-0.250683,-0.029132,-0.392065,0.139944,0.019064,0.503494,-0.225135,0.006200,-0.032368,0.052396,-0.123376,0.077211,0.939740,-0.482951,-0.062232,-0.111276,0.045275,0.086171,0.166071,-1.637949,-0.407160,0.610996,0.129755,0.090265,-0.259185
-0.066833,0.003835,0.778610,-0.002218,0.093410,-0.697526,0.710441,-0.422364,0.364252,0.159299,0.700210,-0.246041,-0.030768,-0.386227,0.150096,0.027921,0.494396,-0.219177,0.006415,-0.022194,0.058630,-0.123499,0.121712,0.958160,-0.470428,0.012225,-0.102754,0.041573,0.081196,0.138005,-1.632690,-0.425215,0.561434,0.137059,0.088494,-0.276302
-0.066901,0.003333,0.779003,-0.003856,0.092919,-0.706266,0.701812,-0.429061,0.363809,0.132297,0.723934,-0.238920,-0.045651,-0.379850,0.158923,0.040240,0.484861,-0.211972,0.008630,-0.007705,0.061955,-0.121236,0.155748,0.967627,-0.485105,0.084822,-0.097648,0.040353,0.068153,0.096090,-1.620482,-0.429616,0.508264,0.144974,0.086317,-0.291495
-0.066954,0.002987,0.779384,-0.005465,0.092483,-0.714899,0.693063,-0.435638,0.362590,0.105454,0.747842,-0.232273,-0.061251,-0.373678,0.167642,0.052667,0.475536,-0.204754,0.010836,0.006119,0.064885,-0.119633,0.190601,0.976847,-0.498519,0.158818,-0.091942,0.038828,0.055598,0.046075,-1.606945,-0.425624,0.456615,0.151903,0.084018,-0.307280
-0.067071,0.002665,0.779880,-0.007009,0.092000,-0.723383,0.684254,-0.441648,0.360296,0.078929,0.771476,-0.225974,-0.077519,-0.367450,0.175960,0.065196,0.466241,-0.197549,0.013075,0.018741,0.067368,-0.118353,0.227781,0.985746,-0.509085,0.233237,-0.085328,0.037108,0.043433,-0.009862,-1.591899,-0.415611,0.405913,0.157894,0.081523,-0.323480
-0.066307,0.001732,0.780628,-0.008435,0.090384,-0.729975,0.677418,-0.454671,0.354097,0.037906,0.796470,-0.222810,-0.100952,-0.362459,0.178383,0.079750,0.464871,-0.195250,0.017166,0.027557,0.068550,-0.118651,0.237479,0.995899,-0.505967,0.315458,-0.075798,0.032716,0.043545,-0.073092,-1.559463,-0.399436,0.331466,0.159474,0.077690,-0.347597
-0.065595,0.001008,0.781467,-0.009688,0.088625,-0.736365,0.670685,-0.467005,0.346275,-0.002890,0.821513,-0.220190,-0.125126,-0.357966,0.180231,0.094227,0.464302,-0.193267,0.021285,0.033823,0.069194,-0.119313,0.248910,1.005639,-0.500589,0.399081,-0.066229,0.027598,0.044453,-0.139179,-1.523619,-0.380389,0.257077,0.158222,0.075125,-0.372271
-0.064876,0.000340,0.782346,-0.010850,0.086729,-0.742607,0.663999,-0.478189,0.337037,-0.043206,0.846410,-0.218225,-0.149976,-0.353476,0.181531,0.108661,0.463877,-0.191365,0.025492,0.038001,0.069988,-0.120282,0.262743,1.014662,-0.492752,0.482851,-0.056522,0.022365,0.046117,-0.205374,-1.485329,-0.360937,0.183486,0.154880,0.072853,-0.396802
-0.062174,0.000483,0.782523,-0.010346,0.084623,-0.750122,0.655781,-0.471112,0.334367,-0.059206,0.853269,-0.219309,-0.142410,-0.354144,0.180099,0.123961,0.464256,-0.187292,0.032145,0.035585,0.074996,-0.119506,0.283452,1.001826,-0.468352,0.581743,-0.052214,0.018132,0.058265,-0.258262,-1.443410,-0.338666,0.078174,0.134499,0.067949,-0.422797
-0.059502,0.000534,0.782835,-0.009899,0.081945,-0.757455,0.647648,-0.462402,0.330683,-0.074546,0.858834,-0.219757,-0.134573,-0.353576,0.177562,0.139563,0.464248,-0.183324,0.038992,0.031368,0.080020,-0.117623,0.304976,0.988090,-0.442238,0.681113,-0.047422,0.012855,0.071448,-0.305104,-1.398366,-0.321979,-0.030700,0.110742,0.065999,-0.446667
-0.056756,0.000711,0.783160,-0.009591,0.079117,-0.764674,0.639470,-0.453362,0.326924,-0.089933,0.864335,-0.220115,-0.126794,-0.352631,0.174914,0.155177,0.464213,-0.179392,0.045831,0.027026,0.085209,-0.115210,0.325601,0.974929,-0.416425,0.779999,-0.043124,0.007517,0.085178,-0.344911,-1.351081,-0.311666,-0.141228,0.084817,0.065359,-0.467574
-0.052866,0.000643,0.782509,-0.009132,0.077569,-0.769762,0.633535,-0.429551,0.328418,-0.101664,0.849683,-0.220922,-0.118948,-0.355847,0.172201,0.163724,0.468266,-0.178341,0.053261,0.025386,0.088476,-0.114696,0.331731,0.966265,-0.386659,0.875302,-0.041838,0.007422,0.095018,-0.362568,-1.313516,-0.292208,-0.224061,0.064073,0.069454,-0.467393
-0.048949,0.000544,0.781889,-0.008791,0.075735,-0.774785,0.627611,-0.404885,0.329674,-0.113037,0.834483,-0.221436,-0.110965,-0.358620,0.169166,0.172318,0.472606,-0.177318,0.060658,0.025590,0.091476,-0.113761,0.334071,0.959467,-0.360513,0.970357,-0.041981,0.008162,0.104593,-0.375125,-1.277592,-0.277407,-0.304730,0.044670,0.071527,-0.464901
-0.044941,0.000574,0.781246,-0.008546,0.073887,-0.779777,0.621623,-0.380140,0.331165,-0.124378,0.819353,-0.221967,-0.103028,-0.361310,0.166311,0.180925,0.476988,-0.176310,0.068063,0.027119,0.094459,-0.112655,0.334031,0.954401,-0.336596,1.065270,-0.043289,0.009090,0.114152,-0.383168,-1.242171,-0.266557,-0.385555,0.025741,0.073163,-0.460740
-0.040095,-0.001139,0.779303,-0.007170,0.075250,-0.784286,0.615777,-0.346102,0.323861,-0.147450,0.792170,-0.252158,-0.112145,-0.374779,0.166658,0.188021,0.494068,-0.185234,0.076447,0.039192,0.105495,-0.113565,0.328522,0.957160,-0.316084,1.091575,-0.052157,0.009045,0.122246,-0.382525,-1.215398,-0.251389,-0.439037,0.023351,0.067068,-0.444229
-0.035395,-0.000854,0.777192,-0.005935,0.075773,-0.789237,0.609367,-0.311365,0.317377,-0.168790,0.761802,-0.277778,-0.122174,-0.389612,0.167632,0.196389,0.510356,-0.190060,0.084719,0.048640,0.115267,-0.113691,0.326301,0.958613,-0.293287,1.120696,-0.062993,0.009464,0.130828,-0.380425,-1.182545,-0.234943,-0.501940,0.019782,0.063827,-0.423211
-0.030716,-0.000534,0.775110,-0.004537,0.076272,-0.794114,0.602946,-0.276448,0.311389,-0.189432,0.730399,-0.302635,-0.132246,-0.404501,0.168479,0.204702,0.525963,-0.194332,0.093022,0.056769,0.124414,-0.113767,0.325712,0.960412,-0.268628,1.149996,-0.074221,0.009455,0.139485,-0.377295,-1.147753,-0.218608,-0.567921,0.015429,0.062854,-0.400825
-0.025403,0.001424,0.773307,-0.000911,0.073318,-0.796736,0.599863,-0.251413,0.298300,-0.193011,0.692948,-0.345702,-0.145148,-0.419181,0.157058,0.212564,0.538833,-0.197657,0.101201,0.056900,0.123422,-0.112172,0.328247,0.970520,-0.231399,1.205416,-0.087874,0.011993,0.146332,-0.378501,-1.106128,-0.192072,-0.636581,0.014962,0.075929,-0.368338
-0.019773,0.001816,0.771185,0.002644,0.071514,-0.799109,0.596911,-0.229822,0.286062,-0.197216,0.664898,-0.396484,-0.158014,-0.436524,0.146742,0.218701,0.559316,-0.207717,0.109469,0.062565,0.126248,-0.111502,0.326884,0.982781,-0.198740,1.253246,-0.100792,0.017801,0.151364,-0.385416,-1.078113,-0.164004,-0.684531,0.020345,0.078606,-0.343197
-0.013987,0.002373,0.768995,0.006346,0.069837,-0.801505,0.593862,-0.209280,0.273906,-0.200337,0.638772,-0.448347,-0.171860,-0.454789,0.136478,0.225021,0.580418,-0.217906,0.117971,0.068822,0.129945,-0.111343,0.324716,0.995068,-0.167517,1.300977,-0.114434,0.024238,0.155880,-0.393473,-1.052722,-0.134499,-0.728897,0.027128,0.079033,-0.319155
-0.007590,0.003395,0.766853,0.011809,0.064940,-0.799373,0.597198,-0.213843,0.252615,-0.187412,0.633534,-0.461472,-0.173567,-0.476569,0.106833,0.214139,0.610065,-0.230325,0.122815,0.069505,0.129545,-0.107487,0.309075,1.016595,-0.140161,1.316317,-0.128105,0.026939,0.162687,-0.406041,-1.039477,-0.110032,-0.765968,0.026493,0.084534,-0.300344
-0.001215,0.004519,0.764712,0.018093,0.059765,-0.796867,0.600919,-0.219507,0.229262,-0.174608,0.627789,-0.473886,-0.174925,-0.499343,0.074705,0.203919,0.640758,-0.243406,0.127981,0.069494,0.127574,-0.104238,0.293425,1.038652,-0.113254,1.330659,-0.142099,0.030682,0.169608,-0.417659,-1.026792,-0.086725,-0.802644,0.026385,0.089662,-0.281735
0.005175,0.005786,0.762514,0.024565,0.054539,-0.794200,0.604705,-0.225415,0.205531,-0.161625,0.622252,-0.486420,-0.176303,-0.522072,0.041670,0.194363,0.671847,-0.256783,0.133137,0.069334,0.125269,-0.101089,0.277923,1.061012,-0.086555,1.344906,-0.156258,0.034415,0.176435,-0.428697,-1.014518,-0.064005,-0.839163,0.026602,0.094684,-0.263121
0.010898,0.006963,0.761719,0.030876,0.049534,-0.789840,0.610529,-0.233415,0.174986,-0.162267,0.612025,-0.476376,-0.174578,-0.539462,0.004520,0.180515,0.690644,-0.259115,0.140599,0.071922,0.116723,-0.097427,0.243788,1.080379,-0.081272,1.348249,-0.162807,0.035179,0.183643,-0.435807,-1.013496,-0.032475,-0.847141,0.024287,0.096986,-0.248764
0.016730,0.008310,0.760942,0.037132,0.044487,-0.785332,0.616357,-0.241028,0.144224,-0.162702,0.601394,-0.466041,-0.172704,-0.555872,-0.033283,0.167224,0.708624,-0.261071,0.148180,0.075613,0.108686,-0.093662,0.205305,1.099064,-0.080407,1.352960,-0.169639,0.036089,0.190996,-0.442732,-1.013807,-0.001446,-0.853696,0.022397,0.098046,-0.234792
0.022581,0.009788,0.760112,0.043402,0.039503,-0.780699,0.622145,-0.248659,0.113488,-0.162950,0.590924,-0.455800,-0.170846,-0.571882,-0.071411,0.154437,0.726538,-0.263036,0.155712,0.079613,0.100782,-0.089849,0.165030,1.117374,-0.081410,1.358064,-0.176562,0.036926,0.198341,-0.449492,-1.014305,0.029275,-0.860168,0.020628,0.098961,-0.220852
0.027104,0.011024,0.761066,0.046551,0.036160,-0.771600,0.633371,-0.253561,0.089267,-0.170969,0.573543,-0.434863,-0.164074,-0.575023,-0.104140,0.143950,0.734321,-0.251716,0.165238,0.090938,0.091941,-0.088806,0.084752,1.142032,-0.111819,1.316705,-0.174650,0.032981,0.204869,-0.479770,-1.014325,0.076137,-0.861425,0.020190,0.101011,-0.210550
0.031707,0.012462,0.762022,0.049391,0.032764,-0.762422,0.644360,-0.257746,0.065446,-0.178723,0.556411,-0.414058,-0.157183,-0.576945,-0.136726,0.133341,0.741503,-0.239872,0.175473,0.103615,0.084229,-0.086946,-0.002878,1.163755,-0.149530,1.276515,-0.172953,0.029745,0.211632,-0.510882,-1.014988,0.123258,-0.861417,0.019975,0.102676,-0.200605
0.036304,0.014109,0.763029,0.052282,0.029447,-0.753105,0.655158,-0.261959,0.041774,-0.186292,0.539543,-0.393413,-0.150231,-0.578662,-0.169236,0.122877,0.748799,-0.228067,0.185735,0.116757,0.076710,-0.085017,-0.094929,1.182917,-0.191812,1.236768,-0.171229,0.026470,0.218417,-0.541946,-1.015097,0.170168,-0.861328,0.019835,0.104255,-0.190721
0.038062,0.014524,0.764496,0.055086,0.027523,-0.745379,0.663791,-0.249353,0.025942,-0.203821,0.495855,-0.376057,-0.141524,-0.573622,-0.190845,0.115497,0.744890,-0.221925,0.190418,0.115344,0.075172,-0.089808,-0.165933,1.173742,-0.210541,1.156218,-0.177993,0.020765,0.232920,-0.526806,-1.027010,0.220323,-0.853408,0.028786,0.104187,-0.176482
0.039731,0.014837,0.766096,0.057632,0.025769,-0.737640,0.672236,-0.236352,0.010999,-0.221385,0.452842,-0.359002,-0.132213,-0.567624,-0.211960,0.107424,0.740024,-0.215959,0.195916,0.113115,0.074422,-0.094441,-0.230154,1.163706,-0.222934,1.072329,-0.183615,0.016018,0.248005,-0.511320,-1.038578,0.270625,-0.846627,0.037654,0.103846,-0.161811
0.041502,0.015102,0.767602,0.060036,0.024092,-0.729821,0.680571,-0.223450,-0.003454,-0.238889,0.410827,-0.342565,-0.122655,-0.561432,-0.232741,0.099112,0.735119,-0.210112,0.201354,0.110336,0.074115,-0.098945,-0.291434,1.152666,-0.232386,0.987775,-0.188224,0.011317,0.263441,-0.496559,-1.049993,0.321728,-0.840124,0.046366,0.103657,-0.147022
0.041281,0.015117,0.769209,0.059010,0.023433,-0.718679,0.692438,-0.211359,-0.008598,-0.264175,0.375757,-0.321279,-0.121099,-0.539678,-0.246669,0.084999,0.722775,-0.212632,0.204496,0.097796,0.071867,-0.100841,-0.367468,1.143291,-0.225861,0.920149,-0.200605,0.006887,0.284046,-0.432400,-1.052134,0.379444,-0.779829,0.053971,0.106179,-0.130204
0.041000,0.015292,0.770739,0.057723,0.022530,-0.707342,0.704150,-0.198826,-0.013285,-0.289632,0.341387,-0.300337,-0.119017,-0.517088,-0.260301,0.070627,0.710568,-0.215384,0.207844,0.086163,0.069413,-0.102453,-0.444628,1.132006,-0.220138,0.853671,-0.211822,0.002008,0.305201,-0.365999,-1.054160,0.436179,-0.719764,0.060206,0.108121,-0.112690
0.040686,0.015607,0.772378,0.056342,0.021524,-0.695833,0.715666,-0.186332,-0.017567,-0.315145,0.307697,-0.279766,-0.116563,-0.494117,-0.273584,0.056138,0.698338,-0.218173,0.211345,0.074757,0.066953,-0.104073,-0.520493,1.118905,-0.212872,0.787502,-0.221580,-0.003232,0.326901,-0.298420,-1.055875,0.492969,-0.660181,0.065102,0.110245,-0.094702
0.037100,0.014753,0.772852,0.056614,0.021288,-0.685334,0.725713,-0.174375,-0.015551,-0.339872,0.270832,-0.260920,-0.120508,-0.476097,-0.274761,0.056320,0.691761,-0.234115,0.211904,0.059403,0.063773,-0.110236,-0.542141,1.114946,-0.190994,0.699689,-0.228133,-0.008141,0.342688,-0.226870,-1.062063,0.507994,-0.606945,0.066829,0.113125,-0.079309
0.033663,0.013853,0.773468,0.057058,0.021236,-0.674668,0.735606,-0.163251,-0.013270,-0.364600,0.234831,-0.242524,-0.124907,-0.458474,-0.275827,0.056642,0.684984,-0.249816,0.212088,0.042807,0.061136,-0.116900,-0.556950,1.110309,-0.163643,0.607574,-0.232115,-0.012207,0.359151,-0.154224,-1.066918,0.523058,-0.555104,0.067371,0.116585,-0.063375
0.030248,0.012966,0.774048,0.057486,0.021119,-0.663812,0.745388,-0.152420,-0.010872,-0.389521,0.199650,-0.224557,-0.128881,-0.440648,-0.276968,0.056925,0.677899,-0.265375,0.212403,0.025464,0.058571,-0.123439,-0.569675,1.104657,-0.135105,0.514235,-0.233872,-0.016129,0.375968,-0.081369,-1.070044,0.538571,-0.503050,0.066941,0.120170,-0.047473
0.025818,0.013057,0.773431,0.059028,0.020360,-0.656029,0.752149,-0.147681,-0.008789,-0.403453,0.185539,-0.215985,-0.134404,-0.434561,-0.279766,0.052656,0.681100,-0.285325,0.208875,0.017687,0.054610,-0.129005,-0.581319,1.068578,-0.104625,0.412238,-0.236280,-0.018661,0.393753,-0.031685,-1.097048,0.554613,-0.471980,0.050311,0.122934,-0.019252
0.021372,0.013209,0.772810,0.060713,0.019911,-0.648255,0.758738,-0.144117,-0.006661,-0.417242,0.172467,-0.207964,-0.139534,-0.429386,-0.282207,0.048708,0.684248,-0.305187,0.205156,0.009669,0.051438,-0.135327,-0.590467,1.030221,-0.073112,0.307975,-0.235311,-0.020728,0.412353,0.018162,-1.123799,0.571346,-0.441657,0.033368,0.126440,0.008300
0.017017,0.013405,0.772131,0.062364,0.019526,-0.640428,0.765233,-0.140691,-0.004373,-0.431095,0.159549,-0.199976,-0.144617,-0.424262,-0.284430,0.044826,0.687229,-0.324964,0.201559,0.001172,0.048162,-0.141895,-0.598960,0.990662,-0.042480,0.202348,-0.231418,-0.022547,0.430740,0.068149,-1.149079,0.588771,-0.410994,0.015956,0.129680,0.035369
0.011297,0.014813,0.770830,0.062854,0.018820,-0.634647,0.770012,-0.137750,0.006167,-0.434088,0.159866,-0.200396,-0.156434,-0.427384,-0.281924,0.041945,0.701177,-0.342367,0.195443,-0.004472,0.033103,-0.139216,-0.591964,0.964250,-0.021220,0.058604,-0.210827,-0.022583,0.438726,0.128927,-1.165561,0.576999,-0.324443,0.004063,0.136130,0.045029
0.005363,0.016152,0.769366,0.063489,0.018235,-0.628977,0.774612,-0.135165,0.016865,-0.436474,0.160763,-0.201678,-0.167276,-0.431614,-0.279024,0.039616,0.716500,-0.360095,0.188701,-0.008596,0.016911,-0.136739,-0.585089,0.938069,-0.002987,-0.089591,-0.187359,-0.018774,0.444452,0.193988,-1.177259,0.561314,-0.235045,-0.009484,0.139580,0.054006
-0.000745,0.017521,0.767878,0.064253,0.017721,-0.623275,0.779157,-0.132758,0.027592,-0.438760,0.161678,-0.203020,-0.178222,-0.436190,-0.276070,0.037420,0.732197,-0.378100,0.181831,-0.012334,0.000157,-0.134371,-0.579215,0.912963,0.012298,-0.238557,-0.162433,-0.013595,0.446833,0.262053,-1.185231,0.542956,-0.144879,-0.024050,0.142369,0.062026
-0.007737,0.018036,0.766338,0.063256,0.018666,-0.620412,0.781498,-0.135715,0.048661,-0.430087,0.164879,-0.199759,-0.197051,-0.444305,-0.263880,0.034958,0.750915,-0.389884,0.171365,-0.006230,-0.007803,-0.129256,-0.566635,0.892319,0.015253,-0.341836,-0.150203,-0.004859,0.434750,0.297344,-1.188854,0.521648,-0.002018,-0.038392,0.141109,0.052550
-0.014960,0.018660,0.764859,0.061869,0.019929,-0.617864,0.783594,-0.138773,0.071466,-0.420268,0.168226,-0.196836,-0.214719,-0.453035,-0.249627,0.032720,0.769689,-0.400228,0.160111,-0.001158,-0.015493,-0.123971,-0.556496,0.875630,0.016535,-0.440017,-0.139749,0.000989,0.420654,0.324183,-1.188958,0.507358,0.147707,-0.050861,0.136652,0.039628
-0.022405,0.019414,0.763289,0.060459,0.021160,-0.615323,0.785668,-0.141692,0.094498,-0.410466,0.171530,-0.193880,-0.232573,-0.461919,-0.235139,0.030367,0.788688,-0.410607,0.148629,0.002755,-0.023537,-0.118548,-0.546433,0.861694,0.017665,-0.536852,-0.130173,0.006037,0.404992,0.347516,-1.187248,0.495108,0.299884,-0.061460,0.131178,0.024716
-0.028575,0.020091,0.762348,0.059893,0.022287,-0.615100,0.785855,-0.154301,0.112668,-0.366679,0.183839,-0.188244,-0.236769,-0.472189,-0.225747,0.023459,0.803093,-0.413495,0.138956,0.006034,-0.029288,-0.111149,-0.534963,0.844924,0.001765,-0.600476,-0.128441,0.013716,0.384236,0.351233,-1.189571,0.479880,0.395768,-0.059113,0.122078,0.015758
-0.034774,0.020891,0.761346,0.059478,0.023588,-0.614836,0.786055,-0.166969,0.131232,-0.322726,0.196412,-0.182635,-0.241598,-0.483860,-0.216113,0.017156,0.818294,-0.415384,0.128500,0.009226,-0.035071,-0.104088,-0.525478,0.829877,-0.015305,-0.661193,-0.127837,0.019773,0.363271,0.355747,-1.193113,0.462736,0.488085,-0.055010,0.116058,0.007946
-0.041049,0.021739,0.760450,0.059144,0.024943,-0.614500,0.786301,-0.179071,0.150206,-0.278833,0.208803,-0.176970,-0.246318,-0.496056,-0.206571,0.010702,0.833590,-0.417136,0.117981,0.012419,-0.040985,-0.097175,-0.516682,0.816073,-0.033055,-0.721133,-0.127797,0.025407,0.342258,0.360740,-1.196823,0.444033,0.579484,-0.050327,0.110528,0.000683
-0.047134,0.022581,0.761503,0.058935,0.024934,-0.613975,0.786727,-0.215212,0.167734,-0.207879,0.270550,-0.171234,-0.210554,-0.496279,-0.199518,0.003098,0.830079,-0.413069,0.108534,0.012152,-0.046999,-0.090396,-0.515948,0.805933,-0.048594,-0.757351,-0.121193,0.031433,0.331353,0.364179,-1.195321,0.419175,0.702630,-0.040983,0.113260,-0.003373
-0.053752,0.023656,0.762809,0.058892,0.025179,-0.613325,0.787230,-0.252300,0.187052,-0.136916,0.335947,-0.167725,-0.172983,-0.498017,-0.191634,-0.004320,0.826691,-0.407462,0.097828,0.011768,-0.054634,-0.083953,-0.518246,0.797476,-0.066439,-0.791241,-0.114676,0.036757,0.320489,0.363164,-1.191704,0.395922,0.828798,-0.030956,0.114153,-0.006434
-0.060653,0.024759,0.764270,0.058852,0.025559,-0.612507,0.787857,-0.288795,0.208583,-0.065839,0.403483,-0.165977,-0.133508,-0.500056,-0.183282,-0.012394,0.822506,-0.401168,0.086521,0.010598,-0.062886,-0.077694,-0.521077,0.790223,-0.084505,-0.824430,-0.108400,0.041795,0.309418,0.359568,-1.188085,0.373102,0.954907,-0.020190,0.114975,-0.008280
-0.067937,0.024687,0.766130,0.059381,0.027027,-0.614304,0.786368,-0.331756,0.216983,-0.031653,0.473274,-0.168030,-0.112635,-0.501038,-0.169938,-0.017882,0.811331,-0.392698,0.074259,0.006853,-0.073612,-0.076168,-0.523549,0.790439,-0.111604,-0.840028,-0.107526,0.045509,0.297316,0.339577,-1.195320,0.351469,0.993641,-0.009447,0.111168,-0.021888
-0.075175,0.024649,0.768118,0.059648,0.028767,-0.616004,0.784955,-0.375317,0.226932,0.002450,0.545245,-0.171369,-0.091050,-0.501694,-0.155928,-0.023821,0.799151,-0.383380,0.061352,0.002938,-0.082710,-0.074860,-0.525474,0.790096,-0.137755,-0.855200,-0.107105,0.048234,0.284984,0.323731,-1.205011,0.326470,1.026940,0.001960,0.110912,-0.034880
-0.082333,0.024700,0.770004,0.059655,0.030727,-0.617732,0.783521,-0.419659,0.238740,0.036599,0.620131,-0.176374,-0.068862,-0.502598,-0.141214,-0.030012,0.786965,-0.373906,0.048349,-0.000593,-0.091040,-0.073485,-0.527866,0.789651,-0.164104,-0.870213,-0.106790,0.050914,0.272583,0.309200,-1.215323,0.300223,1.059307,0.013605,0.110887,-0.047509
-0.087222,0.024685,0.771170,0.058782,0.033916,-0.626677,0.776318,-0.444178,0.235655,0.047934,0.673438,-0.187993,-0.066020,-0.506549,-0.119289,-0.029527,0.772310,-0.361608,0.037250,0.003250,-0.091678,-0.074387,-0.507817,0.793564,-0.190484,-0.867408,-0.107344,0.051438,0.267616,0.279611,-1.238259,0.276874,1.068271,0.022920,0.109720,-0.054967
-0.092000,0.024842,0.772327,0.057738,0.036987,-0.635524,0.769030,-0.468271,0.232879,0.059681,0.727223,-0.200101,-0.062972,-0.509757,-0.097440,-0.028986,0.757235,-0.349075,0.026000,0.006172,-0.091638,-0.074928,-0.486126,0.797766,-0.214928,-0.864795,-0.107927,0.051357,0.262001,0.248487,-1.262419,0.255254,1.077242,0.032431,0.108455,-0.061706
-0.096727,0.025011,0.773404,0.056639,0.040062,-0.644274,0.761642,-0.492507,0.230507,0.071801,0.781808,-0.212774,-0.059791,-0.512933,-0.075651,-0.028392,0.742296,-0.336614,0.014859,0.008872,-0.091363,-0.075327,-0.464240,0.802659,-0.239239,-0.862594,-0.108508,0.051627,0.256891,0.216598,-1.286757,0.234628,1.085789,0.042073,0.107747,-0.068514
-0.099442,0.024829,0.774148,0.055724,0.042448,-0.658378,0.749421,-0.501463,0.206062,0.057990,0.796640,-0.225851,-0.083994,-0.515750,-0.051325,-0.020265,0.726378,-0.323359,0.005781,0.014439,-0.087967,-0.076824,-0.474041,0.808743,-0.313681,-0.849903,-0.119612,0.053712,0.235248,0.172562,-1.311100,0.239976,1.056293,0.044663,0.105395,-0.068897
-0.102294,0.024803,0.774853,0.054878,0.044524,-0.672190,0.736998,-0.509985,0.181218,0.044756,0.811724,-0.239493,-0.108267,-0.518335,-0.027475,-0.012067,0.711005,-0.310221,-0.003389,0.020341,-0.086321,-0.077652,-0.486987,0.815027,-0.390802,-0.835549,-0.130692,0.055523,0.213872,0.125463,-1.333331,0.248335,1.027479,0.047424,0.103604,-0.069322
-0.105325,0.025038,0.775561,0.054167,0.046514,-0.685702,0.724372,-0.518377,0.156045,0.032157,0.826931,-0.253709,-0.132468,-0.520742,-0.004047,-0.003821,0.695553,-0.296922,-0.012583,0.026306,-0.085238,-0.078357,-0.500700,0.820677,-0.468694,-0.821308,-0.141580,0.057433,0.192374,0.076488,-1.354698,0.258640,0.998780,0.050204,0.101800,-0.069830
-0.106490,0.025113,0.776248,0.051640,0.050429,-0.695734,0.714664,-0.521093,0.139598,0.017070,0.823768,-0.264947,-0.153245,-0.516120,0.019722,0.002457,0.671107,-0.282922,-0.017643,0.039653,-0.080682,-0.080785,-0.484009,0.834791,-0.506948,-0.765623,-0.139121,0.057886,0.179558,0.026496,-1.375666,0.262070,0.963687,0.053593,0.097771,-0.075067
-0.107720,0.025356,0.777106,0.049015,0.054277,-0.705565,0.704862,-0.523053,0.123218,0.002114,0.820368,-0.276508,-0.173630,-0.510351,0.043087,0.008709,0.645431,-0.268494,-0.022005,0.052509,-0.075515,-0.082900,-0.466103,0.848658,-0.544528,-0.710361,-0.135621,0.057391,0.166097,-0.025450,-1.396965,0.267569,0.927805,0.056978,0.094146,-0.080311
-0.109858,0.023626,0.777506,0.046723,0.057201,-0.714638,0.695584,-0.523611,0.105119,-0.013966,0.823609,-0.295629,-0.194517,-0.506295,0.064554,0.013805,0.633731,-0.265554,-0.027652,0.065026,-0.075102,-0.081778,-0.445646,0.869822,-0.580136,-0.666582,-0.132232,0.060791,0.152873,-0.066342,-1.414907,0.259475,0.892083,0.059692,0.086739,-0.086039
-0.109865,0.025558,0.778607,0.044268,0.061590,-0.725475,0.684056,-0.518757,0.098319,-0.028183,0.803896,-0.292467,-0.180103,-0.497535,0.084104,0.027420,0.600781,-0.245886,-0.025492,0.089343,-0.065723,-0.088520,-0.399233,0.900281,-0.605836,-0.560001,-0.130229,0.054553,0.141059,-0.129883,-1.447162,0.288220,0.838347,0.054634,0.086811,-0.086348
-0.110734,0.025641,0.779444,0.041940,0.065129,-0.735633,0.672937,-0.512190,0.090043,-0.043687,0.790188,-0.296150,-0.166253,-0.489582,0.102022,0.039844,0.580369,-0.236940,-0.024123,0.110927,-0.060139,-0.092886,-0.345250,0.937463,-0.624239,-0.462874,-0.127132,0.050015,0.128879,-0.198181,-1.476201,0.319720,0.786747,0.049643,0.083939,-0.086799
-0.111570,0.025729,0.780231,0.039795,0.068637,-0.745532,0.661730,-0.505899,0.081411,-0.059296,0.776812,-0.299928,-0.152293,-0.481895,0.119392,0.052446,0.560755,-0.228455,-0.022853,0.132356,-0.055695,-0.097186,-0.288735,0.975123,-0.640642,-0.367096,-0.122325,0.045926,0.117644,-0.271238,-1.503915,0.356127,0.734469,0.044704,0.081308,-0.087580
-0.110469,0.024929,0.780618,0.036309,0.071917,-0.753643,0.652328,-0.492194,0.083494,-0.062235,0.764302,-0.316612,-0.128152,-0.468096,0.132628,0.068805,0.533274,-0.214559,-0.018982,0.148079,-0.047531,-0.105525,-0.236639,1.015648,-0.648714,-0.295589,-0.122925,0.040471,0.100327,-0.351493,-1.511222,0.382901,0.716146,0.047128,0.083265,-0.092829
-0.109371,0.024299,0.781052,0.032768,0.074996,-0.761641,0.642810,-0.477930,0.085017,-0.065282,0.751704,-0.333778,-0.104322,-0.453334,0.145300,0.085482,0.505456,-0.200580,-0.015146,0.164195,-0.040289,-0.113092,-0.180607,1.055254,-0.652540,-0.224893,-0.122225,0.035890,0.083186,-0.432833,-1.516862,0.410529,0.698979,0.049281,0.084190,-0.098423
-0.108234,0.023647,0.781486,0.029366,0.078000,-0.769474,0.633217,-0.463797,0.085735,-0.068524,0.739310,-0.351460,-0.080691,-0.438397,0.157287,0.102495,0.477918,-0.186757,-0.011242,0.180492,-0.033639,-0.120505,-0.120020,1.092951,-0.651350,-0.153832,-0.119957,0.031180,0.066179,-0.514847,-1.521623,0.438821,0.681948,0.051332,0.085023,-0.104132
-0.105426,0.022575,0.781738,0.025232,0.080363,-0.776291,0.624722,-0.445799,0.095308,-0.060210,0.721246,-0.358441,-0.061933,-0.422003,0.164053,0.111054,0.458371,-0.181160,-0.005733,0.188282,-0.022098,-0.128848,-0.066431,1.123028,-0.626698,-0.077819,-0.109971,0.025521,0.062480,-0.589366,-1.518865,0.471056,0.663247,0.052761,0.086166,-0.110140
-0.102640,0.021624,0.782018,0.021225,0.082535,-0.782900,0.616283,-0.427380,0.103744,-0.051716,0.702794,-0.365594,-0.043340,-0.405407,0.169860,0.119714,0.439117,-0.176042,0.000184,0.195907,-0.010873,-0.136669,-0.008982,1.150927,-0.597511,-0.001206,-0.098928,0.019403,0.059098,-0.662828,-1.515703,0.501841,0.644608,0.054094,0.087035,-0.115880
-0.099803,0.020699,0.782217,0.017303,0.084689,-0.789379,0.607791,-0.408866,0.111519,-0.043080,0.684367,-0.373187,-0.025012,-0.388726,0.175195,0.128529,0.419901,-0.171020,0.006139,0.203768,0.000275,-0.144323,0.052155,1.176538,-0.564343,0.075957,-0.087110,0.012907,0.056609,-0.735234,-1.512042,0.531472,0.625991,0.055397,0.087926,-0.121669
-0.096262,0.019392,0.782343,0.013154,0.086350,-0.790354,0.606392,-0.395794,0.117304,-0.040232,0.671386,-0.371339,-0.013458,-0.377789,0.178161,0.133206,0.412302,-0.166902,0.010619,0.193070,0.017080,-0.147601,0.103661,1.186574,-0.528937,0.149392,-0.077681,0.009045,0.056376,-0.792018,-1.504359,0.548419,0.599842,0.064451,0.089448,-0.129330
-0.092735,0.018152,0.782460,0.009335,0.087943,-0.791178,0.605158,-0.383034,0.122257,-0.037349,0.658156,-0.369418,-0.001882,-0.367346,0.180346,0.137778,0.405214,-0.163364,0.015900,0.183664,0.032723,-0.150559,0.153131,1.195551,-0.494799,0.223275,-0.067997,0.005253,0.056912,-0.838070,-1.497964,0.554566,0.571869,0.073228,0.091131,-0.137283
-0.089327,0.016971,0.782499,0.005663,0.089514,-0.791965,0.603943,-0.370281,0.126905,-0.034296,0.644777,-0.367597,0.009582,-0.356966,0.182254,0.142427,0.398169,-0.159878,0.021180,0.175515,0.047481,-0.153301,0.201294,1.203753,-0.461338,0.297578,-0.058106,0.001353,0.058200,-0.875855,-1.492357,0.552445,0.542723,0.081556,0.092753,-0.145536
-0.086681,0.016937,0.782081,0.003641,0.088242,-0.792099,0.603969,-0.361998,0.125963,-0.030191,0.638097,-0.365987,0.013628,-0.355181,0.177260,0.137011,0.404738,-0.163404,0.024431,0.166878,0.057896,-0.149778,0.221825,1.204590,-0.464496,0.360704,-0.046814,0.001688,0.047120,-0.913423,-1.470607,0.544842,0.507549,0.091107,0.093097,-0.158883
-0.083962,0.017159,0.781637,0.001763,0.086903,-0.792194,0.604047,-0.354069,0.124505,-0.025951,0.631469,-0.364254,0.017876,-0.354053,0.171811,0.131423,0.412156,-0.167327,0.028188,0.160577,0.068109,-0.146593,0.235042,1.204576,-0.474427,0.426214,-0.035798,0.002222,0.036708,-0.944604,-1.450768,0.531434,0.472543,0.100374,0.093160,-0.172477
-0.081241,0.017307,0.781113,-0.000087,0.085537,-0.792286,0.604125,-0.346149,0.122889,-0.021614,0.624736,-0.362464,0.022148,-0.352949,0.166262,0.125861,0.419632,-0.171242,0.031971,0.155292,0.078056,-0.143431,0.245801,1.204277,-0.486292,0.492710,-0.024502,0.002575,0.026937,-0.970370,-1.431565,0.512776,0.437057,0.109056,0.092978,-0.186323
-0.076233,0.018307,0.780143,-0.002678,0.083019,-0.791658,0.605292,-0.343871,0.116229,-0.016656,0.630090,-0.362380,0.027225,-0.354894,0.157087,0.121429,0.433738,-0.175910,0.039440,0.147108,0.091525,-0.134822,0.246404,1.198260,-0.487391,0.555597,-0.014251,0.001423,0.024418,-0.975305,-1.408346,0.466792,0.381497,0.122094,0.089620,-0.215135
-0.071378,0.019330,0.779003,-0.004990,0.080248,-0.790958,0.606564,-0.341820,0.108928,-0.011661,0.635494,-0.362326,0.032110,-0.356722,0.147003,0.115972,0.447915,-0.182922,0.047041,0.139591,0.102093,-0.125989,0.245737,1.194599,-0.489048,0.618094,-0.003992,0.000293,0.022327,-0.966165,-1.384546,0.406822,0.322137,0.132189,0.086321,-0.244707
-0.066692,0.020370,0.777972,-0.007202,0.077391,-0.790241,0.607847,-0.339672,0.101524,-0.006649,0.640432,-0.362039,0.036784,-0.358590,0.136822,0.110477,0.462321,-0.190045,0.054421,0.132610,0.110983,-0.117283,0.244148,1.192484,-0.491352,0.680386,0.006135,-0.000712,0.020662,-0.948956,-1.359136,0.339241,0.260263,0.139438,0.082777,-0.274558
-0.062313,0.021848,0.776574,-0.007878,0.072882,-0.792044,0.606047,-0.336885,0.091418,0.002912,0.645400,-0.362092,0.042521,-0.371003,0.121162,0.095808,0.490793,-0.193618,0.056765,0.135550,0.115406,-0.105654,0.244643,1.181677,-0.497627,0.733595,0.014935,0.001746,0.017701,-0.927217,-1.329606,0.276645,0.162075,0.133587,0.078070,-0.299779
-0.057960,0.023295,0.775165,-0.008076,0.068196,-0.793762,0.604340,-0.334997,0.080379,0.012550,0.650560,-0.362138,0.048385,-0.384284,0.104248,0.080343,0.520522,-0.199197,0.060686,0.138653,0.118469,-0.094543,0.244455,1.171490,-0.504473,0.786573,0.023515,0.004639,0.015030,-0.902835,-1.297486,0.212334,0.060311,0.124272,0.075320,-0.323953
-0.053716,0.024800,0.773738,-0.008061,0.063373,-0.795413,0.602692,-0.333398,0.068887,0.022134,0.655474,-0.361940,0.054155,-0.397822,0.086855,0.064957,0.550976,-0.205164,0.064479,0.141923,0.120571,-0.083612,0.243745,1.161998,-0.511705,0.839432,0.031853,0.007646,0.012582,-0.877739,-1.262366,0.148390,-0.043791,0.111954,0.073366,-0.346647
-0.051397,0.026439,0.772447,-0.006763,0.058502,-0.795674,0.602855,-0.333544,0.056587,0.029161,0.658320,-0.359944,0.058125,-0.417114,0.065794,0.044497,0.588081,-0.204830,0.065114,0.148111,0.119297,-0.073554,0.231397,1.158851,-0.514322,0.892286,0.040356,0.011276,0.010703,-0.848627,-1.219894,0.095472,-0.127248,0.101561,0.074368,-0.354956
-0.049137,0.028061,0.770975,-0.004914,0.053522,-0.795805,0.603163,-0.334739,0.043329,0.036178,0.661196,-0.357718,0.062166,-0.437281,0.043402,0.024263,0.626332,-0.205566,0.065350,0.154455,0.117121,-0.064112,0.217455,1.156318,-0.518180,0.945304,0.048322,0.014961,0.008283,-0.824147,-1.176466,0.047553,-0.209701,0.090656,0.074309,-0.361365
-0.046799,0.029719,0.769529,-0.002787,0.048446,-0.795842,0.603557,-0.336465,0.029494,0.043181,0.664150,-0.355391,0.066292,-0.457681,0.020078,0.004473,0.665296,-0.206668,0.065374,0.160771,0.114790,-0.054764,0.203034,1.153399,-0.522694,0.998345,0.055834,0.018748,0.006549,-0.804060,-1.132262,0.004959,-0.292597,0.079271,0.074702,-0.367048
-0.045106,0.031004,0.769353,-0.000605,0.044127,-0.793995,0.606320,-0.333635,0.014110,0.043854,0.654601,-0.347605,0.072528,-0.477695,-0.004337,-0.013976,0.698053,-0.215392,0.057516,0.165777,0.111477,-0.049787,0.176970,1.157768,-0.516046,1.017044,0.053369,0.016061,0.013825,-0.766398,-1.101785,-0.023507,-0.373454,0.067983,0.076166,-0.361098
-0.043559,0.032207,0.769167,0.001797,0.039687,-0.792044,0.609170,-0.330488,-0.001862,0.044480,0.644330,-0.339523,0.078801,-0.497193,-0.029701,-0.031937,0.730622,-0.224340,0.049364,0.171011,0.107329,-0.044878,0.151753,1.163618,-0.509309,1.033003,0.050090,0.015020,0.020922,-0.729668,-1.071086,-0.050201,-0.454498,0.057266,0.077168,-0.354094
-0.041953,0.033468,0.768911,0.004380,0.035204,-0.790014,0.612061,-0.327537,-0.018191,0.045055,0.634193,-0.331512,0.085125,-0.516551,-0.055777,-0.049367,0.763414,-0.233550,0.040995,0.176229,0.102838,-0.039913,0.126560,1.169868,-0.502613,1.048400,0.046663,0.014255,0.027914,-0.695006,-1.040101,-0.074138,-0.535585,0.046862,0.078106,-0.346234
-0.041044,0.034345,0.769898,0.006840,0.032738,-0.784279,0.619507,-0.322667,-0.033679,0.037937,0.612987,-0.318125,0.088591,-0.540944,-0.077984,-0.056474,0.794345,-0.241247,0.038138,0.181391,0.100908,-0.041687,0.084439,1.168470,-0.477132,1.034027,0.023327,0.011210,0.047321,-0.654674,-1.009657,-0.087363,-0.594771,0.043287,0.083372,-0.331445
-0.040153,0.035253,0.770891,0.009485,0.030393,-0.778414,0.626943,-0.318197,-0.049380,0.030795,0.592040,-0.304813,0.092297,-0.565634,-0.100573,-0.063097,0.825253,-0.248912,0.035356,0.186171,0.099413,-0.043644,0.044038,1.166633,-0.450180,1.018609,-0.000214,0.008735,0.067307,-0.618097,-0.979971,-0.096710,-0.652184,0.040607,0.087903,-0.316564
-0.039145,0.036196,0.771718,0.012156,0.028148,-0.772446,0.634340,-0.313926,-0.065030,0.023564,0.571674,-0.291839,0.096110,-0.590307,-0.123329,-0.069342,0.856125,-0.256599,0.032508,0.190574,0.098343,-0.045552,0.005125,1.164431,-0.421613,1.003078,-0.023335,0.005911,0.087691,-0.584107,-0.950660,-0.103148,-0.708735,0.038362,0.092190,-0.301631
-0.039654,0.036227,0.772666,0.013157,0.027878,-0.761313,0.647651,-0.311612,-0.078191,0.005326,0.556322,-0.279238,0.098188,-0.597534,-0.142660,-0.069865,0.875812,-0.245665,0.028367,0.187481,0.095653,-0.047914,-0.065488,1.162128,-0.379659,0.961014,-0.065199,-0.001993,0.122194,-0.544650,-0.940134,-0.087754,-0.720967,0.035106,0.096437,-0.290470
-0.039868,0.036554,0.773678,0.013558,0.027512,-0.750029,0.660693,-0.308515,-0.090740,-0.012872,0.541816,-0.267129,0.100220,-0.603637,-0.161646,-0.070534,0.895059,-0.233856,0.024709,0.185256,0.095078,-0.049239,-0.136680,1.156872,-0.337712,0.919803,-0.106030,-0.010741,0.157693,-0.508332,-0.932211,-0.070017,-0.729160,0.032619,0.098175,-0.279767
-0.039985,0.036909,0.774684,0.013730,0.027127,-0.738570,0.673491,-0.305027,-0.102967,-0.031058,0.527675,-0.255246,0.102418,-0.609339,-0.180545,-0.071220,0.914109,-0.221958,0.021009,0.183434,0.095298,-0.050411,-0.206190,1.149394,-0.294010,0.878942,-0.145020,-0.021066,0.194509,-0.472762,-0.925161,-0.051365,-0.736546,0.030276,0.099542,-0.269165
-0.041481,0.036848,0.775815,0.013673,0.028234,-0.721974,0.691209,-0.304540,-0.114713,-0.057371,0.515364,-0.241694,0.102530,-0.601971,-0.199138,-0.059082,0.928532,-0.227418,0.016728,0.182905,0.094654,-0.055274,-0.280866,1.122033,-0.251466,0.787421,-0.178839,-0.030029,0.237412,-0.435452,-0.921895,-0.000591,-0.710628,0.035803,0.100773,-0.244826
-0.042754,0.036900,0.776855,0.013403,0.029061,-0.704834,0.708650,-0.303619,-0.127028,-0.083876,0.503841,-0.228418,0.103248,-0.594608,-0.218405,-0.046732,0.943548,-0.233192,0.012791,0.181881,0.094823,-0.059979,-0.349105,1.089788,-0.202723,0.693454,-0.208305,-0.038976,0.283358,-0.400739,-0.919803,0.052975,-0.682220,0.041361,0.100860,-0.220703
-0.043897,0.037328,0.777873,0.012907,0.029712,-0.687230,0.725717,-0.302145,-0.139399,-0.110514,0.492672,-0.215278,0.104167,-0.587060,-0.237855,-0.034366,0.958525,-0.238837,0.008981,0.180623,0.095117,-0.064757,-0.412552,1.053431,-0.149615,0.598154,-0.233036,-0.049551,0.331306,-0.366700,-0.917508,0.107864,-0.653339,0.046491,0.100988,-0.196520
-0.046964,0.037686,0.778490,0.012620,0.029077,-0.675116,0.737030,-0.299675,-0.147856,-0.135505,0.485006,-0.206542,0.099076,-0.570732,-0.254153,-0.023354,0.971077,-0.243774,-0.003247,0.168496,0.090163,-0.066272,-0.447992,0.997467,-0.114602,0.473720,-0.238639,-0.053223,0.355329,-0.290713,-0.928058,0.155562,-0.588137,0.052450,0.106250,-0.175145
-0.049874,0.038082,0.779130,0.012112,0.028493,-0.662897,0.748070,-0.296745,-0.156011,-0.160742,0.477582,-0.198083,0.094879,-0.554196,-0.270180,-0.012373,0.982961,-0.248513,-0.015393,0.157474,0.085738,-0.068743,-0.481565,0.938894,-0.080770,0.345148,-0.240251,-0.054880,0.380434,-0.211913,-0.938107,0.202588,-0.523583,0.057223,0.110489,-0.153499
-0.052720,0.038657,0.779822,0.011530,0.027733,-0.650430,0.758972,-0.293509,-0.164376,-0.186129,0.470452,-0.189753,0.090820,-0.537851,-0.286586,-0.001275,0.994941,-0.253342,-0.027492,0.146168,0.081017,-0.071284,-0.515006,0.879018,-0.048888,0.215177,-0.238578,-0.056143,0.405764,-0.132701,-0.946686,0.250393,-0.459312,0.060439,0.114922,-0.131568
-0.055404,0.038540,0.779961,0.010661,0.027741,-0.632025,0.774378,-0.294200,-0.175019,-0.212175,0.468492,-0.181482,0.088907,-0.497678,-0.279468,0.022247,0.981542,-0.250582,-0.029510,0.124393,0.072450,-0.074845,-0.544436,0.824041,-0.045002,0.062772,-0.225368,-0.053795,0.412492,-0.054525,-0.971405,0.278506,-0.286557,0.053054,0.123145,-0.114982
-0.058283,0.038641,0.780169,0.009544,0.027117,-0.613152,0.789441,-0.293549,-0.185829,-0.238136,0.466676,-0.173337,0.086136,-0.456428,-0.272958,0.045717,0.968394,-0.248006,-0.031909,0.102063,0.063598,-0.077409,-0.573562,0.770079,-0.043677,-0.091220,-0.209378,-0.048657,0.418304,0.021664,-0.989290,0.311764,-0.106770,0.042123,0.125154,-0.099600
-0.061496,0.038870,0.780255,0.008696,0.026122,-0.593721,0.804200,-0.292295,-0.197327,-0.264469,0.464528,-0.165052,0.083074,-0.415234,-0.267506,0.069199,0.955925,-0.245881,-0.034642,0.078150,0.053706,-0.079640,-0.601981,0.719041,-0.043494,-0.245340,-0.191876,-0.042770,0.421808,0.098168,-1.000014,0.347964,0.074129,0.027636,0.126082,-0.086174
-0.065035,0.038426,0.779603,0.009545,0.025538,-0.576367,0.816736,-0.296720,-0.209588,-0.285693,0.468240,-0.160522,0.080583,-0.369569,-0.262521,0.086798,0.925193,-0.258478,-0.014498,0.049978,0.041152,-0.081443,-0.617072,0.680773,-0.059426,-0.337926,-0.182600,-0.031851,0.412933,0.132646,-1.019204,0.378500,0.178017,0.005424,0.119925,-0.076730
-0.068778,0.038051,0.778915,0.010662,0.024855,-0.558623,0.828981,-0.301072,-0.222199,-0.306913,0.471696,-0.156002,0.076763,-0.324062,-0.258314,0.104081,0.894395,-0.271102,0.005176,0.020464,0.027932,-0.083022,-0.634053,0.646020,-0.074790,-0.425065,-0.175685,-0.025043,0.401845,0.168089,-1.036055,0.409526,0.278020,-0.017518,0.117871,-0.069429
-0.072770,0.037653,0.778077,0.012201,0.023995,-0.540458,0.840940,-0.305223,-0.235693,-0.328241,0.474837,-0.151382,0.072673,-0.278732,-0.255298,0.121161,0.863884,-0.284091,0.024518,-0.009594,0.013503,-0.084810,-0.651442,0.613312,-0.089915,-0.511026,-0.169389,-0.018991,0.389367,0.204824,-1.049925,0.440058,0.378304,-0.041286,0.115573,-0.063902
-0.078770,0.036343,0.776828,0.014522,0.023763,-0.529329,0.847959,-0.314824,-0.239050,-0.331605,0.482287,-0.154243,0.066764,-0.245800,-0.261944,0.107016,0.823180,-0.325541,0.035221,-0.032698,0.001240,-0.087516,-0.657261,0.598854,-0.108665,-0.580107,-0.164249,-0.009577,0.369213,0.236248,-1.047987,0.439588,0.465045,-0.045042,0.112204,-0.068825
-0.084933,0.035061,0.775498,0.016826,0.024110,-0.518348,0.854664,-0.325822,-0.241300,-0.334715,0.490676,-0.157881,0.060113,-0.214345,-0.267306,0.091256,0.783182,-0.366054,0.047059,-0.053642,-0.010886,-0.091285,-0.665199,0.585526,-0.128913,-0.647442,-0.160259,-0.001146,0.348505,0.271838,-1.044754,0.434866,0.549498,-0.048633,0.109996,-0.074102
-0.091212,0.033645,0.774188,0.019047,0.024699,-0.507392,0.861151,-0.337231,-0.242884,-0.337804,0.499412,-0.161946,0.053091,-0.183520,-0.271871,0.073751,0.743913,-0.405706,0.060371,-0.073625,-0.022775,-0.095497,-0.674058,0.573299,-0.149524,-0.714124,-0.156888,0.007018,0.327442,0.309278,-1.040326,0.427948,0.633276,-0.052236,0.108036,-0.079604
-0.096604,0.033344,0.772855,0.018421,0.027323,-0.500869,0.864896,-0.355028,-0.232755,-0.324642,0.514679,-0.169613,0.048762,-0.169731,-0.263700,0.057742,0.723321,-0.437208,0.083012,-0.083568,-0.025578,-0.093387,-0.681037,0.574260,-0.172744,-0.757673,-0.155667,0.016681,0.310669,0.336310,-1.032835,0.392359,0.721944,-0.038757,0.106367,-0.086574
-0.102078,0.033283,0.771478,0.017420,0.030723,-0.494783,0.868299,-0.375114,-0.220794,-0.311095,0.532321,-0.178393,0.044138,-0.158297,-0.253843,0.041940,0.703413,-0.468424,0.105586,-0.091043,-0.026938,-0.091805,-0.690676,0.574994,-0.196949,-0.799056,-0.155072,0.025212,0.293929,0.364402,-1.025335,0.353723,0.809581,-0.024631,0.104646,-0.092245
-0.107580,0.033169,0.770079,0.016105,0.034396,-0.488830,0.871552,-0.395898,-0.207805,-0.297680,0.551148,-0.187780,0.039279,-0.147588,-0.243341,0.025722,0.683769,-0.499604,0.128347,-0.097785,-0.027536,-0.090552,-0.700973,0.575732,-0.221031,-0.839588,-0.154707,0.033223,0.276605,0.392412,-1.018148,0.313787,0.896824,-0.010160,0.102436,-0.096313
-0.113476,0.033356,0.768513,0.013283,0.039662,-0.486906,0.872452,-0.423764,-0.179470,-0.261874,0.575500,-0.198944,0.037369,-0.150155,-0.225307,0.013363,0.672282,-0.503539,0.136160,-0.100509,-0.026886,-0.087584,-0.699179,0.580104,-0.248271,-0.850141,-0.156695,0.037912,0.266417,0.399747,-1.024609,0.286653,0.953476,-0.002394,0.101554,-0.094555
-0.119373,0.033544,0.766783,0.009978,0.045685,-0.485353,0.873067,-0.453230,-0.148706,-0.226755,0.602154,-0.211172,0.035129,-0.154825,-0.205527,0.001555,0.660733,-0.507038,0.143622,-0.103883,-0.024342,-0.085820,-0.696880,0.585583,-0.274051,-0.859451,-0.159097,0.041155,0.256210,0.404632,-1.032545,0.261785,1.009414,0.005963,0.102349,-0.091648
-0.125264,0.033753,0.765043,0.006265,0.051936,-0.483977,0.873516,-0.483005,-0.116254,-0.192557,0.630383,-0.224175,0.032768,-0.160409,-0.184920,-0.010018,0.649344,-0.510577,0.150895,-0.107250,-0.020885,-0.084312,-0.694493,0.591438,-0.299421,-0.868633,-0.161572,0.044261,0.245983,0.408749,-1.041056,0.237361,1.065367,0.014552,0.103315,-0.088079
-0.130716,0.034712,0.763809,0.002203,0.056151,-0.489906,0.869962,-0.503496,-0.075853,-0.150683,0.651202,-0.235018,0.031488,-0.169976,-0.164223,-0.012297,0.640377,-0.500258,0.151184,-0.103456,-0.015444,-0.078580,-0.662544,0.597301,-0.313676,-0.870448,-0.159404,0.043234,0.241501,0.404964,-1.061616,0.215947,1.091566,0.021192,0.101719,-0.087909
-0.135962,0.035521,0.762593,-0.002013,0.060336,-0.495969,0.866239,-0.523004,-0.034321,-0.109366,0.671755,-0.245974,0.030367,-0.179188,-0.143344,-0.014363,0.630574,-0.489670,0.151512,-0.100388,-0.008922,-0.073054,-0.628262,0.603637,-0.325901,-0.873410,-0.157209,0.041879,0.236732,0.401359,-1.083969,0.195033,1.116156,0.028138,0.101537,-0.087310
-0.141277,0.036283,0.761428,-0.006342,0.064533,-0.502074,0.862390,-0.542042,0.008255,-0.068799,0.692510,-0.257134,0.029286,-0.188550,-0.122286,-0.016373,0.620728,-0.479136,0.151777,-0.097406,-0.002130,-0.067569,-0.593557,0.610289,-0.337682,-0.876637,-0.155053,0.040554,0.231900,0.397859,-1.106680,0.174164,1.140602,0.035155,0.101544,-0.086440
-0.143963,0.036739,0.761584,-0.008937,0.067049,-0.512754,0.855867,-0.557418,0.056467,-0.043427,0.717915,-0.258095,0.004975,-0.194616,-0.104432,-0.003425,0.606002,-0.463609,0.152852,-0.093110,0.001070,-0.065058,-0.553999,0.619076,-0.365206,-0.873106,-0.158532,0.037971,0.226486,0.379082,-1.133331,0.161663,1.150486,0.039546,0.101203,-0.086202
-0.146802,0.037166,0.761816,-0.011492,0.069379,-0.523398,0.849182,-0.572113,0.105166,-0.018351,0.742370,-0.258626,-0.019089,-0.200037,-0.086658,0.009627,0.590889,-0.447979,0.153745,-0.089486,0.003420,-0.062401,-0.514194,0.629414,-0.392393,-0.869510,-0.162095,0.035124,0.221259,0.357735,-1.159576,0.152060,1.160754,0.044126,0.101508,-0.086010
-0.149674,0.037487,0.762180,-0.013915,0.071563,-0.533941,0.842373,-0.586415,0.154036,0.006498,0.766044,-0.258766,-0.042813,-0.205129,-0.069228,0.022753,0.575781,-0.432470,0.154551,-0.086239,0.005142,-0.059671,-0.474255,0.640675,-0.419214,-0.866053,-0.165684,0.032263,0.216021,0.334972,-1.185613,0.144042,1.171315,0.048752,0.101837,-0.085817
-0.150164,0.037374,0.763408,-0.014503,0.073097,-0.545414,0.834847,-0.594719,0.191519,0.003555,0.774864,-0.250175,-0.085939,-0.205112,-0.057993,0.040420,0.552437,-0.415717,0.156435,-0.080985,0.005754,-0.060501,-0.444217,0.664484,-0.457523,-0.836055,-0.170464,0.033664,0.198612,0.308884,-1.209915,0.139322,1.183776,0.053530,0.103645,-0.085573
-0.150722,0.037311,0.764765,-0.014907,0.074073,-0.556605,0.827334,-0.601874,0.228038,0.001151,0.781831,-0.240754,-0.129130,-0.203802,-0.047935,0.058002,0.528743,-0.398908,0.158286,-0.075797,0.004537,-0.060642,-0.416226,0.688706,-0.497066,-0.804336,-0.174921,0.034128,0.180757,0.281553,-1.232942,0.135945,1.196734,0.058301,0.105462,-0.085501
-0.151391,0.037266,0.766184,-0.015175,0.074775,-0.567653,0.819724,-0.608787,0.264077,-0.000891,0.788000,-0.231036,-0.172103,-0.201908,-0.038590,0.075689,0.505073,-0.382239,0.160087,-0.070587,0.002420,-0.060552,-0.388986,0.713369,-0.537010,-0.772518,-0.178928,0.034530,0.162725,0.253301,-1.255460,0.133650,1.209794,0.063040,0.107267,-0.085429
-0.151443,0.037101,0.767304,-0.016638,0.075258,-0.579801,0.811105,-0.603837,0.284137,-0.012807,0.794498,-0.222712,-0.181350,-0.198402,-0.030197,0.086331,0.482021,-0.366515,0.163041,-0.057145,0.004274,-0.062435,-0.336989,0.763510,-0.565369,-0.724944,-0.172869,0.033350,0.145417,0.210735,-1.292223,0.128909,1.188758,0.061304,0.103691,-0.090652
-0.151428,0.036974,0.768450,-0.018063,0.075500,-0.591672,0.802432,-0.598347,0.303585,-0.024463,0.800619,-0.214271,-0.190670,-0.194284,-0.022509,0.096911,0.458966,-0.350915,0.166022,-0.044967,0.005601,-0.064083,-0.283025,0.814647,-0.591425,-0.678259,-0.165769,0.031504,0.128001,0.165175,-1.329371,0.127743,1.166472,0.059520,0.101336,-0.095670
-0.151463,0.036834,0.769696,-0.019540,0.075672,-0.603404,0.793597,-0.592759,0.322987,-0.035954,0.806713,-0.205893,-0.200002,-0.189940,-0.015041,0.107585,0.435901,-0.335377,0.168948,-0.032607,0.006511,-0.065653,-0.228453,0.866183,-0.616556,-0.631841,-0.157726,0.029435,0.110840,0.117306,-1.366233,0.129355,1.144121,0.057794,0.099120,-0.100609
-0.148456,0.036554,0.769609,-0.022361,0.077721,-0.614996,0.784372,-0.576601,0.330946,-0.050234,0.801738,-0.219715,-0.200463,-0.185820,-0.005804,0.121631,0.413296,-0.321067,0.172353,-0.023109,0.015144,-0.069967,-0.191415,0.904004,-0.636644,-0.548824,-0.153832,0.028209,0.092743,0.074018,-1.395513,0.141947,1.082032,0.053216,0.095870,-0.102445
-0.145384,0.036442,0.769603,-0.025290,0.079690,-0.626438,0.774974,-0.560375,0.338808,-0.064627,0.797128,-0.233667,-0.200690,-0.181095,0.003177,0.135841,0.390515,-0.306753,0.175808,-0.012551,0.023818,-0.073743,-0.155162,0.939700,-0.657316,-0.462946,-0.148106,0.025028,0.074505,0.031601,-1.425105,0.153847,1.018205,0.048933,0.094075,-0.104026
-0.142354,0.036429,0.769596,-0.028209,0.081731,-0.637769,0.765360,-0.544349,0.346707,-0.079020,0.792769,-0.247776,-0.200900,-0.176221,0.012000,0.150325,0.367679,-0.292382,0.179243,-0.001025,0.032364,-0.077405,-0.118292,0.974279,-0.677645,-0.376480,-0.140544,0.021298,0.056800,-0.010694,-1.454777,0.165725,0.953736,0.044879,0.092402,-0.105373
-0.137260,0.035790,0.768558,-0.030021,0.083955,-0.648637,0.755858,-0.526681,0.351718,-0.076738,0.787064,-0.271566,-0.188692,-0.180913,0.015392,0.157097,0.361423,-0.282313,0.187182,0.009527,0.042347,-0.081856,-0.086926,0.997718,-0.675544,-0.280968,-0.132779,0.017994,0.047695,-0.057691,-1.480613,0.164514,0.930957,0.044953,0.093964,-0.113415
-0.132136,0.035237,0.767634,-0.031392,0.086117,-0.659287,0.746283,-0.509305,0.355391,-0.074344,0.781334,-0.295453,-0.176492,-0.186412,0.017767,0.163954,0.356177,-0.272946,0.195381,0.020382,0.051434,-0.086389,-0.054895,1.019453,-0.671980,-0.184215,-0.123352,0.014016,0.038785,-0.106538,-1.506527,0.164792,0.909825,0.044897,0.093602,-0.121147
-0.126997,0.034785,0.766760,-0.032548,0.088271,-0.669772,0.736583,-0.491989,0.358325,-0.072097,0.775624,-0.319634,-0.164475,-0.191947,0.019693,0.170939,0.350884,-0.263625,0.203695,0.031491,0.059979,-0.091004,-0.021369,1.039964,-0.666614,-0.086892,-0.112359,0.009546,0.030866,-0.156857,-1.532312,0.166615,0.888666,0.044802,0.093044,-0.128925
-0.119964,0.035166,0.765191,-0.033816,0.089429,-0.678199,0.728633,-0.484498,0.360828,-0.056764,0.783523,-0.340563,-0.147816,-0.200640,0.018351,0.181268,0.354232,-0.255651,0.214117,0.042480,0.069067,-0.092264,0.000439,1.056119,-0.657250,-0.011142,-0.100545,0.005481,0.025698,-0.216239,-1.545342,0.167615,0.852276,0.052679,0.092064,-0.139132
-0.112937,0.035559,0.763670,-0.034753,0.090571,-0.686458,0.720670,-0.477025,0.362486,-0.041663,0.791174,-0.361675,-0.131231,-0.209687,0.016364,0.191463,0.358065,-0.248132,0.224758,0.053060,0.077240,-0.093759,0.023954,1.072168,-0.646382,0.063727,-0.088188,0.002108,0.022234,-0.276806,-1.557111,0.169779,0.815240,0.060394,0.091761,-0.150164
-0.105811,0.035855,0.762202,-0.035548,0.091689,-0.694592,0.712651,-0.469291,0.363636,-0.026870,0.798682,-0.383130,-0.114770,-0.218615,0.014041,0.201721,0.361839,-0.240742,0.235550,0.063450,0.084977,-0.095392,0.048896,1.087515,-0.633520,0.138782,-0.075123,-0.001384,0.019232,-0.338498,-1.568168,0.172845,0.778407,0.067729,0.090971,-0.161109
-0.098608,0.036832,0.760276,-0.034641,0.089184,-0.701281,0.706435,-0.464073,0.353927,-0.011730,0.811833,-0.397566,-0.099966,-0.234655,-0.000488,0.194009,0.382792,-0.240851,0.242475,0.065020,0.093450,-0.091192,0.085104,1.082832,-0.603918,0.235769,-0.065334,-0.003679,0.026913,-0.400898,-1.550849,0.156958,0.714148,0.093491,0.085537,-0.190288
-0.091481,0.037804,0.758378,-0.033458,0.086366,-0.707675,0.700441,-0.458669,0.342888,0.003151,0.824389,-0.411840,-0.084941,-0.251186,-0.016233,0.186114,0.405281,-0.241889,0.249548,0.064338,0.101149,-0.086598,0.122934,1.077210,-0.571409,0.333507,-0.054801,-0.007278,0.035402,-0.457222,-1.530376,0.134620,0.648261,0.117331,0.080202,-0.221395
-0.084248,0.038859,0.756518,-0.032285,0.083395,-0.713970,0.694442,-0.452951,0.331531,0.017780,0.836571,-0.426140,-0.069922,-0.267532,-0.032380,0.178351,0.427881,-0.242981,0.256614,0.063195,0.108773,-0.081977,0.160327,1.071004,-0.538649,0.431106,-0.044448,-0.010797,0.044881,-0.506817,-1.507290,0.105694,0.581819,0.138884,0.074051,-0.253712
-0.078021,0.040436,0.755137,-0.031626,0.080353,-0.720081,0.688496,-0.448830,0.322148,0.030756,0.847080,-0.432777,-0.060182,-0.300796,-0.054441,0.136760,0.473500,-0.220887,0.261789,0.063035,0.110452,-0.072822,0.178628,1.067498,-0.514715,0.507882,-0.039189,-0.014461,0.053668,-0.542053,-1.476540,0.082458,0.506592,0.148893,0.068398,-0.278782
-0.073124,0.042379,0.754029,-0.031435,0.078214,-0.726371,0.682114,-0.445973,0.317080,0.041477,0.856861,-0.438230,-0.053037,-0.335024,-0.073377,0.093682,0.521014,-0.199731,0.261800,0.064157,0.111648,-0.064368,0.194602,1.067049,-0.492029,0.585088,-0.035224,-0.017653,0.062525,-0.569973,-1.441750,0.051929,0.430538,0.156413,0.063112,-0.304647
-0.067432,0.044645,0.752786,-0.030705,0.075905,-0.732679,0.675631,-0.444271,0.309887,0.053397,0.867503,-0.443858,-0.044132,-0.369383,-0.096489,0.051506,0.568609,-0.179247,0.261800,0.066422,0.112940,-0.055991,0.208307,1.065723,-0.471104,0.661900,-0.031771,-0.020611,0.072198,-0.591806,-1.406466,0.015648,0.352201,0.161423,0.057799,-0.331059
-0.057381,0.046300,0.752750,-0.028577,0.071944,-0.735081,0.673546,-0.439952,0.288456,0.070582,0.868464,-0.443450,-0.026000,-0.400964,-0.125001,0.029376,0.635815,-0.189184,0.229542,0.063503,0.116457,-0.050362,0.204241,1.058932,-0.463383,0.716198,-0.025912,-0.024034,0.077640,-0.585603,-1.381284,-0.007812,0.266765,0.150862,0.053502,-0.344949
-0.051747,0.048310,0.753282,-0.028057,0.069395,-0.737965,0.670675,-0.435104,0.278491,0.082223,0.865512,-0.439405,-0.016266,-0.432886,-0.141750,0.002474,0.705595,-0.200193,0.185950,0.063721,0.117024,-0.044423,0.197077,1.060307,-0.457304,0.771247,-0.021285,-0.026373,0.082891,-0.571711,-1.349575,-0.039144,0.180543,0.138643,0.050157,-0.358336
-0.046238,0.050421,0.753733,-0.027447,0.066810,-0.740844,0.667783,-0.430657,0.268543,0.093700,0.862920,-0.435545,-0.006738,-0.464784,-0.159044,-0.023637,0.776360,-0.211896,0.141587,0.065356,0.116481,-0.038530,0.188064,1.063346,-0.452845,0.825894,-0.017092,-0.028564,0.088150,-0.553018,-1.316505,-0.074777,0.091957,0.124747,0.047251,-0.370318
-0.042642,0.051401,0.755516,-0.024282,0.063408,-0.742498,0.666398,-0.421316,0.252458,0.103475,0.845599,-0.424675,0.002694,-0.483092,-0.167871,-0.042233,0.811967,-0.221373,0.108678,0.066468,0.115520,-0.037586,0.180269,1.063138,-0.452511,0.876981,-0.014546,-0.025803,0.087204,-0.530720,-1.284905,-0.100360,-0.022036,0.107446,0.045757,-0.366540
-0.039014,0.052327,0.757405,-0.021507,0.059838,-0.744167,0.664960,-0.410337,0.236529,0.113276,0.826582,-0.413176,0.011966,-0.499658,-0.175970,-0.059513,0.845870,-0.228937,0.078706,0.067615,0.115139,-0.035968,0.173007,1.062580,-0.452136,0.927476,-0.012146,-0.022612,0.087017,-0.509667,-1.252198,-0.122999,-0.137847,0.089100,0.045798,-0.361032
-0.035348,0.053261,0.759331,-0.018760,0.056120,-0.745807,0.663529,-0.399233,0.220354,0.122969,0.807448,-0.401680,0.021163,-0.515964,-0.184493,-0.076714,0.879869,-0.236690,0.048560,0.068740,0.114661,-0.034083,0.165635,1.062255,-0.451779,0.977763,-0.009959,-0.019357,0.086908,-0.490540,-1.218796,-0.142433,-0.254100,0.070225,0.046309,-0.353491
-0.033452,0.052881,0.761618,-0.015346,0.052808,-0.744835,0.664979,-0.385811,0.202206,0.126776,0.779497,-0.389629,0.026474,-0.521159,-0.186324,-0.095255,0.881738,-0.243009,0.054341,0.069452,0.109064,-0.035568,0.146331,1.067113,-0.442541,1.006938,-0.014577,-0.019100,0.092454,-0.458384,-1.191841,-0.152246,-0.313480,0.064906,0.051417,-0.335735
-0.031493,0.052525,0.763952,-0.012368,0.049416,-0.743968,0.666271,-0.371359,0.184608,0.130580,0.751072,-0.377627,0.031679,-0.525095,-0.187708,-0.114145,0.882610,-0.248432,0.060219,0.070733,0.104236,-0.036378,0.126578,1.072130,-0.434125,1.035280,-0.019864,-0.018047,0.097782,-0.429713,-1.166216,-0.158390,-0.369313,0.060946,0.053808,-0.317694
-0.029439,0.052181,0.766239,-0.009538,0.046024,-0.743128,0.667496,-0.356838,0.167225,0.134180,0.722790,-0.365769,0.036867,-0.528855,-0.188863,-0.133107,0.883576,-0.253922,0.066020,0.071965,0.099879,-0.036940,0.106752,1.077120,-0.425801,1.063547,-0.025402,-0.016930,0.102941,-0.403323,-1.141065,-0.161825,-0.424243,0.057307,0.055825,-0.299567
-0.029377,0.051500,0.768800,-0.007469,0.044716,-0.738156,0.673105,-0.345419,0.150960,0.123194,0.690791,-0.352123,0.038176,-0.517559,-0.176889,-0.134781,0.866172,-0.261775,0.059101,0.071609,0.100397,-0.043332,0.081575,1.082544,-0.401760,1.062005,-0.042262,-0.019740,0.114989,-0.385808,-1.115654,-0.155834,-0.481186,0.057405,0.061200,-0.287196
-0.029190,0.050741,0.771268,-0.005926,0.043661,-0.733256,0.678523,-0.333700,0.136119,0.111604,0.659647,-0.339001,0.039214,-0.505289,-0.163383,-0.136727,0.847707,-0.269188,0.052065,0.069925,0.102507,-0.048965,0.060265,1.087779,-0.374069,1.058676,-0.059096,-0.021915,0.127275,-0.372324,-1.090724,-0.145377,-0.537150,0.057743,0.066887,-0.275099
-0.028987,0.050093,0.773765,-0.004508,0.042685,-0.728320,0.683891,-0.322035,0.121763,0.099789,0.629134,-0.326188,0.040279,-0.492996,-0.149362,-0.138517,0.829239,-0.276645,0.045135,0.067447,0.105154,-0.054337,0.040660,1.092995,-0.344638,1.054904,-0.075737,-0.024184,0.139640,-0.360800,-1.066373,-0.132583,-0.592259,0.058344,0.072513,-0.263086
-0.029390,0.048936,0.775709,-0.002258,0.042785,-0.720721,0.691900,-0.315331,0.107408,0.082964,0.600502,-0.312807,0.038894,-0.482865,-0.141781,-0.142610,0.815128,-0.283846,0.036419,0.066427,0.101672,-0.058405,0.005057,1.097934,-0.326432,1.062652,-0.089904,-0.026394,0.155274,-0.362544,-1.047361,-0.120891,-0.632177,0.055766,0.078157,-0.252444
-0.029655,0.047874,0.777667,0.000013,0.042913,-0.712978,0.699872,-0.308896,0.093053,0.066037,0.572484,-0.299656,0.037746,-0.473123,-0.134257,-0.146514,0.801531,-0.291213,0.027844,0.065979,0.098337,-0.062599,-0.033595,1.102415,-0.310916,1.072304,-0.104300,-0.029263,0.170705,-0.364620,-1.029402,-0.109167,-0.670465,0.053533,0.083089,-0.241798
-0.029990,0.046904,0.779502,0.002228,0.043133,-0.705135,0.707757,-0.302488,0.078995,0.048978,0.544959,-0.286757,0.036734,-0.463445,-0.126452,-0.150318,0.788058,-0.298709,0.019335,0.065787,0.095137,-0.066806,-0.072955,1.106894,-0.296085,1.082323,-0.118766,-0.032381,0.186014,-0.366220,-1.011815,-0.097856,-0.708519,0.051466,0.087887,-0.231087
-0.031443,0.046693,0.780370,0.005297,0.044200,-0.688545,0.723826,-0.311415,0.060854,0.022560,0.529586,-0.270027,0.032997,-0.445155,-0.117650,-0.127982,0.760633,-0.306353,0.012257,0.057851,0.094357,-0.072280,-0.147487,1.106987,-0.315116,1.063210,-0.121850,-0.035123,0.195743,-0.385071,-0.995482,-0.084416,-0.707383,0.043692,0.090842,-0.239012
-0.032790,0.046747,0.781105,0.008414,0.045161,-0.671382,0.739687,-0.320580,0.041750,-0.004004,0.515272,-0.253452,0.029606,-0.427913,-0.109622,-0.105372,0.734802,-0.314292,0.005384,0.051422,0.093637,-0.077649,-0.228451,1.104416,-0.339446,1.046708,-0.125328,-0.037174,0.204935,-0.403412,-0.980867,-0.072450,-0.703158,0.036491,0.091990,-0.247455
-0.034090,0.046897,0.781701,0.011618,0.046126,-0.653681,0.755274,-0.329466,0.021910,-0.030666,0.501099,-0.236791,0.026400,-0.411282,-0.102048,-0.082630,0.709789,-0.322576,-0.001397,0.045350,0.092582,-0.083031,-0.310723,1.099745,-0.364590,1.031062,-0.128822,-0.039361,0.214173,-0.420245,-0.966412,-0.062127,-0.698778,0.029464,0.092932,-0.255988
-0.037796,0.047392,0.781217,0.017038,0.045804,-0.645428,0.762257,-0.338629,0.007296,-0.049404,0.492665,-0.226303,0.018720,-0.410373,-0.109839,-0.077613,0.702048,-0.326237,0.011596,0.049679,0.077396,-0.087946,-0.393307,1.098037,-0.365245,1.018361,-0.140675,-0.042241,0.227648,-0.424005,-0.978254,-0.019570,-0.707582,0.029432,0.094459,-0.235765
-0.041551,0.047856,0.780703,0.022750,0.045858,-0.637095,0.769083,-0.348408,-0.007433,-0.068032,0.484129,-0.215849,0.011166,-0.410538,-0.117580,-0.072420,0.694402,-0.329949,0.024746,0.052128,0.062593,-0.093857,-0.469958,1.095958,-0.360412,1.003992,-0.151922,-0.045507,0.241484,-0.430145,-0.989573,0.025848,-0.716579,0.029442,0.096266,-0.215338
-0.045224,0.048275,0.780159,0.028464,0.045998,-0.628635,0.775817,-0.358090,-0.022230,-0.086757,0.475695,-0.205561,0.003668,-0.410917,-0.125236,-0.067235,0.686908,-0.333789,0.037991,0.053705,0.048017,-0.099812,-0.543982,1.093468,-0.352978,0.989007,-0.162781,-0.048895,0.255605,-0.437861,-1.000637,0.072843,-0.725442,0.029475,0.098063,-0.194938
-0.047570,0.049241,0.779443,0.032180,0.045198,-0.623513,0.779842,-0.365081,-0.031239,-0.091414,0.472557,-0.199129,-0.000301,-0.413394,-0.133549,-0.063968,0.687395,-0.337063,0.048857,0.055740,0.038742,-0.101769,-0.602167,1.093530,-0.356309,0.934986,-0.167419,-0.051730,0.269329,-0.431905,-1.027539,0.145427,-0.699561,0.035289,0.099387,-0.173516
-0.049853,0.050329,0.778609,0.035827,0.044432,-0.618437,0.783759,-0.372272,-0.040132,-0.096013,0.469819,-0.192907,-0.004274,-0.415919,-0.141727,-0.060544,0.687964,-0.340309,0.059915,0.056892,0.030562,-0.104088,-0.655939,1.092867,-0.355843,0.878811,-0.171186,-0.053422,0.283760,-0.430484,-1.054093,0.222811,-0.672407,0.040671,0.099726,-0.152256
-0.052141,0.051466,0.777838,0.039433,0.043604,-0.613326,0.787639,-0.379481,-0.049047,-0.100626,0.467245,-0.186744,-0.008285,-0.418406,-0.149921,-0.057043,0.688740,-0.343601,0.070961,0.057361,0.022800,-0.106499,-0.707593,1.091702,-0.353446,0.822269,-0.174176,-0.055090,0.298394,-0.432338,-1.079633,0.303670,-0.645275,0.045229,0.100207,-0.130808
-0.055273,0.051717,0.777475,0.039885,0.044092,-0.611269,0.789186,-0.381734,-0.044030,-0.097321,0.463903,-0.187218,-0.011678,-0.418605,-0.152032,-0.068785,0.688040,-0.343873,0.071886,0.054697,0.015157,-0.106428,-0.730243,1.083554,-0.303652,0.760706,-0.194932,-0.059873,0.331471,-0.384198,-1.100388,0.349113,-0.564751,0.043269,0.103760,-0.110099
-0.058392,0.051888,0.777147,0.040115,0.044639,-0.609318,0.790652,-0.383894,-0.038436,-0.094128,0.460997,-0.188166,-0.015115,-0.418440,-0.153628,-0.080607,0.686876,-0.343867,0.072847,0.052691,0.008364,-0.106847,-0.748580,1.073229,-0.250558,0.696399,-0.212933,-0.064907,0.366044,-0.333648,-1.119983,0.394384,-0.485300,0.039418,0.106708,-0.089064
-0.061657,0.052253,0.776829,0.040241,0.045106,-0.607385,0.792105,-0.385960,-0.032646,-0.091010,0.458272,-0.189199,-0.018590,-0.418218,-0.155117,-0.092449,0.685779,-0.343740,0.073698,0.050679,0.001600,-0.107544,-0.765286,1.061011,-0.196440,0.631396,-0.228442,-0.070668,0.401550,-0.282427,-1.137578,0.440659,-0.406038,0.033858,0.109787,-0.068252
-0.065992,0.052038,0.776882,0.040473,0.044612,-0.604157,0.794585,-0.382324,-0.026736,-0.083514,0.458896,-0.192870,-0.023681,-0.416672,-0.154647,-0.100599,0.686808,-0.345142,0.070407,0.041094,-0.005758,-0.110718,-0.758672,1.044876,-0.147681,0.551802,-0.235753,-0.075781,0.427835,-0.223144,-1.149229,0.450984,-0.311646,0.023406,0.114045,-0.058442
-0.070439,0.051868,0.776928,0.040814,0.044017,-0.600915,0.797056,-0.378526,-0.021079,-0.075852,0.459528,-0.196548,-0.028991,-0.414702,-0.154654,-0.109227,0.687357,-0.347519,0.067043,0.032343,-0.013852,-0.114223,-0.751577,1.026146,-0.099675,0.469284,-0.240114,-0.080093,0.454869,-0.158657,-1.158414,0.458056,-0.218398,0.011498,0.117948,-0.049122
-0.074817,0.051647,0.776994,0.041123,0.043404,-0.597663,0.799515,-0.374604,-0.015412,-0.068173,0.460107,-0.200174,-0.034298,-0.412676,-0.154616,-0.117893,0.687844,-0.349813,0.063639,0.023808,-0.022315,-0.117950,-0.745147,1.005211,-0.053324,0.385477,-0.241806,-0.084248,0.482368,-0.091753,-1.164651,0.464225,-0.125299,-0.001393,0.121805,-0.040703
-0.077019,0.051452,0.777236,0.039589,0.044083,-0.592266,0.803561,-0.374326,-0.002383,-0.048525,0.468864,-0.207964,-0.038554,-0.405330,-0.151822,-0.125251,0.682310,-0.349932,0.062954,0.015237,-0.022448,-0.120146,-0.736411,0.977792,-0.031872,0.276828,-0.227814,-0.085275,0.500787,-0.043632,-1.177523,0.466186,-0.037196,-0.017318,0.124251,-0.032108
-0.079310,0.051234,0.777601,0.037604,0.044914,-0.587040,0.807436,-0.373992,0.011865,-0.028941,0.478708,-0.216357,-0.042787,-0.397410,-0.147715,-0.132671,0.675802,-0.349429,0.061542,0.007037,-0.021588,-0.121984,-0.727177,0.948953,-0.011207,0.165441,-0.210744,-0.083690,0.518608,0.004866,-1.188263,0.468483,0.051803,-0.033450,0.126529,-0.024666
-0.081542,0.051030,0.777896,0.035493,0.045800,-0.581838,0.811238,-0.373500,0.026547,-0.009425,0.488765,-0.224915,-0.047029,-0.389356,-0.143172,-0.140186,0.668943,-0.348738,0.060031,-0.001349,-0.020526,-0.123799,-0.718017,0.919444,0.008021,0.052826,-0.191633,-0.080928,0.534800,0.054174,-1.196685,0.470786,0.141326,-0.049866,0.128617,-0.018480
-0.084918,0.050825,0.777296,0.031616,0.047789,-0.575766,0.815604,-0.382175,0.044912,0.003939,0.503356,-0.230632,-0.051743,-0.383777,-0.133215,-0.150456,0.667654,-0.350296,0.055739,-0.006266,-0.020497,-0.121964,-0.717433,0.893852,0.019576,-0.039607,-0.173330,-0.073621,0.544448,0.079353,-1.189704,0.486400,0.203344,-0.060701,0.128571,-0.007955
-0.088473,0.050790,0.776717,0.027604,0.049912,-0.569665,0.819895,-0.391666,0.064102,0.016810,0.518974,-0.236465,-0.056583,-0.379067,-0.122462,-0.160745,0.666959,-0.351645,0.050824,-0.013352,-0.021115,-0.120065,-0.719369,0.871550,0.029202,-0.128421,-0.155690,-0.067455,0.551960,0.098498,-1.180207,0.507430,0.266333,-0.071104,0.130317,0.002081
-0.092146,0.050643,0.776021,0.023529,0.052045,-0.563525,0.824122,-0.401254,0.083682,0.029427,0.534863,-0.242400,-0.061526,-0.374644,-0.111430,-0.171067,0.666461,-0.353030,0.045736,-0.021531,-0.021968,-0.118233,-0.721580,0.850623,0.038067,-0.216544,-0.137899,-0.061428,0.557849,0.115049,-1.169029,0.530837,0.330537,-0.081652,0.132133,0.011500
-0.094894,0.050112,0.774493,0.020695,0.054156,-0.560675,0.826004,-0.416384,0.100823,0.043016,0.556854,-0.247376,-0.059831,-0.377317,-0.101996,-0.177070,0.674362,-0.357799,0.040294,-0.027738,-0.019566,-0.115191,-0.714717,0.837321,0.032700,-0.299955,-0.120009,-0.052810,0.550758,0.130030,-1.159485,0.533322,0.425412,-0.082049,0.134249,0.009291
-0.097727,0.049489,0.772874,0.018258,0.056581,-0.557891,0.827782,-0.432769,0.118051,0.056661,0.579412,-0.252506,-0.058068,-0.381983,-0.092755,-0.182563,0.683743,-0.362896,0.034746,-0.032372,-0.017985,-0.113092,-0.710101,0.824503,0.024934,-0.382150,-0.102873,-0.044333,0.541775,0.147400,-1.148721,0.532548,0.521892,-0.081828,0.134169,0.006310
-0.100640,0.048759,0.771305,0.015940,0.059126,-0.555115,0.829516,-0.449515,0.135542,0.070163,0.602158,-0.257724,-0.056286,-0.387324,-0.083492,-0.188005,0.693578,-0.368183,0.029053,-0.036354,-0.016726,-0.111289,-0.706644,0.812672,0.015863,-0.463440,-0.086449,-0.036092,0.531385,0.166222,-1.137394,0.529294,0.618218,-0.081248,0.133711,0.003370
-0.101821,0.048877,0.769728,0.013608,0.062005,-0.555364,0.829181,-0.465503,0.154976,0.088412,0.624888,-0.262791,-0.052935,-0.394285,-0.074384,-0.190120,0.700982,-0.370294,0.027868,-0.033795,-0.012069,-0.107251,-0.693960,0.812041,-0.005408,-0.519509,-0.080735,-0.026509,0.511365,0.180650,-1.132471,0.528523,0.703618,-0.083368,0.136002,0.012479
-0.103154,0.049072,0.768217,0.011112,0.064970,-0.555726,0.828748,-0.481227,0.175173,0.106397,0.647460,-0.268398,-0.049824,-0.401650,-0.064233,-0.191345,0.708701,-0.371173,0.024292,-0.031313,-0.007206,-0.103239,-0.682289,0.813415,-0.026920,-0.572700,-0.076731,-0.019071,0.490834,0.194852,-1.127575,0.526948,0.787909,-0.085384,0.139502,0.022543
-0.104466,0.049164,0.766694,0.008585,0.067952,-0.556104,0.828286,-0.496854,0.195781,0.124188,0.670148,-0.274079,-0.046655,-0.409111,-0.053881,-0.192656,0.716455,-0.372057,0.020611,-0.028843,-0.002394,-0.099159,-0.670961,0.816046,-0.048549,-0.625106,-0.073390,-0.012207,0.470102,0.209250,-1.122343,0.524113,0.871958,-0.087355,0.143189,0.032805
-0.105269,0.049084,0.766126,0.005344,0.070816,-0.558096,0.826732,-0.510190,0.227971,0.159888,0.694550,-0.269657,-0.041536,-0.408493,-0.041736,-0.196108,0.709863,-0.370261,0.018594,-0.031772,0.003694,-0.098953,-0.661577,0.821013,-0.070523,-0.677006,-0.068743,-0.004793,0.446290,0.211946,-1.121601,0.496735,0.951764,-0.076880,0.145113,0.028268
-0.106185,0.049136,0.765649,0.001439,0.073714,-0.560221,0.825055,-0.522141,0.261758,0.195053,0.718952,-0.266157,-0.036394,-0.407525,-0.027174,-0.197553,0.703075,-0.366189,0.014884,-0.033505,0.011007,-0.097675,-0.653180,0.826382,-0.093015,-0.728746,-0.064462,0.002758,0.422583,0.215651,-1.121718,0.467378,1.030130,-0.065522,0.147485,0.024145
-0.107092,0.049207,0.765053,-0.002632,0.076637,-0.562338,0.823345,-0.533487,0.296365,0.230012,0.743732,-0.262891,-0.030886,-0.406428,-0.012183,-0.199188,0.696099,-0.361995,0.010992,-0.034953,0.018513,-0.096230,-0.645413,0.832563,-0.115704,-0.780006,-0.060701,0.010148,0.398635,0.219461,-1.122534,0.437275,1.107714,-0.053624,0.149911,0.020957
-0.108330,0.048746,0.765323,-0.006649,0.078590,-0.567437,0.819631,-0.553288,0.334420,0.249130,0.779403,-0.252366,-0.025938,-0.400859,0.005054,-0.198210,0.681830,-0.355004,0.007984,-0.041009,0.026674,-0.094424,-0.624855,0.836397,-0.158838,-0.795864,-0.063794,0.014953,0.374360,0.204928,-1.136291,0.409185,1.134947,-0.041670,0.146066,0.012477
-0.109623,0.048269,0.765412,-0.011034,0.080908,-0.572589,0.815766,-0.573507,0.374298,0.267557,0.815902,-0.242725,-0.020918,-0.395473,0.023802,-0.197001,0.667375,-0.347283,0.003285,-0.047155,0.035869,-0.092925,-0.604900,0.841283,-0.201990,-0.810035,-0.067456,0.018200,0.350273,0.190772,-1.151218,0.381463,1.159773,-0.029197,0.144249,0.004906
-0.111081,0.047850,0.765500,-0.015540,0.083344,-0.577761,0.811791,-0.593832,0.415144,0.285378,0.852885,-0.233364,-0.015691,-0.390163,0.043027,-0.195794,0.653074,-0.339631,-0.001642,-0.053081,0.045148,-0.091517,-0.585501,0.846903,-0.245508,-0.823996,-0.071301,0.021309,0.326215,0.176833,-1.166346,0.353784,1.184284,-0.016578,0.142584,-0.002241
-0.110434,0.047125,0.765749,-0.018289,0.083452,-0.587374,0.804794,-0.607143,0.440420,0.272423,0.883993,-0.227245,-0.023206,-0.385489,0.056989,-0.185825,0.643169,-0.331937,-0.003315,-0.061049,0.053868,-0.090106,-0.563502,0.856869,-0.342886,-0.825574,-0.079269,0.022543,0.297257,0.151878,-1.196184,0.328682,1.186203,-0.006959,0.139819,-0.011259
-0.109991,0.046506,0.766002,-0.020956,0.083355,-0.596872,0.797720,-0.620418,0.465073,0.259298,0.915134,-0.221150,-0.031045,-0.380941,0.070394,-0.175787,0.634488,-0.324975,-0.004615,-0.068082,0.061087,-0.088731,-0.544989,0.868094,-0.443793,-0.826423,-0.087059,0.023729,0.269302,0.128813,-1.225097,0.302311,1.187080,0.002680,0.138295,-0.020051
-0.109661,0.046093,0.766210,-0.023602,0.083161,-0.606295,0.790527,-0.633670,0.489253,0.246047,0.946185,-0.215123,-0.039125,-0.376382,0.083507,-0.165571,0.626447,-0.318307,-0.005935,-0.074486,0.067620,-0.087475,-0.528456,0.880040,-0.546419,-0.827367,-0.094821,0.024953,0.241384,0.107006,-1.253709,0.275167,1.187880,0.012289,0.136844,-0.028717
-0.110002,0.045380,0.766750,-0.023271,0.080030,-0.615947,0.783367,-0.628265,0.494969,0.222183,0.958004,-0.218644,-0.040887,-0.374429,0.089735,-0.149276,0.626085,-0.314135,-0.009522,-0.069102,0.062251,-0.086438,-0.493055,0.910217,-0.607956,-0.798176,-0.100917,0.023057,0.215605,0.092143,-1.275573,0.248448,1.190276,0.019898,0.135782,-0.033674
-0.110432,0.044913,0.767326,-0.022814,0.076399,-0.625309,0.776294,-0.621809,0.499392,0.198982,0.969103,-0.221899,-0.042377,-0.371982,0.094388,-0.133335,0.626619,-0.311044,-0.010401,-0.065264,0.055755,-0.084980,-0.456915,0.941577,-0.668315,-0.769242,-0.106651,0.020452,0.189110,0.075234,-1.297421,0.224057,1.192818,0.027511,0.134903,-0.038473
-0.110842,0.044428,0.767894,-0.022481,0.072667,-0.634584,0.769101,-0.615244,0.503809,0.175885,0.980304,-0.225205,-0.043817,-0.369280,0.098964,-0.117324,0.627315,-0.308009,-0.011220,-0.061598,0.048974,-0.083528,-0.420950,0.973386,-0.728356,-0.740384,-0.111886,0.017854,0.161838,0.057510,-1.319228,0.200799,1.196316,0.035158,0.133289,-0.043003
-0.107838,0.044608,0.768264,-0.021303,0.069292,-0.645715,0.760129,-0.601093,0.506847,0.143284,0.979415,-0.219932,-0.043104,-0.370004,0.100356,-0.094380,0.629867,-0.305117,-0.009487,-0.058672,0.046011,-0.084827,-0.405240,0.998710,-0.786924,-0.676784,-0.117746,0.015780,0.130339,0.024160,-1.353258,0.180160,1.162966,0.041714,0.128693,-0.057790
-0.104751,0.044809,0.768606,-0.020455,0.065851,-0.656805,0.750901,-0.586844,0.510492,0.110727,0.979050,-0.214915,-0.042137,-0.370251,0.101806,-0.071831,0.632403,-0.302727,-0.005235,-0.055046,0.043304,-0.085925,-0.390173,1.021786,-0.846989,-0.611244,-0.121793,0.012800,0.098507,-0.009533,-1.387412,0.160255,1.129533,0.048204,0.124791,-0.072538
-0.101666,0.045036,0.768878,-0.019843,0.062420,-0.667846,0.741412,-0.572464,0.514646,0.078330,0.978926,-0.210071,-0.041090,-0.369981,0.103661,-0.049062,0.634519,-0.300151,-0.000873,-0.050788,0.040809,-0.087070,-0.374414,1.043304,-0.907522,-0.545334,-0.123882,0.009906,0.066620,-0.043187,-1.421573,0.140740,1.096206,0.054506,0.120843,-0.087371
-0.096524,0.044442,0.768548,-0.019622,0.061108,-0.679510,0.730854,-0.538224,0.509381,0.045146,0.946625,-0.198154,-0.039616,-0.372810,0.107963,-0.024399,0.637685,-0.297856,0.005599,-0.038946,0.042138,-0.090109,-0.351685,1.068726,-0.921442,-0.436503,-0.116088,0.007503,0.048326,-0.072278,-1.443562,0.120556,1.043421,0.066490,0.114798,-0.106815
-0.091364,0.043815,0.768375,-0.019660,0.059717,-0.691027,0.720089,-0.502896,0.504975,0.012531,0.913971,-0.186281,-0.037732,-0.374514,0.112373,0.000123,0.640076,-0.295361,0.013026,-0.027679,0.044057,-0.092402,-0.323898,1.092039,-0.930769,-0.326286,-0.105193,0.003420,0.029973,-0.102286,-1.465390,0.100817,0.990196,0.077881,0.108554,-0.126523
-0.086038,0.043066,0.768125,-0.019917,0.058519,-0.702469,0.709025,-0.467329,0.501856,-0.019891,0.881446,-0.174491,-0.035495,-0.375699,0.117472,0.024749,0.641776,-0.292601,0.020521,-0.016141,0.046653,-0.094603,-0.292208,1.113561,-0.936793,-0.215399,-0.091858,-0.001305,0.013056,-0.132965,-1.486704,0.081494,0.936980,0.088655,0.102113,-0.146547
-0.079592,0.042680,0.767609,-0.019006,0.059011,-0.711177,0.700274,-0.427328,0.481087,-0.056697,0.840578,-0.183038,-0.052059,-0.381580,0.118864,0.045626,0.643098,-0.290402,0.028107,-0.007425,0.054760,-0.098516,-0.260699,1.123948,-0.934687,-0.121120,-0.075105,-0.004758,0.000251,-0.163804,-1.496883,0.054246,0.854125,0.104309,0.096459,-0.171063
-0.073168,0.042262,0.767003,-0.018104,0.059760,-0.719743,0.691426,-0.387431,0.461722,-0.093639,0.799703,-0.191587,-0.068109,-0.387922,0.120244,0.065146,0.644610,-0.287713,0.037295,0.001150,0.063284,-0.102542,-0.225953,1.133291,-0.929884,-0.027213,-0.056779,-0.008222,-0.010444,-0.191198,-1.504997,0.022976,0.768910,0.118287,0.091939,-0.196901
-0.066749,0.041946,0.766478,-0.017235,0.060748,-0.728227,0.682421,-0.347648,0.443858,-0.130575,0.758967,-0.200127,-0.083659,-0.394439,0.122160,0.084563,0.645794,-0.284725,0.046476,0.010010,0.072231,-0.106782,-0.189037,1.141069,-0.922551,0.067231,-0.037212,-0.012019,-0.019975,-0.216465,-1.511159,-0.011006,0.683350,0.130356,0.086759,-0.223148
-0.058689,0.042103,0.765381,-0.016471,0.063669,-0.737604,0.672024,-0.301472,0.424930,-0.156420,0.718463,-0.248712,-0.122118,-0.404813,0.127601,0.107567,0.643647,-0.279085,0.058178,0.021349,0.088496,-0.113056,-0.149362,1.140255,-0.907189,0.134746,-0.026602,-0.015125,-0.020026,-0.248743,-1.499342,-0.042921,0.587043,0.137254,0.080418,-0.248000
-0.050688,0.042353,0.764219,-0.016002,0.066913,-0.747053,0.661195,-0.255721,0.409201,-0.180445,0.679219,-0.297677,-0.161196,-0.415171,0.134525,0.130513,0.641269,-0.272970,0.069645,0.032081,0.105860,-0.119317,-0.106235,1.139819,-0.888039,0.200327,-0.016063,-0.017052,-0.019372,-0.284256,-1.484535,-0.072157,0.489719,0.141570,0.074881,-0.273132
-0.042694,0.042730,0.763096,-0.015444,0.070245,-0.756343,0.650209,-0.210507,0.395156,-0.202409,0.640421,-0.346296,-0.200855,-0.425621,0.141613,0.153450,0.638537,-0.266380,0.081181,0.042015,0.123475,-0.125886,-0.061137,1.138585,-0.866522,0.265753,-0.005206,-0.018828,-0.018141,-0.322350,-1.466801,-0.098894,0.392064,0.143512,0.069515,-0.298324
-0.035960,0.042896,0.762136,-0.013409,0.071157,-0.763263,0.642017,-0.186558,0.387671,-0.187457,0.619486,-0.384376,-0.208357,-0.436057,0.137020,0.160830,0.638092,-0.262642,0.089987,0.041737,0.133177,-0.125359,-0.018022,1.131840,-0.836518,0.354241,0.008686,-0.021099,-0.009081,-0.353926,-1.440192,-0.111641,0.302133,0.139800,0.066006,-0.312584
-0.029103,0.043126,0.761415,-0.010413,0.071676,-0.769809,0.634152,-0.163747,0.377675,-0.172419,0.598054,-0.421771,-0.215825,-0.447622,0.129973,0.168501,0.638130,-0.259165,0.099170,0.039582,0.141155,-0.125993,0.025081,1.123622,-0.806427,0.444583,0.022667,-0.024483,0.002159,-0.388996,-1.411752,-0.120079,0.213515,0.134732,0.062025,-0.326155
-0.022261,0.043269,0.760758,-0.007104,0.071939,-0.776197,0.626332,-0.141126,0.366821,-0.157108,0.576702,-0.459237,-0.223714,-0.459427,0.122037,0.176486,0.638480,-0.255864,0.108486,0.036202,0.148751,-0.127000,0.068352,1.114548,-0.775307,0.535145,0.036188,-0.027852,0.014169,-0.426314,-1.381784,-0.125516,0.125697,0.128412,0.057835,-0.338965
-0.015750,0.044435,0.760077,-0.002254,0.068808,-0.777415,0.625209,-0.141145,0.346924,-0.140907,0.571361,-0.466949,-0.221173,-0.470275,0.102438,0.184787,0.643768,-0.259444,0.120214,0.028510,0.151117,-0.122805,0.085858,1.098384,-0.764602,0.607869,0.046402,-0.029673,0.020550,-0.475430,-1.329505,-0.121758,0.026208,0.119043,0.055365,-0.353881
-0.009025,0.045816,0.759530,0.003109,0.065421,-0.778310,0.624455,-0.142197,0.325348,-0.125264,0.565153,-0.473528,-0.218203,-0.482930,0.081969,0.194767,0.651651,-0.260629,0.132711,0.019856,0.153161,-0.119321,0.100233,1.081661,-0.756582,0.680897,0.054414,-0.029879,0.027076,-0.523059,-1.275548,-0.118292,-0.072430,0.107483,0.054205,-0.368122
-0.002415,0.047157,0.758956,0.008569,0.061941,-0.779139,0.623724,-0.143451,0.303585,-0.109560,0.558863,-0.480032,-0.215282,-0.495639,0.061209,0.205005,0.659972,-0.262172,0.145308,0.011121,0.155475,-0.116027,0.113589,1.064727,-0.749133,0.753883,0.061681,-0.029834,0.034027,-0.566822,-1.220288,-0.117395,-0.171290,0.094524,0.053422,-0.381091
0.003506,0.048746,0.758591,0.014631,0.056778,-0.780921,0.621872,-0.144183,0.278114,-0.095602,0.550770,-0.473886,-0.210419,-0.519772,0.037870,0.208084,0.684526,-0.247640,0.156908,0.006723,0.153728,-0.106997,0.119117,1.052713,-0.745133,0.809790,0.069657,-0.028544,0.034445,-0.579842,-1.184629,-0.114212,-0.238186,0.081371,0.055618,-0.385940
0.009325,0.050287,0.758147,0.021061,0.051550,-0.782581,0.620053,-0.145676,0.252119,-0.081655,0.542445,-0.467464,-0.205662,-0.544649,0.014327,0.211907,0.710212,-0.234314,0.168915,0.005294,0.150437,-0.099190,0.120260,1.042571,-0.745976,0.864206,0.076492,-0.025691,0.034840,-0.586336,-1.150672,-0.116836,-0.304380,0.069365,0.055720,-0.389863
0.014973,0.051861,0.757655,0.027527,0.046342,-0.784156,0.618219,-0.147503,0.226269,-0.067749,0.534034,-0.460965,-0.201098,-0.569569,-0.008844,0.216261,0.736433,-0.221667,0.181321,0.005442,0.146570,-0.091870,0.118820,1.033291,-0.749257,0.918540,0.082647,-0.022463,0.035292,-0.588915,-1.117096,-0.122710,-0.371470,0.057395,0.055570,-0.392796
0.019177,0.052460,0.758081,0.030565,0.042791,-0.784044,0.618474,-0.144541,0.208693,-0.063355,0.521606,-0.451857,-0.197048,-0.592772,-0.035473,0.208013,0.762492,-0.203280,0.190680,0.006973,0.140395,-0.086650,0.114258,1.027739,-0.728819,0.974298,0.081200,-0.018886,0.044217,-0.569890,-1.095683,-0.122414,-0.423573,0.053465,0.058712,-0.383741
0.023224,0.053050,0.758496,0.033372,0.039303,-0.783868,0.618784,-0.141350,0.191590,-0.059272,0.509243,-0.442867,-0.193226,-0.615297,-0.061801,0.199813,0.788315,-0.184971,0.199747,0.008372,0.134261,-0.081148,0.109783,1.023251,-0.708120,1.029420,0.079359,-0.015592,0.053326,-0.550472,-1.074477,-0.122153,-0.475267,0.050561,0.060819,-0.374150
0.027242,0.053669,0.758797,0.036119,0.035844,-0.783661,0.619101,-0.138298,0.174621,-0.055313,0.497147,-0.434004,-0.189514,-0.637667,-0.087993,0.191994,0.814192,-0.166727,0.208749,0.009883,0.128148,-0.075603,0.104718,1.019496,-0.687773,1.084132,0.076872,-0.012259,0.062250,-0.531279,-1.053535,-0.121175,-0.526799,0.047937,0.062769,-0.364393
0.027272,0.053380,0.759895,0.038589,0.034960,-0.780480,0.623008,-0.128535,0.166279,-0.064260,0.463882,-0.421276,-0.185061,-0.655982,-0.104267,0.187249,0.833613,-0.165551,0.202876,0.008128,0.126124,-0.078123,0.082453,1.017917,-0.648397,1.138321,0.060598,-0.007187,0.081031,-0.509223,-1.042864,-0.112925,-0.572734,0.051264,0.065283,-0.350599
0.027264,0.053195,0.761108,0.040577,0.034080,-0.777322,0.626867,-0.117968,0.158715,-0.073099,0.430826,-0.408821,-0.180556,-0.673128,-0.120210,0.182277,0.852234,-0.164050,0.196810,0.006174,0.125270,-0.079899,0.059622,1.017035,-0.609559,1.192111,0.042999,-0.002272,0.099250,-0.488823,-1.033359,-0.102649,-0.617228,0.055272,0.067269,-0.337186
0.027356,0.052943,0.762202,0.042358,0.033198,-0.774172,0.630684,-0.107396,0.151523,-0.081859,0.398639,-0.396905,-0.176018,-0.689960,-0.136058,0.177334,0.870749,-0.162525,0.190589,0.004270,0.124846,-0.081402,0.036211,1.017432,-0.571353,1.245447,0.024346,0.002428,0.116642,-0.468865,-1.024605,-0.091473,-0.661078,0.059555,0.069092,-0.324076
0.024633,0.052520,0.762975,0.043313,0.032405,-0.767837,0.638358,-0.099251,0.149496,-0.096983,0.369378,-0.381847,-0.176996,-0.686568,-0.146465,0.176441,0.871077,-0.180009,0.189419,0.001105,0.123988,-0.083133,0.007629,1.021661,-0.515239,1.266602,-0.007236,0.002055,0.139719,-0.442518,-1.010018,-0.083423,-0.678355,0.066875,0.072089,-0.309928
0.021981,0.052108,0.763756,0.043806,0.031440,-0.761453,0.645974,-0.090184,0.148033,-0.112077,0.340503,-0.367182,-0.178077,-0.682188,-0.156434,0.175435,0.871382,-0.197653,0.188303,-0.002684,0.123381,-0.083597,-0.018887,1.027840,-0.457419,1.285728,-0.039277,0.002068,0.162324,-0.417234,-0.995382,-0.074544,-0.694794,0.074428,0.074298,-0.295796
0.019314,0.051778,0.764531,0.044156,0.030454,-0.755002,0.653525,-0.081097,0.146896,-0.127193,0.312276,-0.352938,-0.179077,-0.677681,-0.166116,0.174428,0.871805,-0.215485,0.187316,-0.006633,0.123018,-0.083764,-0.044456,1.035244,-0.399005,1.304428,-0.071551,0.001676,0.184478,-0.392404,-0.980940,-0.065057,-0.710978,0.081955,0.076439,-0.281822
0.015638,0.051172,0.764432,0.043802,0.028956,-0.746049,0.663818,-0.081345,0.144321,-0.155646,0.302114,-0.341631,-0.182587,-0.654289,-0.169753,0.182021,0.857224,-0.234702,0.189845,-0.002447,0.117489,-0.083714,-0.105913,1.035743,-0.381575,1.293288,-0.090005,-0.001631,0.203093,-0.390669,-0.961148,-0.037579,-0.712773,0.077043,0.080685,-0.277300
0.012034,0.050772,0.764454,0.043236,0.027309,-0.736963,0.673996,-0.081098,0.141742,-0.184666,0.292443,-0.330394,-0.185361,-0.630401,-0.173330,0.189643,0.842526,-0.253799,0.192565,0.003232,0.112320,-0.083208,-0.171320,1.035242,-0.367420,1.283948,-0.108726,-0.004738,0.221080,-0.388002,-0.942434,-0.011529,-0.713083,0.072137,0.084112,-0.272861
0.008448,0.050388,0.764407,0.042685,0.025634,-0.727701,0.684084,-0.080601,0.139216,-0.213886,0.282802,-0.319159,-0.187994,-0.606529,-0.177005,0.197233,0.827951,-0.273040,0.195450,0.009239,0.107126,-0.082707,-0.237047,1.034176,-0.353399,1.275016,-0.127355,-0.008146,0.239215,-0.384215,-0.923845,0.013506,-0.713414,0.067273,0.087416,-0.268430
0.003104,0.050288,0.763988,0.042581,0.022574,-0.718077,0.694293,-0.086221,0.136574,-0.234723,0.283978,-0.307490,-0.197066,-0.582986,-0.186036,0.188961,0.816364,-0.288444,0.187691,0.020233,0.092192,-0.079622,-0.316589,1.019076,-0.317522,1.242801,-0.164746,-0.015434,0.267140,-0.381656,-0.905426,0.062642,-0.682310,0.069549,0.092151,-0.255544
-0.002024,0.050333,0.763472,0.042520,0.019513,-0.708326,0.704333,-0.091952,0.133911,-0.255635,0.285740,-0.296219,-0.205071,-0.559400,-0.194812,0.180730,0.804919,-0.303981,0.180263,0.030256,0.077767,-0.076283,-0.391391,1.002943,-0.276519,1.209534,-0.201219,-0.023429,0.296299,-0.381328,-0.886572,0.114075,-0.649223,0.071684,0.096016,-0.242781
-0.007224,0.050397,0.762976,0.042496,0.016466,-0.698449,0.714207,-0.097572,0.131351,-0.276612,0.287678,-0.285050,-0.213079,-0.535629,-0.203322,0.172444,0.793459,-0.319613,0.173112,0.040056,0.063471,-0.072931,-0.462798,0.986012,-0.231828,1.175525,-0.236499,-0.032555,0.326360,-0.380813,-0.866992,0.165935,-0.615925,0.073392,0.099876,-0.230048
-0.014929,0.050836,0.761742,0.042074,0.014657,-0.693347,0.719225,-0.101742,0.138243,-0.285641,0.288792,-0.274903,-0.225511,-0.530326,-0.201543,0.159043,0.801331,-0.329289,0.165423,0.052895,0.047652,-0.064186,-0.518694,0.982755,-0.210395,1.095178,-0.244565,-0.039534,0.347515,-0.389244,-0.895734,0.243617,-0.580482,0.069808,0.103717,-0.190144
-0.022594,0.051376,0.760499,0.041716,0.013119,-0.688385,0.724026,-0.106721,0.145714,-0.294119,0.290604,-0.265214,-0.237743,-0.525738,-0.199024,0.146005,0.809375,-0.339030,0.157626,0.065598,0.033251,-0.056553,-0.569963,0.978090,-0.185451,1.011942,-0.250209,-0.045280,0.370159,-0.401830,-0.922922,0.326316,-0.544513,0.064999,0.107084,-0.150325
-0.030450,0.052137,0.759163,0.041321,0.011495,-0.683402,0.728781,-0.111796,0.153296,-0.302642,0.292753,-0.255550,-0.250155,-0.521165,-0.196361,0.133171,0.817847,-0.349110,0.149758,0.078004,0.019294,-0.049188,-0.619154,0.973109,-0.158820,0.928056,-0.253904,-0.050995,0.392602,-0.417459,-0.947711,0.412779,-0.508368,0.058621,0.109952,-0.110445
-0.038213,0.053085,0.758719,0.042213,0.009895,-0.677908,0.733867,-0.143524,0.164445,-0.256955,0.329840,-0.227404,-0.237443,-0.521618,-0.199283,0.115631,0.827271,-0.354579,0.145580,0.079116,0.004295,-0.040941,-0.639685,0.966330,-0.131556,0.818584,-0.256245,-0.059008,0.416282,-0.383607,-0.982633,0.476984,-0.449389,0.047561,0.111160,-0.088410
-0.046117,0.054150,0.758218,0.043897,0.008670,-0.672278,0.738945,-0.177029,0.175768,-0.210650,0.368365,-0.200110,-0.223237,-0.524019,-0.202811,0.098458,0.837228,-0.360234,0.141161,0.081020,-0.011583,-0.035129,-0.657433,0.957434,-0.103717,0.705021,-0.254864,-0.065057,0.440544,-0.348220,-1.017035,0.541104,-0.390834,0.035137,0.111123,-0.066588
-0.054205,0.055297,0.757894,0.045718,0.007533,-0.666521,0.744045,-0.210496,0.188206,-0.163637,0.407253,-0.173334,-0.208086,-0.526630,-0.206391,0.081104,0.846962,-0.365622,0.136425,0.082865,-0.027748,-0.029898,-0.674239,0.946605,-0.076517,0.590144,-0.250008,-0.070670,0.465285,-0.313808,-1.050177,0.606870,-0.332324,0.021594,0.111169,-0.045450
-0.061185,0.056903,0.759523,0.046691,0.007084,-0.659372,0.750332,-0.261293,0.200769,-0.108513,0.473725,-0.155832,-0.147947,-0.521164,-0.207532,0.068296,0.840964,-0.362344,0.131286,0.075498,-0.038391,-0.024176,-0.671302,0.928390,-0.035706,0.480492,-0.246949,-0.075759,0.490452,-0.270459,-1.069140,0.624928,-0.244630,0.011852,0.111097,-0.040376
-0.068273,0.058592,0.761294,0.047660,0.007212,-0.652067,0.756628,-0.312817,0.216264,-0.051732,0.543436,-0.140350,-0.086590,-0.516295,-0.207867,0.054583,0.834063,-0.358279,0.125537,0.068625,-0.048710,-0.019224,-0.668393,0.907378,0.003551,0.367862,-0.240217,-0.079808,0.515510,-0.224098,-1.086251,0.640615,-0.156458,0.001279,0.109865,-0.035630
-0.075539,0.060363,0.763078,0.048459,0.007786,-0.644594,0.762948,-0.363870,0.235296,0.006897,0.615307,-0.126579,-0.023924,-0.511769,-0.207258,0.039886,0.826687,-0.353653,0.119364,0.061609,-0.058785,-0.014640,-0.666479,0.884298,0.040452,0.253594,-0.230119,-0.083038,0.539993,-0.176222,-1.101086,0.655306,-0.067977,-0.009672,0.108586,-0.031632
-0.082076,0.061509,0.764105,0.049225,0.010576,-0.642025,0.765029,-0.403517,0.231050,0.026385,0.669454,-0.146759,-0.022764,-0.515843,-0.201070,0.025216,0.822094,-0.347886,0.110282,0.061739,-0.066493,-0.014611,-0.654635,0.869718,0.053416,0.121763,-0.205487,-0.078807,0.550018,-0.150429,-1.114644,0.675181,-0.015813,-0.025312,0.108938,-0.016477
-0.088661,0.062520,0.765118,0.049580,0.013585,-0.639523,0.767051,-0.442852,0.228245,0.046059,0.723351,-0.166934,-0.021925,-0.519270,-0.193886,0.009787,0.816785,-0.342042,0.100417,0.061025,-0.073356,-0.014592,-0.642367,0.855807,0.065168,-0.010051,-0.179317,-0.073607,0.556675,-0.124638,-1.127342,0.695885,0.034037,-0.041242,0.112078,-0.001635
-0.095208,0.063618,0.766135,0.049648,0.016792,-0.637138,0.768966,-0.482401,0.226653,0.066101,0.777821,-0.187486,-0.021182,-0.522692,-0.185910,-0.005844,0.811416,-0.336157,0.090482,0.060254,-0.079446,-0.014481,-0.630128,0.842124,0.075254,-0.142128,-0.151918,-0.067469,0.560075,-0.098545,-1.139163,0.716719,0.083775,-0.057541,0.115382,0.012681
-0.099547,0.062948,0.767413,0.050019,0.021985,-0.638843,0.767395,-0.506986,0.202553,0.052549,0.796983,-0.200007,-0.051313,-0.525941,-0.170753,-0.012199,0.797880,-0.327918,0.082038,0.063907,-0.079281,-0.019139,-0.603584,0.838088,0.092613,-0.233509,-0.133211,-0.057986,0.559208,-0.066155,-1.137952,0.696903,0.155631,-0.052735,0.117921,0.005115
-0.104162,0.062259,0.768932,0.050412,0.026717,-0.640361,0.765952,-0.530115,0.177647,0.039823,0.814785,-0.212578,-0.081546,-0.527900,-0.156251,-0.018726,0.783400,-0.319388,0.073516,0.069276,-0.080603,-0.022667,-0.581286,0.834435,0.105860,-0.321192,-0.115885,-0.050941,0.555996,-0.029135,-1.135395,0.671704,0.227390,-0.047908,0.119058,-0.002754
-0.108793,0.061665,0.770482,0.050881,0.031194,-0.641777,0.764566,-0.552852,0.152223,0.027892,0.832582,-0.225937,-0.111818,-0.529482,-0.142201,-0.025188,0.768759,-0.310826,0.064971,0.075467,-0.082795,-0.025519,-0.561136,0.830982,0.116710,-0.407643,-0.098773,-0.044317,0.551313,0.010054,-1.131777,0.643353,0.298585,-0.043118,0.120020,-0.010265
-0.110787,0.060908,0.772023,0.051003,0.035556,-0.644226,0.762304,-0.562472,0.140884,0.036772,0.831785,-0.234209,-0.122570,-0.526902,-0.129771,-0.028043,0.747475,-0.302809,0.059771,0.088888,-0.079761,-0.030690,-0.529060,0.825835,0.120951,-0.471281,-0.088967,-0.035408,0.542484,0.032547,-1.124686,0.620561,0.361710,-0.037119,0.119895,-0.015111
-0.112788,0.060294,0.773896,0.050759,0.039388,-0.646768,0.759976,-0.569911,0.129587,0.046239,0.829247,-0.241811,-0.133190,-0.522601,-0.117154,-0.030129,0.725006,-0.292707,0.055020,0.101257,-0.076560,-0.034720,-0.496394,0.821883,0.126404,-0.532630,-0.080288,-0.028572,0.532714,0.050884,-1.117553,0.601358,0.425299,-0.030127,0.120472,-0.019684
-0.114925,0.059617,0.775779,0.050408,0.043011,-0.649280,0.757658,-0.577043,0.118213,0.055746,0.826664,-0.249507,-0.143773,-0.517770,-0.104685,-0.032094,0.702343,-0.282536,0.050230,0.112836,-0.073459,-0.038280,-0.463285,0.818481,0.132785,-0.593406,-0.072161,-0.022219,0.521806,0.066961,-1.110352,0.583609,0.489492,-0.022611,0.120690,-0.023755
-0.115667,0.058233,0.777373,0.048711,0.047114,-0.653727,0.753690,-0.572233,0.106915,0.048183,0.808264,-0.250581,-0.142017,-0.510288,-0.087942,-0.030591,0.677497,-0.271511,0.046058,0.121197,-0.069091,-0.044714,-0.423396,0.819343,0.130182,-0.641992,-0.068242,-0.014735,0.504802,0.079684,-1.111303,0.551903,0.559993,-0.010738,0.118989,-0.030610
-0.116542,0.056894,0.778924,0.046841,0.050887,-0.658131,0.749720,-0.566451,0.095381,0.040586,0.789456,-0.251323,-0.140203,-0.501657,-0.071421,-0.028944,0.652053,-0.260206,0.041911,0.130079,-0.064815,-0.050209,-0.384440,0.820377,0.127063,-0.689386,-0.064959,-0.008015,0.487486,0.093277,-1.112619,0.518359,0.629918,0.001399,0.117034,-0.036617
-0.117383,0.055599,0.780514,0.044941,0.054543,-0.662491,0.745729,-0.560589,0.083773,0.032911,0.770902,-0.252135,-0.138333,-0.492854,-0.055006,-0.027093,0.626765,-0.248929,0.037729,0.139131,-0.060731,-0.055356,-0.345830,0.821796,0.123858,-0.736217,-0.062093,-0.001531,0.470018,0.106898,-1.114103,0.483886,0.699437,0.013759,0.115031,-0.041767
-0.116989,0.053392,0.781926,0.042025,0.057778,-0.667022,0.741604,-0.541194,0.084804,0.031092,0.744940,-0.248366,-0.117009,-0.478322,-0.039993,-0.025619,0.597965,-0.238403,0.035392,0.146919,-0.053897,-0.064887,-0.309172,0.833834,0.116326,-0.758882,-0.064295,0.006520,0.451197,0.115922,-1.120262,0.450232,0.751302,0.024145,0.113894,-0.046477
-0.116658,0.051271,0.783434,0.038863,0.060643,-0.671530,0.737469,-0.520880,0.085681,0.029534,0.718748,-0.244726,-0.095791,-0.462652,-0.025240,-0.024324,0.568736,-0.227907,0.031751,0.154935,-0.047358,-0.073296,-0.273579,0.846555,0.108870,-0.779280,-0.067232,0.013053,0.432514,0.125022,-1.126619,0.416054,0.802194,0.034897,0.113694,-0.050536
-0.116271,0.049194,0.784815,0.035635,0.063424,-0.676005,0.733297,-0.500599,0.086457,0.028088,0.692853,-0.241425,-0.074676,-0.446848,-0.010553,-0.022814,0.539694,-0.217477,0.028057,0.163129,-0.040971,-0.081372,-0.237926,0.859409,0.101883,-0.799305,-0.070263,0.019384,0.413907,0.134095,-1.133125,0.381519,0.852943,0.045855,0.113562,-0.053989
-0.114974,0.046875,0.785694,0.031341,0.066685,-0.678907,0.730517,-0.477423,0.093100,0.024694,0.661738,-0.244023,-0.059795,-0.431075,0.004204,-0.018768,0.514413,-0.206719,0.033419,0.161134,-0.030694,-0.089180,-0.200168,0.868364,0.087595,-0.812314,-0.074732,0.023127,0.397331,0.129777,-1.153382,0.348760,0.879223,0.054192,0.111486,-0.059645
-0.113574,0.044598,0.786553,0.027053,0.069854,-0.681707,0.727781,-0.454423,0.099319,0.021462,0.631130,-0.246946,-0.044994,-0.415182,0.018755,-0.014602,0.489448,-0.195706,0.034612,0.158422,-0.020219,-0.096660,-0.161271,0.877269,0.074866,-0.825435,-0.079270,0.026639,0.380763,0.124821,-1.174456,0.316633,0.904990,0.062898,0.110164,-0.064842
-0.112287,0.042349,0.787386,0.022877,0.072968,-0.684435,0.725053,-0.431732,0.105078,0.018354,0.600921,-0.250234,-0.030339,-0.399349,0.032971,-0.010210,0.464731,-0.184779,0.035823,0.155540,-0.010035,-0.104017,-0.121873,0.886303,0.062855,-0.838679,-0.083836,0.030178,0.364233,0.119824,-1.195706,0.284569,0.930913,0.071752,0.108898,-0.069702
-0.110616,0.039979,0.787590,0.019906,0.074900,-0.686289,0.723188,-0.415968,0.111892,0.016426,0.582622,-0.252898,-0.022660,-0.390064,0.040761,-0.009208,0.453892,-0.179900,0.033981,0.141257,-0.000983,-0.108873,-0.111519,0.889940,-0.043773,-0.841256,-0.095669,0.033082,0.327867,0.096432,-1.220669,0.272580,0.938983,0.075907,0.108086,-0.069214
-0.109221,0.037784,0.787694,0.017197,0.076756,-0.688082,0.721357,-0.401128,0.118277,0.014603,0.565140,-0.255741,-0.015239,-0.381927,0.048330,-0.007318,0.444606,-0.175631,0.035531,0.129196,0.006695,-0.114237,-0.107410,0.894814,-0.156468,-0.841470,-0.106868,0.036400,0.292321,0.075462,-1.244521,0.258548,0.947539,0.080265,0.107773,-0.068694
-0.107812,0.035769,0.787779,0.014554,0.078524,-0.689843,0.719541,-0.386470,0.124380,0.012878,0.547926,-0.258703,-0.008003,-0.373970,0.055720,-0.005367,0.435753,-0.171448,0.037016,0.118150,0.013914,-0.119806,-0.105845,0.899918,-0.271540,-0.841329,-0.117931,0.039855,0.256823,0.056077,-1.268167,0.243335,0.956063,0.084593,0.107538,-0.068046
-0.105823,0.034914,0.787360,0.011068,0.079452,-0.690746,0.718634,-0.381117,0.129248,0.009010,0.549189,-0.263328,-0.005013,-0.368875,0.061526,-0.003220,0.434784,-0.168802,0.037577,0.111688,0.022481,-0.120973,-0.086579,0.929462,-0.349873,-0.819792,-0.126580,0.039915,0.222581,0.039999,-1.303831,0.232226,0.943915,0.078793,0.106202,-0.062276
-0.103802,0.034107,0.786810,0.007808,0.080272,-0.691553,0.717809,-0.376412,0.133561,0.005117,0.551277,-0.268327,-0.001952,-0.363681,0.066225,-0.002510,0.433602,-0.167979,0.040759,0.104095,0.030478,-0.122507,-0.066703,0.959965,-0.427448,-0.799493,-0.135027,0.039999,0.188428,0.022082,-1.339665,0.223563,0.931137,0.073132,0.106036,-0.056392
-0.101858,0.033366,0.786327,0.004511,0.081056,-0.692339,0.716991,-0.371777,0.137802,0.001161,0.553568,-0.273360,0.001118,-0.358485,0.070852,-0.001802,0.432632,-0.167176,0.043965,0.096539,0.038344,-0.124226,-0.047839,0.990785,-0.505788,-0.779658,-0.142991,0.040286,0.154017,0.003623,-1.375582,0.215995,0.918707,0.067625,0.105914,-0.050386
-0.099966,0.032689,0.785480,0.001545,0.081343,-0.692877,0.716451,-0.370804,0.142906,0.003286,0.563244,-0.280603,0.002453,-0.355789,0.074401,-0.000220,0.437480,-0.169556,0.041912,0.090558,0.043174,-0.125201,-0.041557,1.012360,-0.552891,-0.730667,-0.145868,0.038317,0.132615,-0.021996,-1.406040,0.215043,0.892616,0.062340,0.103964,-0.044529
-0.098152,0.031980,0.784655,-0.001385,0.081527,-0.693365,0.715959,-0.369922,0.147721,0.005424,0.573333,-0.288051,0.003905,-0.352859,0.077177,-0.000294,0.442105,-0.172827,0.043447,0.084034,0.047797,-0.126152,-0.035040,1.033134,-0.600105,-0.681300,-0.147775,0.035903,0.110891,-0.050909,-1.436788,0.217727,0.866869,0.057343,0.102204,-0.038495
-0.096298,0.031382,0.783729,-0.004367,0.081717,-0.693844,0.715461,-0.369007,0.152529,0.007540,0.583546,-0.295537,0.005416,-0.349872,0.079973,-0.000385,0.446753,-0.176090,0.045033,0.077566,0.052457,-0.127144,-0.028539,1.053185,-0.647860,-0.631998,-0.148652,0.033526,0.089083,-0.081715,-1.467762,0.222698,0.841225,0.052551,0.100400,-0.032391
-0.093014,0.031648,0.782800,-0.005918,0.079937,-0.695649,0.713896,-0.366466,0.149929,0.012369,0.592108,-0.301127,0.009920,-0.348898,0.076510,0.002989,0.453757,-0.181428,0.051087,0.074904,0.056908,-0.124171,-0.017800,1.063307,-0.673836,-0.572631,-0.152176,0.030737,0.067670,-0.123984,-1.485813,0.203729,0.828506,0.065151,0.098991,-0.044229
-0.089791,0.032027,0.781931,-0.007423,0.077978,-0.697407,0.712382,-0.363700,0.146878,0.017300,0.600655,-0.306805,0.014580,-0.347587,0.072727,0.006624,0.460764,-0.187856,0.055793,0.072218,0.060850,-0.120838,-0.006303,1.072610,-0.699246,-0.512963,-0.154504,0.027855,0.045939,-0.166331,-1.503661,0.184874,0.815664,0.077604,0.097301,-0.056356
-0.086529,0.032324,0.780980,-0.008955,0.076001,-0.699160,0.710858,-0.360842,0.143771,0.022228,0.609179,-0.312498,0.019300,-0.346176,0.068897,0.010261,0.467751,-0.194285,0.060564,0.069674,0.064707,-0.117443,0.006066,1.081052,-0.724112,-0.453020,-0.155643,0.025012,0.024158,-0.209071,-1.521381,0.166579,0.802711,0.089893,0.095462,-0.068654
-0.082951,0.033521,0.779414,-0.010098,0.073411,-0.700572,0.709723,-0.362319,0.137655,0.025691,0.623855,-0.318773,0.024422,-0.354462,0.061564,0.010520,0.491446,-0.200333,0.065768,0.065722,0.065294,-0.110762,0.016701,1.093490,-0.738911,-0.393744,-0.154937,0.022941,0.005960,-0.242298,-1.541313,0.150288,0.753858,0.102221,0.090840,-0.082808
-0.079359,0.034697,0.777827,-0.011063,0.070883,-0.701930,0.708624,-0.364198,0.131232,0.029102,0.638511,-0.324968,0.029578,-0.363319,0.054017,0.010633,0.515710,-0.206606,0.070947,0.061867,0.065417,-0.104311,0.028585,1.105503,-0.752535,-0.334583,-0.153146,0.020902,-0.012218,-0.272399,-1.560499,0.130823,0.703635,0.113785,0.086547,-0.097499
-0.075740,0.035874,0.776246,-0.012020,0.068353,-0.703276,0.707521,-0.366074,0.124734,0.032532,0.653088,-0.331115,0.034778,-0.372141,0.046429,0.010730,0.540011,-0.212946,0.076215,0.058258,0.065378,-0.097857,0.041269,1.116820,-0.765365,-0.275071,-0.150345,0.018779,-0.030233,-0.300892,-1.578932,0.109783,0.652973,0.124550,0.082061,-0.112624
-0.071551,0.038140,0.774152,-0.012331,0.065642,-0.705908,0.705147,-0.370440,0.119047,0.043001,0.669098,-0.338577,0.041121,-0.392539,0.036828,0.012819,0.577624,-0.209685,0.082405,0.055668,0.068338,-0.088301,0.050989,1.112906,-0.756287,-0.162718,-0.135619,0.017236,-0.031391,-0.334649,-1.564703,0.069612,0.601519,0.146552,0.075325,-0.144819
-0.067276,0.040589,0.771983,-0.012584,0.062940,-0.708460,0.702826,-0.375139,0.113278,0.053286,0.685023,-0.345691,0.047423,-0.413560,0.027652,0.014704,0.616465,-0.206382,0.088904,0.052652,0.071166,-0.078825,0.060397,1.107855,-0.746913,-0.048083,-0.119401,0.013503,-0.030801,-0.364577,-1.548433,0.025745,0.548817,0.166578,0.068451,-0.178483
-0.063102,0.043007,0.769913,-0.012835,0.060200,-0.710964,0.700529,-0.379888,0.107490,0.063478,0.700817,-0.352640,0.053725,-0.434525,0.018953,0.016418,0.655614,-0.203549,0.096179,0.049427,0.073912,-0.069427,0.069602,1.102532,-0.736717,0.066790,-0.102612,0.009463,-0.028944,-0.391399,-1.530462,-0.021130,0.495783,0.184575,0.060381,-0.212577
-0.059836,0.046035,0.769151,-0.014207,0.057462,-0.714249,0.697385,-0.378057,0.104970,0.072655,0.705232,-0.353624,0.059911,-0.464113,0.010375,0.018352,0.705387,-0.179334,0.104515,0.049024,0.078914,-0.058784,0.074394,1.093715,-0.734024,0.169431,-0.088994,0.003040,-0.024319,-0.411444,-1.505447,-0.050448,0.420535,0.188025,0.052403,-0.238916
-0.056655,0.049140,0.768393,-0.015397,0.054656,-0.717400,0.694343,-0.376503,0.102047,0.081670,0.709341,-0.354247,0.066046,-0.493894,0.002596,0.020820,0.755759,-0.156229,0.113949,0.047758,0.083655,-0.048554,0.079324,1.085003,-0.730773,0.272036,-0.075508,-0.003252,-0.018201,-0.432633,-1.478513,-0.078175,0.344438,0.189176,0.045335,-0.265433
-0.053683,0.052334,0.767546,-0.016511,0.051787,-0.720425,0.691400,-0.375191,0.098944,0.090392,0.713355,-0.354608,0.072026,-0.523756,-0.004105,0.023656,0.806746,-0.134132,0.124561,0.045688,0.088161,-0.038424,0.084607,1.076576,-0.726900,0.374519,-0.062002,-0.009680,-0.010271,-0.454472,-1.449642,-0.104700,0.267615,0.188351,0.038734,-0.292163
-0.051362,0.054511,0.767596,-0.017020,0.049737,-0.723585,0.688230,-0.371253,0.098417,0.101587,0.710744,-0.352290,0.074923,-0.549537,-0.029228,-0.001541,0.847506,-0.141399,0.136562,0.046713,0.091412,-0.030928,0.086285,1.067169,-0.737319,0.439528,-0.049025,-0.012880,-0.011403,-0.474790,-1.411875,-0.121329,0.167018,0.176897,0.033183,-0.316554
-0.049194,0.056647,0.767528,-0.017127,0.047297,-0.726428,0.685399,-0.367527,0.096271,0.112583,0.707951,-0.349691,0.077927,-0.575431,-0.056441,-0.025928,0.889503,-0.149177,0.148374,0.046511,0.093533,-0.023492,0.088809,1.058728,-0.747260,0.502314,-0.036858,-0.014040,-0.011944,-0.493792,-1.371967,-0.138379,0.064469,0.162465,0.029653,-0.340079
-0.046990,0.058941,0.767353,-0.016877,0.044592,-0.729049,0.682799,-0.364243,0.092907,0.123490,0.705189,-0.346888,0.081074,-0.601499,-0.085337,-0.049365,0.932238,-0.157067,0.160018,0.045519,0.094764,-0.016026,0.091692,1.050648,-0.756713,0.564543,-0.024783,-0.014934,-0.011896,-0.511612,-1.330274,-0.155870,-0.039299,0.145682,0.027041,-0.362014
-0.046838,0.060716,0.767491,-0.016082,0.042198,-0.729632,0.682347,-0.362065,0.087357,0.125012,0.700409,-0.341338,0.083010,-0.610854,-0.111313,-0.063931,0.946555,-0.163988,0.153353,0.043554,0.098936,-0.014541,0.086516,1.040973,-0.765589,0.604325,-0.015883,-0.018294,-0.013491,-0.514395,-1.275536,-0.165801,-0.136773,0.129157,0.028741,-0.368106
-0.046726,0.062413,0.767815,-0.015826,0.040042,-0.730410,0.681651,-0.358780,0.083312,0.126389,0.694865,-0.335702,0.084423,-0.618299,-0.135878,-0.078946,0.958561,-0.169855,0.146179,0.042925,0.103952,-0.012684,0.081437,1.032313,-0.774836,0.642103,-0.007473,-0.020269,-0.014751,-0.514143,-1.220159,-0.177535,-0.235635,0.111655,0.030680,-0.371812
-0.046650,0.064083,0.768150,-0.015672,0.037898,-0.731233,0.680894,-0.355289,0.079564,0.127771,0.689347,-0.330165,0.085723,-0.625257,-0.160250,-0.093876,0.970270,-0.175665,0.138808,0.043087,0.109067,-0.010548,0.075771,1.023909,-0.784584,0.679461,0.000854,-0.021975,-0.015741,-0.512491,-1.164649,-0.189630,-0.335651,0.093527,0.032984,-0.373501
-0.048053,0.063971,0.769037,-0.015420,0.037091,-0.728374,0.684001,-0.351885,0.075480,0.121476,0.681081,-0.324127,0.083733,-0.617416,-0.178751,-0.098606,0.961406,-0.181502,0.126543,0.048229,0.108602,-0.015002,0.063058,1.025012,-0.746142,0.724126,-0.002541,-0.025094,0.001175,-0.484316,-1.121428,-0.201239,-0.420384,0.078070,0.040134,-0.363250
-0.049477,0.063787,0.770062,-0.015543,0.036359,-0.725722,0.686851,-0.347464,0.072375,0.115060,0.672221,-0.318039,0.081366,-0.608343,-0.196108,-0.103892,0.951329,-0.187072,0.114145,0.053826,0.107915,-0.018761,0.051177,1.028122,-0.706656,0.767957,-0.005570,-0.029189,0.018358,-0.455497,-1.077476,-0.213009,-0.506101,0.063511,0.046441,-0.350952
-0.050926,0.063683,0.771011,-0.015780,0.035632,-0.723089,0.689655,-0.342806,0.069545,0.108609,0.663407,-0.312015,0.078930,-0.599041,-0.213072,-0.109315,0.941126,-0.192766,0.101857,0.059806,0.107329,-0.022340,0.038746,1.032328,-0.667706,0.811253,-0.009022,-0.033301,0.035397,-0.428069,-1.033887,-0.222737,-0.591856,0.049480,0.052643,-0.337230
-0.053355,0.063146,0.772501,-0.015243,0.036126,-0.715898,0.697103,-0.340291,0.062915,0.092570,0.648137,-0.302546,0.076378,-0.581251,-0.234136,-0.106274,0.929299,-0.189201,0.077732,0.070759,0.110026,-0.030332,0.009925,1.020820,-0.589033,0.813462,-0.039266,-0.039580,0.072485,-0.395080,-0.988804,-0.233553,-0.648395,0.041916,0.059199,-0.323072
-0.055617,0.062638,0.773930,-0.014813,0.036467,-0.708479,0.704634,-0.337433,0.055833,0.076254,0.633101,-0.293497,0.074055,-0.563708,-0.255816,-0.103448,0.918100,-0.186290,0.053883,0.080553,0.113088,-0.037689,-0.016751,1.010821,-0.508178,0.813240,-0.069492,-0.045404,0.109971,-0.366322,-0.944711,-0.240534,-0.702941,0.035310,0.064655,-0.308566
-0.057729,0.062139,0.775337,-0.014471,0.036739,-0.700894,0.712172,-0.334301,0.048628,0.059818,0.618215,-0.284512,0.071891,-0.546402,-0.277779,-0.100859,0.907168,-0.183829,0.030232,0.089775,0.116477,-0.045069,-0.042227,1.001828,-0.426187,0.812466,-0.099229,-0.052030,0.147436,-0.340239,-0.901306,-0.244566,-0.756203,0.029036,0.069753,-0.293801
-0.060961,0.061330,0.776169,-0.012955,0.036755,-0.687303,0.725325,-0.336058,0.036679,0.039268,0.605220,-0.274171,0.065182,-0.517004,-0.291285,-0.093056,0.892392,-0.185537,0.017332,0.097173,0.110952,-0.052221,-0.092034,0.977742,-0.356733,0.766627,-0.134597,-0.059185,0.190102,-0.316102,-0.847477,-0.247793,-0.759535,0.021868,0.074087,-0.306329
-0.063991,0.060598,0.776933,-0.011579,0.036469,-0.673328,0.738353,-0.337240,0.024151,0.018653,0.592630,-0.263994,0.058804,-0.487499,-0.305523,-0.085248,0.878105,-0.187474,0.004684,0.105603,0.105277,-0.058964,-0.141954,0.952401,-0.287427,0.720367,-0.168551,-0.066718,0.234731,-0.291907,-0.795512,-0.251412,-0.760142,0.015540,0.076629,-0.319875
-0.066943,0.059968,0.777658,-0.010243,0.036073,-0.659000,0.751208,-0.338120,0.011291,-0.002082,0.580272,-0.253906,0.052638,-0.458104,-0.320182,-0.077545,0.864081,-0.189542,-0.007765,0.114430,0.099410,-0.065858,-0.190916,0.926033,-0.216665,0.673990,-0.200298,-0.075722,0.280020,-0.267106,-0.744010,-0.255292,-0.759856,0.009398,0.078631,-0.333419
-0.071616,0.058504,0.778347,-0.009132,0.035498,-0.646231,0.762261,-0.338058,-0.000358,-0.030751,0.569888,-0.244753,0.045826,-0.419593,-0.307741,-0.040045,0.833821,-0.194802,0.020519,0.115721,0.087768,-0.070930,-0.241042,0.891226,-0.179359,0.595972,-0.213109,-0.080662,0.308099,-0.221814,-0.723243,-0.218752,-0.686888,0.012165,0.090540,-0.333104
-0.075834,0.057347,0.778822,-0.008148,0.034614,-0.633274,0.773110,-0.337601,-0.012728,-0.059191,0.560397,-0.235964,0.039648,-0.380360,-0.296657,-0.002114,0.803111,-0.199557,0.048721,0.117375,0.076979,-0.076189,-0.289724,0.853233,-0.141178,0.516172,-0.223349,-0.083970,0.337709,-0.179170,-0.707435,-0.178573,-0.607065,0.017103,0.098070,-0.334038
-0.079990,0.056449,0.779259,-0.006943,0.033403,-0.619928,0.783917,-0.337018,-0.026333,-0.087627,0.551324,-0.227114,0.033892,-0.340991,-0.287542,0.036062,0.772768,-0.204362,0.076794,0.118339,0.065386,-0.081319,-0.337308,0.813568,-0.101688,0.435577,-0.231167,-0.087390,0.368086,-0.137481,-0.693289,-0.135623,-0.525877,0.022632,0.104795,-0.335156
-0.083641,0.054925,0.779411,-0.005238,0.033349,-0.606439,0.794413,-0.340120,-0.039343,-0.114779,0.544874,-0.218532,0.029798,-0.297631,-0.277261,0.053956,0.729314,-0.232143,0.088674,0.103925,0.052598,-0.083154,-0.364426,0.775820,-0.085430,0.289951,-0.228291,-0.088162,0.379777,-0.060608,-0.729084,-0.086335,-0.420835,0.041513,0.107720,-0.301587
-0.087066,0.053507,0.779426,-0.003268,0.033312,-0.592521,0.804859,-0.343738,-0.053428,-0.142203,0.539428,-0.210425,0.026057,-0.254476,-0.268273,0.070991,0.686052,-0.259575,0.101668,0.088579,0.041261,-0.086674,-0.385511,0.735183,-0.068701,0.135870,-0.221345,-0.083506,0.392113,0.016177,-0.763431,-0.035274,-0.314018,0.059408,0.107346,-0.265041
-0.090545,0.052237,0.779313,-0.000883,0.033050,-0.578205,0.815221,-0.347585,-0.068765,-0.169675,0.534313,-0.202165,0.022342,-0.212136,-0.260715,0.087352,0.644120,-0.286981,0.115573,0.071651,0.029503,-0.090612,-0.405072,0.694139,-0.053878,-0.020257,-0.211291,-0.077540,0.404278,0.092313,-0.793500,0.017902,-0.208815,0.073646,0.108006,-0.226718
-0.095841,0.051403,0.779250,0.001341,0.031934,-0.569281,0.821521,-0.348631,-0.074835,-0.184124,0.525466,-0.193052,0.015366,-0.196500,-0.258488,0.085362,0.628337,-0.317643,0.132545,0.061295,0.015225,-0.091660,-0.413629,0.660058,-0.050913,-0.133337,-0.205351,-0.065919,0.402895,0.159192,-0.836650,0.065415,-0.049111,0.072160,0.108268,-0.198171
-0.101604,0.050747,0.779244,0.003859,0.031088,-0.560432,0.827608,-0.350940,-0.080337,-0.198293,0.516851,-0.183683,0.007323,-0.183373,-0.255945,0.083434,0.614869,-0.348896,0.149323,0.050456,0.000861,-0.094115,-0.424210,0.627817,-0.049859,-0.241499,-0.199956,-0.057042,0.399586,0.223840,-0.872055,0.118018,0.113486,0.065786,0.106001,-0.170254
-0.107661,0.050061,0.779285,0.006396,0.030241,-0.551517,0.833591,-0.353109,-0.085397,-0.212809,0.507971,-0.174210,-0.001195,-0.170697,-0.253143,0.080905,0.602346,-0.380490,0.165981,0.038692,-0.013551,-0.097039,-0.434656,0.597431,-0.049452,-0.348560,-0.194261,-0.048699,0.394902,0.289213,-0.899114,0.172324,0.275702,0.054385,0.103242,-0.143050
-0.112864,0.049561,0.778639,0.007504,0.032014,-0.542256,0.839570,-0.365252,-0.083767,-0.216061,0.509741,-0.168950,-0.005036,-0.155976,-0.249268,0.063683,0.577603,-0.389215,0.166207,0.030153,-0.024309,-0.097499,-0.447287,0.576925,-0.074538,-0.437931,-0.189947,-0.037401,0.375556,0.313209,-0.914608,0.232592,0.358760,0.036978,0.099675,-0.118504
-0.118356,0.049018,0.778211,0.008158,0.034026,-0.533128,0.845311,-0.377228,-0.080334,-0.219398,0.511577,-0.163786,-0.011207,-0.140916,-0.243697,0.046261,0.551905,-0.397244,0.165974,0.022125,-0.034452,-0.097685,-0.461287,0.558994,-0.100043,-0.524831,-0.186712,-0.027569,0.355322,0.339207,-0.926851,0.291254,0.437912,0.017302,0.099644,-0.095372
-0.124061,0.048478,0.777830,0.008630,0.036099,-0.523997,0.850911,-0.389044,-0.076231,-0.223093,0.513494,-0.158880,-0.017725,-0.125867,-0.237389,0.028754,0.526367,-0.405369,0.165611,0.014360,-0.044410,-0.097907,-0.475574,0.542809,-0.125576,-0.610864,-0.183852,-0.018174,0.334111,0.366874,-0.936567,0.348213,0.516969,-0.004079,0.099036,-0.073035
-0.130015,0.048358,0.776733,0.008629,0.039761,-0.515603,0.855861,-0.406017,-0.062783,-0.206538,0.515368,-0.158587,-0.019892,-0.121250,-0.229175,0.006860,0.512508,-0.403536,0.164504,-0.001998,-0.045625,-0.097739,-0.490238,0.542513,-0.134616,-0.680398,-0.173703,-0.010449,0.326304,0.386791,-0.941131,0.338082,0.579557,0.000214,0.094848,-0.074963
-0.136109,0.048299,0.775659,0.008456,0.043742,-0.507316,0.860608,-0.424253,-0.048424,-0.190135,0.518669,-0.159042,-0.022954,-0.117765,-0.220291,-0.014600,0.499022,-0.401559,0.163421,-0.015834,-0.045908,-0.097471,-0.507571,0.541698,-0.144768,-0.748030,-0.164170,-0.003623,0.317752,0.411593,-0.945885,0.322283,0.638820,0.004471,0.091871,-0.076443
-0.142203,0.048229,0.774559,0.008073,0.047848,-0.499082,0.865195,-0.443024,-0.033281,-0.174174,0.522865,-0.160048,-0.026198,-0.114684,-0.210885,-0.035857,0.485550,-0.399482,0.162291,-0.028755,-0.045754,-0.097209,-0.525748,0.541337,-0.154909,-0.814998,-0.155044,0.002988,0.308489,0.438000,-0.950273,0.304319,0.697235,0.008567,0.089163,-0.077537
-0.147623,0.048595,0.773733,0.006625,0.049779,-0.494065,0.867974,-0.466414,0.003650,-0.125743,0.541691,-0.171621,-0.048995,-0.115723,-0.201406,-0.048318,0.484177,-0.398002,0.164448,-0.039185,-0.045233,-0.093353,-0.542334,0.545382,-0.168604,-0.848271,-0.152846,0.010379,0.297975,0.458826,-0.950462,0.281641,0.804331,0.019295,0.094683,-0.075845
-0.153233,0.049157,0.772677,0.004716,0.051936,-0.489430,0.870482,-0.491635,0.042741,-0.077798,0.563742,-0.184639,-0.072508,-0.118311,-0.190356,-0.059767,0.484445,-0.396790,0.166386,-0.048964,-0.044401,-0.089172,-0.560725,0.550414,-0.182454,-0.879378,-0.151143,0.016751,0.287221,0.476182,-0.950005,0.260180,0.914863,0.030514,0.098078,-0.072619
-0.158996,0.049725,0.771652,0.002533,0.054212,-0.484997,0.872830,-0.517662,0.083512,-0.030526,0.587100,-0.198237,-0.095924,-0.121455,-0.178507,-0.070817,0.484997,-0.395517,0.168173,-0.058560,-0.043191,-0.084962,-0.579418,0.556074,-0.196007,-0.910019,-0.149634,0.022914,0.276393,0.492418,-0.949980,0.238542,1.025689,0.041853,0.101268,-0.067886
-0.162110,0.050423,0.771213,0.001306,0.055397,-0.486452,0.871949,-0.539269,0.122495,0.000615,0.618973,-0.205592,-0.124431,-0.128293,-0.171654,-0.072752,0.488303,-0.392184,0.171039,-0.061633,-0.042634,-0.080374,-0.591733,0.557972,-0.218158,-0.914299,-0.149926,0.027656,0.267779,0.493983,-0.964306,0.213086,1.097657,0.054048,0.102434,-0.069598
-0.165116,0.051076,0.770707,0.000108,0.056505,-0.487902,0.871068,-0.560087,0.161897,0.031431,0.649979,-0.212330,-0.152402,-0.135011,-0.164989,-0.074675,0.491414,-0.388715,0.173969,-0.064394,-0.041934,-0.075851,-0.604675,0.559153,-0.240332,-0.917095,-0.150392,0.031040,0.258855,0.497977,-0.979820,0.185690,1.166372,0.066634,0.105965,-0.070478
-0.168234,0.051831,0.770278,-0.001131,0.057582,-0.489371,0.870172,-0.580423,0.201960,0.061828,0.680697,-0.218799,-0.179883,-0.141780,-0.158234,-0.076569,0.494673,-0.385291,0.176867,-0.066952,-0.041264,-0.071353,-0.617886,0.560033,-0.262690,-0.919621,-0.150837,0.034270,0.249865,0.502777,-0.995860,0.157508,1.234475,0.079313,0.109870,-0.070434
-0.168498,0.051681,0.770067,-0.002391,0.059322,-0.495182,0.866758,-0.587587,0.226581,0.057141,0.696681,-0.216463,-0.179336,-0.146423,-0.150297,-0.068898,0.490464,-0.379435,0.178628,-0.067489,-0.042247,-0.071565,-0.614240,0.574503,-0.289643,-0.913490,-0.154238,0.034573,0.242654,0.488881,-1.025318,0.138271,1.236025,0.083703,0.106793,-0.073582
-0.168641,0.051506,0.770104,-0.003262,0.060613,-0.500683,0.863500,-0.593320,0.249672,0.053023,0.710313,-0.213162,-0.178549,-0.149701,-0.143729,-0.061703,0.485166,-0.373295,0.180607,-0.069755,-0.044225,-0.071859,-0.609193,0.589870,-0.315417,-0.908209,-0.157833,0.034608,0.235434,0.475641,-1.055534,0.119459,1.234826,0.088183,0.106207,-0.076954
-0.168889,0.051191,0.770180,-0.004030,0.061724,-0.506130,0.860236,-0.598865,0.272448,0.049157,0.723484,-0.209748,-0.177614,-0.152624,-0.137509,-0.054546,0.479832,-0.367217,0.182604,-0.072251,-0.046644,-0.072131,-0.604206,0.605514,-0.341119,-0.903151,-0.161421,0.034683,0.228184,0.462602,-1.085749,0.100760,1.233431,0.092667,0.105854,-0.080351
-0.167124,0.050893,0.770182,-0.006846,0.063653,-0.515934,0.854233,-0.588770,0.289132,0.040128,0.724826,-0.212705,-0.174642,-0.152670,-0.125346,-0.037544,0.465926,-0.357208,0.184226,-0.077839,-0.040312,-0.075215,-0.602463,0.607812,-0.392723,-0.895812,-0.171054,0.033622,0.216523,0.436580,-1.118323,0.090121,1.242162,0.096445,0.106625,-0.082209
-0.165382,0.050650,0.770309,-0.009847,0.065361,-0.525766,0.848057,-0.578002,0.306140,0.031273,0.725910,-0.215472,-0.171804,-0.151549,-0.112997,-0.020378,0.451358,-0.346946,0.185666,-0.083267,-0.034210,-0.077632,-0.600835,0.610189,-0.444234,-0.888105,-0.180498,0.032396,0.204249,0.408297,-1.150775,0.081660,1.252792,0.100355,0.106199,-0.083620
-0.163741,0.050349,0.770347,-0.012875,0.067045,-0.535573,0.841725,-0.567250,0.323358,0.022557,0.726978,-0.218247,-0.169005,-0.150051,-0.100622,-0.003072,0.436786,-0.336744,0.186970,-0.088545,-0.028148,-0.079925,-0.599274,0.612954,-0.495970,-0.880854,-0.189930,0.031500,0.192466,0.378816,-1.183059,0.074561,1.263135,0.104330,0.106412,-0.085231
-0.160971,0.050434,0.769907,-0.016675,0.068988,-0.542732,0.836902,-0.557926,0.334032,0.014840,0.726653,-0.221067,-0.166873,-0.145659,-0.090145,0.008931,0.421305,-0.328310,0.190051,-0.098230,-0.015705,-0.084165,-0.617204,0.634693,-0.583579,-0.852910,-0.192924,0.032485,0.163059,0.343471,-1.218136,0.076133,1.262676,0.102759,0.106942,-0.086316
-0.158396,0.050589,0.769476,-0.020523,0.070837,-0.549799,0.832035,-0.548432,0.344562,0.007066,0.726213,-0.223789,-0.164694,-0.141181,-0.079726,0.021199,0.406425,-0.319531,0.192561,-0.107334,-0.004389,-0.088202,-0.638429,0.654494,-0.673965,-0.823906,-0.195206,0.032740,0.133085,0.306290,-1.252003,0.079844,1.263136,0.101126,0.107026,-0.087164
-0.155708,0.050872,0.768928,-0.024405,0.072694,-0.556831,0.827078,-0.539063,0.355125,-0.000746,0.726069,-0.226626,-0.162457,-0.136589,-0.069352,0.033598,0.391750,-0.310815,0.195060,-0.115855,0.006517,-0.092306,-0.661888,0.672129,-0.766448,-0.795123,-0.196886,0.032942,0.102978,0.267735,-1.285321,0.085329,1.263732,0.099493,0.107098,-0.087940
-0.151384,0.051067,0.768040,-0.027810,0.074973,-0.567346,0.819588,-0.530247,0.364075,-0.002704,0.732083,-0.240637,-0.153903,-0.138974,-0.061250,0.048146,0.383109,-0.301177,0.200951,-0.114298,0.019405,-0.093907,-0.653060,0.684012,-0.815558,-0.754696,-0.196164,0.031866,0.082355,0.217120,-1.322281,0.083324,1.228979,0.092367,0.102660,-0.095776
-0.146858,0.051395,0.767022,-0.031142,0.077514,-0.577787,0.811901,-0.522271,0.372964,-0.005017,0.738881,-0.254987,-0.145366,-0.141619,-0.053143,0.062857,0.374530,-0.291689,0.206928,-0.113084,0.033354,-0.096124,-0.642773,0.695697,-0.863406,-0.714746,-0.194689,0.030345,0.060850,0.165228,-1.360905,0.083320,1.192731,0.085224,0.099291,-0.103162
-0.142475,0.051868,0.765991,-0.034430,0.080142,-0.588142,0.804040,-0.514591,0.381782,-0.007592,0.746017,-0.269675,-0.136909,-0.144157,-0.045066,0.077736,0.365914,-0.282258,0.212912,-0.111450,0.047284,-0.098491,-0.632652,0.707236,-0.911856,-0.674947,-0.192470,0.028766,0.039318,0.111877,-1.399806,0.085279,1.156213,0.078170,0.096025,-0.110267
-0.136283,0.052807,0.764813,-0.036071,0.081403,-0.600558,0.794608,-0.504646,0.384792,-0.003474,0.756403,-0.289402,-0.123891,-0.153024,-0.042321,0.099280,0.364246,-0.271966,0.219543,-0.101555,0.060729,-0.098456,-0.557103,0.768358,-0.894734,-0.575016,-0.180030,0.027932,0.026934,0.069750,-1.429998,0.069817,1.125193,0.075416,0.094046,-0.123380
-0.130132,0.053731,0.763455,-0.037466,0.082817,-0.612838,0.784963,-0.495600,0.387449,0.000168,0.767715,-0.309980,-0.111060,-0.161942,-0.040300,0.119891,0.362540,-0.263209,0.228751,-0.092408,0.074436,-0.098975,-0.475414,0.827946,-0.870781,-0.474495,-0.165105,0.024968,0.014961,0.026676,-1.461154,0.055861,1.092542,0.072663,0.093120,-0.136722
-0.123927,0.054696,0.762102,-0.038775,0.084312,-0.624978,0.775107,-0.486878,0.389893,0.003367,0.779284,-0.331074,-0.098370,-0.170671,-0.038406,0.140705,0.360683,-0.254659,0.238186,-0.083174,0.087987,-0.099509,-0.388283,0.885117,-0.840422,-0.373450,-0.148302,0.021128,0.004289,-0.016993,-1.492834,0.042504,1.060210,0.069851,0.091705,-0.149508
-0.117368,0.055899,0.760635,-0.037995,0.083160,-0.636403,0.765919,-0.476647,0.383618,0.012504,0.790894,-0.348402,-0.085457,-0.184856,-0.044034,0.158415,0.370260,-0.248674,0.248613,-0.067743,0.092070,-0.098311,-0.320418,0.935849,-0.818904,-0.304086,-0.136327,0.014798,-0.002263,-0.065165,-1.502434,0.031942,1.016190,0.077931,0.091192,-0.168482
-0.110773,0.057064,0.759272,-0.036957,0.081722,-0.647623,0.756664,-0.466046,0.376534,0.021585,0.801992,-0.365730,-0.072454,-0.198973,-0.050312,0.176862,0.380069,-0.243772,0.259676,-0.052171,0.094396,-0.096889,-0.248742,0.985136,-0.793527,-0.234775,-0.123984,0.008948,-0.007039,-0.111653,-1.510252,0.019270,0.972440,0.085527,0.090506,-0.188108
-0.107662,0.057117,0.758294,-0.038462,0.081821,-0.658992,0.746696,-0.453227,0.381229,0.024276,0.808887,-0.381089,-0.067079,-0.210993,-0.043171,0.191822,0.390349,-0.239077,0.261800,-0.035833,0.096442,-0.096111,-0.170385,1.038020,-0.763539,-0.164875,-0.110869,0.002355,-0.011091,-0.154847,-1.511122,0.004816,0.928654,0.092592,0.089755,-0.208155
-0.105302,0.058031,0.757285,-0.041238,0.081039,-0.668629,0.738016,-0.442329,0.387820,0.029082,0.816804,-0.392830,-0.065300,-0.233729,-0.037444,0.184223,0.422506,-0.225746,0.261800,-0.026911,0.104509,-0.091324,-0.116804,1.068807,-0.737229,-0.095934,-0.100853,-0.001155,-0.011543,-0.198259,-1.497626,-0.022462,0.836520,0.114541,0.083367,-0.238798
-0.103015,0.059352,0.756341,-0.043961,0.080371,-0.678181,0.729163,-0.431775,0.394520,0.033789,0.824724,-0.404173,-0.063539,-0.257034,-0.031952,0.175506,0.455430,-0.212858,0.261800,-0.017073,0.112582,-0.086438,-0.062878,1.097243,-0.709417,-0.025284,-0.090623,-0.004853,-0.011110,-0.232853,-1.481166,-0.059353,0.742331,0.133756,0.077279,-0.271068
-0.100713,0.061086,0.755494,-0.046582,0.079728,-0.687676,0.720122,-0.421228,0.401072,0.038724,0.832305,-0.415066,-0.061639,-0.280594,-0.027045,0.165876,0.488493,-0.200026,0.261800,-0.006305,0.120569,-0.081547,-0.008187,1.123422,-0.679882,0.046517,-0.080099,-0.008576,-0.009837,-0.260624,-1.461658,-0.103555,0.646580,0.149791,0.070567,-0.304498
-0.088518,0.064951,0.755353,-0.040904,0.074805,-0.696803,0.712177,-0.411529,0.371742,0.063361,0.835018,-0.423306,-0.038628,-0.317719,-0.068053,0.142322,0.528739,-0.181522,0.261800,0.000665,0.123348,-0.074574,0.035736,1.117764,-0.635483,0.121231,-0.073627,-0.011792,0.003344,-0.276327,-1.448429,-0.141456,0.531857,0.152415,0.061262,-0.328963
-0.077438,0.067690,0.755271,-0.035825,0.069742,-0.705248,0.704612,-0.399701,0.343849,0.085204,0.834035,-0.430171,-0.018170,-0.353358,-0.107207,0.118331,0.571737,-0.165354,0.258217,0.005816,0.125032,-0.068631,0.080350,1.112752,-0.592348,0.196968,-0.066889,-0.016070,0.017359,-0.288829,-1.429802,-0.180157,0.414232,0.151762,0.053446,-0.353196
-0.072966,0.069686,0.756168,-0.034883,0.067716,-0.714425,0.695553,-0.385322,0.337302,0.097395,0.826047,-0.431652,-0.011372,-0.386990,-0.124681,0.084864,0.616770,-0.150067,0.236785,0.013148,0.126082,-0.063294,0.126438,1.118447,-0.547951,0.273828,-0.060810,-0.020751,0.030911,-0.297950,-1.396386,-0.220053,0.295391,0.147501,0.046155,-0.377397
-0.068489,0.071357,0.757988,-0.032942,0.066501,-0.719978,0.690017,-0.375483,0.329128,0.110878,0.812734,-0.425475,-0.003591,-0.418932,-0.141365,0.039813,0.659784,-0.159673,0.184083,0.014923,0.125713,-0.059347,0.142634,1.121610,-0.529121,0.316678,-0.056386,-0.028830,0.039140,-0.299238,-1.360246,-0.245769,0.166531,0.128922,0.042285,-0.390820
-0.064084,0.073143,0.759719,-0.030593,0.064935,-0.725315,0.684664,-0.366143,0.319422,0.124346,0.799245,-0.418990,0.004391,-0.450554,-0.160616,-0.005042,0.703625,-0.169930,0.131493,0.018163,0.124258,-0.056024,0.153885,1.125178,-0.515331,0.359754,-0.053362,-0.035400,0.047741,-0.298082,-1.322556,-0.272553,0.036691,0.107706,0.039517,-0.401447
-0.059748,0.074919,0.761349,-0.027847,0.063010,-0.730492,0.679438,-0.357227,0.308309,0.137905,0.785648,-0.412301,0.012526,-0.481781,-0.182220,-0.049304,0.748229,-0.180918,0.078342,0.022109,0.121594,-0.052870,0.162971,1.128998,-0.503773,0.403214,-0.050632,-0.042039,0.056983,-0.295577,-1.282889,-0.299140,-0.094991,0.084504,0.037825,-0.409405
-0.058305,0.076138,0.763054,-0.024253,0.060144,-0.733108,0.677014,-0.347268,0.295251,0.146365,0.765887,-0.402450,0.017076,-0.493300,-0.185956,-0.071980,0.765100,-0.192208,0.071199,0.024677,0.113721,-0.053777,0.151281,1.126618,-0.493483,0.468140,-0.046506,-0.045548,0.066242,-0.281345,-1.232356,-0.299265,-0.195140,0.071898,0.042330,-0.390091
-0.056700,0.077443,0.764900,-0.021322,0.057008,-0.735841,0.674414,-0.335473,0.282608,0.155164,0.745058,-0.392207,0.021800,-0.502496,-0.189184,-0.094860,0.779747,-0.202337,0.063573,0.027788,0.107541,-0.053898,0.136359,1.122765,-0.486222,0.535683,-0.042810,-0.049908,0.075927,-0.271695,-1.184179,-0.293304,-0.291027,0.060165,0.044922,-0.369314
-0.054978,0.078711,0.766707,-0.018603,0.053759,-0.738578,0.671764,-0.323463,0.269999,0.163843,0.724349,-0.382081,0.026513,-0.511258,-0.192452,-0.117791,0.794381,-0.212437,0.055834,0.030768,0.102064,-0.053620,0.120701,1.118632,-0.479322,0.603734,-0.039527,-0.054450,0.085905,-0.263972,-1.137278,-0.284043,-0.385361,0.048900,0.047117,-0.347667
-0.055805,0.078225,0.768970,-0.015645,0.050966,-0.740213,0.670255,-0.306041,0.257506,0.165931,0.693340,-0.370707,0.027827,-0.506674,-0.182070,-0.121407,0.785897,-0.220411,0.065066,0.036854,0.096808,-0.059335,0.109847,1.115887,-0.461948,0.658036,-0.040860,-0.058548,0.095446,-0.258631,-1.101151,-0.264049,-0.466439,0.049774,0.052455,-0.322174
-0.056442,0.077660,0.771263,-0.013295,0.048227,-0.742017,0.668512,-0.287649,0.246045,0.167900,0.662376,-0.359419,0.029044,-0.500765,-0.170474,-0.125255,0.776196,-0.228058,0.073769,0.041879,0.093147,-0.064110,0.102279,1.113162,-0.441306,0.710629,-0.042408,-0.061969,0.104982,-0.256547,-1.067187,-0.239538,-0.544849,0.052040,0.056968,-0.297094
-0.057129,0.077123,0.773494,-0.011167,0.045554,-0.743853,0.666696,-0.269306,0.235011,0.169631,0.631940,-0.348450,0.030178,-0.494748,-0.158491,-0.129214,0.766567,-0.235770,0.082368,0.046203,0.090195,-0.068511,0.096092,1.110743,-0.419051,0.762566,-0.044140,-0.065268,0.114451,-0.255394,-1.034828,-0.212927,-0.621901,0.055152,0.061209,-0.272354
-0.057792,0.076133,0.775602,-0.007924,0.043481,-0.743057,0.667767,-0.254287,0.219707,0.163439,0.597745,-0.335947,0.029481,-0.486066,-0.149588,-0.124257,0.755445,-0.245819,0.075175,0.057407,0.084920,-0.075142,0.078556,1.110171,-0.382018,0.771252,-0.056068,-0.069370,0.130421,-0.272545,-1.013852,-0.177571,-0.663123,0.063612,0.067821,-0.253885
-0.058483,0.075238,0.777524,-0.004771,0.041454,-0.742247,0.668825,-0.239554,0.204763,0.157152,0.564490,-0.323638,0.028801,-0.477773,-0.140445,-0.119118,0.744780,-0.255963,0.068080,0.066789,0.080331,-0.081501,0.064740,1.109849,-0.341391,0.778056,-0.068312,-0.072352,0.146369,-0.293519,-0.993921,-0.138500,-0.700661,0.072842,0.072954,-0.236144
-0.059075,0.074374,0.779454,-0.001713,0.039548,-0.741425,0.669867,-0.225052,0.190298,0.150609,0.532037,-0.311725,0.028055,-0.469767,-0.130885,-0.113937,0.734429,-0.266236,0.060978,0.075435,0.076202,-0.087854,0.052641,1.109822,-0.299062,0.784383,-0.080492,-0.075404,0.162232,-0.314637,-0.974227,-0.098844,-0.737327,0.082283,0.077884,-0.218810
-0.060614,0.072957,0.780225,0.001745,0.037707,-0.736830,0.675024,-0.218038,0.176323,0.139612,0.507854,-0.302353,0.025883,-0.457570,-0.132156,-0.110099,0.718682,-0.268982,0.052819,0.082837,0.066392,-0.094967,0.029713,1.112783,-0.275776,0.787484,-0.087014,-0.077641,0.175901,-0.321066,-0.969791,-0.075167,-0.759442,0.076909,0.080043,-0.208948
-0.062228,0.071612,0.780971,0.005221,0.036041,-0.732186,0.680130,-0.211210,0.162610,0.128462,0.484096,-0.293273,0.023703,-0.445702,-0.133141,-0.106301,0.702999,-0.271817,0.044732,0.092267,0.056472,-0.102611,0.002185,1.115968,-0.257142,0.791836,-0.093878,-0.079852,0.189540,-0.323980,-0.966037,-0.055038,-0.781955,0.071887,0.081604,-0.198982
-0.063746,0.070247,0.781604,0.008668,0.034503,-0.727481,0.685205,-0.204406,0.149153,0.117204,0.460768,-0.284421,0.021535,-0.434032,-0.133855,-0.102547,0.687446,-0.274781,0.036707,0.102166,0.046610,-0.110416,-0.026648,1.119297,-0.239809,0.796657,-0.100833,-0.082152,0.203158,-0.325726,-0.962499,-0.036126,-0.804727,0.067025,0.083111,-0.188888
-0.065422,0.069649,0.782511,0.009769,0.033922,-0.716762,0.696424,-0.205389,0.135875,0.086381,0.443968,-0.271383,0.016663,-0.410637,-0.130818,-0.080499,0.658680,-0.272783,0.046556,0.100210,0.041246,-0.112899,-0.083981,1.116560,-0.270734,0.786187,-0.100437,-0.081006,0.204248,-0.355219,-0.959721,0.013799,-0.804099,0.066392,0.087000,-0.175989
-0.066998,0.069188,0.783385,0.010728,0.033038,-0.705730,0.707629,-0.205727,0.122104,0.055152,0.427664,-0.258587,0.012136,-0.387118,-0.128472,-0.058443,0.630431,-0.270917,0.056463,0.098735,0.036176,-0.114768,-0.145153,1.111399,-0.304817,0.778125,-0.100355,-0.079806,0.205438,-0.385757,-0.957079,0.064015,-0.801496,0.065938,0.090178,-0.163402
-0.068530,0.068895,0.784161,0.011773,0.032018,-0.694391,0.718789,-0.205596,0.107880,0.023723,0.411380,-0.245801,0.007862,-0.363852,-0.126759,-0.036364,0.602621,-0.269236,0.066401,0.097116,0.030788,-0.116545,-0.206523,1.104667,-0.338797,0.770565,-0.100310,-0.078653,0.206666,-0.415832,-0.953531,0.113689,-0.798910,0.065470,0.093252,-0.150828
-0.071522,0.069077,0.784472,0.014169,0.031458,-0.691106,0.721930,-0.205448,0.102324,0.009589,0.399160,-0.236052,0.006461,-0.359842,-0.132042,-0.041346,0.593180,-0.265386,0.074437,0.104522,0.022437,-0.119415,-0.270583,1.093596,-0.365724,0.760314,-0.101242,-0.076536,0.210354,-0.450179,-0.974712,0.188143,-0.791680,0.065411,0.094291,-0.131960
-0.074489,0.069249,0.784678,0.016682,0.031085,-0.687845,0.724999,-0.205853,0.096994,-0.004485,0.387241,-0.226438,0.005139,-0.356368,-0.137090,-0.046219,0.583780,-0.261497,0.082402,0.111173,0.014643,-0.123053,-0.331074,1.081053,-0.389143,0.749549,-0.101931,-0.074354,0.214168,-0.488162,-0.994181,0.266281,-0.784335,0.065238,0.095127,-0.113153
-0.077551,0.069428,0.784959,0.019176,0.030696,-0.684569,0.728049,-0.206269,0.091790,-0.018585,0.375507,-0.216939,0.003864,-0.352948,-0.142050,-0.051080,0.574594,-0.257723,0.090398,0.117402,0.007064,-0.126844,-0.389484,1.067303,-0.410300,0.738803,-0.102543,-0.072135,0.218060,-0.528987,-1.011642,0.347138,-0.777153,0.064855,0.095926,-0.094286
-0.079885,0.070240,0.784846,0.019099,0.029765,-0.678746,0.733521,-0.209993,0.087001,-0.037460,0.374433,-0.210965,0.000113,-0.345349,-0.143518,-0.050131,0.569537,-0.259431,0.096404,0.119003,0.005763,-0.123351,-0.441369,1.065985,-0.409986,0.720602,-0.109073,-0.070478,0.231054,-0.530108,-1.027297,0.403858,-0.744624,0.060714,0.095851,-0.084483
-0.082262,0.071150,0.784725,0.019047,0.028746,-0.672868,0.738959,-0.213550,0.082143,-0.056273,0.373442,-0.205030,-0.003696,-0.337740,-0.144952,-0.049051,0.564693,-0.261510,0.101912,0.120900,0.004183,-0.119912,-0.493061,1.064036,-0.409589,0.702195,-0.115450,-0.068809,0.244186,-0.531352,-1.042373,0.461119,-0.712835,0.055970,0.095713,-0.074588
-0.084670,0.072188,0.784602,0.018990,0.027675,-0.666945,0.744351,-0.216970,0.077277,-0.075107,0.372495,-0.199096,-0.007559,-0.330145,-0.146397,-0.047982,0.560002,-0.263637,0.107375,0.122770,0.002664,-0.116560,-0.544148,1.061329,-0.408590,0.683930,-0.121632,-0.067247,0.257445,-0.533952,-1.056677,0.520090,-0.681146,0.050669,0.095520,-0.064768
-0.088547,0.073064,0.784191,0.016523,0.027508,-0.660278,0.750336,-0.223844,0.081566,-0.087267,0.379624,-0.197169,-0.012847,-0.323275,-0.142392,-0.055581,0.562049,-0.267257,0.106721,0.117016,0.001676,-0.111212,-0.571856,1.059511,-0.365494,0.656361,-0.139028,-0.068410,0.289012,-0.500885,-1.068864,0.555421,-0.595127,0.050368,0.098086,-0.051661
-0.092484,0.074097,0.783766,0.014044,0.027289,-0.653547,0.756264,-0.230797,0.085864,-0.099429,0.387091,-0.195376,-0.018289,-0.316523,-0.138289,-0.063170,0.564330,-0.270972,0.105772,0.110880,0.000779,-0.106150,-0.596932,1.057438,-0.320273,0.627796,-0.155434,-0.069985,0.321015,-0.467346,-1.079084,0.591868,-0.508796,0.048350,0.100412,-0.038558
-0.096485,0.075132,0.783339,0.011506,0.027002,-0.646763,0.762126,-0.237620,0.090229,-0.111662,0.394687,-0.193628,-0.023912,-0.309766,-0.134045,-0.070753,0.566712,-0.274672,0.104737,0.104745,-0.000134,-0.101252,-0.620865,1.054747,-0.274239,0.599075,-0.170944,-0.072191,0.353369,-0.432706,-1.087470,0.628586,-0.422281,0.044746,0.102809,-0.025712
-0.100179,0.076342,0.782359,0.009891,0.027921,-0.642821,0.765444,-0.251291,0.100046,-0.104357,0.410025,-0.195085,-0.024076,-0.312375,-0.128102,-0.075963,0.574952,-0.279394,0.099493,0.101815,0.000147,-0.096631,-0.634536,1.036297,-0.212421,0.532953,-0.187008,-0.075074,0.394185,-0.384927,-1.110865,0.651359,-0.323051,0.020113,0.109115,-0.010731
-0.103955,0.077543,0.781407,0.008245,0.029039,-0.638928,0.768674,-0.265415,0.110235,-0.097281,0.425756,-0.196479,-0.024445,-0.315753,-0.121660,-0.080737,0.583722,-0.283292,0.095362,0.099197,0.000752,-0.092827,-0.645600,1.015338,-0.149023,0.464110,-0.199968,-0.077738,0.436215,-0.334723,-1.131991,0.674746,-0.223653,-0.006068,0.114927,0.002181
-0.107702,0.078944,0.780466,0.006504,0.030138,-0.635034,0.771868,-0.279423,0.120673,-0.090275,0.441477,-0.197782,-0.024935,-0.319119,-0.115021,-0.085583,0.592371,-0.286972,0.091132,0.096403,0.001077,-0.089325,-0.656119,0.992293,-0.085859,0.394125,-0.210174,-0.080988,0.478932,-0.282992,-1.150035,0.699148,-0.123520,-0.033116,0.120516,0.012742
-0.111347,0.081036,0.779136,0.004431,0.031213,-0.627547,0.777940,-0.305495,0.133123,-0.072366,0.470582,-0.193131,-0.028056,-0.322716,-0.111437,-0.094053,0.604707,-0.292476,0.089931,0.088737,0.002376,-0.082324,-0.667277,0.969009,-0.047493,0.266786,-0.194903,-0.081507,0.511831,-0.249103,-1.157175,0.716495,-0.037911,-0.050697,0.122038,0.019254
-0.115083,0.083132,0.777718,0.002315,0.032516,-0.619995,0.783928,-0.332144,0.145997,-0.054758,0.500333,-0.188723,-0.031316,-0.327482,-0.107222,-0.101799,0.618210,-0.297268,0.087026,0.080778,0.003420,-0.075544,-0.676824,0.943736,-0.009330,0.134248,-0.175043,-0.077828,0.543724,-0.214134,-1.162111,0.733257,0.048071,-0.068283,0.123660,0.024587
-0.118749,0.085297,0.776381,0.000115,0.033975,-0.612439,0.789787,-0.359013,0.159434,-0.037185,0.530471,-0.184592,-0.034648,-0.332532,-0.102624,-0.109555,0.631570,-0.301861,0.084044,0.072643,0.004454,-0.068990,-0.686153,0.916686,0.027347,-0.000636,-0.151911,-0.072397,0.573084,-0.178170,-1.165147,0.749684,0.134535,-0.086018,0.125194,0.028662
-0.122332,0.087079,0.775323,-0.001711,0.035223,-0.605457,0.795096,-0.395525,0.179157,0.003595,0.575850,-0.177572,-0.041647,-0.335595,-0.100853,-0.122427,0.640600,-0.305717,0.079925,0.063818,0.002534,-0.061672,-0.687484,0.893678,0.041384,-0.106650,-0.130343,-0.063234,0.579742,-0.149117,-1.157730,0.757800,0.204314,-0.092306,0.124854,0.026575
-0.126013,0.088924,0.774178,-0.003727,0.037008,-0.598657,0.800141,-0.433283,0.201070,0.043824,0.622958,-0.171401,-0.048699,-0.340209,-0.097413,-0.134700,0.650454,-0.308952,0.075738,0.056170,0.000344,-0.054891,-0.692908,0.872348,0.051198,-0.209442,-0.109674,-0.055311,0.583466,-0.118463,-1.149116,0.763981,0.273346,-0.097819,0.125413,0.024062
-0.129899,0.090738,0.772955,-0.005955,0.039162,-0.592011,0.804956,-0.471685,0.224915,0.083576,0.671174,-0.165816,-0.055613,-0.345627,-0.092829,-0.146970,0.660441,-0.312042,0.071202,0.049535,-0.001518,-0.048227,-0.700241,0.851808,0.058272,-0.311295,-0.089117,-0.047611,0.585614,-0.086599,-1.139779,0.768481,0.341957,-0.103214,0.126422,0.021179
-0.132917,0.091623,0.772122,-0.006483,0.041037,-0.590522,0.805951,-0.499964,0.242942,0.104741,0.707488,-0.172208,-0.058100,-0.352606,-0.088112,-0.153271,0.666341,-0.313945,0.065861,0.048073,-0.001038,-0.042376,-0.689479,0.836983,0.056627,-0.396066,-0.068845,-0.038646,0.576973,-0.065874,-1.131341,0.763749,0.403690,-0.103870,0.124754,0.016226
-0.136045,0.092375,0.771469,-0.007202,0.042733,-0.589099,0.806898,-0.526860,0.261513,0.125991,0.742708,-0.178281,-0.060442,-0.358435,-0.083145,-0.159698,0.671012,-0.315518,0.060464,0.046327,-0.000174,-0.036161,-0.678710,0.823493,0.054701,-0.478713,-0.049899,-0.031899,0.566731,-0.045575,-1.123403,0.759524,0.464030,-0.103854,0.124291,0.011180
-0.139227,0.093114,0.770702,-0.008088,0.044429,-0.587749,0.807782,-0.553471,0.280873,0.146967,0.778074,-0.184473,-0.062744,-0.364118,-0.077751,-0.166155,0.675657,-0.317100,0.054924,0.044609,0.001008,-0.029642,-0.668237,0.811025,0.052515,-0.560664,-0.031814,-0.025753,0.554991,-0.025692,-1.115513,0.755194,0.524077,-0.103428,0.124070,0.006199
-0.140385,0.093489,0.770638,-0.007650,0.044799,-0.588596,0.807149,-0.565417,0.302665,0.155785,0.802238,-0.195052,-0.061280,-0.367295,-0.075969,-0.165863,0.676266,-0.317386,0.054904,0.045246,-0.001338,-0.028092,-0.652971,0.807623,0.042933,-0.626360,-0.021449,-0.018746,0.538035,-0.014928,-1.106662,0.741294,0.582438,-0.096824,0.122905,0.000355
-0.141651,0.093863,0.770584,-0.007345,0.044665,-0.589395,0.806576,-0.575674,0.324252,0.164852,0.825236,-0.205102,-0.059669,-0.369448,-0.074379,-0.165404,0.676943,-0.317308,0.053393,0.045872,-0.004561,-0.025423,-0.639335,0.805913,0.032231,-0.689697,-0.012531,-0.013314,0.520605,-0.004490,-1.097363,0.727038,0.640308,-0.089724,0.122075,-0.005120
-0.143079,0.094145,0.770615,-0.007090,0.044358,-0.590178,0.806022,-0.585481,0.345912,0.173860,0.848036,-0.215075,-0.057973,-0.371309,-0.072837,-0.164953,0.677787,-0.317372,0.051796,0.046513,-0.008074,-0.022333,-0.626275,0.805244,0.021165,-0.752216,-0.004388,-0.008387,0.502708,0.005536,-1.088007,0.712490,0.697908,-0.082312,0.121265,-0.010221
-0.142898,0.093719,0.770854,-0.006697,0.043493,-0.591233,0.805300,-0.580913,0.364821,0.167707,0.845432,-0.213723,-0.051739,-0.369966,-0.072360,-0.160146,0.677160,-0.317642,0.050472,0.045427,-0.012374,-0.023290,-0.609594,0.808945,0.005180,-0.792224,-0.004422,-0.002109,0.479266,0.028822,-1.081482,0.686952,0.758106,-0.072737,0.123527,-0.008867
-0.142782,0.093203,0.771174,-0.006207,0.042144,-0.592121,0.804722,-0.575082,0.382776,0.162115,0.841560,-0.211888,-0.045369,-0.367676,-0.072626,-0.154794,0.676292,-0.318154,0.051088,0.045560,-0.017717,-0.023525,-0.595428,0.812773,-0.012885,-0.830196,-0.005233,0.002932,0.455802,0.054969,-1.074674,0.657622,0.816883,-0.063586,0.125897,-0.006885
-0.142706,0.092698,0.771501,-0.005724,0.040639,-0.593010,0.804149,-0.568990,0.400654,0.156789,0.837463,-0.209979,-0.038984,-0.365171,-0.073042,-0.149375,0.675538,-0.318745,0.051683,0.046371,-0.023357,-0.023473,-0.582338,0.816963,-0.031777,-0.867466,-0.006375,0.007729,0.432395,0.081792,-1.067637,0.626738,0.874971,-0.054491,0.128297,-0.004383
-0.139778,0.091093,0.771513,-0.004329,0.039758,-0.597431,0.800922,-0.552186,0.423229,0.156253,0.825480,-0.202844,-0.026427,-0.365712,-0.075447,-0.139046,0.677027,-0.320180,0.055102,0.040783,-0.025710,-0.027878,-0.567223,0.818697,-0.056994,-0.889648,-0.010133,0.008909,0.415379,0.091114,-1.069044,0.587971,0.927483,-0.041761,0.129196,-0.012619
-0.136780,0.089641,0.771519,-0.002947,0.038687,-0.601818,0.797690,-0.535175,0.445686,0.156284,0.813426,-0.195678,-0.013843,-0.366085,-0.078057,-0.128542,0.678775,-0.321509,0.058561,0.034791,-0.028254,-0.032095,-0.552291,0.820881,-0.081724,-0.910876,-0.014289,0.009426,0.398045,0.098961,-1.071067,0.550352,0.980179,-0.028202,0.129641,-0.020034
-0.133898,0.088121,0.771607,-0.001635,0.037551,-0.606210,0.794416,-0.518148,0.468307,0.156692,0.801398,-0.188577,-0.001298,-0.366321,-0.080567,-0.118030,0.680500,-0.322819,0.061985,0.028601,-0.030758,-0.036353,-0.537331,0.823834,-0.106526,-0.931928,-0.018671,0.009949,0.381314,0.105883,-1.073478,0.513492,1.032425,-0.014127,0.130418,-0.026818
-0.130034,0.087176,0.770648,-0.000325,0.038055,-0.611263,0.790512,-0.499424,0.482152,0.154544,0.777285,-0.174947,0.006186,-0.374111,-0.082064,-0.105973,0.688811,-0.324754,0.068860,0.014129,-0.027301,-0.041800,-0.533356,0.820011,-0.172033,-0.928237,-0.033752,0.011161,0.360861,0.096604,-1.095412,0.489549,1.050580,-0.004290,0.127981,-0.030507
-0.126222,0.086382,0.769613,0.001190,0.038501,-0.616192,0.786653,-0.481074,0.495535,0.152728,0.753178,-0.161387,0.013723,-0.382227,-0.083831,-0.093659,0.697374,-0.327673,0.074085,-0.000112,-0.024400,-0.047435,-0.531107,0.816158,-0.238864,-0.922887,-0.048865,0.011896,0.340571,0.088219,-1.117604,0.464826,1.067778,0.005796,0.126449,-0.033598
-0.122510,0.085612,0.768547,0.002677,0.038928,-0.621097,0.782762,-0.462848,0.509053,0.151171,0.729269,-0.147910,0.021268,-0.390390,-0.085476,-0.081339,0.706068,-0.330646,0.079340,-0.014118,-0.021438,-0.053055,-0.529209,0.812182,-0.306013,-0.917321,-0.063929,0.012773,0.320262,0.080276,-1.139945,0.439707,1.084871,0.015912,0.124960,-0.036421
-0.116045,0.086103,0.766339,0.001790,0.040039,-0.625249,0.779396,-0.431629,0.520910,0.143826,0.687404,-0.133220,0.012965,-0.398023,-0.087159,-0.069812,0.716244,-0.334241,0.088997,-0.023018,-0.012368,-0.056880,-0.526041,0.806419,-0.372280,-0.893868,-0.073322,0.014653,0.298898,0.066056,-1.169761,0.414344,1.081888,0.021572,0.121690,-0.041148
-0.109516,0.086687,0.764167,0.000721,0.041015,-0.629346,0.776042,-0.400100,0.532833,0.136727,0.646009,-0.118757,0.004775,-0.405131,-0.088920,-0.058532,0.726392,-0.337769,0.098604,-0.031696,-0.002984,-0.060016,-0.523329,0.799749,-0.438899,-0.870075,-0.082389,0.016379,0.277305,0.052517,-1.199997,0.388344,1.078542,0.027294,0.118888,-0.045681
-0.102917,0.087351,0.761935,-0.000379,0.041990,-0.633379,0.772701,-0.368829,0.544775,0.129854,0.605313,-0.104541,-0.003262,-0.412286,-0.090740,-0.047268,0.736682,-0.341321,0.108399,-0.040218,0.006510,-0.062995,-0.520677,0.792155,-0.505519,-0.846175,-0.091155,0.018194,0.255032,0.039480,-1.230445,0.361919,1.075734,0.033007,0.115594,-0.049934
-0.097251,0.087028,0.759941,0.000314,0.043928,-0.636627,0.769920,-0.341527,0.532415,0.115538,0.570204,-0.118745,-0.061045,-0.420475,-0.093227,-0.037461,0.743394,-0.346360,0.116800,-0.049069,0.018699,-0.068429,-0.513417,0.790362,-0.560747,-0.799816,-0.095654,0.017270,0.232592,0.021795,-1.264610,0.337979,1.065087,0.036585,0.113361,-0.054266
-0.091602,0.086812,0.757948,0.001082,0.045844,-0.639819,0.767156,-0.314847,0.520894,0.101670,0.536564,-0.133946,-0.118431,-0.428989,-0.095801,-0.027795,0.750372,-0.351360,0.124999,-0.058226,0.030507,-0.073892,-0.506084,0.788084,-0.616542,-0.753316,-0.099447,0.016030,0.209906,0.003126,-1.298540,0.315318,1.054880,0.040285,0.111351,-0.058470
-0.086129,0.086602,0.756015,0.001944,0.047681,-0.642940,0.764429,-0.288443,0.509988,0.088437,0.503940,-0.149907,-0.175455,-0.437527,-0.098516,-0.018170,0.757208,-0.356136,0.133125,-0.067417,0.041829,-0.079298,-0.498670,0.785218,-0.673053,-0.707046,-0.102442,0.014903,0.187070,-0.015631,-1.332152,0.293024,1.045014,0.044020,0.109398,-0.062719
-0.079320,0.087123,0.755422,0.005145,0.046577,-0.645312,0.762481,-0.269634,0.489246,0.085100,0.482475,-0.160216,-0.202966,-0.441166,-0.112462,-0.006415,0.755154,-0.356959,0.145585,-0.067234,0.049091,-0.084083,-0.449195,0.821817,-0.707240,-0.564799,-0.102679,0.014310,0.155057,-0.031603,-1.367161,0.265445,1.001919,0.049587,0.104354,-0.069396
-0.072307,0.087607,0.754897,0.008464,0.045410,-0.647605,0.760575,-0.250907,0.468209,0.081856,0.461223,-0.170900,-0.230167,-0.444570,-0.126965,0.005385,0.752636,-0.357895,0.157800,-0.067442,0.055796,-0.089100,-0.395473,0.854868,-0.740505,-0.421637,-0.097697,0.012343,0.123701,-0.047109,-1.401629,0.237840,0.958201,0.055142,0.100345,-0.076519
-0.065091,0.088160,0.754491,0.012096,0.044050,-0.649742,0.758781,-0.232098,0.446064,0.078895,0.439637,-0.181644,-0.256770,-0.447819,-0.142668,0.017650,0.749600,-0.358569,0.170492,-0.067986,0.061674,-0.094300,-0.336932,0.883858,-0.770795,-0.277729,-0.087731,0.009830,0.092906,-0.061907,-1.435863,0.209611,0.915227,0.060566,0.095771,-0.083692
-0.055458,0.089752,0.755657,0.016526,0.042563,-0.649747,0.758778,-0.226609,0.419093,0.085603,0.430054,-0.194781,-0.261800,-0.445384,-0.166259,0.027356,0.730840,-0.345989,0.187137,-0.077225,0.064423,-0.097884,-0.296160,0.905983,-0.795325,-0.168436,-0.076380,0.003343,0.072445,-0.075045,-1.458263,0.159120,0.882769,0.083632,0.091201,-0.106601
-0.044128,0.092042,0.757042,0.022650,0.039953,-0.649094,0.759320,-0.222454,0.383768,0.093488,0.420392,-0.207694,-0.261800,-0.442825,-0.197511,0.039567,0.708796,-0.331203,0.207711,-0.087090,0.065851,-0.101024,-0.254049,0.922968,-0.817377,-0.058872,-0.062887,-0.002571,0.053874,-0.084144,-1.482652,0.103355,0.850480,0.105850,0.085771,-0.130336
-0.032717,0.094378,0.758389,0.028712,0.037297,-0.648480,0.759775,-0.218147,0.348538,0.101259,0.410609,-0.220689,-0.261800,-0.439876,-0.228865,0.051861,0.686168,-0.316241,0.228331,-0.096666,0.067296,-0.104211,-0.208849,0.938071,-0.836450,0.051322,-0.047430,-0.009044,0.036825,-0.091180,-1.506354,0.045616,0.818325,0.127250,0.079814,-0.154595
-0.027115,0.094962,0.759458,0.031424,0.035605,-0.653685,0.755275,-0.202878,0.330920,0.102181,0.394822,-0.224038,-0.261800,-0.441464,-0.238485,0.062288,0.671759,-0.300720,0.236952,-0.096736,0.073298,-0.105756,-0.175811,0.943396,-0.853119,0.138863,-0.032151,-0.011550,0.028960,-0.106781,-1.513509,-0.007842,0.753527,0.148556,0.073882,-0.182029
-0.021478,0.095630,0.760724,0.033950,0.034222,-0.658955,0.750636,-0.187921,0.314032,0.103149,0.378908,-0.227199,-0.261800,-0.442889,-0.247281,0.072667,0.656038,-0.284090,0.244827,-0.096940,0.080258,-0.107357,-0.141216,0.948425,-0.867805,0.226049,-0.016396,-0.013424,0.022590,-0.123547,-1.518781,-0.060581,0.688224,0.168093,0.068037,-0.210543
-0.015925,0.096423,0.761956,0.036432,0.032972,-0.664218,0.745922,-0.173284,0.297381,0.104109,0.363118,-0.230350,-0.261800,-0.444297,-0.255850,0.083111,0.639741,-0.267055,0.252662,-0.097316,0.087567,-0.109171,-0.105116,0.952949,-0.881021,0.313752,-0.000013,-0.015581,0.018092,-0.141334,-1.521912,-0.112247,0.622367,0.185823,0.061902,-0.240183
-0.012886,0.096758,0.762809,0.035476,0.033825,-0.668350,0.742230,-0.161211,0.295177,0.102806,0.349286,-0.233202,-0.261800,-0.447085,-0.248254,0.098970,0.634287,-0.246919,0.256723,-0.106250,0.095704,-0.108770,-0.082731,0.950808,-0.913408,0.345865,0.011387,-0.017094,0.001768,-0.149315,-1.515338,-0.155226,0.524291,0.189481,0.054560,-0.266253
-0.009886,0.097139,0.763741,0.034510,0.034868,-0.672455,0.738510,-0.149606,0.293307,0.101739,0.335740,-0.236131,-0.261800,-0.450027,-0.240334,0.114864,0.628913,-0.226409,0.261109,-0.114719,0.103862,-0.108491,-0.060045,0.950136,-0.946359,0.375324,0.021962,-0.016319,-0.013931,-0.154023,-1.505552,-0.201100,0.423575,0.189633,0.048459,-0.292792
-0.007855,0.098327,0.765009,0.033157,0.036950,-0.676593,0.734682,-0.139510,0.294309,0.100358,0.320083,-0.236354,-0.261800,-0.453989,-0.228401,0.128203,0.622273,-0.203959,0.261800,-0.122674,0.112390,-0.107753,-0.038308,0.951322,-0.979229,0.404890,0.032726,-0.015409,-0.029410,-0.157352,-1.491004,-0.248697,0.320883,0.186428,0.042796,-0.319397
-0.001178,0.098593,0.766256,0.035626,0.034449,-0.679424,0.732070,-0.129079,0.275850,0.108250,0.309969,-0.236347,-0.250631,-0.463354,-0.236845,0.137189,0.625008,-0.203162,0.251775,-0.130280,0.118251,-0.104936,-0.022023,0.941906,-0.976348,0.481854,0.045193,-0.010160,-0.027526,-0.154853,-1.467699,-0.287771,0.194479,0.172156,0.036913,-0.336225
0.003265,0.099312,0.767631,0.037556,0.033205,-0.682228,0.729419,-0.119597,0.262890,0.114544,0.295955,-0.232429,-0.241719,-0.475026,-0.239093,0.142187,0.629539,-0.202698,0.235505,-0.139154,0.123457,-0.102074,-0.005629,0.934022,-0.971255,0.563337,0.059187,-0.007924,-0.024345,-0.154914,-1.437876,-0.323909,0.064098,0.154384,0.033884,-0.351474
0.007252,0.099860,0.769030,0.038540,0.033155,-0.685448,0.726344,-0.110584,0.254687,0.120826,0.282403,-0.228724,-0.234524,-0.486715,-0.236788,0.145426,0.633428,-0.201708,0.217558,-0.146951,0.131065,-0.099566,0.011011,0.927378,-0.965751,0.644981,0.072556,-0.006318,-0.020252,-0.157282,-1.404905,-0.355799,-0.068365,0.134084,0.032329,-0.364452
0.005998,0.100193,0.769308,0.039277,0.033388,-0.686975,0.724850,-0.103366,0.254444,0.119797,0.266878,-0.222156,-0.238143,-0.493108,-0.231872,0.141935,0.636998,-0.209269,0.207494,-0.143812,0.131278,-0.101386,-0.003028,0.932209,-0.930004,0.707190,0.074812,-0.010714,-0.000020,-0.152939,-1.373450,-0.365870,-0.173412,0.119333,0.036245,-0.356640
0.004672,0.100538,0.769588,0.039828,0.033493,-0.688557,0.723313,-0.096136,0.254321,0.118276,0.252082,-0.215457,-0.240489,-0.499231,-0.226645,0.138440,0.640696,-0.216791,0.197268,-0.141365,0.131513,-0.102750,-0.017041,0.939212,-0.894071,0.766856,0.075122,-0.013879,0.019888,-0.155555,-1.343337,-0.368249,-0.274430,0.105513,0.038455,-0.346730
0.003350,0.101018,0.769861,0.040326,0.033546,-0.690149,0.721763,-0.088963,0.254191,0.116786,0.237644,-0.208907,-0.242842,-0.505275,-0.221379,0.134950,0.644443,-0.224312,0.187064,-0.140026,0.132117,-0.104063,-0.030343,0.946936,-0.857251,0.825768,0.074536,-0.016670,0.039656,-0.163168,-1.314298,-0.364309,-0.373485,0.091915,0.040301,-0.335659
0.000078,0.100972,0.769863,0.039978,0.033854,-0.690970,0.720982,-0.084470,0.259613,0.115155,0.229179,-0.201574,-0.248434,-0.500719,-0.215245,0.134496,0.636476,-0.224144,0.188577,-0.131942,0.125184,-0.106808,-0.049812,0.952644,-0.778241,0.864424,0.051516,-0.021095,0.068417,-0.160495,-1.292282,-0.339516,-0.445975,0.092907,0.045171,-0.302780
-0.002977,0.100995,0.769804,0.039337,0.034104,-0.691831,0.720181,-0.079694,0.265332,0.113442,0.221182,-0.194417,-0.255342,-0.495261,-0.208881,0.133948,0.627639,-0.223540,0.190321,-0.126121,0.119361,-0.108764,-0.066341,0.959758,-0.696245,0.900891,0.027994,-0.025437,0.097044,-0.164738,-1.272815,-0.307258,-0.514424,0.095434,0.048639,-0.269767
-0.005784,0.101093,0.769850,0.038729,0.034185,-0.692639,0.719432,-0.074978,0.270245,0.111706,0.213484,-0.187392,-0.261635,-0.489525,-0.203216,0.133706,0.618412,-0.222735,0.192561,-0.121752,0.114021,-0.110578,-0.081769,0.968066,-0.612703,0.936357,0.004154,-0.029981,0.124472,-0.172308,-1.255505,-0.270614,-0.580655,0.098548,0.051521,-0.237002
-0.010468,0.101204,0.769710,0.037681,0.034045,-0.690376,0.721667,-0.071142,0.275908,0.102245,0.201380,-0.176860,-0.261702,-0.484385,-0.196738,0.133817,0.619082,-0.225030,0.194695,-0.114901,0.106787,-0.112414,-0.109267,0.970015,-0.534821,0.950715,-0.020992,-0.034358,0.157581,-0.194289,-1.232875,-0.226304,-0.626894,0.100208,0.055272,-0.217449
-0.014838,0.101424,0.769677,0.036902,0.033485,-0.687984,0.724013,-0.067429,0.279892,0.092763,0.189627,-0.166311,-0.261777,-0.479221,-0.191851,0.134690,0.619836,-0.227411,0.197550,-0.109145,0.099350,-0.114116,-0.135459,0.972850,-0.455918,0.964696,-0.046447,-0.038923,0.190519,-0.217992,-1.211383,-0.180008,-0.670725,0.102143,0.058383,-0.198110
-0.019121,0.101569,0.769569,0.036215,0.032781,-0.685539,0.726395,-0.063806,0.283523,0.083190,0.178109,-0.155825,-0.261780,-0.474018,-0.187360,0.135743,0.620753,-0.229991,0.200516,-0.103606,0.091810,-0.115893,-0.160501,0.976861,-0.376383,0.978445,-0.071862,-0.044116,0.223296,-0.240271,-1.190429,-0.134635,-0.714151,0.104383,0.061477,-0.178892
-0.027090,0.101450,0.768712,0.034056,0.034333,-0.684798,0.727127,-0.067276,0.301637,0.077482,0.180222,-0.143492,-0.261615,-0.478618,-0.170908,0.128618,0.636186,-0.236326,0.192113,-0.090870,0.085347,-0.111919,-0.193132,0.987000,-0.349710,0.977900,-0.086241,-0.048763,0.240718,-0.279132,-1.179448,-0.074011,-0.756516,0.100882,0.066648,-0.158518
-0.033183,0.101686,0.767999,0.033503,0.034770,-0.683637,0.728223,-0.072351,0.311553,0.072284,0.183017,-0.131507,-0.256172,-0.483352,-0.161695,0.124867,0.648811,-0.241034,0.187629,-0.077998,0.078086,-0.108574,-0.227713,0.993367,-0.324700,0.978151,-0.100842,-0.053393,0.258895,-0.317343,-1.171164,-0.014711,-0.797722,0.097953,0.071420,-0.137883
-0.039124,0.101948,0.767412,0.033159,0.035020,-0.682426,0.729362,-0.077592,0.320568,0.067272,0.185893,-0.119615,-0.250151,-0.488082,-0.153363,0.121535,0.661311,-0.245770,0.183475,-0.064952,0.070503,-0.105372,-0.262638,0.999795,-0.299942,0.978450,-0.115337,-0.058077,0.276639,-0.354255,-1.162567,0.043133,-0.839133,0.095393,0.076075,-0.117196
-0.046293,0.103139,0.766689,0.032863,0.034517,-0.679435,0.732186,-0.101448,0.329846,0.065496,0.215369,-0.101419,-0.208923,-0.493879,-0.147063,0.114113,0.676716,-0.252657,0.175531,-0.046435,0.054195,-0.098121,-0.327744,1.008726,-0.301373,0.932659,-0.124289,-0.061572,0.297122,-0.384740,-1.175339,0.125240,-0.832545,0.097781,0.078471,-0.097411
-0.053621,0.104519,0.766166,0.033003,0.033686,-0.676345,0.735073,-0.126247,0.338502,0.064233,0.246205,-0.084247,-0.167414,-0.500043,-0.141739,0.107203,0.692449,-0.259529,0.167814,-0.027561,0.036401,-0.091162,-0.394426,1.016263,-0.304509,0.887320,-0.132768,-0.064658,0.318037,-0.418052,-1.186441,0.209688,-0.824379,0.100049,0.079915,-0.077633
-0.061197,0.105868,0.765691,0.033369,0.032610,-0.673144,0.738038,-0.151532,0.347057,0.063487,0.278101,-0.068095,-0.125682,-0.505948,-0.137006,0.100421,0.707828,-0.266223,0.159885,-0.008759,0.017663,-0.084025,-0.461148,1.022489,-0.307684,0.842001,-0.140366,-0.068039,0.339280,-0.453498,-1.195484,0.296001,-0.816097,0.101889,0.081400,-0.057763
-0.069996,0.107135,0.766129,0.033756,0.029435,-0.670948,0.740150,-0.193369,0.347107,0.068126,0.345999,-0.059931,-0.069788,-0.508503,-0.133456,0.091930,0.719604,-0.269152,0.148308,0.014458,-0.005390,-0.077252,-0.517212,1.030211,-0.307887,0.798120,-0.145390,-0.068719,0.356715,-0.502370,-1.175609,0.380475,-0.812585,0.107352,0.083394,-0.042388
-0.079009,0.108629,0.766695,0.034502,0.026106,-0.668512,0.742442,-0.237554,0.346792,0.072682,0.418488,-0.054026,-0.013811,-0.511301,-0.130659,0.083504,0.731183,-0.271673,0.137003,0.036104,-0.029396,-0.069872,-0.571662,1.037967,-0.306171,0.753438,-0.149603,-0.069549,0.374109,-0.551495,-1.152118,0.464361,-0.807592,0.112509,0.085545,-0.027052
-0.088164,0.110183,0.767306,0.035377,0.022674,-0.665861,0.744891,-0.283610,0.346630,0.077218,0.495282,-0.050281,0.042239,-0.514088,-0.128320,0.074891,0.742619,-0.274023,0.125504,0.057151,-0.053803,-0.061562,-0.625748,1.045088,-0.303663,0.708259,-0.152980,-0.070563,0.391495,-0.598708,-1.125902,0.545503,-0.801696,0.117517,0.087792,-0.011794
-0.096604,0.111425,0.767583,0.035735,0.020083,-0.666582,0.744304,-0.327988,0.312737,0.044568,0.575341,-0.077757,0.030737,-0.516472,-0.119966,0.071131,0.748386,-0.276330,0.110060,0.077785,-0.063973,-0.053533,-0.655346,1.031715,-0.291417,0.635716,-0.158039,-0.070247,0.409971,-0.636571,-1.105575,0.614406,-0.778091,0.112660,0.090973,0.000249
-0.104639,0.112789,0.767858,0.035923,0.017725,-0.667125,0.743868,-0.373370,0.277052,0.013467,0.658092,-0.106780,0.018121,-0.519647,-0.111567,0.067619,0.755054,-0.276986,0.097283,0.097803,-0.072387,-0.045387,-0.681221,1.016248,-0.275379,0.561005,-0.161125,-0.069309,0.428879,-0.673652,-1.083971,0.682284,-0.754505,0.107383,0.094005,0.012227
-0.112447,0.114483,0.767974,0.036064,0.015385,-0.667415,0.743653,-0.419162,0.239056,-0.015701,0.742622,-0.136835,0.004399,-0.523229,-0.103827,0.063841,0.762288,-0.277725,0.084950,0.117124,-0.080039,-0.036904,-0.705613,0.999047,-0.257629,0.485741,-0.162713,-0.068337,0.447823,-0.709709,-1.060681,0.748683,-0.730716,0.101806,0.097064,0.024044
-0.116348,0.115547,0.768268,0.034675,0.013941,-0.666377,0.744678,-0.445457,0.209022,-0.020779,0.788514,-0.154615,-0.018571,-0.519219,-0.101279,0.056798,0.761251,-0.277735,0.081534,0.128639,-0.078701,-0.032825,-0.704448,0.973492,-0.238065,0.396458,-0.162168,-0.067141,0.459158,-0.718542,-1.037119,0.781911,-0.683359,0.097005,0.100068,0.035067
-0.120142,0.116482,0.768750,0.033032,0.012208,-0.665337,0.745712,-0.470114,0.178497,-0.024030,0.832800,-0.172456,-0.041595,-0.513971,-0.098983,0.049337,0.759495,-0.276450,0.075547,0.140930,-0.077583,-0.028147,-0.702697,0.946273,-0.219408,0.305462,-0.159814,-0.065299,0.470631,-0.723495,-1.013255,0.812141,-0.637150,0.090936,0.102833,0.046590
-0.123881,0.117460,0.769240,0.031310,0.010404,-0.664269,0.746765,-0.494693,0.147645,-0.025770,0.876890,-0.190841,-0.064742,-0.508433,-0.096762,0.041846,0.757519,-0.275049,0.069658,0.153368,-0.076544,-0.023282,-0.701211,0.917936,-0.201622,0.214017,-0.156160,-0.063147,0.481392,-0.726925,-0.988771,0.841319,-0.591180,0.084076,0.105375,0.057908
-0.124673,0.117511,0.770172,0.028027,0.010397,-0.664929,0.746308,-0.500535,0.118206,-0.038556,0.887702,-0.207255,-0.087201,-0.497140,-0.088668,0.041739,0.745207,-0.271000,0.068124,0.153982,-0.071592,-0.023498,-0.679466,0.905486,-0.183791,0.096372,-0.145179,-0.059308,0.482208,-0.692036,-0.984078,0.836570,-0.545204,0.078228,0.106535,0.057518
-0.125386,0.117483,0.771312,0.024595,0.010284,-0.665603,0.745829,-0.504956,0.089023,-0.050656,0.897231,-0.223770,-0.109473,-0.484971,-0.080937,0.040519,0.732207,-0.265331,0.066323,0.155997,-0.067432,-0.023558,-0.657707,0.891820,-0.168649,-0.023847,-0.132518,-0.053847,0.482019,-0.652612,-0.979940,0.828095,-0.501653,0.071567,0.108073,0.057791
-0.126230,0.117364,0.772466,0.021191,0.010132,-0.666238,0.745369,-0.509207,0.059888,-0.062255,0.906689,-0.240697,-0.131569,-0.472712,-0.073288,0.039355,0.719060,-0.259598,0.064477,0.158290,-0.063732,-0.023475,-0.636706,0.877561,-0.155796,-0.144566,-0.118741,-0.047782,0.480519,-0.612447,-0.975396,0.819039,-0.458576,0.064699,0.109711,0.057967
-0.126653,0.115823,0.773173,0.017925,0.012067,-0.667604,0.744203,-0.500441,0.042250,-0.082872,0.885373,-0.256124,-0.156570,-0.463000,-0.063262,0.035640,0.706905,-0.256005,0.061710,0.155318,-0.056644,-0.026462,-0.593277,0.864488,-0.135472,-0.214761,-0.111809,-0.041474,0.479224,-0.558556,-0.977795,0.776583,-0.390177,0.056614,0.110945,0.038876
-0.127303,0.114340,0.773933,0.014614,0.013939,-0.668903,0.743075,-0.491080,0.025286,-0.103525,0.863907,-0.271948,-0.181218,-0.452834,-0.053095,0.031845,0.694253,-0.252303,0.058795,0.153087,-0.050179,-0.029414,-0.552343,0.850985,-0.118014,-0.282726,-0.105310,-0.037136,0.477257,-0.503273,-0.979094,0.732965,-0.321704,0.048799,0.111493,0.019294
-0.127964,0.112876,0.774776,0.011347,0.015783,-0.670156,0.741965,-0.481634,0.008858,-0.124101,0.842719,-0.288192,-0.205430,-0.442734,-0.042926,0.028098,0.681600,-0.248560,0.055762,0.151060,-0.044091,-0.032163,-0.512812,0.837082,-0.102201,-0.350313,-0.098738,-0.032987,0.474976,-0.447897,-0.979412,0.689194,-0.253411,0.041653,0.112028,-0.000866
-0.127177,0.111141,0.775354,0.008737,0.018201,-0.671635,0.740607,-0.470096,0.008033,-0.135292,0.822040,-0.284140,-0.187269,-0.434316,-0.034491,0.027277,0.669270,-0.244509,0.054265,0.148425,-0.034099,-0.036777,-0.480040,0.845272,-0.089349,-0.408107,-0.091069,-0.024086,0.467741,-0.393131,-0.982830,0.642195,-0.218157,0.041779,0.111007,-0.015272
-0.126333,0.109438,0.775965,0.006309,0.020511,-0.672917,0.739407,-0.458533,0.006812,-0.146219,0.800631,-0.279817,-0.169177,-0.425972,-0.026480,0.026684,0.656802,-0.240570,0.053004,0.146392,-0.024800,-0.041061,-0.448995,0.853542,-0.077390,-0.463908,-0.084154,-0.016381,0.460000,-0.336787,-0.985573,0.593260,-0.185031,0.042447,0.111633,-0.029650
-0.125615,0.107734,0.776638,0.003889,0.022787,-0.674187,0.738199,-0.447161,0.005569,-0.156983,0.779360,-0.275719,-0.151121,-0.417670,-0.018493,0.026166,0.644536,-0.236740,0.051709,0.144761,-0.015659,-0.045175,-0.418290,0.861497,-0.065287,-0.519226,-0.077428,-0.008917,0.451343,-0.279750,-0.987084,0.543395,-0.152004,0.043434,0.112011,-0.043923
-0.124004,0.105809,0.777429,0.001947,0.025712,-0.673852,0.738416,-0.424992,0.007526,-0.170001,0.739011,-0.279523,-0.133944,-0.408059,-0.013757,0.023187,0.628367,-0.233137,0.055968,0.143582,-0.007246,-0.053445,-0.380277,0.876031,-0.059488,-0.548318,-0.075045,-0.001779,0.439773,-0.221275,-0.998954,0.490306,-0.095982,0.043491,0.114643,-0.052323
-0.122470,0.103951,0.778232,-0.000113,0.028441,-0.673664,0.738490,-0.402529,0.009392,-0.182681,0.698860,-0.283645,-0.116749,-0.397981,-0.008904,0.020367,0.612116,-0.229118,0.057414,0.142639,0.000985,-0.061203,-0.342856,0.890504,-0.053643,-0.575768,-0.073090,0.004171,0.428151,-0.161929,-1.008968,0.436124,-0.039025,0.044139,0.116443,-0.060681
-0.121069,0.102045,0.779023,-0.002192,0.031123,-0.673446,0.738577,-0.380294,0.011166,-0.195019,0.659246,-0.288229,-0.099541,-0.387896,-0.004049,0.017560,0.595941,-0.225098,0.058832,0.141833,0.009116,-0.068719,-0.305140,0.904762,-0.047104,-0.602949,-0.071243,0.009944,0.416496,-0.101608,-1.017282,0.380901,0.018018,0.045374,0.118093,-0.069066
-0.119160,0.100056,0.780408,-0.003443,0.033759,-0.675220,0.736836,-0.360536,0.018162,-0.198849,0.624905,-0.283046,-0.088634,-0.376876,0.002031,0.020671,0.573486,-0.216237,0.058433,0.141915,0.017168,-0.075678,-0.281131,0.909977,-0.048837,-0.620825,-0.069882,0.014906,0.407902,-0.072299,-1.019749,0.342266,0.053527,0.049038,0.117961,-0.079873
-0.117327,0.098183,0.781715,-0.004684,0.036213,-0.676962,0.735112,-0.340945,0.024752,-0.202209,0.591189,-0.278188,-0.077939,-0.365180,0.007342,0.022673,0.550133,-0.208646,0.059269,0.140969,0.025111,-0.082170,-0.256766,0.915558,-0.049385,-0.637769,-0.068698,0.019394,0.399320,-0.046182,-1.021927,0.306481,0.090189,0.053691,0.118203,-0.090962
-0.115522,0.096341,0.783009,-0.005930,0.038613,-0.678658,0.733415,-0.321455,0.031090,-0.205212,0.557840,-0.273640,-0.067403,-0.353456,0.012529,0.024669,0.526919,-0.201117,0.060070,0.139654,0.033024,-0.088521,-0.231880,0.921212,-0.049217,-0.654695,-0.067567,0.023800,0.390701,-0.020921,-1.023940,0.271521,0.127249,0.058858,0.118331,-0.101980
-0.113660,0.094666,0.784825,-0.006498,0.040784,-0.678669,0.733282,-0.306325,0.037098,-0.202584,0.527234,-0.261866,-0.060768,-0.338257,0.012963,0.021186,0.496398,-0.189738,0.061861,0.130628,0.037370,-0.093709,-0.225578,0.917402,-0.070642,-0.675666,-0.070025,0.025222,0.382375,-0.005364,-1.030369,0.244437,0.177098,0.067216,0.117038,-0.113056
-0.111943,0.093087,0.786498,-0.006987,0.042733,-0.678614,0.733218,-0.291274,0.042567,-0.199651,0.497067,-0.250237,-0.054152,-0.322781,0.012913,0.017089,0.465743,-0.179353,0.062276,0.121723,0.041212,-0.098566,-0.220644,0.913891,-0.093161,-0.695740,-0.072477,0.026642,0.374272,0.009657,-1.036823,0.217491,0.228185,0.076190,0.115033,-0.123787
-0.110164,0.091632,0.788245,-0.007444,0.044619,-0.678524,0.733184,-0.276354,0.047807,-0.196468,0.467291,-0.238824,-0.047576,-0.307408,0.012856,0.012945,0.435395,-0.169085,0.062729,0.112790,0.044929,-0.103318,-0.215852,0.910642,-0.115783,-0.715662,-0.075032,0.028021,0.366244,0.024701,-1.043429,0.190448,0.279516,0.085510,0.112893,-0.134067
-0.107763,0.090530,0.789946,-0.007741,0.045940,-0.678028,0.733558,-0.262788,0.049772,-0.195057,0.439393,-0.226062,-0.044420,-0.290140,0.011345,0.012996,0.401408,-0.154917,0.068230,0.100613,0.048871,-0.108843,-0.191283,0.911143,-0.167964,-0.714783,-0.084079,0.030196,0.342320,0.023827,-1.058163,0.135902,0.273934,0.097978,0.107246,-0.157972
-0.105413,0.089549,0.791596,-0.007972,0.047155,-0.677503,0.733964,-0.249438,0.051388,-0.193414,0.412107,-0.213545,-0.041248,-0.272843,0.009458,0.011959,0.367636,-0.141567,0.071105,0.089594,0.052380,-0.114423,-0.168530,0.911807,-0.222040,-0.713517,-0.093031,0.032236,0.318352,0.027158,-1.072413,0.077596,0.266183,0.110003,0.102634,-0.181895
-0.103104,0.088642,0.793235,-0.008231,0.048301,-0.676977,0.734371,-0.236241,0.052865,-0.191605,0.385335,-0.201255,-0.038147,-0.255730,0.007662,0.010913,0.334382,-0.128388,0.073959,0.078931,0.055743,-0.120074,-0.146350,0.912815,-0.276897,-0.712159,-0.101827,0.034412,0.294391,0.031868,-1.086018,0.018155,0.258409,0.121697,0.097900,-0.205778
-0.101851,0.087802,0.794837,-0.009128,0.048539,-0.675475,0.735727,-0.221550,0.055085,-0.190548,0.358486,-0.187849,-0.036795,-0.233612,0.006135,0.008121,0.296515,-0.111508,0.076136,0.065076,0.060052,-0.125284,-0.124596,0.932931,-0.335073,-0.677794,-0.113347,0.037419,0.262227,0.023853,-1.102622,-0.068633,0.253939,0.138375,0.092339,-0.248484
-0.100529,0.087075,0.796327,-0.010209,0.048461,-0.673965,0.737102,-0.206711,0.056995,-0.189293,0.332514,-0.174648,-0.035388,-0.210997,0.004410,0.004624,0.258889,-0.095495,0.077938,0.051711,0.063977,-0.130083,-0.104813,0.952304,-0.394834,-0.641823,-0.124154,0.039737,0.229071,0.017232,-1.118388,-0.156411,0.250510,0.154463,0.085685,-0.291252
-0.099257,0.086575,0.797837,-0.011393,0.048303,-0.672464,0.738465,-0.192058,0.058767,-0.187899,0.307196,-0.161646,-0.033906,-0.188534,0.002827,0.001172,0.221784,-0.079586,0.079850,0.038254,0.068001,-0.135072,-0.085007,0.971160,-0.455302,-0.606124,-0.133898,0.042551,0.196077,0.011020,-1.133545,-0.243883,0.247289,0.169890,0.078940,-0.334341
-0.097179,0.085132,0.799348,-0.012937,0.049198,-0.671214,0.739516,-0.174092,0.062907,-0.185320,0.275854,-0.148344,-0.030965,-0.172938,0.003431,-0.000198,0.199343,-0.061302,0.079549,0.030206,0.072472,-0.143073,-0.041644,0.981267,-0.476913,-0.572745,-0.143913,0.041754,0.174117,0.025851,-1.145103,-0.323675,0.213267,0.178418,0.070189,-0.366018
-0.095188,0.083593,0.800892,-0.014180,0.050312,-0.669922,0.740589,-0.156943,0.066772,-0.182511,0.244829,-0.135346,-0.027963,-0.158385,0.003908,-0.001433,0.177712,-0.043311,0.079741,0.020521,0.077164,-0.151941,0.007911,0.991004,-0.493222,-0.542045,-0.153108,0.041283,0.151260,0.040380,-1.154458,-0.402362,0.175901,0.185151,0.063020,-0.397990
-0.093110,0.082109,0.802560,-0.015339,0.051409,-0.668597,0.741687,-0.140264,0.070306,-0.179543,0.214465,-0.122614,-0.024949,-0.144055,0.004248,-0.002605,0.156223,-0.025325,0.079998,0.010308,0.081830,-0.161009,0.059773,0.999896,-0.507523,-0.511965,-0.161721,0.041224,0.128055,0.053482,-1.162215,-0.479333,0.137819,0.190595,0.056149,-0.430329
-0.092190,0.080653,0.804230,-0.017377,0.052194,-0.667852,0.742258,-0.122291,0.076958,-0.176326,0.185105,-0.105978,-0.023694,-0.138427,0.007848,-0.004437,0.154557,-0.010590,0.075958,0.004710,0.086999,-0.168144,0.082009,1.007041,-0.517638,-0.462093,-0.163639,0.042042,0.111825,0.053892,-1.177072,-0.534684,0.077762,0.181056,0.051232,-0.457375
-0.091374,0.079547,0.805911,-0.019319,0.052773,-0.667066,0.742876,-0.104917,0.082863,-0.173030,0.156705,-0.089353,-0.022458,-0.134016,0.010936,-0.006137,0.155131,0.003296,0.071961,-0.001384,0.092131,-0.174764,0.102205,1.012096,-0.528791,-0.408565,-0.164809,0.041541,0.095670,0.050371,-1.191470,-0.586354,0.017631,0.168990,0.048315,-0.484382
-0.090468,0.078426,0.807625,-0.021175,0.053254,-0.666239,0.743533,-0.087885,0.088258,-0.169564,0.128939,-0.072958,-0.021184,-0.129788,0.013687,-0.007807,0.156007,0.017099,0.068033,-0.007711,0.097146,-0.181318,0.122658,1.016107,-0.539715,-0.354214,-0.165158,0.040665,0.079451,0.045305,-1.205460,-0.635993,-0.042648,0.155610,0.046001,-0.510879
-0.089794,0.077113,0.809476,-0.021456,0.053035,-0.665927,0.743820,-0.083451,0.088250,-0.166237,0.125982,-0.059063,-0.022836,-0.126091,0.013264,-0.007701,0.155497,0.028216,0.064718,-0.012135,0.093555,-0.184758,0.140375,1.024988,-0.532617,-0.276130,-0.163919,0.041230,0.068901,0.046819,-1.237542,-0.681146,-0.087663,0.144571,0.046783,-0.525806
-0.089014,0.075916,0.811212,-0.021477,0.053058,-0.665541,0.744163,-0.081067,0.087740,-0.163228,0.125393,-0.045926,-0.024252,-0.123473,0.012649,-0.007630,0.155311,0.039370,0.060806,-0.017100,0.090465,-0.188853,0.158604,1.032098,-0.524288,-0.196061,-0.161614,0.040291,0.057975,0.046689,-1.271768,-0.724613,-0.128901,0.134398,0.045770,-0.539548
-0.088106,0.074748,0.813035,-0.021412,0.053176,-0.665153,0.744504,-0.079170,0.087108,-0.160294,0.125198,-0.032900,-0.025513,-0.121223,0.011960,-0.007537,0.155230,0.050535,0.056952,-0.022490,0.087708,-0.193226,0.177916,1.037992,-0.514518,-0.115375,-0.158224,0.038906,0.047139,0.046428,-1.306555,-0.767283,-0.169061,0.123904,0.044335,-0.552940
-0.087448,0.073756,0.814347,-0.021279,0.053234,-0.664791,0.744827,-0.078046,0.086367,-0.156145,0.124620,-0.023299,-0.026104,-0.119457,0.010942,-0.007562,0.154822,0.058540,0.055772,-0.021353,0.084544,-0.199284,0.175860,1.042846,-0.506930,-0.020533,-0.150452,0.038615,0.043077,0.027676,-1.345915,-0.792517,-0.190005,0.118181,0.045356,-0.562505
-0.086622,0.073086,0.815640,-0.021184,0.053159,-0.664435,0.745152,-0.077007,0.085407,-0.151922,0.124482,-0.013550,-0.026501,-0.117841,0.009700,-0.007436,0.154721,0.066576,0.053805,-0.020861,0.082111,-0.204955,0.170877,1.045765,-0.500827,0.078129,-0.142258,0.037110,0.040145,0.001769,-1.388549,-0.810783,-0.206200,0.112206,0.045290,-0.571950
-0.085773,0.072385,0.816933,-0.021120,0.053042,-0.664068,0.745489,-0.075977,0.084371,-0.147741,0.124467,-0.003783,-0.026805,-0.116208,0.008401,-0.007304,0.154682,0.074638,0.051880,-0.020855,0.080060,-0.210411,0.165430,1.048048,-0.494340,0.177873,-0.133471,0.034941,0.038011,-0.027741,-1.432374,-0.825126,-0.220853,0.106030,0.044722,-0.581448
-0.086457,0.071291,0.817561,-0.019769,0.053560,-0.665829,0.743917,-0.075663,0.085388,-0.143169,0.123384,0.000262,-0.028361,-0.118337,0.009197,-0.006380,0.154143,0.077618,0.048507,-0.013923,0.069196,-0.212938,0.153573,1.051562,-0.478446,0.278812,-0.126903,0.029927,0.046525,-0.061415,-1.495347,-0.830043,-0.204864,0.111799,0.046334,-0.584077
-0.087183,0.070183,0.818190,-0.018334,0.054077,-0.667706,0.742232,-0.075842,0.086231,-0.138347,0.122764,0.004519,-0.029936,-0.121083,0.009790,-0.004944,0.154346,0.080374,0.046389,-0.006316,0.058759,-0.215134,0.140130,1.055248,-0.463640,0.379710,-0.120729,0.024467,0.056632,-0.099641,-1.562813,-0.830153,-0.182760,0.120706,0.044286,-0.586576
-0.087853,0.069117,0.818815,-0.016873,0.054606,-0.669580,0.740537,-0.076192,0.087074,-0.133557,0.122253,0.008801,-0.031541,-0.124043,0.010406,-0.003521,0.154731,0.083109,0.044232,0.001915,0.048082,-0.216943,0.124723,1.059980,-0.449627,0.480480,-0.114761,0.018946,0.066960,-0.139958,-1.630866,-0.827840,-0.159384,0.130440,0.040531,-0.588504
-0.088552,0.068681,0.819080,-0.015594,0.053845,-0.671847,0.738566,-0.074845,0.086174,-0.127312,0.121611,0.012308,-0.031746,-0.126184,0.009544,-0.000975,0.155637,0.083995,0.041206,0.018911,0.027771,-0.216075,0.091273,1.067794,-0.448549,0.573196,-0.107691,0.015534,0.075384,-0.183612,-1.691890,-0.811189,-0.085351,0.168994,0.035196,-0.582724
-0.089281,0.068345,0.819354,-0.014460,0.052912,-0.674143,0.736561,-0.073038,0.085358,-0.120931,0.120808,0.015799,-0.032015,-0.128112,0.008664,0.001626,0.156988,0.084743,0.040022,0.038230,0.006027,-0.213599,0.051272,1.077037,-0.453151,0.666197,-0.101883,0.013036,0.084389,-0.226737,-1.755004,-0.793864,-0.006118,0.210398,0.025315,-0.572474
-0.090068,0.068086,0.819720,-0.013368,0.051898,-0.676440,0.734546,-0.071124,0.084559,-0.114561,0.120018,0.019369,-0.032343,-0.130005,0.007811,0.004228,0.158465,0.085507,0.038768,0.059116,-0.017032,-0.209386,0.006360,1.087223,-0.461724,0.759278,-0.096772,0.010700,0.094027,-0.261826,-1.817353,-0.783291,0.072264,0.251856,0.015188,-0.558148
-0.090276,0.067852,0.819679,-0.011889,0.051122,-0.679910,0.731415,-0.069238,0.083178,-0.107391,0.118958,0.019781,-0.033485,-0.133265,0.006778,0.010177,0.159589,0.084605,0.038941,0.080474,-0.040046,-0.203928,-0.039387,1.099793,-0.467337,0.845187,-0.094205,0.011472,0.102023,-0.277447,-1.877359,-0.783108,0.175696,0.296849,0.008531,-0.532562
-0.090434,0.067661,0.819712,-0.010339,0.050387,-0.683418,0.728213,-0.067588,0.081665,-0.099968,0.118099,0.020191,-0.034486,-0.136879,0.005696,0.016138,0.160944,0.083522,0.039008,0.102140,-0.062210,-0.197220,-0.086117,1.112075,-0.473543,0.929301,-0.092512,0.013264,0.110068,-0.269233,-1.940758,-0.805594,0.282136,0.340913,0.002782,-0.500742
-0.090402,0.067409,0.819638,-0.008834,0.049582,-0.686953,0.724955,-0.065934,0.079853,-0.092344,0.117441,0.020604,-0.035188,-0.140534,0.004348,0.022363,0.162452,0.082486,0.039391,0.122455,-0.080948,-0.189909,-0.131857,1.121391,-0.478686,1.013689,-0.091777,0.015422,0.118232,-0.227420,-2.010892,-0.860413,0.393218,0.381894,0.000544,-0.464106
-0.090187,0.068338,0.819397,-0.008538,0.047792,-0.693273,0.719038,-0.060837,0.079828,-0.078321,0.117156,0.019063,-0.036008,-0.143968,0.004825,0.029958,0.163942,0.082934,0.039615,0.137625,-0.086684,-0.182775,-0.161475,1.119722,-0.462266,1.098810,-0.102588,0.022160,0.127046,-0.138825,-2.087005,-0.943393,0.525771,0.405973,0.007178,-0.417085
-0.089723,0.069181,0.819135,-0.008617,0.045803,-0.699722,0.712893,-0.054739,0.079838,-0.063688,0.117013,0.017206,-0.036540,-0.146383,0.005353,0.038017,0.165054,0.083507,0.039974,0.142188,-0.085078,-0.179995,-0.171965,1.115915,-0.430370,1.184214,-0.114775,0.029194,0.135599,-0.011211,-2.175099,-1.065129,0.668870,0.419139,0.016138,-0.369030
-0.089743,0.069645,0.818918,-0.008932,0.043961,-0.706189,0.706601,-0.047869,0.081095,-0.049097,0.116568,0.014980,-0.037810,-0.147955,0.007100,0.045849,0.165520,0.084023,0.039575,0.129310,-0.086823,-0.185559,-0.156953,1.121149,-0.379467,1.270213,-0.127446,0.035792,0.144343,0.136119,-2.250384,-1.208005,0.809606,0.416162,0.022068,-0.325047
-0.090101,0.068848,0.818944,-0.009339,0.043060,-0.711428,0.701376,-0.039795,0.084043,-0.036718,0.113306,0.014221,-0.039468,-0.146230,0.010962,0.054027,0.162031,0.086030,0.039173,0.113418,-0.104600,-0.194176,-0.136164,1.146853,-0.337280,1.298095,-0.135096,0.039108,0.149436,0.217952,-2.251491,-1.282250,0.878412,0.391557,0.024133,-0.303506
-0.090785,0.068069,0.819006,-0.009262,0.041511,-0.716639,0.696146,-0.032158,0.085273,-0.023801,0.111727,0.012586,-0.041033,-0.145666,0.013203,0.062583,0.161808,0.085596,0.038257,0.102880,-0.126557,-0.200385,-0.118408,1.178147,-0.298372,1.319694,-0.143298,0.044119,0.152750,0.276939,-2.251500,-1.332828,0.939465,0.365657,0.030242,-0.285691
-0.091274,0.067428,0.818964,-0.009196,0.039826,-0.721822,0.690871,-0.024714,0.086079,-0.010794,0.110498,0.011064,-0.042414,-0.145635,0.015091,0.071304,0.162610,0.084895,0.037548,0.097080,-0.148738,-0.204565,-0.106375,1.208631,-0.264098,1.339923,-0.151847,0.050172,0.155425,0.316147,-2.251500,-1.362691,0.998439,0.341205,0.037420,-0.268231
-0.090907,0.066820,0.818869,-0.008041,0.038165,-0.727063,0.685462,-0.019211,0.082857,-0.001982,0.109370,0.010970,-0.040800,-0.147573,0.014589,0.083475,0.163842,0.083216,0.037661,0.093557,-0.161338,-0.206266,-0.100155,1.227696,-0.242621,1.357127,-0.160483,0.055336,0.155593,0.339268,-2.251500,-1.380465,1.027305,0.316432,0.043321,-0.259394
-0.090370,0.066288,0.818763,-0.006875,0.036438,-0.732264,0.680010,-0.013906,0.079302,0.006997,0.108518,0.010937,-0.038889,-0.149567,0.013755,0.096191,0.165006,0.081351,0.039076,0.093122,-0.173218,-0.207209,-0.100063,1.244873,-0.226751,1.375538,-0.169333,0.060496,0.155428,0.351408,-2.251500,-1.386105,1.053449,0.292228,0.051403,-0.251640
-0.089824,0.065812,0.818745,-0.005805,0.034622,-0.737439,0.674501,-0.008540,0.075642,0.016020,0.107848,0.010922,-0.036852,-0.151473,0.012818,0.109021,0.166193,0.079626,0.040620,0.095071,-0.184902,-0.207272,-0.104999,1.260509,-0.215589,1.394355,-0.178381,0.066077,0.156122,0.356704,-2.251500,-1.383680,1.078742,0.268586,0.060210,-0.244909
-0.087833,0.065837,0.818076,-0.004636,0.031747,-0.742864,0.668673,-0.002935,0.068201,0.028347,0.107627,0.008228,-0.033757,-0.153727,0.007295,0.116693,0.166639,0.076094,0.045854,0.105562,-0.193950,-0.206094,-0.106454,1.276051,-0.199469,1.408595,-0.188817,0.069324,0.157780,0.361818,-2.251500,-1.380692,1.089772,0.251164,0.067228,-0.244337
-0.085862,0.065899,0.817303,-0.003524,0.028769,-0.748266,0.662766,0.002876,0.060564,0.040769,0.107457,0.005459,-0.030559,-0.155722,0.001637,0.124774,0.167090,0.072211,0.051720,0.115969,-0.202747,-0.204582,-0.105891,1.291352,-0.181290,1.422041,-0.199239,0.072487,0.159632,0.366735,-2.251500,-1.377445,1.099489,0.234212,0.075130,-0.244796
-0.083855,0.066003,0.816614,-0.002446,0.025761,-0.753615,0.656807,0.008733,0.052866,0.053154,0.107297,0.002682,-0.027349,-0.157628,-0.004082,0.132857,0.167535,0.068285,0.057595,0.126256,-0.211520,-0.202942,-0.104266,1.306753,-0.162010,1.435154,-0.209637,0.075680,0.161452,0.371622,-2.251500,-1.374261,1.108905,0.217261,0.083121,-0.245478
-0.081158,0.066558,0.815653,-0.001527,0.022611,-0.758914,0.650797,0.013525,0.043916,0.064346,0.107308,-0.000969,-0.022266,-0.160033,-0.009570,0.148027,0.167341,0.063713,0.065449,0.132235,-0.219483,-0.199752,-0.107710,1.318149,-0.149834,1.441834,-0.217187,0.078837,0.163020,0.377603,-2.251500,-1.371754,1.116316,0.201812,0.091467,-0.246155
-0.078406,0.067161,0.814601,-0.000639,0.019467,-0.764158,0.644735,0.018254,0.034936,0.075682,0.107345,-0.004680,-0.017214,-0.162349,-0.015084,0.163100,0.166992,0.059199,0.073372,0.138897,-0.227446,-0.196672,-0.113368,1.329008,-0.140016,1.448512,-0.224741,0.082793,0.165188,0.383488,-2.251500,-1.368392,1.123346,0.186384,0.100239,-0.247548
-0.075713,0.067714,0.813633,0.000208,0.016310,-0.769354,0.638614,0.022985,0.025926,0.086978,0.107387,-0.008406,-0.012167,-0.164580,-0.020668,0.178145,0.166635,0.054613,0.081331,0.145909,-0.235455,-0.193647,-0.120345,1.340041,-0.131594,1.455749,-0.232335,0.086626,0.166935,0.388694,-2.251500,-1.364214,1.130661,0.170836,0.108676,-0.248660
-0.073011,0.068265,0.812631,0.000898,0.013158,-0.773338,0.633857,0.027456,0.017288,0.101290,0.106861,-0.011368,-0.006261,-0.173170,-0.027974,0.179190,0.176351,0.055188,0.090563,0.158237,-0.238705,-0.189411,-0.123925,1.341642,-0.132909,1.451405,-0.233882,0.086396,0.165611,0.393185,-2.251500,-1.361714,1.128999,0.160865,0.113544,-0.251217
-0.070253,0.068736,0.811721,0.001640,0.010180,-0.777293,0.629055,0.031525,0.008757,0.115579,0.106230,-0.014283,-0.000522,-0.182833,-0.034628,0.179904,0.187733,0.055747,0.099731,0.171056,-0.241573,-0.185628,-0.127928,1.342556,-0.134910,1.446529,-0.235274,0.086598,0.164731,0.396985,-2.251500,-1.357825,1.126798,0.151312,0.118746,-0.254308
-0.067570,0.069147,0.810706,0.002464,0.007196,-0.781209,0.624223,0.035334,0.000020,0.129819,0.105575,-0.017159,0.005224,-0.192742,-0.041155,0.180661,0.199527,0.055872,0.109153,0.184052,-0.244552,-0.181862,-0.132364,1.343339,-0.137305,1.441608,-0.236674,0.086897,0.163938,0.400140,-2.251500,-1.353205,1.124517,0.141868,0.124027,-0.257381
-0.064817,0.070192,0.810244,0.000094,0.005313,-0.784597,0.619984,0.041865,-0.001985,0.141069,0.105134,-0.021633,0.008499,-0.235011,-0.039387,0.154678,0.288970,0.028358,0.100812,0.194986,-0.243525,-0.176667,-0.141922,1.341969,-0.146690,1.433553,-0.237536,0.088365,0.162757,0.418798,-2.251500,-1.364675,1.121934,0.133959,0.124901,-0.260021
-0.062272,0.071286,0.809716,-0.001521,0.003742,-0.787806,0.615910,0.046735,-0.004520,0.151629,0.104052,-0.025430,0.011419,-0.279853,-0.039059,0.127706,0.379699,0.002024,0.092157,0.205767,-0.242028,-0.171922,-0.152561,1.339126,-0.155968,1.426518,-0.238210,0.089086,0.160814,0.429659,-2.251500,-1.369162,1.115914,0.126639,0.128236,-0.261981
-0.059788,0.072422,0.808880,-0.002579,0.001481,-0.790833,0.612025,0.051355,-0.009202,0.161911,0.103090,-0.029212,0.014605,-0.325058,-0.041829,0.100866,0.471125,-0.024734,0.083268,0.216610,-0.242338,-0.166349,-0.164335,1.336320,-0.165978,1.419537,-0.238855,0.089778,0.158736,0.437807,-2.251500,-1.371030,1.109764,0.119592,0.131854,-0.263534
-0.058138,0.072488,0.808207,-0.003126,0.000025,-0.793580,0.608458,0.055399,-0.012325,0.170447,0.102309,-0.033511,0.018222,-0.361541,-0.056326,0.054316,0.537060,-0.061308,0.073359,0.224141,-0.244891,-0.163493,-0.174439,1.326453,-0.176156,1.413270,-0.239786,0.090142,0.158095,0.443017,-2.251500,-1.371143,1.107887,0.116977,0.134609,-0.261141
-0.056493,0.072583,0.807338,-0.003495,-0.001800,-0.796170,0.605060,0.059461,-0.016608,0.178459,0.101558,-0.037628,0.021860,-0.396859,-0.073720,0.008720,0.602499,-0.097830,0.062938,0.231285,-0.248335,-0.160160,-0.184327,1.316733,-0.186058,1.406928,-0.240763,0.090605,0.157525,0.448423,-2.251500,-1.371536,1.106290,0.114416,0.137078,-0.258675
-0.054929,0.072707,0.806373,-0.003615,-0.003963,-0.798628,0.601802,0.063408,-0.022009,0.186168,0.100788,-0.041655,0.025694,-0.431157,-0.093861,-0.035736,0.667549,-0.134309,0.051894,0.238073,-0.252677,-0.156486,-0.193967,1.307145,-0.195594,1.400593,-0.241738,0.091084,0.156893,0.453808,-2.251500,-1.372029,1.104749,0.111858,0.139536,-0.256187
-0.054009,0.072547,0.805021,-0.003589,-0.005156,-0.798363,0.602144,0.065024,-0.025833,0.187716,0.100250,-0.050250,0.029669,-0.447176,-0.112853,-0.065723,0.700482,-0.162255,0.037340,0.240787,-0.254739,-0.155514,-0.193525,1.288934,-0.210743,1.383731,-0.237691,0.091245,0.151367,0.455881,-2.251500,-1.370696,1.099307,0.108569,0.140230,-0.254636
-0.053096,0.072271,0.803833,-0.004185,-0.005875,-0.798272,0.602253,0.067226,-0.027951,0.189538,0.099750,-0.058939,0.033421,-0.460477,-0.130386,-0.095846,0.729846,-0.188586,0.022433,0.244070,-0.254701,-0.154266,-0.190812,1.270047,-0.223679,1.365764,-0.233548,0.091692,0.146174,0.456331,-2.251500,-1.367887,1.093190,0.105499,0.141109,-0.252928
-0.052167,0.072086,0.802667,-0.004867,-0.006560,-0.798217,0.602315,0.069539,-0.029923,0.191371,0.099277,-0.067656,0.037185,-0.472853,-0.147984,-0.125517,0.758607,-0.214810,0.007365,0.247414,-0.254382,-0.152789,-0.187207,1.251173,-0.235745,1.347459,-0.229379,0.092184,0.141020,0.456233,-2.251500,-1.364714,1.086917,0.102499,0.142036,-0.251122
-0.051554,0.071180,0.801946,-0.005786,-0.003975,-0.798140,0.602431,0.069037,-0.025181,0.191033,0.098660,-0.078175,0.038997,-0.471288,-0.151052,-0.143636,0.750874,-0.210849,-0.007496,0.249768,-0.246882,-0.156004,-0.177486,1.240638,-0.231209,1.355760,-0.232447,0.093801,0.138537,0.438601,-2.251500,-1.347815,1.079366,0.104008,0.142826,-0.251407
-0.051063,0.070259,0.800999,-0.006347,-0.002860,-0.797809,0.602870,0.069528,-0.023677,0.190187,0.098810,-0.089305,0.041242,-0.470959,-0.157499,-0.160084,0.749010,-0.210447,-0.021831,0.250628,-0.242733,-0.157116,-0.164352,1.232038,-0.223303,1.362476,-0.235713,0.094770,0.136169,0.423245,-2.251500,-1.333773,1.073511,0.106229,0.142121,-0.251633
-0.050602,0.069261,0.799908,-0.006738,-0.001991,-0.797400,0.603411,0.070046,-0.022903,0.189128,0.098847,-0.100348,0.043587,-0.471000,-0.164681,-0.176277,0.748371,-0.210879,-0.036071,0.250540,-0.239338,-0.157998,-0.149455,1.223972,-0.213521,1.368480,-0.238934,0.095747,0.133757,0.409298,-2.251500,-1.321680,1.067788,0.108394,0.141121,-0.251928
-0.051228,0.067540,0.799447,-0.005345,-0.000311,-0.794740,0.606927,0.066643,-0.022721,0.181195,0.099011,-0.106289,0.044601,-0.455582,-0.163529,-0.178636,0.718174,-0.205993,-0.030054,0.239989,-0.240404,-0.161834,-0.125901,1.185049,-0.271581,1.131937,-0.209281,0.095927,0.114785,0.403909,-2.251500,-1.321451,1.060394,0.109084,0.136985,-0.252624
-0.051834,0.065608,0.799497,-0.005081,0.003566,-0.792715,0.609561,0.063091,-0.016613,0.174619,0.098689,-0.112259,0.044532,-0.436146,-0.155404,-0.183608,0.677930,-0.195925,-0.025015,0.232825,-0.235858,-0.168053,-0.099495,1.154105,-0.336074,0.888191,-0.181487,0.103793,0.093860,0.392874,-2.251500,-1.314193,1.050838,0.109791,0.134269,-0.253103
-0.052708,0.063623,0.799505,-0.004963,0.007305,-0.790702,0.612138,0.059898,-0.010126,0.168075,0.098681,-0.118483,0.044021,-0.416135,-0.146722,-0.188513,0.637450,-0.185958,-0.020259,0.226767,-0.231769,-0.174084,-0.077608,1.135141,-0.409630,0.645266,-0.156107,0.111771,0.068008,0.380416,-2.251500,-1.304703,1.041507,0.110768,0.131894,-0.253236
-0.052648,0.061328,0.801108,-0.006080,0.012274,-0.787429,0.616253,0.056329,-0.001105,0.158334,0.099294,-0.114329,0.042362,-0.372525,-0.129546,-0.191139,0.554568,-0.161554,-0.013421,0.221469,-0.221185,-0.184859,-0.053696,1.104177,-0.434563,0.441532,-0.163471,0.116883,0.053491,0.366898,-2.251500,-1.297186,1.053862,0.117514,0.131471,-0.260807
-0.052682,0.058966,0.802700,-0.007808,0.017176,-0.784093,0.620356,0.053874,0.008660,0.148563,0.100071,-0.110387,0.040606,-0.326229,-0.111277,-0.193563,0.468461,-0.135797,-0.006717,0.215511,-0.209649,-0.194839,-0.029863,1.076716,-0.460579,0.238325,-0.170056,0.120136,0.040175,0.354830,-2.251500,-1.291800,1.065832,0.124178,0.131004,-0.268405
-0.052784,0.056649,0.804053,-0.009425,0.021577,-0.780584,0.624607,0.051716,0.017353,0.138428,0.101036,-0.106574,0.038933,-0.279498,-0.094024,-0.195077,0.382422,-0.110248,0.000118,0.209371,-0.199233,-0.204375,-0.008216,1.053347,-0.489238,0.035133,-0.175996,0.122882,0.027948,0.343352,-2.251500,-1.286862,1.077956,0.130781,0.130589,-0.276019
-0.053593,0.054473,0.806519,-0.012480,0.026089,-0.777422,0.628314,0.051602,0.029704,0.126960,0.102471,-0.095774,0.035336,-0.237499,-0.073697,-0.192005,0.308940,-0.068501,0.002933,0.190820,-0.188592,-0.210633,0.016556,1.023317,-0.457501,0.065166,-0.180726,0.128824,0.033428,0.332536,-2.251500,-1.281414,1.100288,0.142441,0.129727,-0.280343
-0.054407,0.052527,0.808787,-0.015080,0.029857,-0.774005,0.632295,0.051222,0.039960,0.114997,0.104081,-0.084993,0.032155,-0.196593,-0.055715,-0.188088,0.238490,-0.028237,0.006074,0.171812,-0.179660,-0.216332,0.035746,0.991925,-0.429125,0.102359,-0.184936,0.129632,0.036800,0.322482,-2.251500,-1.276988,1.122479,0.153566,0.129063,-0.284723
-0.055245,0.050698,0.810816,-0.017231,0.033091,-0.770448,0.636410,0.050567,0.048547,0.102808,0.105791,-0.074108,0.029254,-0.157073,-0.039628,-0.183444,0.171466,0.010221,0.009503,0.152873,-0.172319,-0.221747,0.052755,0.961136,-0.402462,0.139723,-0.189680,0.130481,0.040108,0.311958,-2.251500,-1.271885,1.144494,0.164745,0.128864,-0.289525
-0.056700,0.049581,0.813146,-0.019774,0.035847,-0.764102,0.643795,0.048832,0.056907,0.084476,0.107093,-0.061101,0.026898,-0.145034,-0.030632,-0.179265,0.163696,0.031302,0.008165,0.136089,-0.163599,-0.227014,0.062236,0.930018,-0.364699,0.208012,-0.199568,0.125983,0.056748,0.308609,-2.251500,-1.276318,1.166028,0.181054,0.129431,-0.292092
-0.058128,0.048503,0.815448,-0.021721,0.038556,-0.757630,0.651183,0.045872,0.064303,0.065983,0.108371,-0.047553,0.024607,-0.135692,-0.022925,-0.174841,0.159979,0.050344,0.006785,0.118746,-0.156133,-0.233550,0.070426,0.900805,-0.327856,0.277454,-0.210226,0.120503,0.072661,0.307411,-2.251500,-1.282769,1.188008,0.197056,0.129963,-0.294949
-0.059694,0.047417,0.817830,-0.023525,0.041248,-0.751083,0.658498,0.042572,0.071467,0.047420,0.109611,-0.033899,0.022265,-0.126746,-0.015477,-0.170288,0.157084,0.068918,0.005278,0.101539,-0.149060,-0.240543,0.077648,0.873464,-0.291902,0.346996,-0.221600,0.114866,0.088001,0.306198,-2.251500,-1.289043,1.210214,0.212920,0.130504,-0.297808
-0.061315,0.045960,0.818878,-0.024828,0.042784,-0.746870,0.663127,0.042039,0.077071,0.036406,0.110618,-0.029064,0.019579,-0.120011,-0.009904,-0.167600,0.153400,0.079492,0.005116,0.091483,-0.143138,-0.244878,0.074878,0.857427,-0.266133,0.410334,-0.233519,0.107253,0.107257,0.312745,-2.251500,-1.299864,1.219404,0.222755,0.131074,-0.300809
-0.063069,0.044535,0.819937,-0.026105,0.044248,-0.742649,0.667707,0.041545,0.082568,0.025388,0.111576,-0.024003,0.016854,-0.113272,-0.004421,-0.164823,0.149952,0.089904,0.004903,0.081758,-0.137425,-0.249358,0.071606,0.842733,-0.241074,0.473817,-0.245876,0.099803,0.126060,0.319289,-2.251500,-1.310439,1.228508,0.232447,0.131913,-0.303943
-0.064783,0.043051,0.820996,-0.027365,0.045693,-0.738400,0.672257,0.041034,0.088061,0.014330,0.112501,-0.018918,0.014072,-0.106548,0.001054,-0.162023,0.146710,0.100182,0.004616,0.072202,-0.131819,-0.253968,0.068084,0.829395,-0.216447,0.537503,-0.258517,0.092321,0.144233,0.325720,-2.251500,-1.320764,1.237688,0.242122,0.132754,-0.307086
-0.065154,0.042408,0.821607,-0.028512,0.046369,-0.737243,0.673432,0.042885,0.091063,0.010289,0.111258,-0.015171,0.011960,-0.102189,0.004836,-0.157461,0.142244,0.109517,0.004158,0.070912,-0.129565,-0.251389,0.064070,0.826123,-0.192275,0.584575,-0.268322,0.087449,0.166888,0.324429,-2.251500,-1.318048,1.242038,0.244351,0.136219,-0.307868
-0.065644,0.041574,0.822181,-0.029960,0.046898,-0.736176,0.674498,0.044927,0.094572,0.006608,0.111746,-0.013041,0.009588,-0.097666,0.008994,-0.152699,0.139303,0.117758,0.003514,0.070068,-0.127751,-0.249593,0.059257,0.824388,-0.170491,0.635029,-0.278827,0.079807,0.189568,0.327664,-2.251500,-1.318020,1.248360,0.247015,0.138147,-0.308759
-0.066100,0.040744,0.822756,-0.031400,0.047424,-0.735115,0.675552,0.046919,0.098150,0.002934,0.112341,-0.010977,0.007141,-0.093237,0.013207,-0.147940,0.136573,0.125843,0.002773,0.069012,-0.126068,-0.248182,0.054435,0.823678,-0.149193,0.686383,-0.289580,0.071614,0.211750,0.332900,-2.251500,-1.319767,1.255036,0.249565,0.139733,-0.309942
-0.066024,0.041232,0.823168,-0.032965,0.047009,-0.735074,0.675551,0.049354,0.100102,0.003762,0.112757,-0.008840,0.006311,-0.091045,0.015642,-0.142884,0.136930,0.131591,0.002735,0.071110,-0.122961,-0.242926,0.036781,0.828529,-0.138504,0.734000,-0.299353,0.066267,0.227124,0.347328,-2.251500,-1.329850,1.257295,0.249729,0.141317,-0.307837
-0.065992,0.041762,0.823496,-0.034574,0.046491,-0.735087,0.675492,0.052049,0.101980,0.004633,0.113013,-0.006802,0.005619,-0.089008,0.018027,-0.137630,0.137897,0.137092,0.002643,0.073307,-0.120129,-0.237925,0.017853,0.834167,-0.129170,0.783004,-0.309440,0.061381,0.241783,0.364806,-2.251500,-1.342738,1.259597,0.249214,0.143148,-0.306424
-0.065997,0.042293,0.823910,-0.036174,0.045957,-0.735102,0.675429,0.054762,0.103889,0.005507,0.113243,-0.004754,0.004881,-0.087017,0.020440,-0.132373,0.138972,0.142520,0.002494,0.075216,-0.117410,-0.233152,-0.001053,0.840469,-0.120186,0.832499,-0.319673,0.056448,0.256022,0.383987,-2.251500,-1.357294,1.261886,0.248531,0.144968,-0.305338
-0.065707,0.042890,0.824109,-0.037765,0.045582,-0.734760,0.675740,0.056964,0.105411,0.004627,0.113156,-0.004454,0.003861,-0.085746,0.022337,-0.129162,0.141021,0.145308,0.001323,0.073358,-0.114373,-0.228350,-0.021709,0.850762,-0.109584,0.874307,-0.333246,0.052152,0.268335,0.398816,-2.251500,-1.367364,1.256730,0.244494,0.144426,-0.307325
-0.065506,0.043578,0.824388,-0.039304,0.045207,-0.734370,0.676101,0.059023,0.106892,0.003623,0.113185,-0.003971,0.002815,-0.084590,0.024156,-0.126148,0.143424,0.148227,0.000100,0.071630,-0.111255,-0.223222,-0.042449,0.861342,-0.099310,0.915393,-0.347030,0.048449,0.280286,0.411197,-2.251500,-1.375251,1.251133,0.240426,0.144281,-0.309086
-0.065314,0.044176,0.824576,-0.040837,0.044831,-0.733975,0.676463,0.061066,0.108380,0.002611,0.113236,-0.003502,0.001755,-0.083486,0.025974,-0.123149,0.145897,0.151095,-0.001149,0.070131,-0.108105,-0.217942,-0.063566,0.872210,-0.089682,0.956478,-0.360855,0.044924,0.291873,0.422093,-2.251500,-1.381687,1.245437,0.236442,0.144259,-0.310614
-0.064822,0.044946,0.824117,-0.042896,0.044612,-0.733243,0.677144,0.063156,0.110426,0.000849,0.113177,-0.008333,0.003526,-0.081643,0.028004,-0.121699,0.147652,0.150678,-0.000059,0.066930,-0.103677,-0.212295,-0.080950,0.891368,-0.084268,0.981347,-0.365130,0.043315,0.295394,0.433821,-2.251500,-1.384360,1.241406,0.231797,0.144775,-0.310402
-0.064337,0.045672,0.823638,-0.045006,0.044427,-0.732478,0.677847,0.065335,0.112592,-0.001222,0.113301,-0.013262,0.004949,-0.079666,0.030207,-0.120371,0.149441,0.150589,0.001012,0.063632,-0.099178,-0.206573,-0.097132,0.910659,-0.078130,1.004119,-0.368596,0.042999,0.298709,0.444752,-2.251500,-1.386288,1.237597,0.227276,0.145141,-0.309759
-0.063850,0.046386,0.823159,-0.047120,0.044247,-0.731708,0.678547,0.067522,0.114770,-0.003315,0.113456,-0.018215,0.006400,-0.077668,0.032423,-0.119037,0.151184,0.150508,0.002085,0.060211,-0.094636,-0.200758,-0.112972,0.929951,-0.071898,1.026268,-0.371914,0.043029,0.302116,0.455220,-2.251500,-1.387898,1.233769,0.222822,0.145466,-0.308953
-0.063967,0.047295,0.821131,-0.047254,0.042994,-0.732696,0.677551,0.069234,0.113113,-0.001762,0.112771,-0.031639,0.009266,-0.077967,0.031232,-0.115748,0.150616,0.140839,0.007540,0.060168,-0.096071,-0.198588,-0.129882,0.958532,-0.059228,1.050302,-0.378555,0.044691,0.302968,0.458688,-2.251500,-1.384264,1.223795,0.215369,0.145391,-0.309068
-0.064097,0.048209,0.819188,-0.047164,0.041801,-0.733757,0.676482,0.070377,0.111232,-0.000093,0.112514,-0.045178,0.012259,-0.079237,0.029810,-0.112216,0.151005,0.130763,0.013039,0.060617,-0.097728,-0.196491,-0.147579,0.987558,-0.047303,1.074914,-0.385347,0.046157,0.302759,0.459355,-2.251500,-1.378070,1.213698,0.207868,0.145730,-0.308744
-0.064318,0.049038,0.817163,-0.046994,0.040636,-0.734828,0.675403,0.071336,0.109249,0.001503,0.112373,-0.058741,0.015380,-0.080808,0.028310,-0.108640,0.151642,0.120599,0.018560,0.061395,-0.099436,-0.194353,-0.166037,1.016645,-0.036314,1.099778,-0.392067,0.047577,0.302277,0.458214,-2.251500,-1.370089,1.203628,0.200458,0.146179,-0.308101
-0.063962,0.050137,0.813831,-0.045424,0.039145,-0.736141,0.674167,0.070415,0.103734,0.003553,0.111745,-0.082632,0.020336,-0.083471,0.023791,-0.100970,0.150578,0.096573,0.029911,0.062674,-0.104017,-0.192131,-0.188159,1.042786,-0.042042,1.089538,-0.388005,0.044506,0.296998,0.454804,-2.251500,-1.362031,1.193899,0.191093,0.146950,-0.307299
-0.063659,0.051092,0.810498,-0.043718,0.037653,-0.737523,0.672853,0.069111,0.097950,0.005808,0.111838,-0.106837,0.025665,-0.086802,0.018960,-0.093064,0.150804,0.071797,0.041279,0.065209,-0.108807,-0.190482,-0.209800,1.067889,-0.048909,1.075333,-0.383195,0.043819,0.293791,0.450019,-2.251500,-1.351716,1.184896,0.181512,0.147658,-0.306293
-0.063356,0.052047,0.807093,-0.041924,0.036196,-0.738920,0.671513,0.067619,0.092041,0.007902,0.112071,-0.131056,0.031342,-0.090400,0.014021,-0.085158,0.151332,0.046841,0.052538,0.068048,-0.113603,-0.188945,-0.231685,1.092662,-0.056494,1.059971,-0.378335,0.043882,0.291168,0.443962,-2.251500,-1.340048,1.175962,0.172007,0.148289,-0.305101
-0.062032,0.053088,0.804050,-0.039532,0.032329,-0.741872,0.668594,0.050444,0.080503,0.012574,0.150664,-0.155996,0.036121,-0.092932,0.003843,-0.074758,0.151452,0.020182,0.062505,0.075436,-0.125516,-0.186500,-0.254436,1.116350,-0.063705,1.046286,-0.374858,0.042936,0.290064,0.438038,-2.251500,-1.328353,1.160681,0.161918,0.146992,-0.304764
-0.060814,0.054091,0.801086,-0.036491,0.028628,-0.744816,0.665656,0.029589,0.068187,0.017190,0.193903,-0.183093,0.041161,-0.096918,-0.007104,-0.064165,0.151709,-0.006491,0.073105,0.082707,-0.138103,-0.185133,-0.278009,1.139813,-0.071954,1.032593,-0.371480,0.041864,0.289053,0.431683,-2.251500,-1.316325,1.145168,0.151745,0.145963,-0.304400
-0.059627,0.055107,0.798111,-0.033110,0.024876,-0.747692,0.662753,0.007210,0.055237,0.021927,0.239117,-0.211132,0.046401,-0.101411,-0.018690,-0.053564,0.152075,-0.033253,0.083607,0.089806,-0.151296,-0.184203,-0.302366,1.163172,-0.081307,1.018850,-0.368113,0.040741,0.288060,0.425106,-2.251500,-1.304046,1.129644,0.141563,0.145015,-0.303942
-0.059162,0.056459,0.796287,-0.031989,0.023145,-0.750706,0.659456,-0.006130,0.051880,0.028576,0.266956,-0.226400,0.048661,-0.126591,-0.022907,-0.049156,0.195412,-0.054611,0.082838,0.099202,-0.156382,-0.183881,-0.331753,1.180672,-0.102256,1.020647,-0.361931,0.043869,0.282731,0.423501,-2.251500,-1.301020,1.118961,0.133891,0.145779,-0.300634
-0.058796,0.057893,0.794417,-0.030247,0.021271,-0.753741,0.656131,-0.019440,0.047425,0.035433,0.292672,-0.240260,0.051091,-0.155568,-0.028079,-0.044416,0.244890,-0.079085,0.082594,0.108632,-0.163149,-0.184962,-0.365982,1.198259,-0.128088,1.025574,-0.355784,0.046362,0.276474,0.424908,-2.251500,-1.300350,1.108874,0.125868,0.146588,-0.297800
-0.058468,0.059283,0.792652,-0.028193,0.019291,-0.756729,0.652836,-0.033204,0.042324,0.042273,0.318341,-0.253961,0.053696,-0.185915,-0.033668,-0.039577,0.296516,-0.104662,0.082542,0.117921,-0.170871,-0.186745,-0.403146,1.215535,-0.157129,1.031693,-0.349730,0.048481,0.270008,0.427846,-2.251500,-1.300814,1.099181,0.117640,0.147329,-0.295258
-0.057764,0.059954,0.791174,-0.025316,0.017660,-0.760574,0.648518,-0.040670,0.036414,0.051664,0.330420,-0.261997,0.056152,-0.207959,-0.040168,-0.037028,0.327738,-0.119281,0.081996,0.130828,-0.180345,-0.191071,-0.414510,1.226382,-0.178032,1.053853,-0.343995,0.053314,0.260816,0.424478,-2.251500,-1.294095,1.094070,0.109544,0.148196,-0.294431
-0.056969,0.060469,0.789780,-0.022747,0.015900,-0.764432,0.644107,-0.046620,0.030664,0.061178,0.341046,-0.269437,0.058740,-0.227691,-0.046262,-0.034379,0.355849,-0.132473,0.081640,0.143162,-0.188844,-0.194371,-0.420277,1.237056,-0.193220,1.073608,-0.337763,0.057407,0.251481,0.418807,-2.251500,-1.285913,1.087948,0.102151,0.148669,-0.293200
-0.056056,0.060995,0.788303,-0.020282,0.013980,-0.768236,0.639692,-0.052125,0.024764,0.070658,0.351521,-0.276847,0.061439,-0.246763,-0.052369,-0.031698,0.383561,-0.145566,0.081438,0.154972,-0.197147,-0.197006,-0.423317,1.247714,-0.205453,1.091919,-0.331136,0.061474,0.242338,0.412142,-2.251500,-1.277371,1.081331,0.094936,0.149194,-0.291768
-0.054644,0.061623,0.787275,-0.018925,0.012485,-0.771819,0.635438,-0.054942,0.020422,0.079562,0.358081,-0.281823,0.063255,-0.259911,-0.056258,-0.027352,0.400833,-0.151012,0.083094,0.167934,-0.202483,-0.198218,-0.431021,1.262673,-0.210384,1.115481,-0.329822,0.066420,0.235961,0.413775,-2.251500,-1.274474,1.080332,0.090665,0.152023,-0.287349
-0.053250,0.062263,0.786313,-0.018021,0.010874,-0.775395,0.631126,-0.056555,0.016646,0.088511,0.364150,-0.286600,0.064895,-0.271123,-0.059511,-0.023192,0.416075,-0.155525,0.084681,0.180287,-0.207562,-0.199012,-0.438665,1.278314,-0.215443,1.139900,-0.328688,0.070890,0.229290,0.418993,-2.251500,-1.275392,1.079635,0.086174,0.154624,-0.283372
-0.051774,0.062821,0.785361,-0.017239,0.009190,-0.778936,0.626799,-0.057825,0.012932,0.097419,0.370121,-0.291374,0.066525,-0.281819,-0.062626,-0.019074,0.430959,-0.159947,0.086317,0.192206,-0.212732,-0.199793,-0.446130,1.294269,-0.220527,1.164485,-0.327470,0.075230,0.222529,0.426221,-2.251500,-1.278393,1.079051,0.081446,0.157145,-0.279688
-0.051403,0.063438,0.784647,-0.015978,0.006843,-0.782209,0.622774,-0.056268,0.008662,0.106530,0.370679,-0.293078,0.068032,-0.292162,-0.065765,-0.013938,0.446006,-0.164464,0.082341,0.205630,-0.217287,-0.199976,-0.448393,1.300844,-0.224986,1.178161,-0.325884,0.077676,0.217935,0.435479,-2.251500,-1.284136,1.077341,0.078059,0.159156,-0.274724
-0.051097,0.064035,0.783919,-0.014725,0.004337,-0.785456,0.618727,-0.054222,0.003992,0.115415,0.370703,-0.294468,0.069756,-0.302019,-0.069290,-0.008987,0.460707,-0.169389,0.081938,0.218836,-0.221963,-0.200027,-0.447690,1.307262,-0.226891,1.189779,-0.324164,0.080852,0.214403,0.445255,-2.251500,-1.290457,1.075322,0.074642,0.161195,-0.269919
-0.050684,0.064550,0.783181,-0.013477,0.001764,-0.788657,0.614683,-0.052095,-0.000866,0.124260,0.370624,-0.295810,0.071525,-0.311779,-0.072873,-0.004032,0.475464,-0.174425,0.081667,0.231661,-0.226694,-0.199971,-0.445256,1.313817,-0.227098,1.200574,-0.322348,0.084243,0.211108,0.455277,-2.251500,-1.297262,1.073080,0.071207,0.163242,-0.265149
-0.049397,0.064636,0.782023,-0.011967,-0.001155,-0.793164,0.608890,-0.050070,-0.007376,0.136119,0.373006,-0.300220,0.072839,-0.325507,-0.079342,-0.003319,0.496245,-0.181011,0.079453,0.240288,-0.234837,-0.200894,-0.437651,1.326985,-0.217621,1.219094,-0.324317,0.087539,0.209691,0.475828,-2.251500,-1.313481,1.071460,0.066075,0.161928,-0.261694
-0.047911,0.064819,0.781239,-0.010822,-0.003514,-0.797527,0.603176,-0.046963,-0.012870,0.147524,0.371958,-0.302032,0.074719,-0.335746,-0.084724,-0.003848,0.509218,-0.183255,0.077784,0.249717,-0.240700,-0.201311,-0.431245,1.338151,-0.208281,1.238350,-0.326201,0.090771,0.208133,0.488679,-2.251500,-1.322290,1.067332,0.061309,0.162362,-0.257726
-0.046366,0.064947,0.780552,-0.009882,-0.005922,-0.801859,0.597402,-0.043504,-0.018258,0.158927,0.370868,-0.303847,0.076611,-0.345334,-0.089904,-0.004374,0.521533,-0.185191,0.076213,0.260017,-0.246121,-0.200965,-0.425683,1.348641,-0.199461,1.257679,-0.328017,0.093971,0.206614,0.498161,-2.251500,-1.327637,1.062895,0.056840,0.163005,-0.253378
-0.045187,0.065433,0.780241,-0.009036,-0.007639,-0.805991,0.591809,-0.039084,-0.022220,0.168985,0.364831,-0.301913,0.077258,-0.364027,-0.104674,-0.027818,0.548583,-0.196469,0.068022,0.273711,-0.251519,-0.198932,-0.413185,1.348446,-0.192974,1.264133,-0.327331,0.095343,0.202682,0.501650,-2.251500,-1.329167,1.057315,0.053950,0.163246,-0.250358
-0.043970,0.065954,0.779875,-0.007690,-0.009750,-0.809919,0.586410,-0.035326,-0.027691,0.179415,0.358984,-0.300224,0.078551,-0.384055,-0.121228,-0.050466,0.577882,-0.209081,0.059171,0.286918,-0.258022,-0.196454,-0.398587,1.348156,-0.184096,1.269055,-0.326529,0.097220,0.199234,0.503343,-2.251500,-1.329280,1.051447,0.051355,0.163455,-0.247128
-0.042722,0.066424,0.779436,-0.006140,-0.012063,-0.813724,0.581095,-0.031885,-0.033951,0.189712,0.353212,-0.298484,0.079980,-0.404399,-0.138818,-0.072687,0.607764,-0.221937,0.050308,0.299786,-0.265022,-0.193647,-0.383017,1.347830,-0.174016,1.273474,-0.325662,0.099193,0.195867,0.504291,-2.251500,-1.328938,1.045412,0.048845,0.163688,-0.243781
-0.042363,0.067343,0.779541,-0.004571,-0.014018,-0.817355,0.575946,-0.026558,-0.038721,0.198262,0.341628,-0.292460,0.079999,-0.421049,-0.166873,-0.114598,0.642830,-0.242308,0.043432,0.314303,-0.269030,-0.193052,-0.355547,1.332615,-0.169919,1.255991,-0.320000,0.100303,0.185233,0.501907,-2.251500,-1.326923,1.044965,0.048849,0.163717,-0.241117
-0.042015,0.068263,0.779521,-0.002710,-0.016392,-0.820850,0.570902,-0.021455,-0.044821,0.207093,0.330194,-0.286342,0.080529,-0.437491,-0.196977,-0.155526,0.679235,-0.263526,0.036000,0.328193,-0.273779,-0.191781,-0.324685,1.317241,-0.162496,1.235846,-0.314229,0.102333,0.175340,0.498809,-2.251500,-1.324641,1.044306,0.049113,0.163396,-0.238438
-0.041694,0.069213,0.779417,-0.000639,-0.018981,-0.824277,0.565868,-0.016699,-0.051750,0.215985,0.318898,-0.280251,0.081229,-0.453433,-0.228433,-0.195652,0.715982,-0.284905,0.028268,0.341557,-0.279006,-0.190125,-0.292595,1.301850,-0.153716,1.214730,-0.308415,0.104528,0.165541,0.495483,-2.251500,-1.322709,1.043359,0.049436,0.163070,-0.235709
-0.040591,0.069749,0.780049,0.000802,-0.019278,-0.826039,0.563283,-0.010763,-0.056584,0.219152,0.300091,-0.271334,0.081563,-0.463394,-0.246437,-0.218119,0.734099,-0.293615,0.021077,0.350697,-0.284109,-0.189274,-0.243444,1.270272,-0.153253,1.120741,-0.293018,0.106828,0.149189,0.492438,-2.251500,-1.320300,1.033989,0.048593,0.161260,-0.235295
-0.039452,0.070137,0.780753,0.001756,-0.018985,-0.828061,0.560314,-0.004378,-0.059752,0.222940,0.281286,-0.262698,0.081791,-0.471270,-0.262400,-0.241077,0.749107,-0.300776,0.013643,0.359461,-0.286755,-0.188524,-0.187455,1.238791,-0.148052,1.020185,-0.277384,0.112294,0.134021,0.487957,-2.251500,-1.317476,1.023287,0.048094,0.159734,-0.234703
-0.038230,0.070470,0.781551,0.002632,-0.018635,-0.830123,0.557262,0.001957,-0.062728,0.226887,0.262966,-0.254447,0.081941,-0.478480,-0.278159,-0.264054,0.763746,-0.307889,0.006055,0.367379,-0.289069,-0.187562,-0.130814,1.208542,-0.143585,0.917889,-0.261618,0.118328,0.118070,0.483561,-2.251500,-1.315682,1.012040,0.047722,0.158342,-0.233921
-0.038122,0.070606,0.782896,0.003001,-0.016508,-0.830220,0.557183,0.011066,-0.062000,0.223905,0.236488,-0.241915,0.080213,-0.482227,-0.283938,-0.277885,0.772896,-0.302275,0.000532,0.370320,-0.288451,-0.189403,-0.083051,1.176952,-0.143791,0.756875,-0.252014,0.121992,0.099549,0.478047,-2.251500,-1.312674,0.998589,0.048670,0.154789,-0.233737
-0.038031,0.070664,0.784340,0.003151,-0.014272,-0.830416,0.556952,0.020273,-0.060799,0.221293,0.210717,-0.229550,0.078445,-0.484956,-0.289115,-0.291944,0.780993,-0.296258,-0.005156,0.373583,-0.287373,-0.191045,-0.035528,1.147806,-0.147438,0.592781,-0.242191,0.127836,0.081428,0.471901,-2.251500,-1.308924,0.984709,0.049966,0.151614,-0.233744
-0.038024,0.070694,0.785892,0.003314,-0.012124,-0.830616,0.556704,0.029286,-0.059711,0.218792,0.185727,-0.217679,0.076585,-0.487386,-0.294429,-0.305998,0.789129,-0.290453,-0.010980,0.376915,-0.286673,-0.192632,0.009754,1.122027,-0.155494,0.428585,-0.231959,0.133934,0.062418,0.465811,-2.251500,-1.305166,0.970970,0.051328,0.148510,-0.233664
-0.038829,0.069383,0.787746,0.002875,-0.007725,-0.829297,0.558747,0.041208,-0.054098,0.209912,0.155001,-0.200824,0.073683,-0.481358,-0.284399,-0.300949,0.774573,-0.279617,-0.010762,0.374423,-0.279491,-0.196475,0.046060,1.090965,-0.167191,0.321049,-0.229102,0.142183,0.034406,0.457812,-2.251500,-1.307145,0.953171,0.056291,0.144522,-0.236865
-0.039652,0.068096,0.789900,0.001873,-0.003185,-0.828058,0.560630,0.053543,-0.047356,0.201397,0.125195,-0.184505,0.070554,-0.473346,-0.272891,-0.296485,0.757537,-0.267605,-0.010752,0.373283,-0.271347,-0.200291,0.077031,1.061036,-0.185045,0.217533,-0.226024,0.148302,0.005584,0.450305,-2.251500,-1.308697,0.935527,0.061011,0.140726,-0.240303
-0.040423,0.066802,0.792161,0.000794,0.001207,-0.826790,0.562509,0.065809,-0.040788,0.193047,0.096184,-0.168648,0.067429,-0.464722,-0.261379,-0.291869,0.739768,-0.255318,-0.010721,0.372724,-0.263412,-0.203878,0.105783,1.032719,-0.206138,0.114879,-0.222767,0.154012,-0.023276,0.442649,-2.251500,-1.309651,0.918108,0.065683,0.136917,-0.243767
-0.042491,0.064812,0.795244,0.000743,0.005469,-0.824602,0.565687,0.062959,-0.031189,0.183206,0.096440,-0.149956,0.061479,-0.431950,-0.242586,-0.295084,0.677189,-0.234526,-0.008636,0.371704,-0.259433,-0.212058,0.125955,1.017896,-0.185924,0.052469,-0.219824,0.158385,-0.021551,0.434574,-2.251500,-1.305977,0.918525,0.070525,0.135187,-0.252380
-0.044458,0.062808,0.798475,0.000018,0.010207,-0.822445,0.568753,0.060646,-0.019790,0.173129,0.097191,-0.131632,0.055305,-0.396512,-0.221217,-0.298694,0.610205,-0.211806,-0.006724,0.370726,-0.253845,-0.220647,0.145472,1.002454,-0.166125,-0.008304,-0.216080,0.161412,-0.020519,0.427753,-2.251500,-1.303551,0.918966,0.075198,0.133027,-0.261053
-0.046516,0.060796,0.801761,-0.000817,0.014801,-0.820163,0.571939,0.058700,-0.008673,0.162479,0.097992,-0.113412,0.049250,-0.360211,-0.199698,-0.301623,0.541791,-0.188489,-0.004627,0.369526,-0.248323,-0.229019,0.164553,0.986763,-0.146708,-0.068934,-0.211675,0.164405,-0.019862,0.421277,-2.251500,-1.301405,0.919413,0.079771,0.130831,-0.269774
-0.048144,0.058728,0.804566,-0.002886,0.019051,-0.817090,0.576188,0.058236,0.002216,0.146260,0.099190,-0.098935,0.044890,-0.325061,-0.174548,-0.300861,0.478874,-0.165702,-0.004354,0.360655,-0.237490,-0.234207,0.185702,0.954217,-0.110135,-0.081088,-0.212483,0.163152,0.004355,0.415607,-2.251500,-1.301241,0.938221,0.089367,0.130430,-0.275761
-0.049711,0.056821,0.807298,-0.004763,0.022758,-0.813789,0.580695,0.057957,0.011729,0.129341,0.100418,-0.084645,0.040854,-0.289935,-0.150719,-0.299171,0.416539,-0.143293,-0.003759,0.351007,-0.227791,-0.238711,0.205334,0.921590,-0.074537,-0.091858,-0.213126,0.160553,0.028151,0.411038,-2.251500,-1.302444,0.957348,0.098763,0.129747,-0.281768
-0.051377,0.054880,0.809890,-0.006346,0.025947,-0.810302,0.585403,0.057688,0.019767,0.111934,0.101676,-0.070323,0.037096,-0.255091,-0.128308,-0.296509,0.354971,-0.121311,-0.002825,0.341032,-0.219323,-0.242612,0.223845,0.888886,-0.039831,-0.102988,-0.213627,0.158301,0.051792,0.406824,-2.251500,-1.303829,0.976294,0.108181,0.129476,-0.288208
-0.053135,0.052575,0.811434,-0.006966,0.028541,-0.807699,0.588862,0.057229,0.025759,0.098663,0.103059,-0.062307,0.034759,-0.223706,-0.112065,-0.295458,0.297121,-0.093469,-0.002996,0.328633,-0.211015,-0.246174,0.242096,0.861816,-0.001901,-0.067834,-0.221028,0.153345,0.079657,0.401980,-2.251500,-1.300413,1.002654,0.119124,0.129897,-0.292778
-0.055027,0.050360,0.812854,-0.007221,0.030747,-0.804986,0.592453,0.056466,0.030552,0.085116,0.104563,-0.054364,0.032579,-0.193360,-0.097108,-0.293927,0.241192,-0.066500,-0.003020,0.316443,-0.204014,-0.249436,0.257749,0.835802,0.034109,-0.030518,-0.229065,0.146990,0.106910,0.395927,-2.251500,-1.295582,1.029317,0.130026,0.130214,-0.297145
-0.056861,0.048112,0.814179,-0.007188,0.032609,-0.802182,0.596145,0.055572,0.034309,0.071366,0.106132,-0.046384,0.030538,-0.163873,-0.083256,-0.292000,0.187146,-0.040523,-0.002870,0.304306,-0.198049,-0.252360,0.272294,0.810620,0.069196,0.007203,-0.237436,0.140368,0.133867,0.388604,-2.251500,-1.289479,1.056047,0.140918,0.130560,-0.301306
-0.058129,0.046176,0.815384,-0.007908,0.035239,-0.796486,0.603577,0.052522,0.039403,0.055684,0.107305,-0.040272,0.029225,-0.153367,-0.077513,-0.287151,0.178804,-0.019831,-0.001840,0.286845,-0.189972,-0.255360,0.277158,0.803145,0.103676,0.036320,-0.248623,0.130132,0.168487,0.379017,-2.251500,-1.282892,1.078518,0.152939,0.130629,-0.306974
-0.059383,0.044345,0.816519,-0.008032,0.037844,-0.790655,0.611039,0.048227,0.043522,0.039687,0.108435,-0.034064,0.027983,-0.146017,-0.073316,-0.282023,0.175097,-0.001233,-0.000863,0.269292,-0.183134,-0.258987,0.281274,0.796568,0.137605,0.066083,-0.259944,0.119568,0.202915,0.368429,-2.251500,-1.275216,1.101141,0.164977,0.130684,-0.312575
-0.060718,0.042557,0.817549,-0.007988,0.040447,-0.784740,0.618452,0.043558,0.047344,0.023643,0.109564,-0.027772,0.026750,-0.139266,-0.069445,-0.276771,0.172227,0.016951,0.000016,0.251902,-0.176709,-0.262837,0.285158,0.790605,0.171284,0.096107,-0.271139,0.108841,0.237012,0.356749,-2.251500,-1.266359,1.123738,0.177014,0.130732,-0.318021
-0.061586,0.042395,0.818239,-0.009453,0.042302,-0.784673,0.618393,0.043601,0.054429,0.024119,0.110179,-0.026519,0.025020,-0.137898,-0.062706,-0.276991,0.170903,0.035142,-0.000562,0.243404,-0.166082,-0.260829,0.285272,0.799728,0.186325,0.190536,-0.276974,0.105194,0.252065,0.359050,-2.251500,-1.264503,1.144088,0.183615,0.131924,-0.316598
-0.062538,0.042275,0.818931,-0.010960,0.044131,-0.784641,0.618281,0.043802,0.061697,0.024688,0.110751,-0.024990,0.023131,-0.136462,-0.055756,-0.277121,0.169619,0.053387,-0.001376,0.235092,-0.155716,-0.259267,0.283660,0.811064,0.199045,0.289227,-0.282844,0.099612,0.265379,0.364106,-2.251500,-1.264957,1.164827,0.189547,0.133165,-0.315707
-0.063435,0.042145,0.819622,-0.012445,0.045988,-0.784604,0.618164,0.043985,0.069022,0.025240,0.111325,-0.023479,0.021196,-0.135062,-0.048733,-0.277230,0.168387,0.071564,-0.002312,0.226481,-0.145441,-0.257948,0.282542,0.823495,0.210692,0.388497,-0.288319,0.093831,0.278099,0.370157,-2.251500,-1.266424,1.185688,0.195299,0.134388,-0.314903
-0.064482,0.041828,0.820104,-0.014357,0.047318,-0.783483,0.619443,0.045327,0.075445,0.022976,0.112015,-0.023013,0.019764,-0.130707,-0.041099,-0.267981,0.166127,0.080674,-0.003502,0.218923,-0.136067,-0.258108,0.273643,0.828812,0.218541,0.453642,-0.300309,0.084765,0.285043,0.380556,-2.251500,-1.269918,1.196953,0.198842,0.135038,-0.312826
-0.065436,0.041391,0.820584,-0.016303,0.048623,-0.782355,0.620718,0.046830,0.081840,0.020495,0.112615,-0.022469,0.018433,-0.126150,-0.033496,-0.258667,0.163925,0.089690,-0.004658,0.211088,-0.126571,-0.258162,0.266283,0.834124,0.227152,0.517001,-0.311898,0.077009,0.291951,0.391114,-2.251500,-1.273848,1.207812,0.202323,0.136038,-0.310832
-0.066501,0.040945,0.821062,-0.018228,0.049930,-0.781224,0.621984,0.048301,0.088246,0.018019,0.113181,-0.021932,0.017075,-0.121548,-0.025908,-0.249326,0.161794,0.098613,-0.005836,0.203076,-0.117130,-0.258280,0.259391,0.840000,0.235811,0.580328,-0.323295,0.069571,0.298254,0.401953,-2.251500,-1.278154,1.218606,0.205779,0.137109,-0.308841
-0.066373,0.040611,0.821251,-0.020428,0.051151,-0.782014,0.620822,0.052486,0.094085,0.020738,0.111284,-0.023066,0.015919,-0.118344,-0.018528,-0.240283,0.158419,0.107803,-0.006595,0.202303,-0.110324,-0.253090,0.257669,0.847746,0.239001,0.620708,-0.327862,0.068768,0.297576,0.409464,-2.251491,-1.279220,1.229631,0.205289,0.142414,-0.300471
-0.066501,0.040139,0.821401,-0.023121,0.052139,-0.783010,0.619389,0.057381,0.100478,0.023990,0.111388,-0.025912,0.014786,-0.114407,-0.010654,-0.230688,0.156528,0.115639,-0.007498,0.202337,-0.104053,-0.248860,0.254531,0.857832,0.239491,0.664935,-0.332385,0.066827,0.296764,0.425056,-2.251483,-1.286236,1.243083,0.204412,0.146165,-0.292370
-0.066682,0.039653,0.821547,-0.025822,0.053112,-0.784014,0.617927,0.062319,0.106944,0.027296,0.111584,-0.028860,0.013581,-0.110427,-0.002752,-0.221030,0.154853,0.123292,-0.008482,0.201751,-0.098082,-0.245199,0.251567,0.868653,0.239816,0.710265,-0.336893,0.064480,0.295645,0.445263,-2.251476,-1.297672,1.257077,0.203083,0.149389,-0.284926
-0.066388,0.039315,0.821418,-0.027845,0.052471,-0.784602,0.617148,0.067670,0.108807,0.032878,0.111854,-0.031151,0.015220,-0.105696,0.000089,-0.212303,0.153692,0.125814,-0.007350,0.202748,-0.090522,-0.242258,0.251336,0.881878,0.252539,0.764000,-0.346967,0.063850,0.296952,0.460973,-2.251478,-1.307894,1.261481,0.200557,0.149705,-0.283493
-0.066092,0.039007,0.821284,-0.029875,0.051729,-0.785158,0.616408,0.073192,0.110431,0.038321,0.111969,-0.033179,0.017080,-0.101127,0.002655,-0.203588,0.153224,0.127913,-0.006159,0.203346,-0.082887,-0.238785,0.251214,0.895643,0.265651,0.818817,-0.357232,0.062617,0.297050,0.475828,-2.251477,-1.317780,1.264966,0.198209,0.150696,-0.282293
-0.065804,0.038698,0.821234,-0.031904,0.050960,-0.785705,0.615673,0.078787,0.112014,0.043734,0.112052,-0.035200,0.018945,-0.096563,0.005156,-0.194881,0.152916,0.129912,-0.004978,0.203905,-0.075294,-0.235201,0.251215,0.909863,0.278575,0.874050,-0.367311,0.061360,0.296516,0.490350,-2.251476,-1.327415,1.268272,0.195903,0.151858,-0.281072
-0.064662,0.038669,0.820482,-0.033260,0.049970,-0.788385,0.612246,0.084514,0.110971,0.050604,0.111307,-0.040488,0.023136,-0.095576,0.006655,-0.182471,0.153366,0.127946,-0.000064,0.209961,-0.069645,-0.231520,0.242803,0.915878,0.278616,0.871995,-0.368449,0.053106,0.294328,0.507326,-2.251481,-1.343044,1.262840,0.194278,0.151299,-0.281874
-0.063447,0.038489,0.819713,-0.034415,0.049071,-0.791182,0.608636,0.089975,0.109589,0.058052,0.110521,-0.045943,0.027682,-0.095413,0.007855,-0.169499,0.154433,0.126036,0.005372,0.216596,-0.063891,-0.228391,0.237872,0.919007,0.280147,0.862130,-0.368220,0.048906,0.296136,0.524218,-2.251482,-1.358358,1.256749,0.192501,0.151196,-0.283483
-0.062196,0.038373,0.818949,-0.035493,0.048223,-0.793983,0.604984,0.095330,0.108122,0.065502,0.109702,-0.051436,0.032285,-0.095529,0.008978,-0.156436,0.155648,0.124102,0.010875,0.223042,-0.058100,-0.225431,0.234387,0.921379,0.282685,0.849936,-0.367690,0.045996,0.298961,0.541103,-2.251484,-1.373828,1.250327,0.190774,0.151213,-0.285119
-0.060217,0.038580,0.816821,-0.035672,0.045715,-0.794534,0.604444,0.097785,0.100974,0.070694,0.111132,-0.066069,0.037132,-0.095358,0.002581,-0.147203,0.158617,0.110106,0.022590,0.229848,-0.056870,-0.222787,0.229144,0.926099,0.298699,0.772759,-0.367157,0.036853,0.327031,0.570009,-2.251489,-1.396132,1.225789,0.184956,0.147465,-0.293730
-0.058090,0.038802,0.814677,-0.035009,0.043630,-0.794762,0.604338,0.098629,0.093015,0.074910,0.110569,-0.078782,0.042531,-0.096532,-0.004592,-0.138855,0.159846,0.097370,0.034980,0.235254,-0.055275,-0.219596,0.227075,0.927500,0.318451,0.688941,-0.364741,0.030335,0.355488,0.587718,-2.251492,-1.409755,1.198842,0.179479,0.145681,-0.300175
-0.055899,0.039131,0.812633,-0.034319,0.041553,-0.794978,0.604240,0.099426,0.084908,0.078974,0.110032,-0.091472,0.048105,-0.097846,-0.011857,-0.130481,0.161014,0.084766,0.047477,0.241459,-0.053297,-0.215965,0.224346,0.927441,0.337221,0.603575,-0.360189,0.024582,0.383890,0.600289,-2.251494,-1.418363,1.171517,0.174191,0.144321,-0.305609
-0.053049,0.040616,0.809149,-0.032613,0.037450,-0.797394,0.601412,0.100175,0.070697,0.082053,0.109992,-0.111555,0.056665,-0.101816,-0.025492,-0.131025,0.160706,0.062769,0.060701,0.252947,-0.049159,-0.213257,0.198943,0.939279,0.347645,0.402808,-0.325907,0.012875,0.419668,0.605773,-2.251479,-1.428515,1.050479,0.173958,0.136670,-0.322054
-0.049899,0.042053,0.805704,-0.030924,0.033281,-0.799836,0.598497,0.100808,0.056018,0.085174,0.110508,-0.132013,0.065727,-0.106251,-0.039576,-0.131173,0.161669,0.040193,0.074334,0.264357,-0.043448,-0.210008,0.179261,0.945795,0.358916,0.191233,-0.280986,0.011516,0.453354,0.610475,-2.251458,-1.438940,0.924450,0.171519,0.133967,-0.339063
-0.046794,0.043497,0.802151,-0.029190,0.029086,-0.802266,0.595542,0.101386,0.041253,0.088109,0.111064,-0.152499,0.074892,-0.110820,-0.053727,-0.131263,0.162987,0.017450,0.087895,0.275540,-0.037299,-0.206492,0.161807,0.951873,0.369068,-0.022203,-0.229481,0.015455,0.478337,0.616498,-2.251437,-1.451570,0.797132,0.166595,0.132465,-0.354961
-0.041427,0.044896,0.799615,-0.029408,0.024761,-0.800914,0.597544,0.089178,0.025944,0.084379,0.138413,-0.170866,0.085453,-0.135856,-0.074879,-0.131368,0.217725,-0.005053,0.097864,0.280139,-0.018870,-0.202092,0.138301,0.947941,0.373248,-0.169153,-0.205158,0.025961,0.476788,0.647933,-2.232572,-1.464602,0.540600,0.144658,0.121315,-0.347616
-0.036633,0.046520,0.797123,-0.028478,0.020701,-0.799274,0.599934,0.073485,0.010322,0.079556,0.167611,-0.189578,0.095353,-0.165723,-0.096637,-0.131660,0.278410,-0.030782,0.107231,0.289055,-0.012318,-0.196822,0.106756,0.956924,0.368758,-0.311330,-0.182238,0.032399,0.470196,0.688797,-2.178247,-1.486195,0.257744,0.115795,0.116399,-0.336197
-0.032295,0.048231,0.794453,-0.025757,0.016352,-0.797514,0.602528,0.053502,-0.007752,0.074562,0.199741,-0.209297,0.105100,-0.202906,-0.121188,-0.130373,0.348889,-0.061503,0.116466,0.302952,-0.015519,-0.191267,0.067588,0.973183,0.353495,-0.456697,-0.156482,0.043888,0.461447,0.753338,-2.100096,-1.529504,-0.051914,0.078950,0.126189,-0.317512
-0.026081,0.050441,0.793043,-0.027289,0.013413,-0.792442,0.609189,0.039702,-0.020857,0.065603,0.225596,-0.215267,0.113601,-0.236995,-0.142349,-0.125407,0.419072,-0.037307,0.127752,0.312913,0.005223,-0.180664,-0.007616,0.964510,0.311702,-0.520826,-0.174928,0.046450,0.442261,0.845012,-2.048539,-1.569988,-0.156591,0.098926,0.123652,-0.272078
-0.019640,0.052912,0.791622,-0.028745,0.010244,-0.787249,0.615879,0.024854,-0.034913,0.056843,0.253546,-0.221958,0.122333,-0.273225,-0.164025,-0.119252,0.493865,-0.015485,0.140241,0.324994,0.028233,-0.171688,-0.087184,0.953047,0.263200,-0.579433,-0.192606,0.047435,0.423291,0.947880,-1.999995,-1.619570,-0.257350,0.119630,0.117517,-0.229247
-0.012841,0.055449,0.790091,-0.030309,0.007216,-0.781976,0.622529,0.009564,-0.049366,0.048414,0.282123,-0.228721,0.131514,-0.309824,-0.185232,-0.112073,0.569160,0.006224,0.154019,0.335842,0.056886,-0.164716,-0.161428,0.936268,0.217025,-0.637380,-0.210027,0.047761,0.405623,1.051545,-1.959855,-1.668596,-0.354694,0.142199,0.110910,-0.191368
-0.003396,0.057974,0.788961,-0.033881,0.006093,-0.775094,0.630907,-0.002141,-0.063176,0.035663,0.304085,-0.230215,0.143360,-0.348210,-0.200251,-0.113209,0.642890,0.036485,0.131698,0.348253,0.117564,-0.160420,-0.232863,0.914857,0.180493,-0.662999,-0.231346,0.045684,0.386815,1.142428,-1.900989,-1.700274,-0.384296,0.194651,0.103235,-0.176853
0.006224,0.060780,0.787846,-0.038313,0.005149,-0.768038,0.639236,-0.012759,-0.075803,0.022893,0.325763,-0.231071,0.155060,-0.384892,-0.213951,-0.114420,0.715484,0.067574,0.109214,0.361001,0.182032,-0.156587,-0.301021,0.890697,0.149624,-0.687795,-0.253374,0.041137,0.367750,1.149000,-1.833736,-1.654248,-0.415262,0.250543,0.090117,-0.161133
0.015525,0.062679,0.787043,-0.042794,0.005161,-0.760937,0.647392,-0.021274,-0.086504,0.009809,0.344286,-0.231742,0.166060,-0.420031,-0.225765,-0.116363,0.786954,0.097407,0.086460,0.379653,0.241248,-0.164906,-0.367344,0.867715,0.111620,-0.712673,-0.275204,0.036234,0.348471,1.126503,-1.739976,-1.569192,-0.462353,0.301022,0.072533,-0.148805
0.020271,0.062672,0.786252,-0.044694,0.006210,-0.751550,0.658131,-0.029798,-0.094746,-0.007371,0.359791,-0.235801,0.170797,-0.435909,-0.221324,-0.125870,0.811054,0.082412,0.052172,0.401190,0.271946,-0.180687,-0.458402,0.865370,0.079581,-0.713786,-0.275985,0.034093,0.353837,1.006563,-1.622402,-1.419186,-0.483896,0.344218,0.061672,-0.153262
-0.000746,0.061742,0.786626,-0.029182,0.003951,-0.740957,0.670907,-0.055718,-0.098478,-0.033699,0.371063,-0.240268,0.140593,-0.486413,-0.225572,-0.153030,0.876961,0.032553,-0.020298,0.269146,0.070630,-0.188851,-0.601420,1.111303,-0.042027,-0.685602,-0.275776,0.038866,0.371976,0.185646,-1.198837,-0.543491,-0.551243,0.176415,0.096908,-0.086042
0.000519,0.062871,0.787051,-0.032812,0.003631,-0.731630,0.680902,-0.055077,-0.100384,-0.051998,0.374800,-0.237632,0.138773,-0.492731,-0.216271,-0.168914,0.890342,0.021754,-0.061967,0.216826,0.095030,-0.188656,-0.660064,1.159904,-0.049103,-0.678634,-0.284091,0.030551,0.381932,0.122962,-1.101732,-0.451167,-0.515402,0.182317,0.094696,-0.084637
0.002261,0.063852,0.786456,-0.034725,0.003199,-0.724639,0.688246,-0.060580,-0.107526,-0.071076,0.388455,-0.240019,0.139625,-0.500433,-0.195804,-0.165482,0.904704,0.001733,-0.080260,0.179191,0.123558,-0.188535,-0.726546,1.207024,-0.077647,-0.633149,-0.299586,0.027007,0.388736,0.076641,-1.032895,-0.423583,-0.445149,0.192024,0.093964,-0.128546
0.004595,0.064884,0.785732,-0.036507,0.002753,-0.717924,0.695159,-0.067214,-0.115483,-0.088613,0.404069,-0.243360,0.141136,-0.509510,-0.175518,-0.160635,0.920375,-0.018500,-0.097550,0.148978,0.154854,-0.187822,-0.806671,1.244642,-0.118611,-0.583870,-0.316099,0.021247,0.392747,0.052201,-0.972962,-0.418034,-0.372391,0.208807,0.088625,-0.174998
0.007244,0.065687,0.784843,-0.038239,0.002404,-0.711266,0.701878,-0.074204,-0.123841,-0.105595,0.420269,-0.247062,0.142996,-0.518986,-0.155346,-0.155507,0.936532,-0.039004,-0.114134,0.123043,0.187951,-0.187049,-0.895543,1.274425,-0.168792,-0.534172,-0.332124,0.015019,0.394827,0.042764,-0.918724,-0.426661,-0.299778,0.229349,0.081074,-0.220839
0.005999,0.065354,0.784185,-0.037730,0.002765,-0.704742,0.708454,-0.080930,-0.128318,-0.121143,0.431430,-0.252419,0.141386,-0.513603,-0.129021,-0.146725,0.951496,-0.064690,-0.103557,0.106507,0.198671,-0.190977,-0.976994,1.295181,-0.210194,-0.439198,-0.356036,0.012843,0.405309,0.040443,-0.906210,-0.443130,-0.196224,0.263534,0.074207,-0.269224
0.005637,0.064794,0.783437,-0.037430,0.003107,-0.698318,0.714801,-0.086707,-0.133554,-0.135756,0.442005,-0.257469,0.140927,-0.507899,-0.103104,-0.136769,0.966700,-0.090454,-0.091669,0.091867,0.213239,-0.195964,-1.061117,1.311858,-0.253394,-0.338788,-0.381747,0.007109,0.411130,0.038769,-0.906946,-0.460436,-0.081943,0.305214,0.062536,-0.313549
0.005747,0.064057,0.782726,-0.037250,0.003610,-0.691902,0.721021,-0.092362,-0.139100,-0.150026,0.452729,-0.262683,0.141098,-0.502102,-0.077374,-0.126517,0.982055,-0.116405,-0.079173,0.078286,0.229865,-0.201325,-1.148206,1.325910,-0.299416,-0.236731,-0.407166,0.000994,0.413310,0.038584,-0.915866,-0.478721,0.038247,0.350437,0.049052,-0.352601
0.006119,0.063937,0.781725,-0.037559,0.003757,-0.682497,0.729913,-0.098312,-0.145142,-0.162087,0.464528,-0.267030,0.143071,-0.496031,-0.068319,-0.120379,0.989764,-0.139138,-0.068897,0.073329,0.247019,-0.209470,-1.224536,1.327022,-0.349702,-0.128783,-0.439034,-0.004274,0.403190,0.015774,-0.913622,-0.504319,0.122499,0.388363,0.022895,-0.394645
0.006658,0.063623,0.780876,-0.037590,0.004159,-0.672810,0.738848,-0.104625,-0.151575,-0.174605,0.475525,-0.270847,0.145061,-0.490411,-0.059851,-0.114664,0.997144,-0.161865,-0.058651,0.067539,0.264445,-0.217113,-1.299979,1.327989,-0.398021,-0.020751,-0.469723,-0.008204,0.388078,-0.002717,-0.909824,-0.531660,0.200257,0.422367,-0.000113,-0.437233
0.007384,0.063191,0.780028,-0.037525,0.004755,-0.662948,0.747709,-0.110966,-0.158264,-0.187213,0.486281,-0.274655,0.147253,-0.484923,-0.051759,-0.109122,1.004560,-0.184949,-0.048318,0.061782,0.282229,-0.224782,-1.375031,1.328125,-0.446158,0.087077,-0.498438,-0.010415,0.369736,-0.017194,-0.907264,-0.560494,0.276439,0.455956,-0.021367,-0.478758
0.007428,0.061788,0.779334,-0.036112,0.006510,-0.654045,0.755565,-0.118323,-0.164626,-0.202252,0.494837,-0.278499,0.148325,-0.472975,-0.044408,-0.104831,0.993399,-0.205566,-0.040101,0.052335,0.281528,-0.226528,-1.458943,1.334818,-0.496239,0.176801,-0.512199,-0.015308,0.349376,0.020096,-0.948390,-0.570355,0.391989,0.476178,-0.018293,-0.492685
0.007963,0.060060,0.778871,-0.035236,0.008428,-0.644729,0.763552,-0.123209,-0.170728,-0.218592,0.500966,-0.281576,0.150018,-0.458247,-0.037185,-0.101407,0.979928,-0.226117,-0.031391,0.045966,0.281173,-0.232360,-1.542512,1.333479,-0.551145,0.263960,-0.521760,-0.017867,0.330667,0.061401,-0.999899,-0.582054,0.524429,0.500965,-0.014456,-0.491047
0.008727,0.058158,0.778382,-0.034619,0.010502,-0.635313,0.771407,-0.127145,-0.176580,-0.235067,0.506229,-0.284414,0.152055,-0.442583,-0.029928,-0.098152,0.965568,-0.246642,-0.022530,0.042173,0.281115,-0.239771,-1.627479,1.326055,-0.608848,0.351525,-0.528904,-0.018892,0.313175,0.106024,-1.056047,-0.593492,0.666853,0.526765,-0.012007,-0.479252
0.009415,0.055693,0.777794,-0.032115,0.012242,-0.626757,0.778457,-0.131466,-0.183988,-0.246432,0.509393,-0.286480,0.152185,-0.417456,-0.034221,-0.104941,0.928355,-0.275670,-0.017470,0.045914,0.284616,-0.253467,-1.728873,1.321658,-0.692981,0.473294,-0.526211,-0.007624,0.282690,0.153803,-1.123356,-0.611449,0.844661,0.573717,-0.010738,-0.454611
0.010338,0.053608,0.778159,-0.030384,0.015259,-0.618965,0.784683,-0.133261,-0.187037,-0.258122,0.503972,-0.284195,0.153717,-0.390249,-0.034390,-0.112313,0.882379,-0.299038,-0.012375,0.051136,0.289106,-0.267814,-1.837372,1.310993,-0.785872,0.596381,-0.519619,0.005587,0.249694,0.206603,-1.186584,-0.626033,1.019890,0.617748,-0.004445,-0.423825
0.011284,0.051448,0.778868,-0.029258,0.018661,-0.611452,0.790520,-0.133411,-0.187659,-0.269885,0.495981,-0.281047,0.154857,-0.361269,-0.032263,-0.120424,0.833285,-0.320947,-0.007442,0.057071,0.292171,-0.282330,-1.951885,1.291232,-0.887461,0.722483,-0.509933,0.018816,0.217193,0.263888,-1.245702,-0.637781,1.196033,0.656132,0.006703,-0.387573
0.010901,0.050704,0.780713,-0.028428,0.022669,-0.604307,0.795922,-0.127320,-0.182767,-0.285791,0.468591,-0.270582,0.151724,-0.332552,-0.024507,-0.119172,0.768582,-0.316388,0.001110,0.061437,0.286432,-0.294800,-2.034526,1.259254,-0.966501,0.816229,-0.501156,0.031126,0.188919,0.291159,-1.252034,-0.636547,1.293015,0.681967,0.010327,-0.347602
0.009879,0.049260,0.783161,-0.028138,0.026577,-0.597017,0.801295,-0.117274,-0.175054,-0.303368,0.436430,-0.258948,0.148342,-0.300258,-0.014955,-0.119407,0.700356,-0.311267,0.008011,0.061131,0.279442,-0.306496,-2.108844,1.227317,-1.042669,0.905325,-0.488753,0.043908,0.162287,0.315314,-1.247734,-0.629148,1.376930,0.702528,0.016892,-0.314177
0.008641,0.047814,0.785918,-0.028331,0.030132,-0.589556,0.806668,-0.105096,-0.166214,-0.321547,0.402188,-0.246400,0.144896,-0.265781,-0.004948,-0.120084,0.630490,-0.305663,0.014455,0.057472,0.272910,-0.316288,-2.174537,1.196187,-1.113806,0.990225,-0.474276,0.056534,0.136675,0.335788,-1.238837,-0.616788,1.453390,0.719277,0.025776,-0.285298
0.007782,0.046171,0.788581,-0.028922,0.034553,-0.581534,0.812273,-0.089523,-0.152307,-0.336422,0.357280,-0.226208,0.141195,-0.228259,0.007422,-0.118021,0.549986,-0.282619,0.015833,0.043529,0.263725,-0.321596,-2.231208,1.162132,-1.162579,1.058426,-0.468142,0.063554,0.117134,0.342273,-1.219422,-0.590991,1.483140,0.719421,0.026832,-0.251379
0.006653,0.044634,0.791846,-0.030111,0.038628,-0.573402,0.817809,-0.070980,-0.136418,-0.351796,0.307556,-0.203360,0.137303,-0.187374,0.021030,-0.116292,0.464721,-0.256899,0.016816,0.025004,0.257671,-0.325169,-2.275322,1.135889,-1.203932,1.117249,-0.460615,0.070301,0.102204,0.343427,-1.194164,-0.560815,1.499801,0.714428,0.028331,-0.227230
0.005548,0.043226,0.795494,-0.031790,0.042174,-0.565033,0.823376,-0.050467,-0.119767,-0.367484,0.256032,-0.179483,0.133697,-0.144066,0.035011,-0.114694,0.377720,-0.230432,0.017844,0.003746,0.254329,-0.327643,-2.309775,1.115288,-1.239006,1.169138,-0.451438,0.077444,0.090292,0.342078,-1.167823,-0.527866,1.510179,0.707822,0.030999,-0.209898
0.003895,0.042281,0.798560,-0.034777,0.043009,-0.558687,0.827532,-0.032562,-0.104493,-0.374070,0.220956,-0.151636,0.128471,-0.106058,0.045001,-0.125193,0.311535,-0.189629,0.013155,-0.016825,0.250118,-0.324602,-2.326818,1.094979,-1.267462,1.201453,-0.445250,0.081489,0.073119,0.333921,-1.146748,-0.505814,1.535380,0.711816,0.039266,-0.195776
0.002258,0.041662,0.801466,-0.037568,0.043446,-0.552258,0.831693,-0.016554,-0.091107,-0.380187,0.189750,-0.125171,0.123674,-0.070392,0.054031,-0.135575,0.250295,-0.150969,0.009143,-0.035329,0.246965,-0.321277,-2.335724,1.079144,-1.286970,1.226494,-0.438553,0.086348,0.058354,0.326274,-1.129668,-0.484940,1.564594,0.717419,0.048193,-0.180144
0.000828,0.041107,0.804356,-0.040211,0.043865,-0.545757,0.835828,-0.001495,-0.078537,-0.386138,0.159849,-0.099086,0.119298,-0.036174,0.062814,-0.145982,0.191549,-0.113469,0.005740,-0.052469,0.245256,-0.319108,-2.338472,1.066100,-1.300394,1.247069,-0.430823,0.092232,0.045718,0.319935,-1.115626,-0.464958,1.595523,0.723133,0.057696,-0.163330
-0.001343,0.040739,0.806706,-0.044207,0.042671,-0.541095,0.838714,0.008908,-0.067209,-0.389549,0.148846,-0.083147,0.112847,-0.017229,0.072560,-0.152471,0.168798,-0.083216,-0.002448,-0.066941,0.243477,-0.312424,-2.341954,1.059968,-1.305343,1.257677,-0.426405,0.092705,0.040333,0.311313,-1.090997,-0.429946,1.571042,0.703788,0.053344,-0.143702
-0.004026,0.040363,0.808784,-0.047412,0.041720,-0.536633,0.841449,0.014617,-0.057710,-0.392248,0.144439,-0.070441,0.106028,-0.005974,0.080896,-0.158846,0.158489,-0.059105,-0.011132,-0.083783,0.240993,-0.305811,-2.345104,1.058868,-1.312351,1.263637,-0.421939,0.092689,0.037870,0.305397,-1.059913,-0.397841,1.532930,0.679777,0.050254,-0.133464
-0.006700,0.040008,0.810804,-0.049988,0.041246,-0.532083,0.844208,0.017398,-0.049152,-0.395147,0.142533,-0.058706,0.099051,0.001101,0.088393,-0.165690,0.153345,-0.037531,-0.020040,-0.100960,0.237835,-0.300193,-2.348876,1.059344,-1.320236,1.267245,-0.417804,0.093263,0.036389,0.303209,-1.026176,-0.368811,1.488602,0.654514,0.049608,-0.127839
-0.010033,0.039917,0.811900,-0.051701,0.040821,-0.528044,0.846658,0.018358,-0.042245,-0.400681,0.141052,-0.053784,0.093916,0.005217,0.096119,-0.161351,0.148986,-0.025176,-0.025251,-0.119689,0.231350,-0.295700,-2.347202,1.057859,-1.329333,1.253673,-0.416470,0.089970,0.028334,0.305400,-1.006231,-0.351406,1.425339,0.617711,0.051585,-0.118177
-0.013085,0.039600,0.812955,-0.053223,0.040614,-0.524069,0.849040,0.018388,-0.035923,-0.406540,0.140568,-0.049402,0.087943,0.008107,0.103418,-0.156871,0.146369,-0.013834,-0.030173,-0.135957,0.225784,-0.292226,-2.342982,1.058946,-1.335137,1.236155,-0.416066,0.087726,0.020751,0.314746,-0.988151,-0.339885,1.359056,0.578030,0.057198,-0.106402
-0.015960,0.039355,0.813987,-0.054636,0.040646,-0.520116,0.851377,0.017757,-0.029831,-0.412332,0.140434,-0.045173,0.082228,0.010285,0.110518,-0.152334,0.144411,-0.002868,-0.034857,-0.149816,0.220834,-0.289935,-2.336384,1.060456,-1.337550,1.216890,-0.415852,0.086125,0.013888,0.329427,-0.971882,-0.331861,1.292270,0.537921,0.064669,-0.092087
-0.017549,0.038644,0.814646,-0.054960,0.040404,-0.519557,0.851708,0.017848,-0.025372,-0.401703,0.140244,-0.041225,0.079021,0.012574,0.113469,-0.152999,0.141269,0.004097,-0.036953,-0.150432,0.217819,-0.289824,-2.334901,1.061019,-1.335010,1.196052,-0.421285,0.081543,0.017376,0.332720,-0.960781,-0.335915,1.244558,0.522464,0.065580,-0.097900
-0.019074,0.038159,0.815354,-0.055415,0.040240,-0.519518,0.851711,0.017965,-0.020908,-0.392646,0.140087,-0.037980,0.076139,0.014046,0.116709,-0.152592,0.138885,0.011088,-0.038936,-0.148313,0.215407,-0.289458,-2.332444,1.061048,-1.330284,1.175104,-0.427277,0.076740,0.022215,0.334514,-0.950804,-0.339141,1.200610,0.509736,0.064780,-0.104447
-0.020653,0.037702,0.815975,-0.055873,0.040114,-0.519546,0.851669,0.017981,-0.016440,-0.383441,0.140023,-0.034749,0.073327,0.015321,0.119951,-0.152047,0.136674,0.018050,-0.040872,-0.145772,0.213244,-0.289360,-2.329103,1.061082,-1.324775,1.153979,-0.433108,0.071856,0.027464,0.335874,-0.941600,-0.341782,1.158095,0.497108,0.063631,-0.110335
-0.021427,0.037421,0.816534,-0.055359,0.040575,-0.522909,0.849621,0.017985,-0.013431,-0.374345,0.137431,-0.030300,0.071310,0.015171,0.121968,-0.149451,0.131105,0.026305,-0.042878,-0.143095,0.202467,-0.289752,-2.338995,1.055152,-1.318710,1.139546,-0.441041,0.066045,0.037856,0.338519,-0.934467,-0.340433,1.128853,0.487615,0.061785,-0.112094
-0.022152,0.036432,0.816972,-0.056132,0.040398,-0.527460,0.846760,0.020391,-0.008377,-0.362674,0.139177,-0.030607,0.069377,0.016027,0.126242,-0.144595,0.130744,0.030589,-0.045501,-0.139073,0.199887,-0.290459,-2.332312,1.065400,-1.302120,1.111920,-0.449270,0.056646,0.056269,0.338793,-0.934776,-0.336228,1.100186,0.474733,0.062581,-0.116651
-0.022759,0.036321,0.817607,-0.055752,0.040774,-0.531027,0.844535,0.020628,-0.005431,-0.353137,0.136965,-0.026423,0.067771,0.015796,0.128131,-0.141513,0.125761,0.038468,-0.047205,-0.135812,0.190748,-0.291189,-2.338219,1.061870,-1.293080,1.095313,-0.456769,0.050312,0.068788,0.339578,-0.931169,-0.333143,1.074925,0.465671,0.060127,-0.116514
-0.022113,0.036074,0.817772,-0.056835,0.040338,-0.534434,0.842332,0.023130,-0.002632,-0.338886,0.138804,-0.027119,0.067701,0.017044,0.130169,-0.134677,0.126744,0.040781,-0.047311,-0.133704,0.193437,-0.291242,-2.324035,1.070460,-1.274115,1.059211,-0.467534,0.040270,0.079830,0.330714,-0.929436,-0.338076,1.044925,0.465594,0.055830,-0.122447
-0.021395,0.036362,0.818101,-0.057400,0.039898,-0.537379,0.840439,0.024833,-0.001110,-0.324141,0.139241,-0.025120,0.068860,0.018045,0.130765,-0.128497,0.126071,0.044533,-0.046828,-0.131341,0.193892,-0.290990,-2.312586,1.075012,-1.255469,1.025145,-0.477616,0.032093,0.088891,0.323524,-0.926139,-0.344558,1.014576,0.467902,0.050394,-0.127856
-0.020709,0.036655,0.818440,-0.057887,0.039486,-0.540290,0.838556,0.026594,0.000400,-0.309475,0.139242,-0.022827,0.069993,0.019028,0.131289,-0.122371,0.125126,0.048449,-0.046368,-0.128643,0.193599,-0.290768,-2.301945,1.077975,-1.237352,0.991898,-0.487371,0.023919,0.097599,0.317030,-0.921743,-0.351681,0.983828,0.470079,0.044633,-0.133225
-0.019830,0.036868,0.818699,-0.058258,0.039253,-0.543887,0.836213,0.028501,0.001035,-0.300636,0.139129,-0.021025,0.070890,0.019036,0.131812,-0.115337,0.124969,0.051303,-0.045676,-0.129794,0.193859,-0.290505,-2.290504,1.078614,-1.210298,0.964748,-0.500385,0.015853,0.111784,0.307581,-0.914426,-0.356127,0.966023,0.475062,0.041069,-0.146487
-0.018916,0.037235,0.818955,-0.058636,0.039009,-0.547427,0.833885,0.030333,0.001536,-0.292062,0.139103,-0.019188,0.071666,0.018897,0.132240,-0.108080,0.125120,0.054121,-0.044907,-0.131070,0.194157,-0.290621,-2.277683,1.078259,-1.182356,0.938258,-0.512669,0.006940,0.126730,0.296620,-0.907597,-0.359065,0.950437,0.480501,0.036750,-0.160348
-0.017982,0.037536,0.819211,-0.059010,0.038784,-0.550958,0.831540,0.032115,0.002015,-0.283483,0.139099,-0.017335,0.072479,0.018675,0.132632,-0.100815,0.125337,0.056929,-0.044093,-0.132500,0.194533,-0.290950,-2.264123,1.077579,-1.154179,0.911706,-0.524290,-0.002440,0.142015,0.285095,-0.900878,-0.361383,0.935651,0.485926,0.031988,-0.174180
-0.016971,0.038438,0.819113,-0.059762,0.038363,-0.554269,0.829302,0.033868,0.002838,-0.270900,0.138754,-0.017152,0.075419,0.017666,0.132258,-0.098692,0.127389,0.057675,-0.041159,-0.130184,0.196067,-0.289992,-2.248407,1.079406,-1.131743,0.890177,-0.532121,-0.008842,0.153403,0.272715,-0.891335,-0.362923,0.913110,0.490899,0.025688,-0.182840
-0.015984,0.039311,0.819089,-0.060487,0.037932,-0.557605,0.827030,0.035663,0.003606,-0.258816,0.138457,-0.017190,0.077575,0.016318,0.131865,-0.096387,0.130192,0.058041,-0.038244,-0.128276,0.197516,-0.288714,-2.233828,1.081045,-1.110311,0.869298,-0.539571,-0.015291,0.163849,0.260834,-0.880850,-0.364654,0.888863,0.495275,0.019746,-0.191568
-0.015027,0.040187,0.819066,-0.061198,0.037496,-0.560919,0.824754,0.037468,0.004372,-0.246771,0.138180,-0.017244,0.079687,0.014840,0.131458,-0.094139,0.133237,0.058288,-0.035356,-0.126552,0.198795,-0.287267,-2.219796,1.082345,-1.089435,0.848698,-0.546896,-0.021916,0.174041,0.249145,-0.869645,-0.366518,0.863838,0.499200,0.013996,-0.200567
-0.014256,0.041345,0.818363,-0.061943,0.037106,-0.563276,0.823108,0.038616,0.005481,-0.233186,0.137638,-0.021593,0.082781,0.013409,0.130939,-0.094290,0.135484,0.055730,-0.033719,-0.125247,0.196472,-0.283081,-2.203341,1.079287,-1.067878,0.798839,-0.550948,-0.036182,0.188121,0.239378,-0.860612,-0.365639,0.849153,0.501386,0.011333,-0.211563
-0.013497,0.042494,0.817752,-0.062794,0.036442,-0.565566,0.821501,0.040105,0.006361,-0.219966,0.137570,-0.026114,0.085685,0.012321,0.130287,-0.094592,0.138045,0.052971,-0.032208,-0.123924,0.193741,-0.278612,-2.182273,1.077606,-1.044370,0.741945,-0.552918,-0.048875,0.206650,0.228291,-0.851736,-0.363981,0.837127,0.503536,0.008009,-0.221880
-0.012796,0.043773,0.817057,-0.063712,0.035691,-0.567826,0.819903,0.041842,0.007158,-0.206789,0.137565,-0.030653,0.088653,0.011413,0.129547,-0.094918,0.140694,0.050178,-0.030630,-0.122638,0.191379,-0.274205,-2.158257,1.076584,-1.019523,0.681618,-0.552877,-0.060434,0.227403,0.216787,-0.843400,-0.361945,0.826202,0.505643,0.004184,-0.231880
-0.011959,0.044964,0.815282,-0.062627,0.034380,-0.570582,0.818127,0.042157,0.002685,-0.194817,0.136837,-0.040453,0.094242,0.009673,0.125012,-0.087315,0.140042,0.037641,-0.021897,-0.119977,0.188738,-0.270075,-2.137723,1.079437,-0.996055,0.631425,-0.549692,-0.068224,0.248560,0.202809,-0.838245,-0.365938,0.806019,0.509412,-0.003397,-0.244537
-0.011026,0.046195,0.813395,-0.061433,0.033118,-0.573421,0.816283,0.042074,-0.002091,-0.182616,0.136688,-0.050194,0.100007,0.007394,0.120092,-0.079558,0.140249,0.024673,-0.013210,-0.117000,0.186381,-0.265413,-2.119263,1.081709,-0.973348,0.583283,-0.545766,-0.076006,0.268358,0.189611,-0.832499,-0.370926,0.783492,0.512831,-0.010569,-0.258188
-0.010020,0.047438,0.811506,-0.060201,0.031873,-0.576269,0.814416,0.041882,-0.006918,-0.170447,0.136673,-0.060005,0.105798,0.004848,0.115077,-0.071917,0.140809,0.011491,-0.004611,-0.113887,0.183896,-0.260585,-2.101756,1.083277,-0.951379,0.535967,-0.541172,-0.083903,0.287415,0.176829,-0.825894,-0.376412,0.759749,0.515713,-0.017391,-0.272314
-0.008710,0.049513,0.809521,-0.062536,0.030269,-0.580282,0.811447,0.042481,-0.006107,-0.155814,0.144017,-0.078430,0.111299,-0.023521,0.111337,-0.071006,0.190640,-0.017874,-0.002838,-0.102492,0.183669,-0.248776,-2.080662,1.081859,-0.937774,0.464603,-0.530094,-0.095085,0.301065,0.168299,-0.819661,-0.375025,0.742904,0.514612,-0.018700,-0.281183
-0.007534,0.051775,0.807636,-0.064733,0.029317,-0.584720,0.808117,0.040319,-0.004534,-0.140461,0.153926,-0.097704,0.116488,-0.062704,0.108403,-0.071146,0.259962,-0.057024,-0.000747,-0.089891,0.183906,-0.237813,-2.057360,1.082238,-0.924134,0.387186,-0.516110,-0.103746,0.316454,0.158291,-0.813128,-0.373233,0.728081,0.513114,-0.020257,-0.288516
-0.006399,0.054174,0.805891,-0.066390,0.028953,-0.589298,0.804663,0.035873,-0.003271,-0.124993,0.164579,-0.116871,0.121832,-0.108227,0.105414,-0.072352,0.339042,-0.101046,0.002025,-0.076747,0.184619,-0.228430,-2.032566,1.083697,-0.910628,0.306714,-0.499794,-0.110280,0.332922,0.147486,-0.807227,-0.371187,0.713979,0.511536,-0.021773,-0.295167
-0.005529,0.056517,0.803833,-0.067873,0.026133,-0.592956,0.801944,0.021560,-0.006068,-0.110502,0.203391,-0.135158,0.124157,-0.169041,0.098318,-0.066952,0.450299,-0.113836,0.009997,-0.068629,0.184996,-0.216513,-2.006128,1.083762,-0.895797,0.225200,-0.484842,-0.114965,0.347932,0.138436,-0.803641,-0.371993,0.699371,0.511658,-0.023687,-0.302789
-0.004812,0.059090,0.801873,-0.067788,0.023810,-0.596659,0.799272,0.000130,-0.011808,-0.096020,0.249343,-0.155902,0.127124,-0.237326,0.088807,-0.061998,0.571182,-0.131161,0.019045,-0.059540,0.184186,-0.206412,-1.979718,1.084562,-0.880740,0.142311,-0.468222,-0.118517,0.362080,0.129028,-0.800364,-0.373516,0.684280,0.512222,-0.025625,-0.310515
-0.004272,0.061858,0.799851,-0.066048,0.021596,-0.600297,0.796752,-0.025513,-0.020719,-0.081495,0.298272,-0.177472,0.130740,-0.310312,0.076623,-0.056654,0.698257,-0.151863,0.029051,-0.050070,0.181187,-0.198473,-1.953177,1.085753,-0.866304,0.058401,-0.449926,-0.120919,0.375286,0.119600,-0.797052,-0.375208,0.668964,0.512767,-0.027500,-0.318287
-0.005069,0.064252,0.795153,-0.059735,0.016852,-0.604729,0.794009,-0.052246,-0.039584,-0.071240,0.346268,-0.199833,0.133761,-0.375738,0.056993,-0.057014,0.799649,-0.133375,0.037830,-0.039027,0.164016,-0.191584,-1.919065,1.094282,-0.846973,-0.000759,-0.439088,-0.117776,0.386261,0.112614,-0.793696,-0.382776,0.662722,0.517065,-0.029239,-0.330173
-0.005795,0.066712,0.790701,-0.053640,0.012644,-0.608606,0.791556,-0.079486,-0.057575,-0.061929,0.392812,-0.220821,0.136829,-0.438188,0.038159,-0.057096,0.894186,-0.111512,0.046951,-0.027615,0.148067,-0.185792,-1.885248,1.100165,-0.826601,-0.055906,-0.429538,-0.116606,0.393675,0.106297,-0.791334,-0.391112,0.658619,0.522421,-0.032178,-0.341598
-0.006562,0.069215,0.786481,-0.047667,0.008563,-0.612206,0.789214,-0.107108,-0.075185,-0.052783,0.439410,-0.241667,0.139889,-0.498980,0.019954,-0.056329,0.986083,-0.088779,0.056437,-0.015994,0.132669,-0.180163,-1.851638,1.104689,-0.806012,-0.109209,-0.420012,-0.116480,0.399254,0.100331,-0.789401,-0.399921,0.655350,0.528165,-0.035833,-0.352504
-0.005510,0.071187,0.781521,-0.040792,0.006351,-0.610416,0.791005,-0.134079,-0.095122,-0.045496,0.476390,-0.260109,0.145689,-0.538265,0.007789,-0.033956,1.027451,-0.089215,0.070036,-0.013335,0.121611,-0.181607,-1.820869,1.105125,-0.793563,-0.148745,-0.417566,-0.111569,0.395811,0.106775,-0.797039,-0.404314,0.666886,0.531141,-0.031711,-0.355137
-0.003970,0.072770,0.777314,-0.035883,0.004481,-0.608683,0.792589,-0.155622,-0.112300,-0.042240,0.508288,-0.275931,0.151886,-0.570526,-0.000496,-0.012882,1.060695,-0.086693,0.083905,-0.010975,0.114368,-0.183879,-1.792787,1.103228,-0.784676,-0.181887,-0.418463,-0.107702,0.389219,0.114066,-0.807455,-0.407278,0.682921,0.535332,-0.027809,-0.353144
-0.002322,0.074212,0.773510,-0.032183,0.002565,-0.607047,0.794010,-0.174370,-0.127407,-0.039169,0.538490,-0.291282,0.157875,-0.599104,-0.006471,0.007418,1.090661,-0.082957,0.097772,-0.008489,0.109081,-0.184910,-1.767015,1.100607,-0.777623,-0.211782,-0.420718,-0.105250,0.381262,0.120952,-0.818956,-0.409844,0.701266,0.540276,-0.024755,-0.349171
-0.000263,0.074773,0.770542,-0.029072,0.001949,-0.605195,0.795544,-0.187200,-0.140289,-0.039259,0.557177,-0.301662,0.162055,-0.619186,-0.013980,0.008467,1.111842,-0.089194,0.091308,-0.003679,0.104608,-0.188480,-1.745158,1.103727,-0.766957,-0.218362,-0.423767,-0.099462,0.377965,0.126847,-0.832279,-0.415835,0.730428,0.548992,-0.022742,-0.349972
0.001910,0.075252,0.768011,-0.027019,0.001192,-0.603037,0.797254,-0.197122,-0.151980,-0.041444,0.573853,-0.310766,0.166984,-0.635698,-0.020860,0.007672,1.130058,-0.094585,0.084311,0.000542,0.101794,-0.190884,-1.726158,1.104959,-0.757484,-0.219222,-0.428290,-0.096190,0.373006,0.132006,-0.847390,-0.421008,0.762477,0.558879,-0.021464,-0.349985
0.004150,0.075776,0.765587,-0.025562,0.000197,-0.600861,0.798944,-0.205462,-0.163062,-0.043873,0.589947,-0.319698,0.171887,-0.650399,-0.027341,0.006447,1.147166,-0.099638,0.077207,0.004611,0.099644,-0.192003,-1.709103,1.105525,-0.749020,-0.217355,-0.433553,-0.094470,0.366952,0.136504,-0.863263,-0.425646,0.796071,0.569199,-0.020590,-0.349130
0.005614,0.075305,0.764230,-0.023858,0.000757,-0.597345,0.801629,-0.210848,-0.170563,-0.047225,0.596432,-0.325771,0.175199,-0.654266,-0.031031,0.005420,1.148902,-0.101401,0.075457,0.010142,0.100660,-0.195677,-1.701000,1.107740,-0.746382,-0.217357,-0.436420,-0.094005,0.359657,0.147002,-0.879727,-0.426912,0.847694,0.581940,-0.013804,-0.343811
0.007096,0.074846,0.763298,-0.023035,0.001383,-0.594151,0.804022,-0.213428,-0.176134,-0.050796,0.599689,-0.330346,0.178241,-0.655264,-0.033023,0.003593,1.147029,-0.101247,0.073606,0.016476,0.102296,-0.198769,-1.695851,1.108731,-0.747162,-0.215768,-0.439625,-0.093734,0.352897,0.156382,-0.897625,-0.426903,0.904232,0.595671,-0.007444,-0.334597
0.008696,0.074433,0.762508,-0.022718,0.001848,-0.591132,0.806253,-0.214525,-0.180853,-0.054299,0.601965,-0.334592,0.181193,-0.654751,-0.034201,0.001518,1.143854,-0.100455,0.071647,0.023215,0.104188,-0.200875,-1.692675,1.109235,-0.749698,-0.212885,-0.443144,-0.093754,0.346381,0.164784,-0.916250,-0.425828,0.963397,0.609322,-0.001468,-0.323124
0.010102,0.074175,0.762893,-0.021417,0.003045,-0.587902,0.808643,-0.213591,-0.185084,-0.057575,0.593747,-0.331639,0.183916,-0.642989,-0.037082,-0.006454,1.126736,-0.107692,0.060860,0.025752,0.107083,-0.206260,-1.692371,1.113098,-0.752623,-0.189516,-0.452152,-0.090349,0.341015,0.173157,-0.936930,-0.430826,1.028411,0.627748,0.003884,-0.314684
0.011488,0.073970,0.763540,-0.020718,0.004080,-0.584402,0.811189,-0.209922,-0.188621,-0.062026,0.582440,-0.327034,0.186492,-0.628367,-0.039717,-0.015482,1.107139,-0.114731,0.050494,0.027890,0.110828,-0.211022,-1.695640,1.115546,-0.757249,-0.161005,-0.463394,-0.088595,0.333482,0.181968,-0.959057,-0.434798,1.094872,0.646658,0.009893,-0.305070
0.012960,0.073692,0.764386,-0.020384,0.004875,-0.580853,0.813739,-0.204839,-0.191813,-0.066796,0.570227,-0.322074,0.189047,-0.612227,-0.041865,-0.024709,1.086742,-0.121666,0.040314,0.030020,0.114691,-0.214867,-1.701377,1.117322,-0.763201,-0.129841,-0.475496,-0.087810,0.324455,0.190917,-0.981634,-0.437940,1.162803,0.665066,0.016218,-0.294061
0.013258,0.072818,0.766425,-0.020279,0.006948,-0.577273,0.816270,-0.196624,-0.190766,-0.075947,0.549325,-0.312045,0.188450,-0.587882,-0.035917,-0.024027,1.045235,-0.129651,0.038746,0.028200,0.117593,-0.223304,-1.714914,1.122815,-0.765160,-0.066990,-0.491114,-0.080473,0.317835,0.201496,-1.004888,-0.441364,1.225307,0.680984,0.023020,-0.278967
0.013953,0.071899,0.768947,-0.020968,0.009284,-0.573996,0.818537,-0.185982,-0.187930,-0.085291,0.524904,-0.300239,0.188638,-0.560857,-0.028207,-0.023776,0.999893,-0.135957,0.037490,0.026930,0.122938,-0.231711,-1.734599,1.126689,-0.770515,0.005099,-0.508321,-0.074944,0.306764,0.213127,-1.029066,-0.444287,1.286944,0.695418,0.030964,-0.262936
0.014610,0.070999,0.771660,-0.022136,0.011596,-0.570850,0.820674,-0.174173,-0.184122,-0.094657,0.499534,-0.288102,0.188832,-0.532275,-0.019529,-0.023737,0.953088,-0.141788,0.036282,0.026314,0.128958,-0.239467,-1.758972,1.129615,-0.779102,0.081942,-0.525701,-0.070569,0.292410,0.225450,-1.053349,-0.447213,1.348720,0.708769,0.039871,-0.246257
0.015523,0.069722,0.774975,-0.024309,0.015339,-0.563924,0.825326,-0.155934,-0.178807,-0.117527,0.460903,-0.270204,0.186025,-0.494953,-0.009512,-0.018452,0.887763,-0.144374,0.039838,0.028924,0.140991,-0.251349,-1.788637,1.126991,-0.798248,0.164856,-0.539733,-0.063353,0.268912,0.231088,-1.073409,-0.442742,1.391264,0.712783,0.044915,-0.225256
0.016497,0.068384,0.779181,-0.027344,0.019026,-0.556614,0.830103,-0.134244,-0.170280,-0.136979,0.417153,-0.248496,0.185389,-0.453114,0.000887,-0.014805,0.817040,-0.145203,0.042939,0.028883,0.153363,-0.262854,-1.822914,1.123390,-0.823075,0.251878,-0.551376,-0.055534,0.242221,0.236199,-1.089259,-0.436529,1.428663,0.713656,0.050396,-0.207358
0.017455,0.066996,0.783650,-0.030938,0.022366,-0.549243,0.834790,-0.110527,-0.160714,-0.156550,0.371468,-0.225878,0.184852,-0.408755,0.011615,-0.011329,0.744294,-0.145436,0.045735,0.028053,0.165334,-0.273045,-1.860979,1.118615,-0.852618,0.340919,-0.560754,-0.047617,0.214115,0.240777,-1.102332,-0.429613,1.463211,0.713180,0.056361,-0.191749
0.018007,0.064961,0.787309,-0.034884,0.026226,-0.541972,0.839263,-0.080304,-0.146147,-0.182584,0.313060,-0.196803,0.179727,-0.362500,0.024322,-0.006402,0.662813,-0.132200,0.050575,0.016670,0.176537,-0.282074,-1.901417,1.110486,-0.889072,0.429648,-0.562819,-0.038201,0.185007,0.248681,-1.119784,-0.431480,1.497377,0.717923,0.061536,-0.181210
0.018553,0.062945,0.791605,-0.039392,0.029892,-0.534243,0.843884,-0.047157,-0.129783,-0.207607,0.249692,-0.165949,0.176969,-0.312920,0.036994,-0.002603,0.577218,-0.117423,0.055121,0.004875,0.187752,-0.289730,-1.943371,1.099706,-0.927932,0.518389,-0.561344,-0.028361,0.156531,0.258362,-1.135710,-0.435005,1.530097,0.723311,0.067362,-0.171145
0.019110,0.060957,0.796312,-0.044174,0.033052,-0.526323,0.848493,-0.012318,-0.112984,-0.232461,0.184682,-0.134238,0.174853,-0.261000,0.049329,0.001242,0.489982,-0.102241,0.059552,-0.007021,0.198367,-0.296047,-1.985539,1.086702,-0.968333,0.606828,-0.557114,-0.018553,0.128718,0.269387,-1.150063,-0.439663,1.562082,0.728513,0.073075,-0.161251
0.020093,0.058889,0.800906,-0.050216,0.033626,-0.517512,0.853539,0.006949,-0.098049,-0.239730,0.162450,-0.099422,0.167704,-0.206703,0.060505,-0.004493,0.418237,-0.098050,0.057024,-0.025187,0.205781,-0.297081,-2.022663,1.059411,-0.999771,0.662546,-0.559357,-0.018269,0.101919,0.274432,-1.160750,-0.443000,1.579998,0.728884,0.075672,-0.149149
0.020612,0.056940,0.805265,-0.055792,0.033717,-0.508276,0.858723,0.019992,-0.085787,-0.247943,0.153329,-0.070441,0.161635,-0.155231,0.070875,-0.010791,0.352757,-0.097067,0.054719,-0.044568,0.211544,-0.296598,-2.053499,1.035337,-1.027247,0.708942,-0.560837,-0.016770,0.079559,0.279176,-1.168609,-0.447575,1.594707,0.727985,0.078313,-0.139444
0.021092,0.055049,0.809425,-0.060973,0.033893,-0.498751,0.863933,0.029825,-0.074665,-0.256443,0.149181,-0.043701,0.155661,-0.106050,0.080958,-0.017584,0.290765,-0.097816,0.052966,-0.064463,0.217329,-0.296468,-2.079676,1.013405,-1.051383,0.750076,-0.561230,-0.013826,0.059819,0.284223,-1.175734,-0.452920,1.607397,0.726602,0.081151,-0.131365
0.021336,0.053153,0.811523,-0.065338,0.033844,-0.485430,0.871173,0.038019,-0.067099,-0.273760,0.145723,-0.032209,0.152833,-0.067547,0.089705,-0.020087,0.247110,-0.082544,0.049263,-0.085385,0.221576,-0.293461,-2.104021,1.000110,-1.067188,0.803648,-0.554328,-0.005946,0.047487,0.288599,-1.177358,-0.454755,1.614725,0.720925,0.083058,-0.123753
0.021593,0.051407,0.813523,-0.068935,0.033952,-0.471811,0.878345,0.043357,-0.061617,-0.294335,0.144990,-0.021079,0.149745,-0.032598,0.097156,-0.022854,0.208222,-0.069445,0.046163,-0.107435,0.225645,-0.291246,-2.126959,0.987644,-1.081675,0.857406,-0.544255,0.001565,0.035667,0.291759,-1.178644,-0.456163,1.619739,0.714370,0.084975,-0.118051
0.021886,0.049605,0.815571,-0.072064,0.034288,-0.457937,0.885395,0.046937,-0.056932,-0.315198,0.145319,-0.010097,0.146664,0.000135,0.104013,-0.026072,0.172041,-0.057636,0.043441,-0.129931,0.229553,-0.290177,-2.148698,0.975637,-1.095764,0.910485,-0.532749,0.008616,0.024221,0.294394,-1.179671,-0.457175,1.623757,0.707601,0.087163,-0.113479
0.022360,0.048976,0.816625,-0.075227,0.033332,-0.451215,0.888614,0.052868,-0.052588,-0.324975,0.145180,-0.005070,0.143526,0.015146,0.108453,-0.028260,0.158881,-0.032387,0.041981,-0.146469,0.230026,-0.285358,-2.163974,0.961229,-1.102829,0.938100,-0.529033,0.008618,0.013088,0.294011,-1.175605,-0.451786,1.613754,0.694785,0.086620,-0.107568
0.022656,0.048473,0.817615,-0.077834,0.032822,-0.445502,0.891287,0.057083,-0.048749,-0.335290,0.145123,-0.000650,0.141784,0.024656,0.112826,-0.028555,0.152579,-0.009875,0.040341,-0.160558,0.230205,-0.282147,-2.174918,0.950599,-1.108089,0.957754,-0.526059,0.009630,0.005563,0.293466,-1.169756,-0.446407,1.601133,0.681242,0.086171,-0.104224
0.022898,0.047995,0.818594,-0.080054,0.032740,-0.439957,0.893844,0.059818,-0.045201,-0.345257,0.145283,0.003847,0.140013,0.031435,0.116900,-0.028641,0.149137,0.011391,0.038664,-0.173948,0.230748,-0.280612,-2.182900,0.941759,-1.111858,0.973471,-0.523071,0.011840,0.000176,0.293579,-1.163783,-0.441294,1.587265,0.667621,0.086098,-0.102215
0.022408,0.047349,0.819147,-0.081380,0.032725,-0.437426,0.894966,0.061313,-0.040266,-0.339876,0.144444,0.004694,0.137658,0.035357,0.119589,-0.034177,0.145019,0.026578,0.036335,-0.180950,0.229415,-0.280043,-2.186004,0.940058,-1.110592,0.983358,-0.525811,0.012127,-0.003317,0.292367,-1.154210,-0.432760,1.567038,0.649664,0.085095,-0.098649
0.021843,0.046758,0.819705,-0.082534,0.032950,-0.435371,0.895854,0.062017,-0.035193,-0.332438,0.143904,0.005615,0.135811,0.037851,0.122336,-0.038847,0.142161,0.041291,0.033981,-0.186867,0.228811,-0.280771,-2.186321,0.940680,-1.108153,0.990063,-0.529384,0.012425,-0.005637,0.291681,-1.144914,-0.424083,1.545788,0.631048,0.084438,-0.095927
0.021490,0.046077,0.820258,-0.083594,0.033390,-0.433429,0.896681,0.062164,-0.030144,-0.324774,0.143489,0.006487,0.134008,0.039538,0.125080,-0.043341,0.139799,0.055826,0.031664,-0.192301,0.228820,-0.282427,-2.185180,0.942360,-1.104712,0.995139,-0.533017,0.013062,-0.007156,0.291659,-1.136276,-0.415518,1.524347,0.612336,0.084218,-0.093359
0.020629,0.046188,0.820688,-0.083622,0.033052,-0.434482,0.896181,0.061726,-0.028549,-0.316774,0.143409,0.009586,0.132137,0.039307,0.125638,-0.042577,0.137500,0.065537,0.031073,-0.189705,0.227242,-0.280943,-2.183390,0.945069,-1.097412,0.995803,-0.535507,0.011756,-0.007453,0.287124,-1.118836,-0.396398,1.480129,0.587245,0.080646,-0.084596
0.019736,0.046264,0.821132,-0.083527,0.032664,-0.435824,0.895552,0.061348,-0.026985,-0.308337,0.143110,0.012710,0.130235,0.038380,0.126132,-0.041286,0.136251,0.074868,0.030357,-0.187845,0.224993,-0.279209,-2.181511,0.949098,-1.091221,0.994752,-0.537297,0.010503,-0.006767,0.282858,-1.099563,-0.376184,1.432263,0.561608,0.078663,-0.078094
0.018813,0.046309,0.821574,-0.083386,0.032277,-0.437166,0.894925,0.060985,-0.025439,-0.299912,0.142740,0.015860,0.128300,0.037238,0.126587,-0.040036,0.135380,0.083989,0.029598,-0.186417,0.222530,-0.277352,-2.179715,0.953558,-1.085614,0.993016,-0.539091,0.009599,-0.005823,0.279299,-1.080295,-0.355523,1.383524,0.536004,0.077977,-0.072072
0.018268,0.046893,0.821843,-0.082546,0.032320,-0.442417,0.892417,0.060785,-0.025302,-0.293185,0.140307,0.019903,0.127854,0.035012,0.125733,-0.037219,0.131571,0.091570,0.030307,-0.180352,0.214596,-0.275979,-2.187525,0.950440,-1.088754,0.990930,-0.544197,0.008295,-0.008954,0.278497,-1.073013,-0.344873,1.365712,0.522284,0.079845,-0.072814
0.018029,0.047071,0.822025,-0.082285,0.031947,-0.448301,0.889514,0.062099,-0.024404,-0.284332,0.139176,0.021989,0.126517,0.033186,0.126081,-0.033087,0.130433,0.097141,0.030749,-0.172700,0.209431,-0.274468,-2.190454,0.951309,-1.088630,0.985212,-0.550169,0.005827,-0.010327,0.275508,-1.070102,-0.332739,1.352560,0.507739,0.081292,-0.072189
0.017810,0.047317,0.822177,-0.082222,0.031403,-0.454374,0.886452,0.063824,-0.023453,-0.274923,0.138558,0.023647,0.125377,0.031480,0.126547,-0.028454,0.130129,0.102267,0.031358,-0.164676,0.205866,-0.272926,-2.190184,0.954488,-1.086190,0.977206,-0.556063,0.003164,-0.010640,0.270953,-1.069897,-0.319187,1.341985,0.493029,0.082232,-0.070257
0.018251,0.048710,0.822078,-0.081937,0.030354,-0.459684,0.883773,0.064856,-0.025320,-0.265185,0.138028,0.025416,0.128591,0.029550,0.124814,-0.020861,0.130738,0.104019,0.032981,-0.156289,0.202148,-0.270119,-2.186234,0.957210,-1.078049,0.967288,-0.561845,-0.000093,-0.006962,0.257339,-1.068065,-0.303384,1.319669,0.480728,0.079787,-0.069300
0.018667,0.050213,0.821976,-0.081627,0.029110,-0.464894,0.881115,0.066161,-0.027285,-0.252477,0.137655,0.027630,0.129668,0.027426,0.122781,-0.012649,0.132201,0.105605,0.034852,-0.149032,0.198683,-0.266851,-2.180591,0.961374,-1.069039,0.955691,-0.566649,-0.003375,-0.001666,0.242605,-1.065928,-0.285885,1.295537,0.469070,0.078187,-0.070552
0.019060,0.051745,0.821875,-0.081346,0.027801,-0.470137,0.878397,0.067665,-0.029236,-0.239645,0.137217,0.029866,0.130745,0.025286,0.120757,-0.004335,0.133968,0.107065,0.036740,-0.142147,0.195475,-0.263506,-2.173960,0.966411,-1.059727,0.942946,-0.571008,-0.006517,0.004376,0.227243,-1.063848,-0.267273,1.270838,0.457685,0.077304,-0.072691
0.019427,0.053421,0.821237,-0.080489,0.026051,-0.478133,0.874203,0.069588,-0.032195,-0.221133,0.136211,0.029350,0.134140,0.022759,0.115895,-0.009029,0.134116,0.104561,0.037423,-0.134353,0.192116,-0.259097,-2.164870,0.972776,-1.053453,0.924167,-0.574135,-0.010347,0.007602,0.212439,-1.061879,-0.252074,1.260826,0.451957,0.080147,-0.076790
0.019853,0.055238,0.820573,-0.079688,0.024156,-0.486037,0.869962,0.071706,-0.035003,-0.200879,0.135378,0.028621,0.135850,0.020233,0.110930,-0.013640,0.135016,0.101643,0.038225,-0.126056,0.188651,-0.254549,-2.154489,0.979567,-1.046120,0.903303,-0.577207,-0.013669,0.011091,0.196609,-1.060687,-0.236229,1.253926,0.447494,0.082182,-0.079810
0.020179,0.056927,0.819905,-0.078932,0.022208,-0.493956,0.865612,0.073980,-0.037847,-0.180496,0.134567,0.027869,0.137556,0.017679,0.105931,-0.018114,0.136208,0.098606,0.039049,-0.117543,0.185406,-0.250056,-2.143110,0.986703,-1.038138,0.881464,-0.580065,-0.016652,0.014961,0.179998,-1.059938,-0.219672,1.248461,0.443394,0.083549,-0.082162
0.020306,0.058129,0.818485,-0.077157,0.020521,-0.504404,0.859769,0.075876,-0.041347,-0.157411,0.132457,0.022313,0.144605,0.012917,0.098727,-0.041014,0.135548,0.092873,0.030625,-0.109237,0.179121,-0.247148,-2.137857,0.998646,-1.031949,0.857714,-0.583479,-0.022196,0.024415,0.163314,-1.066419,-0.215944,1.243742,0.447510,0.080693,-0.092049
0.020477,0.059419,0.817098,-0.075185,0.018873,-0.514576,0.853934,0.076857,-0.045263,-0.134349,0.131108,0.017407,0.148946,0.007582,0.090892,-0.064455,0.135750,0.086479,0.022521,-0.100297,0.172843,-0.243638,-2.133520,1.011093,-1.025519,0.833192,-0.587514,-0.028026,0.034858,0.148433,-1.073033,-0.214904,1.238292,0.453075,0.076923,-0.102627
0.020584,0.060589,0.815709,-0.073168,0.017260,-0.524648,0.847993,0.077527,-0.049281,-0.111392,0.129930,0.012505,0.153216,0.002008,0.082935,-0.087894,0.136365,0.079800,0.014457,-0.090800,0.166486,-0.240116,-2.129255,1.023339,-1.018828,0.808283,-0.591576,-0.033888,0.045611,0.134794,-1.079290,-0.215283,1.232179,0.458853,0.072866,-0.113342
0.020525,0.062218,0.812954,-0.071271,0.014825,-0.535125,0.841630,0.078106,-0.054581,-0.090200,0.131322,-0.003672,0.155977,-0.005275,0.075327,-0.102081,0.141036,0.061378,0.017747,-0.081728,0.164074,-0.233897,-2.104205,1.042765,-0.998324,0.746058,-0.592589,-0.047235,0.067708,0.109973,-1.087604,-0.215560,1.210798,0.465419,0.064982,-0.131977
0.020540,0.064203,0.810228,-0.068714,0.012555,-0.545088,0.835464,0.077393,-0.061443,-0.070090,0.131195,-0.016794,0.161888,-0.012595,0.066178,-0.116854,0.142568,0.045132,0.021494,-0.072112,0.159476,-0.229063,-2.079859,1.057749,-0.977306,0.684976,-0.591683,-0.057397,0.089090,0.088031,-1.093948,-0.218029,1.187448,0.471825,0.058223,-0.151074
0.020468,0.066223,0.807527,-0.065977,0.010400,-0.554922,0.829217,0.076472,-0.068465,-0.050225,0.130374,-0.029439,0.167778,-0.019989,0.056839,-0.131579,0.143361,0.029231,0.025270,-0.061738,0.154119,-0.224964,-2.055458,1.070774,-0.956293,0.624170,-0.589182,-0.066895,0.110403,0.068114,-1.098987,-0.222375,1.162834,0.477739,0.051713,-0.170577
0.021795,0.068837,0.804994,-0.066858,0.008997,-0.559885,0.825819,0.078395,-0.070466,-0.035623,0.128166,-0.046358,0.174580,-0.049067,0.052843,-0.121818,0.195097,0.016467,0.029692,-0.052301,0.157098,-0.215953,-2.029803,1.081553,-0.938224,0.562753,-0.582193,-0.075193,0.130174,0.052927,-1.100995,-0.227348,1.151348,0.483914,0.048714,-0.192691
0.023144,0.071664,0.802417,-0.067422,0.008048,-0.565211,0.822147,0.079041,-0.072460,-0.020272,0.125750,-0.062815,0.181420,-0.086179,0.048716,-0.112055,0.260746,-0.002955,0.034641,-0.041241,0.160239,-0.207752,-2.004420,1.091428,-0.919950,0.501512,-0.573573,-0.082794,0.149763,0.037201,-1.103161,-0.232618,1.141144,0.490144,0.044991,-0.214312
0.024433,0.074604,0.799946,-0.067545,0.007451,-0.570649,0.818378,0.078447,-0.074854,-0.004736,0.123327,-0.078982,0.188359,-0.127662,0.044508,-0.102652,0.333152,-0.025670,0.040316,-0.029493,0.163187,-0.200687,-1.978989,1.100893,-0.901562,0.440338,-0.563635,-0.089872,0.168990,0.021299,-1.105229,-0.237999,1.131394,0.496266,0.040832,-0.235671
0.025651,0.077309,0.797662,-0.065481,0.005166,-0.575304,0.815298,0.071486,-0.083566,0.008954,0.134268,-0.091333,0.195254,-0.167911,0.033564,-0.097769,0.402411,-0.028605,0.043010,-0.022199,0.162103,-0.195987,-1.954391,1.108314,-0.878572,0.406993,-0.559099,-0.089044,0.184672,0.010193,-1.110899,-0.239276,1.132294,0.498017,0.042603,-0.247839
0.027109,0.080044,0.795484,-0.063177,0.003542,-0.579612,0.812432,0.061817,-0.092199,0.022278,0.147375,-0.104706,0.201097,-0.208978,0.022492,-0.093709,0.470706,-0.030873,0.045930,-0.014984,0.161591,-0.193263,-1.932727,1.112651,-0.856092,0.380647,-0.555542,-0.089739,0.195807,-0.001796,-1.118529,-0.239920,1.136219,0.499577,0.044286,-0.256764
0.028576,0.082840,0.793217,-0.060639,0.002167,-0.583880,0.809569,0.050910,-0.101000,0.035512,0.161253,-0.118280,0.207158,-0.250963,0.011253,-0.089586,0.539647,-0.033533,0.049130,-0.007593,0.160957,-0.191345,-1.912790,1.115664,-0.834583,0.357273,-0.552365,-0.091663,0.204963,-0.014487,-1.126663,-0.240086,1.141564,0.501223,0.045509,-0.264477
0.030070,0.084514,0.791305,-0.057056,0.001882,-0.583989,0.809752,0.036719,-0.110722,0.042250,0.177203,-0.127168,0.211799,-0.281252,0.001189,-0.081238,0.584394,-0.030654,0.053806,-0.002819,0.156272,-0.191218,-1.894912,1.118060,-0.810642,0.345921,-0.551861,-0.091834,0.214482,-0.025637,-1.124248,-0.239957,1.160755,0.512131,0.048478,-0.271742
0.031564,0.086149,0.789716,-0.054150,0.001876,-0.583824,0.810070,0.023014,-0.118960,0.047425,0.193035,-0.135731,0.217026,-0.308107,-0.007097,-0.073811,0.623199,-0.025020,0.058684,0.001471,0.152154,-0.191169,-1.879581,1.118357,-0.788883,0.337691,-0.551857,-0.092893,0.222480,-0.037037,-1.121252,-0.238627,1.181666,0.524755,0.050584,-0.278692
0.033063,0.087863,0.788120,-0.051595,0.001860,-0.583628,0.810378,0.009828,-0.126558,0.052479,0.208838,-0.144345,0.222179,-0.333469,-0.014506,-0.066504,0.660021,-0.018504,0.063655,0.005464,0.148326,-0.190637,-1.865983,1.118033,-0.768647,0.331046,-0.552189,-0.094519,0.229802,-0.048753,-1.118119,-0.236810,1.203760,0.537714,0.051909,-0.284945
0.033818,0.089737,0.787019,-0.049542,0.002673,-0.585313,0.809288,-0.002605,-0.130796,0.055425,0.220058,-0.149100,0.222258,-0.352220,-0.019853,-0.060611,0.692335,-0.028376,0.053894,0.008464,0.149040,-0.191432,-1.853716,1.118911,-0.755255,0.327011,-0.552436,-0.094739,0.232726,-0.050445,-1.119541,-0.228537,1.235042,0.543930,0.056938,-0.284773
0.034703,0.091467,0.786092,-0.047928,0.003356,-0.586952,0.808195,-0.013411,-0.134544,0.057337,0.230387,-0.153790,0.224049,-0.369387,-0.024389,-0.055076,0.723804,-0.037624,0.043733,0.011422,0.150116,-0.192518,-1.842157,1.118985,-0.743215,0.324456,-0.553566,-0.095098,0.234655,-0.052128,-1.121732,-0.219506,1.268581,0.549235,0.061540,-0.281481
0.035613,0.093186,0.785183,-0.046488,0.003915,-0.588581,0.807091,-0.023598,-0.138191,0.059203,0.240443,-0.158427,0.225862,-0.385803,-0.028727,-0.049695,0.754785,-0.046794,0.033599,0.014368,0.151293,-0.193293,-1.831352,1.118744,-0.731633,0.322849,-0.555047,-0.095724,0.236186,-0.054236,-1.124227,-0.209972,1.303194,0.554185,0.065756,-0.276997
0.036305,0.094356,0.785047,-0.046080,0.005703,-0.590393,0.805779,-0.031117,-0.137789,0.058751,0.244706,-0.158979,0.229460,-0.397758,-0.026304,-0.045920,0.785401,-0.065776,0.033402,0.015786,0.153163,-0.195406,-1.817328,1.124531,-0.721155,0.324298,-0.555044,-0.095350,0.236420,-0.052833,-1.123456,-0.202123,1.327927,0.557964,0.066012,-0.269853
0.037046,0.095452,0.785001,-0.045923,0.007260,-0.592182,0.804462,-0.036930,-0.137354,0.057299,0.247523,-0.158962,0.231183,-0.408240,-0.023668,-0.042480,0.815186,-0.084765,0.033027,0.016701,0.155277,-0.197190,-1.802604,1.130978,-0.710215,0.326122,-0.555312,-0.095349,0.235944,-0.048985,-1.121720,-0.195594,1.349750,0.561171,0.066154,-0.263269
0.037782,0.096509,0.785068,-0.045912,0.008656,-0.593925,0.803162,-0.041929,-0.136871,0.055686,0.249820,-0.158779,0.232860,-0.417948,-0.020970,-0.039373,0.844622,-0.103751,0.032600,0.017684,0.157418,-0.198571,-1.787495,1.137189,-0.698957,0.327883,-0.555676,-0.095542,0.235327,-0.043644,-1.119609,-0.190283,1.370222,0.564136,0.066593,-0.257155
0.037864,0.096850,0.784701,-0.043684,0.010187,-0.594190,0.803073,-0.047343,-0.138831,0.058096,0.248051,-0.158313,0.230632,-0.413884,-0.027021,-0.052298,0.846982,-0.130100,0.024678,0.018381,0.154795,-0.202860,-1.768254,1.148434,-0.686113,0.337091,-0.555751,-0.093555,0.233022,-0.036730,-1.107491,-0.185269,1.381559,0.564962,0.063951,-0.252114
0.037874,0.096976,0.784683,-0.042294,0.011825,-0.594028,0.803245,-0.050925,-0.139290,0.058092,0.244928,-0.157198,0.230569,-0.406343,-0.031704,-0.067125,0.845569,-0.155269,0.016190,0.017240,0.153072,-0.206954,-1.748292,1.159831,-0.673738,0.346814,-0.555778,-0.092204,0.229361,-0.027436,-1.092624,-0.181187,1.389297,0.565141,0.061313,-0.249497
0.037748,0.097048,0.784876,-0.041357,0.013401,-0.593781,0.803451,-0.053420,-0.138927,0.057659,0.241272,-0.155926,0.230257,-0.397085,-0.035480,-0.082332,0.842717,-0.180034,0.007725,0.015777,0.151777,-0.210448,-1.728195,1.171072,-0.661288,0.356930,-0.555868,-0.091191,0.225264,-0.016740,-1.076683,-0.178101,1.395064,0.565135,0.059028,-0.248139
0.036465,0.096341,0.784988,-0.039028,0.014558,-0.594670,0.802890,-0.056073,-0.139556,0.056528,0.236848,-0.154213,0.228776,-0.383819,-0.035205,-0.087158,0.816785,-0.194823,0.005603,0.016782,0.143797,-0.210354,-1.691553,1.189152,-0.644670,0.378491,-0.555326,-0.084785,0.215932,-0.000635,-1.045605,-0.166549,1.405523,0.563041,0.060974,-0.240308
0.035248,0.095501,0.785400,-0.037387,0.016074,-0.595964,0.801979,-0.057461,-0.138113,0.055735,0.230993,-0.151954,0.226294,-0.368444,-0.032538,-0.092229,0.787198,-0.207926,0.003234,0.018022,0.137694,-0.211500,-1.649444,1.207020,-0.624587,0.399562,-0.554022,-0.078846,0.204740,0.014909,-1.014057,-0.152233,1.416103,0.560760,0.062599,-0.232186
0.034092,0.094635,0.785923,-0.036135,0.017743,-0.597387,0.800942,-0.058276,-0.135692,0.055001,0.224679,-0.149610,0.223697,-0.352052,-0.028728,-0.097425,0.756132,-0.220364,0.000881,0.019381,0.132999,-0.212944,-1.603084,1.224151,-0.601151,0.420127,-0.552097,-0.073177,0.193249,0.029825,-0.982972,-0.136449,1.427018,0.558549,0.064094,-0.224198
0.031997,0.094056,0.786678,-0.034485,0.020056,-0.597641,0.800771,-0.055776,-0.132279,0.053962,0.207088,-0.142203,0.220228,-0.327666,-0.019643,-0.101064,0.706994,-0.226398,0.000289,0.026643,0.123581,-0.212385,-1.521751,1.250247,-0.581201,0.463181,-0.542472,-0.057203,0.169963,0.041827,-0.928502,-0.119154,1.442927,0.564306,0.065462,-0.214019
0.030021,0.093234,0.787911,-0.033694,0.022442,-0.598095,0.800402,-0.049998,-0.127088,0.052657,0.185812,-0.133555,0.216404,-0.299813,-0.008490,-0.105062,0.653600,-0.230886,-0.000719,0.033167,0.115543,-0.213199,-1.429788,1.272791,-0.554386,0.505551,-0.529661,-0.042881,0.143918,0.054305,-0.872463,-0.098098,1.459257,0.571476,0.065371,-0.205118
0.028156,0.092311,0.789205,-0.033413,0.024778,-0.598581,0.799982,-0.042839,-0.121177,0.051225,0.163515,-0.124547,0.212576,-0.270200,0.003469,-0.109062,0.598514,-0.234777,-0.001721,0.040046,0.108760,-0.214214,-1.328858,1.290210,-0.520549,0.546973,-0.514352,-0.029988,0.117761,0.067489,-0.816721,-0.076210,1.475419,0.579195,0.065429,-0.196977
0.025857,0.090691,0.791320,-0.032512,0.026002,-0.598860,0.799771,-0.038608,-0.116616,0.050084,0.151345,-0.108281,0.205017,-0.233984,0.012248,-0.113553,0.529146,-0.227123,-0.003307,0.046736,0.102016,-0.213089,-1.217435,1.292530,-0.481256,0.587555,-0.492416,-0.016673,0.090348,0.077806,-0.759428,-0.043049,1.489679,0.580788,0.068657,-0.183768
0.023838,0.089308,0.793543,-0.032409,0.027534,-0.599068,0.799568,-0.034286,-0.110505,0.048732,0.140070,-0.092985,0.198108,-0.195844,0.022936,-0.118823,0.456910,-0.217982,-0.004429,0.052923,0.098865,-0.212156,-1.097734,1.287956,-0.436246,0.624551,-0.466367,-0.004046,0.064921,0.087501,-0.703731,-0.009006,1.503427,0.581302,0.072427,-0.169930
0.021966,0.087951,0.795803,-0.032665,0.029157,-0.599280,0.799341,-0.029843,-0.104016,0.047260,0.129193,-0.077861,0.191568,-0.156906,0.034449,-0.124163,0.383854,-0.208447,-0.004869,0.058853,0.098741,-0.211145,-0.971195,1.276256,-0.386597,0.658155,-0.437580,0.007332,0.041333,0.097440,-0.649388,0.024456,1.513912,0.580321,0.076000,-0.155632
0.020137,0.086511,0.798133,-0.032596,0.029510,-0.599450,0.799204,-0.028349,-0.099671,0.045900,0.127674,-0.062641,0.184929,-0.123192,0.042575,-0.118280,0.315022,-0.179344,-0.004838,0.067499,0.095565,-0.206021,-0.837644,1.233731,-0.327522,0.695505,-0.415795,0.018772,0.026311,0.092813,-0.591648,0.062005,1.516015,0.582457,0.080369,-0.141197
0.018603,0.085483,0.800379,-0.032692,0.030271,-0.599871,0.798855,-0.028197,-0.094741,0.046917,0.127393,-0.048829,0.178149,-0.090838,0.050990,-0.112000,0.247323,-0.150352,-0.004376,0.074147,0.097712,-0.200393,-0.702389,1.183753,-0.268864,0.727370,-0.391605,0.028819,0.014199,0.086036,-0.535234,0.098764,1.508895,0.581672,0.084095,-0.126321
0.017356,0.084422,0.802545,-0.032840,0.031233,-0.600371,0.798436,-0.028567,-0.089701,0.048067,0.127634,-0.035282,0.171718,-0.059171,0.059468,-0.105645,0.180706,-0.121877,-0.003742,0.077183,0.102531,-0.194516,-0.570555,1.128369,-0.216553,0.754687,-0.365890,0.038371,0.003567,0.078561,-0.476636,0.133476,1.486014,0.575192,0.086847,-0.110221
0.016550,0.083403,0.804600,-0.034936,0.031650,-0.603929,0.795643,-0.024253,-0.081474,0.052027,0.126610,-0.026029,0.166205,-0.049885,0.068426,-0.095944,0.162640,-0.093320,-0.006019,0.071187,0.112777,-0.184762,-0.464584,1.077855,-0.157969,0.807969,-0.347739,0.049164,0.008148,0.066702,-0.431866,0.163134,1.423496,0.547906,0.083330,-0.095389
0.015562,0.082761,0.806493,-0.036422,0.032008,-0.607488,0.792848,-0.021498,-0.074334,0.056721,0.125963,-0.016531,0.160165,-0.047364,0.075552,-0.086377,0.156271,-0.070251,-0.008236,0.063254,0.121750,-0.173352,-0.372425,1.025454,-0.111930,0.867617,-0.330952,0.057004,0.012050,0.054662,-0.381252,0.184171,1.333776,0.510461,0.079277,-0.080089
0.014326,0.082187,0.808275,-0.037529,0.032390,-0.610962,0.790106,-0.019669,-0.067600,0.061283,0.125588,-0.006814,0.153982,-0.047263,0.082067,-0.077078,0.153605,-0.048941,-0.010698,0.055377,0.128279,-0.162097,-0.292497,0.971967,-0.079822,0.930364,-0.314851,0.063432,0.015906,0.044940,-0.323460,0.195092,1.219376,0.465199,0.073828,-0.064114
0.013511,0.081469,0.809164,-0.037717,0.032778,-0.614544,0.787299,-0.018294,-0.063444,0.065781,0.124648,-0.002921,0.151235,-0.047710,0.086149,-0.070712,0.150983,-0.038071,-0.013194,0.047060,0.131592,-0.150723,-0.245975,0.927962,-0.066587,0.978898,-0.304480,0.067457,0.018314,0.028815,-0.284868,0.193703,1.080498,0.412170,0.064634,-0.058082
0.012585,0.080961,0.810020,-0.038066,0.032856,-0.618044,0.784534,-0.016862,-0.059253,0.070834,0.124235,0.000884,0.146696,-0.048592,0.090118,-0.064623,0.149946,-0.027664,-0.015850,0.043082,0.132956,-0.138008,-0.212437,0.883909,-0.065888,1.030835,-0.295897,0.072703,0.021200,0.014659,-0.244754,0.183732,0.938724,0.358539,0.055372,-0.052358
0.011534,0.080570,0.810877,-0.038479,0.032757,-0.621567,0.781729,-0.015283,-0.055060,0.075983,0.123973,0.004770,0.142059,-0.049514,0.094066,-0.058500,0.149415,-0.017349,-0.018634,0.042210,0.133028,-0.125095,-0.186345,0.839950,-0.073479,1.085467,-0.288071,0.077880,0.024596,0.002570,-0.207710,0.173695,0.813417,0.310976,0.047041,-0.047528
0.010858,0.081290,0.810520,-0.038188,0.032409,-0.625160,0.778888,-0.015395,-0.054592,0.077818,0.122849,0.002354,0.145956,-0.052067,0.095526,-0.053199,0.148266,-0.016226,-0.018815,0.041647,0.132432,-0.110748,-0.187896,0.799682,-0.103357,1.125014,-0.283569,0.082416,0.019441,-0.007981,-0.165383,0.204546,0.723033,0.253747,0.047841,-0.032923
0.009980,0.082024,0.810036,-0.037904,0.031971,-0.628636,0.776117,-0.015547,-0.053642,0.081420,0.121994,-0.000413,0.146607,-0.055196,0.097044,-0.048173,0.148333,-0.015439,-0.019276,0.042929,0.129882,-0.096266,-0.193537,0.761075,-0.137602,1.166961,-0.280452,0.088026,0.014004,-0.017661,-0.132971,0.249923,0.686490,0.212704,0.052813,-0.018742
0.009147,0.082799,0.809640,-0.037607,0.031507,-0.632124,0.773312,-0.015750,-0.052712,0.085097,0.121190,-0.003160,0.147228,-0.058525,0.098532,-0.043096,0.148719,-0.014745,-0.019768,0.045614,0.126776,-0.081825,-0.199993,0.722520,-0.173330,1.209977,-0.277686,0.093596,0.008534,-0.027023,-0.112646,0.314454,0.709912,0.190294,0.061908,-0.005885
0.007795,0.083879,0.808065,-0.037148,0.030767,-0.634647,0.771296,-0.016546,-0.052794,0.083839,0.120142,-0.012900,0.146719,-0.060722,0.099119,-0.040286,0.147765,-0.024977,-0.019955,0.042101,0.117776,-0.074482,-0.223943,0.706937,-0.203983,1.209507,-0.270317,0.092066,0.005117,-0.071585,-0.164780,0.316075,0.759422,0.210545,0.058451,-0.032907
0.006583,0.085189,0.806336,-0.037145,0.029852,-0.637221,0.769206,-0.016933,-0.052241,0.086227,0.119532,-0.024192,0.149768,-0.063033,0.100439,-0.036239,0.147862,-0.034755,-0.019572,0.042960,0.109779,-0.064648,-0.252119,0.688733,-0.237478,1.207137,-0.262711,0.093139,0.002673,-0.116822,-0.226553,0.328257,0.845758,0.240980,0.058678,-0.062184
0.005381,0.086564,0.804698,-0.037248,0.028831,-0.639857,0.767049,-0.017069,-0.051667,0.088781,0.119035,-0.035545,0.152903,-0.065132,0.101783,-0.031998,0.148014,-0.044493,-0.019175,0.045146,0.101778,-0.054462,-0.280863,0.669399,-0.271519,1.205466,-0.255242,0.094137,0.000274,-0.161969,-0.292491,0.348140,0.949607,0.275419,0.060043,-0.091236
0.004557,0.088190,0.802687,-0.038204,0.027561,-0.643557,0.763947,-0.016469,-0.049488,0.094140,0.120280,-0.052176,0.153105,-0.081313,0.103218,-0.033067,0.178891,-0.061722,-0.018672,0.043605,0.098312,-0.046592,-0.314029,0.656891,-0.313270,1.173805,-0.243022,0.090890,0.000152,-0.213326,-0.365326,0.355265,0.999887,0.290578,0.061347,-0.112916
0.003652,0.089781,0.800659,-0.038748,0.026511,-0.647287,0.760799,-0.017164,-0.047914,0.099281,0.122083,-0.068833,0.155585,-0.100796,0.104265,-0.034339,0.214428,-0.081413,-0.017923,0.043267,0.093987,-0.039746,-0.346575,0.644159,-0.355872,1.140154,-0.230947,0.089431,0.000479,-0.260380,-0.437760,0.357048,1.026680,0.297613,0.065326,-0.133050
0.002775,0.091531,0.798549,-0.039153,0.025561,-0.651009,0.757628,-0.018316,-0.046553,0.104376,0.123996,-0.085385,0.158325,-0.121217,0.105227,-0.035752,0.251016,-0.101551,-0.016955,0.042857,0.089260,-0.033746,-0.378169,0.631273,-0.398538,1.106513,-0.219119,0.088283,0.000562,-0.305050,-0.507417,0.352391,1.027218,0.296183,0.068486,-0.149922
0.003918,0.093307,0.796337,-0.037961,0.023034,-0.655845,0.753589,-0.038084,-0.050313,0.112392,0.165822,-0.105426,0.159104,-0.149030,0.099763,-0.030334,0.303835,-0.122919,-0.016628,0.052106,0.086404,-0.031693,-0.426431,0.615711,-0.449028,1.018059,-0.207175,0.084075,0.005166,-0.353411,-0.532777,0.392769,1.053749,0.283707,0.081553,-0.157746
0.004862,0.095151,0.794135,-0.035926,0.020800,-0.660598,0.749591,-0.061135,-0.055112,0.118577,0.210276,-0.126011,0.159899,-0.179536,0.093710,-0.024934,0.358466,-0.144865,-0.016038,0.058634,0.082381,-0.031379,-0.470428,0.602655,-0.497330,0.926905,-0.195942,0.081225,0.009500,-0.404853,-0.552424,0.429054,1.062506,0.264935,0.090426,-0.162554
0.005857,0.096964,0.792011,-0.033646,0.018428,-0.665214,0.745667,-0.084918,-0.060530,0.124770,0.255645,-0.146953,0.160837,-0.210400,0.087359,-0.019508,0.413639,-0.167116,-0.015128,0.064252,0.077799,-0.031299,-0.512945,0.590451,-0.545173,0.835455,-0.185052,0.078332,0.012965,-0.455873,-0.568531,0.460221,1.055157,0.241148,0.097320,-0.165734
0.005148,0.097326,0.788759,-0.030868,0.015574,-0.668533,0.742878,-0.106245,-0.064885,0.130687,0.299851,-0.167572,0.165189,-0.236455,0.080543,-0.018643,0.464099,-0.191089,-0.014448,0.060387,0.062724,-0.034035,-0.527563,0.569874,-0.547641,0.822296,-0.191611,0.079170,0.021164,-0.562909,-0.633923,0.441392,0.995097,0.230527,0.097934,-0.173608
0.004562,0.097803,0.785590,-0.028269,0.012340,-0.671707,0.740174,-0.127638,-0.069468,0.137349,0.345460,-0.189134,0.165206,-0.262234,0.073238,-0.017748,0.515505,-0.215419,-0.013393,0.055971,0.048231,-0.035258,-0.539867,0.546198,-0.546609,0.811529,-0.196931,0.077467,0.028174,-0.668628,-0.699451,0.425675,0.928341,0.218362,0.097400,-0.179593
0.004007,0.098223,0.782341,-0.025665,0.008944,-0.674777,0.737522,-0.149463,-0.074332,0.144103,0.392287,-0.211330,0.165417,-0.287922,0.065680,-0.016713,0.567321,-0.240063,-0.012141,0.051323,0.033571,-0.036163,-0.545594,0.518836,-0.541121,0.799663,-0.200982,0.075340,0.034748,-0.769217,-0.762250,0.411835,0.856034,0.204972,0.095979,-0.184716
0.003639,0.099077,0.779174,-0.022541,0.006358,-0.678954,0.733807,-0.165605,-0.079535,0.149829,0.422416,-0.227080,0.167414,-0.313023,0.059891,-0.012535,0.610411,-0.255067,-0.010295,0.053692,0.024006,-0.044717,-0.615696,0.548937,-0.553678,0.648931,-0.199945,0.066095,0.042939,-0.843858,-0.805726,0.468866,0.760830,0.186457,0.093431,-0.167470
0.003121,0.100009,0.775854,-0.019385,0.003524,-0.683021,0.730133,-0.182034,-0.085099,0.155328,0.453505,-0.243299,0.167879,-0.338371,0.053837,-0.008352,0.654662,-0.270675,-0.008360,0.055027,0.013907,-0.052647,-0.669995,0.571176,-0.561148,0.490458,-0.196055,0.059347,0.051787,-0.906913,-0.834720,0.523776,0.658665,0.167490,0.090296,-0.149029
0.002662,0.100823,0.772544,-0.016221,0.000548,-0.686976,0.726499,-0.198873,-0.090845,0.160857,0.485575,-0.259994,0.168449,-0.363908,0.047675,-0.004193,0.699702,-0.286789,-0.006318,0.056064,0.003551,-0.060457,-0.703294,0.579981,-0.559677,0.326754,-0.186913,0.052108,0.059761,-0.950419,-0.844640,0.571667,0.548096,0.147229,0.085559,-0.129202
0.004056,0.100665,0.769954,-0.014009,-0.000559,-0.687262,0.726274,-0.209110,-0.097174,0.164829,0.503804,-0.271662,0.171845,-0.378487,0.040569,-0.001583,0.726658,-0.300522,-0.001633,0.054715,0.003024,-0.074346,-0.733478,0.585118,-0.552885,0.277727,-0.182716,0.047710,0.058331,-0.964528,-0.800043,0.589434,0.486961,0.136211,0.078952,-0.105592
0.005531,0.100582,0.767427,-0.012186,-0.001880,-0.687543,0.726039,-0.218307,-0.103193,0.168734,0.521624,-0.283143,0.175381,-0.391664,0.033768,0.000873,0.752481,-0.313617,0.002984,0.053566,0.002724,-0.087420,-0.737282,0.563117,-0.534882,0.226536,-0.172051,0.039399,0.053055,-0.940815,-0.727815,0.585588,0.417315,0.122009,0.068596,-0.080276
0.006941,0.100409,0.764878,-0.010407,-0.003244,-0.687800,0.725818,-0.227518,-0.109236,0.172630,0.539751,-0.294806,0.178983,-0.404718,0.026943,0.003303,0.778411,-0.326838,0.007646,0.052551,0.002661,-0.100272,-0.713353,0.515732,-0.505626,0.168322,-0.155237,0.030901,0.045884,-0.879026,-0.630715,0.560240,0.337032,0.105635,0.057243,-0.054590
0.008116,0.099663,0.763588,-0.009029,-0.003611,-0.689458,0.724261,-0.232573,-0.113606,0.172535,0.549150,-0.300650,0.180793,-0.417417,0.020901,-0.000086,0.800116,-0.325729,0.010352,0.052833,0.000729,-0.110834,-0.621567,0.432346,-0.429630,0.139516,-0.130798,0.023655,0.040115,-0.758481,-0.517083,0.481030,0.273970,0.086384,0.046434,-0.041474
0.009385,0.098769,0.762303,-0.007653,-0.003775,-0.691161,0.722651,-0.237408,-0.117642,0.172360,0.557906,-0.306333,0.182486,-0.429692,0.015168,-0.003545,0.820726,-0.324229,0.012892,0.053353,-0.001198,-0.122618,-0.516884,0.342237,-0.350199,0.108012,-0.103709,0.016336,0.032334,-0.620804,-0.397964,0.391974,0.207698,0.065967,0.035401,-0.028232
0.010649,0.097845,0.761021,-0.006253,-0.003906,-0.692858,0.721036,-0.242313,-0.121647,0.172170,0.566693,-0.312074,0.184159,-0.441969,0.009414,-0.006991,0.841300,-0.322781,0.015355,0.053999,-0.003262,-0.134414,-0.416406,0.255230,-0.277429,0.076218,-0.077780,0.009897,0.024000,-0.486963,-0.284426,0.305717,0.143803,0.047004,0.025417,-0.015165
0.011223,0.097030,0.761149,-0.006611,-0.002770,-0.693894,0.720042,-0.242041,-0.120388,0.170178,0.566734,-0.314095,0.183955,-0.465172,0.004191,-0.014418,0.875662,-0.320640,0.013832,0.052421,-0.001171,-0.143104,-0.308432,0.172273,-0.198507,0.055307,-0.054631,0.004655,0.019544,-0.358862,-0.191057,0.224927,0.098911,0.030916,0.015868,-0.008459
0.011930,0.096041,0.761370,-0.006801,-0.001496,-0.694925,0.719049,-0.242000,-0.119274,0.168192,0.566501,-0.315996,0.183795,-0.488573,-0.001386,-0.021834,0.909933,-0.318758,0.012059,0.050737,0.001114,-0.152717,-0.228343,0.108056,-0.139637,0.038283,-0.036456,0.000373,0.015710,-0.264952,-0.118109,0.166088,0.064605,0.018146,0.007893,-0.001945
0.012569,0.095121,0.761496,-0.006941,-0.000191,-0.695960,0.718047,-0.242061,-0.118206,0.166240,0.566280,-0.317928,0.183666,-0.511961,-0.007218,-0.029223,0.944175,-0.316952,0.010097,0.049034,0.003353,-0.162377,-0.180710,0.062793,-0.103351,0.025512,-0.024124,-0.002988,0.013610,-0.209096,-0.066279,0.131526,0.040421,0.008957,0.002258,0.003592
0.013039,0.093553,0.761963,-0.007419,0.000748,-0.697202,0.716836,-0.238212,-0.116188,0.166695,0.562255,-0.318670,0.184343,-0.528719,-0.012059,-0.032072,0.967646,-0.305784,0.012170,0.046937,0.006513,-0.168515,-0.147053,0.038049,-0.078605,0.020239,-0.017839,-0.003792,0.009906,-0.164437,-0.043658,0.102580,0.029708,0.004583,0.000643,0.002931
0.013584,0.091914,0.762507,-0.007987,0.001695,-0.698490,0.715573,-0.233777,-0.113883,0.167052,0.557835,-0.319273,0.184113,-0.544884,-0.016661,-0.034916,0.990478,-0.294590,0.014168,0.044752,0.009503,-0.175050,-0.134178,0.023495,-0.068602,0.016000,-0.014581,-0.004213,0.006790,-0.143387,-0.033216,0.088972,0.023361,0.001248,0.000066,0.002533
0.014039,0.090347,0.763140,-0.008539,0.002660,-0.699775,0.714307,-0.229363,-0.111562,0.167422,0.553417,-0.319893,0.183871,-0.561010,-0.021280,-0.037758,1.013283,-0.283446,0.016164,0.042511,0.012409,-0.181586,-0.132117,0.012527,-0.066091,0.010264,-0.012531,-0.004625,0.003443,-0.134775,-0.027743,0.083782,0.017583,-0.001702,-0.000114,0.003097
0.013604,0.088127,0.764040,-0.008417,0.003012,-0.701203,0.712906,-0.221290,-0.110144,0.167868,0.543241,-0.319085,0.182302,-0.557293,-0.021473,-0.037438,1.000664,-0.289188,0.015300,0.042401,0.012122,-0.188412,-0.114969,0.010376,-0.054452,0.003252,-0.011524,-0.004725,0.005025,-0.119424,-0.025737,0.072035,0.012076,0.000375,0.000194,0.002504
0.013115,0.085859,0.765032,-0.008735,0.003329,-0.702727,0.711398,-0.212074,-0.108074,0.168305,0.532601,-0.318397,0.181034,-0.552305,-0.020950,-0.037283,0.987114,-0.294569,0.014306,0.042411,0.012709,-0.194877,-0.089949,0.002657,-0.038498,-0.010973,-0.008184,-0.004995,0.005004,-0.095429,-0.017728,0.055633,0.000206,0.000856,-0.000268,0.004146
0.012718,0.083580,0.766033,-0.009107,0.003657,-0.704262,0.709873,-0.202778,-0.105892,0.168784,0.522006,-0.317769,0.179734,-0.547190,-0.020335,-0.037136,0.973509,-0.299951,0.013276,0.042394,0.013424,-0.201222,-0.052836,-0.013449,-0.015345,-0.033644,-0.001924,-0.005662,0.003363,-0.057549,-0.001402,0.031202,-0.020322,-0.000401,-0.001418,0.007855
0.012273,0.080962,0.767717,-0.008482,0.004254,-0.706775,0.707375,-0.188926,-0.105300,0.169454,0.498746,-0.311115,0.175344,-0.530900,-0.018580,-0.037614,0.941176,-0.297472,0.012347,0.046738,0.013105,-0.209449,0.003090,-0.020875,0.016689,-0.046305,0.005365,-0.004643,0.003975,-0.000181,0.013640,-0.001552,-0.036787,-0.003227,-0.001794,0.009952
0.011742,0.078327,0.769562,-0.008159,0.004845,-0.709373,0.704769,-0.174324,-0.104345,0.169938,0.475187,-0.304652,0.172672,-0.513657,-0.016220,-0.038222,0.908148,-0.294709,0.011313,0.051209,0.013392,-0.217117,0.068927,-0.036537,0.055411,-0.066409,0.015053,-0.004646,0.003147,0.068862,0.037141,-0.041756,-0.061440,-0.007660,-0.003156,0.013778
0.011296,0.075774,0.771331,-0.007905,0.005474,-0.711976,0.702138,-0.159761,-0.103238,0.170498,0.451899,-0.298359,0.169931,-0.496285,-0.013714,-0.038848,0.875083,-0.291990,0.010206,0.055624,0.013874,-0.224600,0.138138,-0.058383,0.097774,-0.091797,0.026207,-0.005322,0.002230,0.142080,0.066558,-0.085430,-0.091922,-0.013101,-0.004992,0.018273
0.010806,0.071800,0.774463,-0.008322,0.008633,-0.714436,0.699598,-0.133776,-0.099312,0.166907,0.403711,-0.283851,0.167169,-0.461064,-0.001635,-0.036145,0.809941,-0.288330,0.009216,0.059199,0.021058,-0.239339,0.206093,-0.100138,0.109572,-0.116993,0.042866,0.002120,-0.024879,0.211899,0.095526,-0.123297,-0.117531,-0.019239,-0.005425,0.027400
0.010326,0.067949,0.777737,-0.009507,0.011704,-0.716947,0.696964,-0.106331,-0.094189,0.163759,0.355413,-0.269276,0.162904,-0.423233,0.011515,-0.033233,0.742589,-0.283639,0.007769,0.062848,0.028763,-0.252982,0.253737,-0.140729,0.114104,-0.136208,0.057565,0.009500,-0.049752,0.260035,0.120379,-0.151588,-0.137732,-0.025131,-0.006275,0.035195
0.009866,0.064073,0.781081,-0.010878,0.014777,-0.719371,0.694384,-0.079217,-0.088820,0.160774,0.308317,-0.255267,0.158513,-0.384683,0.024746,-0.029942,0.674776,-0.278887,0.006208,0.066350,0.036727,-0.266160,0.265213,-0.172819,0.104277,-0.141516,0.067275,0.016261,-0.070259,0.268385,0.135011,-0.159860,-0.144017,-0.029116,-0.006903,0.039751
0.010244,0.059861,0.784755,-0.013381,0.019263,-0.721837,0.691666,-0.043043,-0.082163,0.154322,0.242674,-0.221840,0.156975,-0.341567,0.039523,-0.027337,0.594297,-0.253327,0.005061,0.070936,0.044766,-0.277607,0.221834,-0.139019,0.093958,-0.119993,0.055290,0.012472,-0.052269,0.227578,0.110406,-0.133435,-0.121234,-0.026197,-0.005188,0.032787
0.010724,0.055635,0.788627,-0.016173,0.023525,-0.724147,0.689054,-0.006420,-0.075371,0.148746,0.178037,-0.189452,0.153572,-0.296331,0.054223,-0.024027,0.511934,-0.227223,0.003436,0.075255,0.053867,-0.288254,0.110027,-0.079246,0.052083,-0.067857,0.030730,0.006546,-0.025509,0.114334,0.062717,-0.067332,-0.067508,-0.018008,-0.002339,0.018700
0.011215,0.051369,0.792749,-0.018741,0.027472,-0.726255,0.686621,0.029448,-0.069482,0.143200,0.115326,-0.158088,0.150300,-0.250144,0.067957,-0.019915,0.428768,-0.201018,0.002018,0.079145,0.062416,-0.298703,-0.078284,0.010990,-0.025979,0.020488,-0.008243,-0.001297,0.011840,-0.077782,-0.012969,0.042410,0.022364,-0.003674,0.001767,-0.004103
0.010341,0.047081,0.797187,-0.019687,0.027246,-0.725073,0.687851,0.038525,-0.066869,0.138900,0.113509,-0.122497,0.140994,-0.197569,0.070400,-0.016426,0.341994,-0.158620,-0.001316,0.077670,0.062062,-0.305309,-0.319518,0.136471,-0.139530,0.140389,-0.062036,-0.009565,0.049984,-0.339080,-0.128325,0.188210,0.145295,0.025448,0.005971,-0.033654
0.009491,0.042669,0.801684,-0.020010,0.027377,-0.723743,0.689236,0.044663,-0.064512,0.133891,0.114824,-0.088366,0.131913,-0.146918,0.072555,-0.013753,0.256563,-0.117005,-0.004443,0.075577,0.061052,-0.313996,-0.617806,0.290062,-0.280604,0.289248,-0.127433,-0.018963,0.098147,-0.658592,-0.268311,0.367061,0.297446,0.060090,0.011322,-0.070960
0.008543,0.038335,0.806097,-0.019999,0.027580,-0.722384,0.690652,0.050075,-0.062633,0.128467,0.116464,-0.054366,0.123142,-0.097777,0.074546,-0.011585,0.173340,-0.076614,-0.007285,0.073469,0.059672,-0.323432,-0.949974,0.461800,-0.438898,0.457316,-0.200193,-0.029381,0.152566,-1.011304,-0.422871,0.565681,0.468363,0.098370,0.017392,-0.113254
0.008019,0.034984,0.809461,-0.022572,0.028796,-0.722149,0.690769,0.057236,-0.055502,0.122841,0.116574,-0.034946,0.113668,-0.082671,0.081875,-0.010678,0.159330,-0.045990,-0.011971,0.069761,0.063421,-0.326382,-1.281480,0.623306,-0.591214,0.613691,-0.273094,-0.041318,0.207547,-1.359946,-0.580453,0.762366,0.641538,0.134760,0.024423,-0.156083
0.007442,0.031656,0.812629,-0.023991,0.030274,-0.721958,0.690858,0.061758,-0.049736,0.117273,0.117260,-0.015483,0.104996,-0.074857,0.087774,-0.009794,0.155942,-0.020740,-0.016624,0.066803,0.065535,-0.331802,-1.585485,0.777360,-0.731367,0.759225,-0.340813,-0.051438,0.260810,-1.680128,-0.729491,0.944842,0.805039,0.169225,0.031285,-0.196793
0.006863,0.028382,0.815872,-0.024915,0.032021,-0.721774,0.690939,0.065036,-0.044321,0.111642,0.118060,0.004032,0.096482,-0.069244,0.093267,-0.008981,0.154841,0.003368,-0.021356,0.064194,0.067300,-0.338643,-1.843255,0.913862,-0.851782,0.885522,-0.399850,-0.060173,0.308167,-1.951201,-0.860507,1.101774,0.948921,0.200374,0.037403,-0.233149
0.006343,0.025457,0.817422,-0.025364,0.033145,-0.720339,0.692365,0.067535,-0.041431,0.104329,0.118598,0.012555,0.091374,-0.064298,0.096076,-0.011035,0.152785,0.014466,-0.026709,0.056047,0.067822,-0.343178,-2.043802,1.020778,-0.953726,0.985537,-0.446046,-0.064543,0.342733,-2.156074,-0.965463,1.214197,1.061614,0.221805,0.042325,-0.262100
0.005703,0.022540,0.818888,-0.025754,0.034171,-0.718705,0.693997,0.070060,-0.038667,0.096354,0.119415,0.020949,0.085591,-0.059446,0.098589,-0.013711,0.151561,0.024843,-0.032250,0.045099,0.067732,-0.348778,-2.193306,1.104537,-1.037388,1.061479,-0.481591,-0.066626,0.369603,-2.297984,-1.048542,1.290709,1.148210,0.237507,0.046396,-0.287123
0.005028,0.019495,0.820445,-0.026064,0.035223,-0.717006,0.695689,0.072509,-0.035981,0.088155,0.120186,0.029333,0.079776,-0.054737,0.101001,-0.016606,0.150512,0.035023,-0.037861,0.033413,0.067405,-0.354890,-2.300504,1.167816,-1.104717,1.117402,-0.508427,-0.067208,0.389601,-2.390135,-1.113059,1.340168,1.213205,0.249794,0.049594,-0.308294
0.003992,0.016718,0.820861,-0.026138,0.036045,-0.714706,0.698006,0.074740,-0.033884,0.079672,0.120409,0.030370,0.079563,-0.050214,0.103052,-0.019583,0.148804,0.037663,-0.041834,0.021364,0.066104,-0.357294,-2.367049,1.211899,-1.155096,1.168503,-0.526046,-0.064874,0.399475,-2.438966,-1.162387,1.369565,1.260964,0.255705,0.053276,-0.321648
0.002972,0.013793,0.821275,-0.026276,0.036803,-0.712358,0.700358,0.077188,-0.031804,0.070878,0.120847,0.031468,0.078280,-0.045550,0.105022,-0.022535,0.147572,0.039926,-0.045797,0.009860,0.064685,-0.360444,-2.410658,1.244862,-1.195341,1.210268,-0.538396,-0.062595,0.405399,-2.462295,-1.202637,1.385638,1.297734,0.259452,0.056725,-0.332955
0.001946,0.010941,0.821688,-0.026400,0.037572,-0.710004,0.702699,0.079644,-0.029722,0.062093,0.121247,0.032559,0.076988,-0.040927,0.106985,-0.025497,0.146420,0.042117,-0.049766,-0.001424,0.063141,-0.364043,-2.441591,1.271196,-1.230654,1.245954,-0.547655,-0.060126,0.409275,-2.470331,-1.237439,1.393729,1.327927,0.262255,0.059897,-0.343236
0.001824,0.009013,0.821827,-0.026840,0.038286,-0.708444,0.704216,0.081564,-0.028148,0.057705,0.121451,0.032276,0.076194,-0.037288,0.108537,-0.027043,0.144722,0.043769,-0.051637,-0.008109,0.063151,-0.364910,-2.465837,1.284804,-1.259715,1.258268,-0.549363,-0.060892,0.413178,-2.468558,-1.263326,1.397466,1.348396,0.265302,0.063217,-0.349873
0.001793,0.007038,0.821976,-0.027329,0.038934,-0.706967,0.705645,0.083617,-0.026525,0.053642,0.121719,0.032121,0.075339,-0.033526,0.110082,-0.028218,0.143129,0.045484,-0.053487,-0.014125,0.063028,-0.365854,-2.484428,1.297440,-1.284900,1.265980,-0.549097,-0.060225,0.418221,-2.462649,-1.288238,1.399065,1.366544,0.267928,0.066822,-0.355824
0.001683,0.005161,0.822127,-0.027838,0.039567,-0.705494,0.707063,0.085724,-0.024908,0.049613,0.121968,0.031972,0.074497,-0.029719,0.111618,-0.029370,0.141532,0.047208,-0.055324,-0.019804,0.062968,-0.367017,-2.500164,1.309555,-1.308187,1.271693,-0.548048,-0.059134,0.423835,-2.454455,-1.312497,1.399693,1.383694,0.270436,0.070473,-0.361708
0.000929,0.003561,0.822201,-0.028272,0.039658,-0.703663,0.708862,0.088045,-0.023010,0.045605,0.122197,0.031072,0.073662,-0.025630,0.112846,-0.032672,0.140051,0.047442,-0.056537,-0.026472,0.062515,-0.366804,-2.512162,1.322256,-1.334060,1.278411,-0.545129,-0.057098,0.428537,-2.437187,-1.336182,1.399924,1.395467,0.267298,0.073490,-0.365376
0.000082,0.001938,0.822269,-0.028765,0.039725,-0.701807,0.710676,0.090502,-0.021292,0.040872,0.122408,0.030572,0.072814,-0.021377,0.114135,-0.036099,0.138682,0.047604,-0.057807,-0.032677,0.061942,-0.366764,-2.523348,1.334348,-1.359217,1.284968,-0.542094,-0.055109,0.433206,-2.418827,-1.360242,1.400000,1.406471,0.264218,0.076890,-0.369053
-0.000677,0.000317,0.822251,-0.029263,0.039784,-0.699940,0.712492,0.093000,-0.019577,0.036135,0.122570,0.030097,0.071967,-0.017107,0.115420,-0.039538,0.137321,0.047756,-0.059064,-0.038427,0.061230,-0.366778,-2.534256,1.346036,-1.383957,1.291347,-0.538947,-0.053179,0.437981,-2.399805,-1.384513,1.400000,1.417266,0.261384,0.080399,-0.372754
-0.000776,-0.000217,0.822347,-0.029889,0.039618,-0.697864,0.714509,0.094508,-0.018904,0.032349,0.122726,0.028692,0.070651,-0.013657,0.115466,-0.043678,0.135963,0.048132,-0.059886,-0.041968,0.059113,-0.365295,-2.539672,1.351518,-1.399974,1.299772,-0.535314,-0.050236,0.438744,-2.381450,-1.403146,1.400000,1.428487,0.259479,0.086115,-0.371903
-0.000801,-0.000690,0.822358,-0.030652,0.039353,-0.695750,0.716550,0.096089,-0.018267,0.028521,0.123057,0.028434,0.070027,-0.010089,0.115508,-0.047786,0.134721,0.048659,-0.060476,-0.042378,0.056786,-0.364933,-2.531202,1.356267,-1.400000,1.307006,-0.528095,-0.048469,0.441116,-2.361393,-1.422857,1.400000,1.439462,0.256274,0.091597,-0.372255
-0.000917,-0.001306,0.822363,-0.031322,0.039207,-0.693698,0.718516,0.097674,-0.017563,0.024862,0.123150,0.028094,0.069381,-0.006617,0.115647,-0.051702,0.133361,0.049105,-0.061086,-0.042453,0.054533,-0.366135,-2.520121,1.361068,-1.400000,1.313352,-0.521586,-0.046846,0.444883,-2.339583,-1.442404,1.400000,1.450278,0.253449,0.097221,-0.372679
-0.000136,-0.001874,0.822318,-0.032111,0.039213,-0.691845,0.720265,0.099374,-0.017441,0.022621,0.123245,0.027215,0.068971,-0.003253,0.114800,-0.056066,0.132308,0.049038,-0.061924,-0.042950,0.053101,-0.367083,-2.507051,1.364133,-1.400000,1.317327,-0.514687,-0.044557,0.445414,-2.316013,-1.460401,1.400000,1.457028,0.248130,0.101880,-0.371193
0.000660,-0.002544,0.822346,-0.032854,0.039222,-0.689993,0.722005,0.100995,-0.017487,0.020150,0.123356,0.026662,0.068919,-0.000012,0.114150,-0.059565,0.131340,0.048888,-0.062089,-0.043234,0.051731,-0.367972,-2.494070,1.367314,-1.400000,1.321167,-0.508006,-0.042050,0.445782,-2.292404,-1.478535,1.400000,1.463616,0.242861,0.106778,-0.369415
0.001464,-0.003125,0.822286,-0.033592,0.039243,-0.688141,0.723736,0.102586,-0.017536,0.017694,0.123457,0.026116,0.068878,0.003181,0.113499,-0.063050,0.130392,0.048734,-0.062239,-0.043295,0.050413,-0.368696,-2.481299,1.370516,-1.400000,1.325053,-0.501487,-0.039499,0.446032,-2.268821,-1.496769,1.400000,1.470262,0.237776,0.111741,-0.367420
0.001075,-0.003394,0.822278,-0.033679,0.038918,-0.687048,0.724787,0.103342,-0.017349,0.015875,0.123389,0.025510,0.068198,0.004195,0.113216,-0.065980,0.131018,0.047903,-0.062831,-0.038834,0.047218,-0.368088,-2.464426,1.381721,-1.400000,1.333490,-0.491135,-0.037124,0.449668,-2.240368,-1.517613,1.400000,1.474911,0.229928,0.115781,-0.366973
0.000700,-0.003666,0.822159,-0.033682,0.038721,-0.685996,0.725793,0.103768,-0.017173,0.013883,0.123328,0.024903,0.067592,0.004706,0.112909,-0.069056,0.132076,0.046422,-0.063518,-0.034012,0.044276,-0.367525,-2.447543,1.393095,-1.400000,1.342076,-0.481202,-0.034976,0.453171,-2.211902,-1.538706,1.400000,1.479328,0.222437,0.120065,-0.366352
0.000346,-0.003851,0.822125,-0.033653,0.038563,-0.684945,0.726795,0.104061,-0.017020,0.011902,0.123305,0.024290,0.067016,0.005036,0.112576,-0.072127,0.133270,0.044881,-0.064172,-0.028982,0.041518,-0.366728,-2.430778,1.404574,-1.400000,1.350842,-0.471675,-0.032871,0.456526,-2.183568,-1.559930,1.400000,1.483833,0.215249,0.124437,-0.365414
0.000507,-0.004223,0.822069,-0.034005,0.038412,-0.684155,0.727531,0.105078,-0.017117,0.011168,0.123328,0.024003,0.068179,0.006067,0.112410,-0.072893,0.133793,0.044829,-0.063812,-0.024693,0.040651,-0.367837,-2.411115,1.415440,-1.400000,1.359924,-0.461630,-0.029579,0.458102,-2.159237,-1.579193,1.400000,1.486534,0.210429,0.127876,-0.365581
0.000794,-0.004508,0.822103,-0.034378,0.038308,-0.683410,0.728218,0.106143,-0.017062,0.010534,0.123323,0.023695,0.069367,0.007332,0.112272,-0.074174,0.134149,0.044541,-0.063536,-0.020375,0.040324,-0.368792,-2.391350,1.426884,-1.400000,1.369026,-0.451914,-0.026298,0.459561,-2.135138,-1.597962,1.400000,1.489450,0.205843,0.131435,-0.365590
0.001106,-0.004878,0.822049,-0.034765,0.038205,-0.682662,0.728906,0.107220,-0.017013,0.009902,0.123330,0.023380,0.070593,0.008629,0.112126,-0.075451,0.134480,0.044267,-0.063226,-0.016098,0.040322,-0.369450,-2.371586,1.438688,-1.400000,1.378203,-0.442535,-0.023047,0.460909,-2.111302,-1.616542,1.400000,1.492543,0.201429,0.135027,-0.365315
0.001193,-0.004816,0.822000,-0.035105,0.038115,-0.683168,0.728420,0.108037,-0.016665,0.010714,0.123249,0.022702,0.072723,0.008743,0.111960,-0.076904,0.135582,0.043409,-0.062828,-0.010795,0.040360,-0.367802,-2.350411,1.456570,-1.400000,1.384289,-0.433548,-0.020076,0.463385,-2.082843,-1.638400,1.400000,1.492530,0.194021,0.137382,-0.365508
0.001325,-0.004763,0.821949,-0.035401,0.038000,-0.683678,0.727933,0.108716,-0.016531,0.011091,0.123213,0.022151,0.073179,0.008629,0.111912,-0.077250,0.136630,0.043047,-0.062529,-0.005548,0.040711,-0.365756,-2.329178,1.475404,-1.400000,1.389764,-0.425217,-0.016733,0.465817,-2.054811,-1.660350,1.400000,1.492274,0.186801,0.139922,-0.365257
0.001487,-0.004718,0.821894,-0.035697,0.037904,-0.684188,0.727445,0.109367,-0.016403,0.011476,0.123192,0.021583,0.073673,0.008515,0.111857,-0.077585,0.137642,0.042696,-0.062191,-0.000371,0.041470,-0.363343,-2.307965,1.494741,-1.400000,1.395285,-0.417378,-0.013297,0.467994,-2.027162,-1.682177,1.400000,1.492149,0.179745,0.142551,-0.364530
0.001766,-0.004387,0.821849,-0.035831,0.038039,-0.684579,0.727063,0.109399,-0.016370,0.013383,0.123063,0.020560,0.074209,0.007277,0.112477,-0.076543,0.139097,0.040740,-0.060313,0.002991,0.042590,-0.361586,-2.284172,1.515663,-1.400000,1.400036,-0.408668,-0.010326,0.470611,-2.005136,-1.700701,1.400000,1.489350,0.174559,0.144449,-0.365386
0.002074,-0.004063,0.821711,-0.035917,0.038218,-0.684976,0.726675,0.109020,-0.016336,0.014831,0.123035,0.019844,0.074913,0.005862,0.112575,-0.075378,0.140462,0.039956,-0.059490,0.005695,0.044322,-0.359615,-2.260119,1.537810,-1.400000,1.404559,-0.400411,-0.007322,0.473085,-1.983740,-1.718390,1.400000,1.486744,0.169387,0.146596,-0.365972
0.002496,-0.003746,0.821657,-0.035995,0.038425,-0.685370,0.726289,0.108584,-0.016305,0.016276,0.123029,0.019110,0.075650,0.004421,0.112668,-0.074220,0.141774,0.039197,-0.058632,0.007947,0.046522,-0.357264,-2.235855,1.560665,-1.400000,1.409066,-0.392723,-0.004188,0.475616,-1.962870,-1.735498,1.400000,1.484093,0.164353,0.149179,-0.366434
0.003195,-0.003167,0.821371,-0.036420,0.039203,-0.686697,0.724972,0.107366,-0.015146,0.020560,0.122730,0.016648,0.077551,0.001586,0.114208,-0.070358,0.143474,0.039565,-0.057805,0.008995,0.051797,-0.353695,-2.212287,1.586172,-1.400000,1.411999,-0.387316,-0.002405,0.476088,-1.945757,-1.751843,1.400000,1.472920,0.161863,0.149590,-0.368206
0.004006,-0.002585,0.821159,-0.036840,0.040031,-0.688054,0.723618,0.106277,-0.013963,0.024891,0.122550,0.014332,0.079508,-0.001349,0.115826,-0.066450,0.145118,0.039762,-0.056759,0.009651,0.057617,-0.349854,-2.188579,1.612675,-1.400000,1.414796,-0.382311,-0.000570,0.476140,-1.929392,-1.767759,1.400000,1.461305,0.159299,0.150426,-0.369754
0.004743,-0.002027,0.820854,-0.037255,0.040872,-0.689409,0.722258,0.105215,-0.012783,0.029222,0.122355,0.011984,0.081480,-0.004274,0.117447,-0.062536,0.146758,0.039930,-0.055690,0.009799,0.063699,-0.345805,-2.164693,1.639614,-1.400000,1.417775,-0.377589,0.001331,0.475738,-1.913489,-1.783205,1.400000,1.449744,0.156666,0.151371,-0.370914
0.005790,-0.001459,0.820543,-0.037619,0.041308,-0.690663,0.721015,0.104734,-0.012689,0.034640,0.122200,0.009222,0.084254,-0.006176,0.117813,-0.059057,0.147658,0.038997,-0.053782,0.008793,0.068240,-0.339650,-2.135120,1.666645,-1.400000,1.417821,-0.372216,0.003480,0.473484,-1.903815,-1.799579,1.400000,1.417956,0.154966,0.151202,-0.378794
0.006750,-0.000910,0.820134,-0.038024,0.041672,-0.691898,0.719788,0.104438,-0.012635,0.040053,0.121994,0.006605,0.087168,-0.007830,0.118233,-0.055415,0.148484,0.038034,-0.051702,0.007248,0.072824,-0.332872,-2.105749,1.694317,-1.400000,1.417749,-0.367134,0.005865,0.470665,-1.894850,-1.816208,1.400000,1.384816,0.153050,0.152244,-0.386466
0.007783,-0.000477,0.819719,-0.038432,0.042030,-0.693132,0.718557,0.104228,-0.012566,0.045455,0.121762,0.003948,0.090061,-0.009416,0.118673,-0.051775,0.149301,0.037027,-0.049641,0.005310,0.077267,-0.325820,-2.076529,1.722118,-1.400000,1.417906,-0.362163,0.008360,0.467228,-1.886274,-1.832703,1.400000,1.351599,0.150949,0.153504,-0.393664
0.008245,0.000223,0.818829,-0.038472,0.042205,-0.694884,0.716850,0.104126,-0.012454,0.050203,0.120901,-0.002443,0.091694,-0.011588,0.119247,-0.047308,0.149898,0.032044,-0.048419,0.002237,0.080489,-0.321344,-2.050084,1.751103,-1.400000,1.413256,-0.360703,0.008575,0.466791,-1.898040,-1.847458,1.397329,1.286440,0.162777,0.148333,-0.425589
0.008653,0.001013,0.817952,-0.038551,0.042264,-0.696631,0.715145,0.103837,-0.012863,0.054925,0.120341,-0.008667,0.095058,-0.013749,0.119679,-0.042761,0.150722,0.026864,-0.046797,-0.000888,0.083611,-0.315206,-2.025088,1.781240,-1.400000,1.408183,-0.359505,0.008961,0.465606,-1.901564,-1.864618,1.383307,1.218336,0.172116,0.144224,-0.457103
0.009155,0.001810,0.816986,-0.038660,0.042287,-0.698360,0.713450,0.103642,-0.013307,0.059594,0.119829,-0.014938,0.098454,-0.015820,0.120079,-0.038245,0.151592,0.021636,-0.045167,-0.002815,0.086019,-0.308226,-2.001509,1.810202,-1.400000,1.403477,-0.358344,0.009626,0.463355,-1.894831,-1.885293,1.357640,1.148365,0.179729,0.140139,-0.487132
0.009536,0.002440,0.815657,-0.038656,0.041592,-0.699391,0.712480,0.104245,-0.015155,0.062382,0.119837,-0.023485,0.100604,-0.016431,0.118723,-0.035644,0.152209,0.012625,-0.042658,-0.003083,0.086456,-0.297631,-1.984727,1.839642,-1.399592,1.392303,-0.363897,0.009329,0.456054,-1.876618,-1.912031,1.329842,1.063295,0.181085,0.136805,-0.505170
0.009953,0.003154,0.814313,-0.038790,0.040800,-0.700426,0.711501,0.105229,-0.017080,0.065270,0.119883,-0.032239,0.103895,-0.016736,0.117440,-0.032811,0.153034,0.003234,-0.040060,-0.002313,0.086758,-0.286747,-1.968193,1.867724,-1.397929,1.381644,-0.368962,0.009644,0.447634,-1.856848,-1.939413,1.299850,0.978271,0.182296,0.134376,-0.521537
0.010508,0.003715,0.812953,-0.038980,0.039989,-0.701486,0.710492,0.106450,-0.019023,0.068203,0.119944,-0.041144,0.107284,-0.016852,0.116160,-0.029901,0.153928,-0.006308,-0.037419,-0.001617,0.087370,-0.277022,-1.952891,1.895035,-1.398301,1.371768,-0.373713,0.010268,0.438469,-1.842329,-1.964138,1.275585,0.895192,0.183615,0.132212,-0.537203
0.010740,0.004227,0.811180,-0.038452,0.039387,-0.701734,0.710309,0.107176,-0.021945,0.068008,0.117624,-0.051284,0.111907,-0.016784,0.113986,-0.028126,0.151778,-0.017707,-0.031622,-0.000274,0.086242,-0.268156,-1.942317,1.911125,-1.400000,1.339649,-0.377662,0.008623,0.419884,-1.838612,-1.977403,1.277817,0.851373,0.188849,0.131381,-0.532466
0.010836,0.004383,0.809337,-0.038465,0.038286,-0.702083,0.710024,0.109034,-0.024469,0.068142,0.117600,-0.063414,0.115671,-0.015870,0.112160,-0.026027,0.152352,-0.031372,-0.026109,0.000319,0.084275,-0.259089,-1.929386,1.930043,-1.400000,1.302103,-0.382610,0.008760,0.401637,-1.851164,-1.990114,1.297988,0.807243,0.195987,0.129295,-0.528344
0.010466,0.004374,0.807427,-0.039340,0.036241,-0.702490,0.709681,0.112921,-0.026435,0.068385,0.120559,-0.077983,0.118871,-0.013391,0.110837,-0.023937,0.156711,-0.047863,-0.021242,0.001948,0.078924,-0.247854,-1.917004,1.950205,-1.400000,1.256935,-0.388994,0.011678,0.385471,-1.902574,-2.010904,1.358011,0.755211,0.203935,0.127922,-0.526813
0.009271,0.005327,0.805367,-0.039036,0.033638,-0.701803,0.710505,0.114765,-0.030230,0.065687,0.121579,-0.091701,0.120923,-0.011894,0.107008,-0.027260,0.158441,-0.066457,-0.018009,0.011142,0.068415,-0.231932,-1.916003,1.956407,-1.400000,1.192586,-0.396220,0.012622,0.370244,-1.937350,-2.033680,1.399999,0.734743,0.209526,0.132587,-0.502960
0.008242,0.006348,0.803250,-0.039053,0.030784,-0.701145,0.711282,0.117364,-0.034249,0.063158,0.122857,-0.105487,0.123411,-0.009752,0.102956,-0.030223,0.160742,-0.085531,-0.014066,0.020168,0.060508,-0.214720,-1.916090,1.964214,-1.400000,1.127858,-0.405678,0.015021,0.354566,-1.930613,-2.050402,1.400000,0.720758,0.217128,0.136450,-0.474319
0.007271,0.007288,0.801115,-0.039026,0.028034,-0.700479,0.712053,0.120089,-0.038266,0.060551,0.123939,-0.119395,0.126034,-0.007460,0.098942,-0.033152,0.162868,-0.104764,-0.010073,0.027725,0.053621,-0.200152,-1.912978,1.972355,-1.400000,1.063373,-0.417953,0.017495,0.339861,-1.920830,-2.061444,1.400000,0.710274,0.226732,0.139535,-0.446598
0.006078,0.008733,0.799426,-0.039130,0.024882,-0.700408,0.712235,0.122697,-0.042050,0.058691,0.125229,-0.130769,0.127071,-0.019564,0.094992,-0.037012,0.194015,-0.127132,-0.011629,0.035836,0.050591,-0.180548,-1.914513,1.984008,-1.400000,0.977457,-0.435843,0.019304,0.322624,-1.879532,-2.058528,1.400000,0.748276,0.238958,0.154564,-0.386523
0.005018,0.010289,0.797535,-0.038745,0.021786,-0.700464,0.712302,0.124449,-0.046891,0.057247,0.126454,-0.141919,0.128622,-0.035213,0.089750,-0.040746,0.231057,-0.152811,-0.011793,0.037290,0.049977,-0.164680,-1.913094,2.002953,-1.400000,0.889016,-0.455959,0.022092,0.308615,-1.834883,-2.040696,1.400000,0.792546,0.249914,0.167224,-0.324984
0.004155,0.011924,0.795664,-0.038103,0.018700,-0.700570,0.712320,0.125651,-0.052467,0.055982,0.127741,-0.152960,0.130640,-0.052359,0.083777,-0.044306,0.270356,-0.179516,-0.011603,0.032158,0.051499,-0.151468,-1.910691,2.028479,-1.400000,0.799639,-0.477108,0.024773,0.297078,-1.786865,-2.011253,1.400000,0.837726,0.260005,0.179655,-0.264573
0.003408,0.012570,0.794097,-0.035700,0.015615,-0.701396,0.711706,0.125120,-0.061236,0.052881,0.129703,-0.157990,0.131996,-0.068965,0.074033,-0.049675,0.305203,-0.201689,-0.011688,0.024629,0.054597,-0.139008,-1.920638,2.057735,-1.400000,0.717355,-0.505921,0.028467,0.289487,-1.747138,-1.957452,1.400000,0.923339,0.286219,0.199952,-0.195947
0.002938,0.013661,0.792560,-0.033360,0.012406,-0.702373,0.710918,0.124328,-0.070391,0.050235,0.131441,-0.162254,0.133663,-0.085909,0.063846,-0.054938,0.340050,-0.222431,-0.011341,0.006723,0.060226,-0.126885,-1.935270,2.098326,-1.400000,0.635408,-0.532199,0.030743,0.284278,-1.702309,-1.886654,1.400000,1.012787,0.310488,0.218409,-0.129159
0.002534,0.015035,0.791030,-0.030977,0.009066,-0.703486,0.709976,0.123385,-0.080045,0.048086,0.132917,-0.166041,0.135633,-0.103062,0.053219,-0.059580,0.374882,-0.242682,-0.010783,-0.023648,0.068009,-0.115802,-1.955295,2.153505,-1.400000,0.552024,-0.553496,0.032047,0.280058,-1.647691,-1.798737,1.396635,1.100965,0.333771,0.236115,-0.066839
-0.014709,0.027201,0.792926,-0.024038,-0.003914,-0.702201,0.711562,0.114583,-0.087433,0.038592,0.129741,-0.143177,0.114753,-0.127693,0.042650,-0.070983,0.408180,-0.245027,-0.035320,-0.175683,-0.067790,-0.158056,-1.935684,2.251500,-1.400000,0.364089,-0.454409,0.009940,0.366629,-0.859973,-1.290772,0.646558,1.320321,0.297586,0.171269,-0.245014
-0.033745,0.019754,0.793584,-0.004649,-0.003089,-0.699627,0.714487,0.095208,-0.090854,0.022231,0.122046,-0.141882,0.089932,-0.157875,0.036472,-0.084999,0.429559,-0.268439,-0.060565,-0.040831,-0.270364,-0.215799,-1.884096,2.067514,-1.400000,0.151165,-0.393961,0.003577,0.539921,-0.098671,-1.114422,-0.035094,1.173052,0.227115,0.128087,-0.373924
-0.036807,0.019481,0.793153,-0.000127,-0.003625,-0.700718,0.713429,0.091129,-0.095073,0.019266,0.118206,-0.139218,0.086533,-0.169982,0.031897,-0.088085,0.441450,-0.275962,-0.064918,-0.018213,-0.292813,-0.219507,-1.901315,2.031315,-1.400000,0.068360,-0.396598,-0.012030,0.566113,-0.059951,-1.075349,-0.042930,1.212059,0.239873,0.134513,-0.363873
-0.038790,0.019451,0.792601,0.004809,-0.004208,-0.701086,0.713048,0.084655,-0.101376,0.019074,0.117012,-0.137042,0.084808,-0.184727,0.024298,-0.091146,0.457455,-0.284337,-0.067361,-0.008543,-0.310514,-0.222660,-1.906127,2.011837,-1.400000,0.041271,-0.400203,-0.006550,0.576952,-0.048101,-1.041338,-0.033219,1.247616,0.251143,0.133324,-0.356593
-0.040660,0.019655,0.791984,0.009917,-0.004798,-0.701274,0.712807,0.077198,-0.108252,0.018732,0.116487,-0.134913,0.083300,-0.200557,0.015892,-0.094327,0.474660,-0.292913,-0.069503,-0.004375,-0.325241,-0.226721,-1.912879,1.996222,-1.400000,0.020086,-0.403553,-0.003625,0.582960,-0.048360,-1.010206,-0.012149,1.287504,0.263000,0.132038,-0.349092
-0.042346,0.020009,0.791416,0.015083,-0.005430,-0.701385,0.712603,0.069308,-0.115460,0.018354,0.116286,-0.132719,0.081974,-0.216810,0.007070,-0.097454,0.492323,-0.301568,-0.071501,-0.003615,-0.338541,-0.231036,-1.920992,1.984493,-1.400000,-0.000273,-0.406268,-0.001763,0.587211,-0.054929,-0.980355,0.014543,1.330140,0.275171,0.130645,-0.341031
-0.042999,0.020764,0.790774,0.019845,-0.004604,-0.701432,0.712446,0.059305,-0.121333,0.018258,0.115646,-0.131923,0.082329,-0.234691,0.000155,-0.098559,0.508081,-0.307286,-0.072017,-0.004697,-0.342581,-0.233032,-1.916917,1.991853,-1.400000,0.055305,-0.417079,0.010620,0.574382,-0.064951,-0.974829,0.018601,1.347816,0.291386,0.120683,-0.347231
-0.043393,0.021559,0.790133,0.024524,-0.003496,-0.701459,0.712280,0.048683,-0.126744,0.018416,0.115495,-0.131587,0.082784,-0.252529,-0.006314,-0.099606,0.522875,-0.312104,-0.072532,-0.004672,-0.344212,-0.234103,-1.915451,1.995254,-1.400000,0.122746,-0.429086,0.016876,0.554434,-0.071626,-0.971835,0.019323,1.361053,0.307637,0.112474,-0.354356
-0.043846,0.022352,0.789397,0.029136,-0.002351,-0.701497,0.712073,0.038008,-0.131997,0.018693,0.115540,-0.131388,0.083248,-0.270172,-0.012599,-0.100579,0.537302,-0.316746,-0.073057,-0.003711,-0.345478,-0.234823,-1.914601,1.996896,-1.400000,0.193975,-0.440023,0.021045,0.531541,-0.076376,-0.969596,0.018219,1.373144,0.323720,0.104827,-0.361138
-0.042812,0.023598,0.788359,0.031043,0.001092,-0.700580,0.712897,0.027402,-0.131776,0.016957,0.115098,-0.140166,0.086218,-0.286676,-0.013731,-0.103316,0.549814,-0.319175,-0.071319,-0.002332,-0.333644,-0.232676,-1.898694,1.997409,-1.400000,0.259703,-0.437233,0.022184,0.508939,-0.067633,-0.991136,0.004919,1.346357,0.326642,0.092368,-0.373715
-0.041732,0.024506,0.787412,0.032548,0.004955,-0.699684,0.713693,0.017084,-0.130115,0.015336,0.115221,-0.149965,0.089074,-0.301329,-0.013402,-0.106367,0.559463,-0.320274,-0.070015,0.001209,-0.321393,-0.231273,-1.881124,1.995237,-1.400000,0.325584,-0.433806,0.023108,0.487763,-0.048562,-1.012069,-0.016693,1.311324,0.326904,0.083454,-0.387444
-0.040672,0.025296,0.786508,0.033907,0.008974,-0.698835,0.714422,0.006944,-0.127900,0.013684,0.115391,-0.159997,0.091840,-0.315235,-0.012454,-0.109535,0.567857,-0.320880,-0.068824,0.006390,-0.309502,-0.230316,-1.862589,1.990626,-1.400000,0.391794,-0.429821,0.023782,0.467809,-0.023374,-1.031918,-0.043528,1.272846,0.325911,0.076108,-0.401755
-0.040717,0.026015,0.785522,0.035235,0.011315,-0.698226,0.714920,-0.012395,-0.125979,0.015686,0.139549,-0.173934,0.090665,-0.326639,-0.012519,-0.112719,0.577101,-0.324032,-0.071463,-0.002036,-0.306461,-0.227836,-1.839635,1.983132,-1.400000,0.467006,-0.432338,0.024100,0.452717,-0.007649,-1.049215,-0.082300,1.213654,0.328276,0.063709,-0.437194
-0.040781,0.026861,0.784556,0.036743,0.013835,-0.697395,0.715611,-0.034285,-0.124115,0.017367,0.167516,-0.190029,0.089776,-0.339433,-0.012763,-0.115838,0.587656,-0.326690,-0.072956,-0.011495,-0.303421,-0.225623,-1.817369,1.975581,-1.400000,0.543090,-0.433619,0.023761,0.437619,0.010890,-1.064449,-0.124312,1.150655,0.328482,0.052875,-0.475671
-0.040833,0.027633,0.783537,0.038448,0.016426,-0.696496,0.716341,-0.057193,-0.122472,0.019165,0.196792,-0.206733,0.088856,-0.352690,-0.013280,-0.118927,0.598269,-0.329299,-0.074403,-0.021357,-0.300577,-0.224113,-1.795062,1.967976,-1.400000,0.619258,-0.433545,0.023261,0.422495,0.031630,-1.078145,-0.168781,1.085721,0.326168,0.042920,-0.514559
-0.038210,0.028714,0.782367,0.040316,0.019914,-0.696979,0.715680,-0.084172,-0.122872,0.025986,0.230040,-0.218377,0.095320,-0.368628,-0.013753,-0.114278,0.608438,-0.332064,-0.068183,-0.035477,-0.282790,-0.223470,-1.777553,1.979831,-1.400000,0.710826,-0.430568,0.023763,0.404165,0.052671,-1.099224,-0.223838,0.996854,0.315969,0.029867,-0.555064
-0.035276,0.030042,0.781088,0.042065,0.024156,-0.697493,0.714948,-0.112720,-0.121970,0.033160,0.264305,-0.232643,0.099328,-0.386437,-0.012710,-0.109039,0.619479,-0.333001,-0.064551,-0.052217,-0.262042,-0.222419,-1.763417,1.995994,-1.400000,0.803608,-0.425124,0.022386,0.383398,0.074554,-1.118661,-0.282582,0.901570,0.300424,0.020405,-0.595249
-0.032357,0.031405,0.779825,0.043842,0.028613,-0.697971,0.714210,-0.142394,-0.120744,0.040541,0.300113,-0.247655,0.103447,-0.404448,-0.011379,-0.103894,0.630057,-0.333601,-0.060845,-0.070286,-0.240456,-0.221562,-1.750154,2.013854,-1.400000,0.896330,-0.417589,0.020047,0.362880,0.097273,-1.135562,-0.343661,0.802896,0.280419,0.013585,-0.634207
-0.030268,0.033462,0.778458,0.043295,0.032698,-0.697092,0.714926,-0.170087,-0.115249,0.045715,0.337841,-0.261128,0.106024,-0.417803,-0.007373,-0.102528,0.638829,-0.332425,-0.058190,-0.087715,-0.235596,-0.218265,-1.718702,2.025838,-1.400000,0.981240,-0.414231,0.024279,0.322912,0.119204,-1.114541,-0.402769,0.723095,0.260871,0.014635,-0.661643
-0.028222,0.035311,0.777106,0.042408,0.036434,-0.696128,0.715738,-0.196424,-0.109523,0.050675,0.375870,-0.275155,0.108437,-0.429225,-0.003287,-0.101705,0.646847,-0.331860,-0.056519,-0.102831,-0.232424,-0.216688,-1.684725,2.034578,-1.400000,1.064493,-0.408606,0.029702,0.284474,0.144284,-1.090433,-0.462394,0.643907,0.239161,0.015551,-0.687257
-0.026280,0.037080,0.775664,0.041366,0.040127,-0.695139,0.716562,-0.222567,-0.103489,0.055618,0.414570,-0.289744,0.110838,-0.440095,0.001022,-0.101005,0.654712,-0.331426,-0.054913,-0.116373,-0.229670,-0.216262,-1.650328,2.041495,-1.400000,1.147565,-0.400038,0.035236,0.247175,0.171275,-1.064173,-0.522683,0.563717,0.215900,0.017023,-0.710982
-0.027294,0.038522,0.774275,0.040335,0.043266,-0.695077,0.716498,-0.244877,-0.093748,0.057863,0.448473,-0.301711,0.108600,-0.450525,0.008447,-0.103352,0.663305,-0.330240,-0.054978,-0.119259,-0.231744,-0.213881,-1.623693,2.033411,-1.400000,1.175147,-0.401696,0.028022,0.223005,0.192458,-1.025587,-0.564864,0.496493,0.193440,0.021980,-0.725353
-0.028358,0.039943,0.772919,0.038989,0.045925,-0.695272,0.716218,-0.265347,-0.083772,0.060625,0.481652,-0.313452,0.106159,-0.459272,0.016134,-0.105664,0.670926,-0.328862,-0.057622,-0.121134,-0.235477,-0.211444,-1.595394,2.029063,-1.400000,1.193032,-0.405342,0.025332,0.204666,0.210106,-0.986247,-0.603203,0.433186,0.171012,0.025734,-0.738077
-0.029425,0.041360,0.771661,0.037393,0.048426,-0.695501,0.715915,-0.285076,-0.073532,0.063367,0.514936,-0.325375,0.103664,-0.467291,0.024064,-0.108016,0.678288,-0.327424,-0.060294,-0.122804,-0.239117,-0.209235,-1.566677,2.026478,-1.400000,1.207525,-0.409202,0.024945,0.188133,0.225697,-0.947059,-0.639272,0.371415,0.148549,0.028947,-0.749476
-0.031239,0.041580,0.770502,0.036584,0.051515,-0.694667,0.716551,-0.299764,-0.064406,0.061016,0.536871,-0.336728,0.100010,-0.472660,0.031942,-0.111647,0.681033,-0.329288,-0.063532,-0.114459,-0.243448,-0.210220,-1.551439,2.014798,-1.400000,1.192054,-0.414613,0.020784,0.180607,0.242710,-0.924179,-0.661563,0.339497,0.137512,0.040996,-0.744193
-0.032858,0.041652,0.769450,0.035519,0.054257,-0.693967,0.717080,-0.312324,-0.055487,0.058972,0.556691,-0.347091,0.096557,-0.476566,0.039670,-0.114998,0.682833,-0.330745,-0.066277,-0.106005,-0.248125,-0.211293,-1.534855,2.005389,-1.400000,1.170934,-0.420558,0.020029,0.176125,0.255940,-0.906573,-0.680104,0.317350,0.131021,0.049656,-0.735699
-0.034492,0.041734,0.768516,0.034255,0.056807,-0.693305,0.717585,-0.323988,-0.046634,0.056981,0.575974,-0.357278,0.093190,-0.479762,0.047401,-0.118220,0.684366,-0.332118,-0.068913,-0.098106,-0.252586,-0.212165,-1.517831,1.997595,-1.400000,1.147649,-0.426784,0.020854,0.172780,0.266755,-0.891226,-0.696142,0.299421,0.126045,0.055904,-0.726560
-0.036468,0.041452,0.768027,0.033874,0.058402,-0.692369,0.718378,-0.330552,-0.041056,0.053439,0.585566,-0.363280,0.088774,-0.482533,0.052310,-0.121777,0.686293,-0.331426,-0.073881,-0.081398,-0.264286,-0.213333,-1.503372,1.979691,-1.400000,1.141929,-0.426593,0.027683,0.166241,0.278238,-0.878938,-0.698820,0.323599,0.135468,0.066601,-0.714314
-0.038323,0.041305,0.767675,0.033533,0.059269,-0.691445,0.719212,-0.334912,-0.037010,0.050500,0.592704,-0.367967,0.084910,-0.484063,0.055595,-0.125032,0.688186,-0.331904,-0.076859,-0.063783,-0.276558,-0.214877,-1.486878,1.957041,-1.400000,1.140943,-0.425635,0.033429,0.159695,0.287197,-0.872726,-0.697505,0.358679,0.148852,0.072168,-0.702056
-0.040027,0.041068,0.767262,0.033119,0.059860,-0.690495,0.720095,-0.338305,-0.033556,0.047700,0.599001,-0.372302,0.081334,-0.485091,0.058330,-0.128047,0.690337,-0.332615,-0.079532,-0.045976,-0.288566,-0.216396,-1.469330,1.932876,-1.400000,1.141839,-0.424767,0.038338,0.153124,0.295051,-0.868964,-0.694467,0.398112,0.163327,0.075026,-0.689408
-0.041475,0.039683,0.767279,0.034219,0.060487,-0.688204,0.722181,-0.339432,-0.033599,0.045287,0.598232,-0.372413,0.080291,-0.485916,0.057110,-0.131588,0.692157,-0.334909,-0.081014,-0.030424,-0.289400,-0.222543,-1.493581,1.903156,-1.400000,1.092166,-0.445505,0.026510,0.177393,0.296853,-0.884039,-0.664595,0.445376,0.175581,0.077627,-0.671042
-0.043029,0.038729,0.767304,0.035332,0.060779,-0.685767,0.724418,-0.340116,-0.034826,0.040823,0.596073,-0.372550,0.077049,-0.487051,0.055289,-0.135164,0.694346,-0.336802,-0.082553,-0.020333,-0.291646,-0.226793,-1.520526,1.884396,-1.399989,1.033539,-0.465092,0.016819,0.207360,0.287629,-0.899853,-0.626877,0.497588,0.187790,0.078872,-0.651980
-0.044656,0.038015,0.767334,0.036337,0.060725,-0.683170,0.726823,-0.340428,-0.036507,0.036095,0.593772,-0.372237,0.073792,-0.487914,0.052931,-0.138973,0.696913,-0.338705,-0.084153,-0.013530,-0.294508,-0.230219,-1.548340,1.870650,-1.399861,0.971416,-0.481449,0.008025,0.239387,0.271760,-0.915154,-0.583750,0.551571,0.199055,0.079813,-0.633029
-0.048297,0.037891,0.767429,0.039511,0.059821,-0.680926,0.728835,-0.341855,-0.040706,0.029991,0.587280,-0.368297,0.072106,-0.492289,0.049092,-0.142591,0.700229,-0.340611,-0.089805,-0.004160,-0.308330,-0.225549,-1.570110,1.846750,-1.376696,0.885642,-0.494172,-0.004628,0.278433,0.261755,-0.911587,-0.519554,0.650949,0.226740,0.084983,-0.602510
-0.051840,0.038079,0.767585,0.042805,0.058455,-0.678517,0.731003,-0.342682,-0.046437,0.022905,0.579600,-0.363536,0.067557,-0.497517,0.043602,-0.146410,0.705443,-0.342438,-0.094435,0.010138,-0.324129,-0.220265,-1.565726,1.812341,-1.325470,0.800877,-0.499766,-0.015229,0.322996,0.253407,-0.908644,-0.457336,0.759937,0.255329,0.085722,-0.568530
-0.054926,0.038525,0.767622,0.046046,0.057012,-0.675833,0.733402,-0.343701,-0.053222,0.015510,0.571836,-0.358277,0.063814,-0.503148,0.036897,-0.150404,0.711372,-0.344404,-0.098311,0.035160,-0.338595,-0.214894,-1.519821,1.755229,-1.232903,0.724501,-0.496379,-0.025222,0.371917,0.255712,-0.906400,-0.405158,0.873120,0.282228,0.085645,-0.531797
-0.038973,0.044119,0.769275,0.047371,0.059169,-0.673527,0.735266,-0.343052,-0.080230,0.016096,0.540603,-0.333793,0.089929,-0.513428,0.012476,-0.138971,0.708121,-0.331883,-0.072748,0.199929,-0.214961,-0.210738,-0.873927,1.386085,-0.549461,0.723519,-0.400399,-0.047905,0.490238,0.409975,-1.033482,-0.499698,1.015554,0.315520,0.058986,-0.501158
-0.021056,0.043731,0.768414,0.038898,0.065968,-0.677379,0.731637,-0.346455,-0.079820,0.022613,0.560788,-0.351153,0.114043,-0.510336,0.016527,-0.126783,0.707444,-0.329666,-0.048738,0.168512,-0.019060,-0.201870,-0.181400,1.183270,0.180032,0.419653,-0.252006,-0.045114,0.574222,0.371891,-1.228178,-0.436768,1.091685,0.333084,0.070483,-0.447964
-0.023288,0.043347,0.768940,0.042351,0.064738,-0.676395,0.732465,-0.343157,-0.085962,0.018396,0.546523,-0.344338,0.111231,-0.514122,0.012887,-0.123685,0.708776,-0.330147,-0.052239,0.174421,-0.028012,-0.197673,-0.184736,1.164740,0.220949,0.341012,-0.239677,-0.046412,0.586115,0.362114,-1.224684,-0.368475,1.169502,0.345131,0.081949,-0.418751
-0.023969,0.044377,0.767962,0.047451,0.062401,-0.676240,0.732498,-0.346789,-0.099021,0.016312,0.541217,-0.341046,0.112298,-0.529249,0.001604,-0.118682,0.727652,-0.335319,-0.048660,0.185247,-0.040149,-0.188885,-0.202392,1.157581,0.235470,0.305837,-0.231464,-0.042052,0.595178,0.340244,-1.215491,-0.301000,1.213802,0.350942,0.081772,-0.399137
-0.024966,0.045554,0.766831,0.053323,0.059836,-0.675809,0.732706,-0.351938,-0.113370,0.014659,0.536717,-0.337857,0.112534,-0.546873,-0.010499,-0.112200,0.749371,-0.342168,-0.048908,0.197456,-0.056281,-0.181103,-0.231283,1.154523,0.240113,0.278545,-0.224860,-0.040518,0.603091,0.322973,-1.202050,-0.237494,1.256615,0.356090,0.083110,-0.381427
-0.025966,0.046767,0.765601,0.059415,0.057236,-0.675284,0.732930,-0.357581,-0.128067,0.013107,0.532558,-0.334760,0.112710,-0.565380,-0.022942,-0.105532,0.772000,-0.349454,-0.049286,0.211392,-0.073816,-0.173971,-0.265470,1.152484,0.239872,0.253984,-0.218532,-0.039798,0.610821,0.310785,-1.186756,-0.178562,1.299106,0.360927,0.084818,-0.363706
-0.025786,0.047707,0.764008,0.064366,0.056284,-0.675554,0.732336,-0.368086,-0.138835,0.014253,0.537200,-0.334589,0.114953,-0.582615,-0.030969,-0.097227,0.790251,-0.357073,-0.046431,0.213006,-0.080906,-0.173375,-0.268468,1.151075,0.249791,0.254354,-0.214684,-0.038830,0.623385,0.298247,-1.188233,-0.172289,1.339033,0.372978,0.081711,-0.360876
-0.025241,0.048551,0.762402,0.069123,0.055972,-0.675855,0.731649,-0.379621,-0.148548,0.015881,0.542977,-0.335491,0.116329,-0.600029,-0.037959,-0.089008,0.807449,-0.363912,-0.044605,0.215543,-0.084457,-0.173361,-0.267064,1.146503,0.264187,0.253278,-0.211290,-0.039542,0.635117,0.292946,-1.192025,-0.173283,1.374444,0.384209,0.079533,-0.357626
-0.024573,0.049450,0.760782,0.073799,0.055864,-0.676183,0.730896,-0.391445,-0.157977,0.017617,0.549115,-0.336661,0.117838,-0.617479,-0.044528,-0.080777,0.824277,-0.370575,-0.042656,0.218745,-0.086911,-0.173575,-0.264473,1.140627,0.279688,0.251192,-0.207759,-0.040328,0.646684,0.290714,-1.196523,-0.177230,1.408191,0.395071,0.077925,-0.354028
-0.023540,0.050766,0.759420,0.076883,0.056727,-0.678145,0.728691,-0.404948,-0.161746,0.021912,0.559408,-0.340001,0.122273,-0.632363,-0.046350,-0.074851,0.834505,-0.373629,-0.040781,0.212915,-0.082372,-0.171174,-0.247516,1.142574,0.295731,0.282411,-0.214632,-0.041716,0.653817,0.281551,-1.208776,-0.188313,1.382690,0.392340,0.068375,-0.359726
-0.022617,0.051995,0.758003,0.079645,0.057878,-0.680143,0.726438,-0.418461,-0.164307,0.026164,0.570240,-0.343189,0.124055,-0.646510,-0.047177,-0.069595,0.843599,-0.376249,-0.039749,0.206048,-0.076538,-0.168662,-0.228138,1.145804,0.314863,0.316158,-0.223466,-0.046191,0.659052,0.275004,-1.220272,-0.202069,1.350842,0.388089,0.062432,-0.368281
-0.021694,0.053194,0.756682,0.082337,0.059100,-0.682144,0.724160,-0.431992,-0.166613,0.030388,0.581212,-0.346510,0.125823,-0.660495,-0.047745,-0.064466,0.852441,-0.378795,-0.038738,0.199113,-0.070364,-0.166092,-0.207925,1.149054,0.334880,0.350179,-0.232635,-0.051257,0.663600,0.269778,-1.231597,-0.217102,1.317373,0.383316,0.057476,-0.377314
-0.018410,0.053723,0.755348,0.081125,0.062788,-0.680877,0.725178,-0.446752,-0.164494,0.032070,0.600847,-0.352747,0.130908,-0.665933,-0.045591,-0.063355,0.855091,-0.381590,-0.033077,0.179673,-0.057528,-0.167920,-0.176185,1.162118,0.342955,0.390027,-0.241229,-0.056220,0.662260,0.259815,-1.250536,-0.246866,1.285655,0.382911,0.052374,-0.397227
-0.015190,0.054315,0.754090,0.079499,0.066669,-0.679573,0.726234,-0.461626,-0.161522,0.033232,0.621598,-0.359494,0.135846,-0.670625,-0.042654,-0.062839,0.857054,-0.384194,-0.027810,0.160115,-0.043626,-0.170076,-0.143869,1.175259,0.351540,0.431086,-0.250202,-0.061920,0.660176,0.251313,-1.269423,-0.277694,1.253276,0.382108,0.047541,-0.417590
-0.011957,0.054820,0.752714,0.077774,0.070596,-0.678284,0.727254,-0.476599,-0.158270,0.034345,0.642734,-0.366512,0.140776,-0.675247,-0.039500,-0.062436,0.858949,-0.386803,-0.022584,0.140672,-0.029558,-0.172457,-0.110898,1.188288,0.360803,0.472448,-0.259067,-0.067708,0.657680,0.244071,-1.288099,-0.309672,1.220667,0.380819,0.042850,-0.437996
-0.008428,0.055018,0.751383,0.074374,0.075822,-0.677127,0.728161,-0.490659,-0.150188,0.035144,0.665151,-0.376434,0.144558,-0.677530,-0.032209,-0.063845,0.858654,-0.387464,-0.017841,0.117833,-0.000338,-0.172392,-0.056718,1.186431,0.388732,0.570685,-0.283117,-0.071598,0.654929,0.239429,-1.291186,-0.347270,1.153265,0.371122,0.035007,-0.458756
-0.004935,0.055093,0.750012,0.070473,0.081334,-0.676021,0.728982,-0.504714,-0.140790,0.035730,0.688892,-0.387495,0.149165,-0.679020,-0.023762,-0.065881,0.857585,-0.388015,-0.012837,0.093082,0.031248,-0.172236,0.003805,1.184881,0.422891,0.672264,-0.309016,-0.079472,0.647303,0.237282,-1.293824,-0.387660,1.079088,0.358695,0.030901,-0.481143
-0.001326,0.054939,0.748554,0.066447,0.086955,-0.674926,0.729725,-0.518925,-0.130999,0.036133,0.713284,-0.399109,0.153756,-0.680562,-0.014976,-0.068073,0.856612,-0.388776,-0.007868,0.067664,0.063552,-0.172384,0.067578,1.182717,0.459505,0.774219,-0.334778,-0.087470,0.636679,0.236334,-1.296124,-0.429185,1.002656,0.344611,0.028483,-0.503192
0.001440,0.053933,0.747281,0.061692,0.094207,-0.672006,0.731934,-0.533694,-0.119244,0.030199,0.738398,-0.410747,0.155211,-0.679361,-0.005563,-0.077504,0.852427,-0.389506,-0.005000,0.045189,0.085885,-0.171416,0.114057,1.175599,0.476969,0.812495,-0.350834,-0.098986,0.623705,0.222300,-1.302220,-0.476133,0.954174,0.338471,0.029740,-0.527370
0.004315,0.053047,0.745947,0.056568,0.101307,-0.669139,0.734023,-0.547863,-0.106272,0.026523,0.763487,-0.422871,0.157785,-0.677956,0.004304,-0.086553,0.848434,-0.389759,-0.001724,0.024533,0.108446,-0.170361,0.157716,1.165526,0.491421,0.844745,-0.363958,-0.104813,0.615082,0.208591,-1.309069,-0.523653,0.910782,0.332646,0.028540,-0.550199
0.007242,0.051984,0.744424,0.051236,0.108357,-0.666331,0.735959,-0.561931,-0.093003,0.022852,0.789047,-0.435371,0.160395,-0.676574,0.014483,-0.095499,0.844665,-0.390095,0.001573,0.004362,0.131414,-0.169669,0.200582,1.154272,0.505010,0.875809,-0.376284,-0.109045,0.607463,0.196170,-1.315965,-0.572374,0.868404,0.326302,0.026643,-0.572447
0.006918,0.051675,0.743108,0.047636,0.114024,-0.665252,0.736322,-0.576072,-0.079065,0.017586,0.811104,-0.446564,0.158572,-0.679505,0.025450,-0.106125,0.843687,-0.388378,-0.000416,-0.015056,0.145459,-0.165607,0.227178,1.145662,0.501178,0.925727,-0.385830,-0.103498,0.580785,0.190981,-1.310737,-0.600418,0.818619,0.315173,0.028105,-0.585971
0.006225,0.051402,0.741720,0.044251,0.119446,-0.664113,0.736701,-0.590255,-0.065287,0.012573,0.833096,-0.457721,0.155789,-0.683140,0.036062,-0.116600,0.843722,-0.386948,-0.002732,-0.033374,0.156915,-0.162918,0.246648,1.141607,0.490588,0.981488,-0.394705,-0.098180,0.551914,0.186267,-1.303130,-0.627743,0.769245,0.303205,0.030303,-0.599923
0.005516,0.051123,0.740259,0.040911,0.124782,-0.662951,0.737056,-0.604536,-0.051566,0.007460,0.855354,-0.468960,0.152864,-0.687228,0.046590,-0.127061,0.844403,-0.385738,-0.005191,-0.050717,0.167525,-0.160991,0.262477,1.138895,0.476530,1.039522,-0.402531,-0.093126,0.522452,0.183024,-1.294564,-0.656031,0.719952,0.290762,0.032752,-0.613637
0.003813,0.051412,0.739023,0.038760,0.128191,-0.661846,0.737581,-0.615802,-0.042247,0.001754,0.871523,-0.477393,0.149028,-0.692043,0.054273,-0.135026,0.847363,-0.385079,-0.009645,-0.049895,0.166990,-0.160645,0.249861,1.148227,0.481992,1.050803,-0.411194,-0.100536,0.523699,0.185313,-1.281859,-0.668416,0.695705,0.286853,0.037004,-0.623777
0.002144,0.051821,0.737822,0.036881,0.131129,-0.660856,0.738047,-0.626298,-0.033657,-0.003130,0.886532,-0.485156,0.145104,-0.697007,0.061223,-0.142044,0.850868,-0.384471,-0.012680,-0.048327,0.164308,-0.159835,0.236967,1.156726,0.486965,1.056972,-0.418418,-0.104731,0.530073,0.185782,-1.269323,-0.679189,0.675825,0.284164,0.038455,-0.633209
0.000391,0.052259,0.736620,0.035044,0.133941,-0.659860,0.738524,-0.636516,-0.025309,-0.007922,0.901270,-0.492773,0.141219,-0.701963,0.067924,-0.148925,0.854602,-0.383959,-0.015677,-0.046951,0.161371,-0.158915,0.224418,1.164730,0.492126,1.061831,-0.425277,-0.107928,0.537517,0.185131,-1.257110,-0.688860,0.657132,0.281607,0.039050,-0.642391
-0.002107,0.052200,0.735931,0.034511,0.135230,-0.657181,0.740699,-0.643070,-0.020859,-0.011289,0.909392,-0.496078,0.137614,-0.705234,0.070064,-0.155026,0.859146,-0.384834,-0.021335,-0.038407,0.153723,-0.160273,0.201491,1.173374,0.490508,1.046643,-0.426887,-0.110906,0.538893,0.185032,-1.245950,-0.684906,0.665373,0.288066,0.042763,-0.647168
-0.004529,0.052193,0.735359,0.034265,0.136120,-0.654426,0.742983,-0.648856,-0.017584,-0.014131,0.916232,-0.498866,0.133445,-0.708413,0.070961,-0.160513,0.864134,-0.386340,-0.025201,-0.029860,0.145253,-0.162106,0.176675,1.181551,0.486339,1.030297,-0.427699,-0.112189,0.541743,0.182759,-1.237554,-0.677990,0.679359,0.296297,0.043799,-0.651062
-0.006999,0.052131,0.734699,0.034073,0.136906,-0.651622,0.745308,-0.654472,-0.014667,-0.016873,0.922822,-0.501471,0.129390,-0.711622,0.071482,-0.165874,0.869374,-0.387955,-0.028960,-0.021606,0.136774,-0.163979,0.151193,1.189340,0.481234,1.013872,-0.428329,-0.113089,0.545122,0.179217,-1.230252,-0.669606,0.695400,0.304948,0.043774,-0.654595
-0.012264,0.051664,0.734601,0.037622,0.135355,-0.651263,0.745734,-0.656356,-0.013906,-0.016134,0.920224,-0.501372,0.122698,-0.717657,0.069937,-0.168348,0.875630,-0.390611,-0.036146,-0.008006,0.119026,-0.163658,0.116208,1.201828,0.478393,0.984550,-0.424126,-0.114766,0.547853,0.191138,-1.212671,-0.643442,0.745874,0.320817,0.046848,-0.644512
-0.017604,0.051254,0.734527,0.041673,0.133363,-0.650930,0.746168,-0.657605,-0.014330,-0.014678,0.916311,-0.500811,0.114851,-0.724190,0.067279,-0.169909,0.882982,-0.393628,-0.044518,0.006053,0.098724,-0.164084,0.079779,1.215606,0.473400,0.954276,-0.419090,-0.115015,0.551375,0.202863,-1.196079,-0.616150,0.802452,0.338063,0.046229,-0.631339
-0.023029,0.050762,0.734408,0.045879,0.131271,-0.650534,0.746638,-0.658895,-0.015188,-0.013054,0.912218,-0.500125,0.107104,-0.730986,0.064151,-0.171273,0.890814,-0.396908,-0.052819,0.019984,0.078012,-0.164775,0.042468,1.229542,0.467141,0.924007,-0.413902,-0.114821,0.555080,0.214672,-1.180058,-0.588639,0.860937,0.355152,0.044706,-0.616669
-0.026237,0.050701,0.734891,0.051264,0.127976,-0.649897,0.747414,-0.656310,-0.025329,-0.011868,0.900053,-0.494664,0.104394,-0.736774,0.055882,-0.166603,0.897392,-0.400230,-0.055602,0.045282,0.044741,-0.161347,-0.020773,1.238337,0.447786,0.871433,-0.407016,-0.118605,0.560316,0.225168,-1.159598,-0.519229,0.958304,0.380592,0.059249,-0.565202
-0.029370,0.050990,0.735278,0.056866,0.123764,-0.649214,0.748311,-0.652183,-0.037236,-0.009787,0.886426,-0.488169,0.101491,-0.742445,0.045812,-0.160880,0.905524,-0.404231,-0.059081,0.070102,0.009753,-0.158400,-0.089101,1.246329,0.421765,0.819217,-0.398498,-0.120273,0.569262,0.229953,-1.142908,-0.443307,1.067176,0.404286,0.071982,-0.507749
-0.032474,0.051407,0.735566,0.062451,0.119255,-0.648441,0.749268,-0.647744,-0.049664,-0.007575,0.872849,-0.481589,0.098756,-0.748248,0.035163,-0.154932,0.914538,-0.408599,-0.062439,0.094268,-0.025325,-0.155833,-0.159215,1.253395,0.393213,0.767959,-0.389211,-0.121338,0.579147,0.233699,-1.126775,-0.365950,1.180035,0.424174,0.084639,-0.447264
-0.033629,0.051736,0.735851,0.068559,0.114964,-0.647877,0.749892,-0.643331,-0.064482,-0.002328,0.857339,-0.472544,0.099067,-0.755370,0.023465,-0.143531,0.924486,-0.412352,-0.061182,0.116178,-0.047077,-0.150994,-0.224899,1.257609,0.364245,0.718823,-0.378201,-0.122267,0.592183,0.220108,-1.119615,-0.297850,1.256714,0.436777,0.088377,-0.398131
-0.034710,0.052170,0.736206,0.074483,0.110537,-0.647261,0.750525,-0.638581,-0.079326,0.002830,0.841871,-0.463641,0.099472,-0.762324,0.011907,-0.131854,0.934372,-0.416043,-0.060647,0.137158,-0.067612,-0.145557,-0.287546,1.259968,0.339197,0.669730,-0.366303,-0.123552,0.604853,0.208398,-1.111136,-0.231695,1.328614,0.446948,0.095408,-0.351541
-0.035794,0.052518,0.736417,0.080270,0.106034,-0.646626,0.751125,-0.633643,-0.094029,0.007877,0.826709,-0.454988,0.099853,-0.769276,0.000495,-0.120208,0.944485,-0.419902,-0.060169,0.157860,-0.087884,-0.140388,-0.347908,1.261532,0.316377,0.620103,-0.353751,-0.124638,0.617016,0.198705,-1.101720,-0.166901,1.399019,0.455405,0.103859,-0.304899
-0.036080,0.053637,0.736579,0.085335,0.101360,-0.648000,0.750027,-0.628559,-0.107978,0.012585,0.812754,-0.446670,0.102373,-0.775684,-0.008997,-0.107573,0.952978,-0.422433,-0.057416,0.170008,-0.100883,-0.138154,-0.386067,1.257434,0.298824,0.596176,-0.344181,-0.124000,0.629772,0.188162,-1.098937,-0.131084,1.447762,0.462101,0.103328,-0.281471
-0.036229,0.054592,0.736654,0.090175,0.097015,-0.649373,0.748846,-0.623645,-0.121313,0.017068,0.799146,-0.438991,0.104147,-0.782019,-0.017771,-0.095092,0.960842,-0.424775,-0.055449,0.182055,-0.111370,-0.136185,-0.418231,1.251758,0.287796,0.572401,-0.335326,-0.125650,0.640572,0.183570,-1.096179,-0.100849,1.489304,0.467459,0.104847,-0.261317
-0.036201,0.055434,0.736787,0.094872,0.092795,-0.650774,0.747584,-0.618803,-0.134298,0.021443,0.785911,-0.431664,0.105992,-0.788385,-0.026158,-0.082691,0.968575,-0.427111,-0.053424,0.194267,-0.120957,-0.134588,-0.446955,1.245204,0.280285,0.547648,-0.326391,-0.127712,0.650692,0.181852,-1.093428,-0.073131,1.527975,0.472106,0.107513,-0.241845
-0.034580,0.056211,0.736830,0.097445,0.090829,-0.652611,0.745891,-0.616980,-0.142165,0.025869,0.778400,-0.426103,0.108540,-0.792507,-0.030355,-0.072614,0.971300,-0.427564,-0.050553,0.196153,-0.118296,-0.135937,-0.459198,1.244510,0.277651,0.544259,-0.323070,-0.127790,0.661118,0.171840,-1.099743,-0.062571,1.522468,0.464723,0.100567,-0.237523
-0.032758,0.056899,0.736978,0.099594,0.089574,-0.654523,0.744082,-0.616072,-0.148580,0.029484,0.772239,-0.421208,0.111573,-0.796325,-0.033127,-0.063588,0.972581,-0.427348,-0.047067,0.196784,-0.112704,-0.137676,-0.465234,1.244329,0.282029,0.541955,-0.321497,-0.130263,0.669445,0.165383,-1.106288,-0.055619,1.508661,0.455562,0.096966,-0.237521
-0.030849,0.057453,0.737135,0.101625,0.088571,-0.656490,0.742192,-0.615417,-0.154511,0.032972,0.766430,-0.416605,0.114644,-0.800096,-0.035397,-0.054779,0.973420,-0.426942,-0.043547,0.197147,-0.105929,-0.139671,-0.467571,1.243688,0.290171,0.538866,-0.320250,-0.133412,0.677003,0.160452,-1.113321,-0.049943,1.492002,0.446065,0.094770,-0.238630
-0.028071,0.058030,0.737293,0.101984,0.088393,-0.658749,0.740159,-0.614268,-0.157201,0.037121,0.762745,-0.413769,0.119528,-0.801063,-0.034776,-0.046553,0.971419,-0.425317,-0.038801,0.188416,-0.095979,-0.142058,-0.443444,1.248699,0.296527,0.552153,-0.319101,-0.135277,0.680929,0.160176,-1.122180,-0.055895,1.455254,0.431519,0.089088,-0.250719
-0.025164,0.058310,0.737587,0.102165,0.088558,-0.661013,0.738093,-0.613043,-0.159321,0.040786,0.759187,-0.411519,0.123534,-0.801592,-0.033673,-0.038896,0.968743,-0.423442,-0.034398,0.178645,-0.084308,-0.145237,-0.412735,1.253549,0.308951,0.565146,-0.319213,-0.138949,0.683278,0.163572,-1.131565,-0.064276,1.413190,0.415822,0.085432,-0.264882
-0.022082,0.058531,0.737802,0.102303,0.088883,-0.663289,0.735991,-0.611920,-0.161259,0.044368,0.755730,-0.409414,0.127623,-0.802055,-0.032389,-0.031350,0.965804,-0.421517,-0.029914,0.168563,-0.071660,-0.148605,-0.378174,1.257541,0.325113,0.577114,-0.319518,-0.143019,0.685128,0.168418,-1.141862,-0.073606,1.369433,0.399656,0.082907,-0.279070
-0.018826,0.058697,0.738081,0.099855,0.090590,-0.664759,0.734791,-0.611729,-0.158307,0.046294,0.758311,-0.410072,0.133811,-0.798312,-0.026339,-0.025847,0.959322,-0.418910,-0.022882,0.152955,-0.061782,-0.151834,-0.322985,1.256808,0.352043,0.605158,-0.324283,-0.147120,0.689003,0.173855,-1.152901,-0.106859,1.303237,0.392806,0.073867,-0.302546
-0.015395,0.058817,0.738284,0.097054,0.092590,-0.666325,0.733498,-0.611514,-0.154621,0.047420,0.761595,-0.411635,0.138390,-0.793989,-0.019693,-0.021075,0.952353,-0.415942,-0.017370,0.137159,-0.049394,-0.154631,-0.260702,1.253728,0.386454,0.631404,-0.329836,-0.152622,0.691665,0.184692,-1.164416,-0.145014,1.231357,0.384500,0.066511,-0.327632
-0.011840,0.058771,0.738478,0.094134,0.094740,-0.667926,0.732146,-0.611321,-0.150656,0.048479,0.765101,-0.413482,0.143102,-0.789408,-0.012818,-0.016388,0.945054,-0.412955,-0.011746,0.121118,-0.035676,-0.157448,-0.194371,1.248276,0.424909,0.655918,-0.335370,-0.158281,0.693889,0.198102,-1.176278,-0.185403,1.157157,0.374550,0.060365,-0.352600
-0.007237,0.058501,0.738566,0.089165,0.098440,-0.667936,0.732271,-0.611980,-0.142414,0.050865,0.772702,-0.418014,0.149555,-0.781533,-0.007160,-0.019034,0.935486,-0.410175,-0.005148,0.096690,-0.006359,-0.160213,-0.118811,1.226579,0.448769,0.685119,-0.343662,-0.158756,0.683253,0.194630,-1.193861,-0.243585,1.059586,0.363694,0.049808,-0.391404
-0.002547,0.058239,0.738577,0.083586,0.102386,-0.667928,0.732395,-0.612715,-0.133623,0.051830,0.781734,-0.423453,0.155857,-0.772874,-0.000687,-0.022454,0.925309,-0.407283,0.001727,0.071649,0.025881,-0.162458,-0.042388,1.201529,0.474060,0.713679,-0.351771,-0.159295,0.671804,0.194758,-1.211071,-0.305703,0.957649,0.348583,0.042612,-0.431232
0.002286,0.057841,0.738512,0.077846,0.106416,-0.667936,0.732446,-0.613481,-0.124469,0.052690,0.791276,-0.429364,0.162192,-0.764118,0.006113,-0.026013,0.915071,-0.404497,0.008574,0.046226,0.058857,-0.164646,0.033565,1.174241,0.498929,0.741316,-0.359531,-0.159713,0.660111,0.197619,-1.226618,-0.370677,0.853288,0.329517,0.037612,-0.469896
0.004495,0.056999,0.738762,0.071775,0.111193,-0.667091,0.733127,-0.615422,-0.112433,0.045719,0.802621,-0.436146,0.161775,-0.752546,0.014990,-0.037381,0.900115,-0.402266,0.007890,0.019341,0.084879,-0.164643,0.092877,1.149554,0.502805,0.758704,-0.365462,-0.158103,0.638460,0.194350,-1.228844,-0.427980,0.767800,0.313279,0.039815,-0.492963
0.006578,0.056256,0.738987,0.065355,0.115730,-0.666197,0.733837,-0.617000,-0.098828,0.040769,0.814703,-0.443040,0.161426,-0.740948,0.025027,-0.047777,0.885791,-0.399021,0.008553,-0.005895,0.109124,-0.164930,0.143914,1.127387,0.498412,0.778314,-0.370505,-0.154954,0.617818,0.190107,-1.229021,-0.483831,0.686656,0.296411,0.041073,-0.513484
0.008515,0.055536,0.739112,0.058806,0.120132,-0.665363,0.734440,-0.618527,-0.084979,0.035983,0.827341,-0.450237,0.160983,-0.729584,0.035365,-0.058014,0.871934,-0.395877,0.009074,-0.029699,0.132802,-0.165742,0.190594,1.105935,0.489661,0.799632,-0.375001,-0.151626,0.597686,0.186912,-1.227964,-0.540151,0.606647,0.278548,0.042216,-0.532554
0.009786,0.055069,0.739617,0.053239,0.123604,-0.664592,0.734986,-0.618328,-0.074545,0.028872,0.835018,-0.453067,0.164303,-0.719627,0.044595,-0.066797,0.859555,-0.388686,0.010263,-0.038941,0.148842,-0.164182,0.222534,1.085276,0.478312,0.812116,-0.372783,-0.150467,0.584490,0.184661,-1.226192,-0.583157,0.560834,0.266685,0.049190,-0.545509
0.011146,0.054711,0.740140,0.047785,0.126691,-0.663906,0.735456,-0.617625,-0.064124,0.023422,0.841960,-0.455977,0.164001,-0.709728,0.053593,-0.074327,0.847469,-0.381294,0.010455,-0.047119,0.163969,-0.162898,0.250595,1.064774,0.462804,0.825028,-0.369159,-0.148460,0.573300,0.179503,-1.226688,-0.623213,0.521896,0.256271,0.053095,-0.556785
0.012531,0.054431,0.740615,0.042263,0.129690,-0.663227,0.735884,-0.616885,-0.053711,0.018095,0.849077,-0.458932,0.163765,-0.699806,0.062641,-0.081678,0.835578,-0.373916,0.010701,-0.055098,0.179215,-0.161752,0.277406,1.044202,0.445847,0.838484,-0.365156,-0.146364,0.562702,0.173384,-1.228120,-0.662179,0.485273,0.246144,0.055911,-0.567411
0.013779,0.053921,0.741614,0.038118,0.132640,-0.662701,0.736058,-0.613722,-0.044309,0.014823,0.847738,-0.461032,0.165187,-0.689840,0.071538,-0.085022,0.819795,-0.365979,0.011848,-0.050584,0.186343,-0.161913,0.267786,1.031717,0.417880,0.848565,-0.363271,-0.144845,0.556814,0.155343,-1.209793,-0.637031,0.390260,0.223957,0.058706,-0.565344
0.014655,0.053514,0.742723,0.034135,0.135182,-0.662233,0.736212,-0.609945,-0.034815,0.012237,0.845308,-0.462392,0.164642,-0.679780,0.080317,-0.088012,0.803783,-0.357415,0.011651,-0.049115,0.190867,-0.162215,0.258493,1.022196,0.390459,0.862846,-0.361406,-0.143557,0.552166,0.129016,-1.186566,-0.602035,0.291696,0.197025,0.067505,-0.565986
0.015487,0.053259,0.743826,0.030186,0.137552,-0.661709,0.736417,-0.606002,-0.025504,0.009667,0.842778,-0.463597,0.163949,-0.669718,0.088893,-0.090952,0.788024,-0.348941,0.011279,-0.049955,0.194721,-0.162139,0.251681,1.013173,0.365710,0.878062,-0.359738,-0.142702,0.547267,0.099307,-1.162034,-0.562896,0.193364,0.168618,0.078212,-0.565373
0.013820,0.053200,0.745161,0.028227,0.136784,-0.661041,0.737237,-0.599153,-0.020651,0.008363,0.836782,-0.460361,0.161387,-0.659370,0.092752,-0.093316,0.775931,-0.344440,0.010181,-0.052928,0.190794,-0.163062,0.250624,1.015663,0.358069,0.862869,-0.350945,-0.144502,0.541567,0.092657,-1.162734,-0.566447,0.238618,0.174659,0.091280,-0.577927
0.012619,0.053224,0.746514,0.026392,0.135734,-0.660158,0.738289,-0.591567,-0.017147,0.007766,0.829710,-0.457128,0.158981,-0.649819,0.095467,-0.094713,0.765971,-0.339507,0.007765,-0.052352,0.187043,-0.164300,0.246679,1.016901,0.346705,0.843657,-0.341302,-0.143423,0.536647,0.088885,-1.172397,-0.573477,0.300817,0.189839,0.089813,-0.586326
0.011568,0.053275,0.747739,0.024572,0.134708,-0.659287,0.739317,-0.584093,-0.013827,0.007357,0.822731,-0.453936,0.156840,-0.640461,0.098015,-0.095945,0.756287,-0.334687,0.005608,-0.050461,0.183899,-0.165849,0.240908,1.017638,0.333221,0.824153,-0.331500,-0.141610,0.532179,0.086404,-1.184638,-0.581459,0.367209,0.206858,0.084659,-0.592790
0.008477,0.053510,0.749459,0.024967,0.129652,-0.661294,0.738416,-0.569264,-0.015550,0.008678,0.808387,-0.447147,0.152731,-0.631159,0.096489,-0.095028,0.751081,-0.331517,0.002094,-0.033673,0.172488,-0.170709,0.222045,1.012304,0.339329,0.798521,-0.331863,-0.143490,0.542108,0.095993,-1.192649,-0.569299,0.405609,0.215121,0.077502,-0.596045
0.005226,0.053618,0.751139,0.025598,0.124219,-0.663263,0.737561,-0.553503,-0.018050,0.010424,0.792746,-0.439753,0.148345,-0.621849,0.094088,-0.094002,0.746632,-0.328202,-0.003221,-0.017653,0.159612,-0.175382,0.204671,1.006811,0.346659,0.771622,-0.331847,-0.145146,0.553033,0.106545,-1.198383,-0.557589,0.440423,0.221978,0.072531,-0.600104
0.001945,0.053730,0.752884,0.026269,0.118698,-0.665175,0.736724,-0.537587,-0.020779,0.012142,0.776915,-0.432274,0.143935,-0.612559,0.091468,-0.092983,0.742419,-0.325066,-0.008569,-0.002030,0.146277,-0.180049,0.187810,1.001206,0.354541,0.744200,-0.331478,-0.146623,0.564115,0.117565,-1.203538,-0.546103,0.474217,0.228548,0.068221,-0.604160
-0.000843,0.052726,0.755089,0.028456,0.111661,-0.665847,0.737137,-0.514727,-0.030134,0.014639,0.750532,-0.420643,0.140029,-0.600646,0.083902,-0.087328,0.739416,-0.325928,-0.010119,0.023171,0.122391,-0.184607,0.160364,1.004256,0.352172,0.682566,-0.322043,-0.149297,0.573673,0.128552,-1.206450,-0.522442,0.553615,0.253198,0.068728,-0.595404
-0.003560,0.051730,0.757158,0.030839,0.103898,-0.666457,0.737624,-0.490456,-0.040931,0.017776,0.722866,-0.408563,0.137277,-0.588603,0.074776,-0.081145,0.737820,-0.327420,-0.012169,0.048348,0.096751,-0.189320,0.131952,1.006686,0.348006,0.618471,-0.310879,-0.148827,0.584975,0.137428,-1.211791,-0.496193,0.640205,0.279408,0.065591,-0.582983
-0.006327,0.050779,0.759210,0.033196,0.095976,-0.667008,0.738097,-0.466050,-0.051984,0.020825,0.695420,-0.396646,0.134665,-0.576793,0.065325,-0.074947,0.737013,-0.329335,-0.014108,0.072859,0.070970,-0.194396,0.103648,1.008358,0.343635,0.553879,-0.298735,-0.147362,0.596354,0.145220,-1.217740,-0.468504,0.728501,0.304902,0.062069,-0.568066
-0.007611,0.049703,0.761758,0.034029,0.088946,-0.666010,0.739839,-0.436840,-0.063486,0.019856,0.659818,-0.381709,0.133874,-0.559685,0.057137,-0.067652,0.729587,-0.328085,-0.015784,0.096405,0.046585,-0.194750,0.061117,1.011182,0.316206,0.484855,-0.281221,-0.142478,0.598650,0.155978,-1.202569,-0.396968,0.820771,0.322861,0.064942,-0.528266
-0.009073,0.048615,0.764286,0.034435,0.081415,-0.665003,0.741591,-0.405897,-0.074628,0.018599,0.623606,-0.366638,0.132842,-0.541038,0.048716,-0.061268,0.721610,-0.326455,-0.015699,0.117849,0.021330,-0.195041,0.018177,1.015482,0.287908,0.418352,-0.263300,-0.136642,0.600780,0.161572,-1.185236,-0.319505,0.915717,0.337055,0.068325,-0.487491
-0.010619,0.047571,0.766842,0.034693,0.073702,-0.663953,0.743324,-0.374623,-0.085576,0.017112,0.587784,-0.351831,0.131761,-0.522233,0.040330,-0.055088,0.714041,-0.325020,-0.015724,0.137378,-0.004131,-0.195365,-0.023414,1.020206,0.261036,0.352864,-0.245422,-0.130698,0.601884,0.165687,-1.166120,-0.240458,1.011237,0.348141,0.072407,-0.445943
-0.011454,0.046085,0.769195,0.035698,0.066519,-0.663665,0.744211,-0.342406,-0.098882,0.012425,0.547034,-0.333137,0.131581,-0.505033,0.030703,-0.048532,0.706822,-0.324453,-0.015733,0.154520,-0.011702,-0.199622,-0.058963,1.018169,0.246667,0.320092,-0.237270,-0.123206,0.605442,0.165370,-1.161372,-0.196202,1.091834,0.362122,0.071583,-0.419981
-0.012026,0.044706,0.771414,0.036484,0.059599,-0.663304,0.745081,-0.310553,-0.111508,0.007292,0.507275,-0.315018,0.131725,-0.487863,0.021427,-0.042413,0.699293,-0.323544,-0.014657,0.172679,-0.017505,-0.204133,-0.096302,1.014582,0.231782,0.289952,-0.229882,-0.118350,0.607279,0.171481,-1.157383,-0.158579,1.167903,0.374553,0.073187,-0.393718
-0.012641,0.043220,0.773669,0.037168,0.052811,-0.662955,0.745869,-0.278992,-0.123546,0.002000,0.468577,-0.297611,0.131919,-0.470863,0.012519,-0.036438,0.691895,-0.322711,-0.013573,0.191687,-0.023222,-0.209282,-0.134994,1.010480,0.215844,0.260550,-0.222462,-0.113937,0.608783,0.181562,-1.153168,-0.124865,1.242229,0.385401,0.075899,-0.366689
-0.012016,0.042553,0.775487,0.035812,0.048445,-0.663479,0.745766,-0.253213,-0.129386,-0.002481,0.437485,-0.282025,0.133261,-0.453828,0.008194,-0.033863,0.679250,-0.319366,-0.012692,0.201759,-0.024159,-0.210740,-0.164392,1.010008,0.209065,0.256382,-0.220634,-0.109872,0.612134,0.179036,-1.147099,-0.101813,1.273760,0.393060,0.072565,-0.353521
-0.011462,0.041860,0.777245,0.034240,0.044421,-0.663991,0.745634,-0.228233,-0.134148,-0.007248,0.407848,-0.267263,0.134361,-0.436513,0.004739,-0.031891,0.665581,-0.315442,-0.011345,0.210441,-0.024281,-0.212192,-0.191800,1.010286,0.205337,0.253391,-0.219825,-0.107693,0.614287,0.177337,-1.139917,-0.079567,1.300649,0.399941,0.072100,-0.343007
-0.010907,0.041153,0.779102,0.032623,0.040501,-0.664490,0.745485,-0.203554,-0.138582,-0.012059,0.378853,-0.252893,0.135457,-0.419174,0.001517,-0.030061,0.651718,-0.311438,-0.010048,0.218753,-0.024229,-0.213818,-0.218444,1.010552,0.202541,0.250389,-0.219158,-0.105840,0.616201,0.176148,-1.132555,-0.057660,1.326616,0.406617,0.072372,-0.332852
-0.010400,0.040778,0.780560,0.031239,0.038711,-0.665880,0.744398,-0.183454,-0.139475,-0.016513,0.350555,-0.240228,0.135328,-0.405768,0.002384,-0.027054,0.635622,-0.306017,-0.009598,0.217804,-0.019644,-0.215650,-0.234527,1.005219,0.206306,0.264304,-0.222788,-0.105777,0.621826,0.168697,-1.130068,-0.052026,1.317303,0.409316,0.067290,-0.327546
-0.009818,0.040257,0.782049,0.029924,0.037361,-0.667233,0.743310,-0.164562,-0.139920,-0.021015,0.323299,-0.228013,0.135748,-0.392781,0.003640,-0.024259,0.618841,-0.300229,-0.008899,0.216456,-0.014017,-0.218020,-0.248514,0.999439,0.212465,0.278193,-0.226872,-0.106998,0.626772,0.164317,-1.127609,-0.049427,1.303335,0.411078,0.064366,-0.323954
-0.009208,0.039708,0.783566,0.028638,0.036146,-0.668566,0.742222,-0.146128,-0.140222,-0.025436,0.296606,-0.216126,0.136174,-0.379886,0.004987,-0.021493,0.601801,-0.294325,-0.008187,0.215221,-0.008189,-0.220611,-0.261952,0.993468,0.219111,0.291869,-0.231048,-0.108409,0.631510,0.161351,-1.125032,-0.048125,1.288011,0.412591,0.062026,-0.320804
-0.008476,0.039660,0.785092,0.025738,0.036196,-0.669269,0.741692,-0.127995,-0.135500,-0.028943,0.269900,-0.204166,0.136157,-0.363413,0.009862,-0.021022,0.577361,-0.284027,-0.007674,0.205647,0.001735,-0.225086,-0.239105,0.997491,0.227806,0.325690,-0.235590,-0.109190,0.631892,0.149649,-1.120740,-0.077927,1.263035,0.424266,0.054078,-0.331722
-0.007707,0.039448,0.786726,0.022618,0.036511,-0.669910,0.741199,-0.109866,-0.130098,-0.032622,0.243537,-0.192633,0.136053,-0.345946,0.015386,-0.020867,0.551181,-0.273421,-0.007269,0.195123,0.012914,-0.229839,-0.212434,1.001620,0.239945,0.359134,-0.241196,-0.111685,0.630750,0.139930,-1.115781,-0.109027,1.234123,0.435286,0.046824,-0.344705
-0.007015,0.039109,0.788406,0.019469,0.036851,-0.670513,0.740726,-0.091880,-0.124671,-0.036231,0.217559,-0.181353,0.135957,-0.328164,0.020922,-0.020713,0.524515,-0.262661,-0.006897,0.184372,0.024449,-0.234651,-0.184401,1.005488,0.253157,0.392200,-0.246902,-0.114396,0.629135,0.130662,-1.110389,-0.140472,1.203880,0.445740,0.039854,-0.358417
-0.004703,0.038200,0.789642,0.016561,0.039622,-0.671844,0.739446,-0.077080,-0.117185,-0.035595,0.191719,-0.171835,0.137799,-0.312409,0.028713,-0.018196,0.494257,-0.249768,-0.004859,0.170774,0.035651,-0.236018,-0.154450,1.010216,0.270760,0.434939,-0.258506,-0.118001,0.630370,0.118529,-1.113047,-0.171232,1.167986,0.451707,0.033835,-0.375774
-0.002379,0.037301,0.790915,0.013740,0.042547,-0.673243,0.738068,-0.063007,-0.109676,-0.034733,0.166518,-0.162704,0.139569,-0.296778,0.036585,-0.015521,0.463407,-0.236750,-0.002773,0.156619,0.047418,-0.237753,-0.123272,1.015219,0.289668,0.478858,-0.270864,-0.122481,0.630730,0.104876,-1.115898,-0.200781,1.131818,0.456780,0.028276,-0.393552
-0.000154,0.036380,0.792208,0.011030,0.045452,-0.674598,0.736702,-0.049231,-0.102450,-0.033778,0.141672,-0.153761,0.141287,-0.281140,0.044206,-0.012716,0.432457,-0.223728,-0.000705,0.142033,0.059139,-0.239695,-0.091129,1.020434,0.309337,0.523186,-0.283393,-0.127136,0.630403,0.090432,-1.118521,-0.229555,1.095518,0.461235,0.022753,-0.411590
0.002508,0.036059,0.793637,0.007995,0.047313,-0.674546,0.736672,-0.043522,-0.097473,-0.032536,0.134697,-0.143737,0.143158,-0.260874,0.048453,-0.012605,0.395907,-0.207184,0.002126,0.119126,0.078425,-0.237738,-0.053059,1.014791,0.313916,0.585630,-0.301946,-0.127304,0.619442,0.071825,-1.113325,-0.249894,1.025713,0.452750,0.014474,-0.429283
0.005009,0.035773,0.795055,0.004821,0.049279,-0.674245,0.736846,-0.038755,-0.092184,-0.031889,0.129931,-0.134935,0.144910,-0.239957,0.052915,-0.013251,0.358440,-0.190477,0.004787,0.094667,0.098257,-0.236212,-0.014692,1.010211,0.318935,0.650961,-0.321038,-0.128556,0.606158,0.054442,-1.106252,-0.270515,0.950146,0.441108,0.009855,-0.449814
0.007451,0.035359,0.796439,0.001705,0.051231,-0.673894,0.737048,-0.034176,-0.086971,-0.031310,0.125582,-0.126405,0.146637,-0.219105,0.057323,-0.014014,0.321181,-0.173973,0.007347,0.069958,0.117809,-0.235089,0.023846,1.006174,0.323923,0.717181,-0.339808,-0.129887,0.591354,0.037797,-1.098103,-0.291213,0.872337,0.427635,0.007104,-0.470716
0.008293,0.034651,0.797679,-0.000381,0.052627,-0.673450,0.737357,-0.031864,-0.082039,-0.032182,0.124903,-0.119845,0.144054,-0.195880,0.061734,-0.014222,0.278281,-0.153856,0.007955,0.051440,0.125632,-0.236031,0.049104,0.997470,0.341662,0.784965,-0.365091,-0.132707,0.582734,0.027887,-1.097414,-0.319225,0.813626,0.418690,0.007575,-0.490666
0.009179,0.034113,0.798905,-0.002444,0.054059,-0.673118,0.737553,-0.030078,-0.077041,-0.031794,0.124919,-0.113366,0.142358,-0.172712,0.066113,-0.014312,0.235007,-0.133865,0.008181,0.034850,0.133436,-0.237036,0.071810,0.989240,0.356512,0.853466,-0.390230,-0.134780,0.573187,0.018849,-1.097906,-0.348857,0.757754,0.410086,0.006564,-0.507886
0.010071,0.033499,0.800213,-0.004528,0.055517,-0.672839,0.737689,-0.028353,-0.071952,-0.031239,0.125088,-0.106991,0.140702,-0.149839,0.070542,-0.014343,0.192228,-0.114123,0.008343,0.019239,0.141329,-0.238345,0.093363,0.981851,0.369547,0.923079,-0.415158,-0.136145,0.562361,0.010558,-1.098565,-0.379132,0.702459,0.400939,0.005173,-0.524019
0.009867,0.033010,0.801917,-0.007812,0.055975,-0.671375,0.738960,-0.023929,-0.065154,-0.033346,0.125618,-0.098961,0.139401,-0.137407,0.076459,-0.017521,0.178173,-0.093487,0.005516,0.008479,0.146350,-0.238167,0.099464,0.980295,0.373964,0.934460,-0.425634,-0.146036,0.554244,0.003599,-1.099425,-0.405149,0.653383,0.392966,0.005342,-0.539257
0.009705,0.032764,0.803432,-0.010760,0.056334,-0.669957,0.740181,-0.019887,-0.058985,-0.034422,0.125842,-0.090896,0.136122,-0.128633,0.081652,-0.020366,0.170633,-0.075827,0.001745,-0.000210,0.150062,-0.237880,0.105573,0.975924,0.377843,0.937242,-0.432677,-0.151085,0.551848,-0.001828,-1.100212,-0.433729,0.605740,0.384870,0.004884,-0.553676
0.009583,0.032459,0.805008,-0.013505,0.056770,-0.668574,0.741352,-0.016279,-0.053103,-0.035335,0.126052,-0.082753,0.132992,-0.121293,0.086592,-0.023065,0.165094,-0.059126,-0.001917,-0.008030,0.153565,-0.238048,0.111870,0.970378,0.381544,0.936962,-0.438593,-0.154079,0.551563,-0.006175,-1.100855,-0.463368,0.557908,0.376227,0.004317,-0.567372
0.009784,0.032265,0.806387,-0.016122,0.056822,-0.668031,0.741786,-0.012214,-0.048541,-0.036569,0.126235,-0.075853,0.131358,-0.115460,0.090650,-0.025297,0.162224,-0.045145,-0.005432,-0.007059,0.148511,-0.238477,0.098667,0.971464,0.386494,0.896723,-0.438826,-0.162506,0.559303,-0.006972,-1.105009,-0.472386,0.495203,0.358643,0.005328,-0.572986
0.009991,0.032170,0.807754,-0.018636,0.056831,-0.667622,0.742095,-0.008309,-0.044076,-0.036907,0.126359,-0.068819,0.128492,-0.110534,0.094568,-0.027130,0.160684,-0.031623,-0.009102,-0.005313,0.142722,-0.238710,0.086254,0.970489,0.391415,0.849988,-0.436027,-0.167057,0.572022,-0.007664,-1.108224,-0.481579,0.431790,0.339501,0.008154,-0.578338
0.010240,0.032084,0.809114,-0.021105,0.056880,-0.667234,0.742373,-0.004529,-0.039686,-0.037155,0.126467,-0.061754,0.125724,-0.105967,0.098435,-0.028874,0.159573,-0.018294,-0.012713,-0.003373,0.136901,-0.238987,0.074538,0.968347,0.396418,0.800432,-0.431617,-0.169785,0.586438,-0.007867,-1.111406,-0.490688,0.368065,0.319889,0.011834,-0.582764
0.009460,0.032127,0.810344,-0.022221,0.055240,-0.668467,0.741355,-0.000214,-0.038376,-0.034643,0.126795,-0.052811,0.123584,-0.101653,0.099631,-0.028404,0.158406,-0.008564,-0.016084,0.005601,0.130369,-0.240636,0.058392,0.979858,0.400036,0.707462,-0.413324,-0.176711,0.602558,-0.018297,-1.125401,-0.497409,0.282553,0.294001,0.014007,-0.583224
0.008653,0.032321,0.811538,-0.023333,0.053633,-0.669801,0.740234,0.004167,-0.036845,-0.030685,0.126793,-0.044174,0.119427,-0.097951,0.100952,-0.027449,0.158048,0.000933,-0.020012,0.014895,0.123862,-0.241520,0.045070,0.988442,0.405286,0.606966,-0.389825,-0.178389,0.621062,-0.028334,-1.138533,-0.504149,0.194927,0.266327,0.019180,-0.582172
0.007976,0.032389,0.812725,-0.024424,0.052066,-0.671163,0.739076,0.008542,-0.035333,-0.026658,0.126757,-0.035578,0.115359,-0.094390,0.102262,-0.026405,0.157902,0.010276,-0.023901,0.024019,0.117550,-0.242230,0.033896,0.995328,0.411067,0.503317,-0.363135,-0.176687,0.639073,-0.037498,-1.151521,-0.510351,0.106786,0.238201,0.025738,-0.578898
0.007718,0.032666,0.813397,-0.024912,0.049366,-0.672724,0.737824,0.013861,-0.037626,-0.021822,0.126275,-0.028856,0.116025,-0.089734,0.099557,-0.027113,0.157021,0.012830,-0.023302,0.037814,0.109466,-0.245533,-0.001250,1.008142,0.389979,0.316128,-0.313918,-0.177780,0.649332,-0.067326,-1.177223,-0.504172,0.009205,0.205084,0.033545,-0.574462
0.007654,0.032989,0.814031,-0.025494,0.046503,-0.674440,0.736422,0.019524,-0.040142,-0.016122,0.125939,-0.021970,0.114422,-0.085308,0.096704,-0.027402,0.157363,0.015126,-0.024072,0.053756,0.102134,-0.247542,-0.032907,1.014905,0.365506,0.117923,-0.254885,-0.164443,0.657868,-0.097570,-1.203280,-0.497375,-0.085304,0.170165,0.043348,-0.567285
0.007588,0.033239,0.814634,-0.026026,0.043710,-0.676225,0.734937,0.025317,-0.042570,-0.010275,0.125531,-0.015317,0.112805,-0.080968,0.093988,-0.027524,0.157992,0.017061,-0.024903,0.070151,0.095434,-0.249158,-0.058336,1.019342,0.340115,-0.080812,-0.192759,-0.143532,0.656673,-0.124766,-1.227201,-0.490760,-0.177664,0.135313,0.053364,-0.556372
0.006485,0.032652,0.814792,-0.024396,0.040163,-0.680390,0.731342,0.030901,-0.047959,-0.001025,0.123996,-0.010393,0.111583,-0.078075,0.088544,-0.027589,0.157229,0.011930,-0.026481,0.106164,0.077564,-0.253644,-0.108889,1.028666,0.300449,-0.228956,-0.162930,-0.113134,0.631240,-0.186778,-1.252334,-0.456842,-0.256815,0.121985,0.060152,-0.528636
0.005193,0.032426,0.814911,-0.022597,0.036453,-0.684681,0.727580,0.035889,-0.053433,0.008767,0.122825,-0.005174,0.109435,-0.076450,0.083156,-0.027120,0.158072,0.006533,-0.028514,0.141675,0.058347,-0.257927,-0.162839,1.036037,0.253668,-0.354484,-0.139759,-0.088358,0.594828,-0.255702,-1.268576,-0.409213,-0.322592,0.109802,0.063789,-0.497923
0.003600,0.032252,0.814919,-0.020653,0.032703,-0.688943,0.723782,0.040645,-0.058910,0.018453,0.121822,0.000035,0.107010,-0.075219,0.077826,-0.026727,0.159569,0.000763,-0.030881,0.175813,0.037802,-0.262298,-0.210307,1.033464,0.205143,-0.464074,-0.118200,-0.067161,0.549447,-0.321451,-1.267845,-0.354433,-0.378725,0.096313,0.064015,-0.464225
0.002015,0.031531,0.813938,-0.015941,0.027550,-0.693348,0.719900,0.043955,-0.072171,0.024893,0.120239,0.002457,0.104017,-0.077604,0.065973,-0.018885,0.162007,-0.015786,-0.023614,0.212481,0.011754,-0.267343,-0.276596,1.027743,0.143603,-0.511934,-0.107702,-0.045754,0.505396,-0.397829,-1.241808,-0.276587,-0.419870,0.086934,0.064566,-0.425732
0.000261,0.031030,0.812908,-0.010980,0.022287,-0.697659,0.715999,0.046751,-0.085706,0.031334,0.118918,0.004932,0.102408,-0.081234,0.053933,-0.011270,0.166519,-0.033111,-0.016469,0.244617,-0.016031,-0.274073,-0.342306,1.002283,0.072628,-0.535017,-0.097825,-0.030536,0.454715,-0.472886,-1.184209,-0.186704,-0.447836,0.072733,0.063396,-0.383151
-0.001557,0.030454,0.811815,-0.005876,0.017104,-0.701904,0.712042,0.049311,-0.099399,0.037691,0.117739,0.007286,0.100864,-0.085323,0.041802,-0.003674,0.171860,-0.050996,-0.009358,0.271246,-0.043026,-0.283675,-0.399528,0.953200,-0.002395,-0.540947,-0.085954,-0.017737,0.397119,-0.543450,-1.092382,-0.088619,-0.462262,0.053258,0.060271,-0.336013
-0.001739,0.030134,0.811137,-0.004282,0.014066,-0.702547,0.711486,0.052856,-0.107001,0.037043,0.116177,0.007515,0.101434,-0.117790,0.034533,-0.002497,0.239627,-0.064100,-0.008876,0.286131,-0.053750,-0.291083,-0.431530,0.863335,-0.055156,-0.502342,-0.066687,-0.007490,0.346867,-0.581049,-0.967526,0.021521,-0.423656,0.044930,0.060955,-0.267324
-0.001504,0.029888,0.810134,-0.001623,0.011326,-0.703105,0.710994,0.054072,-0.116599,0.036413,0.115057,0.007597,0.102719,-0.157411,0.025608,-0.001811,0.318655,-0.082818,-0.007428,0.298601,-0.061150,-0.301405,-0.447515,0.758424,-0.097297,-0.454794,-0.046351,-0.000774,0.294610,-0.612429,-0.821532,0.129418,-0.371267,0.035916,0.058897,-0.199556
-0.000823,0.029603,0.808874,0.001724,0.008478,-0.703582,0.710562,0.054085,-0.128239,0.036030,0.114520,0.007529,0.104974,-0.199864,0.014983,-0.001043,0.402348,-0.104015,-0.004795,0.311514,-0.064882,-0.311756,-0.454127,0.646832,-0.128717,-0.405412,-0.025588,0.004750,0.243312,-0.637563,-0.663094,0.229048,-0.309831,0.027559,0.055441,-0.136628
-0.000175,0.029916,0.807628,0.004348,0.005313,-0.699326,0.714770,0.053191,-0.140843,0.025192,0.115932,0.007879,0.109814,-0.225829,0.004787,-0.003590,0.458801,-0.140022,-0.011703,0.312687,-0.062005,-0.315817,-0.422052,0.530026,-0.148913,-0.330425,-0.024384,0.008100,0.186691,-0.608346,-0.518804,0.276132,-0.238137,0.032909,0.047229,-0.100655
0.000412,0.030003,0.806540,0.006308,0.002183,-0.694935,0.719042,0.054187,-0.152031,0.013883,0.116769,0.008076,0.112936,-0.248273,-0.004293,-0.006492,0.510838,-0.173415,-0.019015,0.315727,-0.062354,-0.318514,-0.395885,0.426385,-0.167269,-0.268617,-0.023383,0.010257,0.134127,-0.555255,-0.395499,0.291002,-0.185430,0.037815,0.038603,-0.067924
0.000680,0.029863,0.805460,0.008348,-0.000974,-0.690508,0.723276,0.055660,-0.163054,0.002422,0.117391,0.008084,0.115717,-0.270020,-0.013280,-0.009203,0.561840,-0.206638,-0.026847,0.319491,-0.066989,-0.321189,-0.387170,0.338917,-0.193712,-0.219244,-0.022496,0.013295,0.088747,-0.499622,-0.293941,0.292310,-0.149193,0.042009,0.033021,-0.038300
0.000540,0.029248,0.805214,0.008465,-0.001975,-0.686051,0.727501,0.057981,-0.166688,-0.013050,0.116694,0.008302,0.115392,-0.273462,-0.018256,-0.019689,0.576655,-0.214381,-0.030786,0.320973,-0.069720,-0.322219,-0.335892,0.268776,-0.170768,-0.175508,-0.022962,0.007153,0.072766,-0.426949,-0.235980,0.257268,-0.112920,0.046387,0.025025,-0.028205
0.000281,0.028478,0.804704,0.008881,-0.003754,-0.681198,0.732036,0.060848,-0.172083,-0.029292,0.117359,0.007472,0.115752,-0.277866,-0.025269,-0.030041,0.596515,-0.225137,-0.034398,0.319896,-0.074689,-0.322386,-0.293291,0.219473,-0.149763,-0.151192,-0.022060,0.004063,0.061810,-0.369019,-0.195293,0.226464,-0.089598,0.051856,0.019901,-0.020162
0.000020,0.027645,0.804174,0.009449,-0.005563,-0.676240,0.736600,0.063677,-0.177808,-0.045695,0.118011,0.006627,0.116160,-0.282615,-0.032820,-0.040344,0.617048,-0.236425,-0.038106,0.317698,-0.079951,-0.322935,-0.263068,0.185018,-0.133849,-0.138512,-0.021261,0.002389,0.054565,-0.328527,-0.165774,0.204885,-0.073413,0.058765,0.016764,-0.013064
-0.002112,0.026478,0.803006,0.011614,-0.008436,-0.669228,0.742919,0.064637,-0.185991,-0.066074,0.121256,0.001829,0.117630,-0.274115,-0.043813,-0.048277,0.615579,-0.248943,-0.038217,0.311896,-0.093067,-0.317288,-0.229491,0.171045,-0.123240,-0.136401,-0.018910,0.007054,0.049057,-0.284550,-0.159560,0.182850,-0.080823,0.051814,0.018957,-0.007907
-0.003840,0.025311,0.802545,0.011896,-0.009631,-0.662825,0.748618,0.067033,-0.188272,-0.084497,0.122136,-0.001593,0.116806,-0.259790,-0.048840,-0.057407,0.601382,-0.254453,-0.038638,0.307501,-0.098489,-0.315047,-0.201562,0.161731,-0.113407,-0.134367,-0.018235,0.008041,0.043504,-0.254779,-0.153609,0.173770,-0.086963,0.045845,0.020054,-0.001358
-0.005559,0.024230,0.802158,0.011804,-0.010708,-0.656464,0.754189,0.069920,-0.189802,-0.102807,0.122957,-0.005070,0.116004,-0.244285,-0.052977,-0.066691,0.585501,-0.259100,-0.038918,0.303453,-0.102188,-0.312894,-0.178170,0.156288,-0.105244,-0.136263,-0.017948,0.008733,0.038536,-0.235131,-0.149509,0.173816,-0.094229,0.042086,0.021357,0.005738
-0.005869,0.023750,0.800773,0.010760,-0.008846,-0.652759,0.757437,0.069866,-0.185773,-0.110328,0.120455,-0.018136,0.120441,-0.235419,-0.051761,-0.076754,0.571156,-0.264491,-0.039116,0.303168,-0.092347,-0.315619,-0.169061,0.149632,-0.093722,-0.121817,-0.019332,0.006210,0.037660,-0.232327,-0.145096,0.167402,-0.085159,0.041164,0.018696,0.001970
-0.006433,0.023204,0.799126,0.010310,-0.007912,-0.648750,0.760891,0.069421,-0.184256,-0.119399,0.120673,-0.032861,0.124384,-0.228242,-0.053050,-0.086637,0.562820,-0.273792,-0.039185,0.301750,-0.086604,-0.316621,-0.162060,0.146240,-0.085197,-0.113853,-0.020056,0.005331,0.037091,-0.227294,-0.144976,0.159469,-0.081351,0.040797,0.016972,-0.001287
-0.007177,0.022549,0.797440,0.010141,-0.007105,-0.644631,0.764394,0.068637,-0.183375,-0.128710,0.121172,-0.047631,0.128419,-0.221797,-0.054964,-0.096461,0.555825,-0.283863,-0.039238,0.299745,-0.082405,-0.317613,-0.156374,0.143858,-0.078386,-0.107979,-0.020891,0.005166,0.036633,-0.221612,-0.145999,0.152107,-0.079764,0.041185,0.015901,-0.003372
-0.008260,0.022045,0.794542,0.009226,-0.004186,-0.642859,0.765917,0.063323,-0.176799,-0.132072,0.125113,-0.079342,0.129895,-0.228576,-0.050625,-0.103371,0.566561,-0.296672,-0.035930,0.298910,-0.079330,-0.318088,-0.155883,0.143765,-0.081053,-0.106403,-0.022322,0.005066,0.033699,-0.223949,-0.143747,0.151021,-0.076521,0.039301,0.015281,-0.004299
-0.009467,0.021664,0.791534,0.009146,-0.001131,-0.641209,0.767311,0.055701,-0.171596,-0.135359,0.130791,-0.111694,0.132648,-0.238315,-0.047316,-0.109492,0.579929,-0.311076,-0.032990,0.298508,-0.078403,-0.319021,-0.156523,0.144023,-0.084956,-0.105347,-0.024263,0.005503,0.031244,-0.227644,-0.141726,0.152050,-0.073328,0.038444,0.014635,-0.005018
-0.010821,0.021214,0.788518,0.009382,0.001984,-0.639524,0.768711,0.047308,-0.166969,-0.138939,0.136986,-0.144151,0.135791,-0.249096,-0.044445,-0.115454,0.594054,-0.325765,-0.030121,0.298090,-0.078521,-0.320248,-0.156539,0.144345,-0.088696,-0.104285,-0.026666,0.006032,0.028765,-0.231631,-0.139926,0.154376,-0.070318,0.038419,0.013888,-0.005415
-0.011965,0.021869,0.785716,0.012930,0.003166,-0.635491,0.771994,0.011397,-0.173007,-0.131485,0.190752,-0.171565,0.136646,-0.269263,-0.053115,-0.120478,0.623195,-0.342523,-0.027805,0.285707,-0.086140,-0.317225,-0.159009,0.145240,-0.091330,-0.108330,-0.024229,0.009004,0.030546,-0.221740,-0.144564,0.143706,-0.074678,0.036193,0.016314,-0.006144
-0.012926,0.022648,0.783508,0.015885,0.005596,-0.631487,0.775203,-0.025116,-0.176832,-0.124529,0.243055,-0.198061,0.136130,-0.286713,-0.058961,-0.126233,0.643100,-0.353712,-0.025161,0.272541,-0.089603,-0.317801,-0.159279,0.144359,-0.091401,-0.105002,-0.023705,0.008164,0.031334,-0.216017,-0.143055,0.138078,-0.072683,0.035543,0.016751,-0.004985
-0.013932,0.023436,0.781515,0.018674,0.008044,-0.627433,0.778405,-0.062227,-0.180841,-0.116679,0.297285,-0.225738,0.135307,-0.303058,-0.064529,-0.131940,0.661002,-0.363842,-0.022501,0.259283,-0.092313,-0.318623,-0.156437,0.144093,-0.088862,-0.101637,-0.023637,0.007068,0.032053,-0.211834,-0.140739,0.134534,-0.070089,0.035597,0.017384,-0.003638
-0.013899,0.024057,0.780298,0.016905,0.012044,-0.619987,0.784338,-0.092151,-0.172194,-0.106508,0.343017,-0.238719,0.132913,-0.305436,-0.063328,-0.145978,0.663095,-0.367212,-0.021637,0.221596,-0.078013,-0.322784,-0.157213,0.139644,-0.089247,-0.100153,-0.022537,0.006841,0.032518,-0.210704,-0.139810,0.132912,-0.069595,0.033390,0.016806,-0.003755
-0.013876,0.024715,0.779118,0.014124,0.016214,-0.612569,0.790124,-0.120980,-0.162576,-0.097975,0.390202,-0.254615,0.131407,-0.305728,-0.059780,-0.160446,0.663030,-0.368690,-0.020249,0.183676,-0.061845,-0.326759,-0.156179,0.136549,-0.088291,-0.098909,-0.021610,0.006718,0.033495,-0.209585,-0.138789,0.131365,-0.069232,0.031284,0.016392,-0.003882
-0.013937,0.025239,0.778050,0.011044,0.020553,-0.605190,0.795739,-0.150346,-0.152771,-0.088620,0.439548,-0.272341,0.129120,-0.305579,-0.055231,-0.174978,0.662097,-0.369700,-0.019037,0.145975,-0.045131,-0.331122,-0.153251,0.134403,-0.085700,-0.098070,-0.020693,0.006649,0.034752,-0.208952,-0.137983,0.130420,-0.068893,0.029250,0.016051,-0.003827
-0.014380,0.025624,0.777243,0.005749,0.025088,-0.601193,0.798690,-0.168991,-0.132800,-0.075773,0.472368,-0.287871,0.125956,-0.301710,-0.043844,-0.190451,0.655384,-0.366163,-0.021041,0.106780,-0.026262,-0.332668,-0.162022,0.130022,-0.096984,-0.097443,-0.019364,0.007289,0.028873,-0.208824,-0.132693,0.131851,-0.067525,0.028613,0.015534,-0.003335
-0.014922,0.026020,0.776459,-0.000206,0.029510,-0.597316,0.801463,-0.186191,-0.111547,-0.062959,0.505750,-0.304402,0.122712,-0.296561,-0.030883,-0.205888,0.647777,-0.361643,-0.022935,0.068056,-0.007598,-0.333480,-0.173382,0.124887,-0.110419,-0.095955,-0.018107,0.007862,0.023839,-0.208566,-0.128636,0.132387,-0.066437,0.027961,0.014997,-0.002681
-0.015516,0.026342,0.775505,-0.006404,0.034076,-0.593477,0.804104,-0.203437,-0.089529,-0.050163,0.540495,-0.322062,0.119196,-0.291517,-0.016994,-0.221335,0.640115,-0.357098,-0.025023,0.029563,0.011043,-0.334618,-0.185550,0.119377,-0.124351,-0.094583,-0.016623,0.008428,0.019187,-0.208872,-0.125256,0.132901,-0.065757,0.027110,0.014519,-0.001819
-0.016768,0.025676,0.775489,-0.013096,0.038658,-0.591054,0.805599,-0.211702,-0.070322,-0.058395,0.560503,-0.335718,0.113202,-0.280286,0.004081,-0.229735,0.619850,-0.348286,-0.029699,-0.004880,0.037662,-0.334034,-0.187709,0.112033,-0.124150,-0.091032,-0.016843,0.008080,0.021068,-0.203218,-0.124773,0.124999,-0.066311,0.025996,0.014554,-0.003183
-0.017923,0.024846,0.775470,-0.020346,0.043014,-0.588633,0.806999,-0.217918,-0.050503,-0.066845,0.579273,-0.349359,0.107560,-0.267015,0.026083,-0.237940,0.597997,-0.338316,-0.033489,-0.039212,0.065632,-0.333757,-0.188020,0.105171,-0.122342,-0.089017,-0.016273,0.007795,0.022190,-0.198036,-0.123844,0.117839,-0.067747,0.024079,0.014946,-0.004111
-0.018893,0.023905,0.775467,-0.027724,0.047311,-0.586173,0.808328,-0.223850,-0.030603,-0.075383,0.598317,-0.363365,0.101888,-0.253386,0.048324,-0.245938,0.576150,-0.328534,-0.037223,-0.073493,0.094101,-0.333992,-0.188967,0.098390,-0.120735,-0.088244,-0.015045,0.007754,0.023097,-0.194381,-0.122750,0.111669,-0.069700,0.021778,0.015552,-0.004996
-0.019621,0.022733,0.776040,-0.033612,0.050932,-0.585805,0.808151,-0.223660,-0.012022,-0.077511,0.604047,-0.371064,0.098121,-0.236937,0.069722,-0.247630,0.544946,-0.316134,-0.039941,-0.101720,0.111077,-0.332529,-0.183322,0.096026,-0.117319,-0.087482,-0.017252,0.007826,0.022865,-0.187031,-0.123476,0.108255,-0.067831,0.022541,0.015732,-0.004704
-0.020229,0.021493,0.776725,-0.039415,0.054175,-0.585412,0.807963,-0.222048,0.005946,-0.079483,0.608152,-0.378503,0.093809,-0.219534,0.090502,-0.248819,0.513581,-0.304083,-0.042292,-0.129714,0.127620,-0.331353,-0.178675,0.092892,-0.114411,-0.087958,-0.018880,0.008197,0.022277,-0.180153,-0.124381,0.105064,-0.066464,0.023018,0.015935,-0.004380
-0.020751,0.020220,0.777362,-0.045136,0.057290,-0.584958,0.807778,-0.220302,0.023562,-0.081477,0.612244,-0.386017,0.089533,-0.201997,0.110919,-0.249786,0.482727,-0.292460,-0.044550,-0.157702,0.144063,-0.330564,-0.175623,0.088847,-0.112477,-0.089216,-0.020071,0.008780,0.021640,-0.173815,-0.125341,0.101911,-0.065430,0.023254,0.016275,-0.004152
-0.020987,0.020119,0.778773,-0.047040,0.058285,-0.585894,0.806919,-0.213306,0.031307,-0.077417,0.599435,-0.380887,0.088774,-0.189506,0.121453,-0.242412,0.455225,-0.276823,-0.047857,-0.171364,0.149303,-0.328737,-0.174006,0.088196,-0.115283,-0.081108,-0.022749,0.007008,0.019618,-0.175059,-0.122710,0.102737,-0.061016,0.024694,0.014958,-0.002284
-0.021359,0.019830,0.779555,-0.049594,0.059247,-0.587215,0.805735,-0.208265,0.040725,-0.073085,0.593879,-0.380555,0.087202,-0.177823,0.133420,-0.234562,0.432359,-0.265591,-0.049721,-0.182386,0.154714,-0.325639,-0.172387,0.087423,-0.118185,-0.078021,-0.023862,0.006538,0.017590,-0.174856,-0.125459,0.103206,-0.061218,0.024929,0.014374,-0.001605
-0.021827,0.019445,0.780341,-0.052178,0.060311,-0.588634,0.804457,-0.204037,0.050362,-0.068630,0.589693,-0.381094,0.085517,-0.166628,0.145509,-0.226551,0.410533,-0.254890,-0.051672,-0.192655,0.160185,-0.322566,-0.171485,0.085233,-0.121622,-0.076062,-0.024633,0.006957,0.015541,-0.173897,-0.129716,0.103107,-0.062731,0.025061,0.014429,-0.001333
-0.022843,0.019393,0.780926,-0.054144,0.060342,-0.592116,0.801764,-0.202082,0.061113,-0.056744,0.591924,-0.378759,0.081819,-0.157046,0.156172,-0.215755,0.392007,-0.245705,-0.053382,-0.197022,0.162721,-0.319437,-0.171999,0.087076,-0.121986,-0.074049,-0.026024,0.006995,0.015393,-0.171422,-0.129186,0.100952,-0.062891,0.025763,0.014433,-0.001828
-0.023945,0.019325,0.781487,-0.055999,0.060515,-0.595784,0.798901,-0.200530,0.071901,-0.044665,0.594443,-0.376688,0.079009,-0.148359,0.166777,-0.204613,0.374625,-0.236540,-0.056282,-0.201187,0.165466,-0.316713,-0.172887,0.088230,-0.123182,-0.071847,-0.027931,0.006899,0.015109,-0.168380,-0.128303,0.098244,-0.062425,0.026508,0.014391,-0.002052
-0.025042,0.019234,0.781960,-0.057767,0.060764,-0.599447,0.796012,-0.199161,0.082657,-0.032524,0.596990,-0.374664,0.076252,-0.139934,0.177196,-0.193435,0.357566,-0.227556,-0.059254,-0.205424,0.168239,-0.314260,-0.174195,0.088373,-0.125369,-0.069115,-0.030340,0.006813,0.014537,-0.164807,-0.127548,0.095166,-0.061629,0.027482,0.014289,-0.002134
-0.025375,0.019090,0.782013,-0.059026,0.061234,-0.603715,0.792650,-0.198861,0.089409,-0.025519,0.601718,-0.375234,0.074947,-0.137076,0.185432,-0.180198,0.350410,-0.222530,-0.059298,-0.207308,0.173045,-0.310992,-0.172996,0.090739,-0.125268,-0.069276,-0.031421,0.006362,0.013958,-0.164071,-0.129063,0.093564,-0.063968,0.026748,0.014280,-0.001043
-0.025553,0.018954,0.782070,-0.059938,0.061862,-0.607963,0.789279,-0.199538,0.095467,-0.018809,0.606842,-0.375327,0.073829,-0.135887,0.193142,-0.166177,0.345368,-0.217836,-0.060161,-0.208883,0.178363,-0.308351,-0.170887,0.093024,-0.124686,-0.069941,-0.032831,0.006296,0.012968,-0.164648,-0.131160,0.093563,-0.066556,0.026378,0.014551,-0.000070
-0.025789,0.018810,0.782126,-0.060680,0.062608,-0.612198,0.785883,-0.200636,0.101371,-0.012022,0.611970,-0.375431,0.072883,-0.135226,0.200616,-0.152149,0.340813,-0.213347,-0.060973,-0.210284,0.184012,-0.306148,-0.168406,0.094865,-0.124344,-0.070397,-0.034902,0.006430,0.011554,-0.166065,-0.133723,0.094591,-0.069115,0.026522,0.014886,0.000809
-0.025506,0.019119,0.781824,-0.061774,0.064142,-0.621282,0.778510,-0.203196,0.111364,0.000240,0.621913,-0.378210,0.071521,-0.136638,0.210904,-0.135144,0.336056,-0.208068,-0.063278,-0.208523,0.189480,-0.304174,-0.169819,0.095709,-0.123736,-0.073663,-0.032810,0.006725,0.011797,-0.168457,-0.133304,0.095289,-0.070376,0.025218,0.015220,0.000351
-0.025330,0.019332,0.781378,-0.062935,0.065997,-0.630573,0.770754,-0.206576,0.122331,0.012991,0.633124,-0.381753,0.070151,-0.138335,0.221872,-0.118075,0.331075,-0.202711,-0.064931,-0.205822,0.195531,-0.302427,-0.171596,0.095888,-0.124299,-0.076451,-0.031202,0.007097,0.012052,-0.171377,-0.133345,0.096378,-0.071511,0.024040,0.015486,0.000022
-0.025074,0.019599,0.781015,-0.064068,0.067996,-0.639803,0.762840,-0.210206,0.133584,0.025825,0.644666,-0.385517,0.068870,-0.140031,0.233006,-0.100909,0.325932,-0.197281,-0.066623,-0.202929,0.201830,-0.300830,-0.173311,0.095322,-0.125584,-0.078787,-0.030393,0.007497,0.012018,-0.174682,-0.134048,0.097819,-0.072852,0.023137,0.015699,-0.000226
-0.023806,0.020087,0.780404,-0.064497,0.070037,-0.650813,0.753244,-0.210385,0.141022,0.037437,0.649610,-0.392386,0.069480,-0.147863,0.242829,-0.079837,0.330019,-0.193615,-0.065868,-0.201710,0.211374,-0.298710,-0.174620,0.096342,-0.127307,-0.077033,-0.031284,0.007568,0.011792,-0.175276,-0.136099,0.098402,-0.072408,0.023039,0.015742,-0.000742
-0.022496,0.020552,0.779805,-0.064567,0.072042,-0.661719,0.743484,-0.210594,0.147822,0.049309,0.654073,-0.398912,0.070247,-0.156588,0.252197,-0.058363,0.335669,-0.190761,-0.065422,-0.200734,0.220337,-0.297119,-0.175747,0.096519,-0.129864,-0.074421,-0.033118,0.007239,0.011001,-0.175218,-0.138617,0.098434,-0.072308,0.022960,0.015680,-0.001157
-0.021237,0.021001,0.779220,-0.064480,0.074084,-0.672475,0.733575,-0.210842,0.154476,0.061208,0.658339,-0.405356,0.071064,-0.165470,0.261501,-0.036909,0.341651,-0.188093,-0.064881,-0.199849,0.229092,-0.295799,-0.176817,0.095463,-0.133323,-0.070995,-0.035759,0.006794,0.009735,-0.174811,-0.141870,0.098174,-0.072491,0.022876,0.015592,-0.001543
-0.018656,0.021272,0.778506,-0.063417,0.076717,-0.683605,0.723033,-0.211414,0.159806,0.078090,0.659298,-0.413314,0.073600,-0.176128,0.269793,-0.011940,0.346941,-0.187035,-0.061893,-0.193702,0.235657,-0.296357,-0.183120,0.097089,-0.134017,-0.072773,-0.033667,0.006573,0.010231,-0.175629,-0.143161,0.097748,-0.072870,0.022050,0.015968,-0.001489
-0.016132,0.021544,0.777857,-0.062012,0.079324,-0.694688,0.712229,-0.212050,0.164383,0.094738,0.659912,-0.420190,0.076564,-0.187033,0.277829,0.013454,0.352424,-0.185997,-0.058757,-0.187170,0.242006,-0.297382,-0.189680,0.097822,-0.135826,-0.074526,-0.031951,0.006739,0.010815,-0.177325,-0.145608,0.098095,-0.073315,0.021111,0.016390,-0.001341
-0.013487,0.021731,0.777228,-0.060460,0.081943,-0.705596,0.701259,-0.212598,0.168797,0.111400,0.660292,-0.427059,0.079540,-0.197900,0.285883,0.038872,0.357980,-0.185015,-0.055496,-0.180617,0.248422,-0.298631,-0.196892,0.097311,-0.138760,-0.075562,-0.030898,0.007001,0.011104,-0.179917,-0.149516,0.099305,-0.073825,0.020190,0.016764,-0.001360
-0.012055,0.022657,0.776728,-0.058219,0.082316,-0.714544,0.692287,-0.211959,0.167519,0.123224,0.657778,-0.430101,0.082019,-0.209684,0.289774,0.058766,0.368503,-0.185636,-0.053111,-0.163140,0.250569,-0.298456,-0.197617,0.103539,-0.138203,-0.076207,-0.030133,0.006447,0.012700,-0.180940,-0.149961,0.099412,-0.074183,0.020536,0.016628,-0.001497
-0.010489,0.023420,0.776368,-0.055658,0.082416,-0.723275,0.683362,-0.210818,0.165034,0.135073,0.654067,-0.432532,0.084682,-0.221732,0.292912,0.078764,0.380003,-0.187137,-0.050508,-0.146167,0.252342,-0.299044,-0.197707,0.109705,-0.137809,-0.077392,-0.029485,0.006184,0.013728,-0.182895,-0.152038,0.100703,-0.074828,0.020663,0.016511,-0.001466
-0.008951,0.024225,0.775941,-0.053008,0.082447,-0.731871,0.674358,-0.209532,0.162246,0.146925,0.650021,-0.434855,0.087359,-0.233814,0.295993,0.098712,0.391788,-0.188843,-0.047705,-0.129311,0.254131,-0.300037,-0.198639,0.115358,-0.138442,-0.078226,-0.029139,0.005993,0.014347,-0.186409,-0.156277,0.103555,-0.075652,0.020698,0.016342,-0.001523
-0.006874,0.025071,0.775602,-0.050472,0.080615,-0.740172,0.665657,-0.203145,0.154103,0.157630,0.640139,-0.436395,0.092454,-0.245179,0.293758,0.108495,0.407476,-0.192103,-0.044336,-0.099893,0.255942,-0.302044,-0.203959,0.120730,-0.141386,-0.083309,-0.026342,0.005718,0.013852,-0.190253,-0.155109,0.106219,-0.076843,0.020399,0.016327,-0.000017
-0.004919,0.025910,0.775157,-0.047718,0.078402,-0.748363,0.656909,-0.196091,0.144934,0.168696,0.629450,-0.437843,0.097341,-0.256721,0.290966,0.118882,0.424355,-0.196829,-0.041379,-0.070454,0.256667,-0.304440,-0.210766,0.126043,-0.146039,-0.088945,-0.023293,0.005941,0.013208,-0.195177,-0.156652,0.109785,-0.078414,0.019678,0.016302,0.001880
-0.002888,0.026652,0.774792,-0.044929,0.076088,-0.756444,0.648063,-0.188859,0.135440,0.179755,0.618593,-0.439321,0.102165,-0.268404,0.288120,0.129239,0.441781,-0.201875,-0.038302,-0.040994,0.257039,-0.307248,-0.219166,0.131498,-0.152342,-0.094668,-0.020184,0.006254,0.012234,-0.201194,-0.160847,0.114308,-0.080442,0.018760,0.016152,0.003794
-0.000841,0.028163,0.773562,-0.041699,0.072060,-0.764246,0.639528,-0.186186,0.123047,0.190830,0.616490,-0.440173,0.105666,-0.286066,0.284048,0.141437,0.472490,-0.213476,-0.035477,0.000135,0.252700,-0.307416,-0.209466,0.143396,-0.143580,-0.105257,-0.019274,0.010000,0.014808,-0.184791,-0.156994,0.095450,-0.085842,0.018252,0.018847,0.001686
0.001158,0.029639,0.772933,-0.038528,0.067426,-0.771077,0.631989,-0.179554,0.107991,0.199965,0.606516,-0.437968,0.111045,-0.299339,0.277707,0.152424,0.496772,-0.221748,-0.031896,0.037439,0.245861,-0.308113,-0.204098,0.150977,-0.139448,-0.108110,-0.020403,0.010322,0.015562,-0.168995,-0.151976,0.077106,-0.087925,0.018066,0.019631,0.000055
0.003137,0.031029,0.772313,-0.035463,0.062528,-0.777757,0.624441,-0.172152,0.092519,0.208990,0.595974,-0.435570,0.116365,-0.311925,0.271232,0.163355,0.521208,-0.230304,-0.028167,0.074448,0.238122,-0.308556,-0.200620,0.158814,-0.137338,-0.110430,-0.021511,0.009935,0.016146,-0.154083,-0.148165,0.059263,-0.090580,0.017466,0.020039,-0.001522
0.003478,0.031660,0.771853,-0.030924,0.053846,-0.782158,0.619978,-0.158525,0.068075,0.216534,0.575997,-0.426860,0.120872,-0.323126,0.255629,0.170172,0.551419,-0.244908,-0.023878,0.122653,0.215008,-0.308647,-0.206927,0.159580,-0.141472,-0.111592,-0.019084,0.010323,0.016307,-0.156539,-0.138145,0.062981,-0.092636,0.015548,0.021338,0.001693
0.003951,0.032367,0.771138,-0.026140,0.044712,-0.786388,0.615558,-0.144401,0.042076,0.224065,0.555640,-0.418009,0.125739,-0.334552,0.239193,0.177144,0.583820,-0.261209,-0.019615,0.170782,0.191386,-0.308103,-0.213748,0.161582,-0.145570,-0.113035,-0.016397,0.010595,0.016646,-0.161942,-0.128506,0.068796,-0.093754,0.013683,0.022549,0.003950
0.004496,0.033085,0.770332,-0.021164,0.035537,-0.790495,0.611070,-0.130583,0.015578,0.231431,0.535884,-0.409660,0.130688,-0.346238,0.222708,0.184106,0.617400,-0.278390,-0.015077,0.218819,0.167535,-0.307821,-0.219928,0.165049,-0.149294,-0.115301,-0.013185,0.010882,0.016779,-0.166720,-0.118509,0.073780,-0.095223,0.011251,0.023708,0.005894
0.005362,0.033000,0.769587,-0.016157,0.025754,-0.791674,0.610186,-0.114040,-0.015940,0.231892,0.507853,-0.397138,0.136620,-0.358887,0.194007,0.171757,0.651312,-0.294367,-0.012949,0.267063,0.135037,-0.304883,-0.213761,0.166772,-0.141674,-0.115611,-0.015394,0.010635,0.020385,-0.172177,-0.114618,0.074591,-0.093899,0.011997,0.024006,0.005925
0.006313,0.032813,0.768740,-0.010678,0.015697,-0.792652,0.609378,-0.097755,-0.048927,0.232043,0.480101,-0.384508,0.143102,-0.371614,0.163800,0.159907,0.686558,-0.312036,-0.011202,0.315278,0.101857,-0.302278,-0.203138,0.168963,-0.129783,-0.117125,-0.016603,0.010582,0.023146,-0.176346,-0.109564,0.074545,-0.093067,0.012028,0.024274,0.005826
0.007407,0.032620,0.767607,-0.004857,0.005646,-0.793483,0.608547,-0.082045,-0.082470,0.231990,0.453183,-0.372536,0.149803,-0.384471,0.132852,0.148552,0.722589,-0.330495,-0.009397,0.363375,0.068123,-0.300048,-0.189390,0.171472,-0.114999,-0.119339,-0.017012,0.010641,0.025674,-0.178814,-0.102325,0.073006,-0.092643,0.011052,0.024732,0.005795
0.008821,0.031494,0.766458,0.000594,-0.001975,-0.791434,0.611251,-0.068725,-0.113269,0.224214,0.424774,-0.360395,0.156525,-0.396859,0.104854,0.143030,0.753368,-0.345892,-0.008055,0.397407,0.045157,-0.299878,-0.192723,0.170556,-0.113510,-0.118759,-0.016233,0.011648,0.023943,-0.181417,-0.098429,0.079857,-0.088576,0.013789,0.025168,0.007398
0.010162,0.030391,0.765229,0.006027,-0.009537,-0.789265,0.613950,-0.055410,-0.143625,0.216171,0.397524,-0.348985,0.163257,-0.408577,0.076801,0.137650,0.783619,-0.361288,-0.006921,0.430549,0.021049,-0.299339,-0.199938,0.169775,-0.115407,-0.116608,-0.015777,0.012134,0.023500,-0.181785,-0.091162,0.083658,-0.084277,0.015809,0.025545,0.009087
0.011562,0.029347,0.763981,0.011649,-0.017115,-0.786974,0.616639,-0.042201,-0.174086,0.207993,0.371148,-0.338196,0.170142,-0.420155,0.048277,0.132666,0.814073,-0.377088,-0.005832,0.463152,-0.004278,-0.298832,-0.208060,0.169078,-0.117824,-0.113949,-0.015137,0.012480,0.023756,-0.179711,-0.080565,0.084876,-0.080019,0.016948,0.026159,0.011138
0.014238,0.028402,0.763080,0.015642,-0.021243,-0.781499,0.623349,-0.032737,-0.198306,0.191403,0.347047,-0.325568,0.177635,-0.425815,0.021297,0.124088,0.829520,-0.389531,0.000371,0.473764,-0.015888,-0.299892,-0.208714,0.169672,-0.118123,-0.114347,-0.015940,0.012120,0.025018,-0.185788,-0.087885,0.084825,-0.078979,0.019317,0.025148,0.009585
0.016989,0.027429,0.762263,0.019247,-0.025169,-0.775962,0.629983,-0.022673,-0.221506,0.174745,0.323672,-0.313645,0.185203,-0.430141,-0.005299,0.115278,0.843424,-0.401479,0.006737,0.484226,-0.025825,-0.301025,-0.205847,0.171042,-0.114224,-0.115447,-0.016243,0.011928,0.026479,-0.191457,-0.091408,0.084621,-0.077136,0.021550,0.024272,0.007938
0.019861,0.026506,0.761560,0.022809,-0.029060,-0.770345,0.636557,-0.012347,-0.244469,0.158098,0.300841,-0.302153,0.193021,-0.434052,-0.032029,0.106678,0.856993,-0.413425,0.013182,0.494618,-0.035391,-0.302305,-0.200696,0.172697,-0.107305,-0.116887,-0.016053,0.011810,0.028123,-0.196211,-0.091431,0.083540,-0.074510,0.023513,0.023627,0.006498
0.021037,0.026098,0.761734,0.024486,-0.030154,-0.760432,0.648255,-0.006308,-0.256685,0.133706,0.286499,-0.291280,0.196972,-0.429345,-0.053424,0.090985,0.857677,-0.420367,0.018132,0.499102,-0.040884,-0.302974,-0.200895,0.175625,-0.109152,-0.119013,-0.015200,0.012411,0.025826,-0.198219,-0.096483,0.089332,-0.076066,0.026308,0.023880,0.007720
0.022279,0.025762,0.761929,0.025812,-0.031055,-0.750396,0.659754,0.000352,-0.267843,0.109325,0.272600,-0.281016,0.200543,-0.423472,-0.073920,0.075090,0.857183,-0.426712,0.022577,0.503535,-0.046089,-0.303668,-0.202849,0.178744,-0.111877,-0.120801,-0.014163,0.013077,0.024315,-0.198838,-0.099014,0.093199,-0.077589,0.029273,0.024639,0.008934
0.023430,0.025503,0.762264,0.027103,-0.031906,-0.740203,0.671079,0.007351,-0.278751,0.084916,0.258835,-0.270960,0.204228,-0.417241,-0.094276,0.059191,0.856413,-0.433040,0.027107,0.507949,-0.051463,-0.304405,-0.205302,0.182150,-0.114255,-0.122513,-0.012841,0.013734,0.023301,-0.198673,-0.099072,0.095646,-0.078464,0.032497,0.025613,0.010266
0.023075,0.025382,0.763475,0.027029,-0.030911,-0.726220,0.686235,0.010248,-0.282472,0.050763,0.252977,-0.260440,0.204035,-0.404441,-0.110661,0.034520,0.847741,-0.432034,0.029755,0.506696,-0.056336,-0.307538,-0.202184,0.179517,-0.112087,-0.121142,-0.014221,0.013401,0.024511,-0.202909,-0.102591,0.096536,-0.076578,0.032177,0.023585,0.008976
0.022815,0.025339,0.764865,0.026652,-0.029739,-0.711987,0.701057,0.013665,-0.285526,0.016534,0.247239,-0.250226,0.203822,-0.390691,-0.126149,0.009706,0.838165,-0.430596,0.032070,0.505695,-0.060133,-0.311097,-0.196756,0.177270,-0.106932,-0.120101,-0.015178,0.013053,0.025779,-0.207505,-0.103676,0.097401,-0.073533,0.032439,0.021336,0.007697
0.022446,0.025292,0.766218,0.026158,-0.028532,-0.697494,0.715544,0.017593,-0.288389,-0.017774,0.241360,-0.240120,0.203729,-0.376441,-0.141269,-0.015192,0.828312,-0.429136,0.034549,0.504814,-0.063500,-0.314823,-0.189631,0.175475,-0.099454,-0.119408,-0.015725,0.012739,0.027223,-0.212490,-0.102410,0.097874,-0.069433,0.033213,0.019006,0.006319
0.020341,0.025557,0.768274,0.024981,-0.027126,-0.685200,0.727421,0.023796,-0.286146,-0.054628,0.230094,-0.227024,0.199595,-0.360411,-0.147895,-0.039267,0.812376,-0.421495,0.033519,0.503866,-0.062126,-0.319229,-0.188186,0.175521,-0.100321,-0.118388,-0.016273,0.013055,0.024979,-0.211869,-0.105575,0.099923,-0.071541,0.032008,0.018659,0.005825
0.018223,0.025807,0.770515,0.023508,-0.025643,-0.672822,0.738986,0.030736,-0.283070,-0.091401,0.218591,-0.214147,0.195287,-0.343397,-0.153376,-0.063396,0.795439,-0.413402,0.032124,0.503354,-0.061069,-0.323947,-0.189319,0.175360,-0.103323,-0.116542,-0.016844,0.013349,0.023412,-0.210398,-0.107702,0.100208,-0.073806,0.031132,0.018582,0.005100
0.016006,0.025894,0.772702,0.021959,-0.024206,-0.660264,0.750322,0.038088,-0.279782,-0.128270,0.207025,-0.201375,0.191173,-0.325971,-0.158471,-0.087574,0.778341,-0.405325,0.030827,0.502904,-0.060368,-0.328732,-0.191680,0.175544,-0.107132,-0.114260,-0.017356,0.013628,0.022279,-0.209225,-0.108530,0.099735,-0.075517,0.030691,0.018350,0.004245
0.013281,0.025388,0.774503,0.020294,-0.023042,-0.645164,0.763427,0.042605,-0.274800,-0.158124,0.202142,-0.192729,0.185732,-0.306326,-0.158569,-0.104705,0.761626,-0.399755,0.029896,0.495896,-0.061113,-0.331855,-0.193056,0.175308,-0.111802,-0.113068,-0.017065,0.013496,0.020982,-0.209925,-0.115408,0.110587,-0.076435,0.030798,0.018558,0.007982
0.010592,0.024794,0.776381,0.018605,-0.021988,-0.629771,0.776247,0.047184,-0.269890,-0.187997,0.197578,-0.184338,0.180406,-0.286661,-0.158571,-0.121657,0.745175,-0.394408,0.029134,0.489035,-0.061824,-0.334829,-0.194214,0.176056,-0.115848,-0.112122,-0.016576,0.013618,0.019732,-0.212667,-0.121624,0.122988,-0.077140,0.031445,0.018722,0.011590
0.007936,0.024185,0.778178,0.016876,-0.020996,-0.614109,0.788762,0.051939,-0.264920,-0.217934,0.193004,-0.175955,0.175158,-0.266896,-0.158405,-0.138552,0.728728,-0.389085,0.028517,0.482199,-0.062464,-0.337870,-0.195562,0.178095,-0.119948,-0.111274,-0.016001,0.013829,0.018484,-0.217615,-0.127146,0.137419,-0.077512,0.032584,0.018746,0.015330
0.005638,0.024160,0.778391,0.015589,-0.022348,-0.602113,0.797946,0.051401,-0.265172,-0.237148,0.202739,-0.178103,0.170946,-0.250733,-0.162766,-0.156618,0.720707,-0.394616,0.027170,0.469557,-0.063200,-0.334913,-0.192642,0.173141,-0.119044,-0.109976,-0.017517,0.013225,0.018568,-0.213899,-0.127947,0.133236,-0.078096,0.031509,0.018849,0.013138
0.003244,0.023949,0.778683,0.014585,-0.023557,-0.589943,0.806970,0.050169,-0.265803,-0.256212,0.213012,-0.180692,0.166578,-0.235740,-0.167046,-0.174044,0.713958,-0.399711,0.025969,0.456606,-0.064774,-0.332760,-0.190196,0.169703,-0.119255,-0.108937,-0.018847,0.012771,0.018266,-0.210113,-0.128660,0.129628,-0.078987,0.030433,0.018963,0.011873
0.001016,0.023749,0.778895,0.013697,-0.024697,-0.577645,0.815799,0.048803,-0.266591,-0.275186,0.223415,-0.183441,0.161993,-0.220928,-0.171175,-0.191442,0.707259,-0.404834,0.024880,0.443630,-0.066670,-0.330940,-0.188463,0.167756,-0.120615,-0.108022,-0.020186,0.012380,0.017863,-0.207341,-0.129560,0.127730,-0.079914,0.029743,0.019048,0.011097
-0.002091,0.023261,0.777504,0.014303,-0.025067,-0.567155,0.823105,0.033022,-0.267586,-0.272326,0.253251,-0.199863,0.157984,-0.218716,-0.176464,-0.206292,0.716536,-0.417688,0.023625,0.424560,-0.072849,-0.324646,-0.182778,0.165206,-0.113718,-0.109453,-0.019837,0.012440,0.017941,-0.204130,-0.134614,0.125456,-0.080966,0.029496,0.018822,0.011195
-0.005172,0.022734,0.776009,0.015864,-0.025136,-0.556526,0.830298,0.014215,-0.270391,-0.267931,0.285507,-0.216233,0.153096,-0.218911,-0.183064,-0.220017,0.727108,-0.431587,0.021643,0.405581,-0.080800,-0.319464,-0.174751,0.164309,-0.105106,-0.112227,-0.019106,0.012828,0.017334,-0.201893,-0.140377,0.125395,-0.082461,0.029587,0.018791,0.011706
-0.008137,0.022153,0.774557,0.017609,-0.025017,-0.545791,0.837363,-0.005563,-0.273604,-0.262958,0.318811,-0.233182,0.148075,-0.219599,-0.189818,-0.233634,0.737736,-0.445404,0.019651,0.386603,-0.089077,-0.314938,-0.165321,0.164953,-0.095746,-0.115822,-0.018216,0.013340,0.016337,-0.200508,-0.146813,0.127442,-0.084150,0.030005,0.018781,0.012560
-0.009554,0.023435,0.771122,0.018120,-0.024667,-0.536838,0.843130,-0.036541,-0.279584,-0.252186,0.372458,-0.254786,0.149336,-0.231885,-0.198708,-0.242628,0.767787,-0.458433,0.020335,0.347388,-0.089339,-0.309289,-0.165906,0.164523,-0.096572,-0.116834,-0.017728,0.013809,0.015190,-0.202004,-0.150985,0.128896,-0.086477,0.027863,0.018953,0.011571
-0.010929,0.024593,0.767731,0.019273,-0.023991,-0.527618,0.848924,-0.070685,-0.286500,-0.240191,0.429593,-0.276761,0.148283,-0.245853,-0.208731,-0.251182,0.799134,-0.472151,0.020833,0.306750,-0.092262,-0.305089,-0.169503,0.165912,-0.100973,-0.117230,-0.017737,0.014032,0.014774,-0.202694,-0.155953,0.130108,-0.089113,0.025847,0.019221,0.010821
-0.012391,0.025743,0.764468,0.020402,-0.023002,-0.518270,0.854664,-0.106402,-0.293012,-0.227373,0.488992,-0.300072,0.147090,-0.260150,-0.218517,-0.259654,0.830696,-0.486119,0.021002,0.265719,-0.096127,-0.302140,-0.173585,0.168430,-0.106340,-0.117748,-0.017792,0.014232,0.014592,-0.202249,-0.162577,0.131254,-0.092484,0.023845,0.019494,0.010410
-0.013802,0.027778,0.760791,0.017714,-0.018988,-0.510353,0.859573,-0.142731,-0.282638,-0.204180,0.542288,-0.323055,0.146211,-0.273031,-0.217017,-0.271710,0.852876,-0.495166,0.018940,0.214032,-0.086022,-0.298488,-0.175788,0.157824,-0.104209,-0.115224,-0.018110,0.014196,0.016318,-0.198904,-0.160031,0.123176,-0.091203,0.023536,0.019746,0.008248
-0.015111,0.029743,0.757192,0.014033,-0.014300,-0.502709,0.864223,-0.179701,-0.269179,-0.180635,0.598465,-0.348256,0.144676,-0.285148,-0.212510,-0.284259,0.873204,-0.503146,0.017003,0.162326,-0.073877,-0.296733,-0.175072,0.148236,-0.099800,-0.113201,-0.018032,0.014091,0.017735,-0.194235,-0.158135,0.115040,-0.090460,0.022721,0.019901,0.006660
-0.016443,0.031766,0.753620,0.009767,-0.009084,-0.495241,0.868653,-0.217522,-0.253507,-0.156871,0.657176,-0.375329,0.142995,-0.297560,-0.206203,-0.296939,0.893314,-0.510999,0.014766,0.110787,-0.060511,-0.296240,-0.171983,0.139186,-0.093013,-0.111775,-0.017551,0.014094,0.019110,-0.188966,-0.157298,0.107042,-0.090402,0.021481,0.020103,0.005210
-0.016607,0.033028,0.751429,0.002099,-0.001585,-0.491179,0.871054,-0.245840,-0.224008,-0.136249,0.697481,-0.397672,0.141191,-0.302290,-0.185319,-0.308165,0.892937,-0.510285,0.011651,0.053620,-0.034788,-0.296971,-0.175031,0.134275,-0.098286,-0.108489,-0.018239,0.014048,0.018294,-0.192636,-0.155142,0.108578,-0.089786,0.020566,0.019756,0.005760
-0.016817,0.034292,0.749267,-0.006790,0.006093,-0.487516,0.873066,-0.272384,-0.191260,-0.116434,0.738661,-0.421316,0.139040,-0.304941,-0.161094,-0.319841,0.890016,-0.508255,0.008097,-0.002931,-0.006482,-0.296564,-0.177200,0.128988,-0.101695,-0.104513,-0.019012,0.013849,0.018556,-0.198698,-0.153001,0.111947,-0.088663,0.019589,0.019209,0.005744
-0.017008,0.035544,0.747006,-0.016153,0.014081,-0.484043,0.874782,-0.298751,-0.156689,-0.097308,0.781288,-0.446278,0.136740,-0.307724,-0.135308,-0.331497,0.887009,-0.506300,0.004315,-0.059037,0.023018,-0.295897,-0.177360,0.122654,-0.102172,-0.100305,-0.019520,0.013671,0.019161,-0.206125,-0.151145,0.116201,-0.087549,0.018212,0.018589,0.005473
-0.018558,0.036123,0.747019,-0.024916,0.021594,-0.484068,0.874409,-0.315844,-0.123813,-0.092086,0.802696,-0.458539,0.131414,-0.308049,-0.102741,-0.335839,0.868536,-0.492601,-0.001921,-0.105989,0.051156,-0.296021,-0.177910,0.117759,-0.103922,-0.098920,-0.020775,0.013354,0.018772,-0.204425,-0.149350,0.116929,-0.085199,0.019141,0.018366,0.005172
-0.019971,0.036594,0.747282,-0.033731,0.028761,-0.484132,0.873871,-0.330434,-0.090706,-0.087337,0.821542,-0.470067,0.126075,-0.306586,-0.069941,-0.339843,0.848420,-0.478142,-0.008074,-0.152571,0.078250,-0.296151,-0.177517,0.110502,-0.104828,-0.097323,-0.021717,0.013360,0.018789,-0.199535,-0.148179,0.114404,-0.083882,0.019172,0.018127,0.005164
-0.021393,0.036917,0.747364,-0.042472,0.035877,-0.484176,0.873203,-0.344530,-0.057495,-0.083044,0.840267,-0.481931,0.120634,-0.304867,-0.037171,-0.343655,0.828458,-0.464095,-0.014203,-0.199064,0.104816,-0.296624,-0.176293,0.100975,-0.104545,-0.095402,-0.022423,0.013522,0.019164,-0.193255,-0.147091,0.109988,-0.083162,0.018448,0.017991,0.005231
-0.021708,0.036200,0.748707,-0.050589,0.045059,-0.487823,0.870310,-0.356669,-0.017213,-0.069951,0.847486,-0.490775,0.113926,-0.297354,-0.000529,-0.347005,0.787106,-0.448797,-0.019956,-0.225933,0.129873,-0.298274,-0.180775,0.101550,-0.110717,-0.095188,-0.022401,0.012820,0.017225,-0.189222,-0.145407,0.107806,-0.082244,0.019472,0.017867,0.004797
-0.022051,0.035482,0.750018,-0.059234,0.054247,-0.491701,0.867052,-0.367445,0.025059,-0.056706,0.854572,-0.499781,0.108425,-0.288895,0.037445,-0.349902,0.744320,-0.431480,-0.025823,-0.251406,0.155874,-0.299295,-0.185358,0.099297,-0.116243,-0.095255,-0.022427,0.012681,0.016114,-0.185718,-0.143942,0.105443,-0.081817,0.020470,0.018176,0.004269
-0.022383,0.034723,0.751196,-0.067978,0.063447,-0.495573,0.863574,-0.377731,0.067969,-0.044135,0.862227,-0.509452,0.102683,-0.280247,0.075560,-0.352558,0.701437,-0.414375,-0.031973,-0.276377,0.182220,-0.300328,-0.189791,0.094521,-0.121261,-0.095119,-0.022353,0.012393,0.015262,-0.182509,-0.142410,0.103205,-0.081371,0.021221,0.018131,0.003243
-0.024215,0.033688,0.753226,-0.072650,0.070706,-0.501345,0.859288,-0.383027,0.100957,-0.032335,0.855670,-0.511936,0.092802,-0.272787,0.110075,-0.341549,0.654222,-0.392749,-0.037995,-0.291119,0.199090,-0.302669,-0.188082,0.099470,-0.126283,-0.093702,-0.024239,0.012083,0.013080,-0.179691,-0.144824,0.102124,-0.082158,0.022160,0.017888,0.004582
-0.025996,0.032831,0.755407,-0.076375,0.077341,-0.506901,0.855124,-0.387226,0.132324,-0.017281,0.847276,-0.510983,0.085834,-0.264552,0.141726,-0.329534,0.607689,-0.371167,-0.044359,-0.305940,0.214098,-0.305717,-0.185853,0.102747,-0.131178,-0.093302,-0.026056,0.012021,0.010653,-0.176783,-0.147176,0.101180,-0.083450,0.023040,0.017782,0.005787
-0.027752,0.031974,0.757681,-0.079680,0.083785,-0.512332,0.850968,-0.391000,0.162606,-0.002095,0.838223,-0.509908,0.078801,-0.256046,0.172082,-0.317260,0.562062,-0.350285,-0.050769,-0.320749,0.228446,-0.309154,-0.184346,0.104456,-0.137076,-0.093398,-0.027856,0.012165,0.007981,-0.173988,-0.149454,0.100200,-0.085053,0.023903,0.017793,0.006966
-0.027763,0.032141,0.761444,-0.077161,0.086963,-0.523258,0.844206,-0.380460,0.169203,0.011953,0.805541,-0.493744,0.078799,-0.244819,0.185758,-0.294979,0.510284,-0.322181,-0.051664,-0.332286,0.228524,-0.315010,-0.187426,0.104213,-0.136609,-0.088256,-0.027408,0.010609,0.009345,-0.174307,-0.147911,0.099821,-0.080766,0.022893,0.016665,0.007785
-0.027826,0.032104,0.764821,-0.075616,0.089772,-0.534732,0.836830,-0.369365,0.178497,0.026274,0.777452,-0.481505,0.076891,-0.232655,0.201380,-0.271929,0.462032,-0.296522,-0.054152,-0.340039,0.229334,-0.318647,-0.191743,0.103607,-0.137076,-0.087594,-0.026091,0.009800,0.011242,-0.176143,-0.152011,0.101257,-0.080195,0.021345,0.015867,0.007961
-0.027964,0.032161,0.768150,-0.074324,0.092514,-0.546309,0.829134,-0.358152,0.188249,0.040830,0.750401,-0.470383,0.074490,-0.220038,0.217236,-0.248456,0.414768,-0.271534,-0.057139,-0.346523,0.230623,-0.321557,-0.197797,0.101795,-0.138850,-0.088223,-0.024694,0.009691,0.013261,-0.179709,-0.158173,0.104016,-0.080935,0.020009,0.015472,0.007836
-0.027378,0.032853,0.771045,-0.072400,0.093374,-0.558863,0.820799,-0.343033,0.193455,0.060731,0.721992,-0.456397,0.075129,-0.206114,0.228169,-0.215303,0.369696,-0.242866,-0.056015,-0.352405,0.232853,-0.323235,-0.198546,0.102347,-0.137743,-0.086542,-0.025667,0.009890,0.013914,-0.181271,-0.158992,0.104687,-0.080736,0.021435,0.015470,0.006502
-0.026666,0.033621,0.774118,-0.070223,0.093755,-0.571330,0.812318,-0.325965,0.197241,0.081458,0.691458,-0.442011,0.075605,-0.191403,0.237738,-0.181432,0.325688,-0.214843,-0.055817,-0.358978,0.234486,-0.325284,-0.199076,0.102839,-0.137150,-0.085264,-0.026826,0.010018,0.013752,-0.182931,-0.159259,0.105341,-0.080598,0.022728,0.015574,0.005666
-0.025954,0.034400,0.777299,-0.067958,0.093925,-0.583657,0.803682,-0.307924,0.200165,0.102466,0.659790,-0.427586,0.075669,-0.176374,0.246496,-0.147363,0.282804,-0.187607,-0.056035,-0.365825,0.235849,-0.327485,-0.200374,0.102538,-0.137697,-0.083988,-0.028229,0.010160,0.013365,-0.185027,-0.159931,0.106164,-0.080494,0.023963,0.015669,0.005047
-0.023816,0.034654,0.779527,-0.065059,0.093559,-0.595714,0.795072,-0.292784,0.198374,0.123466,0.636261,-0.411807,0.078353,-0.160335,0.248773,-0.112334,0.242070,-0.162267,-0.052419,-0.370642,0.237874,-0.328254,-0.194275,0.107123,-0.137082,-0.081483,-0.032919,0.009408,0.012199,-0.181917,-0.164315,0.104519,-0.080588,0.024966,0.015749,0.004330
-0.021706,0.034741,0.781906,-0.062101,0.093276,-0.607639,0.786268,-0.277485,0.196330,0.144491,0.612132,-0.396120,0.080878,-0.144827,0.250729,-0.077354,0.202569,-0.137710,-0.049380,-0.375591,0.240222,-0.329705,-0.186924,0.111171,-0.136122,-0.079136,-0.038350,0.008665,0.010495,-0.176341,-0.169490,0.100694,-0.081556,0.025820,0.015926,0.003705
-0.019544,0.034862,0.784276,-0.059185,0.093055,-0.619467,0.777238,-0.261826,0.194202,0.165585,0.587262,-0.380444,0.083151,-0.129550,0.252587,-0.042349,0.163884,-0.113678,-0.046885,-0.380557,0.242773,-0.331478,-0.178967,0.114067,-0.135578,-0.075997,-0.044741,0.007906,0.008452,-0.168832,-0.175450,0.095133,-0.082793,0.026719,0.016166,0.003138
-0.017810,0.034485,0.786245,-0.057410,0.091842,-0.633293,0.766296,-0.243756,0.192252,0.182843,0.565908,-0.367058,0.083801,-0.124192,0.255020,-0.008849,0.150768,-0.092600,-0.046301,-0.376171,0.242180,-0.332625,-0.183839,0.116587,-0.138868,-0.077649,-0.042909,0.007393,0.006844,-0.166735,-0.175914,0.095286,-0.086320,0.025914,0.016193,0.004650
-0.016136,0.034188,0.788026,-0.055603,0.090813,-0.647149,0.754890,-0.226773,0.190533,0.200331,0.545841,-0.354383,0.084524,-0.121259,0.257526,0.024351,0.141609,-0.073265,-0.045692,-0.370875,0.241772,-0.333456,-0.190638,0.117897,-0.144575,-0.078263,-0.042003,0.006962,0.005941,-0.168019,-0.177832,0.098225,-0.089030,0.025637,0.016306,0.005857
-0.014391,0.033879,0.789868,-0.053807,0.089934,-0.660862,0.743154,-0.210258,0.188872,0.217845,0.526159,-0.342106,0.085184,-0.118899,0.260167,0.057692,0.133232,-0.054214,-0.045106,-0.365222,0.241841,-0.334440,-0.198055,0.118110,-0.151690,-0.077584,-0.042570,0.006312,0.004970,-0.171401,-0.181230,0.103472,-0.091362,0.026077,0.016235,0.006703
-0.012718,0.033937,0.789926,-0.052168,0.088117,-0.674141,0.731469,-0.199277,0.188095,0.239201,0.520665,-0.340435,0.086334,-0.119939,0.260945,0.082079,0.133065,-0.051946,-0.041104,-0.352654,0.239611,-0.333442,-0.205984,0.124344,-0.151193,-0.082079,-0.037272,0.006877,0.006603,-0.174419,-0.183191,0.104169,-0.091053,0.026070,0.016522,0.005709
-0.011032,0.033931,0.789868,-0.050594,0.086583,-0.687270,0.719447,-0.189624,0.188011,0.260470,0.517227,-0.339995,0.087130,-0.122587,0.262417,0.106526,0.135277,-0.051004,-0.038399,-0.340018,0.238213,-0.332634,-0.213689,0.130975,-0.151617,-0.087137,-0.032148,0.008043,0.007685,-0.176813,-0.186695,0.104389,-0.090976,0.026177,0.016499,0.005117
-0.009485,0.033912,0.789713,-0.048991,0.085179,-0.700199,0.707153,-0.180369,0.187957,0.281659,0.514183,-0.339831,0.087921,-0.125667,0.264034,0.130955,0.137895,-0.050255,-0.035618,-0.327353,0.237170,-0.332286,-0.222102,0.137594,-0.153599,-0.091824,-0.027601,0.009261,0.008127,-0.178763,-0.191930,0.104598,-0.091254,0.026452,0.016284,0.004523
-0.008559,0.034526,0.788117,-0.049330,0.082140,-0.712148,0.695460,-0.175895,0.188377,0.292061,0.528161,-0.348805,0.088262,-0.148612,0.270164,0.140397,0.187839,-0.064618,-0.035931,-0.299400,0.236670,-0.327506,-0.222576,0.148590,-0.156987,-0.096373,-0.027042,0.008946,0.008238,-0.181926,-0.193184,0.102284,-0.093783,0.024671,0.016526,0.004078
-0.007763,0.035204,0.786395,-0.049366,0.080204,-0.724046,0.683292,-0.175212,0.190929,0.302297,0.545665,-0.360053,0.088247,-0.178152,0.278847,0.148769,0.246637,-0.084118,-0.036441,-0.270473,0.238518,-0.324529,-0.222347,0.161220,-0.159902,-0.102323,-0.026376,0.008892,0.007724,-0.184978,-0.196622,0.099832,-0.097249,0.022382,0.016895,0.003820
-0.006891,0.035880,0.784651,-0.049147,0.078812,-0.735841,0.670754,-0.176053,0.194305,0.312250,0.563961,-0.371669,0.088306,-0.210480,0.288832,0.156074,0.308641,-0.105143,-0.036390,-0.240888,0.241521,-0.323079,-0.222039,0.175186,-0.163192,-0.108852,-0.025512,0.008944,0.006627,-0.187865,-0.202331,0.097335,-0.101462,0.019890,0.017193,0.003318
-0.005068,0.037388,0.779492,-0.047342,0.076857,-0.751158,0.653921,-0.189364,0.195685,0.319903,0.606045,-0.400308,0.091747,-0.257460,0.297787,0.156138,0.390780,-0.133289,-0.034315,-0.197852,0.237498,-0.321563,-0.217717,0.181892,-0.153673,-0.118187,-0.021855,0.013041,0.010517,-0.179158,-0.202980,0.090052,-0.106153,0.019363,0.019395,0.003875
-0.003212,0.039001,0.774977,-0.045221,0.073807,-0.765169,0.637985,-0.198455,0.192649,0.326118,0.639152,-0.423900,0.095250,-0.299506,0.303438,0.154740,0.465961,-0.159028,-0.031519,-0.157718,0.229404,-0.321638,-0.221391,0.183133,-0.152614,-0.118337,-0.020086,0.013731,0.012972,-0.171859,-0.203722,0.084901,-0.106534,0.020280,0.020162,0.003518
-0.001482,0.040612,0.770551,-0.043076,0.070117,-0.778740,0.621926,-0.206365,0.188334,0.332282,0.670962,-0.446780,0.098875,-0.341490,0.308528,0.152450,0.543293,-0.186241,-0.027989,-0.118062,0.219771,-0.321289,-0.229040,0.185705,-0.155548,-0.117618,-0.018346,0.013517,0.015489,-0.164661,-0.206675,0.079265,-0.106786,0.021059,0.020466,0.002553
-0.000942,0.043080,0.765693,-0.038574,0.061673,-0.789119,0.609918,-0.207801,0.170562,0.341084,0.687568,-0.466078,0.102478,-0.372779,0.304631,0.161425,0.606047,-0.214463,-0.025790,-0.074241,0.193763,-0.317898,-0.232798,0.184565,-0.159597,-0.118012,-0.019336,0.013746,0.013982,-0.169028,-0.201916,0.083386,-0.106563,0.020591,0.021321,0.006757
-0.000404,0.045448,0.760884,-0.034249,0.052093,-0.799056,0.598016,-0.206679,0.150229,0.349996,0.702006,-0.484118,0.107187,-0.401960,0.299144,0.170817,0.669615,-0.243811,-0.022781,-0.031060,0.167346,-0.313752,-0.235135,0.186198,-0.162331,-0.119345,-0.019711,0.014162,0.012125,-0.179210,-0.198470,0.092981,-0.105134,0.020133,0.022138,0.010164
0.000284,0.047641,0.755998,-0.029915,0.042030,-0.808625,0.586058,-0.205381,0.128779,0.358880,0.716722,-0.502536,0.112155,-0.430909,0.293076,0.180300,0.734774,-0.274404,-0.019084,0.011988,0.141195,-0.309800,-0.236099,0.190463,-0.163661,-0.121694,-0.019497,0.014696,0.009943,-0.192522,-0.196508,0.105444,-0.103117,0.019575,0.022929,0.012870
0.001940,0.048956,0.753629,-0.025222,0.030659,-0.812017,0.582282,-0.197185,0.095795,0.363783,0.707995,-0.500504,0.119725,-0.443851,0.270724,0.185167,0.772812,-0.298013,-0.014707,0.050024,0.114203,-0.303322,-0.230177,0.188634,-0.154268,-0.120409,-0.020565,0.014240,0.013473,-0.193808,-0.186572,0.105224,-0.100414,0.020714,0.022780,0.010355
0.003583,0.050228,0.751436,-0.020751,0.018508,-0.815045,0.578730,-0.186196,0.060980,0.368312,0.696462,-0.497320,0.127326,-0.454098,0.247080,0.190505,0.809870,-0.321873,-0.010279,0.087571,0.085720,-0.296248,-0.223202,0.187569,-0.144373,-0.119862,-0.020664,0.013786,0.016037,-0.189772,-0.178409,0.100593,-0.099650,0.020550,0.022892,0.008374
0.005137,0.051312,0.749082,-0.016195,0.006134,-0.817870,0.575142,-0.174948,0.025614,0.372552,0.685052,-0.494441,0.134894,-0.463940,0.223082,0.196093,0.847418,-0.346361,-0.005808,0.125313,0.056340,-0.289363,-0.216542,0.187090,-0.134869,-0.119713,-0.020230,0.013443,0.018302,-0.183058,-0.171284,0.093790,-0.099940,0.019505,0.023227,0.006619
0.007269,0.051146,0.749054,-0.011230,-0.003492,-0.817670,0.575567,-0.161748,-0.010300,0.371650,0.655772,-0.477176,0.142577,-0.467280,0.195256,0.201543,0.863300,-0.360749,0.001858,0.165355,0.036633,-0.285710,-0.214006,0.185579,-0.131551,-0.119822,-0.019995,0.013893,0.019375,-0.184163,-0.161758,0.097921,-0.100079,0.020254,0.023399,0.010806
0.009517,0.050981,0.749103,-0.006475,-0.013044,-0.817408,0.575875,-0.147840,-0.045950,0.370547,0.626240,-0.459937,0.150497,-0.469504,0.167679,0.207108,0.878535,-0.374986,0.009615,0.205277,0.017926,-0.282044,-0.210731,0.184990,-0.127076,-0.119656,-0.019671,0.014290,0.020949,-0.187108,-0.150594,0.104070,-0.099069,0.020803,0.023549,0.014613
0.011834,0.050806,0.748929,-0.001675,-0.022530,-0.817065,0.576103,-0.134043,-0.081514,0.369285,0.597420,-0.443326,0.158583,-0.471536,0.140150,0.212766,0.894242,-0.389834,0.017449,0.245179,-0.000611,-0.278813,-0.206191,0.184927,-0.120869,-0.119528,-0.019008,0.014663,0.022722,-0.189679,-0.137644,0.110330,-0.097664,0.020895,0.023720,0.018470
0.014702,0.049973,0.749893,0.002196,-0.027598,-0.812048,0.582933,-0.117334,-0.112962,0.359037,0.552696,-0.424011,0.166568,-0.470209,0.116333,0.217060,0.897855,-0.395812,0.020267,0.268951,-0.005719,-0.280532,-0.206543,0.183365,-0.119812,-0.121322,-0.017129,0.015137,0.021970,-0.194341,-0.132661,0.112740,-0.095317,0.022659,0.023714,0.018753
0.017620,0.049177,0.750973,0.005715,-0.032488,-0.806934,0.589720,-0.099899,-0.143258,0.348105,0.508983,-0.404664,0.174841,-0.468089,0.093226,0.221276,0.900575,-0.401320,0.023064,0.292211,-0.010688,-0.282563,-0.208339,0.182412,-0.119670,-0.122944,-0.015041,0.015605,0.021932,-0.197388,-0.124853,0.113953,-0.093008,0.024134,0.023760,0.019204
0.020606,0.048403,0.752058,0.009141,-0.037262,-0.801736,0.596445,-0.082186,-0.172749,0.337084,0.466495,-0.386144,0.183204,-0.466105,0.070495,0.225472,0.903392,-0.406989,0.025905,0.315243,-0.015984,-0.285223,-0.210704,0.181855,-0.119427,-0.124701,-0.012563,0.016102,0.022412,-0.198923,-0.114120,0.114063,-0.090725,0.025202,0.023969,0.020206
0.023527,0.048275,0.753676,0.010333,-0.037881,-0.794507,0.605984,-0.068280,-0.192209,0.311935,0.427560,-0.364912,0.189725,-0.460664,0.046951,0.209251,0.893317,-0.404727,0.027481,0.326559,-0.018120,-0.287584,-0.205574,0.182175,-0.115817,-0.124562,-0.013893,0.015983,0.022727,-0.199494,-0.117191,0.109767,-0.088380,0.026647,0.023936,0.017767
0.026560,0.048196,0.755375,0.011228,-0.038085,-0.787186,0.615436,-0.054423,-0.210149,0.286428,0.390192,-0.344328,0.196689,-0.454352,0.024292,0.192567,0.881814,-0.401986,0.029223,0.337965,-0.018999,-0.290528,-0.197976,0.182648,-0.109235,-0.125228,-0.014586,0.015966,0.023058,-0.199167,-0.117143,0.105125,-0.086059,0.027997,0.024131,0.015694
0.029599,0.048179,0.757271,0.012016,-0.038125,-0.779770,0.624789,-0.040461,-0.227286,0.260961,0.353922,-0.324467,0.203950,-0.447613,0.002091,0.175830,0.869850,-0.399255,0.031183,0.349386,-0.019390,-0.293804,-0.188379,0.183070,-0.100197,-0.126393,-0.014684,0.016039,0.023573,-0.197977,-0.113527,0.099773,-0.082997,0.029278,0.024497,0.013951
0.030424,0.048950,0.759832,0.012282,-0.036114,-0.769240,0.637820,-0.028345,-0.235600,0.226670,0.318508,-0.298952,0.205758,-0.437282,-0.017911,0.148214,0.849752,-0.389955,0.032274,0.354539,-0.015216,-0.299458,-0.185340,0.180687,-0.098424,-0.126289,-0.016413,0.016238,0.022403,-0.198913,-0.119426,0.103053,-0.082702,0.031319,0.023998,0.014686
0.031240,0.049755,0.762555,0.012246,-0.033999,-0.758513,0.650656,-0.016007,-0.243061,0.192089,0.284255,-0.273990,0.208446,-0.425599,-0.037359,0.120008,0.828619,-0.380534,0.033820,0.359906,-0.011005,-0.304994,-0.183405,0.177481,-0.097132,-0.125351,-0.018102,0.016241,0.021873,-0.198282,-0.122495,0.104523,-0.081637,0.033727,0.023672,0.015249
0.031962,0.050663,0.765318,0.012072,-0.031879,-0.747578,0.663299,-0.003481,-0.250069,0.157556,0.250869,-0.249659,0.211569,-0.413002,-0.056374,0.091707,0.807081,-0.371240,0.035660,0.365312,-0.006974,-0.310559,-0.181107,0.173733,-0.095138,-0.124109,-0.019641,0.016210,0.021757,-0.196182,-0.122616,0.104242,-0.079549,0.036415,0.023435,0.015935
0.032420,0.051681,0.767886,0.010999,-0.029170,-0.736095,0.676160,0.009332,-0.251815,0.121578,0.219134,-0.223800,0.210697,-0.397218,-0.067056,0.070524,0.783169,-0.360869,0.037679,0.365880,-0.001551,-0.316221,-0.187141,0.172661,-0.100021,-0.121843,-0.018967,0.016497,0.021784,-0.206057,-0.126173,0.112938,-0.081537,0.035827,0.022873,0.016003
0.032782,0.052606,0.770502,0.009694,-0.026660,-0.724392,0.688805,0.022487,-0.253472,0.084791,0.188325,-0.198162,0.211446,-0.380353,-0.077587,0.049050,0.758537,-0.350326,0.040489,0.366538,0.003695,-0.321121,-0.194676,0.171138,-0.105506,-0.118769,-0.018537,0.016676,0.022614,-0.216698,-0.127389,0.121613,-0.082506,0.035984,0.022465,0.015651
0.033148,0.053577,0.773325,0.008292,-0.024299,-0.712439,0.701264,0.035885,-0.255038,0.048024,0.158112,-0.172970,0.212714,-0.362812,-0.087921,0.027574,0.733477,-0.339720,0.043604,0.367161,0.008648,-0.325876,-0.202567,0.169405,-0.110831,-0.115540,-0.018102,0.016853,0.023847,-0.227919,-0.126542,0.130341,-0.082755,0.036700,0.022071,0.015355
0.032899,0.054198,0.775801,0.006234,-0.022425,-0.700065,0.713700,0.042011,-0.253066,0.013149,0.147105,-0.152641,0.210073,-0.346269,-0.094409,0.008222,0.715821,-0.324987,0.045259,0.363819,0.007080,-0.326022,-0.198366,0.170527,-0.112188,-0.118395,-0.017612,0.016131,0.022272,-0.224907,-0.132436,0.130371,-0.085706,0.035195,0.021080,0.014277
0.032563,0.054630,0.778290,0.004360,-0.020473,-0.687451,0.725929,0.047745,-0.251294,-0.022055,0.136509,-0.132638,0.207890,-0.330167,-0.101030,-0.011490,0.698320,-0.310422,0.047600,0.360402,0.004892,-0.327115,-0.192392,0.172280,-0.112107,-0.122972,-0.016481,0.016072,0.020451,-0.221190,-0.137627,0.129785,-0.089759,0.033703,0.020616,0.013765
0.032166,0.055011,0.780806,0.002485,-0.018555,-0.674623,0.737925,0.053714,-0.249604,-0.057416,0.125867,-0.112711,0.205993,-0.314040,-0.107503,-0.031213,0.680795,-0.295859,0.050004,0.356987,0.002622,-0.328519,-0.186060,0.174631,-0.111594,-0.128251,-0.015080,0.016193,0.018671,-0.218795,-0.141950,0.130273,-0.093841,0.032586,0.020204,0.013462
0.031080,0.054962,0.782764,0.001349,-0.017480,-0.666264,0.745510,0.055147,-0.247698,-0.083936,0.124446,-0.099815,0.203195,-0.297764,-0.110437,-0.047709,0.659665,-0.288568,0.049172,0.354469,0.005096,-0.332269,-0.186276,0.172587,-0.111131,-0.120262,-0.017912,0.014528,0.018825,-0.222160,-0.140485,0.135823,-0.086876,0.033826,0.018671,0.015007
0.029519,0.054584,0.784029,0.001442,-0.018815,-0.656456,0.754128,0.057435,-0.251858,-0.112965,0.126949,-0.088963,0.199813,-0.283596,-0.120149,-0.064272,0.650401,-0.289128,0.049520,0.349756,0.000283,-0.330680,-0.182364,0.173952,-0.107774,-0.123108,-0.017616,0.016589,0.018372,-0.217679,-0.147694,0.134492,-0.091199,0.033364,0.020472,0.014741
0.028204,0.054316,0.785542,0.001241,-0.019050,-0.647152,0.762122,0.059235,-0.253644,-0.140957,0.127641,-0.077197,0.196202,-0.269038,-0.126901,-0.080702,0.636431,-0.286556,0.049708,0.345985,-0.002128,-0.331780,-0.180791,0.174825,-0.106668,-0.121474,-0.018546,0.017189,0.018112,-0.217582,-0.150963,0.137328,-0.090881,0.034085,0.020967,0.015801
0.027082,0.054166,0.785414,0.000141,-0.018297,-0.635691,0.771727,0.060471,-0.252559,-0.161460,0.128294,-0.082282,0.195656,-0.257807,-0.129404,-0.092722,0.631370,-0.293181,0.050508,0.335421,-0.003526,-0.330587,-0.180263,0.171914,-0.106811,-0.117608,-0.020143,0.016632,0.018738,-0.216921,-0.154551,0.137410,-0.090595,0.033271,0.020867,0.015442
0.025837,0.053950,0.785162,-0.000814,-0.017650,-0.624028,0.781202,0.061489,-0.251866,-0.181991,0.129337,-0.087578,0.195127,-0.246976,-0.132244,-0.104629,0.627150,-0.300326,0.051422,0.324661,-0.005800,-0.329362,-0.180277,0.169859,-0.108048,-0.113495,-0.021813,0.016031,0.019409,-0.216197,-0.158628,0.137977,-0.090504,0.032657,0.020783,0.015464
0.024673,0.053677,0.784911,-0.001735,-0.017012,-0.612211,0.790510,0.062450,-0.251227,-0.202573,0.130455,-0.092869,0.194603,-0.236225,-0.135072,-0.116502,0.623050,-0.307570,0.052395,0.313870,-0.008442,-0.328245,-0.180182,0.168627,-0.109800,-0.109044,-0.023623,0.015436,0.020149,-0.215799,-0.163220,0.139595,-0.090408,0.032363,0.020671,0.015804
0.023218,0.053529,0.783379,-0.001484,-0.016763,-0.605374,0.795763,0.047251,-0.253964,-0.207908,0.159850,-0.112717,0.193642,-0.236843,-0.140573,-0.129451,0.633161,-0.321228,0.052490,0.294311,-0.014252,-0.321241,-0.182118,0.165967,-0.110132,-0.111284,-0.023014,0.015673,0.019018,-0.217648,-0.162926,0.139150,-0.092465,0.031842,0.020772,0.014313
0.021712,0.053390,0.781839,-0.000454,-0.016226,-0.598444,0.801000,0.029548,-0.258170,-0.212398,0.191253,-0.133424,0.192485,-0.239604,-0.146974,-0.141711,0.644481,-0.335570,0.051199,0.274301,-0.021784,-0.315489,-0.183383,0.164611,-0.110551,-0.113602,-0.022564,0.016244,0.018007,-0.219757,-0.162782,0.139557,-0.094534,0.031748,0.021074,0.012986
0.020284,0.053161,0.780368,0.000784,-0.015600,-0.591444,0.806195,0.011115,-0.263000,-0.216361,0.223556,-0.154691,0.191100,-0.242625,-0.153634,-0.153839,0.655694,-0.349824,0.049876,0.254183,-0.029990,-0.310368,-0.183691,0.164081,-0.110696,-0.115668,-0.022290,0.016868,0.017051,-0.222029,-0.163125,0.140948,-0.096723,0.031888,0.021374,0.011845
0.019514,0.053964,0.777981,0.001264,-0.014644,-0.584728,0.811096,-0.016921,-0.268082,-0.211437,0.272018,-0.174293,0.191508,-0.253267,-0.160138,-0.162096,0.678935,-0.360057,0.052713,0.222984,-0.028668,-0.306106,-0.181198,0.160824,-0.105923,-0.116141,-0.022103,0.016747,0.017499,-0.218912,-0.165662,0.135623,-0.098439,0.029773,0.020916,0.011061
0.018650,0.054748,0.775688,0.002420,-0.013522,-0.577870,0.816013,-0.047352,-0.274497,-0.205367,0.322993,-0.195143,0.191446,-0.264486,-0.167452,-0.169489,0.701454,-0.372430,0.053494,0.191031,-0.028998,-0.303418,-0.176902,0.158611,-0.100160,-0.116719,-0.021942,0.016596,0.017725,-0.214415,-0.168382,0.129638,-0.100725,0.027321,0.020642,0.010676
0.017899,0.055441,0.773489,0.003655,-0.012257,-0.570899,0.820921,-0.079005,-0.281139,-0.198461,0.375921,-0.217129,0.191214,-0.275716,-0.174856,-0.176848,0.723667,-0.384683,0.054184,0.158712,-0.029763,-0.301687,-0.171180,0.157141,-0.093456,-0.117455,-0.021784,0.016508,0.017931,-0.209218,-0.171668,0.123501,-0.103630,0.024761,0.020381,0.010438
0.017331,0.056726,0.770805,0.000754,-0.008324,-0.563340,0.826183,-0.108754,-0.269468,-0.173730,0.422544,-0.240384,0.192159,-0.283078,-0.173204,-0.190996,0.739565,-0.391877,0.054185,0.111048,-0.023332,-0.296298,-0.176292,0.153180,-0.098854,-0.117683,-0.020852,0.016369,0.016661,-0.209565,-0.170441,0.123017,-0.101166,0.024203,0.020407,0.009649
0.016727,0.057990,0.768253,-0.002728,-0.004203,-0.555856,0.831263,-0.138973,-0.256376,-0.148260,0.472315,-0.265914,0.192532,-0.289428,-0.169905,-0.205469,0.753965,-0.398979,0.053532,0.063094,-0.016600,-0.291309,-0.182257,0.149859,-0.104701,-0.117446,-0.020132,0.016238,0.016262,-0.210616,-0.169979,0.122585,-0.098894,0.023700,0.020184,0.008653
0.016140,0.059226,0.765685,-0.006600,0.000263,-0.548444,0.836161,-0.170037,-0.241933,-0.122150,0.524824,-0.293462,0.192728,-0.295944,-0.165289,-0.219995,0.768103,-0.405891,0.052649,0.015177,-0.009418,-0.287388,-0.187185,0.147006,-0.109259,-0.117553,-0.019337,0.016116,0.016128,-0.211846,-0.170713,0.122087,-0.097368,0.022954,0.019866,0.007586
0.015043,0.059919,0.763447,-0.013257,0.006643,-0.540716,0.841074,-0.199924,-0.218279,-0.106537,0.574149,-0.316045,0.191143,-0.297507,-0.148631,-0.232793,0.771853,-0.407331,0.051101,-0.032577,0.013164,-0.284373,-0.185471,0.141294,-0.109254,-0.115498,-0.019617,0.015865,0.016602,-0.206828,-0.169686,0.118390,-0.096326,0.022062,0.019845,0.006972
0.013983,0.060503,0.761240,-0.020731,0.013510,-0.533218,0.845616,-0.229857,-0.192124,-0.091148,0.625660,-0.340375,0.188914,-0.298057,-0.129416,-0.246346,0.773207,-0.408762,0.048487,-0.079979,0.037909,-0.282245,-0.181142,0.136392,-0.106703,-0.114577,-0.019419,0.015624,0.016902,-0.201380,-0.169418,0.114340,-0.096386,0.020298,0.019949,0.006726
0.012905,0.060915,0.758777,-0.028712,0.020779,-0.525844,0.849842,-0.260207,-0.164172,-0.076136,0.679265,-0.366284,0.186408,-0.299144,-0.108513,-0.259933,0.774582,-0.410207,0.045554,-0.127092,0.064035,-0.280706,-0.175523,0.132087,-0.102495,-0.114659,-0.018778,0.015512,0.017236,-0.196385,-0.170079,0.110298,-0.097171,0.017972,0.020123,0.006400
0.010846,0.060701,0.757831,-0.037627,0.028199,-0.523857,0.850507,-0.280071,-0.131518,-0.072586,0.711827,-0.387598,0.179958,-0.297041,-0.079682,-0.272089,0.762630,-0.401771,0.038583,-0.161969,0.085222,-0.279647,-0.179823,0.127270,-0.105760,-0.111746,-0.017977,0.015694,0.016678,-0.195457,-0.165158,0.109585,-0.095115,0.018085,0.020632,0.005552
0.008748,0.060524,0.756878,-0.047059,0.035209,-0.522008,0.850913,-0.297592,-0.097934,-0.069391,0.743571,-0.409013,0.173212,-0.293138,-0.049905,-0.284172,0.748834,-0.393345,0.031821,-0.195925,0.106420,-0.277587,-0.185146,0.120974,-0.109134,-0.108040,-0.017088,0.015519,0.016893,-0.195587,-0.161407,0.109073,-0.092738,0.018023,0.020872,0.004257
0.006686,0.060168,0.755776,-0.056797,0.042162,-0.520176,0.851124,-0.314410,-0.063560,-0.066684,0.775951,-0.431202,0.166262,-0.289260,-0.019448,-0.296141,0.735249,-0.385120,0.024926,-0.229549,0.128074,-0.275459,-0.189892,0.113592,-0.111395,-0.104479,-0.015831,0.015301,0.017411,-0.196070,-0.158214,0.108304,-0.090552,0.017519,0.021109,0.002597
0.005172,0.059238,0.756315,-0.064911,0.048657,-0.522947,0.848496,-0.323135,-0.029728,-0.061541,0.789469,-0.443021,0.158801,-0.279016,0.012963,-0.301139,0.702355,-0.371443,0.018278,-0.248447,0.149312,-0.274566,-0.191823,0.106552,-0.116266,-0.101469,-0.019007,0.015076,0.015805,-0.193132,-0.156025,0.106215,-0.089074,0.018386,0.020845,0.004056
0.003711,0.058303,0.757048,-0.073148,0.054802,-0.525775,0.845699,-0.329721,0.004299,-0.056431,0.801195,-0.454297,0.151477,-0.267157,0.045563,-0.305509,0.667930,-0.357128,0.011576,-0.266448,0.170123,-0.273322,-0.193022,0.097106,-0.120345,-0.098623,-0.021887,0.015105,0.014223,-0.188483,-0.154446,0.102587,-0.088156,0.018675,0.020590,0.005618
0.002156,0.057381,0.757701,-0.081401,0.060858,-0.528536,0.842805,-0.335760,0.038432,-0.051607,0.812957,-0.465788,0.144086,-0.255029,0.078088,-0.309628,0.633646,-0.343062,0.004814,-0.284264,0.190818,-0.271986,-0.193879,0.085494,-0.123989,-0.095698,-0.024541,0.015289,0.012618,-0.182870,-0.152785,0.097681,-0.087420,0.018489,0.020490,0.007061
0.001164,0.055994,0.759284,-0.085370,0.064941,-0.534945,0.838050,-0.333286,0.062796,-0.041764,0.807171,-0.468744,0.139031,-0.243105,0.104902,-0.298021,0.594805,-0.326226,0.000161,-0.294845,0.199392,-0.271533,-0.191074,0.089005,-0.122185,-0.094440,-0.024895,0.015141,0.012246,-0.178059,-0.154883,0.095601,-0.087396,0.019518,0.020370,0.007188
0.000485,0.054908,0.761932,-0.086400,0.067589,-0.540278,0.834306,-0.325453,0.078488,-0.029937,0.787221,-0.463338,0.135433,-0.229875,0.123073,-0.285487,0.553774,-0.308156,-0.002973,-0.310330,0.202102,-0.274420,-0.188009,0.090131,-0.121388,-0.089056,-0.026148,0.013243,0.011157,-0.173812,-0.151402,0.093747,-0.083256,0.021144,0.019347,0.007534
-0.000789,0.053367,0.762988,-0.091372,0.071223,-0.546990,0.829084,-0.322747,0.105032,-0.020032,0.787454,-0.471005,0.128872,-0.216967,0.151085,-0.273264,0.519773,-0.294727,-0.008669,-0.318149,0.212019,-0.271106,-0.184104,0.091123,-0.117998,-0.093015,-0.025751,0.015104,0.010832,-0.169554,-0.157469,0.091980,-0.086452,0.021552,0.020423,0.006504
-0.000332,0.053117,0.765808,-0.090408,0.072503,-0.555166,0.823626,-0.311130,0.112262,-0.006057,0.762092,-0.459273,0.128060,-0.204347,0.162489,-0.253536,0.479412,-0.272733,-0.009844,-0.327802,0.212019,-0.273647,-0.185662,0.091410,-0.122054,-0.088892,-0.026598,0.013000,0.009594,-0.169123,-0.152772,0.091523,-0.083795,0.021714,0.019118,0.007065
-0.000215,0.052752,0.768208,-0.090403,0.073485,-0.563776,0.817670,-0.299497,0.121680,0.008059,0.741757,-0.451367,0.126339,-0.191543,0.175407,-0.233329,0.443270,-0.253535,-0.011800,-0.334746,0.212928,-0.273758,-0.187653,0.090743,-0.126246,-0.088229,-0.027108,0.011881,0.008980,-0.169266,-0.151680,0.091546,-0.083411,0.021358,0.018360,0.007149
0.000003,0.052355,0.770462,-0.090617,0.074468,-0.572454,0.811504,-0.287930,0.131445,0.022293,0.722399,-0.444333,0.124290,-0.178570,0.188432,-0.212872,0.407972,-0.234856,-0.014089,-0.340953,0.214320,-0.273285,-0.190224,0.088169,-0.130807,-0.088021,-0.027949,0.011354,0.008300,-0.169796,-0.151467,0.091669,-0.083530,0.021201,0.017937,0.006976
0.000355,0.052118,0.772571,-0.089181,0.074846,-0.585337,0.802387,-0.275917,0.138015,0.040664,0.703210,-0.434614,0.123520,-0.169535,0.197745,-0.188298,0.377018,-0.214804,-0.014396,-0.341324,0.216039,-0.273859,-0.192432,0.089960,-0.131233,-0.086067,-0.027966,0.011558,0.008650,-0.169810,-0.152369,0.092555,-0.084444,0.021141,0.017733,0.007491
0.000747,0.051939,0.774639,-0.087397,0.075319,-0.598267,0.792947,-0.263917,0.143976,0.059833,0.683209,-0.424776,0.122493,-0.161529,0.206432,-0.162864,0.347422,-0.195115,-0.016085,-0.340828,0.217933,-0.275395,-0.194642,0.089973,-0.131735,-0.083984,-0.028448,0.011689,0.008614,-0.170427,-0.153657,0.094227,-0.085678,0.021133,0.017691,0.008060
0.001229,0.051809,0.776745,-0.085493,0.075822,-0.611077,0.783279,-0.251796,0.149507,0.079234,0.662786,-0.415005,0.121314,-0.153738,0.214740,-0.137232,0.318421,-0.175790,-0.017998,-0.340087,0.219989,-0.277369,-0.197253,0.088123,-0.132794,-0.081392,-0.029406,0.011782,0.008279,-0.171552,-0.155245,0.096444,-0.086941,0.021250,0.017667,0.008603
0.002574,0.051515,0.778338,-0.083764,0.076286,-0.620211,0.776210,-0.240884,0.155732,0.107672,0.644049,-0.405631,0.122554,-0.142644,0.219494,-0.111062,0.286854,-0.157333,-0.015237,-0.338867,0.221750,-0.279538,-0.195322,0.092628,-0.129660,-0.082559,-0.028656,0.011000,0.010364,-0.172027,-0.158073,0.095034,-0.086810,0.020953,0.017790,0.007682
0.003997,0.051179,0.780114,-0.081979,0.076604,-0.629211,0.769093,-0.228880,0.161225,0.136273,0.624208,-0.396063,0.123647,-0.131076,0.223753,-0.084730,0.255325,-0.139008,-0.013233,-0.338316,0.223583,-0.281793,-0.192846,0.096948,-0.126777,-0.084696,-0.027959,0.010557,0.012424,-0.172306,-0.160887,0.093407,-0.087010,0.020507,0.017697,0.007044
0.005499,0.050825,0.781863,-0.080191,0.076855,-0.638108,0.761893,-0.216089,0.166199,0.165046,0.603667,-0.386501,0.124485,-0.119342,0.227677,-0.058367,0.224157,-0.120971,-0.011553,-0.338014,0.225437,-0.284081,-0.190874,0.100283,-0.124619,-0.086723,-0.027582,0.010260,0.014426,-0.172808,-0.164207,0.091861,-0.087455,0.020009,0.017560,0.006512
0.006843,0.050993,0.783242,-0.078271,0.076187,-0.651254,0.750958,-0.203137,0.167550,0.188093,0.586294,-0.376636,0.124394,-0.110276,0.230925,-0.029026,0.197396,-0.100960,-0.012095,-0.334911,0.222750,-0.285128,-0.194089,0.104315,-0.129622,-0.088390,-0.026230,0.011116,0.012012,-0.172774,-0.163835,0.095310,-0.087678,0.020485,0.017771,0.006502
0.008121,0.051107,0.784633,-0.076457,0.075574,-0.664304,0.739691,-0.190233,0.168916,0.211114,0.569199,-0.367051,0.124502,-0.101613,0.234034,-0.000362,0.171602,-0.081196,-0.011601,-0.331766,0.220100,-0.285985,-0.199523,0.107385,-0.136821,-0.089408,-0.025302,0.011883,0.009605,-0.173747,-0.164313,0.099303,-0.087874,0.021137,0.018013,0.006513
0.009458,0.051141,0.786052,-0.074713,0.074993,-0.677167,0.728175,-0.177105,0.170103,0.234190,0.551875,-0.357578,0.124455,-0.092988,0.237016,0.028431,0.146170,-0.061658,-0.011410,-0.328632,0.217567,-0.286824,-0.206856,0.109574,-0.145939,-0.090003,-0.024834,0.012549,0.007151,-0.175594,-0.166107,0.103971,-0.088230,0.021984,0.018185,0.006465
0.010932,0.051111,0.786643,-0.074280,0.072657,-0.686921,0.719265,-0.165147,0.166384,0.245141,0.543272,-0.350165,0.125784,-0.091154,0.238433,0.055696,0.145621,-0.055178,-0.008616,-0.319217,0.218199,-0.283825,-0.208498,0.113484,-0.146289,-0.090535,-0.026141,0.011730,0.008252,-0.176071,-0.167314,0.102398,-0.087508,0.023114,0.018103,0.006102
0.012379,0.050947,0.787246,-0.073730,0.070528,-0.696498,0.710267,-0.154180,0.162845,0.256065,0.535612,-0.343606,0.126615,-0.091320,0.239942,0.082573,0.148273,-0.050487,-0.006439,-0.309824,0.219248,-0.281576,-0.210654,0.117197,-0.147432,-0.091529,-0.027727,0.010979,0.008564,-0.176366,-0.170143,0.100772,-0.087241,0.024202,0.017778,0.006341
0.013805,0.050729,0.787849,-0.073109,0.068518,-0.705979,0.701109,-0.143651,0.159339,0.266922,0.528165,-0.337387,0.127501,-0.091965,0.241501,0.109463,0.151413,-0.046010,-0.004156,-0.300304,0.220414,-0.279903,-0.214497,0.120357,-0.150642,-0.092310,-0.029689,0.010205,0.008367,-0.176902,-0.174506,0.099519,-0.087151,0.025464,0.017337,0.006609
0.014353,0.051099,0.787552,-0.071963,0.065088,-0.718740,0.688475,-0.134750,0.152156,0.269833,0.526226,-0.335632,0.127854,-0.104211,0.245317,0.133773,0.177425,-0.052065,-0.003211,-0.278465,0.220283,-0.274298,-0.219782,0.124170,-0.154204,-0.092564,-0.028462,0.009987,0.008755,-0.179256,-0.173551,0.099826,-0.088766,0.024310,0.017351,0.006916
0.014898,0.051398,0.787097,-0.070671,0.062127,-0.731490,0.675328,-0.127910,0.146014,0.273101,0.526662,-0.335295,0.127730,-0.119692,0.250447,0.158508,0.207879,-0.061007,-0.002406,-0.255354,0.221351,-0.269880,-0.226271,0.127987,-0.159148,-0.093363,-0.027118,0.010081,0.008641,-0.182574,-0.174473,0.101069,-0.090907,0.022887,0.017723,0.007060
0.015455,0.051675,0.786626,-0.069341,0.059452,-0.744071,0.661828,-0.121985,0.140387,0.276264,0.527853,-0.335351,0.127608,-0.136409,0.256440,0.182872,0.239728,-0.070468,-0.001149,-0.231662,0.223217,-0.266501,-0.233921,0.131818,-0.165735,-0.094060,-0.025985,0.010190,0.008043,-0.186253,-0.176932,0.102827,-0.093222,0.021569,0.018049,0.006964
0.016402,0.052546,0.784372,-0.067459,0.055061,-0.756595,0.648060,-0.116929,0.134368,0.292836,0.535113,-0.347718,0.129330,-0.167802,0.260390,0.191690,0.301617,-0.092405,-0.002823,-0.190631,0.222079,-0.260301,-0.218961,0.151529,-0.150826,-0.108597,-0.022119,0.013560,0.011122,-0.174388,-0.179150,0.092542,-0.101336,0.019793,0.020719,0.006947
0.017276,0.053440,0.782638,-0.064967,0.049546,-0.767922,0.635311,-0.107778,0.123278,0.307895,0.532849,-0.354890,0.131323,-0.196315,0.260667,0.198032,0.359823,-0.112477,-0.003294,-0.153184,0.216807,-0.256302,-0.206421,0.167502,-0.139881,-0.116157,-0.020013,0.014245,0.012416,-0.162034,-0.179096,0.082131,-0.105102,0.019303,0.021609,0.006735
0.018132,0.054230,0.780835,-0.062488,0.043597,-0.778949,0.622442,-0.097752,0.111096,0.322844,0.529433,-0.361450,0.133383,-0.224922,0.260854,0.203671,0.420115,-0.133861,-0.003162,-0.115820,0.210460,-0.252581,-0.193735,0.184241,-0.129506,-0.123097,-0.018064,0.014278,0.013512,-0.148432,-0.179815,0.070321,-0.109055,0.018528,0.022081,0.006364
0.019176,0.055708,0.777438,-0.058933,0.034545,-0.789547,0.609877,-0.091740,0.091139,0.334754,0.534519,-0.372025,0.136772,-0.254780,0.253113,0.205860,0.484066,-0.159215,-0.000826,-0.073410,0.188956,-0.249170,-0.200590,0.180419,-0.133745,-0.123208,-0.018129,0.015000,0.013951,-0.160483,-0.176093,0.079408,-0.110524,0.017342,0.023096,0.009195
0.020319,0.057177,0.773882,-0.055167,0.024899,-0.799811,0.597193,-0.086616,0.069446,0.346138,0.540768,-0.381954,0.141234,-0.285601,0.244464,0.207736,0.551592,-0.186555,0.002626,-0.030817,0.167025,-0.245615,-0.210027,0.178216,-0.139824,-0.121795,-0.018766,0.014999,0.015245,-0.178296,-0.172274,0.093089,-0.109458,0.016897,0.023642,0.010439
0.021489,0.058461,0.770117,-0.051201,0.014752,-0.809697,0.584424,-0.082009,0.046324,0.357399,0.547458,-0.392155,0.146010,-0.316959,0.235074,0.209431,0.621770,-0.215674,0.006803,0.011600,0.144595,-0.242347,-0.218833,0.178632,-0.145355,-0.120888,-0.019291,0.014794,0.016691,-0.196859,-0.168306,0.107098,-0.107979,0.016301,0.024022,0.011013
0.023782,0.059460,0.766239,-0.047257,0.005553,-0.812772,0.580635,-0.080656,0.022639,0.368771,0.552348,-0.400405,0.152886,-0.339340,0.218154,0.212957,0.673121,-0.244056,0.011515,0.039541,0.127355,-0.238075,-0.215547,0.178574,-0.136427,-0.120223,-0.019410,0.014519,0.019198,-0.196664,-0.165776,0.107946,-0.104061,0.018677,0.023865,0.010139
0.025972,0.060327,0.762385,-0.043416,-0.003985,-0.815574,0.577008,-0.078514,-0.001864,0.379633,0.556451,-0.408099,0.160114,-0.359839,0.200571,0.216562,0.723333,-0.272402,0.016398,0.067016,0.109411,-0.234090,-0.208741,0.179922,-0.124906,-0.120745,-0.018662,0.014323,0.021014,-0.191481,-0.163439,0.104826,-0.102139,0.019796,0.023944,0.009925
0.028172,0.061023,0.758486,-0.039418,-0.013861,-0.818178,0.573445,-0.076532,-0.027285,0.390392,0.560750,-0.415948,0.167498,-0.379898,0.182283,0.220455,0.774190,-0.301471,0.021564,0.094409,0.090486,-0.230297,-0.200001,0.182192,-0.111542,-0.121741,-0.017415,0.014177,0.022904,-0.183906,-0.160862,0.099789,-0.100952,0.020115,0.024217,0.009866
0.030459,0.060555,0.756476,-0.034860,-0.022593,-0.818259,0.573346,-0.069524,-0.056853,0.394476,0.547539,-0.409394,0.175371,-0.390567,0.158369,0.225805,0.803182,-0.323247,0.034727,0.122236,0.078385,-0.228917,-0.195538,0.179649,-0.107601,-0.122268,-0.016307,0.014974,0.022614,-0.184528,-0.157022,0.101523,-0.099732,0.021383,0.024670,0.011870
0.032831,0.060087,0.754429,-0.030549,-0.031565,-0.818216,0.573230,-0.061283,-0.086843,0.398484,0.533328,-0.402734,0.183139,-0.399662,0.134206,0.231182,0.831508,-0.345126,0.048012,0.149880,0.066354,-0.226631,-0.190490,0.177480,-0.102226,-0.122004,-0.015017,0.015659,0.023210,-0.185167,-0.151717,0.103358,-0.097389,0.022514,0.025010,0.013465
0.035243,0.059583,0.752342,-0.026172,-0.040692,-0.818046,0.573114,-0.053020,-0.117299,0.402341,0.519396,-0.396317,0.191036,-0.408337,0.109689,0.236574,0.860239,-0.367678,0.061435,0.177382,0.053976,-0.224203,-0.183633,0.175611,-0.094382,-0.121522,-0.013299,0.016246,0.024276,-0.184488,-0.144848,0.104314,-0.094424,0.023292,0.025347,0.015089
0.037916,0.058544,0.752151,-0.022639,-0.043592,-0.814696,0.577805,-0.045697,-0.140921,0.390632,0.492731,-0.385298,0.198371,-0.411599,0.090987,0.236895,0.866458,-0.376427,0.065059,0.196811,0.047124,-0.228389,-0.186385,0.173727,-0.099532,-0.123314,-0.012909,0.016353,0.021743,-0.192859,-0.141485,0.112344,-0.093449,0.023344,0.025078,0.015831
0.040582,0.057492,0.752183,-0.019470,-0.046094,-0.811362,0.582398,-0.038165,-0.163029,0.378739,0.466900,-0.374461,0.205795,-0.413897,0.073233,0.236853,0.870762,-0.384090,0.068500,0.216033,0.040852,-0.232467,-0.190681,0.171938,-0.105369,-0.124010,-0.012499,0.016341,0.020415,-0.200217,-0.135958,0.119536,-0.091616,0.023421,0.024833,0.016286
0.043224,0.056560,0.752228,-0.016357,-0.048521,-0.807991,0.586966,-0.030462,-0.184726,0.366857,0.441693,-0.364034,0.213278,-0.416083,0.055660,0.236837,0.874957,-0.391756,0.071912,0.235135,0.034302,-0.236622,-0.194840,0.170198,-0.110441,-0.124544,-0.011691,0.016279,0.019597,-0.206156,-0.128505,0.125640,-0.089354,0.023260,0.024671,0.017003
0.043836,0.057153,0.753834,-0.014947,-0.047571,-0.799719,0.598300,-0.022336,-0.196273,0.341697,0.411396,-0.348666,0.215299,-0.412470,0.037041,0.215638,0.864192,-0.386264,0.066047,0.248277,0.026028,-0.240004,-0.193961,0.168769,-0.111086,-0.122357,-0.012761,0.016209,0.019324,-0.204152,-0.129599,0.121343,-0.088745,0.024214,0.024245,0.015442
0.044508,0.057817,0.755741,-0.013940,-0.046370,-0.791276,0.609539,-0.013752,-0.206847,0.315823,0.381804,-0.332981,0.218346,-0.407191,0.018935,0.193763,0.851584,-0.380462,0.060281,0.261354,0.018175,-0.243526,-0.192465,0.167329,-0.111051,-0.120736,-0.013258,0.016150,0.019069,-0.200078,-0.129452,0.115580,-0.088985,0.024826,0.024210,0.014451
0.045176,0.058578,0.757654,-0.013083,-0.045039,-0.782692,0.620640,-0.004983,-0.216903,0.289991,0.352797,-0.317728,0.221585,-0.401216,0.001223,0.171794,0.838504,-0.374814,0.054657,0.274432,0.010454,-0.247183,-0.190778,0.165908,-0.110551,-0.119394,-0.013347,0.016206,0.018923,-0.195608,-0.127599,0.109559,-0.089022,0.025354,0.024385,0.013811
0.044753,0.059446,0.760297,-0.011820,-0.043320,-0.772355,0.633602,0.007000,-0.225002,0.257965,0.315762,-0.291624,0.221813,-0.393041,-0.017646,0.143988,0.820986,-0.364027,0.052444,0.283552,0.007801,-0.252473,-0.192498,0.164471,-0.113208,-0.116450,-0.015512,0.016462,0.018658,-0.197621,-0.130134,0.112659,-0.085908,0.028607,0.023928,0.014282
0.044389,0.060255,0.763063,-0.010853,-0.041602,-0.761790,0.646395,0.019600,-0.232604,0.226019,0.279357,-0.266223,0.222336,-0.383551,-0.036205,0.116014,0.802845,-0.353307,0.050487,0.292627,0.005795,-0.257328,-0.194196,0.162926,-0.115202,-0.113108,-0.017607,0.016470,0.018658,-0.201063,-0.130763,0.116916,-0.081556,0.032478,0.023340,0.014619
0.043969,0.061060,0.765955,-0.010042,-0.039869,-0.751015,0.659004,0.032390,-0.239841,0.194139,0.243892,-0.241528,0.223366,-0.373071,-0.054466,0.087990,0.784255,-0.342740,0.048794,0.301672,0.004036,-0.262141,-0.195404,0.161286,-0.116509,-0.109656,-0.019569,0.016502,0.018711,-0.204919,-0.129603,0.121464,-0.076295,0.036770,0.022773,0.015117
0.043482,0.060626,0.768960,-0.010494,-0.035061,-0.740110,0.671489,0.048071,-0.238587,0.151580,0.202876,-0.212853,0.222698,-0.357399,-0.061231,0.062792,0.755962,-0.328290,0.048345,0.304575,0.005539,-0.269992,-0.192660,0.162049,-0.112445,-0.111342,-0.018111,0.015899,0.019490,-0.206465,-0.132254,0.120816,-0.079534,0.034541,0.022444,0.015099
0.042970,0.060120,0.772195,-0.011419,-0.030154,-0.729005,0.683749,0.064279,-0.236194,0.110482,0.162570,-0.185777,0.221340,-0.339807,-0.067100,0.036955,0.725579,-0.313519,0.048426,0.307478,0.007931,-0.278143,-0.187759,0.163047,-0.106560,-0.113686,-0.016268,0.015567,0.020197,-0.207490,-0.133617,0.120040,-0.082927,0.032398,0.022631,0.015327
0.042410,0.059564,0.775734,-0.012528,-0.025423,-0.717627,0.695851,0.080690,-0.233827,0.069452,0.123128,-0.159331,0.220758,-0.320798,-0.072706,0.011057,0.693883,-0.298673,0.049013,0.310272,0.010320,-0.286295,-0.181704,0.164258,-0.099597,-0.116244,-0.014246,0.015310,0.020944,-0.208970,-0.133807,0.119695,-0.085817,0.030627,0.022903,0.015745
0.042022,0.059287,0.779452,-0.014962,-0.022992,-0.704396,0.709277,0.082591,-0.229288,0.033213,0.122212,-0.133983,0.217782,-0.290799,-0.074065,-0.003243,0.653335,-0.282250,0.051969,0.309808,0.013419,-0.292374,-0.180918,0.163669,-0.103695,-0.115259,-0.015016,0.015215,0.019323,-0.207436,-0.136590,0.122366,-0.087314,0.028967,0.021898,0.014364
0.041486,0.058997,0.783178,-0.017508,-0.020655,-0.690880,0.722462,0.084689,-0.224619,-0.002776,0.121820,-0.109243,0.214088,-0.260514,-0.075019,-0.017706,0.612492,-0.265709,0.055320,0.309447,0.015663,-0.298383,-0.183163,0.163118,-0.110642,-0.113526,-0.016051,0.014969,0.018201,-0.205616,-0.139610,0.124142,-0.089086,0.027545,0.020901,0.013259
0.040832,0.058695,0.786815,-0.020082,-0.018493,-0.677075,0.735407,0.087294,-0.220216,-0.039095,0.121272,-0.084529,0.210575,-0.230146,-0.075829,-0.032105,0.571730,-0.249229,0.058972,0.309082,0.017289,-0.304321,-0.186750,0.163175,-0.118893,-0.111655,-0.017156,0.014648,0.017417,-0.204265,-0.142740,0.125909,-0.091067,0.026354,0.019896,0.012399
0.039163,0.057892,0.789341,-0.021792,-0.018457,-0.666052,0.745358,0.091236,-0.217749,-0.067495,0.122339,-0.069021,0.204065,-0.203445,-0.076742,-0.046081,0.539998,-0.238816,0.058130,0.303259,0.015149,-0.303797,-0.182753,0.161067,-0.114785,-0.110518,-0.017518,0.014690,0.017575,-0.200587,-0.142464,0.123123,-0.089692,0.027692,0.020089,0.012474
0.037429,0.056952,0.791815,-0.023348,-0.018511,-0.654845,0.755176,0.095178,-0.215471,-0.093942,0.123347,-0.053578,0.198216,-0.177117,-0.077815,-0.060196,0.508917,-0.228841,0.058437,0.297189,0.013243,-0.303397,-0.176118,0.160789,-0.108353,-0.110587,-0.017600,0.014780,0.017198,-0.198716,-0.141917,0.122044,-0.088236,0.029255,0.020151,0.012911
0.035803,0.056051,0.794277,-0.024843,-0.018630,-0.643466,0.764845,0.099250,-0.213382,-0.120491,0.124299,-0.038117,0.192432,-0.150793,-0.078728,-0.074340,0.477905,-0.218939,0.059119,0.291036,0.011498,-0.303040,-0.168298,0.162106,-0.101036,-0.111386,-0.017549,0.014915,0.016659,-0.198459,-0.141626,0.122643,-0.086855,0.031159,0.020120,0.013464
0.034566,0.055758,0.794538,-0.026549,-0.019835,-0.632283,0.774029,0.104495,-0.213181,-0.141092,0.124937,-0.038206,0.194211,-0.136281,-0.080589,-0.084420,0.472744,-0.220534,0.059850,0.280624,0.012755,-0.296563,-0.171847,0.161107,-0.104136,-0.111375,-0.016964,0.015207,0.015508,-0.200739,-0.144962,0.126654,-0.087194,0.029960,0.020176,0.012776
0.033127,0.055431,0.794711,-0.027850,-0.021245,-0.620908,0.783100,0.109351,-0.213660,-0.161168,0.125857,-0.038276,0.193840,-0.123245,-0.083373,-0.094304,0.470163,-0.223418,0.060984,0.270251,0.012087,-0.289693,-0.179018,0.161045,-0.110667,-0.110621,-0.016746,0.015341,0.014861,-0.203442,-0.149816,0.130818,-0.087901,0.029342,0.020145,0.011951
0.031725,0.055119,0.794879,-0.029024,-0.022683,-0.609388,0.792016,0.114123,-0.214260,-0.181271,0.126829,-0.038342,0.193407,-0.110487,-0.086261,-0.104128,0.467963,-0.226546,0.062110,0.259868,0.010668,-0.282881,-0.187495,0.162245,-0.118738,-0.109732,-0.016630,0.015419,0.014335,-0.206545,-0.155931,0.135617,-0.088914,0.029096,0.020017,0.011286
0.030682,0.054787,0.792648,-0.031139,-0.023437,-0.600334,0.798799,0.113228,-0.212913,-0.191594,0.138586,-0.064162,0.194037,-0.106274,-0.087983,-0.117739,0.481937,-0.245680,0.062504,0.246410,0.011308,-0.272131,-0.187933,0.158480,-0.118237,-0.109060,-0.017341,0.015481,0.014876,-0.204395,-0.154944,0.132237,-0.089549,0.028115,0.019974,0.011044
0.029601,0.054352,0.790354,-0.032769,-0.024146,-0.591197,0.805499,0.111125,-0.213022,-0.204477,0.151646,-0.089493,0.196766,-0.103348,-0.090473,-0.130842,0.497170,-0.265404,0.062696,0.232632,0.011044,-0.262247,-0.186552,0.156841,-0.116621,-0.109575,-0.017633,0.015765,0.014744,-0.202198,-0.154648,0.129549,-0.090548,0.027019,0.019988,0.011485
0.028399,0.053932,0.788087,-0.034303,-0.024787,-0.581983,0.812099,0.108679,-0.213390,-0.217407,0.165133,-0.114946,0.199695,-0.100622,-0.093017,-0.143811,0.512405,-0.285129,0.062834,0.218709,0.010589,-0.252727,-0.184787,0.156843,-0.114825,-0.110585,-0.017774,0.016163,0.014386,-0.200789,-0.155347,0.128145,-0.091721,0.026153,0.019920,0.012067
0.026845,0.053993,0.784707,-0.034921,-0.027933,-0.572110,0.818957,0.081020,-0.217723,-0.200103,0.231627,-0.142991,0.200219,-0.106067,-0.101537,-0.153390,0.549258,-0.308179,0.063993,0.186850,0.007315,-0.237047,-0.182724,0.148866,-0.110311,-0.107834,-0.018969,0.015924,0.016098,-0.198499,-0.152858,0.124415,-0.091397,0.026038,0.020042,0.010223
0.025174,0.053912,0.781543,-0.034572,-0.030876,-0.562049,0.825804,0.049166,-0.224989,-0.180987,0.303482,-0.173905,0.200593,-0.113410,-0.111771,-0.162278,0.587276,-0.331714,0.065113,0.154300,0.001574,-0.223057,-0.180793,0.142272,-0.106293,-0.105310,-0.020142,0.015585,0.017716,-0.195766,-0.151064,0.120599,-0.091463,0.025955,0.020196,0.008460
0.023463,0.053777,0.778614,-0.034114,-0.033702,-0.551860,0.832557,0.015009,-0.233350,-0.159797,0.379338,-0.207245,0.200609,-0.120243,-0.122060,-0.170860,0.624131,-0.354736,0.066000,0.121488,-0.004891,-0.209978,-0.178551,0.136431,-0.102248,-0.102988,-0.021297,0.015295,0.019430,-0.192660,-0.150084,0.116908,-0.091980,0.025902,0.020283,0.006713
0.021181,0.054395,0.774919,-0.035483,-0.032890,-0.543608,0.837944,-0.014515,-0.227304,-0.142950,0.434457,-0.234915,0.199194,-0.131604,-0.124522,-0.183969,0.656218,-0.371469,0.064353,0.092568,-0.003466,-0.200137,-0.179451,0.132776,-0.106472,-0.103543,-0.020916,0.015208,0.017885,-0.191242,-0.148138,0.114699,-0.091650,0.024063,0.020769,0.007308
0.019001,0.054988,0.771365,-0.037424,-0.031724,-0.535464,0.843132,-0.044444,-0.219691,-0.125367,0.491324,-0.263865,0.197092,-0.142241,-0.125238,-0.197046,0.686466,-0.386911,0.062573,0.063746,-0.000932,-0.190878,-0.179722,0.129002,-0.110160,-0.103973,-0.020557,0.015292,0.016780,-0.189755,-0.146551,0.112574,-0.091471,0.022115,0.021071,0.007979
0.016815,0.055489,0.767820,-0.039861,-0.030236,-0.527365,0.848165,-0.075267,-0.210707,-0.107176,0.550766,-0.294519,0.194614,-0.152834,-0.124555,-0.210156,0.716256,-0.402011,0.060494,0.034916,0.002636,-0.182026,-0.178883,0.124867,-0.112692,-0.104396,-0.020127,0.015413,0.015846,-0.188241,-0.145231,0.110464,-0.091598,0.019963,0.021297,0.008681
0.015413,0.056055,0.764812,-0.044658,-0.025579,-0.521738,0.851552,-0.103884,-0.190832,-0.090569,0.599437,-0.319035,0.193194,-0.160893,-0.113166,-0.220967,0.731396,-0.407954,0.057699,0.002049,0.013823,-0.176364,-0.179915,0.120570,-0.111932,-0.105621,-0.019227,0.015506,0.015866,-0.186122,-0.142980,0.107495,-0.092071,0.018599,0.021682,0.008908
0.014211,0.056515,0.761872,-0.050170,-0.020544,-0.516334,0.854670,-0.132524,-0.168633,-0.074029,0.649525,-0.344678,0.190720,-0.168038,-0.099681,-0.232323,0.744203,-0.413825,0.054659,-0.030577,0.026780,-0.171181,-0.179215,0.115492,-0.109501,-0.106994,-0.018199,0.015555,0.016017,-0.183963,-0.140317,0.104504,-0.092860,0.016771,0.022138,0.009210
0.012912,0.056957,0.758734,-0.056181,-0.015227,-0.511048,0.857579,-0.161415,-0.144693,-0.057766,0.701169,-0.371473,0.188101,-0.175531,-0.084795,-0.243751,0.757045,-0.419638,0.051351,-0.063072,0.040910,-0.166333,-0.177047,0.109351,-0.105492,-0.108685,-0.016823,0.015675,0.016221,-0.181772,-0.137237,0.101333,-0.093915,0.014421,0.022633,0.009576
0.010871,0.056073,0.756277,-0.061292,-0.009462,-0.508615,0.858757,-0.182994,-0.119357,-0.048384,0.736323,-0.396203,0.183153,-0.182693,-0.066530,-0.251965,0.763731,-0.423455,0.045901,-0.088645,0.046824,-0.165300,-0.178120,0.108549,-0.107382,-0.106287,-0.016970,0.015976,0.015426,-0.179072,-0.136470,0.100412,-0.092696,0.014898,0.022772,0.008271
0.008768,0.055012,0.753795,-0.066466,-0.003934,-0.506254,0.859810,-0.203546,-0.093739,-0.039185,0.770736,-0.420739,0.177917,-0.189190,-0.048373,-0.260406,0.769839,-0.428043,0.040377,-0.113815,0.052006,-0.164085,-0.179393,0.105863,-0.109215,-0.103638,-0.016881,0.016083,0.014993,-0.175316,-0.135459,0.098017,-0.091700,0.015052,0.022837,0.006743
0.006625,0.053952,0.751236,-0.071825,0.001586,-0.503952,0.860738,-0.223835,-0.067414,-0.030308,0.805418,-0.445650,0.172606,-0.195837,-0.029797,-0.268802,0.776269,-0.432808,0.034730,-0.138749,0.057253,-0.162959,-0.180215,0.101572,-0.110358,-0.101299,-0.016386,0.016285,0.014678,-0.170661,-0.133960,0.094377,-0.091117,0.014671,0.023039,0.005156
0.004983,0.053312,0.750122,-0.077266,0.008714,-0.508094,0.857785,-0.241686,-0.038156,-0.022992,0.828553,-0.462220,0.165624,-0.202953,-0.006448,-0.274151,0.769378,-0.427566,0.026683,-0.152479,0.069027,-0.165047,-0.183416,0.100330,-0.114666,-0.099284,-0.017769,0.016085,0.014593,-0.167709,-0.132355,0.091219,-0.088803,0.016147,0.022981,0.004281
0.003332,0.052700,0.749089,-0.083047,0.015969,-0.512422,0.854560,-0.258655,-0.007685,-0.016013,0.850891,-0.478856,0.159516,-0.209732,0.017966,-0.279296,0.761362,-0.420827,0.019243,-0.165279,0.081872,-0.167256,-0.186106,0.097229,-0.118168,-0.097609,-0.018940,0.016020,0.014481,-0.164693,-0.130406,0.087900,-0.086486,0.017447,0.022899,0.003086
0.001693,0.051924,0.747999,-0.088939,0.023208,-0.516776,0.851172,-0.275207,0.023340,-0.009409,0.873284,-0.495732,0.153360,-0.216483,0.042629,-0.284483,0.753309,-0.414107,0.011771,-0.177730,0.095078,-0.169559,-0.188501,0.092489,-0.121281,-0.096185,-0.019962,0.016137,0.014285,-0.161334,-0.127907,0.083959,-0.084306,0.018490,0.023001,0.001590
-0.000370,0.051163,0.749726,-0.089303,0.027002,-0.523118,0.847138,-0.277511,0.037864,-0.003739,0.865315,-0.492012,0.145485,-0.217906,0.057764,-0.279213,0.732651,-0.401016,0.006961,-0.184212,0.096872,-0.175602,-0.185691,0.091856,-0.124282,-0.087998,-0.024261,0.014080,0.012391,-0.161023,-0.126796,0.085570,-0.082191,0.017736,0.021763,0.004389
-0.002724,0.050225,0.750768,-0.090472,0.030655,-0.529558,0.842878,-0.280971,0.054360,0.001551,0.863326,-0.493491,0.138942,-0.220344,0.074428,-0.274308,0.717265,-0.390841,0.000044,-0.188910,0.099691,-0.179048,-0.183974,0.090817,-0.127472,-0.083036,-0.028562,0.012975,0.010507,-0.161478,-0.128840,0.086863,-0.082185,0.016973,0.021416,0.005783
-0.005087,0.049268,0.751699,-0.091806,0.034362,-0.536065,0.838466,-0.284903,0.071341,0.006836,0.862563,-0.495776,0.132300,-0.222949,0.091485,-0.269405,0.702494,-0.380972,-0.006994,-0.193010,0.103045,-0.182001,-0.182857,0.088189,-0.131132,-0.078132,-0.033304,0.012441,0.008533,-0.161999,-0.131129,0.087648,-0.082516,0.016352,0.021531,0.006626
-0.004805,0.048761,0.753138,-0.092945,0.039246,-0.544238,0.832842,-0.286523,0.087453,0.017428,0.856244,-0.495264,0.129925,-0.222753,0.109475,-0.256218,0.677909,-0.368606,-0.008383,-0.193736,0.107523,-0.187423,-0.187179,0.090338,-0.131031,-0.078945,-0.030996,0.012121,0.009562,-0.162686,-0.133166,0.088703,-0.082041,0.017281,0.021209,0.006409
-0.004357,0.048289,0.754636,-0.094110,0.044030,-0.552522,0.826997,-0.287133,0.103620,0.028552,0.848647,-0.494368,0.127338,-0.221517,0.127556,-0.242418,0.652023,-0.355347,-0.010681,-0.194030,0.112477,-0.192557,-0.191377,0.091335,-0.131496,-0.079938,-0.028687,0.012240,0.010855,-0.163773,-0.134965,0.090018,-0.081247,0.018351,0.020835,0.006087
-0.003889,0.047830,0.756249,-0.095283,0.048735,-0.560754,0.821037,-0.287307,0.119667,0.039809,0.840774,-0.493549,0.124650,-0.219649,0.145422,-0.228452,0.625849,-0.342073,-0.013136,-0.194250,0.117629,-0.197519,-0.195871,0.090743,-0.132622,-0.080316,-0.026857,0.012506,0.012000,-0.165000,-0.136370,0.091331,-0.080023,0.019440,0.020495,0.005665
-0.003287,0.047381,0.758190,-0.094852,0.052092,-0.573774,0.811833,-0.282810,0.130267,0.052170,0.828364,-0.486963,0.123157,-0.216996,0.160343,-0.209423,0.597481,-0.326151,-0.015250,-0.193874,0.121215,-0.202805,-0.195330,0.093698,-0.130131,-0.083195,-0.026175,0.011879,0.013006,-0.165639,-0.136841,0.092084,-0.081387,0.019389,0.020044,0.005830
-0.002648,0.047009,0.760318,-0.094145,0.055142,-0.586683,0.802433,-0.277139,0.140016,0.065337,0.814505,-0.479963,0.121465,-0.213645,0.174359,-0.189772,0.569231,-0.310400,-0.017436,-0.193624,0.124559,-0.208170,-0.193979,0.096109,-0.127286,-0.086519,-0.025735,0.011538,0.013632,-0.166210,-0.136725,0.093069,-0.082852,0.019056,0.019954,0.006095
-0.001842,0.046647,0.762477,-0.093309,0.058065,-0.599423,0.792852,-0.271026,0.149282,0.078765,0.800170,-0.472930,0.119742,-0.209876,0.187887,-0.169918,0.541173,-0.294878,-0.019762,-0.193488,0.127821,-0.213526,-0.192784,0.097388,-0.124664,-0.089629,-0.025632,0.011279,0.014126,-0.166924,-0.136191,0.094212,-0.084078,0.018713,0.019967,0.006397
-0.001123,0.045664,0.764501,-0.092184,0.061127,-0.609804,0.784796,-0.262612,0.161381,0.101510,0.781129,-0.467708,0.118345,-0.202427,0.200716,-0.147331,0.507860,-0.278282,-0.020322,-0.198003,0.134229,-0.220441,-0.191474,0.100457,-0.126117,-0.089494,-0.026746,0.011530,0.013218,-0.167411,-0.137264,0.095601,-0.084458,0.019177,0.020135,0.006571
-0.000324,0.044696,0.766714,-0.091009,0.063924,-0.620035,0.776651,-0.252948,0.172649,0.124462,0.761075,-0.462276,0.116867,-0.193833,0.213050,-0.124451,0.474059,-0.261562,-0.021271,-0.203021,0.140303,-0.227008,-0.190484,0.102865,-0.128099,-0.089055,-0.028417,0.011565,0.012418,-0.167971,-0.137597,0.097035,-0.084615,0.019775,0.020155,0.006827
0.000454,0.043679,0.768960,-0.089729,0.066558,-0.630121,0.768418,-0.242573,0.183177,0.147695,0.740491,-0.456957,0.115107,-0.184830,0.224817,-0.101452,0.440638,-0.245147,-0.022437,-0.208192,0.146095,-0.233395,-0.189814,0.104406,-0.130454,-0.088389,-0.030591,0.011469,0.011640,-0.168703,-0.137580,0.098616,-0.084637,0.020448,0.020133,0.007194
0.001928,0.042558,0.771263,-0.087826,0.067584,-0.638007,0.762014,-0.228142,0.182612,0.161621,0.713694,-0.447620,0.115640,-0.173947,0.229897,-0.077669,0.410219,-0.227819,-0.020807,-0.214797,0.148781,-0.239509,-0.189320,0.107678,-0.130004,-0.088264,-0.028906,0.010999,0.012268,-0.168809,-0.140841,0.099537,-0.085366,0.020178,0.019423,0.006440
0.003390,0.041457,0.773595,-0.085641,0.068008,-0.645581,0.755821,-0.212245,0.180016,0.175474,0.684945,-0.437328,0.116416,-0.162659,0.233267,-0.054069,0.380849,-0.211238,-0.019259,-0.222172,0.150085,-0.245249,-0.188604,0.110212,-0.129762,-0.088426,-0.027323,0.010772,0.012660,-0.168600,-0.144076,0.100193,-0.086684,0.019987,0.019101,0.005904
0.004835,0.040274,0.776056,-0.083392,0.068203,-0.653064,0.749601,-0.195699,0.176723,0.189386,0.655465,-0.426821,0.116947,-0.151286,0.236065,-0.030460,0.352145,-0.195053,-0.017875,-0.229708,0.150895,-0.250840,-0.187989,0.112094,-0.130013,-0.088468,-0.026097,0.010509,0.012951,-0.168186,-0.147336,0.100795,-0.088222,0.019870,0.018836,0.005430
0.007189,0.039580,0.777920,-0.080908,0.068309,-0.662546,0.741499,-0.181417,0.171056,0.203422,0.629747,-0.414757,0.119608,-0.146027,0.236815,-0.005178,0.333184,-0.179170,-0.013860,-0.231287,0.155993,-0.254651,-0.190933,0.114011,-0.130084,-0.089549,-0.023606,0.010723,0.012660,-0.167985,-0.147064,0.099464,-0.087907,0.019659,0.018986,0.004925
0.009404,0.038850,0.779815,-0.078206,0.068609,-0.672078,0.733136,-0.168042,0.165317,0.217675,0.604513,-0.403099,0.122088,-0.142163,0.237602,0.020442,0.315617,-0.163921,-0.010290,-0.232400,0.161218,-0.259053,-0.194514,0.115443,-0.130864,-0.090601,-0.021304,0.011029,0.012373,-0.167982,-0.147050,0.098249,-0.087467,0.019545,0.019162,0.004649
0.011756,0.038052,0.781617,-0.075459,0.068972,-0.681550,0.724595,-0.154843,0.159483,0.231983,0.579260,-0.391655,0.124302,-0.138640,0.238441,0.046213,0.298417,-0.148809,-0.006869,-0.233338,0.166584,-0.263745,-0.198586,0.116437,-0.132313,-0.091501,-0.019124,0.011280,0.011970,-0.167892,-0.147430,0.097132,-0.087119,0.019568,0.019253,0.004305
0.013802,0.037663,0.781838,-0.073411,0.068173,-0.691208,0.715678,-0.146781,0.155159,0.247539,0.569195,-0.387237,0.126101,-0.146549,0.239591,0.068200,0.308101,-0.146561,-0.006330,-0.230650,0.169070,-0.266497,-0.197913,0.122020,-0.132992,-0.092483,-0.019517,0.011726,0.011463,-0.165580,-0.150135,0.095995,-0.087703,0.019218,0.018955,0.004316
0.015858,0.037163,0.782004,-0.071078,0.067814,-0.700850,0.706511,-0.140877,0.151321,0.262867,0.561289,-0.383841,0.128056,-0.157664,0.241257,0.089336,0.321661,-0.145727,-0.004399,-0.227544,0.172178,-0.270348,-0.197265,0.127975,-0.133715,-0.094106,-0.019939,0.012274,0.010492,-0.162626,-0.153694,0.094428,-0.088766,0.019024,0.018896,0.004255
0.017965,0.036713,0.782051,-0.068610,0.067657,-0.710413,0.697157,-0.135737,0.147614,0.278147,0.553892,-0.380695,0.129962,-0.169759,0.243280,0.110337,0.335957,-0.145121,-0.002333,-0.224242,0.175622,-0.274867,-0.197034,0.134231,-0.134971,-0.096009,-0.020254,0.012866,0.009228,-0.159083,-0.158151,0.092489,-0.090208,0.018860,0.018825,0.004005
0.018777,0.036797,0.780170,-0.066689,0.064971,-0.718535,0.689231,-0.132868,0.144030,0.294607,0.559392,-0.390027,0.133116,-0.187985,0.240344,0.110574,0.370512,-0.161317,0.000821,-0.205105,0.173964,-0.274631,-0.197519,0.136660,-0.135449,-0.097612,-0.019301,0.012347,0.010594,-0.159633,-0.157288,0.091452,-0.091099,0.017734,0.018934,0.003740
0.019696,0.036903,0.778397,-0.064900,0.062473,-0.726609,0.681120,-0.131101,0.140656,0.309028,0.566569,-0.399445,0.134976,-0.209046,0.238178,0.108954,0.410287,-0.176824,0.000955,-0.185051,0.173099,-0.274428,-0.198693,0.139248,-0.136193,-0.099565,-0.017991,0.011961,0.011884,-0.161260,-0.158129,0.091394,-0.092001,0.016553,0.018800,0.003298
0.020613,0.037090,0.776502,-0.062940,0.060032,-0.734586,0.672917,-0.129995,0.137102,0.323307,0.574241,-0.409074,0.136947,-0.231114,0.236026,0.107033,0.451574,-0.193138,0.001369,-0.164807,0.172463,-0.274730,-0.200534,0.142817,-0.137563,-0.101991,-0.016465,0.011591,0.012943,-0.163328,-0.160164,0.091677,-0.093200,0.015337,0.018542,0.002411
0.021686,0.038268,0.773410,-0.059920,0.055232,-0.741570,0.665907,-0.134842,0.125664,0.328807,0.591121,-0.418593,0.140210,-0.257851,0.229436,0.108975,0.502456,-0.213062,0.001360,-0.140989,0.162497,-0.273118,-0.201328,0.143770,-0.138263,-0.099743,-0.016026,0.011892,0.014157,-0.166446,-0.157091,0.093723,-0.092627,0.015134,0.018976,0.003261
0.022744,0.039502,0.770301,-0.056537,0.050457,-0.748373,0.658936,-0.140688,0.113690,0.334080,0.608312,-0.428744,0.144286,-0.286768,0.222373,0.109925,0.556731,-0.233651,0.002656,-0.117203,0.152351,-0.272462,-0.203099,0.145364,-0.139879,-0.097482,-0.015441,0.012280,0.014915,-0.169973,-0.154535,0.095710,-0.092185,0.014706,0.019775,0.004351
0.023791,0.040733,0.767021,-0.052821,0.045556,-0.755044,0.651953,-0.147180,0.101041,0.339311,0.625878,-0.439060,0.148529,-0.316574,0.214776,0.110805,0.612672,-0.255224,0.004252,-0.093423,0.141773,-0.272421,-0.206072,0.148181,-0.142820,-0.095231,-0.014650,0.012249,0.015670,-0.173615,-0.153001,0.097648,-0.091831,0.013944,0.020079,0.004844
0.025529,0.041893,0.763160,-0.048202,0.038954,-0.760150,0.646785,-0.153072,0.081854,0.345117,0.641075,-0.448038,0.156159,-0.343411,0.200881,0.114069,0.664382,-0.278044,0.007239,-0.068951,0.127071,-0.271741,-0.206484,0.147481,-0.141360,-0.095255,-0.016632,0.011885,0.015679,-0.172896,-0.152543,0.098857,-0.090297,0.014968,0.019836,0.005310
0.027201,0.043006,0.759261,-0.043423,0.031867,-0.765020,0.641751,-0.157949,0.061286,0.351096,0.654748,-0.456859,0.163023,-0.369715,0.185906,0.117486,0.716915,-0.301497,0.010545,-0.044307,0.111413,-0.271463,-0.206703,0.147008,-0.139815,-0.095589,-0.018349,0.011685,0.015015,-0.170846,-0.153605,0.099056,-0.089536,0.015569,0.019465,0.005806
0.028838,0.044061,0.754412,-0.036583,0.023866,-0.769790,0.636801,-0.167585,0.036958,0.358324,0.674028,-0.468793,0.170752,-0.403763,0.167780,0.122268,0.782391,-0.331832,0.014592,-0.018437,0.091696,-0.272408,-0.204918,0.149936,-0.135495,-0.102265,-0.018630,0.014102,0.014144,-0.167558,-0.159159,0.097200,-0.092585,0.015581,0.020167,0.006231
0.030013,0.044969,0.752792,-0.032890,0.018243,-0.770890,0.635857,-0.165779,0.016977,0.358361,0.668211,-0.467583,0.175936,-0.413346,0.152465,0.125013,0.802798,-0.344688,0.017230,0.004232,0.076123,-0.272960,-0.206544,0.146586,-0.138987,-0.098237,-0.018733,0.012572,0.013764,-0.170874,-0.155040,0.102390,-0.088866,0.016626,0.019603,0.008432
0.031219,0.045739,0.750641,-0.028966,0.011590,-0.771990,0.634869,-0.163811,-0.004817,0.359322,0.664960,-0.468288,0.181535,-0.424457,0.135724,0.128844,0.829551,-0.361433,0.020201,0.027342,0.059443,-0.271767,-0.207144,0.146597,-0.140865,-0.098322,-0.017879,0.012265,0.013732,-0.176628,-0.153035,0.109232,-0.086483,0.017359,0.019382,0.010573
0.032476,0.046400,0.748362,-0.024921,0.004705,-0.772973,0.633931,-0.161903,-0.027275,0.360369,0.662121,-0.469343,0.187329,-0.435755,0.118363,0.133002,0.857384,-0.378957,0.023336,0.050297,0.042723,-0.270721,-0.207324,0.147744,-0.142284,-0.099538,-0.016798,0.012488,0.013530,-0.183649,-0.151547,0.117524,-0.084165,0.017992,0.019296,0.012640
0.032955,0.046120,0.748233,-0.018040,-0.001460,-0.771400,0.636093,-0.154831,-0.057838,0.353711,0.634527,-0.457711,0.191973,-0.443577,0.094385,0.135532,0.871347,-0.392825,0.027478,0.074600,0.022398,-0.273094,-0.202083,0.155378,-0.133084,-0.106633,-0.014322,0.015278,0.015905,-0.189920,-0.153388,0.119258,-0.087643,0.018793,0.020973,0.011756
0.033574,0.045834,0.749431,-0.013605,-0.005385,-0.770097,0.637759,-0.143810,-0.081418,0.345375,0.601602,-0.443156,0.195498,-0.442651,0.076217,0.135527,0.868197,-0.397391,0.029843,0.099188,0.008607,-0.278048,-0.202054,0.157200,-0.130023,-0.102881,-0.014225,0.013864,0.017978,-0.195332,-0.151380,0.122803,-0.086799,0.019329,0.021090,0.011291
0.034076,0.045398,0.749522,-0.007298,-0.011705,-0.768308,0.639931,-0.133129,-0.111774,0.338100,0.571059,-0.430539,0.200188,-0.447019,0.052373,0.138312,0.878984,-0.410231,0.033181,0.122873,-0.011705,-0.280371,-0.195477,0.164830,-0.120043,-0.109574,-0.011336,0.016027,0.020090,-0.198972,-0.154109,0.123388,-0.091411,0.019159,0.023026,0.011170
0.035119,0.045251,0.751929,-0.004000,-0.012398,-0.767294,0.641163,-0.119159,-0.129346,0.325198,0.526436,-0.410218,0.203141,-0.444661,0.040623,0.135927,0.864828,-0.402994,0.035182,0.144373,-0.015844,-0.286376,-0.194590,0.163900,-0.117346,-0.105019,-0.012997,0.014785,0.020759,-0.200472,-0.149988,0.123666,-0.088351,0.021108,0.022174,0.010113
0.035979,0.044968,0.753946,-0.000409,-0.013612,-0.766246,0.642403,-0.104923,-0.147666,0.313249,0.483281,-0.391920,0.205881,-0.443547,0.028085,0.134313,0.854663,-0.398112,0.037130,0.165660,-0.021737,-0.291682,-0.191640,0.165680,-0.112356,-0.104205,-0.013520,0.014713,0.021826,-0.200259,-0.147509,0.121823,-0.087477,0.022592,0.021716,0.009614
0.036811,0.044720,0.755941,0.003244,-0.014802,-0.765148,0.643676,-0.090860,-0.165730,0.301300,0.441183,-0.374300,0.208795,-0.442688,0.015552,0.132787,0.845091,-0.393646,0.039081,0.186649,-0.028071,-0.297353,-0.187629,0.168371,-0.105901,-0.104199,-0.013499,0.015162,0.023174,-0.199624,-0.145152,0.119551,-0.087118,0.023934,0.021539,0.009448
0.038479,0.044533,0.758800,0.005309,-0.012835,-0.762149,0.647253,-0.074964,-0.177935,0.281559,0.390937,-0.346375,0.211349,-0.436620,0.004786,0.122465,0.821698,-0.381597,0.041089,0.201502,-0.025768,-0.303784,-0.186808,0.169841,-0.106190,-0.108533,-0.013086,0.015001,0.021840,-0.199707,-0.146362,0.122087,-0.086876,0.025186,0.021721,0.010566
0.040060,0.044409,0.761881,0.006754,-0.010574,-0.759114,0.650837,-0.058550,-0.188488,0.261677,0.341772,-0.319239,0.213881,-0.428747,-0.004815,0.111445,0.796202,-0.368702,0.042911,0.216040,-0.022430,-0.309940,-0.186591,0.172285,-0.106625,-0.112857,-0.012477,0.015236,0.021310,-0.199976,-0.147118,0.124857,-0.086662,0.026742,0.022090,0.011580
0.041714,0.044423,0.765078,0.007953,-0.008237,-0.756067,0.654394,-0.042335,-0.198271,0.241956,0.294384,-0.293160,0.216650,-0.420148,-0.013872,0.100380,0.770161,-0.355645,0.044779,0.230526,-0.018926,-0.316021,-0.186057,0.175533,-0.106382,-0.117239,-0.011658,0.015541,0.021225,-0.200144,-0.147289,0.127703,-0.086191,0.028583,0.022540,0.012771
0.042453,0.044883,0.767955,0.008281,-0.004776,-0.750119,0.661234,-0.027206,-0.201250,0.221034,0.249587,-0.261982,0.218008,-0.409019,-0.020491,0.084616,0.741409,-0.340654,0.045437,0.241596,-0.013601,-0.321470,-0.185493,0.174556,-0.109025,-0.117368,-0.013180,0.015869,0.018761,-0.205345,-0.147207,0.130000,-0.086505,0.028567,0.022841,0.014191
0.042949,0.045165,0.770711,0.008760,-0.002506,-0.743588,0.668576,-0.010683,-0.206517,0.199575,0.205615,-0.231862,0.219109,-0.397775,-0.029558,0.068976,0.717149,-0.328984,0.046551,0.250900,-0.011039,-0.324837,-0.179040,0.176552,-0.106945,-0.123898,-0.012746,0.018874,0.015425,-0.204706,-0.148812,0.127187,-0.091332,0.027384,0.025053,0.016414
0.043626,0.045598,0.773876,0.008661,0.000810,-0.737370,0.675433,0.004259,-0.208828,0.179173,0.163468,-0.202618,0.220291,-0.384801,-0.035807,0.053001,0.687268,-0.313904,0.047626,0.261512,-0.005723,-0.330045,-0.175902,0.176398,-0.107596,-0.124816,-0.013755,0.019564,0.012599,-0.208385,-0.146956,0.129106,-0.091279,0.027706,0.025816,0.018684
0.043660,0.045647,0.776247,0.007184,0.003987,-0.730712,0.682636,0.010514,-0.205034,0.156679,0.146227,-0.182523,0.218783,-0.371428,-0.038176,0.036178,0.663231,-0.298418,0.047630,0.266925,0.000053,-0.332091,-0.178844,0.171854,-0.106007,-0.119649,-0.014970,0.017443,0.015168,-0.213781,-0.146281,0.132787,-0.088742,0.027942,0.023868,0.016015
0.043529,0.045507,0.778395,0.006111,0.006150,-0.723529,0.690239,0.017158,-0.203673,0.133305,0.130478,-0.163402,0.217735,-0.359052,-0.042903,0.019548,0.644223,-0.286265,0.047936,0.271098,0.002843,-0.332487,-0.177697,0.169064,-0.101371,-0.119192,-0.014833,0.016869,0.017215,-0.214392,-0.147512,0.132261,-0.090104,0.027415,0.023245,0.013526
0.043265,0.045446,0.780540,0.005164,0.008114,-0.716166,0.697863,0.023950,-0.202946,0.109690,0.114821,-0.144368,0.216971,-0.346835,-0.048040,0.002981,0.626032,-0.274658,0.048364,0.274859,0.004777,-0.332792,-0.174358,0.166545,-0.095101,-0.119999,-0.014319,0.016952,0.018853,-0.213205,-0.148105,0.130192,-0.092172,0.026818,0.023196,0.011563
0.043298,0.045502,0.781834,0.004776,0.008672,-0.710609,0.703517,0.024007,-0.203799,0.092940,0.113934,-0.133188,0.216330,-0.338828,-0.054494,-0.010923,0.616064,-0.268499,0.048312,0.276555,0.006203,-0.330120,-0.173617,0.167622,-0.094216,-0.119530,-0.014538,0.017132,0.018657,-0.212279,-0.148180,0.128771,-0.092582,0.026784,0.023409,0.010791
0.043267,0.045596,0.782991,0.004744,0.009286,-0.705011,0.709120,0.022868,-0.205008,0.076356,0.114156,-0.122501,0.215691,-0.332447,-0.060998,-0.024022,0.607961,-0.262315,0.048707,0.277948,0.006414,-0.327652,-0.174158,0.168767,-0.094415,-0.118393,-0.015188,0.017216,0.018791,-0.210907,-0.147069,0.126292,-0.092357,0.027177,0.023566,0.010061
0.043207,0.045698,0.784222,0.004861,0.009924,-0.699361,0.714683,0.021465,-0.206412,0.059762,0.114480,-0.111846,0.215056,-0.326477,-0.067589,-0.037078,0.600255,-0.256313,0.049104,0.279271,0.005931,-0.325354,-0.174777,0.169667,-0.094617,-0.116726,-0.016063,0.017237,0.019169,-0.208704,-0.144909,0.122775,-0.091727,0.027870,0.023676,0.009379
0.043798,0.045845,0.784118,0.003849,0.010513,-0.692816,0.721028,0.022186,-0.207725,0.041658,0.115022,-0.112242,0.216699,-0.322267,-0.071911,-0.045334,0.601680,-0.256720,0.052146,0.273085,0.008716,-0.321118,-0.176778,0.169746,-0.097683,-0.117313,-0.015249,0.016853,0.018797,-0.207133,-0.146501,0.121954,-0.092704,0.026734,0.023563,0.009809
0.044281,0.045863,0.784067,0.002801,0.010835,-0.686127,0.727396,0.023202,-0.209435,0.023444,0.115917,-0.112866,0.218358,-0.318278,-0.076557,-0.053211,0.604606,-0.257463,0.054575,0.266578,0.010963,-0.316119,-0.178571,0.169943,-0.100294,-0.117648,-0.014416,0.016623,0.018672,-0.204934,-0.147320,0.120260,-0.093628,0.025803,0.023639,0.009824
0.044756,0.045995,0.783923,0.001763,0.011094,-0.679363,0.733716,0.024291,-0.211257,0.005199,0.116845,-0.113460,0.220013,-0.314309,-0.081334,-0.061071,0.607765,-0.258376,0.056956,0.260000,0.012922,-0.310985,-0.179575,0.170200,-0.102136,-0.117690,-0.013611,0.016362,0.018630,-0.201654,-0.147125,0.117471,-0.094290,0.025104,0.023740,0.009728
0.043355,0.045794,0.782714,0.002373,0.010408,-0.672901,0.739656,0.016979,-0.214256,-0.008177,0.132949,-0.127429,0.219476,-0.317758,-0.086642,-0.065287,0.624156,-0.268436,0.058037,0.248527,0.009516,-0.304086,-0.178868,0.169974,-0.104270,-0.117982,-0.013489,0.015899,0.017689,-0.202981,-0.150735,0.120162,-0.094963,0.023861,0.023238,0.010140
0.041857,0.045649,0.781393,0.003696,0.009780,-0.666308,0.745603,0.007539,-0.218564,-0.021059,0.150869,-0.141964,0.219010,-0.323696,-0.093123,-0.068877,0.643199,-0.279598,0.058969,0.237065,0.004908,-0.297635,-0.176765,0.170110,-0.104942,-0.118440,-0.013307,0.015514,0.016673,-0.204830,-0.153698,0.123355,-0.095174,0.023087,0.022740,0.009775
0.040022,0.045354,0.779503,0.007053,0.008014,-0.658891,0.752163,-0.005136,-0.228434,-0.034489,0.173215,-0.158332,0.218873,-0.335591,-0.105477,-0.071222,0.673473,-0.297000,0.060395,0.223792,-0.006462,-0.289707,-0.171508,0.173125,-0.103174,-0.125528,-0.011388,0.018064,0.015134,-0.199559,-0.160502,0.119350,-0.101477,0.021310,0.024581,0.008573
0.039680,0.046045,0.776734,0.008870,0.006727,-0.652482,0.757723,-0.034341,-0.237223,-0.036587,0.228117,-0.177750,0.221277,-0.345983,-0.117908,-0.077946,0.700663,-0.314106,0.061779,0.209109,-0.014602,-0.284716,-0.175264,0.170429,-0.104430,-0.123829,-0.011412,0.018461,0.016210,-0.201877,-0.161155,0.121542,-0.101403,0.020715,0.024386,0.009113
0.039279,0.046595,0.774131,0.010952,0.005498,-0.645958,0.763275,-0.065507,-0.246803,-0.038340,0.285917,-0.198511,0.223052,-0.356240,-0.130870,-0.084298,0.726766,-0.331217,0.064102,0.194513,-0.023254,-0.280166,-0.179207,0.167896,-0.106099,-0.121059,-0.011633,0.018275,0.017644,-0.204903,-0.161350,0.124819,-0.100407,0.020525,0.023721,0.009238
0.038901,0.047251,0.771663,0.013111,0.004230,-0.639284,0.768847,-0.097857,-0.256926,-0.039301,0.346034,-0.220445,0.224514,-0.366117,-0.144233,-0.090470,0.752340,-0.348171,0.066326,0.179757,-0.032261,-0.275721,-0.181784,0.166267,-0.106875,-0.118488,-0.011687,0.018077,0.019167,-0.207444,-0.161566,0.128080,-0.099590,0.020382,0.023030,0.009254
0.037700,0.047897,0.767663,0.013439,0.004241,-0.632650,0.774310,-0.129962,-0.258572,-0.033433,0.406731,-0.244021,0.223798,-0.378677,-0.151265,-0.096141,0.784313,-0.367208,0.066300,0.154072,-0.035426,-0.270127,-0.177409,0.163156,-0.103642,-0.115042,-0.013212,0.017111,0.019524,-0.204311,-0.159556,0.124366,-0.097548,0.020205,0.022788,0.008196
0.036579,0.048547,0.763638,0.013581,0.004537,-0.625964,0.779720,-0.163328,-0.259777,-0.026240,0.469966,-0.269659,0.223832,-0.391204,-0.157668,-0.101935,0.816074,-0.386034,0.067061,0.127940,-0.038213,-0.265286,-0.170626,0.162059,-0.098707,-0.112530,-0.014455,0.016306,0.019765,-0.199773,-0.157493,0.119594,-0.096221,0.019642,0.022744,0.007501
0.035287,0.049142,0.759648,0.013495,0.005095,-0.619270,0.785045,-0.197937,-0.260502,-0.018095,0.535741,-0.296834,0.223381,-0.403633,-0.163328,-0.107759,0.847604,-0.404762,0.067568,0.101776,-0.040534,-0.260925,-0.162379,0.162697,-0.092571,-0.110624,-0.015519,0.015643,0.020137,-0.195172,-0.155794,0.114827,-0.095443,0.018867,0.022796,0.006938
0.035246,0.049860,0.756536,0.011276,0.008227,-0.612548,0.790310,-0.220352,-0.253307,-0.012724,0.575710,-0.317862,0.223751,-0.408990,-0.164049,-0.119546,0.863313,-0.417158,0.067339,0.067418,-0.037333,-0.261123,-0.171159,0.156041,-0.101140,-0.110122,-0.013928,0.015753,0.018349,-0.202985,-0.154384,0.120903,-0.094378,0.015892,0.022037,0.008132
0.035088,0.050598,0.753480,0.008422,0.011293,-0.605916,0.795404,-0.241728,-0.245022,-0.007365,0.616130,-0.339492,0.224231,-0.413147,-0.163569,-0.131479,0.878377,-0.428716,0.067934,0.033796,-0.033793,-0.260232,-0.182095,0.149666,-0.110967,-0.108411,-0.012649,0.015708,0.017750,-0.213828,-0.153855,0.129020,-0.093053,0.013123,0.020997,0.008866
0.034999,0.051397,0.750285,0.005319,0.014497,-0.599338,0.800347,-0.263279,-0.236039,-0.001882,0.657637,-0.361897,0.224400,-0.417273,-0.162360,-0.143473,0.893522,-0.440282,0.068317,0.000499,-0.030033,-0.259357,-0.192890,0.144113,-0.120112,-0.106735,-0.011323,0.015629,0.017619,-0.227183,-0.153917,0.138775,-0.092068,0.010106,0.019906,0.009611
0.034914,0.052252,0.749416,-0.001348,0.019911,-0.594342,0.803965,-0.277588,-0.215402,0.000666,0.685380,-0.376017,0.222424,-0.410736,-0.148872,-0.159267,0.886127,-0.438648,0.066261,-0.038492,-0.010873,-0.258874,-0.195118,0.134676,-0.119755,-0.104102,-0.010983,0.015293,0.017518,-0.223627,-0.152300,0.136347,-0.089950,0.012129,0.019851,0.007167
0.034846,0.052942,0.748647,-0.008773,0.025606,-0.589538,0.807287,-0.290679,-0.192832,0.002689,0.713321,-0.390937,0.220389,-0.402894,-0.133156,-0.175563,0.876838,-0.435688,0.064312,-0.077300,0.009547,-0.259253,-0.195960,0.126177,-0.118666,-0.102563,-0.009989,0.015193,0.017122,-0.218000,-0.150983,0.131708,-0.089574,0.012799,0.020108,0.005781
0.034834,0.053456,0.747785,-0.016388,0.031472,-0.584750,0.810437,-0.303662,-0.169599,0.004428,0.741961,-0.406572,0.218102,-0.395296,-0.116618,-0.191872,0.867504,-0.432770,0.062214,-0.116013,0.030299,-0.260360,-0.197089,0.117849,-0.117605,-0.101633,-0.008559,0.015254,0.016847,-0.213286,-0.150050,0.127240,-0.090001,0.012721,0.020472,0.004763
0.034245,0.052789,0.748435,-0.024227,0.036868,-0.582265,0.811802,-0.307935,-0.144112,0.003487,0.756661,-0.418028,0.213515,-0.382725,-0.094276,-0.203508,0.848510,-0.422723,0.058287,-0.146473,0.051988,-0.261801,-0.191456,0.113774,-0.115839,-0.100844,-0.011391,0.014586,0.016607,-0.206752,-0.150831,0.123706,-0.090099,0.013948,0.020330,0.005196
0.033778,0.051922,0.749024,-0.032443,0.042085,-0.579805,0.813020,-0.310858,-0.118133,0.002384,0.770820,-0.429655,0.209065,-0.369306,-0.071285,-0.214914,0.828816,-0.412162,0.054348,-0.176472,0.074455,-0.263287,-0.185283,0.108967,-0.113323,-0.100936,-0.013788,0.014103,0.016219,-0.201441,-0.151847,0.121202,-0.090804,0.014680,0.020149,0.005778
0.033297,0.050967,0.749533,-0.040802,0.047257,-0.577286,0.814151,-0.313489,-0.091936,0.001135,0.785257,-0.441659,0.204547,-0.355953,-0.048039,-0.226174,0.809211,-0.401785,0.050383,-0.206256,0.097436,-0.265122,-0.179111,0.102934,-0.110489,-0.101518,-0.015862,0.013744,0.015829,-0.197260,-0.152908,0.119548,-0.091866,0.015141,0.019983,0.006286
0.033592,0.049020,0.750971,-0.047387,0.053216,-0.578581,0.812506,-0.314047,-0.067384,-0.000045,0.789817,-0.447873,0.199444,-0.339577,-0.022170,-0.231179,0.774056,-0.391868,0.048340,-0.225754,0.120850,-0.267639,-0.182206,0.101732,-0.112616,-0.099983,-0.015954,0.014413,0.014852,-0.191912,-0.153351,0.115496,-0.091097,0.015674,0.020410,0.005083
0.033854,0.047141,0.752381,-0.054348,0.059201,-0.579901,0.810714,-0.313258,-0.042018,-0.001576,0.793054,-0.456183,0.194565,-0.323337,0.004639,-0.235508,0.739381,-0.380372,0.044609,-0.244772,0.144508,-0.269840,-0.186204,0.097963,-0.115339,-0.098019,-0.016099,0.015025,0.014235,-0.184901,-0.154112,0.109635,-0.090734,0.016036,0.020810,0.003793
0.034003,0.045129,0.753722,-0.061388,0.065133,-0.581164,0.808849,-0.312282,-0.016518,-0.003199,0.796607,-0.464830,0.189614,-0.307029,0.031405,-0.239624,0.704856,-0.369158,0.040728,-0.263570,0.168222,-0.272194,-0.189916,0.091646,-0.117665,-0.095891,-0.016228,0.015677,0.013648,-0.176150,-0.154793,0.102201,-0.090650,0.016225,0.021254,0.002416
0.034413,0.043590,0.756053,-0.063855,0.068269,-0.584030,0.806331,-0.305340,-0.003868,-0.000742,0.783103,-0.459871,0.186695,-0.292825,0.048458,-0.233435,0.669077,-0.354212,0.039834,-0.273042,0.177701,-0.277761,-0.190008,0.091950,-0.119127,-0.090493,-0.017480,0.013652,0.013582,-0.172512,-0.151286,0.097770,-0.086443,0.015731,0.020737,0.003434
0.034633,0.041947,0.757868,-0.067054,0.071255,-0.587003,0.803650,-0.299455,0.010253,0.001529,0.775117,-0.458840,0.183494,-0.279187,0.066578,-0.227376,0.637938,-0.341517,0.037300,-0.280460,0.188128,-0.281236,-0.189127,0.090777,-0.118448,-0.088642,-0.018463,0.012838,0.013732,-0.169312,-0.151450,0.093885,-0.084553,0.014638,0.020683,0.003967
0.034787,0.040302,0.759589,-0.070325,0.074273,-0.590012,0.800889,-0.294108,0.024518,0.003914,0.768134,-0.458466,0.180236,-0.265634,0.084716,-0.221150,0.607457,-0.329196,0.034733,-0.287192,0.199065,-0.284430,-0.187726,0.087146,-0.116570,-0.087140,-0.019532,0.012632,0.013760,-0.165826,-0.152325,0.089786,-0.082948,0.013642,0.020952,0.004004
0.034975,0.039095,0.761014,-0.071742,0.076424,-0.595645,0.796379,-0.288590,0.034660,0.009428,0.759093,-0.456407,0.178602,-0.257359,0.099028,-0.209072,0.582350,-0.317276,0.033920,-0.286359,0.203531,-0.287006,-0.184764,0.089992,-0.118463,-0.085367,-0.020346,0.012471,0.012645,-0.163783,-0.153964,0.089671,-0.084639,0.014051,0.020150,0.004977
0.035216,0.037890,0.762549,-0.072698,0.078487,-0.601307,0.791824,-0.283047,0.043907,0.015731,0.749006,-0.453877,0.176515,-0.250203,0.112117,-0.196493,0.559076,-0.305262,0.032013,-0.285142,0.207653,-0.290063,-0.181688,0.090963,-0.119891,-0.083754,-0.021486,0.012526,0.011665,-0.162344,-0.156370,0.090055,-0.086355,0.014674,0.019571,0.005335
0.035482,0.036842,0.763996,-0.073474,0.080532,-0.606926,0.787246,-0.277605,0.052689,0.022203,0.738683,-0.451278,0.174453,-0.243229,0.124680,-0.183767,0.536301,-0.293534,0.030109,-0.283811,0.211771,-0.293349,-0.178775,0.089788,-0.121220,-0.081757,-0.023020,0.012722,0.010562,-0.161204,-0.159481,0.090688,-0.088005,0.015429,0.019072,0.005459
0.036745,0.036882,0.765135,-0.073250,0.082043,-0.616606,0.779552,-0.275504,0.062144,0.041627,0.732673,-0.444352,0.175558,-0.242453,0.134804,-0.164092,0.519154,-0.280993,0.030549,-0.276829,0.213789,-0.295526,-0.185006,0.091726,-0.124533,-0.082507,-0.021244,0.012192,0.011014,-0.166461,-0.157012,0.095032,-0.087497,0.014764,0.018990,0.006429
0.038023,0.037076,0.766239,-0.072697,0.083702,-0.626399,0.771579,-0.273741,0.071465,0.062152,0.726424,-0.437761,0.176182,-0.242984,0.144635,-0.143671,0.503367,-0.268532,0.029960,-0.269431,0.216211,-0.297986,-0.193047,0.092340,-0.129100,-0.082824,-0.020049,0.011727,0.012158,-0.175835,-0.154647,0.102538,-0.085939,0.014296,0.018944,0.007370
0.039397,0.037261,0.767347,-0.072009,0.085410,-0.636100,0.763477,-0.271874,0.080506,0.082939,0.720028,-0.431409,0.176986,-0.243646,0.154258,-0.123123,0.487865,-0.256210,0.029344,-0.261985,0.219035,-0.300650,-0.202213,0.091403,-0.134539,-0.082719,-0.019398,0.011258,0.013402,-0.188432,-0.152831,0.112884,-0.083948,0.014151,0.018808,0.008167
0.040456,0.037778,0.768247,-0.071290,0.086639,-0.645988,0.755057,-0.268288,0.089951,0.106394,0.710964,-0.427107,0.177647,-0.243316,0.163968,-0.099138,0.471027,-0.244043,0.034070,-0.254547,0.227414,-0.301521,-0.197244,0.098670,-0.133314,-0.082282,-0.020709,0.010242,0.013886,-0.189000,-0.152222,0.113975,-0.081845,0.015993,0.018333,0.006013
0.041623,0.038164,0.769293,-0.070504,0.087847,-0.655793,0.746491,-0.263767,0.099259,0.130406,0.700917,-0.423114,0.177877,-0.242387,0.173979,-0.074192,0.453641,-0.231732,0.036106,-0.247803,0.235551,-0.303229,-0.191035,0.106083,-0.132496,-0.083004,-0.022048,0.009547,0.013385,-0.185072,-0.152010,0.111119,-0.081484,0.017102,0.018174,0.004913
0.042623,0.038411,0.770384,-0.069629,0.089023,-0.665470,0.737819,-0.258710,0.108184,0.154609,0.690383,-0.419161,0.178131,-0.241168,0.183806,-0.049191,0.436162,-0.219433,0.037933,-0.241414,0.243083,-0.305320,-0.185812,0.112844,-0.133600,-0.083716,-0.023746,0.008947,0.012606,-0.178932,-0.152566,0.106093,-0.082026,0.017844,0.018209,0.004463
0.044069,0.038118,0.771581,-0.067947,0.089422,-0.673549,0.730561,-0.249437,0.107324,0.166083,0.671349,-0.413620,0.179761,-0.238794,0.186895,-0.033920,0.420405,-0.208180,0.035238,-0.234625,0.243469,-0.308190,-0.188771,0.116632,-0.135507,-0.087087,-0.022116,0.009358,0.011659,-0.174847,-0.153974,0.104053,-0.083796,0.017143,0.018492,0.005335
0.045480,0.037791,0.772867,-0.066052,0.089400,-0.681295,0.723521,-0.239267,0.104929,0.177554,0.650939,-0.407868,0.181161,-0.236216,0.189804,-0.014411,0.405400,-0.197904,0.037115,-0.228491,0.242578,-0.310688,-0.193979,0.119858,-0.140148,-0.090111,-0.020934,0.009784,0.010650,-0.171904,-0.156768,0.102979,-0.085833,0.016731,0.018860,0.006132
0.046875,0.037485,0.774085,-0.064156,0.089232,-0.688971,0.716408,-0.228632,0.102129,0.189132,0.630090,-0.402031,0.182379,-0.233443,0.192429,0.005221,0.390616,-0.187757,0.038930,-0.222378,0.241358,-0.313028,-0.200900,0.123192,-0.147329,-0.092933,-0.020369,0.010024,0.009465,-0.169465,-0.160640,0.102540,-0.088091,0.016625,0.019213,0.006951
0.046383,0.038392,0.775009,-0.062598,0.087421,-0.697704,0.708271,-0.220648,0.100060,0.197657,0.616904,-0.396343,0.181841,-0.238115,0.196420,0.022713,0.391681,-0.178174,0.037242,-0.207783,0.237212,-0.312069,-0.202967,0.128976,-0.148650,-0.093076,-0.020836,0.010074,0.010202,-0.169031,-0.161853,0.100161,-0.089513,0.016753,0.019298,0.006433
0.045866,0.039252,0.775683,-0.060756,0.085758,-0.706405,0.699962,-0.214021,0.097824,0.206415,0.605115,-0.391353,0.181012,-0.244057,0.200344,0.040683,0.394118,-0.170557,0.036298,-0.192493,0.233356,-0.312097,-0.204741,0.135631,-0.150540,-0.093544,-0.021658,0.009868,0.009990,-0.169447,-0.164387,0.099254,-0.091058,0.017115,0.019266,0.006049
0.045347,0.040137,0.776424,-0.058854,0.084204,-0.715028,0.691506,-0.207789,0.095581,0.215191,0.593501,-0.386524,0.180104,-0.250371,0.204388,0.058692,0.396814,-0.163043,0.035470,-0.176904,0.229871,-0.312621,-0.206861,0.143362,-0.153823,-0.094155,-0.022848,0.009506,0.009222,-0.170139,-0.168230,0.099334,-0.092805,0.017752,0.019151,0.005590
0.045848,0.041119,0.775783,-0.057240,0.081483,-0.724154,0.682411,-0.202545,0.093606,0.231658,0.589855,-0.387955,0.181254,-0.259955,0.206349,0.074196,0.410791,-0.166030,0.035747,-0.156797,0.224443,-0.309983,-0.208566,0.148202,-0.150219,-0.097554,-0.019768,0.009967,0.011221,-0.169137,-0.169270,0.096340,-0.093453,0.016761,0.019580,0.004493
0.046337,0.042172,0.775156,-0.055580,0.078675,-0.733217,0.673137,-0.197513,0.091390,0.248375,0.586804,-0.389638,0.182152,-0.270368,0.208328,0.089845,0.426612,-0.170071,0.036002,-0.135944,0.218869,-0.307860,-0.209877,0.154019,-0.147105,-0.101366,-0.016336,0.010625,0.012423,-0.166641,-0.172081,0.092696,-0.094550,0.015561,0.019979,0.003578
0.046821,0.043026,0.774518,-0.053904,0.075877,-0.742161,0.663728,-0.192570,0.089020,0.265087,0.583765,-0.391356,0.183024,-0.280999,0.210406,0.105470,0.442834,-0.174337,0.036451,-0.114812,0.213358,-0.306215,-0.211329,0.161204,-0.144889,-0.105429,-0.012813,0.011237,0.013132,-0.162602,-0.176387,0.088250,-0.096019,0.014323,0.020314,0.002543
0.046916,0.044714,0.773549,-0.052170,0.072239,-0.745366,0.660673,-0.190802,0.082069,0.272149,0.583019,-0.392467,0.184947,-0.294429,0.207382,0.112193,0.468707,-0.180711,0.038383,-0.096959,0.202648,-0.303105,-0.214792,0.157671,-0.144350,-0.107215,-0.011495,0.011996,0.014649,-0.165559,-0.172893,0.087742,-0.096713,0.013570,0.020995,0.004104
0.047053,0.046285,0.772541,-0.050082,0.068258,-0.748247,0.657996,-0.189630,0.073651,0.278880,0.582686,-0.392485,0.187124,-0.308419,0.203067,0.118846,0.496013,-0.188956,0.039761,-0.080120,0.191481,-0.300299,-0.219186,0.155276,-0.144835,-0.108331,-0.010139,0.012542,0.016150,-0.170649,-0.169458,0.089511,-0.096010,0.013067,0.021601,0.005251
0.047146,0.047888,0.771495,-0.047949,0.064204,-0.751070,0.655342,-0.188581,0.064914,0.285619,0.582397,-0.392519,0.189433,-0.322703,0.198532,0.125418,0.524056,-0.197628,0.041327,-0.063356,0.180647,-0.297663,-0.223834,0.154398,-0.145646,-0.109584,-0.008531,0.012907,0.017633,-0.176350,-0.166353,0.092055,-0.094619,0.012630,0.022035,0.005923
0.045905,0.049998,0.770618,-0.044110,0.057754,-0.756224,0.650265,-0.185228,0.050107,0.288755,0.577624,-0.389464,0.189690,-0.338749,0.189496,0.126688,0.553698,-0.206110,0.039611,-0.036108,0.156749,-0.290112,-0.219434,0.155745,-0.144185,-0.107709,-0.011488,0.012440,0.018196,-0.180678,-0.160627,0.095301,-0.094346,0.012650,0.021955,0.006249
0.044604,0.051963,0.769580,-0.040041,0.050922,-0.761288,0.645170,-0.181704,0.034062,0.292093,0.572401,-0.386006,0.190458,-0.355279,0.179541,0.128187,0.585139,-0.215668,0.037956,-0.007803,0.132399,-0.283235,-0.212865,0.157780,-0.140474,-0.106980,-0.013985,0.012138,0.018207,-0.184061,-0.155781,0.098060,-0.094562,0.012340,0.022009,0.006463
0.043328,0.053799,0.768453,-0.035871,0.043949,-0.766242,0.640043,-0.178359,0.017489,0.295449,0.567139,-0.382638,0.191342,-0.372047,0.169187,0.129795,0.617401,-0.225828,0.036489,0.021049,0.108024,-0.276973,-0.205189,0.160454,-0.135741,-0.106878,-0.016009,0.011924,0.017924,-0.186906,-0.150960,0.100347,-0.094927,0.011658,0.022150,0.006624
0.044101,0.055315,0.767578,-0.031540,0.038770,-0.768930,0.637377,-0.174752,-0.000786,0.297917,0.554294,-0.377655,0.195133,-0.384267,0.158188,0.137000,0.637636,-0.235729,0.037132,0.035319,0.095832,-0.274035,-0.204722,0.157919,-0.130858,-0.108491,-0.013384,0.012792,0.017889,-0.191017,-0.148254,0.102361,-0.095392,0.011603,0.022374,0.007379
0.044922,0.056708,0.766807,-0.027597,0.033560,-0.771470,0.634781,-0.170290,-0.018739,0.300047,0.540643,-0.372360,0.198824,-0.395364,0.147254,0.143605,0.656643,-0.243984,0.038711,0.048915,0.084211,-0.270838,-0.205468,0.156198,-0.127280,-0.109732,-0.010602,0.013584,0.018245,-0.195516,-0.144131,0.104162,-0.095704,0.011305,0.022548,0.008083
0.045760,0.057974,0.766005,-0.023793,0.028211,-0.773946,0.632176,-0.165690,-0.036697,0.302193,0.527247,-0.367271,0.202567,-0.406133,0.136265,0.150275,0.675697,-0.252325,0.040317,0.062404,0.072552,-0.267620,-0.206949,0.155256,-0.124240,-0.111198,-0.007684,0.014324,0.018754,-0.200254,-0.138857,0.105551,-0.096116,0.010623,0.022775,0.008913
0.046076,0.058892,0.766493,-0.020332,0.024568,-0.774712,0.631510,-0.156427,-0.053319,0.299541,0.500567,-0.355864,0.205010,-0.410288,0.123144,0.147925,0.679126,-0.254774,0.042716,0.079387,0.060256,-0.266460,-0.206609,0.155582,-0.122961,-0.110275,-0.008455,0.014449,0.019152,-0.200293,-0.137939,0.107099,-0.093824,0.012501,0.023083,0.008281
0.046491,0.059764,0.767095,-0.017170,0.020917,-0.775424,0.630861,-0.145954,-0.069705,0.296710,0.472834,-0.344154,0.207273,-0.412906,0.110597,0.146274,0.680938,-0.256537,0.043069,0.096722,0.048044,-0.265229,-0.206704,0.155631,-0.121757,-0.109432,-0.009142,0.014507,0.019564,-0.199464,-0.136638,0.107675,-0.092339,0.014218,0.023417,0.007772
0.046810,0.060623,0.767692,-0.014117,0.017276,-0.776133,0.630174,-0.135316,-0.085850,0.293890,0.445462,-0.332734,0.209503,-0.415167,0.098242,0.144642,0.682565,-0.258282,0.043351,0.114220,0.035811,-0.263999,-0.207557,0.155851,-0.120799,-0.108761,-0.009554,0.014608,0.019922,-0.198569,-0.134262,0.107781,-0.091201,0.015680,0.023937,0.007545
0.047419,0.061510,0.768595,-0.012116,0.015483,-0.774624,0.632117,-0.124825,-0.098802,0.286092,0.415991,-0.318199,0.211526,-0.414315,0.089610,0.145700,0.678244,-0.255983,0.045587,0.120645,0.033047,-0.264515,-0.206703,0.157498,-0.119835,-0.109885,-0.009728,0.014874,0.020542,-0.197389,-0.139003,0.108008,-0.091710,0.017426,0.023844,0.006864
0.048059,0.062272,0.769678,-0.010403,0.013896,-0.773061,0.634095,-0.114192,-0.110989,0.277878,0.387110,-0.303754,0.213617,-0.412485,0.081430,0.146347,0.672399,-0.253030,0.047640,0.126716,0.031327,-0.265008,-0.205201,0.159923,-0.118022,-0.111631,-0.009578,0.015323,0.021017,-0.196548,-0.142316,0.108670,-0.092425,0.019298,0.023873,0.006207
0.048712,0.063175,0.770781,-0.008787,0.012393,-0.771496,0.636053,-0.103599,-0.122802,0.269701,0.358873,-0.289716,0.215724,-0.410443,0.073487,0.146950,0.666248,-0.249956,0.049667,0.132796,0.030002,-0.265514,-0.203549,0.162912,-0.115830,-0.113658,-0.009078,0.015555,0.021243,-0.196145,-0.144561,0.110109,-0.092777,0.021277,0.023549,0.005528
0.048740,0.063711,0.771575,-0.007324,0.011512,-0.768007,0.640296,-0.095906,-0.132728,0.255408,0.336012,-0.275957,0.216998,-0.412093,0.064846,0.141842,0.667864,-0.244484,0.051146,0.141174,0.024125,-0.265376,-0.203466,0.165743,-0.116740,-0.117468,-0.008850,0.015863,0.020095,-0.202118,-0.149023,0.114842,-0.096174,0.020274,0.023711,0.007620
0.048854,0.064425,0.772420,-0.005587,0.010599,-0.764378,0.644658,-0.089128,-0.143116,0.240694,0.314436,-0.262130,0.218409,-0.414390,0.055520,0.136454,0.670158,-0.239698,0.052486,0.149447,0.017788,-0.265239,-0.204649,0.169374,-0.118444,-0.122366,-0.008319,0.016475,0.018474,-0.209635,-0.153390,0.121261,-0.100070,0.019556,0.024269,0.010117
0.048880,0.065113,0.773267,-0.003771,0.009720,-0.760697,0.649023,-0.082537,-0.153542,0.225998,0.293329,-0.248578,0.219971,-0.416861,0.046100,0.131091,0.672610,-0.235042,0.053844,0.157670,0.011364,-0.265175,-0.207194,0.174579,-0.121343,-0.129168,-0.007351,0.017367,0.016143,-0.218884,-0.157987,0.129659,-0.105101,0.019135,0.025158,0.013448
0.049431,0.066327,0.774260,-0.004199,0.010507,-0.756078,0.654384,-0.076997,-0.157375,0.210451,0.276077,-0.236632,0.220990,-0.419853,0.042031,0.125411,0.676668,-0.219036,0.055898,0.160222,0.014025,-0.263972,-0.212474,0.178802,-0.123551,-0.136543,-0.006021,0.018648,0.015840,-0.228426,-0.163238,0.136317,-0.110590,0.019894,0.026641,0.015157
0.050071,0.067516,0.775366,-0.004808,0.011420,-0.751447,0.659677,-0.071764,-0.160752,0.194253,0.259952,-0.224422,0.222263,-0.422178,0.038443,0.119686,0.679579,-0.202343,0.058217,0.162682,0.017177,-0.262933,-0.221545,0.187222,-0.128683,-0.148551,-0.004098,0.020369,0.014762,-0.242430,-0.171098,0.146808,-0.119785,0.020885,0.028496,0.018255
0.050613,0.068702,0.776505,-0.005463,0.012354,-0.746785,0.664929,-0.066502,-0.164035,0.178065,0.244101,-0.212407,0.223635,-0.424349,0.035025,0.113995,0.682242,-0.185598,0.060553,0.165115,0.020395,-0.261959,-0.237098,0.201792,-0.138019,-0.167182,-0.001612,0.022942,0.013302,-0.264299,-0.183995,0.163104,-0.134192,0.022362,0.031364,0.023003
0.050968,0.070433,0.778212,-0.006552,0.014791,-0.741907,0.670308,-0.058406,-0.163552,0.159460,0.218246,-0.194778,0.223015,-0.426822,0.038377,0.105638,0.686680,-0.184930,0.056840,0.163171,0.024716,-0.261527,-0.260757,0.220098,-0.144060,-0.183951,-0.004032,0.025435,0.023781,-0.293557,-0.208354,0.175630,-0.150913,0.023679,0.033612,0.019504
0.051309,0.072102,0.779978,-0.007687,0.017049,-0.736934,0.675705,-0.049781,-0.163384,0.140695,0.192331,-0.177172,0.222938,-0.428827,0.041389,0.097339,0.691057,-0.184375,0.053502,0.161111,0.028524,-0.261265,-0.298944,0.250037,-0.157932,-0.210473,-0.007258,0.028374,0.036133,-0.337892,-0.244723,0.197050,-0.176465,0.026186,0.037069,0.016803
0.051635,0.073758,0.781791,-0.008817,0.019189,-0.731891,0.681094,-0.041108,-0.163418,0.121965,0.166864,-0.159891,0.223120,-0.430581,0.044122,0.089092,0.695283,-0.183844,0.050161,0.158930,0.031913,-0.260996,-0.355662,0.294836,-0.180740,-0.248461,-0.011460,0.032756,0.051763,-0.402675,-0.296612,0.229402,-0.212011,0.030444,0.042600,0.014169
0.050832,0.075644,0.784030,-0.010871,0.019636,-0.723893,0.689547,-0.033309,-0.162593,0.101467,0.150966,-0.138994,0.220496,-0.423567,0.048436,0.079590,0.694816,-0.198563,0.047707,0.152760,0.032153,-0.261050,-0.416332,0.346973,-0.185548,-0.244058,-0.030188,0.036924,0.092516,-0.474625,-0.364539,0.239235,-0.212024,0.044056,0.048493,-0.018942
0.050288,0.077546,0.786630,-0.014019,0.021367,-0.716233,0.697393,-0.025259,-0.157884,0.080829,0.134527,-0.117920,0.217643,-0.413044,0.056383,0.069325,0.685877,-0.208603,0.045009,0.147172,0.036258,-0.263063,-0.506462,0.414899,-0.204565,-0.240129,-0.054273,0.037638,0.137354,-0.577406,-0.447901,0.265501,-0.213158,0.061945,0.052554,-0.053310
0.049692,0.079249,0.789286,-0.017349,0.023155,-0.708553,0.705065,-0.017022,-0.152844,0.060239,0.118409,-0.097252,0.215049,-0.401923,0.064790,0.059231,0.676068,-0.218341,0.042422,0.141748,0.040784,-0.264970,-0.618487,0.497866,-0.231690,-0.240512,-0.082647,0.038584,0.186929,-0.704306,-0.547966,0.302321,-0.218737,0.083304,0.057966,-0.090186
0.048664,0.079313,0.792076,-0.018877,0.024244,-0.705400,0.708143,-0.015950,-0.148410,0.046284,0.117853,-0.080232,0.209967,-0.383181,0.067775,0.051962,0.642632,-0.204259,0.039442,0.138198,0.041962,-0.267030,-0.744103,0.593149,-0.240194,-0.140655,-0.140216,0.039999,0.262450,-0.841751,-0.659535,0.311656,-0.078874,0.135867,0.073107,-0.162291
0.047655,0.078572,0.794716,-0.019952,0.026106,-0.702408,0.711016,-0.015998,-0.143446,0.032269,0.118148,-0.064714,0.204285,-0.365197,0.071575,0.044793,0.608927,-0.190857,0.036375,0.133845,0.042237,-0.271362,-0.886302,0.697490,-0.258555,-0.024210,-0.206251,0.034038,0.331215,-0.996042,-0.780478,0.331497,0.076809,0.195089,0.078650,-0.228031
0.046784,0.077252,0.797358,-0.020520,0.028437,-0.699425,0.713846,-0.016597,-0.138680,0.018090,0.118445,-0.049963,0.198818,-0.348219,0.075411,0.037676,0.576032,-0.178648,0.033389,0.129274,0.041620,-0.275801,-1.030345,0.803416,-0.279778,0.107923,-0.275676,0.025776,0.389248,-1.151610,-0.905741,0.357212,0.244733,0.255895,0.080363,-0.287087
0.044773,0.075852,0.799005,-0.019291,0.030191,-0.693964,0.719118,-0.019877,-0.137426,0.003547,0.119575,-0.039040,0.192956,-0.316855,0.073923,0.038117,0.514480,-0.164600,0.026928,0.121308,0.036315,-0.280681,-1.166432,0.902862,-0.321094,0.208515,-0.339258,0.010630,0.424410,-1.293376,-1.023871,0.414548,0.364728,0.301273,0.072677,-0.319554
0.042910,0.074217,0.800973,-0.018861,0.032310,-0.688428,0.724340,-0.022176,-0.134321,-0.011593,0.120665,-0.028239,0.187081,-0.282673,0.073945,0.037069,0.448837,-0.148830,0.020343,0.113975,0.033179,-0.283689,-1.281209,0.987490,-0.352820,0.319045,-0.398924,0.000386,0.449696,-1.412180,-1.128327,0.464789,0.489619,0.340967,0.068867,-0.348510
0.041111,0.072439,0.803031,-0.018751,0.034541,-0.682892,0.729461,-0.023673,-0.130416,-0.026886,0.121530,-0.017672,0.181070,-0.247315,0.074772,0.035310,0.382020,-0.132839,0.013706,0.106704,0.030841,-0.285947,-1.374590,1.056464,-0.377371,0.441313,-0.454331,-0.006374,0.464519,-1.507262,-1.215809,0.508824,0.621854,0.375875,0.066578,-0.373876
0.038069,0.070102,0.804472,-0.018174,0.036039,-0.678938,0.733086,-0.023985,-0.125558,-0.034453,0.121628,-0.011960,0.173572,-0.214826,0.075856,0.031590,0.319970,-0.108010,0.006391,0.102040,0.027640,-0.286785,-1.447866,1.123539,-0.414830,0.546533,-0.486336,-0.012394,0.464608,-1.581470,-1.285730,0.564106,0.713476,0.396023,0.059061,-0.381628
0.035146,0.067967,0.805911,-0.017519,0.037555,-0.675210,0.736460,-0.024699,-0.120718,-0.041444,0.121984,-0.006222,0.166564,-0.182954,0.077298,0.028046,0.258433,-0.083222,-0.000715,0.097436,0.025100,-0.286657,-1.503857,1.178715,-0.446819,0.654833,-0.511806,-0.014577,0.460320,-1.637647,-1.341356,0.612354,0.804302,0.411194,0.055995,-0.388252
0.032144,0.065676,0.807445,-0.016847,0.039070,-0.671503,0.739779,-0.025438,-0.115892,-0.048353,0.122377,-0.000508,0.159579,-0.151247,0.078961,0.024151,0.197232,-0.058648,-0.007660,0.092515,0.022797,-0.286420,-1.548015,1.224837,-0.477176,0.765692,-0.532582,-0.014547,0.452591,-1.681080,-1.385938,0.657167,0.895916,0.422964,0.054741,-0.394562
0.030901,0.065537,0.809004,-0.018873,0.039846,-0.668961,0.741989,-0.023982,-0.109825,-0.052930,0.122846,0.006697,0.154637,-0.138381,0.082838,0.017385,0.177120,-0.032625,-0.013334,0.090518,0.028212,-0.276828,-1.570645,1.264538,-0.516007,0.859683,-0.545236,-0.010419,0.430698,-1.698994,-1.420781,0.707145,0.972813,0.430206,0.056553,-0.384336
0.029589,0.065452,0.810397,-0.020225,0.040384,-0.666577,0.744067,-0.023122,-0.105224,-0.056788,0.123001,0.014157,0.149727,-0.131864,0.085506,0.010967,0.168860,-0.012764,-0.018820,0.088812,0.032457,-0.268224,-1.582721,1.300210,-0.549579,0.949241,-0.553310,-0.003136,0.407876,-1.706169,-1.451914,0.750322,1.046123,0.434401,0.060730,-0.372443
0.028380,0.065346,0.811741,-0.021101,0.041039,-0.664197,0.746132,-0.023275,-0.101299,-0.060523,0.123068,0.021909,0.144983,-0.128549,0.087550,0.004501,0.165239,0.004826,-0.024249,0.087054,0.036112,-0.260873,-1.587866,1.332899,-0.579975,1.035433,-0.557133,0.005785,0.385723,-1.705734,-1.480461,0.788540,1.116798,0.435861,0.066290,-0.360896
0.026179,0.065745,0.812553,-0.021039,0.041729,-0.662922,0.747229,-0.025462,-0.097310,-0.061851,0.122701,0.026244,0.142219,-0.128834,0.089842,-0.003518,0.162616,0.015501,-0.029296,0.085105,0.037283,-0.251912,-1.584795,1.364186,-0.604065,1.100299,-0.554358,0.014921,0.360271,-1.696903,-1.505962,0.822786,1.173649,0.430850,0.074124,-0.337932
0.023903,0.066216,0.813334,-0.020804,0.042555,-0.661680,0.748289,-0.028405,-0.093268,-0.062096,0.122647,0.030285,0.137519,-0.130450,0.092088,-0.011612,0.161600,0.025487,-0.034361,0.083225,0.038501,-0.243510,-1.572581,1.395117,-0.620788,1.158928,-0.548474,0.026300,0.336888,-1.681202,-1.531430,0.850459,1.227086,0.422919,0.083526,-0.314046
0.021751,0.066642,0.814116,-0.020481,0.043464,-0.660453,0.749329,-0.031751,-0.089315,-0.062276,0.122721,0.034356,0.132885,-0.132631,0.094255,-0.019717,0.161144,0.035243,-0.039438,0.081362,0.039985,-0.235907,-1.552410,1.425303,-0.631222,1.214017,-0.540271,0.038476,0.315041,-1.659098,-1.556261,0.872568,1.278364,0.412904,0.093334,-0.290545
0.020959,0.067491,0.814547,-0.020811,0.044251,-0.659168,0.750404,-0.034338,-0.087052,-0.064810,0.122972,0.036871,0.131798,-0.134197,0.095904,-0.023216,0.160713,0.041760,-0.042297,0.079150,0.044692,-0.228284,-1.527739,1.443420,-0.636558,1.258316,-0.527846,0.047486,0.299959,-1.630116,-1.568665,0.890381,1.314374,0.393401,0.104364,-0.266195
0.020229,0.068399,0.814971,-0.021297,0.044935,-0.657896,0.751465,-0.036570,-0.084707,-0.067161,0.123213,0.039247,0.130058,-0.135419,0.097575,-0.026907,0.160380,0.048261,-0.045069,0.076937,0.049897,-0.221028,-1.495134,1.459967,-0.635426,1.299802,-0.513985,0.056961,0.287884,-1.593572,-1.580210,0.901171,1.347264,0.371631,0.116912,-0.243449
0.019532,0.069339,0.815403,-0.021837,0.045580,-0.656624,0.752523,-0.038683,-0.082383,-0.069487,0.123412,0.041670,0.128368,-0.136488,0.099228,-0.030584,0.159995,0.054800,-0.047818,0.074466,0.055419,-0.214299,-1.454847,1.475466,-0.627892,1.339201,-0.499092,0.066365,0.277327,-1.549188,-1.590674,0.904737,1.378312,0.348627,0.129557,-0.221758
0.017992,0.070577,0.815241,-0.022393,0.045798,-0.656148,0.752909,-0.040474,-0.079455,-0.071320,0.123923,0.039825,0.127151,-0.138115,0.101540,-0.035247,0.159991,0.058254,-0.050434,0.074559,0.059798,-0.206093,-1.398831,1.477348,-0.593154,1.375704,-0.496766,0.070445,0.269949,-1.501184,-1.597661,0.878645,1.422674,0.351302,0.137909,-0.212299
0.016473,0.071858,0.815159,-0.023120,0.045909,-0.655735,0.753239,-0.041872,-0.076291,-0.072510,0.124497,0.037407,0.125707,-0.139505,0.104026,-0.039907,0.160249,0.061622,-0.053067,0.074746,0.064807,-0.198798,-1.327609,1.476940,-0.545042,1.407353,-0.493937,0.073638,0.265916,-1.441242,-1.603000,0.842674,1.466087,0.354764,0.144504,-0.205760
0.015085,0.073023,0.815097,-0.023866,0.046036,-0.655336,0.753556,-0.043165,-0.073108,-0.073671,0.124968,0.034987,0.124316,-0.140768,0.106529,-0.044517,0.160369,0.065017,-0.055667,0.074355,0.070417,-0.192883,-1.244608,1.473879,-0.487044,1.434982,-0.490406,0.076714,0.264842,-1.372021,-1.605799,0.798902,1.507817,0.357656,0.151142,-0.201470
0.014863,0.074867,0.814594,-0.025180,0.046120,-0.654025,0.754646,-0.045030,-0.071284,-0.073685,0.125677,0.033607,0.125406,-0.141387,0.107703,-0.046776,0.160224,0.066155,-0.053104,0.070210,0.082063,-0.186402,-1.153039,1.458323,-0.418310,1.453060,-0.486359,0.076640,0.265765,-1.288199,-1.595321,0.745028,1.540476,0.361272,0.151849,-0.199947
0.014585,0.076652,0.814108,-0.026751,0.046480,-0.652690,0.755725,-0.046427,-0.068552,-0.074195,0.125847,0.029805,0.127697,-0.142008,0.109842,-0.049417,0.159955,0.067465,-0.050886,0.063596,0.093960,-0.180706,-1.054168,1.441646,-0.344029,1.465610,-0.481707,0.076231,0.269436,-1.193007,-1.580377,0.680402,1.569407,0.365008,0.151826,-0.202083
0.014239,0.078308,0.813663,-0.028207,0.046893,-0.651340,0.756810,-0.047850,-0.065680,-0.074833,0.125904,0.025911,0.129765,-0.142572,0.112121,-0.052129,0.159377,0.068788,-0.048918,0.054504,0.104321,-0.175208,-0.952684,1.424460,-0.268369,1.473327,-0.476649,0.075802,0.274709,-1.088606,-1.560893,0.606682,1.594332,0.368924,0.151147,-0.207235
0.012912,0.079804,0.812847,-0.029499,0.047356,-0.650329,0.757601,-0.049156,-0.060999,-0.070232,0.125279,0.018607,0.128503,-0.142972,0.115931,-0.053179,0.157918,0.067580,-0.049190,0.046280,0.111902,-0.171533,-0.850009,1.417510,-0.197655,1.477983,-0.473389,0.075535,0.278760,-0.981942,-1.537747,0.525648,1.597296,0.371619,0.145460,-0.216146
0.011434,0.081090,0.812036,-0.030688,0.047936,-0.649322,0.758381,-0.050648,-0.055960,-0.066042,0.124635,0.010545,0.128901,-0.143621,0.120108,-0.054436,0.156439,0.066329,-0.049505,0.037459,0.117155,-0.167279,-0.751118,1.410263,-0.130543,1.481661,-0.470345,0.075274,0.281938,-0.870884,-1.511226,0.439702,1.594909,0.374237,0.140440,-0.227357
0.009663,0.082276,0.811336,-0.031740,0.048522,-0.648271,0.759199,-0.052198,-0.050859,-0.062048,0.123947,0.002423,0.129045,-0.144367,0.124342,-0.055851,0.154941,0.064976,-0.050121,0.029311,0.120042,-0.162241,-0.657755,1.401759,-0.068194,1.484206,-0.467261,0.075154,0.284756,-0.757764,-1.482153,0.351324,1.588060,0.376664,0.135451,-0.239833
0.009180,0.083120,0.810854,-0.032402,0.048876,-0.647297,0.759978,-0.053718,-0.047623,-0.050435,0.123625,-0.001019,0.131942,-0.144395,0.125836,-0.057779,0.153225,0.064365,-0.051299,0.022267,0.119143,-0.156226,-0.580472,1.377018,-0.016316,1.471102,-0.464651,0.071940,0.286102,-0.647301,-1.438232,0.268656,1.579192,0.381591,0.131888,-0.245589
0.008556,0.083912,0.810281,-0.033187,0.049431,-0.646355,0.760711,-0.054840,-0.043836,-0.039753,0.122680,-0.006468,0.133749,-0.144638,0.127967,-0.059387,0.151638,0.063434,-0.051121,0.018285,0.117665,-0.149991,-0.514643,1.349823,0.024723,1.456098,-0.462068,0.070171,0.288617,-0.543826,-1.393939,0.193414,1.567730,0.386174,0.128515,-0.250713
0.008088,0.084767,0.809785,-0.033988,0.050008,-0.645437,0.761417,-0.055882,-0.040077,-0.029012,0.121802,-0.012004,0.135653,-0.144884,0.130096,-0.060907,0.150111,0.062426,-0.050859,0.016876,0.116480,-0.143838,-0.459759,1.320272,0.055097,1.441778,-0.459575,0.068980,0.291151,-0.450895,-1.349699,0.129344,1.555399,0.390262,0.125655,-0.254890
0.006168,0.085145,0.809548,-0.033802,0.049583,-0.644895,0.761912,-0.056492,-0.038347,-0.027405,0.121510,-0.014174,0.133804,-0.145011,0.131135,-0.063196,0.149199,0.061632,-0.053029,0.021172,0.111691,-0.138052,-0.406201,1.299721,0.080167,1.431638,-0.454801,0.068982,0.291598,-0.364637,-1.316974,0.077960,1.540447,0.384797,0.125117,-0.248605
0.004382,0.085621,0.809380,-0.033589,0.049229,-0.644301,0.762446,-0.057191,-0.036736,-0.025808,0.121080,-0.016262,0.132134,-0.145384,0.132070,-0.065498,0.148494,0.060700,-0.054940,0.025919,0.108208,-0.132571,-0.357032,1.277813,0.100846,1.423398,-0.449973,0.068534,0.290863,-0.289248,-1.284614,0.037482,1.527444,0.378334,0.124965,-0.239946
0.002702,0.086056,0.809109,-0.033418,0.048905,-0.643725,0.762961,-0.057945,-0.035165,-0.024138,0.120715,-0.018359,0.130620,-0.145833,0.132965,-0.067734,0.147878,0.059770,-0.056685,0.030635,0.105920,-0.127275,-0.310886,1.254634,0.118271,1.416417,-0.445235,0.067812,0.289874,-0.223973,-1.252270,0.007356,1.516570,0.371853,0.124896,-0.230410
0.003133,0.086279,0.809237,-0.033612,0.049036,-0.643981,0.762728,-0.057989,-0.034115,-0.015423,0.120405,-0.018041,0.131774,-0.145681,0.132951,-0.068217,0.147176,0.060568,-0.056066,0.032817,0.106815,-0.125775,-0.279396,1.226716,0.132203,1.409059,-0.445733,0.065407,0.293259,-0.182559,-1.224689,-0.018150,1.506449,0.377301,0.120050,-0.234569
0.003536,0.086784,0.809277,-0.033965,0.049100,-0.644303,0.762436,-0.057909,-0.032963,-0.006382,0.120092,-0.017525,0.132795,-0.145477,0.132966,-0.068563,0.146491,0.061945,-0.056022,0.034647,0.108794,-0.124063,-0.251230,1.197982,0.142819,1.403440,-0.446673,0.062978,0.297341,-0.149407,-1.197414,-0.035343,1.499376,0.383904,0.115097,-0.239430
0.004048,0.087265,0.809314,-0.034381,0.049116,-0.644631,0.762139,-0.057743,-0.031820,0.002696,0.119819,-0.016972,0.133854,-0.145190,0.132977,-0.068889,0.145794,0.063411,-0.055938,0.035817,0.111159,-0.122330,-0.224358,1.169102,0.151896,1.398721,-0.447737,0.060406,0.301432,-0.121415,-1.170231,-0.047237,1.494160,0.390767,0.109961,-0.244100
0.004150,0.087824,0.809491,-0.034002,0.048934,-0.645211,0.761677,-0.057236,-0.032528,0.005318,0.117085,-0.013180,0.134095,-0.144605,0.132377,-0.067972,0.142266,0.066919,-0.056346,0.036639,0.110842,-0.120913,-0.199493,1.152279,0.159076,1.400534,-0.449710,0.060203,0.300549,-0.100835,-1.152012,-0.054223,1.487925,0.393898,0.106750,-0.243809
0.004295,0.088060,0.809732,-0.033922,0.048525,-0.645966,0.761067,-0.056439,-0.032967,0.008314,0.116440,-0.011175,0.134135,-0.144007,0.131889,-0.066696,0.141248,0.068391,-0.056770,0.037652,0.111124,-0.118884,-0.172318,1.134113,0.167935,1.400957,-0.451376,0.058716,0.300547,-0.080689,-1.133633,-0.060667,1.481462,0.396596,0.103312,-0.244181
0.004470,0.088365,0.809875,-0.033888,0.048078,-0.646746,0.760434,-0.055659,-0.033407,0.011383,0.116226,-0.009473,0.134210,-0.143555,0.131386,-0.065378,0.140891,0.069470,-0.057159,0.038335,0.111713,-0.116576,-0.144092,1.115335,0.177684,1.400426,-0.452907,0.057048,0.300816,-0.061419,-1.115316,-0.066242,1.474710,0.399158,0.099860,-0.244684
0.004747,0.088877,0.810090,-0.034157,0.047474,-0.646668,0.760527,-0.055048,-0.034261,0.012216,0.116528,-0.005686,0.134696,-0.142550,0.130177,-0.066805,0.140807,0.071485,-0.057692,0.038843,0.112019,-0.114103,-0.121103,1.100292,0.188733,1.398941,-0.455426,0.055767,0.302975,-0.042106,-1.092905,-0.068022,1.477182,0.405292,0.099504,-0.244366
0.004996,0.089469,0.810251,-0.034305,0.046712,-0.646505,0.760705,-0.054330,-0.035809,0.011394,0.116790,-0.002703,0.136063,-0.141192,0.128463,-0.068406,0.140443,0.071723,-0.058820,0.038879,0.111298,-0.111502,-0.099759,1.086141,0.198319,1.398063,-0.458056,0.054813,0.305234,-0.024833,-1.070116,-0.067688,1.481412,0.412257,0.098803,-0.243610
0.005213,0.090086,0.810323,-0.034481,0.045876,-0.646298,0.760924,-0.053526,-0.037408,0.010470,0.117112,0.000292,0.137395,-0.139776,0.126684,-0.070123,0.140251,0.071871,-0.059983,0.038601,0.110347,-0.108770,-0.079259,1.072280,0.207033,1.397678,-0.460775,0.053918,0.307434,-0.008767,-1.047232,-0.065975,1.486566,0.419465,0.097829,-0.242668
0.005227,0.090474,0.810647,-0.035502,0.045638,-0.647503,0.759867,-0.051923,-0.034966,0.013339,0.116275,-0.000131,0.132624,-0.139964,0.129171,-0.068559,0.141223,0.076858,-0.058287,0.037903,0.112146,-0.106415,-0.060301,1.060751,0.210840,1.395501,-0.460782,0.053221,0.308301,0.001375,-1.032941,-0.063328,1.489951,0.423655,0.098037,-0.240029
0.005299,0.090941,0.810798,-0.035778,0.044858,-0.648915,0.758695,-0.050711,-0.035144,0.014458,0.116570,0.001902,0.131700,-0.138901,0.129248,-0.067902,0.140961,0.078584,-0.059881,0.037867,0.112693,-0.104212,-0.042376,1.048709,0.213862,1.393984,-0.460541,0.052804,0.308878,0.009936,-1.020107,-0.059580,1.494594,0.427263,0.098863,-0.236417
0.005289,0.091440,0.810947,-0.036054,0.044026,-0.650258,0.757579,-0.049438,-0.035466,0.015435,0.116780,0.004052,0.130814,-0.137862,0.129165,-0.067387,0.140879,0.080214,-0.061439,0.037592,0.113206,-0.101913,-0.025044,1.036651,0.216329,1.392809,-0.460274,0.052375,0.309414,0.017774,-1.007545,-0.055225,1.499951,0.430792,0.099711,-0.232394
0.005180,0.091729,0.811123,-0.036863,0.043569,-0.651305,0.756667,-0.047477,-0.033995,0.017361,0.116498,0.003338,0.131699,-0.137175,0.130212,-0.068366,0.140827,0.081904,-0.060419,0.036429,0.114108,-0.099160,-0.011399,1.031662,0.219818,1.391929,-0.460897,0.052633,0.310644,0.025446,-0.996612,-0.048185,1.504500,0.433703,0.099701,-0.229706
0.005040,0.092050,0.811237,-0.037446,0.042769,-0.652332,0.755799,-0.045617,-0.033351,0.019276,0.116785,0.004329,0.130980,-0.135652,0.130726,-0.068855,0.140774,0.083615,-0.061645,0.034915,0.113868,-0.096111,0.001417,1.027451,0.222786,1.392104,-0.461630,0.053008,0.311366,0.032489,-0.985308,-0.040495,1.509412,0.436689,0.099595,-0.227181
0.004863,0.092390,0.811442,-0.038048,0.041902,-0.653335,0.754950,-0.043613,-0.032746,0.021143,0.116988,0.005391,0.130223,-0.134011,0.131205,-0.069394,0.140717,0.085338,-0.062912,0.033261,0.113347,-0.092881,0.013787,1.023648,0.225439,1.392786,-0.462410,0.053307,0.311852,0.039249,-0.973788,-0.032517,1.514592,0.439741,0.099445,-0.224697
0.005385,0.092698,0.811662,-0.038953,0.040708,-0.653940,0.754445,-0.041793,-0.033077,0.024601,0.120333,0.006081,0.130322,-0.132682,0.130517,-0.067723,0.144373,0.084918,-0.063264,0.035810,0.115468,-0.089176,0.017553,1.014074,0.221240,1.390433,-0.463968,0.052782,0.313955,0.033592,-0.943463,-0.003905,1.516919,0.439235,0.101918,-0.213106
0.005814,0.093099,0.811936,-0.039270,0.039905,-0.654378,0.754092,-0.040607,-0.033855,0.027309,0.120864,0.008774,0.130234,-0.131767,0.129550,-0.066684,0.145053,0.086484,-0.063652,0.036728,0.116167,-0.086544,0.021694,1.006885,0.217641,1.389520,-0.466374,0.052854,0.314607,0.028229,-0.911473,0.025347,1.518224,0.439047,0.104811,-0.202034
0.006105,0.093568,0.812223,-0.039479,0.039182,-0.654782,0.753768,-0.039535,-0.034654,0.029895,0.120998,0.011729,0.130082,-0.130880,0.128572,-0.065725,0.145216,0.088326,-0.064111,0.037184,0.116518,-0.084212,0.026233,1.000266,0.214404,1.388989,-0.468858,0.052843,0.314808,0.023788,-0.878859,0.054247,1.519521,0.438954,0.107875,-0.191225
0.005599,0.094042,0.812591,-0.039143,0.038511,-0.655360,0.753318,-0.038307,-0.035142,0.031109,0.118251,0.016729,0.128724,-0.129667,0.127910,-0.067743,0.141898,0.092645,-0.066083,0.034202,0.111142,-0.084748,0.031404,0.995469,0.216948,1.387369,-0.470258,0.051851,0.313917,0.027216,-0.880372,0.057129,1.520018,0.442181,0.106824,-0.195576
0.005302,0.094477,0.812969,-0.039172,0.037586,-0.656004,0.752803,-0.036912,-0.035723,0.032628,0.117680,0.020162,0.127677,-0.128365,0.127084,-0.069461,0.140942,0.094990,-0.069047,0.033279,0.108033,-0.084184,0.034261,0.987063,0.217596,1.384570,-0.470793,0.050716,0.314932,0.031166,-0.884692,0.057582,1.522000,0.444877,0.105873,-0.199504
0.005193,0.094966,0.813241,-0.039347,0.036573,-0.656687,0.752248,-0.035462,-0.036313,0.034295,0.117677,0.023270,0.126781,-0.127100,0.126236,-0.071078,0.140692,0.096997,-0.071866,0.033351,0.105667,-0.083199,0.035729,0.977525,0.217001,1.381443,-0.471194,0.049712,0.316817,0.035804,-0.890004,0.056763,1.524250,0.447327,0.104773,-0.202957
0.005387,0.095434,0.813686,-0.039789,0.035490,-0.657572,0.751502,-0.033339,-0.036822,0.036362,0.117866,0.026869,0.125331,-0.125249,0.125160,-0.072452,0.140645,0.099642,-0.071101,0.032432,0.106088,-0.083349,0.034439,0.972780,0.214280,1.376361,-0.471137,0.048524,0.319596,0.036493,-0.893939,0.056551,1.524097,0.449521,0.103142,-0.206277
0.005456,0.095861,0.814043,-0.040282,0.034354,-0.658453,0.750757,-0.031112,-0.037321,0.038310,0.118042,0.030442,0.124333,-0.123288,0.124330,-0.073586,0.140502,0.102226,-0.070511,0.031400,0.106207,-0.083144,0.032278,0.968556,0.211072,1.372024,-0.471154,0.047518,0.322358,0.036791,-0.897486,0.056496,1.523821,0.451733,0.101859,-0.209941
0.005595,0.096308,0.814488,-0.040808,0.033172,-0.659328,0.750014,-0.028797,-0.037825,0.040250,0.118229,0.034028,0.123325,-0.121228,0.123498,-0.074728,0.140345,0.104831,-0.069945,0.030409,0.106203,-0.082789,0.029699,0.964540,0.207592,1.368047,-0.471207,0.046499,0.325035,0.037016,-0.900887,0.056422,1.523536,0.453973,0.100686,-0.213730
0.005900,0.096712,0.814927,-0.041416,0.031751,-0.660237,0.749242,-0.025821,-0.038760,0.041917,0.118669,0.038217,0.122277,-0.118374,0.122242,-0.075639,0.140400,0.107854,-0.069416,0.029240,0.105623,-0.081527,0.025775,0.955571,0.196216,1.362428,-0.468192,0.045909,0.324347,0.038334,-0.900574,0.064557,1.519696,0.451463,0.100054,-0.215309
0.006134,0.097091,0.815381,-0.042112,0.030256,-0.661132,0.748476,-0.022522,-0.039735,0.043349,0.118927,0.042168,0.121181,-0.115272,0.121059,-0.076492,0.140284,0.110319,-0.068988,0.028261,0.105057,-0.080430,0.021428,0.946523,0.183956,1.357085,-0.465045,0.045593,0.323789,0.039880,-0.900321,0.072802,1.515779,0.448635,0.099895,-0.216903
0.006460,0.097384,0.815923,-0.042839,0.028732,-0.662019,0.747710,-0.019114,-0.040722,0.044772,0.119153,0.046125,0.120096,-0.112069,0.119864,-0.077355,0.140164,0.112769,-0.068556,0.027437,0.104475,-0.079306,0.016844,0.937476,0.171395,1.351918,-0.461929,0.045337,0.323277,0.041649,-0.900104,0.080838,1.511814,0.445771,0.099860,-0.218499
0.006665,0.097153,0.816220,-0.043405,0.027464,-0.662238,0.747531,-0.015528,-0.041455,0.046736,0.119212,0.049036,0.119036,-0.108398,0.118694,-0.077909,0.139725,0.113946,-0.068177,0.027150,0.104218,-0.079124,0.012530,0.926885,0.163834,1.348506,-0.462311,0.044473,0.325524,0.042308,-0.898668,0.084394,1.506950,0.446070,0.098282,-0.222728
0.006787,0.096838,0.816612,-0.043980,0.026207,-0.662459,0.747347,-0.012007,-0.042198,0.048552,0.119349,0.051728,0.117894,-0.104771,0.117616,-0.078370,0.139349,0.114855,-0.067851,0.026728,0.104006,-0.078596,0.008723,0.915966,0.156892,1.344743,-0.463028,0.043289,0.328198,0.043267,-0.897016,0.087621,1.501346,0.446696,0.096530,-0.227819
0.006997,0.096604,0.816917,-0.044561,0.024944,-0.662674,0.747164,-0.008478,-0.042947,0.050360,0.119525,0.054392,0.116761,-0.101128,0.116532,-0.078842,0.139006,0.115730,-0.067525,0.026247,0.103790,-0.077995,0.005264,0.904932,0.150263,1.340759,-0.463772,0.042065,0.331000,0.044399,-0.895284,0.090741,1.495400,0.447367,0.094836,-0.233185
0.007151,0.096673,0.817046,-0.045298,0.023712,-0.663189,0.746703,-0.005080,-0.043642,0.050664,0.119413,0.055218,0.117424,-0.097821,0.115897,-0.079596,0.138849,0.115790,-0.067186,0.024809,0.104982,-0.076838,0.003236,0.902257,0.141411,1.337581,-0.460443,0.043018,0.331024,0.046378,-0.896722,0.093610,1.490377,0.444276,0.095126,-0.234184
0.007359,0.096710,0.817194,-0.045984,0.022398,-0.663668,0.746276,-0.001730,-0.044387,0.051510,0.119552,0.056511,0.116885,-0.094503,0.115000,-0.080552,0.138597,0.115757,-0.066867,0.023314,0.105686,-0.075826,0.000658,0.900618,0.132295,1.335522,-0.456527,0.044293,0.329566,0.048440,-0.898282,0.096294,1.485701,0.440308,0.095680,-0.233879
0.007462,0.096753,0.817342,-0.046658,0.021078,-0.664143,0.745851,0.001595,-0.045147,0.052349,0.119690,0.057819,0.116324,-0.091219,0.114091,-0.081524,0.138367,0.115720,-0.066569,0.021891,0.106229,-0.074840,-0.002316,0.899320,0.122946,1.334007,-0.452503,0.045486,0.327604,0.050522,-0.899801,0.098852,1.481201,0.436131,0.096211,-0.233230
0.007454,0.096675,0.817484,-0.047110,0.020304,-0.664011,0.745961,0.003769,-0.045664,0.052191,0.119537,0.058559,0.116018,-0.088822,0.113314,-0.083317,0.137966,0.115883,-0.065964,0.022900,0.106146,-0.073562,-0.007343,0.893367,0.114525,1.331719,-0.450585,0.045339,0.326785,0.050343,-0.894348,0.104591,1.477133,0.433040,0.096684,-0.232071
0.007503,0.096726,0.817544,-0.047482,0.019588,-0.663880,0.746073,0.005559,-0.046168,0.052094,0.119539,0.059401,0.115427,-0.086803,0.112582,-0.084900,0.137655,0.116008,-0.065644,0.023704,0.105814,-0.072307,-0.012072,0.887349,0.106332,1.329105,-0.448977,0.045062,0.326691,0.049366,-0.888409,0.111023,1.473550,0.430345,0.097063,-0.231384
0.007454,0.096784,0.817690,-0.047816,0.018899,-0.663754,0.746182,0.007209,-0.046678,0.052008,0.119594,0.060234,0.114827,-0.084933,0.111842,-0.086487,0.137415,0.116123,-0.065335,0.024335,0.105418,-0.071122,-0.016469,0.881323,0.098428,1.326346,-0.447436,0.044819,0.326775,0.047995,-0.882367,0.117876,1.470221,0.427774,0.097395,-0.230786
0.007650,0.097093,0.817813,-0.048160,0.018150,-0.664194,0.745786,0.008509,-0.047196,0.052607,0.119660,0.061803,0.114885,-0.083532,0.111022,-0.088027,0.137136,0.116693,-0.064787,0.024271,0.105093,-0.070119,-0.020405,0.875986,0.091153,1.326683,-0.446122,0.045703,0.326389,0.044687,-0.879987,0.124018,1.467348,0.424793,0.097993,-0.230605
0.007790,0.097508,0.817955,-0.048512,0.017485,-0.664647,0.745376,0.009613,-0.047764,0.052731,0.119657,0.063005,0.114497,-0.082353,0.110335,-0.089406,0.136901,0.117385,-0.064486,0.024051,0.105078,-0.069032,-0.024441,0.870489,0.084038,1.327635,-0.444823,0.046445,0.325546,0.040702,-0.877966,0.130649,1.464915,0.421801,0.098699,-0.230348
0.007935,0.097934,0.818008,-0.048862,0.016833,-0.665096,0.744967,0.010649,-0.048327,0.052846,0.119713,0.064196,0.114117,-0.081217,0.109650,-0.090795,0.136676,0.118091,-0.064177,0.023704,0.105140,-0.067944,-0.028426,0.864960,0.077065,1.328816,-0.443519,0.047064,0.324558,0.036376,-0.876023,0.137572,1.462727,0.418834,0.099397,-0.230002
0.008519,0.098015,0.818047,-0.049226,0.016570,-0.665408,0.744671,0.011890,-0.048813,0.053490,0.119754,0.065256,0.114796,-0.080154,0.108976,-0.092123,0.136484,0.118809,-0.063617,0.023567,0.105658,-0.067116,-0.030683,0.862604,0.072379,1.329789,-0.442627,0.047733,0.323977,0.033786,-0.873711,0.142992,1.461926,0.416237,0.100173,-0.229169
0.009078,0.098045,0.818108,-0.049523,0.016331,-0.665776,0.744327,0.012849,-0.049417,0.053625,0.119689,0.065474,0.114882,-0.079111,0.108342,-0.093181,0.136213,0.119084,-0.063172,0.023435,0.105906,-0.066446,-0.032482,0.860516,0.067978,1.330566,-0.441666,0.048309,0.323298,0.031425,-0.871177,0.148359,1.461029,0.413609,0.100705,-0.228243
0.009716,0.097975,0.818082,-0.049800,0.016110,-0.666144,0.743984,0.013728,-0.050016,0.053752,0.119696,0.065645,0.114958,-0.078131,0.107712,-0.094252,0.135971,0.119337,-0.062741,0.023262,0.106094,-0.065861,-0.034092,0.858490,0.063701,1.331234,-0.440678,0.048879,0.322587,0.029132,-0.868559,0.153728,1.460094,0.410966,0.101181,-0.227321
0.010079,0.098244,0.818123,-0.050038,0.015976,-0.665858,0.744227,0.014279,-0.050071,0.055480,0.119783,0.067046,0.116818,-0.077701,0.107128,-0.095488,0.135822,0.119241,-0.062478,0.024094,0.105714,-0.064808,-0.034589,0.855844,0.060222,1.328773,-0.439707,0.048115,0.322508,0.028641,-0.866834,0.158145,1.458806,0.409136,0.101748,-0.226189
0.010456,0.098371,0.818102,-0.050192,0.015889,-0.665644,0.744410,0.014507,-0.050420,0.055733,0.119663,0.067516,0.117316,-0.077406,0.106550,-0.096579,0.135777,0.119297,-0.062232,0.025279,0.105409,-0.063817,-0.034411,0.852984,0.057028,1.325393,-0.438709,0.047471,0.322794,0.028750,-0.865289,0.162073,1.457224,0.407363,0.102283,-0.224944
0.010927,0.098568,0.818081,-0.050321,0.015839,-0.665422,0.744601,0.014635,-0.050765,0.055966,0.119606,0.067939,0.117822,-0.077181,0.105972,-0.097694,0.135736,0.119335,-0.061980,0.026495,0.105142,-0.062946,-0.033987,0.850021,0.053931,1.321630,-0.437685,0.046959,0.323239,0.029133,-0.863792,0.165811,1.455450,0.405562,0.102827,-0.223698
0.010908,0.098890,0.818136,-0.050270,0.015898,-0.665708,0.744347,0.014214,-0.051311,0.056259,0.119460,0.068180,0.117906,-0.077623,0.105341,-0.099356,0.135600,0.119439,-0.061716,0.027727,0.105031,-0.061858,-0.033624,0.850806,0.053184,1.319921,-0.436357,0.047352,0.324368,0.028598,-0.863531,0.169354,1.453891,0.402837,0.103242,-0.222947
0.010986,0.099148,0.818113,-0.050169,0.015976,-0.665896,0.744185,0.013619,-0.051373,0.056749,0.119379,0.068452,0.117936,-0.078387,0.105070,-0.100784,0.135591,0.119798,-0.061481,0.028378,0.104818,-0.060845,-0.033402,0.851944,0.052755,1.318692,-0.434932,0.047629,0.324944,0.027537,-0.863139,0.173241,1.452484,0.399920,0.103650,-0.222157
0.011055,0.099499,0.818090,-0.050051,0.016070,-0.666083,0.744023,0.012937,-0.051427,0.057235,0.119341,0.068719,0.117957,-0.079222,0.104798,-0.102230,0.135603,0.120162,-0.061257,0.028880,0.104565,-0.059853,-0.033131,0.853194,0.052484,1.317662,-0.433472,0.047809,0.325331,0.026199,-0.862700,0.177378,1.451204,0.396983,0.104053,-0.221351
0.010793,0.099546,0.817957,-0.049836,0.016333,-0.666104,0.744013,0.011963,-0.051177,0.056660,0.119067,0.067436,0.118293,-0.080108,0.104656,-0.105456,0.135533,0.119151,-0.061027,0.029789,0.103673,-0.059348,-0.034599,0.852516,0.052550,1.310968,-0.433164,0.045671,0.327382,0.024980,-0.862170,0.178262,1.450002,0.396942,0.103739,-0.222535
0.010546,0.099627,0.817821,-0.049649,0.016584,-0.666048,0.744070,0.011120,-0.050940,0.055968,0.118966,0.066106,0.118658,-0.081046,0.104554,-0.108455,0.135658,0.118155,-0.060773,0.031043,0.102935,-0.058842,-0.036051,0.851561,0.052222,1.303017,-0.432940,0.043787,0.330359,0.024474,-0.861666,0.178320,1.448479,0.397237,0.103211,-0.224320
0.010308,0.099699,0.817685,-0.049465,0.016840,-0.665996,0.744123,0.010285,-0.050697,0.055287,0.118875,0.064752,0.119031,-0.081987,0.104455,-0.111442,0.135810,0.117135,-0.060509,0.032518,0.102225,-0.058352,-0.037539,0.850464,0.051715,1.294682,-0.432726,0.042122,0.333641,0.024403,-0.861164,0.177982,1.446714,0.397554,0.102669,-0.226245
0.010974,0.099844,0.817650,-0.049217,0.017085,-0.665575,0.744510,0.009199,-0.052002,0.054812,0.119096,0.066118,0.119757,-0.082680,0.102975,-0.113261,0.135980,0.116932,-0.059992,0.033108,0.101059,-0.057371,-0.039021,0.855453,0.052186,1.279765,-0.430392,0.039422,0.338422,0.025410,-0.866218,0.175784,1.439966,0.395947,0.101131,-0.229456
0.011612,0.099994,0.817549,-0.049173,0.017487,-0.665137,0.744895,0.008373,-0.052756,0.054152,0.118782,0.065607,0.121629,-0.083562,0.101892,-0.116258,0.136159,0.116252,-0.059347,0.033857,0.100227,-0.056329,-0.040005,0.860466,0.053286,1.263834,-0.427632,0.037229,0.343396,0.027192,-0.871243,0.172574,1.432142,0.393879,0.099894,-0.232781
0.012257,0.100125,0.817360,-0.049146,0.017890,-0.664692,0.745285,0.007557,-0.053491,0.053473,0.118554,0.065021,0.123504,-0.084403,0.100825,-0.119271,0.136374,0.115518,-0.058695,0.034655,0.099452,-0.055252,-0.040751,0.865408,0.054538,1.247472,-0.424696,0.035283,0.348451,0.029432,-0.876297,0.168944,1.423842,0.391641,0.098833,-0.236206
0.012230,0.100700,0.817313,-0.049568,0.017103,-0.664563,0.745390,0.007013,-0.053746,0.053766,0.122342,0.064041,0.121595,-0.085144,0.099940,-0.120348,0.140765,0.113985,-0.059514,0.035139,0.098887,-0.054036,-0.042696,0.872116,0.077841,1.196567,-0.431475,0.023544,0.374455,0.029306,-0.891971,0.136738,1.367854,0.402048,0.085390,-0.262312
0.012190,0.101068,0.817217,-0.049642,0.016916,-0.664347,0.745582,0.006685,-0.054055,0.053189,0.122875,0.063935,0.121860,-0.085607,0.099249,-0.122419,0.141709,0.113507,-0.059331,0.035069,0.098334,-0.054192,-0.039383,0.877906,0.104459,1.139998,-0.437291,0.012523,0.401591,0.037438,-0.905715,0.099584,1.301570,0.410943,0.073504,-0.292897
0.012236,0.101336,0.817227,-0.049636,0.016840,-0.664116,0.745790,0.006397,-0.054334,0.052525,0.122980,0.063960,0.122097,-0.085917,0.098636,-0.124517,0.142002,0.113253,-0.059157,0.035090,0.097730,-0.054960,-0.034522,0.882704,0.131780,1.081283,-0.441288,0.001885,0.429371,0.048961,-0.917805,0.059912,1.231684,0.417297,0.062478,-0.324970
0.012227,0.101385,0.817151,-0.049915,0.016520,-0.663887,0.745982,0.006720,-0.054556,0.052288,0.123041,0.064013,0.122437,-0.085192,0.098284,-0.126530,0.141998,0.112889,-0.059013,0.034395,0.096578,-0.058961,-0.032907,0.891008,0.165969,0.989230,-0.445350,-0.017546,0.469630,0.054735,-0.937883,0.010129,1.119904,0.415857,0.044654,-0.374899
0.012175,0.101556,0.816993,-0.050264,0.016173,-0.663722,0.746114,0.007328,-0.054637,0.052066,0.123233,0.064010,0.122824,-0.084352,0.097876,-0.128688,0.142032,0.112467,-0.058733,0.033179,0.095645,-0.062235,-0.027973,0.895664,0.202745,0.890559,-0.444527,-0.035304,0.512908,0.065616,-0.953928,-0.044804,0.999525,0.406676,0.030544,-0.427878
0.012228,0.101749,0.816930,-0.050667,0.015782,-0.663546,0.746251,0.008074,-0.054725,0.051827,0.123405,0.064032,0.123238,-0.083365,0.097459,-0.130859,0.142034,0.112073,-0.058424,0.031784,0.094789,-0.065575,-0.021800,0.897492,0.239775,0.788321,-0.438712,-0.051777,0.557083,0.079495,-0.965835,-0.102472,0.874148,0.390174,0.019368,-0.480588
0.012650,0.101946,0.816994,-0.050991,0.015355,-0.663132,0.746605,0.009315,-0.055541,0.050697,0.123377,0.062734,0.124297,-0.082133,0.096416,-0.132919,0.141869,0.112050,-0.058034,0.030683,0.092723,-0.071259,-0.021288,0.895551,0.270741,0.659844,-0.420990,-0.064917,0.592095,0.093574,-0.979613,-0.162722,0.742679,0.360894,0.014486,-0.527618
0.013195,0.102186,0.816940,-0.051437,0.015007,-0.662639,0.747020,0.010062,-0.056150,0.050546,0.123511,0.062963,0.125355,-0.081035,0.095444,-0.134709,0.141807,0.112354,-0.057502,0.030441,0.091273,-0.076772,-0.020294,0.890148,0.299777,0.524903,-0.396755,-0.072809,0.626721,0.110066,-0.990020,-0.225779,0.607722,0.324928,0.014163,-0.570397
0.013711,0.102363,0.816969,-0.051891,0.014695,-0.662170,0.747411,0.010758,-0.056765,0.050482,0.123601,0.063234,0.126497,-0.080015,0.094468,-0.136424,0.141733,0.112721,-0.056895,0.030697,0.090119,-0.082326,-0.019428,0.882448,0.325989,0.386315,-0.367488,-0.076842,0.659769,0.128151,-0.996621,-0.289762,0.469163,0.283657,0.017909,-0.608343
0.014434,0.101997,0.816992,-0.052213,0.014347,-0.662504,0.747098,0.012843,-0.057767,0.050716,0.123579,0.063742,0.127204,-0.077901,0.093372,-0.137562,0.141328,0.111267,-0.055750,0.033942,0.089755,-0.090729,-0.029617,0.888244,0.327051,0.213511,-0.314823,-0.074339,0.676532,0.128276,-1.015926,-0.338117,0.299535,0.220112,0.025918,-0.635733
0.015051,0.101676,0.817079,-0.052520,0.013838,-0.662885,0.746749,0.014792,-0.058586,0.051408,0.123628,0.064231,0.127870,-0.076172,0.092414,-0.137820,0.141372,0.111184,-0.055399,0.037470,0.089282,-0.097966,-0.039215,0.893957,0.325631,0.036460,-0.255681,-0.062199,0.687093,0.127743,-1.032560,-0.385000,0.126092,0.150635,0.042623,-0.653482
0.015615,0.101147,0.817155,-0.052757,0.013380,-0.663300,0.746372,0.016725,-0.059337,0.052144,0.123687,0.064551,0.128438,-0.074482,0.091542,-0.138016,0.141426,0.110953,-0.055140,0.041199,0.088962,-0.104530,-0.047140,0.901747,0.322574,-0.141356,-0.194909,-0.044720,0.688411,0.128193,-1.048179,-0.430744,-0.049201,0.079922,0.063213,-0.658833
0.016277,0.100012,0.817295,-0.052836,0.013274,-0.663148,0.746503,0.019128,-0.060564,0.052333,0.123457,0.064715,0.128408,-0.071919,0.090619,-0.138481,0.141011,0.108313,-0.054607,0.046586,0.089934,-0.112113,-0.061928,0.915955,0.313535,-0.275339,-0.156314,-0.019143,0.676907,0.121203,-1.068109,-0.469688,-0.183250,0.031209,0.085164,-0.651395
0.016858,0.099061,0.817396,-0.052992,0.012890,-0.662970,0.746657,0.021508,-0.061606,0.052532,0.123327,0.065151,0.128608,-0.069456,0.089489,-0.139167,0.140913,0.106964,-0.054512,0.051858,0.090616,-0.119780,-0.083235,0.937536,0.299357,-0.394211,-0.125190,0.000585,0.658449,0.107843,-1.095166,-0.500974,-0.302298,-0.009495,0.099310,-0.638532
0.017365,0.098328,0.817476,-0.053195,0.012385,-0.662793,0.746808,0.023894,-0.062658,0.052757,0.123335,0.065685,0.128745,-0.066990,0.088333,-0.139880,0.140942,0.105711,-0.054514,0.056744,0.091168,-0.127083,-0.106581,0.962628,0.283006,-0.505036,-0.097283,0.016291,0.635709,0.091646,-1.125358,-0.527576,-0.412826,-0.046064,0.108238,-0.622076
0.017689,0.097082,0.817681,-0.053215,0.012068,-0.663559,0.746131,0.026775,-0.062919,0.055003,0.122883,0.065810,0.128400,-0.064650,0.088232,-0.138799,0.140783,0.104947,-0.054588,0.064179,0.092129,-0.136504,-0.147925,0.991185,0.248481,-0.606119,-0.080995,0.028960,0.606779,0.051225,-1.161136,-0.541382,-0.501071,-0.068494,0.111589,-0.603909
0.017931,0.096154,0.817770,-0.053362,0.011544,-0.664483,0.745306,0.029504,-0.063205,0.057349,0.122798,0.066053,0.127789,-0.062472,0.088102,-0.137657,0.140838,0.104269,-0.054721,0.071903,0.092768,-0.145076,-0.193574,1.019816,0.208529,-0.698439,-0.066797,0.039732,0.576014,0.004574,-1.198214,-0.546164,-0.577613,-0.087128,0.110756,-0.585261
0.018125,0.095210,0.817933,-0.053555,0.010922,-0.665411,0.744474,0.032291,-0.063493,0.059718,0.122853,0.066302,0.127134,-0.060255,0.087956,-0.136524,0.141061,0.103581,-0.054918,0.079404,0.093200,-0.153174,-0.238444,1.044828,0.166320,-0.783727,-0.053764,0.048608,0.542542,-0.043336,-1.231484,-0.544761,-0.645998,-0.103355,0.106878,-0.564807
0.018363,0.094062,0.818115,-0.053434,0.010676,-0.664997,0.744855,0.034581,-0.064024,0.060966,0.122596,0.066719,0.127296,-0.057878,0.087047,-0.137046,0.140913,0.102754,-0.055273,0.089073,0.090551,-0.160307,-0.307510,1.061116,0.116981,-0.823308,-0.041223,0.059497,0.515359,-0.101449,-1.257693,-0.510080,-0.687189,-0.107289,0.106358,-0.538488
0.018478,0.093118,0.818363,-0.053459,0.010179,-0.664493,0.745310,0.036844,-0.064889,0.060985,0.122565,0.067546,0.126586,-0.055435,0.086007,-0.137872,0.140988,0.102127,-0.055842,0.098308,0.086854,-0.166981,-0.381675,1.064602,0.059920,-0.844433,-0.029751,0.065035,0.484717,-0.166112,-1.271254,-0.461123,-0.713859,-0.109697,0.102996,-0.509082
0.018593,0.092235,0.818520,-0.053521,0.009571,-0.663948,0.745799,0.039212,-0.065767,0.060893,0.122597,0.068433,0.125782,-0.052892,0.084936,-0.138822,0.141182,0.101480,-0.056520,0.107651,0.081893,-0.173234,-0.454112,1.049824,-0.000970,-0.851401,-0.018284,0.067493,0.449003,-0.230793,-1.265991,-0.402488,-0.728534,-0.111410,0.096977,-0.474837
0.018406,0.091606,0.818793,-0.053577,0.008714,-0.663690,0.746036,0.041655,-0.066619,0.061360,0.122751,0.071058,0.124997,-0.050510,0.083818,-0.139701,0.141735,0.101271,-0.057576,0.120373,0.075562,-0.177810,-0.503319,1.009383,-0.060004,-0.813734,-0.014176,0.071036,0.409350,-0.285145,-1.214272,-0.326239,-0.712261,-0.096335,0.091900,-0.435542
0.018212,0.090848,0.819090,-0.053440,0.007933,-0.663401,0.746312,0.043957,-0.067558,0.061356,0.122544,0.072931,0.123705,-0.048308,0.082690,-0.140595,0.142077,0.101030,-0.058754,0.130129,0.067846,-0.183548,-0.541718,0.951389,-0.116069,-0.761863,-0.010700,0.070545,0.365433,-0.337586,-1.139560,-0.240624,-0.683777,-0.081199,0.084709,-0.390736
0.017883,0.090031,0.819388,-0.053234,0.007195,-0.663094,0.746606,0.046157,-0.068490,0.061261,0.122340,0.074760,0.122340,-0.046205,0.081571,-0.141557,0.142441,0.100696,-0.059997,0.137161,0.059419,-0.189986,-0.571226,0.877867,-0.169657,-0.699980,-0.006797,0.068412,0.318237,-0.389127,-1.045292,-0.147315,-0.645173,-0.067022,0.076316,-0.341230
0.017567,0.089589,0.819687,-0.052962,0.006895,-0.662611,0.747057,0.047990,-0.069224,0.059967,0.119451,0.078135,0.120988,-0.043928,0.080960,-0.143363,0.139318,0.103016,-0.060734,0.139736,0.054671,-0.195153,-0.551929,0.783413,-0.187872,-0.619948,-0.007983,0.060275,0.276515,-0.388848,-0.932337,-0.090374,-0.580184,-0.051426,0.068143,-0.298863
0.017097,0.088929,0.819957,-0.052951,0.006311,-0.662241,0.747391,0.050037,-0.069553,0.058854,0.119049,0.079089,0.119396,-0.041607,0.080533,-0.144762,0.138895,0.103332,-0.061564,0.140229,0.049678,-0.200553,-0.525838,0.688758,-0.202325,-0.542782,-0.006633,0.053210,0.234816,-0.385031,-0.815589,-0.035833,-0.515351,-0.037546,0.061090,-0.255957
0.016750,0.088157,0.820213,-0.052944,0.005731,-0.661866,0.747728,0.051942,-0.069910,0.057754,0.119043,0.079781,0.117852,-0.039527,0.080027,-0.146179,0.139086,0.103278,-0.062337,0.139023,0.045423,-0.206067,-0.499288,0.599912,-0.214002,-0.472016,-0.004545,0.046995,0.196108,-0.382229,-0.704087,0.015906,-0.454461,-0.025159,0.054930,-0.215606
0.016122,0.087811,0.820409,-0.052975,0.005209,-0.661346,0.748190,0.053357,-0.069848,0.056724,0.119268,0.082474,0.116621,-0.038095,0.079708,-0.148537,0.139569,0.103634,-0.063166,0.137102,0.041540,-0.209251,-0.467141,0.522101,-0.219807,-0.403800,-0.006402,0.042797,0.165054,-0.379699,-0.608302,0.060457,-0.395142,-0.018285,0.049945,-0.181090
0.015618,0.087426,0.820711,-0.052976,0.004696,-0.660837,0.748642,0.054646,-0.070015,0.055547,0.119295,0.083537,0.115276,-0.036671,0.079184,-0.150841,0.140003,0.103968,-0.063795,0.134825,0.038972,-0.212248,-0.440463,0.457577,-0.224526,-0.347978,-0.008598,0.039032,0.138994,-0.382101,-0.527535,0.101649,-0.345673,-0.012496,0.045210,-0.152260
0.015210,0.087034,0.820920,-0.053007,0.004229,-0.660332,0.749089,0.055899,-0.070194,0.054412,0.119391,0.084528,0.114055,-0.035235,0.078648,-0.153104,0.140397,0.104315,-0.064293,0.132351,0.037648,-0.215097,-0.422219,0.406321,-0.230966,-0.304018,-0.010635,0.036256,0.117594,-0.391411,-0.461380,0.141142,-0.306196,-0.007411,0.041466,-0.128840
0.015277,0.087413,0.820991,-0.053635,0.003490,-0.659807,0.749510,0.057289,-0.070629,0.053513,0.120096,0.086794,0.113658,-0.033776,0.078191,-0.153352,0.141272,0.104652,-0.064286,0.128179,0.040628,-0.215520,-0.390728,0.362929,-0.216473,-0.266443,-0.011876,0.033747,0.107392,-0.385583,-0.403143,0.157497,-0.265552,-0.002478,0.039853,-0.118253
0.015542,0.087710,0.821092,-0.054184,0.002847,-0.659261,0.749954,0.058769,-0.071181,0.052655,0.120455,0.088133,0.113536,-0.032075,0.077399,-0.154768,0.141716,0.105276,-0.064222,0.125164,0.044082,-0.215990,-0.361100,0.330061,-0.199203,-0.241401,-0.012239,0.031617,0.098847,-0.375318,-0.358990,0.163864,-0.237371,0.002311,0.038018,-0.111166
0.015733,0.087829,0.821298,-0.054672,0.002302,-0.658713,0.750402,0.060184,-0.071696,0.051761,0.120696,0.089435,0.113400,-0.030373,0.076665,-0.156186,0.141914,0.105921,-0.064145,0.123191,0.047233,-0.216562,-0.337987,0.304615,-0.184551,-0.224547,-0.011973,0.030559,0.091748,-0.364626,-0.325088,0.165173,-0.218376,0.006909,0.036925,-0.106320
0.016205,0.087730,0.821338,-0.055071,0.001973,-0.658802,0.750296,0.061411,-0.072062,0.051516,0.120777,0.089794,0.113337,-0.029170,0.076221,-0.156834,0.142091,0.106109,-0.063832,0.122209,0.050110,-0.216871,-0.318466,0.291834,-0.174406,-0.216482,-0.012381,0.029085,0.083312,-0.353025,-0.307376,0.164409,-0.206615,0.008399,0.035456,-0.100921
0.016553,0.087660,0.821398,-0.055376,0.001701,-0.658919,0.750171,0.062575,-0.072462,0.051309,0.120850,0.090228,0.113453,-0.028115,0.075836,-0.157208,0.142240,0.106187,-0.063574,0.121923,0.052210,-0.217345,-0.304867,0.283113,-0.168037,-0.212640,-0.012682,0.028345,0.075747,-0.343771,-0.294661,0.163258,-0.199643,0.009849,0.034251,-0.096609
0.016862,0.087468,0.821466,-0.055629,0.001460,-0.659044,0.750043,0.063672,-0.072845,0.051094,0.120871,0.090666,0.113508,-0.027142,0.075476,-0.157585,0.142369,0.106240,-0.063376,0.121993,0.053673,-0.217978,-0.296826,0.277146,-0.165671,-0.211257,-0.012953,0.028136,0.068855,-0.337916,-0.284972,0.163401,-0.195765,0.011528,0.033508,-0.093205
0.016869,0.087543,0.821451,-0.055769,0.001214,-0.658880,0.750177,0.064176,-0.073097,0.050802,0.120959,0.090956,0.113429,-0.026737,0.074892,-0.159561,0.142707,0.106019,-0.063227,0.120805,0.055457,-0.216600,-0.283949,0.270638,-0.158753,-0.205324,-0.015680,0.027984,0.067108,-0.326093,-0.280640,0.158218,-0.190175,0.013463,0.033551,-0.090302
0.016879,0.087615,0.821534,-0.055844,0.001040,-0.658668,0.750358,0.064579,-0.073297,0.050496,0.120964,0.091203,0.113331,-0.026424,0.074488,-0.161005,0.142905,0.105710,-0.063027,0.119695,0.056740,-0.215783,-0.272333,0.265584,-0.152812,-0.201371,-0.018608,0.027649,0.065178,-0.314556,-0.277952,0.152764,-0.187261,0.015655,0.033628,-0.087379
0.016865,0.087561,0.821536,-0.055865,0.000913,-0.658460,0.750539,0.064892,-0.073478,0.050177,0.120922,0.091445,0.113194,-0.026188,0.074109,-0.162454,0.143036,0.105400,-0.062869,0.118670,0.057596,-0.215224,-0.262390,0.261543,-0.148433,-0.198637,-0.021747,0.027489,0.063102,-0.304352,-0.276028,0.148101,-0.185792,0.018238,0.033974,-0.084645
0.016683,0.087376,0.821532,-0.055755,0.000931,-0.658315,0.750674,0.064877,-0.073658,0.049133,0.120839,0.091329,0.112913,-0.025747,0.073867,-0.163865,0.143201,0.105005,-0.062918,0.118508,0.058526,-0.215723,-0.258999,0.261860,-0.144247,-0.197945,-0.021718,0.028020,0.062349,-0.299070,-0.274992,0.142963,-0.186542,0.017060,0.034178,-0.082684
0.016572,0.087213,0.821528,-0.055669,0.000946,-0.658219,0.750765,0.064878,-0.073688,0.048675,0.120813,0.091204,0.112659,-0.025727,0.073805,-0.164852,0.143357,0.104654,-0.062987,0.118223,0.059154,-0.215935,-0.257321,0.262609,-0.141676,-0.197225,-0.022143,0.028567,0.061846,-0.295300,-0.273942,0.138979,-0.187445,0.016185,0.034499,-0.080904
0.016355,0.087139,0.821612,-0.055576,0.000957,-0.658128,0.750851,0.064865,-0.073710,0.048224,0.120799,0.091075,0.112382,-0.025725,0.073747,-0.165833,0.143534,0.104296,-0.063084,0.118018,0.059555,-0.216130,-0.256300,0.263516,-0.139935,-0.196474,-0.023122,0.029129,0.061347,-0.292366,-0.272828,0.135749,-0.188407,0.015829,0.034870,-0.079241
0.016377,0.087157,0.821575,-0.055547,0.001088,-0.658043,0.750928,0.064633,-0.073391,0.047365,0.120648,0.090730,0.112972,-0.026186,0.073410,-0.168331,0.143671,0.104006,-0.062966,0.117457,0.060089,-0.215846,-0.257507,0.263197,-0.140586,-0.196612,-0.022183,0.029232,0.060607,-0.291175,-0.272774,0.134654,-0.188790,0.014390,0.035784,-0.078687
0.016299,0.087270,0.821533,-0.055527,0.001221,-0.657901,0.751053,0.064327,-0.073324,0.046697,0.120531,0.090398,0.113574,-0.026627,0.073000,-0.170801,0.143896,0.103907,-0.062907,0.116978,0.060455,-0.215404,-0.259264,0.262421,-0.141952,-0.196415,-0.021520,0.029424,0.059895,-0.290707,-0.272667,0.134313,-0.188879,0.013337,0.036743,-0.078410
0.016303,0.087388,0.821492,-0.055512,0.001345,-0.657759,0.751179,0.064033,-0.073258,0.046029,0.120421,0.090070,0.114168,-0.027058,0.072583,-0.173273,0.144137,0.103804,-0.062856,0.116587,0.060742,-0.214934,-0.261141,0.261511,-0.143602,-0.195994,-0.021302,0.029638,0.059136,-0.290586,-0.272404,0.134352,-0.188833,0.012638,0.037736,-0.078207
0.016714,0.087478,0.821557,-0.055273,0.001261,-0.657798,0.751163,0.063503,-0.074065,0.047759,0.120559,0.091411,0.113638,-0.027384,0.072260,-0.171339,0.144049,0.104403,-0.062836,0.115276,0.060557,-0.214834,-0.261778,0.262336,-0.144588,-0.196177,-0.020675,0.030080,0.057939,-0.289933,-0.273859,0.134903,-0.189705,0.012484,0.038172,-0.076665
0.017095,0.087671,0.821523,-0.055291,0.001477,-0.657906,0.751067,0.063047,-0.074138,0.048174,0.120418,0.091517,0.115039,-0.028002,0.071929,-0.172224,0.144061,0.105010,-0.062677,0.114257,0.061035,-0.214804,-0.261988,0.263341,-0.145349,-0.196660,-0.020335,0.030605,0.056531,-0.289470,-0.275126,0.135490,-0.190669,0.012526,0.038597,-0.074988
0.017480,0.087774,0.821488,-0.055304,0.001706,-0.657997,0.750985,0.062538,-0.074211,0.048547,0.120332,0.091602,0.116443,-0.028645,0.071593,-0.173153,0.144096,0.105596,-0.062511,0.113175,0.061554,-0.214804,-0.261987,0.264431,-0.146148,-0.197256,-0.020300,0.031195,0.054936,-0.289307,-0.276356,0.136457,-0.191711,0.012749,0.039106,-0.073213
0.017329,0.087832,0.821476,-0.055036,0.001867,-0.657909,0.751082,0.061988,-0.074802,0.047204,0.120451,0.091547,0.113726,-0.029016,0.071585,-0.172885,0.143981,0.104482,-0.062635,0.112475,0.062476,-0.213872,-0.261520,0.264388,-0.146564,-0.198209,-0.019777,0.031258,0.053836,-0.288326,-0.276893,0.136219,-0.192265,0.012312,0.039505,-0.071769
0.017156,0.087905,0.821388,-0.054862,0.001953,-0.657760,0.751225,0.061601,-0.074839,0.046996,0.120424,0.091113,0.113777,-0.029486,0.071481,-0.173576,0.144000,0.103914,-0.062787,0.111717,0.063417,-0.212830,-0.261080,0.264563,-0.147234,-0.199096,-0.019372,0.030895,0.052356,-0.287107,-0.277677,0.135720,-0.192774,0.011853,0.039417,-0.069792
0.016981,0.087975,0.821299,-0.054693,0.002032,-0.657612,0.751366,0.061237,-0.074870,0.046787,0.120394,0.090672,0.113825,-0.029932,0.071382,-0.174263,0.144012,0.103346,-0.062943,0.110976,0.064285,-0.211802,-0.261021,0.265039,-0.148523,-0.200586,-0.019232,0.030960,0.050758,-0.286157,-0.278918,0.135634,-0.194089,0.011544,0.039894,-0.067834
0.016649,0.088119,0.821283,-0.054648,0.002008,-0.657664,0.751324,0.060559,-0.074533,0.047017,0.120358,0.090185,0.113627,-0.030363,0.071545,-0.175387,0.144106,0.103130,-0.062656,0.110237,0.064830,-0.211772,-0.263535,0.267685,-0.145994,-0.200949,-0.017312,0.031893,0.052506,-0.286164,-0.280830,0.133656,-0.195673,0.010210,0.040384,-0.068620
0.016402,0.088301,0.821257,-0.054597,0.002017,-0.657668,0.751324,0.060268,-0.074300,0.047280,0.120386,0.089703,0.113445,-0.030751,0.071764,-0.175920,0.144157,0.102816,-0.062667,0.109266,0.065299,-0.211712,-0.266648,0.270864,-0.143988,-0.201395,-0.015671,0.032630,0.054355,-0.286775,-0.283233,0.132141,-0.197566,0.008983,0.040876,-0.069421
0.016066,0.088484,0.821144,-0.054555,0.002013,-0.657672,0.751323,0.060018,-0.074066,0.047542,0.120403,0.089225,0.113260,-0.031101,0.071986,-0.176458,0.144195,0.102504,-0.062682,0.108280,0.065746,-0.211611,-0.270178,0.274462,-0.142339,-0.202060,-0.014218,0.033344,0.056178,-0.287845,-0.286052,0.130980,-0.199777,0.007840,0.041435,-0.070121
0.016013,0.088491,0.821144,-0.054672,0.001995,-0.657788,0.751213,0.059822,-0.073505,0.047383,0.120456,0.088850,0.113206,-0.031095,0.072289,-0.178111,0.144379,0.102791,-0.062773,0.107274,0.066341,-0.210722,-0.270381,0.274616,-0.143258,-0.203282,-0.014903,0.033642,0.055629,-0.287555,-0.285828,0.130045,-0.200901,0.008140,0.042295,-0.070869
0.015942,0.088483,0.821130,-0.054753,0.001991,-0.657888,0.751120,0.059905,-0.073357,0.047252,0.120493,0.088460,0.113179,-0.030948,0.072550,-0.179294,0.144287,0.102776,-0.062832,0.106098,0.066785,-0.209965,-0.270102,0.274773,-0.143886,-0.204851,-0.015596,0.034201,0.054713,-0.286941,-0.285530,0.128877,-0.202250,0.008445,0.043242,-0.071383
0.015870,0.088468,0.821117,-0.054836,0.001985,-0.657987,0.751028,0.060013,-0.073205,0.047117,0.120501,0.088074,0.113150,-0.030770,0.072817,-0.180476,0.144164,0.102769,-0.062894,0.104900,0.067211,-0.209221,-0.269430,0.274791,-0.144181,-0.206454,-0.016330,0.034823,0.053682,-0.286039,-0.284998,0.127509,-0.203679,0.008740,0.044234,-0.071742
0.016195,0.088581,0.821092,-0.055043,0.002012,-0.658094,0.750918,0.060451,-0.073043,0.047607,0.120462,0.087969,0.113953,-0.030578,0.072439,-0.179049,0.144422,0.103064,-0.062547,0.103795,0.067443,-0.209061,-0.272507,0.278103,-0.144866,-0.208593,-0.014051,0.035626,0.053794,-0.287676,-0.289136,0.127619,-0.205705,0.007304,0.045013,-0.071142
0.016599,0.088723,0.820966,-0.055269,0.001992,-0.658331,0.750694,0.060860,-0.073183,0.048216,0.120418,0.087882,0.114794,-0.030270,0.072285,-0.179089,0.144601,0.103438,-0.062471,0.102968,0.067695,-0.208626,-0.276383,0.280865,-0.146123,-0.210078,-0.011783,0.036341,0.054088,-0.289933,-0.293005,0.128258,-0.207059,0.005937,0.045690,-0.070587
0.016913,0.088877,0.820926,-0.055511,0.001950,-0.658564,0.750472,0.061306,-0.073328,0.048813,0.120387,0.087796,0.115635,-0.029924,0.072123,-0.179138,0.144796,0.103811,-0.062395,0.102183,0.067933,-0.208093,-0.280316,0.283011,-0.147468,-0.211005,-0.009589,0.036998,0.054376,-0.292262,-0.296450,0.129033,-0.207918,0.004624,0.046317,-0.069990
0.016625,0.088851,0.820846,-0.055688,0.001820,-0.658622,0.750408,0.061536,-0.072548,0.049503,0.120274,0.086423,0.114920,-0.030150,0.072896,-0.179193,0.144720,0.102496,-0.062489,0.101158,0.068344,-0.207049,-0.282198,0.284943,-0.148961,-0.211788,-0.009139,0.037368,0.054079,-0.292695,-0.298536,0.129736,-0.209364,0.004294,0.046376,-0.069652
0.016311,0.088906,0.820723,-0.055783,0.001751,-0.658822,0.750225,0.061783,-0.071927,0.050280,0.120230,0.085008,0.115362,-0.030108,0.073491,-0.179381,0.144869,0.101783,-0.062606,0.100067,0.068691,-0.206094,-0.283555,0.286704,-0.150178,-0.212660,-0.008775,0.037727,0.053646,-0.292662,-0.300370,0.130007,-0.210998,0.003921,0.046535,-0.069156
0.015997,0.088870,0.820689,-0.055871,0.001687,-0.659024,0.750042,0.062019,-0.071306,0.051058,0.120184,0.083594,0.115802,-0.030076,0.074085,-0.179569,0.145007,0.101071,-0.062725,0.098957,0.069011,-0.205165,-0.284877,0.288411,-0.151381,-0.213665,-0.008355,0.038165,0.053097,-0.292539,-0.302214,0.130196,-0.212785,0.003487,0.046780,-0.068494
0.015379,0.088783,0.820636,-0.055774,0.001376,-0.658814,0.750235,0.062206,-0.071251,0.050693,0.120395,0.084150,0.113594,-0.029499,0.074045,-0.180769,0.144788,0.100502,-0.062969,0.098795,0.069919,-0.204855,-0.285849,0.289549,-0.151274,-0.214784,-0.007692,0.038690,0.052726,-0.290194,-0.301354,0.128167,-0.212840,0.003631,0.047103,-0.068702
0.014737,0.088695,0.820619,-0.055758,0.001147,-0.658590,0.750433,0.062474,-0.070958,0.050320,0.120373,0.083480,0.112988,-0.028957,0.074404,-0.182001,0.144637,0.099716,-0.063369,0.098536,0.070853,-0.204716,-0.287065,0.290889,-0.151362,-0.216213,-0.006923,0.039250,0.052197,-0.287184,-0.300675,0.125414,-0.213410,0.003721,0.047441,-0.068702
0.014089,0.088686,0.820516,-0.055737,0.000923,-0.658366,0.750631,0.062721,-0.070653,0.049950,0.120389,0.082783,0.112369,-0.028421,0.074777,-0.183230,0.144484,0.098919,-0.063779,0.098301,0.071689,-0.204614,-0.288799,0.292498,-0.151833,-0.218013,-0.006072,0.039923,0.051567,-0.283936,-0.300269,0.122355,-0.214472,0.003768,0.047864,-0.068556
0.013707,0.088452,0.820501,-0.055726,0.000870,-0.658232,0.750749,0.063125,-0.069890,0.049451,0.120376,0.082094,0.112056,-0.028178,0.075017,-0.183669,0.144505,0.098549,-0.064048,0.098262,0.070554,-0.204600,-0.290307,0.295795,-0.151365,-0.218983,-0.004821,0.040314,0.052454,-0.283544,-0.303786,0.120147,-0.216799,0.002418,0.048450,-0.068993
0.013326,0.088298,0.820478,-0.055728,0.000875,-0.658071,0.750890,0.063234,-0.069642,0.049319,0.120344,0.081427,0.111793,-0.027905,0.075306,-0.184761,0.144450,0.097948,-0.064370,0.098183,0.069692,-0.204480,-0.291840,0.299161,-0.150564,-0.220188,-0.003532,0.040597,0.053451,-0.284091,-0.307440,0.118790,-0.219009,0.001152,0.049038,-0.069672
0.013045,0.088150,0.820455,-0.055732,0.000883,-0.657907,0.751034,0.063326,-0.069401,0.049185,0.120332,0.080757,0.111548,-0.027645,0.075586,-0.185851,0.144406,0.097352,-0.064674,0.098055,0.068983,-0.204349,-0.293141,0.302558,-0.149348,-0.221503,-0.002101,0.040928,0.054385,-0.285013,-0.310915,0.117796,-0.221072,-0.000092,0.049625,-0.070384
0.013484,0.088240,0.820380,-0.055763,0.000946,-0.657262,0.751596,0.063377,-0.069389,0.048423,0.120297,0.080637,0.111583,-0.027469,0.074749,-0.187760,0.144503,0.096869,-0.064751,0.098927,0.068505,-0.204764,-0.295687,0.306243,-0.150084,-0.223431,-0.001412,0.041471,0.055177,-0.287539,-0.314583,0.118309,-0.223721,-0.001148,0.050319,-0.070884
0.013981,0.088332,0.820292,-0.055797,0.001002,-0.656538,0.752225,0.063207,-0.070108,0.047913,0.120248,0.080576,0.111669,-0.027317,0.073773,-0.189335,0.144596,0.096071,-0.064929,0.099629,0.067993,-0.205121,-0.298404,0.309503,-0.150825,-0.224819,-0.000663,0.042076,0.056157,-0.290129,-0.317807,0.118969,-0.225877,-0.002232,0.051112,-0.071439
0.014391,0.088429,0.820203,-0.055830,0.001055,-0.655813,0.752856,0.063031,-0.070837,0.047407,0.120199,0.080522,0.111756,-0.027189,0.072784,-0.190912,0.144728,0.095262,-0.065108,0.100318,0.067483,-0.205459,-0.300829,0.312347,-0.151133,-0.225745,0.000304,0.042664,0.057200,-0.292409,-0.320469,0.119399,-0.227609,-0.003435,0.051868,-0.071957
0.014128,0.088591,0.820065,-0.055910,0.001071,-0.656023,0.752667,0.062834,-0.070433,0.046206,0.120072,0.079119,0.113418,-0.027510,0.073001,-0.192855,0.144909,0.095061,-0.065265,0.099141,0.068842,-0.205191,-0.301950,0.314755,-0.151987,-0.226949,0.000536,0.042507,0.057062,-0.292294,-0.323256,0.119345,-0.228747,-0.003338,0.052275,-0.072132
0.013964,0.088830,0.820021,-0.055958,0.001065,-0.656218,0.752493,0.062587,-0.070027,0.044817,0.120076,0.077834,0.112595,-0.027799,0.073238,-0.194580,0.144996,0.094837,-0.065403,0.097924,0.070120,-0.204986,-0.302360,0.316892,-0.152059,-0.227926,0.001035,0.042580,0.056876,-0.291143,-0.325656,0.118383,-0.229685,-0.003306,0.052463,-0.072255
0.013708,0.088977,0.819891,-0.056001,0.001066,-0.656412,0.752321,0.062329,-0.069615,0.043417,0.120080,0.076545,0.111768,-0.028085,0.073483,-0.196312,0.145055,0.094622,-0.065549,0.096713,0.071360,-0.204803,-0.302248,0.318828,-0.151390,-0.228682,0.001904,0.042698,0.056736,-0.289211,-0.327736,0.116648,-0.230465,-0.003482,0.052603,-0.072321
0.013730,0.088893,0.819925,-0.056102,0.001019,-0.656024,0.752652,0.062607,-0.069790,0.045964,0.120255,0.078218,0.114027,-0.027866,0.073350,-0.195834,0.145323,0.094162,-0.065025,0.095947,0.071618,-0.204835,-0.303557,0.320452,-0.152652,-0.229358,0.002011,0.042799,0.056072,-0.288074,-0.328661,0.115575,-0.230785,-0.003692,0.052757,-0.072102
0.013663,0.088826,0.819899,-0.056186,0.000962,-0.655741,0.752892,0.062947,-0.069716,0.046255,0.120095,0.077786,0.114157,-0.027638,0.073141,-0.196846,0.145709,0.093293,-0.064723,0.095235,0.071768,-0.204693,-0.305642,0.322065,-0.154262,-0.229378,0.002384,0.042931,0.055470,-0.286784,-0.329369,0.114162,-0.230648,-0.004079,0.052927,-0.071933
0.013585,0.088852,0.819870,-0.056284,0.000886,-0.655434,0.753152,0.063287,-0.069646,0.046487,0.120034,0.077316,0.114277,-0.027382,0.072917,-0.197924,0.146160,0.092381,-0.064430,0.094472,0.071830,-0.204477,-0.307982,0.323627,-0.155845,-0.228965,0.003050,0.043023,0.054985,-0.284979,-0.329887,0.112152,-0.230189,-0.004623,0.053057,-0.071786
0.013611,0.089302,0.819707,-0.056754,0.000621,-0.655876,0.752732,0.063826,-0.069134,0.047577,0.119940,0.076533,0.114680,-0.027267,0.073474,-0.198934,0.146508,0.092553,-0.064258,0.093770,0.071931,-0.204102,-0.307370,0.321737,-0.159328,-0.228322,0.000922,0.042489,0.054043,-0.282708,-0.328596,0.112336,-0.229980,-0.003839,0.052800,-0.070531
0.013581,0.089737,0.819545,-0.057262,0.000388,-0.656418,0.752221,0.064341,-0.068549,0.048770,0.119844,0.075744,0.115143,-0.027172,0.073997,-0.199623,0.146667,0.092772,-0.064000,0.093057,0.072249,-0.203877,-0.305905,0.319686,-0.162093,-0.227488,-0.001070,0.042004,0.052905,-0.280366,-0.327010,0.112671,-0.229325,-0.003180,0.052483,-0.069228
0.013650,0.090174,0.819383,-0.057773,0.000166,-0.656968,0.751702,0.064843,-0.067954,0.049982,0.119753,0.074951,0.115620,-0.027079,0.074530,-0.200290,0.146790,0.093024,-0.063729,0.092323,0.072706,-0.203681,-0.303668,0.317563,-0.164277,-0.226487,-0.002904,0.041486,0.051633,-0.277776,-0.325073,0.112907,-0.228255,-0.002609,0.052099,-0.067852
0.014334,0.090640,0.819287,-0.057970,0.000027,-0.657833,0.750929,0.065196,-0.068540,0.051292,0.119716,0.074479,0.116491,-0.027302,0.074090,-0.198793,0.147209,0.092560,-0.064023,0.091184,0.072463,-0.203474,-0.302307,0.314369,-0.165775,-0.224433,-0.004419,0.041321,0.050584,-0.276694,-0.323495,0.113737,-0.227016,-0.002186,0.051844,-0.067124
0.015014,0.091110,0.819195,-0.058218,-0.000064,-0.658721,0.750132,0.065315,-0.069072,0.052734,0.119660,0.074552,0.116987,-0.027796,0.073780,-0.197686,0.147576,0.092454,-0.064034,0.090269,0.072443,-0.203268,-0.300825,0.310956,-0.167378,-0.222082,-0.005972,0.041124,0.049427,-0.276045,-0.321728,0.115083,-0.225291,-0.001689,0.051540,-0.066596
0.015790,0.091586,0.819190,-0.058462,-0.000140,-0.659612,0.749329,0.065394,-0.069602,0.054190,0.119602,0.074632,0.117495,-0.028329,0.073467,-0.196569,0.147938,0.092369,-0.064038,0.089349,0.072533,-0.203094,-0.299173,0.307574,-0.169162,-0.219641,-0.007608,0.040887,0.048141,-0.275683,-0.319863,0.116752,-0.223356,-0.001190,0.051210,-0.066128
0.016554,0.092207,0.818873,-0.058659,-0.000012,-0.660710,0.748346,0.065015,-0.069807,0.058495,0.119386,0.074463,0.120450,-0.029902,0.073204,-0.194543,0.148680,0.093301,-0.061485,0.088256,0.072674,-0.202007,-0.298083,0.304434,-0.166160,-0.217264,-0.005879,0.040657,0.048415,-0.273802,-0.315433,0.115845,-0.221250,-0.001846,0.050965,-0.066571
0.017391,0.092740,0.818660,-0.058858,0.000166,-0.661869,0.747305,0.064523,-0.069959,0.062097,0.119162,0.074009,0.122016,-0.031485,0.073212,-0.192343,0.149349,0.093371,-0.060288,0.087415,0.072919,-0.200994,-0.296329,0.301804,-0.162812,-0.215487,-0.003939,0.040417,0.048429,-0.271338,-0.311077,0.114251,-0.219936,-0.002760,0.050582,-0.066964
0.018229,0.093350,0.818450,-0.059050,0.000358,-0.663026,0.746264,0.064009,-0.070103,0.065696,0.118952,0.073531,0.123578,-0.033101,0.073226,-0.190151,0.150038,0.093422,-0.059090,0.086567,0.073190,-0.200029,-0.294460,0.299593,-0.159536,-0.214221,-0.001999,0.040253,0.048273,-0.268718,-0.307005,0.112377,-0.219210,-0.003827,0.050299,-0.067429
0.018581,0.093743,0.817987,-0.058746,0.000193,-0.664225,0.745221,0.063483,-0.071268,0.068515,0.118605,0.071342,0.126013,-0.034602,0.072687,-0.186932,0.150232,0.090904,-0.057342,0.085524,0.072252,-0.198986,-0.292411,0.297977,-0.159408,-0.213277,-0.003888,0.040067,0.047970,-0.266535,-0.308164,0.113000,-0.217925,-0.002716,0.050177,-0.065486
0.018931,0.094142,0.817431,-0.058452,0.000028,-0.665422,0.744176,0.062968,-0.072336,0.071569,0.118311,0.069364,0.127918,-0.036116,0.072088,-0.183893,0.150599,0.088122,-0.055888,0.084744,0.071342,-0.197949,-0.291100,0.296478,-0.159790,-0.212467,-0.006154,0.040013,0.047615,-0.264949,-0.309758,0.114123,-0.216680,-0.001188,0.049850,-0.063778
0.019370,0.094545,0.816963,-0.058161,-0.000142,-0.666619,0.743126,0.062469,-0.073410,0.074625,0.118017,0.067384,0.129832,-0.037658,0.071484,-0.180848,0.151021,0.085322,-0.054425,0.084007,0.070442,-0.196896,-0.290066,0.295081,-0.160453,-0.211716,-0.008578,0.039995,0.047254,-0.263632,-0.311551,0.115440,-0.215538,0.000374,0.049500,-0.062249
0.019303,0.095060,0.816316,-0.057941,-0.000950,-0.667973,0.741926,0.062862,-0.074672,0.076982,0.117922,0.064667,0.131515,-0.038278,0.070719,-0.178457,0.151161,0.081613,-0.052864,0.084702,0.069114,-0.196630,-0.290826,0.294818,-0.160881,-0.210957,-0.008494,0.039813,0.047279,-0.263967,-0.311303,0.116050,-0.214621,0.000672,0.049469,-0.061861
0.019226,0.095591,0.815756,-0.057798,-0.001802,-0.669297,0.740742,0.063429,-0.075911,0.079363,0.117823,0.062018,0.133175,-0.038664,0.069954,-0.176033,0.151330,0.078042,-0.051455,0.085330,0.067771,-0.196115,-0.292028,0.294530,-0.161852,-0.209848,-0.008385,0.039409,0.047441,-0.264443,-0.310864,0.116916,-0.213580,0.000855,0.049499,-0.061528
0.019145,0.096215,0.815109,-0.057680,-0.002681,-0.670614,0.739556,0.064069,-0.077152,0.081734,0.117716,0.059377,0.134837,-0.038975,0.069188,-0.173616,0.151483,0.074479,-0.050045,0.085929,0.066405,-0.195509,-0.293278,0.294000,-0.162932,-0.208373,-0.008430,0.038921,0.047681,-0.264779,-0.310263,0.117771,-0.212324,0.001039,0.049501,-0.061199
0.019659,0.096478,0.814760,-0.057442,-0.002567,-0.672092,0.738232,0.063486,-0.077506,0.085184,0.117404,0.057398,0.135045,-0.040595,0.069330,-0.169440,0.151664,0.072200,-0.049150,0.086673,0.065567,-0.195666,-0.294900,0.293948,-0.161843,-0.207696,-0.006549,0.039069,0.048775,-0.266213,-0.310605,0.117804,-0.211967,0.000604,0.049217,-0.061544
0.020188,0.096736,0.814450,-0.057036,-0.002416,-0.673610,0.736879,0.062474,-0.078267,0.088172,0.117279,0.056094,0.136452,-0.042454,0.069250,-0.165037,0.151753,0.070269,-0.048344,0.087523,0.064718,-0.196051,-0.295536,0.293513,-0.159917,-0.206918,-0.004651,0.039124,0.049918,-0.267562,-0.310799,0.117927,-0.211345,0.000160,0.048910,-0.061846
0.020724,0.097080,0.814141,-0.056598,-0.002230,-0.675128,0.735523,0.061358,-0.079040,0.091158,0.117145,0.054804,0.137871,-0.044415,0.069160,-0.160630,0.151838,0.068357,-0.047522,0.088356,0.063948,-0.196557,-0.295511,0.292733,-0.157311,-0.205887,-0.002675,0.039126,0.051105,-0.268880,-0.310716,0.118149,-0.210407,-0.000300,0.048517,-0.062136
0.021283,0.097676,0.814019,-0.056552,-0.002121,-0.676269,0.734478,0.060287,-0.079594,0.092472,0.117235,0.055029,0.137895,-0.046075,0.069071,-0.158266,0.152087,0.068503,-0.046738,0.087964,0.064876,-0.197373,-0.293582,0.290581,-0.159116,-0.205851,-0.003821,0.038581,0.049065,-0.267854,-0.308195,0.120134,-0.209187,0.000722,0.048258,-0.060678
0.021911,0.098328,0.813920,-0.056446,-0.002034,-0.677388,0.733454,0.059224,-0.080287,0.093510,0.117287,0.055506,0.138419,-0.047652,0.068776,-0.156159,0.152114,0.068822,-0.046023,0.087313,0.065553,-0.198327,-0.291877,0.288382,-0.161126,-0.205573,-0.004856,0.038274,0.046855,-0.266375,-0.305265,0.121770,-0.207894,0.001651,0.048028,-0.059136
0.022530,0.098891,0.813824,-0.056332,-0.001946,-0.678498,0.732437,0.058158,-0.080984,0.094524,0.117317,0.055996,0.138935,-0.049222,0.068478,-0.154073,0.152107,0.069148,-0.045317,0.086626,0.066125,-0.199297,-0.290496,0.286197,-0.163345,-0.205214,-0.005836,0.037979,0.044739,-0.264781,-0.302349,0.123203,-0.206605,0.002569,0.047765,-0.057569
0.022775,0.098990,0.814089,-0.056217,-0.001549,-0.678581,0.732369,0.057281,-0.080795,0.095159,0.117443,0.056875,0.139222,-0.050038,0.068709,-0.153439,0.152306,0.070907,-0.045824,0.085169,0.066082,-0.200412,-0.287679,0.283428,-0.162721,-0.202503,-0.007088,0.037928,0.044095,-0.261661,-0.299744,0.122529,-0.203465,0.003443,0.047551,-0.056328
0.023018,0.099080,0.814276,-0.056159,-0.001160,-0.678655,0.732306,0.056523,-0.080590,0.095431,0.117539,0.057484,0.138797,-0.050753,0.068832,-0.153464,0.152340,0.072353,-0.046596,0.083625,0.066097,-0.201548,-0.284681,0.280979,-0.161879,-0.200132,-0.008377,0.037685,0.043401,-0.258132,-0.297545,0.121286,-0.200677,0.004395,0.047178,-0.055062
0.023258,0.099164,0.814466,-0.056105,-0.000772,-0.678720,0.732251,0.055789,-0.080378,0.095672,0.117634,0.058087,0.138365,-0.051440,0.068958,-0.153514,0.152359,0.073792,-0.047371,0.082084,0.066078,-0.202684,-0.281940,0.278946,-0.161284,-0.198193,-0.009730,0.037458,0.042637,-0.254590,-0.295854,0.119958,-0.198264,0.005458,0.046802,-0.053730
0.023567,0.099443,0.814663,-0.056082,-0.000465,-0.679351,0.731667,0.054854,-0.079706,0.098334,0.117692,0.061098,0.138301,-0.052624,0.069438,-0.153647,0.152376,0.076818,-0.048076,0.081906,0.066063,-0.202710,-0.281240,0.276702,-0.160408,-0.197657,-0.008666,0.037384,0.042289,-0.252834,-0.294411,0.119557,-0.197954,0.004899,0.046806,-0.053234
0.023959,0.099740,0.814897,-0.056071,-0.000177,-0.680041,0.731026,0.054168,-0.079385,0.100091,0.117612,0.062531,0.137948,-0.053769,0.069750,-0.152960,0.152393,0.079382,-0.048116,0.081944,0.066093,-0.202741,-0.280776,0.274722,-0.159812,-0.197460,-0.007509,0.037465,0.041935,-0.251753,-0.293485,0.119601,-0.197931,0.004330,0.047093,-0.052848
0.024267,0.100039,0.815130,-0.056075,0.000101,-0.680734,0.730382,0.053500,-0.079056,0.101861,0.117579,0.063933,0.137602,-0.054891,0.070068,-0.152267,0.152431,0.081933,-0.048150,0.081998,0.066175,-0.202732,-0.280477,0.272954,-0.159463,-0.197568,-0.006405,0.037610,0.041487,-0.251055,-0.292925,0.120067,-0.198087,0.003860,0.047438,-0.052453
0.024168,0.100246,0.814851,-0.055836,0.000300,-0.680919,0.730227,0.052444,-0.078907,0.103233,0.117352,0.063167,0.138415,-0.056043,0.070248,-0.152746,0.152182,0.082038,-0.048776,0.081918,0.065853,-0.203051,-0.281496,0.273857,-0.159574,-0.197424,-0.005372,0.037583,0.041506,-0.252175,-0.293413,0.119974,-0.199345,0.002368,0.047415,-0.053093
0.024050,0.100478,0.814689,-0.055634,0.000515,-0.681092,0.730081,0.051520,-0.078737,0.103813,0.117229,0.061774,0.139009,-0.057211,0.070520,-0.153132,0.152141,0.081799,-0.049366,0.081630,0.065607,-0.203241,-0.283036,0.274723,-0.160405,-0.197280,-0.004490,0.037424,0.041558,-0.253621,-0.293923,0.120215,-0.200794,0.000855,0.047351,-0.053822
0.024016,0.100716,0.814525,-0.055443,0.000715,-0.681258,0.729940,0.050611,-0.078570,0.104376,0.117152,0.060365,0.139604,-0.058364,0.070781,-0.153537,0.152148,0.081531,-0.049956,0.081311,0.065324,-0.203402,-0.284909,0.275513,-0.161686,-0.197577,-0.003655,0.037822,0.041533,-0.255284,-0.294530,0.120802,-0.202958,-0.000661,0.047980,-0.054683
0.024211,0.100713,0.814115,-0.055071,0.000981,-0.681334,0.729897,0.049553,-0.079223,0.105583,0.117011,0.058607,0.140317,-0.059445,0.069846,-0.154190,0.151918,0.078349,-0.050785,0.081373,0.064443,-0.203090,-0.284966,0.274989,-0.162653,-0.196224,-0.005831,0.037822,0.041956,-0.254955,-0.293800,0.122659,-0.201163,0.001373,0.048393,-0.053579
0.024512,0.100617,0.813684,-0.054716,0.001311,-0.681396,0.729866,0.048553,-0.079722,0.106749,0.116795,0.056305,0.141652,-0.060745,0.069372,-0.154182,0.151957,0.075907,-0.050850,0.081378,0.063614,-0.202711,-0.284756,0.274390,-0.163554,-0.194869,-0.008217,0.037690,0.042299,-0.254780,-0.293035,0.124837,-0.199286,0.003599,0.048485,-0.052377
0.024730,0.100607,0.813341,-0.054359,0.001647,-0.681466,0.729827,0.047534,-0.080213,0.107936,0.116602,0.053979,0.142993,-0.062058,0.068910,-0.154151,0.151985,0.073476,-0.050909,0.081392,0.062834,-0.202352,-0.284354,0.273731,-0.164400,-0.193511,-0.010651,0.037558,0.042593,-0.254777,-0.292215,0.127299,-0.197483,0.005804,0.048543,-0.051209
0.024316,0.100978,0.812732,-0.054040,0.001896,-0.681826,0.729513,0.046150,-0.079882,0.108496,0.116277,0.050003,0.144814,-0.063778,0.069510,-0.154075,0.151991,0.070819,-0.051242,0.082132,0.062669,-0.202563,-0.283830,0.273974,-0.160952,-0.193568,-0.008705,0.037459,0.043404,-0.254331,-0.291474,0.124169,-0.196458,0.004672,0.048886,-0.052336
0.023906,0.101333,0.812130,-0.053725,0.002177,-0.682213,0.729174,0.044691,-0.079441,0.109141,0.116065,0.046046,0.146039,-0.065675,0.070148,-0.154025,0.151971,0.067905,-0.051522,0.082991,0.062486,-0.202658,-0.282643,0.274161,-0.156950,-0.194032,-0.006383,0.037413,0.043918,-0.252373,-0.290894,0.119706,-0.195996,0.003258,0.049318,-0.053326
0.023488,0.101678,0.811531,-0.053395,0.002466,-0.682600,0.728835,0.043204,-0.079001,0.109779,0.115854,0.042076,0.147257,-0.067598,0.070786,-0.153978,0.151957,0.064979,-0.051810,0.083936,0.062195,-0.202792,-0.281135,0.274247,-0.152734,-0.194614,-0.004034,0.037431,0.044356,-0.249428,-0.290334,0.114384,-0.195800,0.001776,0.049842,-0.054226
0.023298,0.101569,0.810956,-0.052984,0.002672,-0.683083,0.728411,0.042330,-0.079014,0.110510,0.115644,0.037607,0.148525,-0.068560,0.070788,-0.154927,0.151767,0.061190,-0.052307,0.085783,0.061316,-0.203779,-0.283229,0.275903,-0.156563,-0.196011,-0.005086,0.037347,0.043121,-0.249563,-0.293046,0.116587,-0.195905,0.002938,0.049413,-0.051581
0.023020,0.101574,0.810394,-0.052663,0.002906,-0.683564,0.727982,0.041609,-0.078841,0.111242,0.115444,0.033331,0.149777,-0.069616,0.071081,-0.155310,0.151737,0.057576,-0.052779,0.087613,0.060475,-0.204551,-0.287178,0.277066,-0.162045,-0.196413,-0.006726,0.037305,0.042482,-0.251821,-0.295592,0.120697,-0.194738,0.004577,0.048824,-0.049215
0.022830,0.101513,0.809741,-0.052364,0.003115,-0.684050,0.727547,0.040929,-0.078668,0.111991,0.115259,0.029061,0.151043,-0.070641,0.071369,-0.155676,0.151730,0.053976,-0.053251,0.089416,0.059658,-0.205218,-0.291966,0.278136,-0.168289,-0.196296,-0.008626,0.037165,0.042095,-0.255258,-0.298005,0.125891,-0.192772,0.006460,0.048105,-0.046972
0.021928,0.101330,0.809485,-0.051915,0.003341,-0.684010,0.727616,0.039649,-0.077962,0.109357,0.115405,0.026291,0.150883,-0.071993,0.072310,-0.156352,0.151845,0.051680,-0.053991,0.089511,0.058754,-0.205435,-0.293869,0.277387,-0.168868,-0.195067,-0.008037,0.037311,0.042558,-0.257218,-0.296648,0.126856,-0.193738,0.005877,0.047925,-0.048185
0.020941,0.101203,0.809239,-0.051414,0.003668,-0.683943,0.727712,0.038271,-0.077289,0.106466,0.115526,0.023533,0.150876,-0.073260,0.073151,-0.157341,0.151868,0.049657,-0.054802,0.089309,0.058011,-0.205795,-0.294243,0.276990,-0.168166,-0.194441,-0.007140,0.037382,0.042531,-0.257922,-0.295305,0.126903,-0.195550,0.004942,0.048147,-0.049117
0.020045,0.101061,0.808909,-0.050898,0.004018,-0.683871,0.727814,0.036858,-0.076613,0.103552,0.115638,0.020767,0.150882,-0.074536,0.073999,-0.158351,0.151833,0.047644,-0.055605,0.089073,0.057317,-0.206238,-0.293923,0.276697,-0.166912,-0.194140,-0.006208,0.037474,0.042299,-0.258025,-0.293979,0.126544,-0.197635,0.003964,0.048471,-0.049792
0.020162,0.101101,0.808829,-0.050698,0.004480,-0.683703,0.727983,0.035505,-0.076485,0.104540,0.115722,0.019907,0.151540,-0.075833,0.073779,-0.160228,0.151995,0.047117,-0.056545,0.088956,0.057087,-0.206761,-0.292172,0.276196,-0.163028,-0.194193,-0.005490,0.037583,0.043266,-0.256075,-0.293336,0.124367,-0.197384,0.003762,0.049321,-0.049964
0.020384,0.101209,0.808779,-0.050447,0.004913,-0.683576,0.728117,0.034086,-0.076760,0.102977,0.115752,0.019332,0.153312,-0.077081,0.073326,-0.162099,0.152051,0.046748,-0.057465,0.089042,0.056732,-0.207238,-0.289451,0.275443,-0.158371,-0.194420,-0.004807,0.037665,0.044157,-0.253240,-0.292702,0.121593,-0.197207,0.003659,0.049929,-0.049939
0.020521,0.101312,0.808731,-0.050187,0.005355,-0.683433,0.728267,0.032658,-0.077049,0.101372,0.115761,0.018770,0.155091,-0.078324,0.072857,-0.164007,0.152076,0.046379,-0.058381,0.089129,0.056374,-0.207750,-0.286021,0.274409,-0.153076,-0.194610,-0.004166,0.037745,0.044975,-0.249728,-0.291831,0.118314,-0.197030,0.003582,0.050479,-0.049804
0.019961,0.101269,0.808673,-0.049885,0.006011,-0.683192,0.728508,0.031382,-0.075497,0.101742,0.115548,0.018050,0.150277,-0.079910,0.074531,-0.163516,0.152175,0.047920,-0.057608,0.088921,0.057064,-0.208557,-0.284900,0.274098,-0.154950,-0.194351,-0.005052,0.037610,0.043428,-0.248832,-0.292368,0.117867,-0.196515,0.003573,0.050453,-0.049270
0.019308,0.101315,0.808564,-0.049597,0.006625,-0.683014,0.728689,0.029841,-0.074289,0.099405,0.115403,0.016041,0.149306,-0.081422,0.075702,-0.165182,0.152009,0.048305,-0.059158,0.088956,0.057399,-0.209323,-0.284936,0.273202,-0.158164,-0.193054,-0.006355,0.037374,0.042136,-0.248327,-0.292328,0.117919,-0.195007,0.003756,0.050285,-0.049038
0.018556,0.101376,0.808540,-0.049313,0.007223,-0.682805,0.728899,0.028256,-0.073098,0.096991,0.115360,0.014010,0.148331,-0.082946,0.076836,-0.166938,0.151920,0.048649,-0.060719,0.088887,0.057599,-0.210030,-0.285223,0.271746,-0.161741,-0.190961,-0.007920,0.037009,0.041025,-0.247612,-0.291743,0.117842,-0.192886,0.004057,0.049993,-0.048914
0.018401,0.101252,0.808499,-0.048390,0.007498,-0.683024,0.728753,0.026394,-0.073457,0.100918,0.115510,0.015900,0.148598,-0.084463,0.076276,-0.166559,0.151493,0.047679,-0.059458,0.089770,0.055790,-0.210513,-0.287320,0.271506,-0.162114,-0.190451,-0.005259,0.037011,0.041150,-0.247321,-0.290550,0.118541,-0.192648,0.003348,0.049402,-0.048202
0.018138,0.101192,0.808322,-0.047773,0.008100,-0.683289,0.728538,0.024652,-0.073116,0.101285,0.115125,0.014238,0.148064,-0.086517,0.076655,-0.166967,0.151466,0.046649,-0.059527,0.091006,0.055075,-0.211038,-0.288952,0.271155,-0.161995,-0.189972,-0.002327,0.037136,0.041213,-0.247210,-0.289223,0.119260,-0.192347,0.002495,0.048918,-0.047440
0.017884,0.101132,0.808142,-0.047173,0.008711,-0.683541,0.728334,0.022823,-0.072741,0.101624,0.114936,0.012476,0.147541,-0.088564,0.077052,-0.167411,0.151452,0.045607,-0.059585,0.092179,0.054494,-0.211556,-0.290276,0.270804,-0.161570,-0.189489,0.000680,0.037293,0.041239,-0.247259,-0.287903,0.120145,-0.191996,0.001596,0.048466,-0.046706
0.017742,0.101104,0.808069,-0.046849,0.008802,-0.683634,0.728266,0.021786,-0.073122,0.101088,0.115275,0.013308,0.149678,-0.089520,0.076663,-0.167707,0.151652,0.045504,-0.059929,0.092323,0.053882,-0.212131,-0.289173,0.267440,-0.160748,-0.188006,0.001075,0.036924,0.041031,-0.246870,-0.285395,0.120073,-0.190190,0.001324,0.048411,-0.046291
0.017613,0.101165,0.807939,-0.046635,0.008924,-0.683515,0.728391,0.020972,-0.073343,0.099655,0.115304,0.012665,0.149945,-0.090342,0.076564,-0.168005,0.151752,0.044930,-0.060247,0.092491,0.053571,-0.212733,-0.288197,0.264393,-0.159650,-0.186714,0.001723,0.036619,0.040795,-0.246764,-0.283329,0.120119,-0.188545,0.000945,0.048334,-0.045779
0.017488,0.101224,0.807809,-0.046444,0.009033,-0.683387,0.728521,0.020201,-0.073551,0.098204,0.115386,0.011983,0.150215,-0.091084,0.076476,-0.168315,0.151835,0.044343,-0.060558,0.092633,0.053337,-0.213287,-0.287666,0.261829,-0.158637,-0.185773,0.002614,0.036362,0.040571,-0.247184,-0.281807,0.120479,-0.187260,0.000458,0.048307,-0.045292
0.018238,0.101405,0.807729,-0.045983,0.009168,-0.683781,0.728179,0.019413,-0.074897,0.098867,0.115420,0.012378,0.150875,-0.091994,0.074990,-0.168727,0.151860,0.043714,-0.060295,0.093369,0.053515,-0.213513,-0.286321,0.261007,-0.159485,-0.184230,0.000873,0.036091,0.040055,-0.246088,-0.279988,0.121515,-0.185824,0.001711,0.048043,-0.044828
0.018980,0.101563,0.807589,-0.045613,0.009289,-0.684106,0.727896,0.018460,-0.076284,0.099128,0.115346,0.012843,0.152060,-0.093156,0.073531,-0.169269,0.151964,0.043374,-0.060054,0.094178,0.053747,-0.213830,-0.285820,0.260792,-0.160894,-0.183048,-0.000820,0.035791,0.039525,-0.245070,-0.278663,0.122454,-0.184890,0.002993,0.047822,-0.044349
0.019718,0.101806,0.807450,-0.045228,0.009420,-0.684426,0.727617,0.017470,-0.077674,0.099378,0.115265,0.013318,0.153240,-0.094349,0.072067,-0.169824,0.152070,0.043031,-0.059819,0.094993,0.053917,-0.214184,-0.286135,0.260915,-0.162872,-0.182059,-0.002422,0.035516,0.039040,-0.244229,-0.277769,0.123454,-0.184316,0.004241,0.047660,-0.043854
0.019552,0.101907,0.807479,-0.045022,0.009326,-0.684553,0.727512,0.017117,-0.078237,0.099349,0.115387,0.013499,0.152943,-0.094726,0.071405,-0.170937,0.152224,0.041607,-0.059107,0.095593,0.053485,-0.214962,-0.286417,0.260041,-0.163183,-0.182185,-0.001977,0.035674,0.039196,-0.244426,-0.277281,0.122912,-0.184045,0.003825,0.047879,-0.044132
0.019488,0.101917,0.807424,-0.044840,0.009149,-0.684712,0.727376,0.016983,-0.078511,0.098948,0.115463,0.013650,0.152947,-0.094982,0.070900,-0.171591,0.152444,0.041114,-0.058948,0.096370,0.053049,-0.215608,-0.286571,0.259298,-0.163304,-0.182670,-0.001263,0.036017,0.039131,-0.244679,-0.277141,0.122511,-0.183984,0.003317,0.048097,-0.044404
0.019341,0.102013,0.807369,-0.044672,0.008967,-0.684876,0.727234,0.016895,-0.078775,0.098560,0.115520,0.013798,0.152957,-0.095164,0.070416,-0.172228,0.152587,0.040653,-0.058785,0.097193,0.052676,-0.216235,-0.286798,0.258666,-0.163491,-0.183344,-0.000489,0.036437,0.038967,-0.245081,-0.277187,0.122311,-0.184048,0.002835,0.048336,-0.044653
0.019397,0.102088,0.807207,-0.044441,0.008666,-0.685097,0.727043,0.016826,-0.079975,0.098759,0.115562,0.013435,0.152949,-0.095351,0.069777,-0.172941,0.152664,0.039893,-0.058703,0.097843,0.052326,-0.216469,-0.286326,0.258979,-0.161813,-0.182833,-0.000205,0.036484,0.039332,-0.244506,-0.277187,0.121596,-0.183161,0.002943,0.048530,-0.044560
0.019565,0.102249,0.807060,-0.044231,0.008367,-0.685295,0.726873,0.016836,-0.080686,0.099061,0.115547,0.013052,0.153370,-0.095526,0.069025,-0.173655,0.152785,0.039193,-0.058582,0.098533,0.052074,-0.216747,-0.285554,0.259383,-0.159831,-0.182437,-0.000006,0.036243,0.039634,-0.243813,-0.277239,0.120760,-0.182346,0.003086,0.048604,-0.044412
0.019649,0.102406,0.806914,-0.044023,0.008073,-0.685497,0.726699,0.016853,-0.081394,0.099366,0.115524,0.012667,0.153793,-0.095691,0.068278,-0.174367,0.152895,0.038495,-0.058454,0.099240,0.051867,-0.217043,-0.284697,0.259833,-0.157798,-0.182127,0.000200,0.035975,0.039850,-0.243141,-0.277369,0.119984,-0.181564,0.003244,0.048680,-0.044208
0.019346,0.102314,0.806551,-0.043833,0.007709,-0.685907,0.726327,0.017172,-0.082679,0.098930,0.115457,0.010922,0.153826,-0.095462,0.067143,-0.175604,0.152666,0.033712,-0.057770,0.100114,0.051847,-0.216902,-0.284245,0.259096,-0.158831,-0.182995,0.000054,0.035803,0.038986,-0.244160,-0.277023,0.121182,-0.182922,0.002828,0.048603,-0.043483
0.019114,0.102233,0.806161,-0.043627,0.007251,-0.686080,0.726180,0.017620,-0.083594,0.098938,0.115424,0.009113,0.154226,-0.095196,0.066398,-0.176154,0.152758,0.030466,-0.057588,0.100681,0.051531,-0.216601,-0.283983,0.258370,-0.160018,-0.183838,-0.000087,0.035864,0.038128,-0.245665,-0.276870,0.122598,-0.184002,0.002382,0.048723,-0.042819
0.018881,0.102243,0.805859,-0.043434,0.006784,-0.686257,0.726029,0.018098,-0.084502,0.098952,0.115387,0.007300,0.154625,-0.094873,0.065667,-0.176694,0.152787,0.027256,-0.057406,0.101239,0.051228,-0.216250,-0.283857,0.257619,-0.161384,-0.184714,-0.000257,0.035949,0.037201,-0.247530,-0.276726,0.124336,-0.185010,0.001963,0.048859,-0.042086
0.019697,0.102306,0.805458,-0.043639,0.006644,-0.686427,0.725858,0.018628,-0.085469,0.099567,0.115324,0.004828,0.156441,-0.094739,0.064581,-0.175777,0.153080,0.024829,-0.054158,0.100702,0.052737,-0.216598,-0.284556,0.257978,-0.160358,-0.184193,0.000102,0.036132,0.037838,-0.247289,-0.276749,0.124248,-0.183887,0.002367,0.049061,-0.042314
0.020573,0.102358,0.805029,-0.043796,0.006487,-0.686613,0.725674,0.019057,-0.086776,0.100086,0.115332,0.002800,0.158045,-0.094553,0.063530,-0.174762,0.153234,0.022105,-0.050823,0.100310,0.053873,-0.216822,-0.285398,0.258060,-0.159699,-0.183639,0.000358,0.036063,0.038423,-0.246684,-0.276779,0.123864,-0.182987,0.002835,0.049095,-0.042291
0.021356,0.102496,0.804689,-0.043947,0.006329,-0.686798,0.725491,0.019493,-0.088087,0.100602,0.115316,0.000781,0.159642,-0.094374,0.062477,-0.173749,0.153400,0.019368,-0.047499,0.099958,0.054914,-0.217056,-0.286508,0.257962,-0.159384,-0.183087,0.000572,0.035966,0.038903,-0.245858,-0.276843,0.123303,-0.182194,0.003293,0.049129,-0.042114
0.021151,0.102221,0.804310,-0.044066,0.006142,-0.687032,0.725264,0.020238,-0.087798,0.100311,0.115255,-0.002015,0.160615,-0.093741,0.062694,-0.174149,0.153508,0.016694,-0.047650,0.099981,0.055452,-0.216855,-0.286149,0.257518,-0.159564,-0.182575,0.000624,0.036079,0.039130,-0.244827,-0.275717,0.122313,-0.182608,0.003081,0.048979,-0.043419
0.020928,0.102018,0.804020,-0.044222,0.005932,-0.687228,0.725070,0.021035,-0.087614,0.099838,0.115256,-0.004707,0.160882,-0.092984,0.063019,-0.174663,0.153530,0.013984,-0.047582,0.099978,0.056121,-0.216654,-0.285734,0.257024,-0.159736,-0.182346,0.000743,0.036298,0.039238,-0.243514,-0.274358,0.121252,-0.183273,0.002773,0.049124,-0.044597
0.020616,0.101813,0.803730,-0.044384,0.005718,-0.687420,0.724880,0.021859,-0.087428,0.099349,0.115251,-0.007396,0.161146,-0.092191,0.063348,-0.175190,0.153525,0.011279,-0.047518,0.099958,0.056780,-0.216440,-0.285294,0.256405,-0.159898,-0.182140,0.000874,0.036569,0.039297,-0.242024,-0.272865,0.120064,-0.184042,0.002438,0.049359,-0.045757
0.020373,0.101580,0.803686,-0.044254,0.005677,-0.687743,0.724582,0.022243,-0.086986,0.099867,0.115275,-0.008678,0.161036,-0.092293,0.063697,-0.174889,0.153606,0.010489,-0.048069,0.100177,0.056571,-0.216734,-0.284280,0.258040,-0.156886,-0.182166,0.001755,0.036522,0.040506,-0.241157,-0.274152,0.117876,-0.183586,0.002145,0.049732,-0.045664
0.020063,0.101422,0.803635,-0.044082,0.005730,-0.688039,0.724311,0.022141,-0.086631,0.100491,0.115273,-0.009456,0.160843,-0.092580,0.064047,-0.174581,0.153648,0.009806,-0.048642,0.100467,0.056631,-0.217104,-0.282236,0.259591,-0.152818,-0.182410,0.002591,0.036291,0.041647,-0.240319,-0.275294,0.115617,-0.182885,0.002008,0.049929,-0.045610
0.019851,0.101261,0.803583,-0.043889,0.005811,-0.688338,0.724038,0.021962,-0.086282,0.101121,0.115267,-0.010229,0.160660,-0.092940,0.064392,-0.174267,0.153682,0.009138,-0.049205,0.100756,0.056801,-0.217575,-0.279390,0.261167,-0.147901,-0.182778,0.003524,0.036068,0.042769,-0.239448,-0.276337,0.113312,-0.182119,0.001882,0.050113,-0.045665
0.020098,0.101152,0.803708,-0.043778,0.006192,-0.688345,0.724035,0.021333,-0.086067,0.101751,0.115318,-0.009308,0.160415,-0.093542,0.064671,-0.174631,0.153713,0.010745,-0.047366,0.100850,0.057590,-0.218129,-0.278171,0.261624,-0.148836,-0.184133,0.003217,0.035872,0.041561,-0.238899,-0.276907,0.114006,-0.182966,0.001816,0.049638,-0.044878
0.020243,0.101157,0.803945,-0.043769,0.006590,-0.688324,0.724051,0.020729,-0.085725,0.101742,0.115289,-0.008314,0.160401,-0.094168,0.064934,-0.175289,0.153686,0.012781,-0.046141,0.100894,0.058234,-0.218740,-0.277910,0.261964,-0.150727,-0.184973,0.002853,0.035971,0.040484,-0.238274,-0.277207,0.114635,-0.183571,0.001825,0.049680,-0.044136
0.020464,0.101082,0.804095,-0.043761,0.006980,-0.688296,0.724075,0.020128,-0.085382,0.101711,0.115262,-0.007309,0.160372,-0.094771,0.065201,-0.175973,0.153628,0.014839,-0.044933,0.100898,0.058748,-0.219319,-0.278046,0.262304,-0.152949,-0.185550,0.002486,0.036073,0.039599,-0.237386,-0.277463,0.114895,-0.184059,0.001835,0.049811,-0.043476
0.020376,0.100956,0.804438,-0.043716,0.007277,-0.687921,0.724431,0.019784,-0.084804,0.100724,0.115420,-0.004568,0.158001,-0.094411,0.065749,-0.175180,0.153592,0.016546,-0.051133,0.101154,0.058124,-0.220488,-0.281439,0.261344,-0.154580,-0.185035,0.002990,0.036214,0.039974,-0.239432,-0.277558,0.116294,-0.184288,0.001700,0.049857,-0.043293
0.020283,0.100853,0.804893,-0.043771,0.007556,-0.687653,0.724680,0.019594,-0.084095,0.099614,0.115526,-0.002097,0.155681,-0.094272,0.066404,-0.175903,0.153666,0.019600,-0.053189,0.101464,0.057585,-0.221387,-0.285516,0.260251,-0.156714,-0.183927,0.003454,0.036216,0.040333,-0.242518,-0.277755,0.118653,-0.183931,0.001669,0.049972,-0.043129
0.020194,0.100763,0.805348,-0.043842,0.007823,-0.687379,0.724933,0.019428,-0.083390,0.098491,0.115639,0.000383,0.153373,-0.094079,0.067057,-0.176636,0.153685,0.022699,-0.055237,0.101720,0.057099,-0.222221,-0.289986,0.259128,-0.159129,-0.182530,0.003905,0.036141,0.040799,-0.246358,-0.277985,0.121695,-0.183252,0.001720,0.050051,-0.043003
0.020214,0.100853,0.805917,-0.043704,0.008315,-0.687421,0.724895,0.018287,-0.082921,0.097640,0.115751,0.004365,0.154719,-0.095198,0.067288,-0.176490,0.153626,0.026834,-0.054971,0.102307,0.057134,-0.222624,-0.291422,0.259999,-0.161077,-0.182231,0.003208,0.036076,0.041070,-0.247470,-0.277996,0.123689,-0.182966,0.002164,0.049604,-0.043016
0.020268,0.100822,0.806581,-0.043499,0.008984,-0.687464,0.724859,0.016914,-0.082009,0.097568,0.115736,0.008659,0.152443,-0.096459,0.068115,-0.176538,0.153678,0.031947,-0.057457,0.102809,0.057426,-0.223294,-0.292119,0.261154,-0.162372,-0.182514,0.002547,0.036013,0.041274,-0.247656,-0.278198,0.124963,-0.183242,0.002519,0.049110,-0.042769
0.020322,0.100864,0.807248,-0.043267,0.009691,-0.687516,0.724815,0.015460,-0.081076,0.097500,0.115729,0.012937,0.150168,-0.097770,0.068971,-0.176571,0.153653,0.037096,-0.059949,0.103359,0.057717,-0.224102,-0.292737,0.262393,-0.163557,-0.183064,0.001978,0.036008,0.041383,-0.247495,-0.278620,0.126000,-0.183810,0.002824,0.048631,-0.042322
0.020294,0.100861,0.808105,-0.042953,0.010357,-0.687464,0.724873,0.013977,-0.080567,0.096522,0.115894,0.018201,0.150367,-0.099035,0.069394,-0.176068,0.153729,0.042706,-0.059819,0.103206,0.058204,-0.224870,-0.291791,0.261955,-0.161446,-0.183128,0.002111,0.036077,0.041618,-0.247032,-0.277709,0.123767,-0.183524,0.002487,0.048935,-0.043273
0.020376,0.100745,0.808864,-0.042637,0.011063,-0.687396,0.724946,0.012467,-0.079840,0.096284,0.115934,0.023504,0.148307,-0.100346,0.069972,-0.175797,0.153779,0.048464,-0.059991,0.103562,0.058704,-0.225601,-0.290222,0.261546,-0.158657,-0.183563,0.002425,0.036101,0.041437,-0.246116,-0.276933,0.121158,-0.183539,0.002066,0.049304,-0.044032
0.020461,0.100707,0.809626,-0.042317,0.011780,-0.687336,0.725010,0.010952,-0.079101,0.096060,0.115958,0.028799,0.146256,-0.101660,0.070566,-0.175503,0.153800,0.054229,-0.060155,0.104014,0.059243,-0.226389,-0.288514,0.261178,-0.155696,-0.184244,0.002773,0.036158,0.041098,-0.245073,-0.276388,0.118480,-0.183797,0.001623,0.049690,-0.044677
0.020523,0.100931,0.810320,-0.042107,0.012448,-0.687675,0.724689,0.009469,-0.078356,0.096249,0.115898,0.032860,0.145644,-0.103115,0.071230,-0.174727,0.153696,0.059042,-0.060304,0.104539,0.060414,-0.227330,-0.286724,0.261790,-0.157246,-0.184611,0.002062,0.036042,0.040518,-0.243944,-0.276350,0.118910,-0.184089,0.001642,0.050035,-0.044510
0.020690,0.101054,0.810935,-0.041915,0.013123,-0.687933,0.724444,0.007899,-0.077461,0.096604,0.115875,0.036987,0.144360,-0.104622,0.072054,-0.173917,0.153633,0.064105,-0.060381,0.104957,0.061557,-0.228412,-0.285841,0.262576,-0.159836,-0.184784,0.001085,0.035934,0.040092,-0.243497,-0.276079,0.119906,-0.184157,0.001662,0.050214,-0.044447
0.020765,0.101268,0.811549,-0.041717,0.013802,-0.688190,0.724199,0.006306,-0.076562,0.096960,0.115871,0.041108,0.143078,-0.106142,0.072881,-0.173106,0.153569,0.069180,-0.060466,0.105323,0.062662,-0.229498,-0.285555,0.263593,-0.163110,-0.184926,-0.000105,0.035806,0.039748,-0.243468,-0.275830,0.121240,-0.184168,0.001735,0.050365,-0.044495
0.021068,0.101288,0.812132,-0.041491,0.014323,-0.687971,0.724410,0.005089,-0.076440,0.096874,0.116056,0.045230,0.141134,-0.107061,0.072982,-0.172919,0.153469,0.073256,-0.060607,0.104875,0.062836,-0.230634,-0.286406,0.263713,-0.160451,-0.185111,0.001245,0.036005,0.040840,-0.243025,-0.275357,0.119959,-0.184581,0.001631,0.050408,-0.045093
0.021293,0.101313,0.812733,-0.041342,0.014808,-0.687725,0.724642,0.004011,-0.076237,0.096627,0.116197,0.049382,0.139786,-0.107811,0.073030,-0.172747,0.153476,0.077264,-0.060757,0.104472,0.063143,-0.231531,-0.286669,0.264142,-0.157226,-0.185832,0.002761,0.036134,0.041726,-0.242190,-0.275399,0.118245,-0.185578,0.001462,0.050452,-0.045572
0.021612,0.101420,0.813424,-0.041208,0.015283,-0.687476,0.724876,0.002996,-0.076037,0.096368,0.116316,0.053534,0.138447,-0.108507,0.073078,-0.172578,0.153478,0.081258,-0.060899,0.104119,0.063503,-0.232393,-0.286811,0.264991,-0.153876,-0.187042,0.004273,0.036308,0.042523,-0.241275,-0.275820,0.116386,-0.187046,0.001266,0.050583,-0.046105
0.021742,0.101273,0.813799,-0.041094,0.015681,-0.687497,0.724854,0.002427,-0.075711,0.095819,0.116293,0.056239,0.137330,-0.108968,0.073246,-0.173314,0.153312,0.084468,-0.060571,0.104257,0.063648,-0.233323,-0.288293,0.266488,-0.154821,-0.188107,0.004574,0.036569,0.042347,-0.243110,-0.278878,0.117051,-0.188526,0.000779,0.051242,-0.045389
0.021957,0.101146,0.814176,-0.041035,0.016020,-0.687531,0.724817,0.001962,-0.075388,0.095285,0.116335,0.058824,0.136221,-0.109392,0.073427,-0.173845,0.153225,0.087489,-0.060284,0.104433,0.063833,-0.234137,-0.291069,0.268161,-0.156672,-0.188922,0.004652,0.036860,0.042493,-0.246321,-0.282146,0.118752,-0.189815,0.000405,0.051830,-0.044891
0.022087,0.101030,0.814637,-0.040994,0.016341,-0.687567,0.724778,0.001535,-0.075069,0.094765,0.116395,0.061403,0.135120,-0.109792,0.073604,-0.174370,0.153174,0.090500,-0.059997,0.104579,0.064046,-0.234865,-0.294478,0.270078,-0.158903,-0.189634,0.004645,0.037120,0.042847,-0.250301,-0.285546,0.121017,-0.190992,0.000122,0.052407,-0.044563
0.022708,0.100810,0.814772,-0.041164,0.016722,-0.687625,0.724705,0.001674,-0.075103,0.095228,0.116381,0.062210,0.135343,-0.109601,0.073737,-0.173638,0.153217,0.091851,-0.059644,0.104700,0.064612,-0.234875,-0.296099,0.272026,-0.158375,-0.190858,0.005238,0.037466,0.043746,-0.252006,-0.286756,0.121569,-0.191446,0.000371,0.052850,-0.045429
0.023247,0.100651,0.814903,-0.041371,0.017028,-0.687728,0.724588,0.001968,-0.074999,0.095666,0.116383,0.063031,0.135026,-0.109461,0.073948,-0.172911,0.153253,0.093304,-0.059193,0.104751,0.065117,-0.234810,-0.296513,0.274000,-0.156742,-0.192508,0.006056,0.037861,0.044535,-0.253011,-0.288054,0.121314,-0.192300,0.000504,0.053238,-0.046119
0.023876,0.100398,0.815123,-0.041582,0.017337,-0.687832,0.724470,0.002285,-0.074891,0.096104,0.116366,0.063851,0.134713,-0.109295,0.074167,-0.172183,0.153271,0.094760,-0.058738,0.104823,0.065663,-0.234750,-0.296043,0.275739,-0.154242,-0.194230,0.007048,0.038274,0.045212,-0.253404,-0.289132,0.120560,-0.193140,0.000583,0.053606,-0.046661
0.023955,0.100213,0.815167,-0.041289,0.017555,-0.687742,0.724567,0.001560,-0.075342,0.095086,0.116288,0.064404,0.136355,-0.109810,0.073912,-0.170538,0.153053,0.095097,-0.058577,0.104434,0.066600,-0.234812,-0.297471,0.277464,-0.156658,-0.196835,0.007339,0.038445,0.044106,-0.254892,-0.291122,0.122403,-0.195511,0.000093,0.053967,-0.046285
0.024004,0.100057,0.815170,-0.040969,0.017853,-0.687653,0.724662,0.000814,-0.075551,0.094679,0.116221,0.064526,0.136289,-0.110680,0.073962,-0.168921,0.153034,0.095576,-0.058347,0.103869,0.067276,-0.235005,-0.299841,0.278644,-0.159915,-0.198622,0.007620,0.038736,0.043247,-0.256642,-0.292559,0.124511,-0.197414,-0.000381,0.054573,-0.045999
0.024042,0.099910,0.815170,-0.040634,0.018156,-0.687569,0.724753,0.000001,-0.075753,0.094286,0.116204,0.064638,0.136211,-0.111620,0.074015,-0.167298,0.153069,0.096046,-0.058133,0.103293,0.067835,-0.235203,-0.302468,0.279405,-0.163504,-0.199878,0.007929,0.038964,0.042496,-0.258251,-0.293475,0.126568,-0.198899,-0.000854,0.055163,-0.045697
0.024162,0.099978,0.815259,-0.040859,0.018104,-0.687704,0.724614,0.000243,-0.075356,0.096185,0.116376,0.065614,0.137077,-0.111325,0.074064,-0.168389,0.153168,0.096692,-0.058361,0.103608,0.067155,-0.235458,-0.303458,0.280649,-0.163189,-0.199274,0.007879,0.039272,0.043390,-0.259120,-0.293764,0.125856,-0.199004,-0.001514,0.055382,-0.046556
0.024289,0.100045,0.815347,-0.041137,0.017983,-0.687804,0.724507,0.000772,-0.075072,0.097355,0.116443,0.066634,0.137615,-0.110715,0.074149,-0.169247,0.153195,0.097518,-0.058378,0.103570,0.066813,-0.235481,-0.303631,0.281700,-0.162087,-0.198644,0.007927,0.039457,0.044572,-0.259385,-0.293898,0.124676,-0.199053,-0.002241,0.055282,-0.047293
0.024330,0.100022,0.815436,-0.041443,0.017841,-0.687895,0.724406,0.001404,-0.074789,0.098503,0.116478,0.067660,0.138154,-0.109984,0.074239,-0.170127,0.153162,0.098361,-0.058392,0.103504,0.066515,-0.235419,-0.303202,0.282651,-0.160507,-0.198009,0.008089,0.039615,0.045704,-0.259279,-0.293745,0.123197,-0.199064,-0.003079,0.055124,-0.047958
0.024574,0.099795,0.815405,-0.041793,0.017968,-0.687787,0.724486,0.002230,-0.074633,0.094599,0.116315,0.065684,0.136599,-0.109445,0.074695,-0.170394,0.153176,0.098175,-0.058122,0.103090,0.066670,-0.234987,-0.301713,0.281289,-0.160146,-0.197673,0.006982,0.039233,0.045309,-0.257940,-0.293381,0.122971,-0.198175,-0.001977,0.055003,-0.047525
0.024717,0.099540,0.815415,-0.042090,0.017974,-0.687667,0.724583,0.002988,-0.074498,0.093504,0.116436,0.065634,0.136758,-0.108678,0.074845,-0.171455,0.153188,0.098528,-0.057909,0.102629,0.066364,-0.234508,-0.299327,0.279602,-0.159069,-0.197139,0.005906,0.038892,0.044747,-0.256076,-0.292695,0.122308,-0.197066,-0.000760,0.054788,-0.047362
0.024950,0.099285,0.815513,-0.042378,0.017982,-0.687557,0.724670,0.003782,-0.074377,0.092438,0.116451,0.065637,0.136928,-0.107919,0.074990,-0.172483,0.153177,0.098901,-0.057694,0.102222,0.066058,-0.234050,-0.296339,0.277738,-0.157551,-0.196551,0.004855,0.038531,0.044084,-0.253839,-0.291756,0.121355,-0.195848,0.000445,0.054512,-0.047178
0.025084,0.099238,0.815667,-0.042645,0.017957,-0.687732,0.724489,0.004319,-0.074148,0.092611,0.116486,0.066513,0.136828,-0.107146,0.074650,-0.173992,0.153090,0.099276,-0.057343,0.101903,0.066611,-0.234708,-0.296643,0.276274,-0.157833,-0.196399,0.005660,0.038465,0.043251,-0.253647,-0.291001,0.121972,-0.195574,0.000124,0.054310,-0.046390
0.025321,0.099209,0.815831,-0.042924,0.017965,-0.687795,0.724412,0.004795,-0.073848,0.092826,0.116509,0.067434,0.136712,-0.106803,0.074779,-0.174091,0.153072,0.100144,-0.057321,0.101338,0.067130,-0.235202,-0.297982,0.274756,-0.159226,-0.195697,0.006448,0.038435,0.042636,-0.254459,-0.290051,0.123448,-0.194975,-0.000244,0.054228,-0.045479
0.025554,0.099192,0.815993,-0.043200,0.017972,-0.687868,0.724326,0.005244,-0.073544,0.093067,0.116551,0.068359,0.136592,-0.106483,0.074913,-0.174169,0.153054,0.101035,-0.057307,0.100735,0.067619,-0.235663,-0.300006,0.273293,-0.161279,-0.194790,0.007075,0.038372,0.042139,-0.255937,-0.289045,0.125492,-0.194173,-0.000503,0.054184,-0.044594
0.025693,0.099220,0.816037,-0.043423,0.018006,-0.687932,0.724251,0.005637,-0.073397,0.093607,0.116598,0.068590,0.136876,-0.105594,0.075187,-0.175050,0.153078,0.103073,-0.057669,0.100120,0.067319,-0.235468,-0.300376,0.271926,-0.162157,-0.193300,0.006216,0.038335,0.042563,-0.256286,-0.288176,0.126290,-0.192774,-0.000066,0.054003,-0.044980
0.025837,0.099137,0.816108,-0.043705,0.018051,-0.687987,0.724181,0.006097,-0.072966,0.094293,0.116608,0.068768,0.137290,-0.105011,0.075466,-0.175820,0.152968,0.103917,-0.057880,0.099580,0.067227,-0.235246,-0.300714,0.271051,-0.162914,-0.192399,0.005397,0.038324,0.042646,-0.256357,-0.287911,0.126782,-0.191859,0.000549,0.053780,-0.045452
0.025982,0.099045,0.816178,-0.043980,0.018103,-0.688044,0.724109,0.006552,-0.072537,0.094983,0.116610,0.068943,0.137703,-0.104459,0.075743,-0.176590,0.152910,0.104725,-0.058095,0.099090,0.067127,-0.235060,-0.301605,0.270566,-0.164024,-0.191973,0.004587,0.038385,0.042631,-0.256702,-0.288240,0.127430,-0.191438,0.001228,0.053637,-0.045899
0.025717,0.098824,0.816322,-0.044030,0.017966,-0.687715,0.724421,0.006983,-0.072657,0.092301,0.116811,0.069111,0.135881,-0.103965,0.075788,-0.175998,0.152772,0.104712,-0.058051,0.098779,0.066819,-0.235326,-0.303142,0.272605,-0.163238,-0.192352,0.006387,0.038573,0.043754,-0.257651,-0.289368,0.126836,-0.192910,-0.000207,0.053659,-0.046868
0.025437,0.098684,0.816463,-0.044150,0.017907,-0.687490,0.724630,0.007386,-0.072411,0.091623,0.116938,0.069244,0.135100,-0.103378,0.076006,-0.175960,0.152771,0.105093,-0.058287,0.098251,0.066760,-0.235450,-0.304891,0.275105,-0.162522,-0.193123,0.008419,0.038784,0.044770,-0.258675,-0.290694,0.126213,-0.195023,-0.001876,0.053909,-0.047746
0.025159,0.098452,0.816605,-0.044271,0.017850,-0.687277,0.724826,0.007805,-0.072152,0.090978,0.117053,0.069365,0.134318,-0.102776,0.076243,-0.175890,0.152737,0.105490,-0.058519,0.097747,0.066721,-0.235579,-0.306974,0.277769,-0.161984,-0.194032,0.010549,0.039044,0.045758,-0.259889,-0.292171,0.125725,-0.197401,-0.003621,0.054244,-0.048566
0.024940,0.098416,0.816660,-0.044389,0.017729,-0.687255,0.724842,0.008423,-0.070992,0.092277,0.117158,0.070263,0.133923,-0.102028,0.076963,-0.177155,0.152682,0.106038,-0.058194,0.096926,0.066637,-0.235177,-0.305745,0.277742,-0.161646,-0.194542,0.009267,0.039167,0.045702,-0.259498,-0.293603,0.125445,-0.197015,-0.002837,0.054863,-0.048192
0.024697,0.098337,0.816732,-0.044528,0.017587,-0.687317,0.724778,0.008941,-0.070587,0.092202,0.117177,0.070221,0.133499,-0.101501,0.077262,-0.177475,0.152590,0.106318,-0.058359,0.096362,0.066393,-0.234866,-0.303744,0.277404,-0.160517,-0.195237,0.007998,0.039363,0.045565,-0.258937,-0.295080,0.125175,-0.196471,-0.001874,0.055213,-0.047661
0.024462,0.098253,0.816805,-0.044653,0.017462,-0.687379,0.724715,0.009410,-0.070184,0.092130,0.117221,0.070160,0.133083,-0.101024,0.077555,-0.177796,0.152518,0.106589,-0.058516,0.095850,0.066221,-0.234631,-0.301311,0.276867,-0.158889,-0.195956,0.006860,0.039592,0.045356,-0.258424,-0.296509,0.124968,-0.195815,-0.000932,0.055477,-0.047102
0.024704,0.098256,0.816858,-0.044881,0.017450,-0.687345,0.724733,0.009901,-0.070125,0.091745,0.117307,0.070519,0.132809,-0.100192,0.077647,-0.178414,0.152593,0.107785,-0.058616,0.095546,0.066915,-0.234249,-0.299809,0.277273,-0.156527,-0.197096,0.007435,0.039588,0.045501,-0.257662,-0.296086,0.123075,-0.195879,-0.001375,0.055366,-0.047884
0.025007,0.098231,0.817013,-0.045087,0.017435,-0.687279,0.724783,0.010246,-0.070078,0.091767,0.117306,0.070861,0.132876,-0.099514,0.077500,-0.179124,0.152575,0.108996,-0.058722,0.095119,0.067537,-0.233653,-0.298249,0.277753,-0.154148,-0.198227,0.008069,0.039621,0.045696,-0.256165,-0.295503,0.120400,-0.196040,-0.002026,0.055305,-0.048740
0.025214,0.098114,0.817082,-0.045283,0.017424,-0.687211,0.724835,0.010577,-0.070031,0.091778,0.117293,0.071210,0.132928,-0.098847,0.077354,-0.179839,0.152548,0.110204,-0.058841,0.094692,0.068048,-0.233074,-0.296849,0.278275,-0.151814,-0.199492,0.008744,0.039687,0.045931,-0.254310,-0.295068,0.117212,-0.196387,-0.002773,0.055301,-0.049545
0.025160,0.098136,0.817217,-0.045619,0.017225,-0.687120,0.724906,0.011896,-0.069859,0.091821,0.117375,0.072409,0.131417,-0.098219,0.077650,-0.180136,0.152335,0.109770,-0.058724,0.094427,0.068010,-0.233015,-0.297813,0.279886,-0.154611,-0.200941,0.008628,0.039897,0.045006,-0.254229,-0.297520,0.118938,-0.198895,-0.002963,0.055531,-0.048586
0.025102,0.098067,0.817280,-0.045911,0.016995,-0.687093,0.724919,0.012895,-0.069570,0.091948,0.117360,0.073205,0.130034,-0.097145,0.077800,-0.180804,0.152321,0.110634,-0.058715,0.094269,0.067883,-0.232812,-0.300395,0.281606,-0.158777,-0.202023,0.008366,0.040192,0.044245,-0.255701,-0.300270,0.121958,-0.201221,-0.003049,0.055921,-0.047931
0.025042,0.098012,0.817429,-0.046217,0.016749,-0.687067,0.724930,0.013901,-0.069274,0.092083,0.117391,0.073987,0.128651,-0.096020,0.077957,-0.181467,0.152256,0.111535,-0.058708,0.094085,0.067742,-0.232537,-0.303996,0.283656,-0.163750,-0.203111,0.008028,0.040500,0.043642,-0.258191,-0.303404,0.125766,-0.203526,-0.003077,0.056373,-0.047429
0.024650,0.098026,0.817429,-0.046400,0.016546,-0.687133,0.724860,0.014478,-0.068900,0.091425,0.117330,0.072806,0.130912,-0.095637,0.078387,-0.180996,0.152097,0.110716,-0.058650,0.093515,0.068140,-0.232158,-0.306639,0.286215,-0.163397,-0.203667,0.008258,0.041013,0.045051,-0.259115,-0.304388,0.125363,-0.204339,-0.002798,0.056732,-0.048582
0.024267,0.098029,0.817497,-0.046490,0.016383,-0.687205,0.724789,0.014921,-0.068462,0.091517,0.117442,0.072566,0.130252,-0.095211,0.078742,-0.181092,0.152087,0.110642,-0.058696,0.092883,0.068497,-0.231946,-0.308505,0.289354,-0.162310,-0.204974,0.008529,0.041398,0.046226,-0.259134,-0.305777,0.124065,-0.205814,-0.002574,0.056940,-0.049543
0.023883,0.098021,0.817567,-0.046557,0.016245,-0.687277,0.724720,0.015321,-0.068026,0.091603,0.117514,0.072343,0.129585,-0.094826,0.079106,-0.181190,0.152036,0.110581,-0.058745,0.092280,0.068835,-0.231822,-0.310047,0.292716,-0.161058,-0.206668,0.008838,0.041814,0.047213,-0.258571,-0.307360,0.122361,-0.207701,-0.002414,0.057145,-0.050335
0.023948,0.097935,0.817558,-0.046741,0.016036,-0.687325,0.724667,0.015993,-0.067907,0.091527,0.117556,0.072330,0.129650,-0.094300,0.079416,-0.181600,0.151987,0.110699,-0.058904,0.091916,0.068739,-0.231704,-0.310481,0.293777,-0.162249,-0.207789,0.007851,0.041935,0.047603,-0.259662,-0.309805,0.121662,-0.208658,-0.002286,0.057924,-0.051414
0.024099,0.097840,0.817552,-0.046897,0.015914,-0.687398,0.724591,0.016701,-0.067969,0.091463,0.117554,0.072333,0.129663,-0.093925,0.079402,-0.182091,0.151931,0.110830,-0.059035,0.091631,0.068775,-0.231677,-0.311094,0.294458,-0.163819,-0.208570,0.006753,0.042063,0.047927,-0.261335,-0.312153,0.121818,-0.209055,-0.002043,0.058698,-0.052387
0.024169,0.097839,0.817544,-0.047049,0.015800,-0.687473,0.724512,0.017383,-0.068035,0.091407,0.117551,0.072347,0.129687,-0.093590,0.079382,-0.182574,0.151898,0.110964,-0.059159,0.091342,0.068880,-0.231670,-0.311499,0.294838,-0.165449,-0.208969,0.005526,0.042140,0.048237,-0.263226,-0.314105,0.122385,-0.208989,-0.001689,0.059380,-0.053404
0.023775,0.097664,0.817615,-0.047179,0.015592,-0.687400,0.724577,0.017870,-0.067387,0.091108,0.117618,0.072202,0.129003,-0.092268,0.079505,-0.182177,0.151959,0.110879,-0.059001,0.091176,0.068898,-0.231564,-0.312883,0.296550,-0.163340,-0.210588,0.007500,0.042454,0.049039,-0.264114,-0.315569,0.121782,-0.210613,-0.002659,0.059546,-0.054022
0.023392,0.097407,0.817766,-0.047325,0.015362,-0.687348,0.724622,0.018757,-0.066755,0.090827,0.117716,0.072006,0.128338,-0.091393,0.079812,-0.182386,0.151948,0.110837,-0.059178,0.090835,0.069104,-0.231271,-0.313321,0.298205,-0.160461,-0.212351,0.009665,0.042783,0.049709,-0.264120,-0.316683,0.120298,-0.212433,-0.003828,0.059850,-0.054519
0.022921,0.097231,0.817830,-0.047471,0.015132,-0.687291,0.724671,0.019654,-0.066125,0.090531,0.117798,0.071813,0.127673,-0.090510,0.080118,-0.182605,0.151933,0.110786,-0.059353,0.090475,0.069318,-0.230977,-0.313258,0.299820,-0.157190,-0.214243,0.011853,0.043131,0.050313,-0.263632,-0.317686,0.118339,-0.214381,-0.005046,0.060222,-0.054972
0.023188,0.097226,0.817881,-0.047732,0.014964,-0.687306,0.724644,0.020237,-0.066629,0.090249,0.117873,0.072146,0.127341,-0.089578,0.080360,-0.183308,0.151765,0.111302,-0.059210,0.090686,0.069078,-0.230628,-0.312807,0.300566,-0.157281,-0.215453,0.011104,0.043328,0.049913,-0.263238,-0.319055,0.118975,-0.215502,-0.004325,0.060397,-0.054218
0.023377,0.097143,0.817946,-0.047962,0.014851,-0.687321,0.724616,0.020874,-0.066696,0.090372,0.117878,0.072499,0.127259,-0.088898,0.080224,-0.183617,0.151672,0.111881,-0.059291,0.090342,0.068967,-0.230628,-0.312958,0.301254,-0.157759,-0.216421,0.010046,0.043539,0.049722,-0.263406,-0.320609,0.120066,-0.216333,-0.003319,0.060545,-0.053752
0.023566,0.097151,0.818097,-0.048175,0.014752,-0.687340,0.724587,0.021458,-0.066768,0.090501,0.117887,0.072861,0.127178,-0.088281,0.080084,-0.183919,0.151602,0.112461,-0.059371,0.089978,0.068848,-0.230687,-0.313513,0.302228,-0.158489,-0.217520,0.008905,0.043745,0.049665,-0.264082,-0.322439,0.121513,-0.217224,-0.002211,0.060703,-0.053413
0.023560,0.097076,0.818039,-0.048456,0.014706,-0.687427,0.724486,0.022224,-0.066126,0.091065,0.117820,0.072464,0.125849,-0.087591,0.080563,-0.184694,0.151487,0.112715,-0.059183,0.089505,0.069776,-0.230459,-0.315491,0.304847,-0.159873,-0.219038,0.009329,0.044103,0.049805,-0.265760,-0.325163,0.121694,-0.218884,-0.002964,0.061170,-0.054290
0.023442,0.096984,0.818079,-0.048718,0.014635,-0.687507,0.724394,0.022950,-0.065602,0.091479,0.117798,0.071512,0.124413,-0.086948,0.080952,-0.185291,0.151408,0.112968,-0.059217,0.089087,0.070393,-0.230199,-0.317971,0.307605,-0.161450,-0.220630,0.009823,0.044498,0.050081,-0.267451,-0.328125,0.121611,-0.220901,-0.003890,0.061714,-0.055145
0.023406,0.096893,0.818031,-0.048979,0.014561,-0.687585,0.724304,0.023659,-0.065077,0.091896,0.117811,0.070549,0.122970,-0.086316,0.081340,-0.185890,0.151350,0.113213,-0.059261,0.088690,0.070939,-0.229924,-0.320584,0.310385,-0.163216,-0.222259,0.010276,0.044881,0.050357,-0.268908,-0.331195,0.121320,-0.223052,-0.004830,0.062295,-0.055938
0.023566,0.096532,0.818183,-0.049020,0.014262,-0.687570,0.724321,0.024498,-0.065759,0.091035,0.118195,0.072544,0.126633,-0.085074,0.080963,-0.184955,0.151156,0.112408,-0.058839,0.088437,0.070252,-0.230203,-0.323496,0.313263,-0.163064,-0.224016,0.011668,0.045492,0.051416,-0.270682,-0.334012,0.120980,-0.225140,-0.005827,0.063004,-0.056759
0.023647,0.096206,0.818164,-0.049224,0.014126,-0.687566,0.724314,0.025614,-0.065809,0.091177,0.118131,0.072217,0.126708,-0.084030,0.080957,-0.184828,0.151159,0.111815,-0.058682,0.088181,0.070072,-0.230464,-0.325844,0.315883,-0.162482,-0.225624,0.013133,0.046075,0.052442,-0.272463,-0.336603,0.120646,-0.227025,-0.006920,0.063631,-0.057797
0.023818,0.095878,0.818144,-0.049448,0.013985,-0.687569,0.724298,0.026723,-0.065827,0.091338,0.118179,0.071819,0.126780,-0.082944,0.080983,-0.184680,0.151151,0.111222,-0.058528,0.087939,0.069976,-0.230693,-0.327548,0.318154,-0.161522,-0.227030,0.014649,0.046602,0.053361,-0.274097,-0.338831,0.120370,-0.228651,-0.008059,0.064186,-0.058793
0.023894,0.095895,0.818151,-0.049747,0.013762,-0.687426,0.724418,0.027437,-0.065728,0.091472,0.118191,0.071852,0.126894,-0.082131,0.080864,-0.185115,0.151189,0.111489,-0.058374,0.087619,0.070398,-0.230630,-0.329128,0.318767,-0.162494,-0.228112,0.014308,0.046783,0.053277,-0.275084,-0.339773,0.121709,-0.229748,-0.007227,0.064244,-0.058851
0.023967,0.095988,0.818145,-0.049987,0.013526,-0.687276,0.724548,0.028034,-0.065757,0.091601,0.118198,0.071890,0.127030,-0.081438,0.080737,-0.185384,0.151107,0.111471,-0.058188,0.087317,0.070757,-0.230569,-0.330995,0.319148,-0.163861,-0.228712,0.013860,0.046862,0.053039,-0.276071,-0.340305,0.123173,-0.230379,-0.006304,0.064201,-0.058892
0.024035,0.095997,0.818226,-0.050218,0.013290,-0.687127,0.724678,0.028605,-0.065788,0.091728,0.118216,0.071927,0.127160,-0.080778,0.080603,-0.185654,0.151051,0.111451,-0.058011,0.086999,0.071059,-0.230514,-0.333084,0.319277,-0.165460,-0.228983,0.013448,0.046886,0.052820,-0.277099,-0.340576,0.124720,-0.230770,-0.005398,0.064090,-0.058928
0.024218,0.095981,0.818196,-0.050540,0.013135,-0.687193,0.724596,0.029607,-0.066031,0.091646,0.118323,0.071726,0.127231,-0.079706,0.080387,-0.185967,0.151073,0.111255,-0.057928,0.086409,0.071286,-0.230498,-0.333892,0.319950,-0.164500,-0.228384,0.013504,0.047208,0.053978,-0.277537,-0.341373,0.123533,-0.229733,-0.005669,0.064307,-0.059763
0.024423,0.096000,0.818170,-0.050826,0.012985,-0.687267,0.724508,0.030366,-0.066074,0.091790,0.118357,0.071480,0.127493,-0.078926,0.080332,-0.186272,0.151031,0.111055,-0.057828,0.085970,0.071495,-0.230302,-0.334199,0.320777,-0.163084,-0.228064,0.013640,0.047494,0.055193,-0.277558,-0.342358,0.121873,-0.228871,-0.006040,0.064388,-0.060530
0.024629,0.095925,0.818146,-0.051096,0.012851,-0.687348,0.724415,0.031077,-0.066116,0.091941,0.118396,0.071231,0.127755,-0.078191,0.080281,-0.186566,0.150988,0.110856,-0.057727,0.085587,0.071709,-0.230165,-0.334688,0.321785,-0.161545,-0.228020,0.013858,0.047850,0.056437,-0.277633,-0.343635,0.120108,-0.228248,-0.006423,0.064494,-0.061314
0.024666,0.095906,0.818147,-0.051414,0.012679,-0.687251,0.724488,0.031959,-0.065867,0.092265,0.118455,0.071071,0.127790,-0.077291,0.080360,-0.186887,0.151056,0.111141,-0.057554,0.085435,0.071738,-0.229874,-0.334361,0.322915,-0.161238,-0.228997,0.013212,0.047884,0.056298,-0.277072,-0.344465,0.119574,-0.229644,-0.005952,0.064714,-0.061911
0.024682,0.095926,0.818141,-0.051648,0.012496,-0.687314,0.724414,0.032644,-0.065773,0.092554,0.118463,0.070895,0.127825,-0.076516,0.080407,-0.187157,0.150979,0.111096,-0.057413,0.085328,0.071766,-0.229493,-0.334414,0.324359,-0.160947,-0.230357,0.012557,0.048086,0.056246,-0.276815,-0.345650,0.119167,-0.231628,-0.005463,0.065232,-0.062673
0.024699,0.095853,0.818136,-0.051868,0.012325,-0.687381,0.724338,0.033290,-0.065680,0.092849,0.118474,0.070720,0.127862,-0.075781,0.080449,-0.187419,0.150912,0.111049,-0.057276,0.085245,0.071792,-0.229152,-0.335104,0.326076,-0.160855,-0.232085,0.011879,0.048422,0.056256,-0.277068,-0.347234,0.119001,-0.233977,-0.004888,0.065929,-0.063554
0.024920,0.095769,0.818127,-0.052081,0.012242,-0.687063,0.724625,0.033706,-0.065685,0.092852,0.118442,0.070590,0.128096,-0.075504,0.080402,-0.187793,0.150810,0.111052,-0.057140,0.085142,0.072134,-0.228824,-0.338806,0.329222,-0.163504,-0.236363,0.012939,0.048885,0.055930,-0.279488,-0.351222,0.120503,-0.238391,-0.005592,0.066696,-0.063363
0.025127,0.095778,0.818117,-0.052269,0.012173,-0.686957,0.724714,0.033915,-0.065772,0.092802,0.118438,0.070477,0.128337,-0.075236,0.080338,-0.188183,0.150748,0.111040,-0.057013,0.084984,0.072379,-0.228461,-0.344244,0.332472,-0.167465,-0.240821,0.014064,0.049676,0.055583,-0.282997,-0.355400,0.122811,-0.243027,-0.006256,0.067811,-0.063261
0.025240,0.095705,0.818106,-0.052448,0.012105,-0.686854,0.724800,0.034092,-0.065860,0.092761,0.118454,0.070362,0.128568,-0.074999,0.080268,-0.188570,0.150704,0.111026,-0.056898,0.084824,0.072552,-0.228097,-0.351210,0.335765,-0.172644,-0.245548,0.015084,0.050631,0.055204,-0.287532,-0.359816,0.125928,-0.247964,-0.006766,0.069104,-0.063215
0.025214,0.095764,0.818084,-0.052558,0.012025,-0.686837,0.724809,0.035088,-0.065730,0.093133,0.118589,0.070200,0.128538,-0.074168,0.080166,-0.188942,0.150752,0.110819,-0.056831,0.084511,0.072880,-0.228197,-0.355004,0.342306,-0.174844,-0.248258,0.015058,0.051658,0.056507,-0.290448,-0.366427,0.125960,-0.250640,-0.007918,0.070112,-0.064370
0.025286,0.095737,0.818073,-0.052700,0.011888,-0.686822,0.724815,0.035583,-0.065736,0.093266,0.118610,0.070009,0.128533,-0.073865,0.080255,-0.189177,0.150685,0.110599,-0.056767,0.084347,0.073316,-0.228288,-0.359227,0.349695,-0.177088,-0.252496,0.014809,0.052443,0.057653,-0.293703,-0.374137,0.126158,-0.254560,-0.008809,0.071264,-0.065555
0.025276,0.095609,0.818064,-0.052806,0.011793,-0.686812,0.724818,0.035978,-0.065739,0.093404,0.118632,0.069809,0.128534,-0.073662,0.080345,-0.189409,0.150611,0.110385,-0.056697,0.084240,0.073800,-0.228510,-0.365670,0.358453,-0.180679,-0.258672,0.014607,0.053511,0.058624,-0.298709,-0.383756,0.127439,-0.260340,-0.009652,0.072892,-0.066787
0.025415,0.095766,0.818046,-0.052859,0.011940,-0.686865,0.724762,0.035866,-0.065511,0.093648,0.118643,0.069645,0.128686,-0.072994,0.080176,-0.188938,0.150632,0.110441,-0.056429,0.083953,0.073949,-0.228619,-0.377151,0.372143,-0.184148,-0.267853,0.016648,0.055161,0.061312,-0.306711,-0.396969,0.129770,-0.269415,-0.010646,0.075236,-0.069209
0.025535,0.095820,0.818027,-0.052914,0.012049,-0.686954,0.724672,0.035729,-0.065390,0.093965,0.118654,0.069446,0.128814,-0.073069,0.080291,-0.188792,0.150556,0.110565,-0.056212,0.083696,0.074363,-0.228693,-0.394201,0.390725,-0.190605,-0.281142,0.019018,0.057569,0.064677,-0.319236,-0.415364,0.134266,-0.282605,-0.011770,0.078657,-0.072384
0.025656,0.095870,0.818009,-0.052947,0.012183,-0.687046,0.724579,0.035519,-0.065263,0.094287,0.118671,0.069248,0.128941,-0.073228,0.080405,-0.188646,0.150502,0.110683,-0.055993,0.083440,0.074792,-0.228833,-0.419080,0.416618,-0.200948,-0.300071,0.021813,0.061127,0.069109,-0.338016,-0.441641,0.141579,-0.301465,-0.013164,0.083673,-0.076751
0.025382,0.096061,0.817978,-0.052968,0.011961,-0.687163,0.724471,0.035419,-0.065044,0.094288,0.118947,0.069057,0.128613,-0.073402,0.080513,-0.188936,0.150682,0.110684,-0.056328,0.082813,0.074249,-0.229219,-0.442069,0.460158,-0.203134,-0.321317,0.024897,0.066484,0.080720,-0.356848,-0.483071,0.140868,-0.325510,-0.016551,0.089806,-0.086702
0.025140,0.096169,0.817956,-0.052954,0.011877,-0.687183,0.724454,0.035267,-0.064818,0.094262,0.119137,0.068820,0.128308,-0.073426,0.080537,-0.189367,0.150848,0.110582,-0.056600,0.082267,0.073861,-0.229661,-0.471405,0.517791,-0.204960,-0.353404,0.028648,0.072797,0.094892,-0.380599,-0.539204,0.139118,-0.360598,-0.020716,0.097722,-0.099102
0.024821,0.096235,0.817941,-0.052916,0.011835,-0.687199,0.724443,0.035094,-0.064585,0.094209,0.119271,0.068564,0.128007,-0.073460,0.080578,-0.189806,0.150949,0.110463,-0.056855,0.081902,0.073559,-0.230278,-0.509773,0.591180,-0.208084,-0.396935,0.033609,0.081167,0.111806,-0.411370,-0.611849,0.137309,-0.407429,-0.025977,0.108444,-0.114376
0.024777,0.096543,0.817880,-0.053036,0.011529,-0.687392,0.724256,0.035144,-0.064713,0.094539,0.119812,0.068637,0.127962,-0.073681,0.080757,-0.189818,0.151432,0.110515,-0.056972,0.079980,0.073848,-0.230618,-0.535264,0.694735,-0.202094,-0.443625,0.037792,0.091374,0.136922,-0.435073,-0.707190,0.117285,-0.454982,-0.033841,0.121757,-0.142473
0.024661,0.096252,0.817837,-0.053155,0.011335,-0.687700,0.723958,0.034522,-0.064323,0.095053,0.123356,0.066157,0.127622,-0.074510,0.080717,-0.189682,0.155492,0.107750,-0.057100,0.078846,0.074127,-0.230260,-0.531675,0.814313,-0.162436,-0.511887,0.044593,0.100211,0.164518,-0.429764,-0.817343,0.063272,-0.522150,-0.044194,0.132864,-0.173198
0.024635,0.096576,0.817847,-0.052874,0.011394,-0.687755,0.723925,0.034656,-0.064791,0.094887,0.120826,0.068192,0.127668,-0.074146,0.080551,-0.190014,0.152837,0.109601,-0.057140,0.077936,0.073620,-0.233120,-0.560847,0.935430,-0.150033,-0.570980,0.050341,0.113683,0.193091,-0.452761,-0.933904,0.033514,-0.585004,-0.054132,0.150157,-0.205231
0.024549,0.096786,0.817814,-0.053269,0.010900,-0.687799,0.723862,0.034299,-0.064637,0.095099,0.124003,0.066541,0.127503,-0.075089,0.080360,-0.189922,0.156241,0.107850,-0.057245,0.076759,0.073070,-0.233681,-0.538829,1.054655,-0.090784,-0.633713,0.054979,0.124190,0.229705,-0.423536,-1.047099,-0.041371,-0.647233,-0.062578,0.162703,-0.246891
0.024554,0.097113,0.817826,-0.053274,0.010743,-0.687676,0.723980,0.033929,-0.064932,0.094984,0.124371,0.066819,0.127559,-0.075454,0.080004,-0.190208,0.156891,0.107846,-0.057206,0.076625,0.072364,-0.235607,-0.506886,1.161215,-0.024248,-0.691403,0.059856,0.135131,0.263519,-0.383718,-1.150961,-0.123706,-0.706318,-0.071101,0.175314,-0.286509
0.024570,0.097316,0.817852,-0.053237,0.010659,-0.687562,0.724093,0.033588,-0.065208,0.094863,0.124403,0.067248,0.127615,-0.075706,0.079728,-0.190467,0.157015,0.108100,-0.057154,0.077150,0.071602,-0.237572,-0.459271,1.250174,0.051951,-0.741011,0.065058,0.144492,0.294469,-0.329666,-1.237801,-0.214588,-0.757975,-0.080119,0.185756,-0.323260
0.025428,0.097058,0.817750,-0.052919,0.011406,-0.687620,0.724050,0.032582,-0.065780,0.095140,0.123860,0.066686,0.128984,-0.077002,0.078986,-0.190174,0.156563,0.107555,-0.056571,0.076269,0.073639,-0.237608,-0.419459,1.321450,0.125722,-0.793914,0.073419,0.152312,0.321349,-0.278834,-1.310810,-0.300776,-0.808301,-0.089336,0.194997,-0.354528
0.026254,0.097421,0.817630,-0.052676,0.011863,-0.687568,0.724110,0.032459,-0.066887,0.095130,0.120587,0.068561,0.130525,-0.076965,0.078285,-0.190288,0.152932,0.109536,-0.056081,0.074024,0.075084,-0.239269,-0.400468,1.376139,0.170552,-0.822280,0.078830,0.161011,0.345057,-0.250261,-1.365969,-0.356885,-0.835755,-0.097076,0.204995,-0.381257
0.026951,0.097013,0.817463,-0.052690,0.012239,-0.687819,0.723864,0.031424,-0.067024,0.095845,0.123163,0.065840,0.131579,-0.078242,0.077897,-0.189830,0.155650,0.106910,-0.055736,0.073525,0.075960,-0.238004,-0.337850,1.411410,0.250530,-0.851078,0.086760,0.164145,0.367506,-0.178005,-1.398673,-0.449106,-0.860972,-0.106246,0.206781,-0.407449
0.027145,0.097145,0.817547,-0.052213,0.012876,-0.687751,0.723952,0.030819,-0.067593,0.095461,0.119763,0.067560,0.132071,-0.078756,0.077939,-0.190430,0.152191,0.109118,-0.055375,0.071668,0.078847,-0.236360,-0.313966,1.433042,0.290783,-0.866512,0.086228,0.167565,0.384842,-0.146540,-1.419755,-0.500924,-0.875167,-0.107203,0.210301,-0.425739
0.027243,0.097131,0.817494,-0.052099,0.013175,-0.687830,0.723880,0.030573,-0.067588,0.095399,0.118817,0.067473,0.132307,-0.078931,0.078205,-0.190811,0.150985,0.109582,-0.055110,0.070105,0.081209,-0.234449,-0.288946,1.446401,0.326941,-0.873580,0.086173,0.169625,0.401137,-0.113867,-1.430554,-0.549140,-0.880617,-0.108701,0.211765,-0.442438
0.027213,0.097155,0.817422,-0.052081,0.013334,-0.687918,0.723794,0.030392,-0.067555,0.095394,0.118447,0.067077,0.132499,-0.079108,0.078417,-0.191182,0.150477,0.109678,-0.054896,0.068568,0.083179,-0.232616,-0.264341,1.454419,0.359576,-0.874712,0.085790,0.170800,0.416675,-0.080963,-1.434926,-0.594523,-0.880367,-0.110111,0.211925,-0.458051
0.027561,0.097272,0.817374,-0.052186,0.013548,-0.688043,0.723664,0.030318,-0.067062,0.095904,0.118006,0.066440,0.133523,-0.079420,0.078472,-0.191070,0.150010,0.109646,-0.054190,0.066951,0.085626,-0.228394,-0.257399,1.454798,0.378896,-0.889828,0.083221,0.167654,0.427434,-0.063031,-1.433885,-0.623999,-0.889611,-0.105911,0.207841,-0.470589
0.027862,0.097447,0.817306,-0.052507,0.013531,-0.688178,0.723513,0.030663,-0.066921,0.096429,0.117736,0.065854,0.134224,-0.079312,0.078576,-0.190941,0.149694,0.109666,-0.053569,0.065260,0.087894,-0.224502,-0.259433,1.453334,0.388011,-0.902213,0.082016,0.166687,0.435743,-0.053851,-1.431234,-0.643474,-0.895538,-0.102666,0.205107,-0.481073
0.028056,0.097786,0.817140,-0.052935,0.013374,-0.688305,0.723364,0.031266,-0.066795,0.096964,0.117523,0.065302,0.134912,-0.078959,0.078654,-0.190820,0.149463,0.109700,-0.052974,0.063435,0.089993,-0.221231,-0.268429,1.451562,0.389131,-0.911607,0.081615,0.166604,0.443162,-0.051171,-1.428403,-0.655345,-0.898415,-0.100350,0.202906,-0.490607
0.028166,0.098190,0.817035,-0.053207,0.013333,-0.688460,0.723197,0.031428,-0.066632,0.097020,0.117160,0.064141,0.135667,-0.078445,0.079161,-0.191511,0.149327,0.110095,-0.052923,0.062405,0.091779,-0.218630,-0.282261,1.454799,0.383795,-0.918444,0.081567,0.167161,0.446404,-0.052127,-1.433518,-0.660129,-0.905175,-0.099732,0.200392,-0.492329
0.028283,0.098617,0.816827,-0.053483,0.013265,-0.688600,0.723045,0.031454,-0.066542,0.096933,0.116925,0.062964,0.136452,-0.078434,0.079434,-0.191875,0.149062,0.110153,-0.052469,0.061258,0.093771,-0.216656,-0.300513,1.458075,0.373730,-0.923122,0.081657,0.167647,0.448993,-0.056998,-1.438895,-0.660641,-0.910846,-0.100046,0.198611,-0.492401
0.028309,0.099077,0.816702,-0.053746,0.013200,-0.688740,0.722893,0.031371,-0.066461,0.096855,0.116761,0.061800,0.137243,-0.078544,0.079683,-0.192246,0.148896,0.110209,-0.052027,0.060092,0.095706,-0.215121,-0.322190,1.461390,0.360017,-0.926395,0.081974,0.168003,0.451334,-0.064671,-1.444399,-0.658057,-0.915623,-0.100951,0.197110,-0.491889
0.028335,0.099745,0.816661,-0.054118,0.012623,-0.688666,0.722946,0.031609,-0.066413,0.097856,0.117245,0.063426,0.136589,-0.077963,0.079257,-0.191749,0.148844,0.109816,-0.052364,0.060972,0.095893,-0.213580,-0.340455,1.461935,0.342944,-0.927140,0.083326,0.168771,0.447842,-0.070220,-1.443548,-0.650104,-0.919527,-0.100727,0.195629,-0.487076
0.028295,0.100449,0.816642,-0.054539,0.012171,-0.688706,0.722885,0.032030,-0.066336,0.098070,0.117144,0.063487,0.136735,-0.077539,0.079338,-0.191612,0.148935,0.109971,-0.052324,0.061598,0.096014,-0.212513,-0.358901,1.462430,0.325263,-0.927873,0.085418,0.169458,0.443200,-0.076777,-1.441458,-0.640717,-0.924083,-0.101224,0.194407,-0.481140
0.028154,0.101060,0.816538,-0.054944,0.011732,-0.688740,0.722828,0.032391,-0.066243,0.098265,0.117088,0.063528,0.136859,-0.077129,0.079439,-0.191496,0.148986,0.110137,-0.052309,0.062008,0.096043,-0.211609,-0.377511,1.462892,0.307287,-0.928526,0.087764,0.170189,0.438274,-0.084211,-1.438953,-0.630314,-0.928832,-0.102143,0.193415,-0.474771
0.028059,0.101331,0.816362,-0.055339,0.011203,-0.688793,0.722756,0.033865,-0.066396,0.098399,0.117074,0.062423,0.137137,-0.076103,0.079353,-0.191627,0.149024,0.109610,-0.052222,0.062071,0.094973,-0.212574,-0.397106,1.464222,0.293414,-0.926971,0.089980,0.171350,0.438339,-0.091847,-1.440229,-0.622722,-0.929113,-0.104380,0.193946,-0.473266
0.028000,0.101514,0.816187,-0.055770,0.010662,-0.688853,0.722673,0.035137,-0.066494,0.098432,0.117074,0.061317,0.137462,-0.074958,0.079362,-0.191475,0.149115,0.108494,-0.052125,0.062304,0.094304,-0.213169,-0.415941,1.465681,0.280412,-0.925182,0.091526,0.172093,0.439557,-0.099097,-1.442722,-0.615604,-0.928260,-0.105907,0.193945,-0.473210
0.027960,0.101782,0.816009,-0.056224,0.010114,-0.688919,0.722584,0.036450,-0.066590,0.098485,0.117105,0.060177,0.137810,-0.073792,0.079374,-0.191302,0.149261,0.107349,-0.052004,0.062578,0.093796,-0.213654,-0.434218,1.467031,0.268032,-0.923387,0.092800,0.172614,0.441100,-0.106190,-1.445669,-0.608723,-0.927003,-0.107009,0.193579,-0.473664
0.028096,0.101891,0.815842,-0.056520,0.009897,-0.688995,0.722492,0.037198,-0.066709,0.098636,0.117101,0.058798,0.139298,-0.073142,0.078947,-0.191936,0.149540,0.106510,-0.052443,0.063362,0.093545,-0.213053,-0.446875,1.470663,0.256981,-0.920165,0.096370,0.173743,0.440238,-0.108697,-1.447124,-0.603389,-0.926201,-0.109717,0.193026,-0.471694
0.028213,0.101872,0.815672,-0.056713,0.009753,-0.689072,0.722405,0.037758,-0.066915,0.098711,0.117135,0.057485,0.140738,-0.072604,0.078510,-0.192630,0.149759,0.105291,-0.052827,0.063907,0.092885,-0.212529,-0.457296,1.474234,0.248107,-0.917554,0.100227,0.174672,0.439247,-0.109331,-1.447865,-0.599907,-0.926544,-0.112768,0.192440,-0.469334
0.028325,0.101923,0.815505,-0.056864,0.009645,-0.689142,0.722327,0.038219,-0.067132,0.098759,0.117157,0.056173,0.142172,-0.072180,0.078059,-0.193346,0.150005,0.104038,-0.053215,0.064401,0.092204,-0.211951,-0.466088,1.477729,0.240913,-0.915577,0.104075,0.175551,0.438261,-0.108675,-1.448268,-0.597801,-0.927613,-0.115834,0.191915,-0.466901
0.028093,0.102196,0.815446,-0.057026,0.009111,-0.689181,0.722284,0.038633,-0.067104,0.098374,0.117477,0.057618,0.138426,-0.072046,0.078756,-0.192747,0.150126,0.105097,-0.052641,0.064378,0.091542,-0.211596,-0.473012,1.478970,0.233273,-0.913896,0.104957,0.176166,0.437612,-0.108517,-1.447987,-0.597213,-0.925592,-0.116756,0.192609,-0.466379
0.027938,0.102457,0.815413,-0.057193,0.008785,-0.689281,0.722179,0.039181,-0.067094,0.097827,0.117487,0.057980,0.137489,-0.071502,0.078837,-0.192900,0.150102,0.105354,-0.052679,0.064538,0.090902,-0.211166,-0.479267,1.480117,0.226330,-0.912461,0.105473,0.176820,0.437052,-0.108102,-1.448205,-0.597025,-0.923085,-0.117026,0.193074,-0.466421
0.027708,0.102801,0.815378,-0.057381,0.008446,-0.689369,0.722084,0.039772,-0.067095,0.097259,0.117528,0.058314,0.136573,-0.070909,0.078902,-0.193070,0.150113,0.105577,-0.052691,0.064691,0.090369,-0.210655,-0.484979,1.481162,0.219962,-0.911217,0.105899,0.177500,0.436533,-0.107498,-1.448679,-0.597082,-0.920399,-0.117032,0.193358,-0.466689
0.027356,0.103035,0.815418,-0.057513,0.008104,-0.689413,0.722036,0.039949,-0.066839,0.098481,0.117370,0.057643,0.136964,-0.070730,0.079124,-0.193249,0.149936,0.104891,-0.052936,0.065404,0.089659,-0.210255,-0.491826,1.479625,0.215777,-0.909857,0.106800,0.177665,0.438486,-0.107958,-1.447948,-0.597470,-0.920814,-0.118534,0.193059,-0.467840
0.026934,0.103290,0.815375,-0.057566,0.007890,-0.689594,0.721861,0.040098,-0.066634,0.098342,0.117390,0.057428,0.135475,-0.070661,0.079431,-0.193939,0.149957,0.104766,-0.053095,0.066160,0.089224,-0.209651,-0.498265,1.477941,0.212222,-0.908510,0.107752,0.177772,0.440655,-0.108392,-1.447039,-0.597905,-0.921920,-0.120584,0.193163,-0.468731
0.026510,0.103546,0.815334,-0.057610,0.007691,-0.689756,0.721705,0.040197,-0.066426,0.098152,0.117415,0.057228,0.133985,-0.070615,0.079733,-0.194686,0.149958,0.104649,-0.053253,0.066821,0.088822,-0.209034,-0.504250,1.476243,0.209147,-0.907252,0.108705,0.177861,0.442847,-0.108802,-1.446018,-0.598379,-0.923305,-0.122797,0.193479,-0.469499
0.026646,0.103570,0.815468,-0.057678,0.007544,-0.689696,0.721759,0.040215,-0.066207,0.098932,0.117502,0.057286,0.136790,-0.070574,0.079429,-0.194695,0.150085,0.105076,-0.053233,0.067320,0.087928,-0.208706,-0.507449,1.476410,0.207516,-0.906076,0.111855,0.178362,0.442690,-0.106976,-1.444882,-0.599812,-0.924195,-0.125770,0.193930,-0.469364
0.026690,0.103593,0.815450,-0.057679,0.007564,-0.689681,0.721772,0.040170,-0.066326,0.099262,0.117514,0.057235,0.136721,-0.070627,0.079363,-0.194487,0.150121,0.104976,-0.053256,0.067777,0.087094,-0.208426,-0.509301,1.476415,0.207309,-0.905424,0.115370,0.178872,0.442231,-0.104335,-1.443583,-0.602149,-0.925441,-0.128801,0.194289,-0.469209
0.026822,0.103604,0.815433,-0.057660,0.007609,-0.689664,0.721790,0.040067,-0.066441,0.099582,0.117532,0.057175,0.136649,-0.070743,0.079298,-0.194296,0.150178,0.104854,-0.053284,0.068229,0.086313,-0.208129,-0.510026,1.476282,0.208247,-0.905209,0.118973,0.179417,0.441662,-0.101102,-1.442218,-0.605126,-0.926963,-0.131787,0.194624,-0.469072
0.026904,0.103867,0.815391,-0.057915,0.007524,-0.689707,0.721729,0.040362,-0.066224,0.098982,0.117616,0.057563,0.137735,-0.070568,0.079420,-0.194385,0.150436,0.105878,-0.053568,0.068094,0.086339,-0.208365,-0.510799,1.475534,0.209502,-0.903943,0.120656,0.180061,0.443862,-0.098456,-1.440406,-0.608896,-0.926974,-0.134475,0.195158,-0.471258
0.026995,0.104132,0.815438,-0.058198,0.007426,-0.689725,0.721691,0.040728,-0.066115,0.098753,0.117687,0.058078,0.138407,-0.070245,0.079546,-0.194536,0.150542,0.106966,-0.053836,0.067885,0.086529,-0.208386,-0.511430,1.474958,0.210824,-0.902396,0.121782,0.180543,0.446742,-0.095792,-1.438975,-0.612649,-0.926658,-0.136891,0.195478,-0.474028
0.027091,0.104397,0.815484,-0.058503,0.007313,-0.689742,0.721650,0.041163,-0.066004,0.098526,0.117741,0.058594,0.139085,-0.069838,0.079686,-0.194676,0.150590,0.108078,-0.054098,0.067671,0.086767,-0.208343,-0.511985,1.474468,0.212243,-0.900729,0.122726,0.180916,0.449828,-0.093169,-1.437696,-0.616370,-0.926172,-0.139172,0.195678,-0.476990
0.026687,0.104599,0.815610,-0.058362,0.006917,-0.689547,0.721853,0.040813,-0.066212,0.098189,0.117733,0.058968,0.136280,-0.069836,0.079233,-0.195326,0.150205,0.107873,-0.053738,0.068664,0.085011,-0.208174,-0.510317,1.474172,0.213867,-0.898162,0.122816,0.181229,0.452696,-0.090713,-1.438879,-0.621404,-0.923311,-0.141083,0.196011,-0.479936
0.026358,0.104816,0.815589,-0.058261,0.006776,-0.689535,0.721873,0.040504,-0.066077,0.098186,0.117679,0.059247,0.135819,-0.070172,0.079191,-0.196323,0.150238,0.108563,-0.053730,0.069666,0.083679,-0.208191,-0.508134,1.473767,0.216423,-0.895620,0.122677,0.181284,0.455719,-0.088122,-1.440561,-0.626689,-0.919740,-0.142505,0.195998,-0.483161
0.026051,0.105034,0.815655,-0.058136,0.006681,-0.689546,0.721874,0.040078,-0.065929,0.098245,0.117644,0.059520,0.135387,-0.070626,0.079169,-0.197265,0.150262,0.109287,-0.053700,0.070745,0.082520,-0.208288,-0.505352,1.473235,0.219618,-0.893173,0.122455,0.181256,0.458778,-0.085496,-1.442572,-0.632072,-0.915886,-0.143695,0.195742,-0.486565
0.025990,0.105312,0.815761,-0.058116,0.006829,-0.689562,0.721859,0.039644,-0.065631,0.098414,0.117607,0.060202,0.135045,-0.071197,0.079517,-0.196885,0.150191,0.109114,-0.053925,0.070497,0.083046,-0.207744,-0.501948,1.472098,0.221143,-0.890645,0.120144,0.181334,0.461814,-0.082725,-1.441375,-0.637048,-0.909097,-0.142677,0.195619,-0.491639
0.025831,0.105661,0.815840,-0.058077,0.006872,-0.689595,0.721830,0.039299,-0.065485,0.098650,0.117590,0.060909,0.134710,-0.071781,0.079605,-0.197074,0.150219,0.110000,-0.053836,0.070160,0.083125,-0.207321,-0.498883,1.471239,0.222436,-0.887997,0.117495,0.181507,0.464946,-0.080092,-1.440317,-0.641894,-0.901930,-0.141147,0.195137,-0.497101
0.025755,0.105924,0.815919,-0.058029,0.006918,-0.689619,0.721811,0.038941,-0.065354,0.098861,0.117551,0.061642,0.134371,-0.072352,0.079684,-0.197286,0.150185,0.110919,-0.053748,0.069772,0.083140,-0.206914,-0.496089,1.470504,0.223476,-0.885251,0.114742,0.181691,0.468128,-0.077576,-1.439331,-0.646646,-0.894518,-0.139442,0.194470,-0.502697
0.025630,0.106139,0.815902,-0.057769,0.006890,-0.689726,0.721730,0.037793,-0.065430,0.099112,0.117422,0.061728,0.134123,-0.072778,0.079376,-0.197909,0.150072,0.111179,-0.054148,0.070384,0.082382,-0.206710,-0.494681,1.469411,0.227343,-0.884729,0.115138,0.181628,0.472232,-0.073629,-1.440181,-0.650337,-0.892569,-0.139758,0.192570,-0.505981
0.025416,0.106395,0.815974,-0.057546,0.006918,-0.689815,0.721662,0.037004,-0.065504,0.099355,0.117438,0.061766,0.133868,-0.073524,0.079170,-0.198319,0.150075,0.111567,-0.054103,0.070987,0.081605,-0.206711,-0.492645,1.467693,0.231962,-0.884819,0.116215,0.181750,0.476167,-0.069324,-1.440663,-0.654463,-0.891726,-0.140869,0.191205,-0.508498
0.025293,0.106647,0.815959,-0.057311,0.006961,-0.689910,0.721590,0.036184,-0.065575,0.099614,0.117438,0.061810,0.133620,-0.074316,0.078965,-0.198715,0.150101,0.111946,-0.054055,0.071624,0.080881,-0.206712,-0.489985,1.465757,0.237177,-0.885295,0.117515,0.182015,0.479963,-0.064686,-1.440930,-0.658920,-0.891400,-0.142263,0.190165,-0.510723
0.025018,0.106638,0.815940,-0.057193,0.007171,-0.690050,0.721463,0.035653,-0.065079,0.099567,0.117482,0.062742,0.133101,-0.075118,0.079679,-0.199338,0.150203,0.112384,-0.054389,0.071774,0.081543,-0.206473,-0.486939,1.465155,0.241575,-0.884787,0.119421,0.182820,0.481865,-0.060574,-1.441325,-0.663523,-0.891709,-0.144148,0.189409,-0.512386
0.024743,0.106654,0.816008,-0.057066,0.007286,-0.690173,0.721354,0.035293,-0.064799,0.099498,0.117426,0.062565,0.132773,-0.075572,0.080049,-0.199865,0.150163,0.112669,-0.054601,0.071762,0.081923,-0.206296,-0.484234,1.464585,0.245775,-0.884041,0.121439,0.183624,0.483431,-0.056726,-1.441526,-0.667726,-0.892269,-0.146135,0.188834,-0.513892
0.024461,0.106755,0.815988,-0.056966,0.007369,-0.690288,0.721251,0.034998,-0.064515,0.099413,0.117433,0.062345,0.132435,-0.075919,0.080424,-0.200406,0.150102,0.112947,-0.054820,0.071679,0.082254,-0.206054,-0.481747,1.464087,0.249742,-0.883195,0.123490,0.184416,0.484916,-0.053112,-1.441614,-0.671664,-0.892891,-0.148211,0.188364,-0.515316
0.024509,0.106972,0.815904,-0.056931,0.007474,-0.690234,0.721304,0.034403,-0.064065,0.099447,0.117383,0.062037,0.132580,-0.076557,0.080455,-0.199849,0.150081,0.112982,-0.054243,0.072141,0.082286,-0.205520,-0.479251,1.461580,0.253369,-0.882995,0.125244,0.185046,0.486282,-0.050672,-1.439972,-0.675488,-0.892907,-0.150315,0.188046,-0.516887
0.024455,0.107284,0.815805,-0.056871,0.007575,-0.690217,0.721325,0.033885,-0.063957,0.099646,0.117358,0.061699,0.132749,-0.077301,0.080473,-0.200083,0.150127,0.113471,-0.054159,0.072543,0.082124,-0.204983,-0.476666,1.458780,0.257008,-0.882972,0.127127,0.185784,0.487463,-0.048500,-1.438217,-0.679060,-0.892914,-0.152605,0.187784,-0.518292
0.024397,0.107600,0.815706,-0.056800,0.007682,-0.690190,0.721354,0.033341,-0.063862,0.099823,0.117327,0.061379,0.132917,-0.078062,0.080478,-0.200344,0.150167,0.113968,-0.054073,0.072891,0.081952,-0.204466,-0.474002,1.455937,0.260704,-0.883055,0.129092,0.186604,0.488557,-0.046544,-1.436435,-0.682419,-0.892907,-0.154967,0.187544,-0.519630
0.024669,0.107802,0.815711,-0.056903,0.007828,-0.690297,0.721242,0.032505,-0.063939,0.100704,0.117235,0.061659,0.134187,-0.078511,0.080487,-0.199759,0.150072,0.113676,-0.053990,0.073026,0.082820,-0.203543,-0.473711,1.455982,0.261777,-0.883841,0.128987,0.187286,0.489022,-0.046368,-1.437785,-0.683182,-0.893159,-0.154482,0.187216,-0.520771
0.025037,0.108024,0.815694,-0.057008,0.007967,-0.690423,0.721112,0.032173,-0.064051,0.101630,0.117159,0.061897,0.135474,-0.079063,0.080344,-0.199355,0.150143,0.114422,-0.053761,0.073100,0.083616,-0.202769,-0.475255,1.456439,0.261126,-0.883729,0.128339,0.188086,0.489603,-0.047896,-1.439675,-0.682375,-0.892482,-0.153355,0.186922,-0.522101
0.025399,0.108261,0.815589,-0.057128,0.008085,-0.690550,0.720980,0.031893,-0.064164,0.102560,0.117056,0.062164,0.136757,-0.079556,0.080209,-0.198947,0.150169,0.115206,-0.053542,0.073101,0.084328,-0.202068,-0.478209,1.457185,0.259032,-0.882966,0.127553,0.188860,0.490268,-0.050657,-1.441782,-0.680295,-0.891174,-0.152121,0.186552,-0.523490
0.025138,0.108336,0.815534,-0.056991,0.008021,-0.690707,0.720840,0.031935,-0.063704,0.101272,0.116778,0.059839,0.133518,-0.079404,0.080646,-0.200124,0.149842,0.113454,-0.053980,0.072766,0.084306,-0.202507,-0.479543,1.454459,0.257960,-0.878953,0.126207,0.189504,0.493560,-0.053261,-1.439501,-0.680844,-0.883936,-0.152629,0.186933,-0.527722
0.024899,0.108360,0.815419,-0.057011,0.008081,-0.690795,0.720754,0.031951,-0.062960,0.100583,0.116721,0.057689,0.132621,-0.079591,0.081216,-0.201032,0.149929,0.112735,-0.054113,0.072154,0.084524,-0.202590,-0.480171,1.451945,0.257436,-0.874918,0.124625,0.189623,0.497393,-0.054898,-1.437311,-0.682116,-0.876199,-0.153186,0.186547,-0.532670
0.024586,0.108386,0.815302,-0.057026,0.008158,-0.690895,0.720656,0.031920,-0.062206,0.099929,0.116690,0.055526,0.131744,-0.079810,0.081796,-0.201906,0.149998,0.112046,-0.054229,0.071630,0.084822,-0.202630,-0.480347,1.449412,0.257429,-0.870912,0.122902,0.189541,0.501419,-0.055953,-1.435270,-0.684001,-0.868317,-0.153602,0.185801,-0.537901
0.024349,0.108201,0.815340,-0.056771,0.007912,-0.690936,0.720640,0.031499,-0.063313,0.102148,0.117432,0.058670,0.134203,-0.079581,0.080967,-0.201092,0.149781,0.112302,-0.053922,0.070704,0.084526,-0.201473,-0.483078,1.448990,0.253993,-0.866750,0.118524,0.189213,0.504126,-0.058266,-1.438419,-0.683027,-0.859254,-0.151040,0.185330,-0.542156
0.024248,0.108110,0.815171,-0.056641,0.007929,-0.691023,0.720566,0.031533,-0.063385,0.102281,0.117022,0.058261,0.134406,-0.079701,0.080914,-0.201206,0.149635,0.111967,-0.053744,0.070120,0.085032,-0.200460,-0.488374,1.448978,0.248401,-0.861542,0.113539,0.188885,0.506748,-0.062466,-1.442900,-0.680585,-0.848563,-0.147587,0.184766,-0.546578
0.024064,0.108108,0.815084,-0.056578,0.007926,-0.691089,0.720508,0.031588,-0.063381,0.102357,0.116859,0.057705,0.134601,-0.079706,0.080913,-0.201389,0.149554,0.111566,-0.053571,0.069534,0.085623,-0.199528,-0.495546,1.449086,0.240903,-0.855506,0.108397,0.188465,0.509354,-0.067859,-1.447927,-0.676873,-0.836915,-0.143836,0.183973,-0.551090
0.023938,0.108077,0.814986,-0.056550,0.007922,-0.691028,0.720569,0.031633,-0.063035,0.102333,0.116511,0.056279,0.134742,-0.079838,0.081148,-0.202857,0.149307,0.110624,-0.053921,0.068843,0.085651,-0.199055,-0.504235,1.450865,0.231849,-0.845037,0.101385,0.188244,0.513299,-0.074869,-1.454345,-0.674118,-0.812806,-0.137141,0.185200,-0.559159
0.023812,0.108148,0.814920,-0.056507,0.007907,-0.691027,0.720574,0.031542,-0.062987,0.102274,0.116454,0.055715,0.134987,-0.079956,0.081181,-0.203223,0.149263,0.110462,-0.053979,0.068085,0.085530,-0.198457,-0.514920,1.453315,0.220886,-0.833452,0.093300,0.187600,0.518218,-0.082865,-1.463013,-0.670408,-0.785572,-0.128406,0.185167,-0.569091
0.023702,0.108242,0.814761,-0.056470,0.007880,-0.691038,0.720566,0.031459,-0.062961,0.102266,0.116371,0.055187,0.135259,-0.080082,0.081194,-0.203540,0.149208,0.110353,-0.054019,0.067528,0.085429,-0.197964,-0.527311,1.455708,0.208387,-0.820848,0.084883,0.186355,0.523135,-0.091748,-1.472536,-0.665941,-0.756495,-0.118694,0.183839,-0.579338
0.023614,0.108031,0.814679,-0.056311,0.007922,-0.691015,0.720600,0.031449,-0.063235,0.101725,0.115986,0.053686,0.135536,-0.079960,0.081149,-0.203743,0.148683,0.107916,-0.053753,0.068144,0.087052,-0.197471,-0.545747,1.462525,0.191136,-0.800444,0.070191,0.185173,0.529257,-0.104503,-1.492198,-0.657539,-0.724488,-0.104185,0.181533,-0.586142
0.023699,0.107953,0.814462,-0.056266,0.007920,-0.690966,0.720651,0.031556,-0.063484,0.101648,0.115844,0.052799,0.136117,-0.079734,0.081073,-0.203558,0.148553,0.106528,-0.053389,0.069099,0.089328,-0.197025,-0.569495,1.469771,0.169367,-0.776617,0.053157,0.182425,0.536031,-0.120769,-1.514306,-0.646092,-0.689821,-0.087766,0.178326,-0.592459
0.023710,0.107909,0.814324,-0.056265,0.007888,-0.690930,0.720685,0.031725,-0.063721,0.101626,0.115717,0.051924,0.136721,-0.079444,0.081012,-0.203330,0.148410,0.105196,-0.053017,0.070494,0.091676,-0.196585,-0.597711,1.476840,0.143487,-0.750923,0.035398,0.178579,0.542656,-0.139573,-1.537206,-0.632116,-0.653773,-0.070666,0.174332,-0.598341
0.023601,0.107644,0.813843,-0.056010,0.007900,-0.690940,0.720695,0.031962,-0.063928,0.102055,0.114852,0.047747,0.138002,-0.079955,0.080593,-0.203638,0.147585,0.102536,-0.052454,0.073669,0.093923,-0.195281,-0.638440,1.479516,0.111316,-0.720689,0.013084,0.172606,0.550005,-0.167337,-1.563777,-0.614006,-0.611269,-0.047368,0.169729,-0.603120
0.023440,0.107572,0.813407,-0.055883,0.007878,-0.691002,0.720646,0.032103,-0.064189,0.102513,0.114457,0.044393,0.139322,-0.080039,0.080416,-0.203879,0.147125,0.099482,-0.051971,0.078352,0.096331,-0.193813,-0.688011,1.480701,0.071257,-0.687940,-0.010041,0.165781,0.556556,-0.199561,-1.592289,-0.591521,-0.566165,-0.022340,0.164169,-0.607056
0.023356,0.107544,0.812876,-0.055822,0.007777,-0.691062,0.720595,0.032386,-0.064451,0.102979,0.114138,0.041029,0.140641,-0.080008,0.080225,-0.204126,0.146793,0.096391,-0.051507,0.084431,0.098364,-0.192504,-0.745469,1.479714,0.023754,-0.653347,-0.032850,0.158554,0.561787,-0.234344,-1.620970,-0.565864,-0.520151,0.002931,0.157861,-0.609720
0.023532,0.106830,0.812122,-0.056122,0.007157,-0.691214,0.720432,0.033226,-0.065040,0.103337,0.117375,0.033063,0.142244,-0.079714,0.079686,-0.202683,0.150758,0.088054,-0.050588,0.097810,0.099989,-0.192847,-0.843394,1.471225,-0.052252,-0.602536,-0.060012,0.148214,0.571749,-0.290639,-1.662635,-0.526734,-0.454403,0.035616,0.149224,-0.615991
0.023705,0.106650,0.811403,-0.056180,0.006828,-0.691083,0.720556,0.033789,-0.066015,0.103097,0.117718,0.027972,0.144050,-0.079371,0.078956,-0.201872,0.151414,0.082344,-0.049779,0.114918,0.099874,-0.193069,-0.960622,1.454798,-0.143208,-0.545332,-0.087164,0.137509,0.577873,-0.347848,-1.704605,-0.486750,-0.388267,0.068930,0.140706,-0.618946
0.023699,0.106588,0.810607,-0.056269,0.006371,-0.690911,0.720718,0.034755,-0.066931,0.102683,0.117637,0.023166,0.145623,-0.078470,0.078375,-0.201194,0.151350,0.076972,-0.049222,0.136307,0.096329,-0.194578,-1.094221,1.428079,-0.249340,-0.481995,-0.112748,0.127370,0.581219,-0.400053,-1.744498,-0.448662,-0.322644,0.100887,0.132608,-0.618816
0.023241,0.106198,0.809978,-0.056240,0.006018,-0.690894,0.720740,0.035736,-0.067320,0.101226,0.117288,0.018341,0.148455,-0.077718,0.078507,-0.200497,0.150841,0.072142,-0.049513,0.161295,0.086615,-0.197119,-1.248088,1.384456,-0.370190,-0.402703,-0.138623,0.118464,0.581409,-0.444569,-1.788627,-0.416877,-0.229835,0.140479,0.127053,-0.613316
0.022408,0.105698,0.809321,-0.056091,0.005567,-0.690797,0.720849,0.036721,-0.067499,0.100141,0.117105,0.013417,0.149354,-0.076738,0.078802,-0.199894,0.150449,0.066891,-0.050206,0.190819,0.069518,-0.200156,-1.417079,1.324083,-0.503241,-0.309964,-0.164784,0.110375,0.580342,-0.475180,-1.831792,-0.395311,-0.131174,0.180766,0.119445,-0.603082
0.021125,0.105173,0.808663,-0.055660,0.005033,-0.690848,0.720837,0.037531,-0.067414,0.099274,0.116998,0.008344,0.149505,-0.076098,0.079408,-0.199068,0.150282,0.061346,-0.051659,0.220267,0.044094,-0.201836,-1.590927,1.249931,-0.638197,-0.203449,-0.193805,0.102456,0.579426,-0.489850,-1.869902,-0.388048,-0.029407,0.219801,0.112132,-0.588166
0.018989,0.104306,0.807824,-0.054548,0.004364,-0.690987,0.720793,0.038008,-0.067325,0.098801,0.116796,0.001612,0.148719,-0.076002,0.080014,-0.198401,0.150292,0.053284,-0.053523,0.243915,0.013571,-0.199712,-1.750818,1.177674,-0.754317,-0.069647,-0.228601,0.095934,0.579996,-0.486276,-1.905564,-0.396511,0.059221,0.240591,0.104817,-0.567101
0.016825,0.103469,0.806993,-0.053323,0.003772,-0.691221,0.720663,0.038159,-0.067334,0.098285,0.116671,-0.005056,0.148191,-0.076445,0.080483,-0.197893,0.150813,0.045261,-0.055420,0.261959,-0.015572,-0.193212,-1.889671,1.107254,-0.846794,0.065925,-0.267540,0.085755,0.576551,-0.466778,-1.939386,-0.424655,0.144214,0.258485,0.099914,-0.543703
0.014921,0.102763,0.806235,-0.052174,0.003197,-0.691410,0.720569,0.038196,-0.067597,0.097779,0.116572,-0.011573,0.148087,-0.077062,0.080659,-0.197384,0.151551,0.037343,-0.056948,0.276577,-0.039318,-0.183319,-2.004415,1.041912,-0.913006,0.197068,-0.306967,0.074843,0.567860,-0.427847,-1.977998,-0.475012,0.228362,0.275946,0.097047,-0.518250
0.014293,0.102534,0.805645,-0.051036,0.003524,-0.692020,0.720063,0.037583,-0.068009,0.099002,0.113333,-0.013552,0.147444,-0.078065,0.080998,-0.195937,0.148444,0.034409,-0.058097,0.288834,-0.047326,-0.174785,-2.083477,1.000743,-0.955699,0.275883,-0.322571,0.066219,0.553219,-0.375108,-2.026139,-0.528640,0.290369,0.283371,0.098977,-0.492107
0.013807,0.102084,0.805036,-0.050513,0.003506,-0.692947,0.719208,0.037779,-0.068009,0.100301,0.112752,-0.017795,0.148417,-0.078658,0.081716,-0.193415,0.148332,0.030037,-0.059001,0.297504,-0.049691,-0.166455,-2.147586,0.969598,-0.988825,0.344706,-0.334548,0.058790,0.539564,-0.298558,-2.079056,-0.606131,0.356757,0.287175,0.102053,-0.464258
0.013753,0.101706,0.804377,-0.050371,0.003351,-0.693953,0.718248,0.038291,-0.068154,0.102007,0.112864,-0.022409,0.150002,-0.079099,0.082198,-0.190563,0.149144,0.025440,-0.059328,0.301034,-0.043860,-0.159837,-2.198697,0.949200,-1.012915,0.407398,-0.344084,0.052972,0.525890,-0.195018,-2.143065,-0.710286,0.431262,0.288325,0.106653,-0.435502
0.014981,0.101232,0.803876,-0.051308,0.002781,-0.695182,0.716995,0.040110,-0.068384,0.106084,0.116722,-0.027866,0.150079,-0.079139,0.081649,-0.187592,0.155331,0.019413,-0.058264,0.285013,-0.019575,-0.159244,-2.231745,0.962252,-1.035636,0.478593,-0.351590,0.048998,0.512251,-0.012058,-2.230140,-0.898672,0.537663,0.281905,0.110561,-0.412518
0.014866,0.099520,0.803645,-0.051699,0.002774,-0.696197,0.715982,0.043604,-0.067163,0.107632,0.116626,-0.031779,0.149643,-0.076300,0.083411,-0.185616,0.155251,0.015075,-0.058880,0.245907,-0.018868,-0.174225,-2.259568,0.971748,-1.083503,0.541346,-0.351193,0.047329,0.494468,0.188791,-2.251498,-1.103127,0.616879,0.251561,0.104246,-0.402497
0.013386,0.097320,0.803690,-0.049852,0.003560,-0.696471,0.715842,0.043418,-0.066876,0.106672,0.114930,-0.034225,0.147568,-0.076464,0.084246,-0.185818,0.153395,0.010855,-0.061101,0.209797,-0.036421,-0.190987,-2.304017,0.957002,-1.151193,0.607720,-0.352420,0.049201,0.481166,0.338078,-2.251500,-1.257393,0.665372,0.215236,0.101487,-0.399863
0.012721,0.096247,0.803855,-0.048226,0.004753,-0.696546,0.715874,0.042065,-0.066908,0.105520,0.111310,-0.032776,0.146443,-0.077663,0.084999,-0.185985,0.149446,0.011320,-0.063099,0.188576,-0.047914,-0.201421,-2.340669,0.944814,-1.193380,0.657942,-0.355767,0.047359,0.475067,0.398380,-2.251500,-1.320436,0.689934,0.195357,0.101333,-0.404036
0.012185,0.095211,0.803874,-0.047146,0.005597,-0.696677,0.715812,0.040875,-0.066597,0.104697,0.110444,-0.032900,0.145402,-0.078863,0.085636,-0.186124,0.148528,0.010244,-0.064917,0.171529,-0.056745,-0.209195,-2.371762,0.935484,-1.228507,0.701601,-0.358411,0.044792,0.471128,0.437231,-2.251500,-1.361083,0.711589,0.178973,0.101317,-0.408360
0.011791,0.094316,0.803957,-0.046290,0.006292,-0.696828,0.715716,0.039859,-0.066333,0.104029,0.110068,-0.033198,0.144574,-0.079998,0.086145,-0.186181,0.148288,0.008990,-0.066551,0.158298,-0.064140,-0.215287,-2.399463,0.925865,-1.257486,0.742526,-0.360061,0.042838,0.467892,0.459877,-2.251500,-1.384597,0.732110,0.165096,0.101583,-0.412204
0.011479,0.093860,0.804212,-0.045449,0.006725,-0.696974,0.715623,0.038683,-0.066365,0.103877,0.110128,-0.033616,0.143681,-0.081350,0.085970,-0.186432,0.148748,0.010306,-0.067073,0.152628,-0.068449,-0.217534,-2.417098,0.920555,-1.272613,0.755034,-0.361754,0.035498,0.470095,0.477691,-2.251500,-1.402283,0.741631,0.157985,0.101307,-0.414636
0.011198,0.093423,0.804541,-0.044890,0.007095,-0.697153,0.715480,0.037852,-0.066244,0.103540,0.110205,-0.032394,0.142712,-0.082313,0.086062,-0.186590,0.149021,0.011410,-0.067767,0.149165,-0.070992,-0.220089,-2.428502,0.918435,-1.281689,0.760764,-0.361520,0.030268,0.474965,0.490667,-2.251500,-1.413380,0.749186,0.151587,0.102124,-0.417387
0.011080,0.092989,0.804783,-0.044397,0.007467,-0.697348,0.715317,0.037184,-0.066118,0.103253,0.110164,-0.031144,0.141839,-0.083125,0.086180,-0.186689,0.149170,0.012597,-0.068360,0.147165,-0.072835,-0.222781,-2.437133,0.917176,-1.287531,0.763956,-0.360220,0.026122,0.480884,0.499864,-2.251500,-1.419688,0.756070,0.145612,0.103356,-0.420155
0.011061,0.092713,0.804930,-0.043939,0.007649,-0.697553,0.715144,0.036662,-0.066483,0.104206,0.110166,-0.029563,0.141301,-0.083648,0.085985,-0.186678,0.149163,0.013014,-0.068930,0.146508,-0.074046,-0.223486,-2.436728,0.916548,-1.293244,0.767678,-0.358243,0.025127,0.480088,0.508695,-2.251500,-1.422315,0.775178,0.140352,0.107895,-0.418573
0.010958,0.092316,0.805017,-0.043502,0.007777,-0.697736,0.714990,0.036407,-0.066871,0.104836,0.110025,-0.028911,0.140830,-0.083971,0.085722,-0.186716,0.149130,0.013064,-0.069358,0.146793,-0.075359,-0.224343,-2.434822,0.915732,-1.297133,0.770441,-0.355597,0.024755,0.479118,0.516437,-2.251500,-1.423032,0.795200,0.135182,0.111595,-0.416478
0.010962,0.092016,0.805189,-0.043093,0.007890,-0.697923,0.714832,0.036196,-0.067259,0.105484,0.109912,-0.028278,0.140383,-0.084247,0.085456,-0.186740,0.149109,0.013117,-0.069759,0.147660,-0.076549,-0.225166,-2.432055,0.914802,-1.300107,0.772645,-0.352676,0.024673,0.478710,0.523527,-2.251500,-1.422477,0.815197,0.130130,0.115237,-0.414772
0.011138,0.091567,0.805209,-0.042990,0.008114,-0.697812,0.714943,0.036489,-0.067163,0.105093,0.109900,-0.027180,0.141055,-0.084247,0.085099,-0.187397,0.149198,0.013021,-0.069961,0.147483,-0.076483,-0.226898,-2.433383,0.917414,-1.297300,0.774464,-0.350620,0.023628,0.488399,0.526104,-2.251500,-1.426097,0.835170,0.131261,0.118154,-0.420976
0.011312,0.091150,0.805320,-0.042930,0.008257,-0.697644,0.715109,0.036824,-0.067412,0.103983,0.109928,-0.026690,0.141637,-0.083974,0.084814,-0.188049,0.149261,0.012939,-0.070202,0.147168,-0.076284,-0.228294,-2.434854,0.920359,-1.294789,0.775955,-0.348685,0.022476,0.498910,0.528325,-2.251500,-1.429253,0.854907,0.133164,0.121093,-0.428003
0.011486,0.090739,0.805431,-0.042900,0.008376,-0.697464,0.715286,0.037222,-0.067657,0.102850,0.109988,-0.026220,0.142221,-0.083608,0.084530,-0.188730,0.149305,0.012860,-0.070443,0.146841,-0.076034,-0.229552,-2.436361,0.923405,-1.292312,0.777348,-0.346791,0.021355,0.509527,0.530309,-2.251500,-1.432152,0.874600,0.135234,0.124067,-0.435090
0.012223,0.090612,0.805246,-0.043055,0.008601,-0.697956,0.714794,0.037241,-0.068113,0.103513,0.109803,-0.027721,0.142391,-0.083468,0.084377,-0.188407,0.149327,0.012131,-0.069862,0.145589,-0.074588,-0.229882,-2.435858,0.922872,-1.286911,0.777331,-0.346787,0.020155,0.517103,0.532723,-2.251500,-1.434816,0.886687,0.135520,0.124902,-0.442736
0.013084,0.090557,0.805104,-0.043206,0.008787,-0.698476,0.714274,0.037418,-0.068663,0.103946,0.109803,-0.028431,0.144328,-0.083544,0.084013,-0.188053,0.149311,0.011729,-0.069332,0.144803,-0.072953,-0.230431,-2.434584,0.922591,-1.280654,0.776958,-0.346584,0.019115,0.524539,0.535232,-2.251500,-1.437234,0.898262,0.135560,0.126150,-0.450512
0.013954,0.090497,0.805050,-0.043345,0.008990,-0.699002,0.713749,0.037583,-0.069217,0.104386,0.109758,-0.029116,0.146280,-0.083654,0.083652,-0.187686,0.149281,0.011337,-0.068784,0.144136,-0.071262,-0.231102,-2.432999,0.922351,-1.274069,0.776438,-0.346249,0.018127,0.532016,0.537713,-2.251500,-1.439461,0.909714,0.135577,0.127522,-0.458336
0.014603,0.090445,0.804755,-0.043224,0.009205,-0.699608,0.713159,0.037286,-0.070084,0.106126,0.109557,-0.030570,0.145570,-0.084323,0.083104,-0.186972,0.149038,0.009300,-0.068815,0.144460,-0.069665,-0.231840,-2.434086,0.921772,-1.268699,0.782871,-0.347236,0.018198,0.538477,0.540249,-2.251500,-1.442046,0.922408,0.137424,0.129657,-0.463279
0.015242,0.090386,0.804403,-0.043018,0.009427,-0.700225,0.712563,0.036852,-0.070927,0.107378,0.109441,-0.032251,0.147282,-0.085148,0.082484,-0.185897,0.148960,0.007196,-0.068498,0.144666,-0.068297,-0.232484,-2.436290,0.920518,-1.264241,0.790735,-0.348738,0.017685,0.544333,0.542668,-2.251500,-1.444768,0.935297,0.139417,0.131788,-0.467910
0.015963,0.090243,0.804137,-0.042797,0.009652,-0.700841,0.711967,0.036365,-0.071780,0.108627,0.109352,-0.033938,0.148986,-0.086040,0.081847,-0.184825,0.148943,0.005066,-0.068190,0.144766,-0.067004,-0.233058,-2.438975,0.919096,-1.260192,0.799089,-0.350440,0.016925,0.549978,0.545076,-2.251500,-1.447629,0.948253,0.141432,0.133894,-0.472463
0.016231,0.090282,0.803685,-0.042606,0.009823,-0.701206,0.711617,0.035806,-0.072153,0.109237,0.109221,-0.036530,0.149035,-0.086934,0.082032,-0.184057,0.148930,0.002950,-0.067908,0.144474,-0.066734,-0.233332,-2.440344,0.915200,-1.257831,0.813228,-0.353587,0.017555,0.549775,0.548866,-2.251500,-1.449209,0.953064,0.141675,0.134723,-0.473742
0.016510,0.090297,0.803348,-0.042460,0.010035,-0.701587,0.711247,0.035219,-0.072449,0.109771,0.109138,-0.039147,0.150133,-0.087889,0.082063,-0.182962,0.148870,0.000703,-0.067633,0.144019,-0.066331,-0.233785,-2.442175,0.910949,-1.255747,0.828432,-0.356910,0.017771,0.548683,0.552700,-2.251500,-1.450963,0.957392,0.141639,0.136149,-0.474772
0.016788,0.090310,0.802923,-0.042305,0.010256,-0.701969,0.710876,0.034605,-0.072741,0.110308,0.109059,-0.041764,0.151233,-0.088874,0.082098,-0.181864,0.148811,-0.001538,-0.067360,0.143511,-0.065942,-0.234236,-2.444240,0.906602,-1.253854,0.843974,-0.360273,0.017817,0.547363,0.556592,-2.251500,-1.452856,0.961622,0.141551,0.137721,-0.475777
0.016833,0.090105,0.802633,-0.041772,0.010443,-0.702154,0.710722,0.034032,-0.073231,0.110656,0.109125,-0.043961,0.151758,-0.089435,0.081531,-0.182238,0.148695,-0.004354,-0.066117,0.143514,-0.066834,-0.233687,-2.447269,0.899583,-1.249373,0.846541,-0.363816,0.015466,0.548796,0.558502,-2.251500,-1.456219,0.948650,0.142897,0.136350,-0.476897
0.016911,0.089845,0.802346,-0.041374,0.010567,-0.702292,0.710607,0.033624,-0.073641,0.110844,0.109166,-0.045862,0.152271,-0.090020,0.081006,-0.182701,0.148669,-0.007054,-0.064799,0.143312,-0.067154,-0.233109,-2.449319,0.893895,-1.244166,0.847015,-0.366979,0.013986,0.551152,0.559919,-2.251500,-1.459072,0.934256,0.144220,0.136228,-0.478242
0.016914,0.089590,0.801971,-0.040997,0.010683,-0.702423,0.710497,0.033270,-0.074055,0.111014,0.109184,-0.047753,0.152802,-0.090554,0.080480,-0.183180,0.148628,-0.009748,-0.063463,0.143193,-0.067308,-0.232518,-2.450931,0.888593,-1.238544,0.846804,-0.369981,0.012841,0.553782,0.561050,-2.251500,-1.461563,0.919494,0.145549,0.136471,-0.479623
0.017878,0.089479,0.801818,-0.040836,0.011064,-0.702912,0.710018,0.032301,-0.075650,0.111570,0.109086,-0.049326,0.154394,-0.091428,0.079547,-0.182070,0.148612,-0.011396,-0.059544,0.142020,-0.066691,-0.233116,-2.451180,0.886157,-1.238920,0.849325,-0.369789,0.013583,0.552300,0.562386,-2.251500,-1.459642,0.924743,0.141728,0.140541,-0.478936
0.018846,0.089409,0.801555,-0.040621,0.011506,-0.703443,0.709497,0.031447,-0.076732,0.112112,0.109035,-0.050048,0.155758,-0.092579,0.078884,-0.180722,0.148686,-0.012392,-0.057988,0.141028,-0.066395,-0.233874,-2.452235,0.883032,-1.239533,0.852328,-0.369539,0.014413,0.550234,0.562845,-2.251500,-1.457052,0.931623,0.137571,0.142995,-0.477476
0.019899,0.089268,0.801291,-0.040391,0.011957,-0.703980,0.708969,0.030539,-0.077816,0.112673,0.108967,-0.050733,0.157124,-0.093787,0.078220,-0.179355,0.148748,-0.013347,-0.056441,0.140228,-0.066150,-0.234507,-2.453353,0.879622,-1.240173,0.855418,-0.369370,0.015264,0.548457,0.563043,-2.251500,-1.454043,0.938708,0.133509,0.145210,-0.476255
0.019782,0.089100,0.801138,-0.039736,0.012156,-0.704146,0.708839,0.029588,-0.078317,0.113229,0.108836,-0.052844,0.158070,-0.095001,0.077695,-0.178924,0.148539,-0.016314,-0.055766,0.140785,-0.066892,-0.234961,-2.452863,0.875010,-1.240040,0.865861,-0.370448,0.017279,0.544529,0.562099,-2.251500,-1.452373,0.942547,0.130141,0.146594,-0.475623
0.019752,0.088841,0.800862,-0.039116,0.012355,-0.704318,0.708699,0.028586,-0.078969,0.113109,0.108843,-0.054053,0.158270,-0.096122,0.077182,-0.179077,0.148530,-0.018580,-0.055424,0.141504,-0.067671,-0.235548,-2.452642,0.869823,-1.239970,0.877405,-0.371598,0.018746,0.540030,0.561210,-2.251500,-1.450657,0.946217,0.126815,0.148211,-0.475082
0.019635,0.088670,0.800674,-0.038490,0.012559,-0.704482,0.708566,0.027577,-0.079629,0.112964,0.108817,-0.055240,0.158471,-0.097247,0.076667,-0.179248,0.148496,-0.020835,-0.055084,0.142196,-0.068480,-0.236148,-2.452542,0.864469,-1.239974,0.889283,-0.372728,0.020010,0.535366,0.560326,-2.251500,-1.448944,0.949886,0.123492,0.149881,-0.474568
0.020089,0.088711,0.800556,-0.038276,0.012728,-0.704798,0.708260,0.026930,-0.080153,0.113210,0.108875,-0.055950,0.158988,-0.098440,0.076109,-0.178591,0.149354,-0.021628,-0.053569,0.143227,-0.068767,-0.235985,-2.452745,0.860207,-1.240399,0.889111,-0.372628,0.018990,0.532195,0.560820,-2.251500,-1.448272,0.951540,0.122107,0.151017,-0.472560
0.020442,0.088771,0.800515,-0.038124,0.012859,-0.705040,0.708025,0.026464,-0.080654,0.113234,0.108911,-0.055967,0.159224,-0.099440,0.075672,-0.177910,0.150233,-0.022389,-0.052150,0.144134,-0.068750,-0.235858,-2.452253,0.857041,-1.240581,0.886999,-0.372186,0.018751,0.529642,0.561828,-2.251500,-1.448220,0.952922,0.120759,0.152191,-0.470559
0.020795,0.088830,0.800387,-0.037985,0.012978,-0.705275,0.707797,0.026067,-0.081157,0.113235,0.108897,-0.055960,0.159461,-0.100379,0.075235,-0.177248,0.151084,-0.023142,-0.050727,0.144966,-0.068678,-0.235768,-2.451471,0.854155,-1.240646,0.884331,-0.371632,0.018823,0.527314,0.563194,-2.251500,-1.448502,0.954195,0.119355,0.153399,-0.468615
0.020837,0.088707,0.800428,-0.037626,0.013021,-0.705480,0.707611,0.025387,-0.081899,0.113817,0.108773,-0.056342,0.160153,-0.101810,0.074388,-0.178405,0.152370,-0.023802,-0.053527,0.145157,-0.068941,-0.236369,-2.451079,0.852928,-1.241664,0.888268,-0.372003,0.020001,0.524859,0.562729,-2.251500,-1.447724,0.955702,0.116657,0.154347,-0.468132
0.020878,0.088692,0.800380,-0.037224,0.013172,-0.705667,0.707442,0.024608,-0.082408,0.113521,0.108742,-0.056233,0.159810,-0.103484,0.073761,-0.178903,0.154006,-0.024598,-0.053677,0.145277,-0.069022,-0.237049,-2.451399,0.851351,-1.243056,0.893153,-0.372671,0.020692,0.521971,0.561531,-2.251500,-1.446340,0.957284,0.113972,0.155197,-0.467633
0.020834,0.088593,0.800331,-0.036807,0.013334,-0.705853,0.707276,0.023776,-0.082928,0.113220,0.108718,-0.056113,0.159472,-0.105237,0.073117,-0.179404,0.155717,-0.025421,-0.053824,0.145423,-0.069115,-0.237674,-2.451960,0.849666,-1.244545,0.898352,-0.373435,0.021207,0.518928,0.559915,-2.251500,-1.444597,0.958895,0.111343,0.156023,-0.467073
0.021292,0.088481,0.800298,-0.036604,0.013787,-0.705560,0.707570,0.022920,-0.083032,0.113742,0.108674,-0.056393,0.161713,-0.106909,0.072825,-0.179013,0.157682,-0.026497,-0.052884,0.145468,-0.068416,-0.237429,-2.452585,0.846760,-1.244024,0.901857,-0.373760,0.021335,0.515762,0.560180,-2.251500,-1.443056,0.961535,0.110384,0.157002,-0.465364
0.021743,0.088295,0.800263,-0.036496,0.014212,-0.705373,0.707753,0.022264,-0.083239,0.113442,0.108649,-0.056895,0.162908,-0.108470,0.072480,-0.178791,0.159664,-0.027269,-0.052161,0.145199,-0.067957,-0.237370,-2.452717,0.843906,-1.243181,0.905139,-0.373869,0.021620,0.512784,0.560823,-2.251500,-1.441622,0.964307,0.109488,0.157845,-0.463749
0.022193,0.088106,0.800229,-0.036393,0.014635,-0.705178,0.707944,0.021622,-0.083445,0.113120,0.108628,-0.057399,0.164102,-0.109997,0.072140,-0.178589,0.161610,-0.028032,-0.051439,0.144908,-0.067498,-0.237353,-2.452715,0.841070,-1.242265,0.908313,-0.373904,0.021959,0.509867,0.561654,-2.251500,-1.440319,0.967110,0.108580,0.158644,-0.462169
0.022164,0.088263,0.800088,-0.036058,0.014766,-0.705564,0.707574,0.020690,-0.083889,0.113316,0.108590,-0.057203,0.162812,-0.112131,0.071713,-0.178525,0.163857,-0.029331,-0.050884,0.145583,-0.067287,-0.237604,-2.453304,0.842127,-1.242921,0.906637,-0.373958,0.021258,0.508032,0.561912,-2.251500,-1.438098,0.967282,0.107292,0.158918,-0.461250
0.022155,0.088420,0.800039,-0.035683,0.014900,-0.705761,0.707394,0.019636,-0.084277,0.113574,0.108523,-0.057328,0.162970,-0.114460,0.071247,-0.178375,0.166283,-0.030717,-0.050327,0.146112,-0.066988,-0.237762,-2.453708,0.843793,-1.243527,0.904042,-0.374115,0.020797,0.506420,0.561553,-2.251500,-1.435582,0.967068,0.106002,0.159352,-0.460353
0.022237,0.088582,0.799989,-0.035303,0.015039,-0.705953,0.707219,0.018552,-0.084677,0.113824,0.108478,-0.057451,0.163139,-0.116831,0.070765,-0.178233,0.168766,-0.032131,-0.049763,0.146662,-0.066639,-0.237898,-2.454044,0.845621,-1.244049,0.901208,-0.374268,0.020455,0.504894,0.560911,-2.251500,-1.432798,0.966760,0.104735,0.159857,-0.459426
0.022238,0.088605,0.799888,-0.035365,0.015313,-0.705975,0.707188,0.018116,-0.084084,0.114000,0.108503,-0.057980,0.163456,-0.118322,0.070790,-0.180122,0.170875,-0.031256,-0.051889,0.147525,-0.066750,-0.237755,-2.452436,0.846125,-1.238016,0.893240,-0.375141,0.018686,0.505852,0.560166,-2.251500,-1.434580,0.960463,0.106101,0.158820,-0.461162
0.022319,0.088613,0.799745,-0.035366,0.015456,-0.705961,0.707199,0.017777,-0.083927,0.113757,0.108579,-0.058521,0.163784,-0.119330,0.070815,-0.180281,0.172390,-0.031828,-0.051733,0.148217,-0.066604,-0.237631,-2.449679,0.847015,-1.231349,0.884212,-0.375500,0.017207,0.507369,0.560495,-2.251500,-1.436911,0.953747,0.107480,0.158160,-0.463479
0.022316,0.088614,0.799691,-0.035390,0.015581,-0.705949,0.707207,0.017533,-0.083764,0.113516,0.108631,-0.059071,0.164112,-0.120247,0.070851,-0.180432,0.173880,-0.032405,-0.051571,0.148907,-0.066411,-0.237597,-2.446496,0.848036,-1.224465,0.874789,-0.375669,0.015900,0.509080,0.561393,-2.251500,-1.439671,0.946912,0.108807,0.157599,-0.465951
0.022706,0.088520,0.799571,-0.035396,0.016001,-0.706061,0.707085,0.017175,-0.083839,0.113528,0.108440,-0.061397,0.164607,-0.122994,0.070687,-0.179793,0.178383,-0.034937,-0.051410,0.147876,-0.064490,-0.238565,-2.442687,0.850400,-1.218070,0.861237,-0.375982,0.013099,0.512985,0.558122,-2.251500,-1.442345,0.933884,0.109880,0.155112,-0.475054
0.023123,0.088553,0.799325,-0.035362,0.016352,-0.706166,0.706974,0.016475,-0.084034,0.113503,0.108468,-0.062733,0.165408,-0.126237,0.070223,-0.179513,0.183504,-0.036718,-0.050866,0.146917,-0.062539,-0.239394,-2.438501,0.853575,-1.211408,0.846730,-0.376260,0.010447,0.517232,0.554036,-2.251500,-1.444190,0.920143,0.111044,0.153065,-0.484474
0.023551,0.088596,0.799164,-0.035304,0.016720,-0.706267,0.706867,0.015698,-0.084259,0.113475,0.108478,-0.064033,0.166237,-0.129614,0.069721,-0.179243,0.188741,-0.038533,-0.050305,0.146062,-0.060504,-0.240232,-2.434100,0.856916,-1.204475,0.831916,-0.376432,0.007909,0.521583,0.549468,-2.251500,-1.445559,0.906234,0.112180,0.151164,-0.493864
0.023760,0.088486,0.798974,-0.035149,0.017043,-0.706306,0.706828,0.015056,-0.084155,0.113550,0.108512,-0.065390,0.166926,-0.132000,0.069503,-0.178980,0.192227,-0.040831,-0.049966,0.146043,-0.060436,-0.241195,-2.428019,0.857531,-1.202109,0.812155,-0.373877,0.005659,0.523014,0.543843,-2.251500,-1.445532,0.885402,0.110823,0.148798,-0.503468
0.023966,0.088469,0.798858,-0.035056,0.017316,-0.706347,0.706785,0.014457,-0.084200,0.113474,0.108570,-0.066443,0.167453,-0.134120,0.069205,-0.179078,0.195410,-0.042165,-0.049697,0.146026,-0.060173,-0.241994,-2.421620,0.858588,-1.199449,0.791673,-0.371004,0.003919,0.524527,0.537917,-2.251500,-1.445412,0.864028,0.109168,0.147068,-0.512872
0.024180,0.088368,0.798657,-0.034987,0.017582,-0.706383,0.706746,0.013914,-0.084231,0.113381,0.108606,-0.067487,0.167985,-0.136130,0.068930,-0.179187,0.198455,-0.043426,-0.049421,0.146059,-0.059807,-0.242734,-2.415078,0.859773,-1.196641,0.770950,-0.367997,0.002350,0.526075,0.531850,-2.251500,-1.445237,0.842489,0.107353,0.145524,-0.522164
0.023988,0.088372,0.798779,-0.034520,0.017667,-0.706321,0.706829,0.012850,-0.084554,0.113419,0.108906,-0.066172,0.167926,-0.137214,0.068666,-0.178407,0.199162,-0.044325,-0.049520,0.146495,-0.059319,-0.242891,-2.407325,0.861856,-1.194074,0.750467,-0.365775,0.001626,0.523741,0.527563,-2.251500,-1.445089,0.816998,0.106565,0.143680,-0.526034
0.023795,0.088370,0.798892,-0.034086,0.017696,-0.706278,0.706892,0.011869,-0.084886,0.113428,0.109121,-0.064484,0.167764,-0.138007,0.068266,-0.178139,0.199284,-0.044055,-0.049656,0.146776,-0.058697,-0.243153,-2.399447,0.864216,-1.191446,0.729853,-0.363539,0.001002,0.521047,0.523635,-2.251500,-1.445364,0.791127,0.105588,0.142159,-0.529439
0.023604,0.088367,0.799009,-0.033668,0.017727,-0.706231,0.706959,0.010926,-0.085196,0.113417,0.109300,-0.062776,0.167600,-0.138679,0.067905,-0.177883,0.199198,-0.043682,-0.049791,0.147011,-0.058009,-0.243414,-2.391520,0.866628,-1.188833,0.709203,-0.361250,0.000410,0.518293,0.519986,-2.251500,-1.445979,0.765147,0.104472,0.140747,-0.532754
0.023808,0.088381,0.799042,-0.033772,0.018235,-0.706110,0.707062,0.010709,-0.084521,0.113783,0.109059,-0.064524,0.167195,-0.137938,0.068704,-0.178490,0.196431,-0.041619,-0.049163,0.148075,-0.055594,-0.243633,-2.384992,0.869642,-1.187248,0.701696,-0.360109,0.002686,0.512515,0.521982,-2.251500,-1.444919,0.754793,0.103736,0.142583,-0.529261
0.024017,0.088313,0.799225,-0.033723,0.018379,-0.705984,0.707186,0.010369,-0.084657,0.113733,0.109342,-0.062975,0.167130,-0.136214,0.068763,-0.178713,0.192593,-0.039130,-0.048374,0.149019,-0.054534,-0.243648,-2.379518,0.871060,-1.186554,0.696605,-0.359494,0.004083,0.505677,0.524974,-2.251500,-1.444669,0.745829,0.102937,0.143137,-0.525200
0.024209,0.088157,0.799412,-0.033681,0.018499,-0.705846,0.707323,0.010163,-0.084810,0.113641,0.109444,-0.061326,0.167046,-0.134350,0.068827,-0.178961,0.188577,-0.036564,-0.047606,0.149770,-0.053671,-0.243580,-2.374612,0.872032,-1.186392,0.692337,-0.359063,0.005085,0.498540,0.528536,-2.251500,-1.445089,0.737282,0.102089,0.143307,-0.521103
0.023994,0.088061,0.799556,-0.033289,0.018579,-0.705607,0.707578,0.009616,-0.085066,0.113498,0.109442,-0.059765,0.166590,-0.132597,0.068788,-0.178657,0.184214,-0.035448,-0.049197,0.150528,-0.053468,-0.244075,-2.371196,0.872758,-1.188361,0.692362,-0.358257,0.007253,0.489664,0.532107,-2.251500,-1.444124,0.732417,0.099462,0.144212,-0.515564
0.023846,0.087967,0.799731,-0.032954,0.018711,-0.705380,0.707816,0.009000,-0.085200,0.113221,0.109444,-0.058223,0.166055,-0.131091,0.068913,-0.178608,0.180145,-0.033369,-0.049446,0.151302,-0.053112,-0.244478,-2.368433,0.873079,-1.190814,0.693325,-0.357677,0.009123,0.480330,0.535396,-2.251500,-1.443034,0.728101,0.096759,0.144848,-0.509737
0.023696,0.087876,0.799907,-0.032612,0.018849,-0.705155,0.708052,0.008348,-0.085329,0.112947,0.109460,-0.056680,0.165520,-0.129610,0.069040,-0.178561,0.176071,-0.031275,-0.049701,0.152063,-0.052795,-0.244834,-2.365944,0.873276,-1.193440,0.694602,-0.357186,0.010840,0.470866,0.538514,-2.251500,-1.441854,0.723894,0.094075,0.145374,-0.503846
0.023774,0.087586,0.800024,-0.032538,0.019109,-0.704777,0.708424,0.008165,-0.085277,0.112740,0.109491,-0.056169,0.165590,-0.128370,0.069121,-0.178642,0.173344,-0.030820,-0.048574,0.151866,-0.051044,-0.244900,-2.362648,0.874914,-1.192971,0.694613,-0.356814,0.010997,0.465807,0.540783,-2.251500,-1.442490,0.722468,0.093648,0.145673,-0.502933
0.023938,0.087310,0.800061,-0.032531,0.019318,-0.704385,0.708809,0.008121,-0.085274,0.112406,0.109560,-0.055843,0.165670,-0.127066,0.069182,-0.178801,0.170976,-0.030252,-0.048010,0.151522,-0.049380,-0.245042,-2.358744,0.876870,-1.192243,0.694129,-0.356273,0.011147,0.461283,0.543216,-2.251500,-1.443070,0.721179,0.093489,0.145715,-0.502675
0.024102,0.087121,0.800185,-0.032529,0.019521,-0.703989,0.709197,0.008099,-0.085280,0.112061,0.109630,-0.055517,0.165753,-0.125759,0.069231,-0.178968,0.168651,-0.029714,-0.047445,0.151183,-0.047706,-0.245213,-2.354643,0.878882,-1.191394,0.693463,-0.355666,0.011353,0.456867,0.545745,-2.251500,-1.443656,0.719899,0.093370,0.145702,-0.502509
0.023560,0.086897,0.800264,-0.032456,0.019442,-0.703744,0.709446,0.008306,-0.084878,0.110987,0.109758,-0.055087,0.164777,-0.123750,0.069883,-0.179492,0.165410,-0.028072,-0.048354,0.151025,-0.045892,-0.245624,-2.349576,0.883215,-1.190146,0.694961,-0.356295,0.011894,0.453738,0.549288,-2.251500,-1.444499,0.724213,0.094834,0.146387,-0.502865
0.023010,0.086764,0.800444,-0.032443,0.019329,-0.703532,0.709660,0.008645,-0.084333,0.110216,0.109876,-0.054676,0.163810,-0.121571,0.070613,-0.180218,0.161870,-0.026877,-0.048953,0.150797,-0.044218,-0.246200,-2.344593,0.887280,-1.189078,0.696545,-0.357051,0.012313,0.450701,0.553260,-2.251500,-1.445590,0.728919,0.096463,0.146629,-0.503346
0.022456,0.086628,0.800538,-0.032438,0.019210,-0.703322,0.709871,0.009015,-0.083778,0.109447,0.109981,-0.054265,0.162836,-0.119355,0.071354,-0.180944,0.158302,-0.025671,-0.049555,0.150519,-0.042577,-0.246778,-2.339638,0.891281,-1.188088,0.698213,-0.357832,0.012700,0.447659,0.557469,-2.251500,-1.446912,0.733723,0.098095,0.146754,-0.503857
0.022182,0.086253,0.800584,-0.032541,0.019234,-0.702911,0.710272,0.009556,-0.083468,0.107753,0.110028,-0.054466,0.162386,-0.117214,0.071841,-0.181576,0.155698,-0.024585,-0.050200,0.150300,-0.041307,-0.247804,-2.339078,0.896562,-1.186511,0.701133,-0.359090,0.012184,0.448677,0.559577,-2.251500,-1.448640,0.737330,0.100151,0.146424,-0.507186
0.021994,0.085998,0.800634,-0.032665,0.019233,-0.702557,0.710617,0.010104,-0.083146,0.106469,0.110113,-0.054659,0.161994,-0.115290,0.072355,-0.182002,0.153288,-0.024089,-0.050342,0.149917,-0.040124,-0.248507,-2.339299,0.901751,-1.185516,0.704619,-0.360705,0.011330,0.449790,0.561042,-2.251500,-1.450027,0.740819,0.102467,0.146228,-0.510601
0.021803,0.085663,0.800683,-0.032791,0.019220,-0.702207,0.710958,0.010660,-0.082836,0.105195,0.110207,-0.054847,0.161604,-0.113402,0.072852,-0.182420,0.150977,-0.023636,-0.050485,0.149527,-0.038961,-0.249076,-2.339823,0.906914,-1.184727,0.708301,-0.362451,0.010368,0.450842,0.562167,-2.251500,-1.451179,0.744305,0.104871,0.146056,-0.513982
0.021199,0.085323,0.800748,-0.032665,0.019423,-0.701832,0.711329,0.010600,-0.082025,0.103646,0.110225,-0.055397,0.160974,-0.112977,0.073542,-0.183115,0.150556,-0.023879,-0.051266,0.149802,-0.036798,-0.249453,-2.338397,0.914587,-1.184863,0.703851,-0.363962,0.009177,0.448871,0.564990,-2.251500,-1.452167,0.734269,0.109125,0.144857,-0.511784
0.020599,0.085053,0.800725,-0.032437,0.019688,-0.701477,0.711682,0.010220,-0.081314,0.102362,0.110289,-0.055965,0.160367,-0.113107,0.074135,-0.183856,0.150505,-0.024314,-0.052022,0.149706,-0.034288,-0.250107,-2.335918,0.923671,-1.184465,0.697723,-0.365223,0.008585,0.447072,0.568003,-2.251500,-1.453542,0.722800,0.113246,0.144803,-0.509285
0.020005,0.084695,0.800789,-0.032174,0.019988,-0.701121,0.712036,0.009713,-0.080616,0.101073,0.110377,-0.056528,0.159775,-0.113405,0.074702,-0.184603,0.150566,-0.024793,-0.052774,0.149554,-0.031688,-0.250942,-2.333017,0.933115,-1.183809,0.691018,-0.366346,0.008248,0.445425,0.571259,-2.251500,-1.455134,0.710977,0.117282,0.145075,-0.506816
0.019746,0.084533,0.800782,-0.031910,0.020481,-0.700690,0.712457,0.008639,-0.079993,0.100226,0.110328,-0.057233,0.159037,-0.114081,0.075214,-0.185392,0.150504,-0.024402,-0.052961,0.147202,-0.029450,-0.253369,-2.328504,0.944769,-1.182491,0.675306,-0.366079,0.004552,0.448276,0.565697,-2.251500,-1.458929,0.701420,0.119876,0.143368,-0.517431
0.019498,0.084427,0.800777,-0.031669,0.021006,-0.700218,0.712917,0.007409,-0.079437,0.099298,0.110416,-0.057527,0.158831,-0.114785,0.075547,-0.185601,0.150432,-0.023936,-0.053127,0.144905,-0.026823,-0.255866,-2.323184,0.957409,-1.180367,0.657854,-0.365421,0.001276,0.452077,0.558771,-2.251500,-1.461257,0.691829,0.122735,0.141237,-0.528978
0.019268,0.084420,0.800770,-0.031434,0.021537,-0.699746,0.713375,0.006163,-0.078891,0.098376,0.110507,-0.057810,0.158654,-0.115500,0.075876,-0.185806,0.150357,-0.023450,-0.053270,0.142865,-0.024037,-0.258334,-2.317335,0.970260,-1.177623,0.639844,-0.364540,-0.001754,0.456115,0.550996,-2.251500,-1.462597,0.682153,0.125629,0.139020,-0.540575
0.019017,0.084332,0.800892,-0.031244,0.021900,-0.699526,0.713587,0.005030,-0.078177,0.096876,0.110783,-0.057367,0.158161,-0.116924,0.076938,-0.186155,0.150126,-0.022782,-0.053122,0.140610,-0.019740,-0.260426,-2.310439,0.985708,-1.172561,0.621308,-0.363783,-0.004587,0.460997,0.545031,-2.251500,-1.463101,0.674099,0.128854,0.137598,-0.550578
0.018685,0.084338,0.801019,-0.031063,0.022316,-0.699329,0.713776,0.003952,-0.077409,0.095889,0.111048,-0.056925,0.157606,-0.117720,0.077670,-0.185965,0.150042,-0.022118,-0.053082,0.138477,-0.015260,-0.262625,-2.302823,1.001299,-1.166863,0.602334,-0.362793,-0.007282,0.466022,0.539154,-2.251500,-1.463568,0.665962,0.131903,0.136110,-0.560453
0.018448,0.084256,0.801146,-0.030903,0.022716,-0.699139,0.713957,0.002940,-0.076638,0.094925,0.111299,-0.056487,0.157060,-0.118448,0.078409,-0.185754,0.149931,-0.021444,-0.053031,0.136439,-0.010721,-0.264828,-2.294727,1.016905,-1.160744,0.583150,-0.361597,-0.009887,0.471110,0.533283,-2.251500,-1.463960,0.657755,0.134791,0.134599,-0.570334
0.018116,0.084244,0.801325,-0.030551,0.023113,-0.698917,0.714176,0.001632,-0.076403,0.093584,0.111521,-0.055393,0.155913,-0.119616,0.078728,-0.186371,0.150113,-0.018326,-0.055489,0.135710,-0.005886,-0.266067,-2.285425,1.035528,-1.154308,0.573628,-0.359838,-0.010455,0.476125,0.531199,-2.251500,-1.462749,0.650840,0.136751,0.133857,-0.575936
0.017906,0.084146,0.801437,-0.030229,0.023578,-0.698684,0.714402,0.000369,-0.075848,0.092880,0.111667,-0.054293,0.154922,-0.120666,0.079242,-0.186310,0.150087,-0.016914,-0.056094,0.134921,-0.001204,-0.267716,-2.276124,1.053579,-1.147785,0.565303,-0.358131,-0.011616,0.480659,0.529617,-2.251500,-1.462035,0.643987,0.138384,0.133069,-0.581113
0.017608,0.084041,0.801636,-0.029902,0.024045,-0.698463,0.714616,-0.000886,-0.075295,0.092204,0.111802,-0.053197,0.153925,-0.121759,0.079756,-0.186218,0.150141,-0.015547,-0.056703,0.134106,0.003428,-0.269419,-2.266719,1.071435,-1.141188,0.557373,-0.356458,-0.013014,0.485024,0.528410,-2.251500,-1.461697,0.637160,0.139885,0.132257,-0.586249
0.017893,0.083976,0.801824,-0.029854,0.024491,-0.698398,0.714668,-0.001937,-0.075086,0.091539,0.112135,-0.051438,0.153392,-0.122539,0.079813,-0.186479,0.150479,-0.013641,-0.057010,0.132135,0.009711,-0.270484,-2.250749,1.091027,-1.136619,0.541424,-0.355278,-0.015204,0.484087,0.529954,-2.251500,-1.459230,0.632895,0.141521,0.132144,-0.587939
0.018174,0.083959,0.802021,-0.029782,0.024947,-0.698331,0.714720,-0.002852,-0.074888,0.090878,0.112385,-0.049515,0.151747,-0.123317,0.079876,-0.186748,0.150719,-0.011708,-0.057266,0.130162,0.016310,-0.271687,-2.232564,1.111563,-1.130297,0.523556,-0.353750,-0.016747,0.483326,0.532012,-2.251500,-1.457067,0.628689,0.143102,0.131705,-0.589332
0.018463,0.083847,0.802219,-0.029713,0.025410,-0.698263,0.714772,-0.003744,-0.074687,0.090214,0.112598,-0.047582,0.150114,-0.124071,0.079947,-0.187015,0.150918,-0.009762,-0.057509,0.128173,0.023001,-0.273029,-2.212946,1.132292,-1.122703,0.504997,-0.351947,-0.017946,0.482750,0.534359,-2.251500,-1.455072,0.624395,0.144575,0.131195,-0.590722
0.018900,0.083540,0.802174,-0.029946,0.025806,-0.697878,0.715124,-0.004763,-0.074410,0.089265,0.115505,-0.050719,0.155653,-0.125178,0.079947,-0.187261,0.154296,-0.012031,-0.056088,0.123018,0.034376,-0.276459,-2.176284,1.175613,-1.106950,0.486192,-0.346310,-0.015748,0.487480,0.545156,-2.251498,-1.454984,0.630373,0.148355,0.131481,-0.591302
0.019216,0.083446,0.802265,-0.029849,0.026456,-0.697676,0.715302,-0.006113,-0.074197,0.087990,0.115836,-0.050641,0.156269,-0.126450,0.080158,-0.187198,0.154853,-0.011618,-0.055595,0.119529,0.043111,-0.279313,-2.150000,1.209292,-1.096951,0.480293,-0.343068,-0.015479,0.488337,0.552143,-2.251473,-1.451532,0.639029,0.151598,0.131819,-0.591923
0.019492,0.083470,0.802267,-0.029732,0.027090,-0.697507,0.715448,-0.007417,-0.073975,0.086798,0.115966,-0.050418,0.156833,-0.127641,0.080427,-0.187040,0.155083,-0.010977,-0.055171,0.116029,0.051185,-0.281358,-2.127402,1.241227,-1.089515,0.477910,-0.341179,-0.016490,0.488134,0.556695,-2.251444,-1.446339,0.648509,0.155444,0.131973,-0.592225
0.019415,0.083417,0.802383,-0.029331,0.027088,-0.697355,0.715613,-0.008012,-0.074216,0.089525,0.116072,-0.049675,0.155131,-0.128354,0.079774,-0.186875,0.155244,-0.009741,-0.055539,0.110843,0.058551,-0.282666,-2.098173,1.284234,-1.084186,0.484034,-0.338896,-0.016703,0.489402,0.560780,-2.250957,-1.434422,0.666543,0.157048,0.133673,-0.590242
0.019208,0.083469,0.802345,-0.029167,0.027271,-0.697235,0.715730,-0.008643,-0.074021,0.087966,0.116107,-0.049734,0.153962,-0.128914,0.080019,-0.186835,0.155393,-0.009399,-0.055911,0.106876,0.063842,-0.283446,-2.068588,1.324753,-1.077683,0.489797,-0.336511,-0.017410,0.490584,0.562800,-2.242626,-1.420513,0.680959,0.158442,0.133799,-0.588002
0.018756,0.083413,0.802415,-0.029002,0.027440,-0.697048,0.715912,-0.009265,-0.073652,0.086179,0.116192,-0.049796,0.152565,-0.129356,0.080417,-0.187025,0.155444,-0.009095,-0.056501,0.104263,0.065436,-0.283678,-2.039426,1.362041,-1.070721,0.495053,-0.333827,-0.018272,0.491709,0.562969,-2.223212,-1.404712,0.690278,0.159329,0.132783,-0.585851
0.017625,0.083119,0.802436,-0.028305,0.027543,-0.696926,0.716054,-0.010080,-0.072807,0.086353,0.116268,-0.050211,0.153396,-0.130274,0.081318,-0.187482,0.155433,-0.009243,-0.057816,0.099528,0.063273,-0.283197,-2.000135,1.414451,-1.061538,0.502017,-0.331322,-0.020180,0.495701,0.562541,-2.186369,-1.383037,0.703622,0.160804,0.131252,-0.585355
0.016330,0.082739,0.802436,-0.027601,0.027715,-0.696806,0.716192,-0.011076,-0.071885,0.085036,0.116361,-0.050717,0.151810,-0.131226,0.082227,-0.187961,0.155639,-0.009517,-0.059329,0.094520,0.060592,-0.282768,-1.956947,1.466995,-1.048473,0.508472,-0.329046,-0.022078,0.499872,0.560658,-2.148674,-1.359847,0.716520,0.162403,0.129459,-0.585186
0.014948,0.082347,0.802440,-0.026850,0.027873,-0.696686,0.716332,-0.012119,-0.070936,0.083702,0.116466,-0.051227,0.150106,-0.132237,0.083161,-0.188461,0.155884,-0.009839,-0.060958,0.089021,0.057063,-0.282347,-1.910659,1.519145,-1.032269,0.515447,-0.327165,-0.023892,0.503820,0.557971,-2.110514,-1.335763,0.729494,0.163994,0.127604,-0.585230
0.014346,0.082160,0.802528,-0.026479,0.028170,-0.696668,0.716351,-0.013081,-0.070227,0.082655,0.116692,-0.052246,0.148996,-0.133377,0.083908,-0.188887,0.156271,-0.010972,-0.062404,0.087605,0.054746,-0.279512,-1.862473,1.559419,-1.009104,0.537012,-0.329325,-0.024290,0.508759,0.563583,-2.068779,-1.316820,0.742692,0.169008,0.126230,-0.582356
0.013661,0.081840,0.802516,-0.026092,0.028412,-0.696682,0.716342,-0.013872,-0.069436,0.081916,0.116875,-0.052730,0.148193,-0.134286,0.084783,-0.188371,0.156702,-0.011261,-0.063325,0.086434,0.051139,-0.277482,-1.811866,1.597226,-0.984166,0.561027,-0.331651,-0.025407,0.513070,0.573074,-2.025672,-1.301002,0.755715,0.173467,0.124887,-0.579909
0.012861,0.081565,0.802508,-0.025633,0.028655,-0.696705,0.716326,-0.014691,-0.068585,0.081175,0.117003,-0.053223,0.147228,-0.135232,0.085730,-0.187852,0.157075,-0.011590,-0.064404,0.085390,0.046176,-0.275808,-1.759724,1.633182,-0.958087,0.586606,-0.334356,-0.026624,0.516861,0.585449,-1.981079,-1.287614,0.768558,0.177714,0.123488,-0.577598
0.012081,0.081392,0.802651,-0.025739,0.028882,-0.696259,0.716747,-0.014660,-0.067426,0.077544,0.117091,-0.054340,0.145767,-0.135162,0.087220,-0.188534,0.157580,-0.010279,-0.066532,0.079567,0.045112,-0.276795,-1.707276,1.663504,-0.943068,0.595809,-0.331735,-0.027084,0.513146,0.598465,-1.943375,-1.271285,0.770465,0.174127,0.121950,-0.576969
0.011106,0.081121,0.802796,-0.025815,0.029090,-0.695752,0.717229,-0.014705,-0.066008,0.074228,0.117207,-0.055023,0.144528,-0.135022,0.088851,-0.189296,0.157861,-0.008908,-0.068816,0.073545,0.042563,-0.277504,-1.657646,1.693162,-0.930320,0.605176,-0.329658,-0.026337,0.509130,0.612743,-1.903901,-1.256330,0.771521,0.170483,0.121019,-0.576374
0.010108,0.080931,0.802942,-0.025857,0.029258,-0.695238,0.717718,-0.014739,-0.064554,0.070876,0.117322,-0.055703,0.143139,-0.134877,0.090519,-0.190103,0.158156,-0.007579,-0.071251,0.067732,0.038645,-0.277957,-1.610848,1.721849,-0.919907,0.615457,-0.328141,-0.025415,0.504729,0.630013,-1.862935,-1.244159,0.772341,0.166989,0.120127,-0.575851
0.008294,0.080681,0.802931,-0.025284,0.028572,-0.694403,0.718575,-0.014690,-0.063751,0.073751,0.117880,-0.054994,0.140328,-0.134103,0.090281,-0.190028,0.158141,-0.010669,-0.070880,0.067287,0.023025,-0.275714,-1.558467,1.739692,-0.902742,0.624939,-0.329895,-0.023079,0.497259,0.649162,-1.792922,-1.237893,0.743603,0.167821,0.116595,-0.577050
0.006409,0.080466,0.803070,-0.025028,0.028162,-0.693613,0.719362,-0.014337,-0.062312,0.071780,0.118156,-0.055048,0.137588,-0.133585,0.091471,-0.191227,0.158955,-0.010892,-0.073674,0.069598,0.006219,-0.274434,-1.502146,1.752939,-0.881696,0.634062,-0.330595,-0.020158,0.490375,0.669656,-1.717360,-1.231297,0.710051,0.166974,0.115306,-0.579700
0.004420,0.080106,0.803218,-0.024713,0.027757,-0.692801,0.720170,-0.013995,-0.060822,0.069720,0.118398,-0.055129,0.134695,-0.133009,0.092726,-0.192498,0.159610,-0.011131,-0.076603,0.073694,-0.011569,-0.274484,-1.442378,1.762248,-0.857828,0.643847,-0.330640,-0.016999,0.483834,0.688925,-1.640317,-1.221602,0.675890,0.165064,0.114738,-0.582912
0.002909,0.079813,0.803208,-0.024803,0.027521,-0.691873,0.721068,-0.013405,-0.059057,0.068425,0.118629,-0.056214,0.132643,-0.132065,0.094260,-0.193357,0.160232,-0.011737,-0.078514,0.077332,-0.021405,-0.275145,-1.388083,1.753112,-0.821736,0.657771,-0.333034,-0.015770,0.482714,0.696398,-1.583110,-1.216226,0.630501,0.163497,0.112100,-0.597503
0.001495,0.079541,0.803277,-0.025139,0.027234,-0.690938,0.721963,-0.012549,-0.057309,0.066261,0.119000,-0.057504,0.131179,-0.130780,0.095835,-0.194057,0.160712,-0.012186,-0.080113,0.081388,-0.029934,-0.275851,-1.326369,1.741851,-0.778567,0.672708,-0.334237,-0.015164,0.482201,0.703093,-1.527077,-1.209902,0.585287,0.160507,0.110353,-0.613005
0.000189,0.079422,0.803262,-0.025570,0.026923,-0.689989,0.722867,-0.011597,-0.055612,0.064093,0.119376,-0.058731,0.129873,-0.129340,0.097361,-0.194767,0.161083,-0.012490,-0.081562,0.086199,-0.037310,-0.276840,-1.256691,1.728237,-0.727808,0.687496,-0.334172,-0.014837,0.482600,0.711357,-1.471711,-1.204938,0.540142,0.156190,0.108951,-0.628777
-0.000014,0.079072,0.803253,-0.026419,0.026655,-0.689364,0.723443,-0.009730,-0.054429,0.062402,0.119926,-0.060356,0.129258,-0.127050,0.098395,-0.195706,0.161529,-0.013092,-0.082000,0.096211,-0.043124,-0.278468,-1.178748,1.704341,-0.664656,0.683426,-0.333630,-0.018686,0.487294,0.713003,-1.419177,-1.202107,0.485219,0.151083,0.105381,-0.647902
0.000019,0.078948,0.803244,-0.027462,0.026354,-0.688774,0.723976,-0.007714,-0.053432,0.061116,0.120456,-0.061286,0.129576,-0.124621,0.099216,-0.196300,0.161921,-0.013073,-0.081811,0.107273,-0.046415,-0.279824,-1.088466,1.677281,-0.589354,0.676119,-0.330568,-0.021849,0.494526,0.716328,-1.366895,-1.201979,0.428658,0.143732,0.102962,-0.667544
0.000418,0.078861,0.803237,-0.028672,0.026119,-0.688194,0.724489,-0.005663,-0.052598,0.059944,0.120912,-0.062069,0.130414,-0.122142,0.099877,-0.196791,0.162186,-0.012746,-0.081128,0.119356,-0.045872,-0.280918,-0.986025,1.646191,-0.501904,0.665721,-0.324922,-0.025112,0.503695,0.722974,-1.316256,-1.206708,0.370851,0.134773,0.101355,-0.686865
0.001231,0.078993,0.803399,-0.029788,0.026514,-0.687526,0.725064,-0.004616,-0.051453,0.058848,0.120735,-0.063206,0.131040,-0.120744,0.100838,-0.196900,0.161901,-0.011426,-0.080623,0.124985,-0.032602,-0.278103,-0.885681,1.620340,-0.404809,0.666360,-0.316348,-0.024695,0.510486,0.738258,-1.296986,-1.219760,0.346735,0.129300,0.107735,-0.697399
0.002446,0.079040,0.803423,-0.031198,0.027021,-0.686867,0.725611,-0.003437,-0.050251,0.057967,0.120880,-0.063597,0.132717,-0.118956,0.101827,-0.196811,0.161414,-0.009423,-0.078991,0.128437,-0.014991,-0.274980,-0.784388,1.594212,-0.306646,0.666936,-0.308284,-0.025276,0.515476,0.754479,-1.287129,-1.234946,0.330621,0.127266,0.110965,-0.705150
0.003780,0.079106,0.803526,-0.032669,0.027610,-0.686227,0.726129,-0.002162,-0.048976,0.057138,0.121019,-0.064130,0.134528,-0.116983,0.102927,-0.196630,0.160689,-0.007378,-0.077201,0.129325,0.004385,-0.271568,-0.684508,1.568975,-0.210111,0.665397,-0.301022,-0.026218,0.519522,0.768750,-1.281001,-1.249034,0.316919,0.126651,0.112637,-0.711936
0.004708,0.079096,0.803706,-0.033972,0.028097,-0.686091,0.726179,-0.000873,-0.047416,0.056218,0.120972,-0.064622,0.133893,-0.115219,0.104636,-0.196823,0.159774,-0.004350,-0.078632,0.125853,0.025328,-0.268803,-0.597328,1.550754,-0.118283,0.664379,-0.298213,-0.027393,0.524959,0.774273,-1.294751,-1.266195,0.296486,0.125571,0.113445,-0.717855
0.005360,0.079039,0.803890,-0.035197,0.028565,-0.685924,0.726260,0.000376,-0.045655,0.055202,0.121047,-0.064990,0.133345,-0.113382,0.106404,-0.196943,0.158763,-0.001657,-0.079757,0.119633,0.045086,-0.265633,-0.520174,1.535649,-0.036620,0.664729,-0.297905,-0.028681,0.528654,0.774610,-1.309744,-1.278548,0.276954,0.124705,0.114904,-0.723148
0.005843,0.078924,0.803993,-0.036320,0.028960,-0.685722,0.726380,0.001645,-0.043813,0.054047,0.121142,-0.065392,0.132443,-0.111519,0.108251,-0.197187,0.157793,0.000864,-0.081223,0.111588,0.062611,-0.262260,-0.454011,1.523586,0.033849,0.666503,-0.299553,-0.029912,0.530903,0.769960,-1.324130,-1.285553,0.257937,0.123823,0.116350,-0.728419
0.006854,0.078621,0.804365,-0.037336,0.029324,-0.685622,0.726408,0.002991,-0.042919,0.054197,0.121403,-0.063338,0.135740,-0.109528,0.109117,-0.197177,0.156877,0.003961,-0.080167,0.102051,0.076140,-0.258166,-0.404667,1.513804,0.092911,0.652545,-0.300421,-0.034200,0.532618,0.760791,-1.348781,-1.285190,0.256836,0.127821,0.118665,-0.728020
0.007676,0.078334,0.804744,-0.038238,0.029517,-0.685516,0.726453,0.004498,-0.042125,0.054326,0.121481,-0.061051,0.135353,-0.107464,0.109789,-0.197252,0.156139,0.007193,-0.079554,0.092145,0.087070,-0.254276,-0.367058,1.506373,0.139914,0.639539,-0.302005,-0.036836,0.534232,0.748231,-1.374520,-1.280173,0.260955,0.132959,0.118501,-0.727212
0.008227,0.078044,0.805124,-0.039079,0.029620,-0.685387,0.726526,0.006055,-0.041323,0.054372,0.121529,-0.058719,0.134730,-0.105402,0.110466,-0.197410,0.155510,0.010312,-0.079184,0.082364,0.095920,-0.250604,-0.340480,1.501081,0.175747,0.628639,-0.304528,-0.039039,0.535400,0.733092,-1.399220,-1.271665,0.266751,0.138283,0.117165,-0.726500
0.009051,0.078263,0.805497,-0.039196,0.030530,-0.684717,0.727114,0.006006,-0.041514,0.051407,0.118399,-0.055188,0.137568,-0.105077,0.110855,-0.196820,0.151814,0.016003,-0.078852,0.073203,0.100836,-0.247111,-0.326970,1.513437,0.194471,0.633647,-0.311049,-0.037642,0.528703,0.729734,-1.418629,-1.271591,0.267199,0.140515,0.116613,-0.719254
0.009831,0.078065,0.805956,-0.039466,0.031212,-0.684144,0.727610,0.006032,-0.041303,0.051119,0.117701,-0.052060,0.137883,-0.104446,0.111169,-0.196135,0.150408,0.019867,-0.078605,0.064859,0.105119,-0.245161,-0.316519,1.525134,0.208160,0.639830,-0.316493,-0.037773,0.522537,0.727340,-1.437255,-1.270823,0.267959,0.141423,0.115636,-0.711511
0.010666,0.077763,0.806403,-0.039698,0.031898,-0.683625,0.728055,0.005820,-0.041066,0.050983,0.117449,-0.049211,0.138153,-0.104218,0.111452,-0.195342,0.149736,0.023350,-0.078404,0.057167,0.108943,-0.243547,-0.309387,1.536821,0.218065,0.646809,-0.321800,-0.038357,0.516876,0.725413,-1.455308,-1.269958,0.268571,0.142126,0.114734,-0.704100
0.010302,0.077470,0.806855,-0.039469,0.032271,-0.683634,0.728042,0.005223,-0.039833,0.051211,0.117303,-0.046491,0.136670,-0.104291,0.112290,-0.195003,0.149167,0.026503,-0.078350,0.051939,0.110996,-0.241261,-0.307569,1.545428,0.225778,0.647923,-0.327495,-0.040837,0.512984,0.721565,-1.472855,-1.268718,0.267700,0.143252,0.113186,-0.698946
0.009794,0.077227,0.807308,-0.039228,0.032638,-0.683709,0.727968,0.004736,-0.038769,0.051590,0.117249,-0.044032,0.135136,-0.104576,0.113185,-0.194497,0.148760,0.029563,-0.078353,0.047522,0.112441,-0.238894,-0.308570,1.553745,0.230774,0.648199,-0.332778,-0.042773,0.510058,0.717555,-1.489210,-1.267240,0.266426,0.144077,0.111716,-0.694411
0.009348,0.076908,0.807849,-0.038979,0.032985,-0.683803,0.727878,0.004240,-0.037703,0.052016,0.117227,-0.041579,0.133571,-0.104909,0.114078,-0.193947,0.148442,0.032596,-0.078393,0.043501,0.113520,-0.236558,-0.311998,1.562085,0.233344,0.648391,-0.337922,-0.044357,0.507473,0.713585,-1.504877,-1.265694,0.264876,0.144732,0.110318,-0.690059
0.008511,0.076792,0.808206,-0.038831,0.032930,-0.684139,0.727573,0.004181,-0.036314,0.052438,0.117352,-0.038585,0.130590,-0.105105,0.115701,-0.192673,0.148306,0.036106,-0.078877,0.041722,0.112042,-0.235891,-0.315140,1.571759,0.236305,0.652703,-0.341759,-0.044739,0.508052,0.710398,-1.518050,-1.266773,0.264300,0.145169,0.109075,-0.688096
0.007564,0.076668,0.808670,-0.038621,0.032915,-0.684551,0.727197,0.004101,-0.034940,0.053011,0.117327,-0.036126,0.127711,-0.105361,0.117086,-0.191469,0.148156,0.039328,-0.079451,0.040362,0.110420,-0.235221,-0.318755,1.581495,0.238856,0.657130,-0.345578,-0.045373,0.508842,0.708250,-1.530610,-1.268849,0.263263,0.145796,0.107779,-0.686436
0.006620,0.076538,0.809045,-0.038400,0.032909,-0.684974,0.726810,0.003994,-0.033566,0.053604,0.117319,-0.033685,0.124838,-0.105665,0.118471,-0.190241,0.148049,0.042525,-0.080022,0.039193,0.108785,-0.234560,-0.322857,1.591160,0.240949,0.661557,-0.349414,-0.046091,0.509635,0.706947,-1.542905,-1.271764,0.261997,0.146508,0.106508,-0.684817
0.007077,0.076581,0.809429,-0.038404,0.033254,-0.685469,0.726327,0.003592,-0.033294,0.056168,0.117334,-0.031018,0.126927,-0.106254,0.118831,-0.187853,0.147984,0.045733,-0.080110,0.035564,0.109556,-0.232984,-0.328236,1.598525,0.240461,0.653931,-0.352278,-0.048817,0.508285,0.706533,-1.553943,-1.273480,0.258662,0.146581,0.105115,-0.681480
0.007547,0.076540,0.809813,-0.038427,0.033599,-0.686033,0.725778,0.003238,-0.032882,0.058764,0.117303,-0.027990,0.126863,-0.106864,0.119302,-0.185327,0.147947,0.049207,-0.080151,0.032458,0.110170,-0.231588,-0.334357,1.605127,0.239136,0.644325,-0.354299,-0.050324,0.507828,0.706502,-1.564199,-1.275424,0.254890,0.146139,0.103868,-0.678003
0.008009,0.076586,0.810287,-0.038442,0.033951,-0.686613,0.725212,0.002888,-0.032456,0.061395,0.117226,-0.024939,0.126792,-0.107485,0.119798,-0.182764,0.147867,0.052712,-0.080207,0.029597,0.110679,-0.230264,-0.341131,1.611430,0.237106,0.633979,-0.355985,-0.051199,0.507838,0.706856,-1.574079,-1.277706,0.250858,0.145506,0.102726,-0.674519
0.008234,0.076583,0.810551,-0.038610,0.034153,-0.687118,0.724715,0.003040,-0.032073,0.061193,0.117131,-0.023675,0.126169,-0.107723,0.120616,-0.180613,0.147751,0.055400,-0.080345,0.027646,0.109100,-0.228884,-0.345369,1.617636,0.234219,0.625772,-0.355772,-0.050771,0.507430,0.710455,-1.578646,-1.279346,0.252678,0.145616,0.102745,-0.671414
0.008428,0.076528,0.810849,-0.038783,0.034299,-0.687566,0.724274,0.003235,-0.031499,0.062919,0.117155,-0.021870,0.125867,-0.107709,0.121268,-0.178646,0.147650,0.057836,-0.080452,0.025625,0.107229,-0.227465,-0.349375,1.623979,0.231504,0.617161,-0.355358,-0.050276,0.506914,0.715145,-1.583045,-1.281725,0.255105,0.146251,0.102045,-0.668440
0.008715,0.076469,0.811147,-0.038963,0.034432,-0.688032,0.723815,0.003501,-0.030930,0.064702,0.117125,-0.020058,0.125574,-0.107674,0.121918,-0.176624,0.147576,0.060260,-0.080552,0.023723,0.105363,-0.225993,-0.353245,1.630251,0.228949,0.608373,-0.354909,-0.049716,0.506387,0.720641,-1.587465,-1.284878,0.257769,0.147111,0.101017,-0.665476
0.008425,0.076104,0.811203,-0.039027,0.034514,-0.688454,0.723406,0.004233,-0.029852,0.065995,0.116968,-0.019537,0.124824,-0.107288,0.123145,-0.175452,0.147407,0.061544,-0.080542,0.023031,0.104026,-0.224919,-0.358683,1.635242,0.228299,0.601636,-0.354834,-0.048906,0.507985,0.724748,-1.590739,-1.288548,0.254809,0.147895,0.099241,-0.663356
0.008122,0.075750,0.811361,-0.039157,0.034574,-0.688919,0.722953,0.005003,-0.028764,0.067294,0.116897,-0.019452,0.124141,-0.106809,0.124238,-0.174810,0.147196,0.062025,-0.080457,0.022429,0.102538,-0.223606,-0.364157,1.640180,0.227785,0.595044,-0.354702,-0.048328,0.509772,0.728512,-1.592898,-1.292162,0.250105,0.148265,0.098246,-0.661507
0.007893,0.075398,0.811518,-0.039303,0.034608,-0.689378,0.722507,0.005812,-0.027675,0.068574,0.116879,-0.019397,0.123442,-0.106298,0.125320,-0.174191,0.147069,0.062449,-0.080390,0.021801,0.100954,-0.222139,-0.369664,1.645168,0.227311,0.588398,-0.354549,-0.047826,0.511568,0.732041,-1.594551,-1.295649,0.244638,0.148429,0.097728,-0.659747
0.007938,0.075167,0.811581,-0.039596,0.034766,-0.689975,0.721912,0.006573,-0.026591,0.070692,0.116778,-0.019784,0.123258,-0.105856,0.126351,-0.173052,0.147196,0.064865,-0.080493,0.020927,0.099950,-0.220861,-0.374482,1.649453,0.226811,0.583858,-0.354817,-0.046907,0.512855,0.736838,-1.593944,-1.298297,0.246588,0.150359,0.098514,-0.658213
0.007917,0.074838,0.811579,-0.039919,0.035014,-0.690580,0.721304,0.007261,-0.025242,0.073040,0.116681,-0.020215,0.123187,-0.105469,0.127664,-0.171433,0.146936,0.065678,-0.080012,0.020077,0.099118,-0.219722,-0.379148,1.653718,0.226353,0.579496,-0.355242,-0.046131,0.513915,0.741918,-1.594296,-1.300938,0.250040,0.152944,0.098437,-0.656635
0.007996,0.074587,0.811661,-0.040245,0.035270,-0.691196,0.720684,0.007949,-0.023881,0.075421,0.116609,-0.020681,0.123131,-0.105117,0.128987,-0.169781,0.146753,0.066442,-0.079517,0.019213,0.098401,-0.218672,-0.383657,1.657950,0.225952,0.575227,-0.355703,-0.045428,0.514912,0.747206,-1.595120,-1.303663,0.254178,0.155764,0.097893,-0.655023
0.008519,0.074179,0.811728,-0.040525,0.035393,-0.691732,0.720147,0.008857,-0.023685,0.076794,0.116722,-0.021303,0.124034,-0.104453,0.129830,-0.167854,0.146728,0.068046,-0.078712,0.019254,0.097879,-0.217161,-0.386280,1.658662,0.224225,0.569156,-0.354740,-0.044963,0.515218,0.751247,-1.592859,-1.305333,0.253153,0.159186,0.096554,-0.652356
0.009009,0.073848,0.811727,-0.040846,0.035529,-0.692258,0.719616,0.009828,-0.023262,0.078534,0.116780,-0.021664,0.124840,-0.103703,0.130495,-0.166146,0.146519,0.068779,-0.078243,0.019300,0.097302,-0.215606,-0.388566,1.659022,0.222839,0.562301,-0.353205,-0.044260,0.515841,0.754551,-1.589243,-1.306310,0.250413,0.162036,0.095718,-0.649774
0.009394,0.073428,0.811728,-0.041168,0.035648,-0.692783,0.719087,0.010850,-0.022842,0.080268,0.116795,-0.022003,0.125622,-0.102947,0.131158,-0.164441,0.146355,0.069479,-0.077797,0.019348,0.096585,-0.213980,-0.390536,1.659368,0.221804,0.555103,-0.351478,-0.043357,0.516614,0.757152,-1.585063,-1.306658,0.246931,0.164591,0.095284,-0.647275
0.010384,0.072769,0.811722,-0.041462,0.036047,-0.693323,0.718530,0.012003,-0.022614,0.083359,0.116675,-0.022408,0.125709,-0.102014,0.131414,-0.162519,0.146160,0.068872,-0.077270,0.019994,0.095259,-0.213021,-0.388977,1.663068,0.220725,0.556680,-0.350269,-0.040683,0.516940,0.762460,-1.579294,-1.306409,0.246793,0.165744,0.095927,-0.644402
0.011304,0.071971,0.811815,-0.041677,0.036452,-0.693876,0.717963,0.013084,-0.022546,0.086608,0.116517,-0.022700,0.126746,-0.101354,0.131794,-0.159462,0.146157,0.068866,-0.076288,0.020348,0.094028,-0.212183,-0.386300,1.667470,0.220545,0.559698,-0.349912,-0.038908,0.516383,0.768272,-1.574127,-1.306516,0.247130,0.167148,0.096306,-0.641292
0.012326,0.071253,0.811819,-0.041862,0.036892,-0.694446,0.717378,0.014101,-0.022482,0.089903,0.116326,-0.022984,0.127802,-0.100783,0.132179,-0.156357,0.146147,0.068878,-0.075288,0.020658,0.092954,-0.211413,-0.382734,1.672009,0.221242,0.563211,-0.349880,-0.037634,0.515440,0.774370,-1.569289,-1.306947,0.247731,0.168737,0.096522,-0.638090
0.012918,0.070390,0.811770,-0.041901,0.037334,-0.694818,0.716993,0.014982,-0.022290,0.092443,0.116005,-0.024029,0.128939,-0.100158,0.132357,-0.155193,0.145944,0.068102,-0.075197,0.023278,0.091485,-0.210809,-0.381437,1.673457,0.223801,0.563905,-0.351086,-0.037848,0.515992,0.777268,-1.569861,-1.308367,0.251859,0.172249,0.097013,-0.635904
0.013556,0.069574,0.811710,-0.041965,0.037759,-0.695141,0.716654,0.015783,-0.022092,0.095067,0.115825,-0.024853,0.129813,-0.099584,0.132787,-0.152716,0.145925,0.067339,-0.074406,0.025565,0.090592,-0.210070,-0.379907,1.674467,0.226418,0.564296,-0.352075,-0.037983,0.517076,0.779810,-1.571719,-1.309283,0.257537,0.176030,0.097267,-0.633749
0.014122,0.068762,0.811647,-0.042045,0.038180,-0.695479,0.716298,0.016614,-0.021887,0.097734,0.115659,-0.025698,0.130703,-0.098992,0.133230,-0.150195,0.145921,0.066577,-0.073601,0.027807,0.089832,-0.209393,-0.378081,1.675351,0.229197,0.564653,-0.352953,-0.038031,0.518341,0.782064,-1.574151,-1.309816,0.263868,0.179893,0.097263,-0.631570
0.015002,0.067972,0.811562,-0.042382,0.038181,-0.696380,0.715402,0.018494,-0.021968,0.100961,0.115667,-0.027012,0.131746,-0.098023,0.133205,-0.148593,0.146064,0.065860,-0.072910,0.031162,0.090999,-0.208591,-0.375664,1.670623,0.231825,0.566765,-0.354438,-0.038043,0.519376,0.781512,-1.574696,-1.308512,0.266870,0.185111,0.095893,-0.629162
0.015809,0.067280,0.811476,-0.042835,0.038157,-0.697298,0.714482,0.020602,-0.021977,0.104233,0.115669,-0.028237,0.132736,-0.096604,0.133477,-0.145979,0.146213,0.064953,-0.072039,0.034418,0.092154,-0.207623,-0.372825,1.665816,0.234785,0.568833,-0.355666,-0.038215,0.520594,0.779579,-1.574625,-1.305773,0.269011,0.189702,0.094968,-0.627126
0.016603,0.066590,0.811305,-0.043325,0.038089,-0.698230,0.713546,0.022867,-0.021969,0.107545,0.115636,-0.029464,0.133701,-0.095034,0.133781,-0.143315,0.146306,0.064068,-0.071190,0.037579,0.093211,-0.206515,-0.369590,1.661142,0.238111,0.570840,-0.356829,-0.038412,0.521867,0.776341,-1.574308,-1.301770,0.270758,0.194000,0.094316,-0.625232
0.017233,0.066373,0.810068,-0.042548,0.037983,-0.700937,0.710939,0.023256,-0.023926,0.111780,0.114241,-0.037160,0.137097,-0.096486,0.133798,-0.136109,0.144935,0.056776,-0.068739,0.040373,0.091853,-0.203977,-0.367152,1.662144,0.241517,0.568473,-0.357281,-0.039073,0.522306,0.773157,-1.582861,-1.298145,0.277322,0.196803,0.095058,-0.621697
0.017966,0.066087,0.808799,-0.041610,0.037928,-0.703806,0.708158,0.023056,-0.026007,0.116506,0.113414,-0.044907,0.140452,-0.098918,0.133491,-0.128923,0.144539,0.049325,-0.066839,0.043465,0.090437,-0.202036,-0.364683,1.663228,0.244801,0.565977,-0.357719,-0.039164,0.522632,0.769864,-1.593431,-1.294365,0.286622,0.199974,0.095394,-0.617093
0.018622,0.065808,0.807530,-0.040566,0.037947,-0.706688,0.705342,0.022531,-0.028165,0.121251,0.112734,-0.052720,0.143874,-0.101850,0.133102,-0.121695,0.144537,0.041726,-0.064941,0.046586,0.089116,-0.200505,-0.362155,1.664223,0.248015,0.563480,-0.358142,-0.039082,0.522967,0.766554,-1.604820,-1.290483,0.297039,0.203329,0.095229,-0.612129
0.018526,0.066180,0.804490,-0.039910,0.036025,-0.713089,0.699009,0.025447,-0.031385,0.127145,0.111803,-0.075194,0.147831,-0.114228,0.132203,-0.114359,0.166486,0.016361,-0.063079,0.065338,0.085445,-0.197790,-0.358606,1.666699,0.251567,0.568436,-0.359646,-0.036940,0.520616,0.763548,-1.625482,-1.286521,0.323060,0.207723,0.098439,-0.601716
0.018490,0.066571,0.801374,-0.039162,0.033905,-0.719968,0.692071,0.028129,-0.034902,0.134456,0.112102,-0.098467,0.152151,-0.130986,0.130826,-0.106260,0.197772,-0.013495,-0.060944,0.085607,0.082076,-0.195326,-0.354980,1.669089,0.255224,0.574878,-0.361707,-0.035597,0.517100,0.760991,-1.649969,-1.283234,0.354010,0.212476,0.100416,-0.589557
0.018480,0.067056,0.798155,-0.038156,0.031824,-0.726879,0.684965,0.030203,-0.038867,0.141858,0.112715,-0.121839,0.156850,-0.150039,0.129152,-0.098153,0.232838,-0.045173,-0.058508,0.106177,0.078759,-0.193522,-0.351230,1.671301,0.258982,0.581985,-0.363899,-0.034723,0.513204,0.759019,-1.675845,-1.280579,0.386879,0.217272,0.101436,-0.576648
0.019722,0.066648,0.794825,-0.036524,0.026619,-0.734990,0.676570,0.016174,-0.046824,0.153526,0.157018,-0.150075,0.159492,-0.182709,0.121205,-0.084558,0.306694,-0.084751,-0.058116,0.132747,0.079392,-0.190080,-0.353197,1.661382,0.264841,0.577707,-0.363613,-0.036017,0.514952,0.744714,-1.722980,-1.271422,0.435016,0.223960,0.101668,-0.554656
0.020913,0.066764,0.791663,-0.033598,0.022115,-0.742208,0.668962,-0.003223,-0.056009,0.162770,0.203175,-0.177517,0.162778,-0.217227,0.112148,-0.072579,0.376314,-0.121367,-0.057094,0.155916,0.079198,-0.187809,-0.360459,1.655059,0.267641,0.577976,-0.367007,-0.036478,0.512976,0.730038,-1.772456,-1.263891,0.484406,0.231416,0.102655,-0.530484
0.022212,0.066810,0.788585,-0.030292,0.017509,-0.749178,0.661444,-0.024025,-0.066011,0.171765,0.250523,-0.205324,0.166472,-0.252321,0.102672,-0.060422,0.445893,-0.157871,-0.055510,0.179138,0.078154,-0.185931,-0.372469,1.649078,0.266131,0.579684,-0.371015,-0.037508,0.510107,0.718657,-1.821422,-1.259463,0.533231,0.238052,0.103862,-0.505466
0.021533,0.066590,0.784819,-0.025518,0.010803,-0.752139,0.658422,-0.040333,-0.081221,0.175401,0.289005,-0.223017,0.167720,-0.282622,0.085258,-0.058283,0.510737,-0.191087,-0.054867,0.207267,0.064888,-0.183672,-0.393841,1.637006,0.258522,0.564114,-0.371225,-0.039533,0.506289,0.713721,-1.875007,-1.261473,0.600920,0.244024,0.108582,-0.479219
0.020915,0.066527,0.780869,-0.020867,0.003509,-0.754775,0.655642,-0.055026,-0.097530,0.179224,0.325638,-0.241193,0.169901,-0.312107,0.066954,-0.056170,0.576225,-0.224933,-0.054062,0.235203,0.050342,-0.180748,-0.422544,1.624234,0.243581,0.547809,-0.370116,-0.039986,0.503825,0.720679,-1.929015,-1.274502,0.670566,0.247665,0.112403,-0.452070
0.020135,0.066455,0.776947,-0.016177,-0.004307,-0.757223,0.652941,-0.069444,-0.114791,0.183062,0.362589,-0.259473,0.172150,-0.341025,0.047919,-0.053544,0.642184,-0.259207,-0.053182,0.262150,0.034050,-0.177966,-0.457378,1.612290,0.221702,0.532904,-0.368492,-0.040040,0.501878,0.743712,-1.983473,-1.302634,0.740946,0.248029,0.116249,-0.425120
0.020055,0.065909,0.772790,-0.011897,-0.011446,-0.754338,0.656279,-0.080504,-0.134037,0.182325,0.391554,-0.273690,0.176266,-0.362776,0.023734,-0.055316,0.697758,-0.288386,-0.051365,0.270525,0.020886,-0.177300,-0.496586,1.604034,0.190902,0.527160,-0.367175,-0.037276,0.498486,0.782000,-2.029718,-1.341187,0.812915,0.240431,0.119844,-0.404436
0.019697,0.065339,0.768692,-0.007840,-0.018970,-0.751099,0.659870,-0.090055,-0.153747,0.180862,0.419564,-0.287378,0.180062,-0.382400,-0.001011,-0.057255,0.751932,-0.317397,-0.049871,0.276299,0.005847,-0.177433,-0.540422,1.598194,0.153890,0.523837,-0.365953,-0.035088,0.494845,0.830421,-2.075683,-1.389392,0.884618,0.229788,0.123242,-0.385843
0.019212,0.064719,0.764579,-0.003676,-0.026741,-0.747678,0.663513,-0.099266,-0.173956,0.179256,0.447557,-0.301160,0.183545,-0.401249,-0.026266,-0.058865,0.805795,-0.346714,-0.048712,0.280150,-0.011780,-0.178991,-0.587956,1.594590,0.111544,0.521719,-0.364688,-0.033056,0.491231,0.884078,-2.121041,-1.442659,0.955954,0.216360,0.126099,-0.369443
0.020300,0.063013,0.760898,-0.000276,-0.029815,-0.741173,0.670652,-0.113026,-0.190262,0.170021,0.475783,-0.314027,0.188841,-0.415843,-0.049269,-0.065699,0.845131,-0.367617,-0.042795,0.264732,-0.023389,-0.182165,-0.643740,1.598055,0.060110,0.516716,-0.362359,-0.030934,0.485164,0.930830,-2.154143,-1.491611,1.021900,0.204972,0.128426,-0.364781
0.021341,0.061410,0.757263,0.002838,-0.032485,-0.734531,0.677791,-0.126944,-0.205698,0.160486,0.504438,-0.326986,0.193775,-0.429402,-0.071635,-0.072979,0.882497,-0.387617,-0.038324,0.250693,-0.034599,-0.186169,-0.707295,1.599590,0.000775,0.511607,-0.359632,-0.028671,0.479320,0.967782,-2.183843,-1.530221,1.084849,0.193708,0.131057,-0.361462
0.022606,0.059774,0.753751,0.005797,-0.035033,-0.727810,0.684859,-0.140908,-0.221070,0.151079,0.533423,-0.340112,0.198640,-0.442538,-0.094073,-0.080180,0.919321,-0.407519,-0.034016,0.239493,-0.045227,-0.190387,-0.779413,1.597152,-0.066779,0.506693,-0.356205,-0.026379,0.473907,0.992219,-2.210491,-1.555509,1.146049,0.182754,0.133848,-0.358241
0.022197,0.059250,0.751033,0.008345,-0.034126,-0.717590,0.695579,-0.159675,-0.232185,0.129153,0.560481,-0.351012,0.201408,-0.450035,-0.109453,-0.091105,0.938475,-0.424430,-0.029863,0.219173,-0.052838,-0.196939,-0.859662,1.589276,-0.140476,0.509625,-0.355185,-0.023817,0.472944,0.996337,-2.215271,-1.563250,1.182582,0.182671,0.133259,-0.365524
0.022019,0.058765,0.748476,0.010439,-0.032837,-0.707246,0.706128,-0.178357,-0.242680,0.107271,0.588102,-0.362187,0.203303,-0.456686,-0.123930,-0.102522,0.956333,-0.440509,-0.026560,0.203279,-0.059053,-0.203277,-0.948380,1.575014,-0.221280,0.514624,-0.353637,-0.021448,0.471906,0.986957,-2.215348,-1.556000,1.216307,0.184168,0.134069,-0.371611
0.021884,0.058409,0.745806,0.012325,-0.031462,-0.696789,0.716480,-0.196929,-0.253332,0.085632,0.616228,-0.373690,0.204943,-0.463071,-0.138208,-0.113959,0.974153,-0.456640,-0.023355,0.191367,-0.065356,-0.209408,-1.044750,1.554301,-0.308760,0.522658,-0.351741,-0.019017,0.471101,0.967983,-2.212469,-1.537643,1.249777,0.186479,0.135303,-0.376461
0.020367,0.058574,0.743911,0.014381,-0.028694,-0.684679,0.728138,-0.215901,-0.260320,0.064721,0.638465,-0.381333,0.203428,-0.467168,-0.150080,-0.129199,0.983492,-0.470222,-0.022134,0.179582,-0.072415,-0.217677,-1.134607,1.537336,-0.393183,0.540322,-0.350343,-0.017657,0.470646,0.950000,-2.196412,-1.513747,1.267082,0.189438,0.135486,-0.378293
0.018764,0.058812,0.742166,0.016293,-0.025721,-0.672443,0.739522,-0.234584,-0.267222,0.043591,0.660560,-0.389149,0.201773,-0.470843,-0.161338,-0.144663,0.992107,-0.483506,-0.021277,0.167469,-0.080011,-0.225749,-1.219844,1.519519,-0.472734,0.559036,-0.349885,-0.016950,0.469568,0.930939,-2.178978,-1.489373,1.282464,0.192531,0.136628,-0.380116
0.017068,0.058880,0.740336,0.018143,-0.022680,-0.660053,0.750657,-0.253011,-0.274301,0.022510,0.682673,-0.397219,0.199657,-0.474356,-0.172364,-0.160170,1.000632,-0.496858,-0.020602,0.154504,-0.088169,-0.233558,-1.299338,1.501364,-0.546419,0.578071,-0.350199,-0.016327,0.468096,0.911332,-2.161535,-1.465206,1.297500,0.195665,0.137943,-0.381885
0.015844,0.059507,0.739274,0.019930,-0.017915,-0.644748,0.763925,-0.272524,-0.279101,0.005752,0.699738,-0.400058,0.199557,-0.478210,-0.181330,-0.174118,1.005911,-0.503724,-0.016663,0.138104,-0.094181,-0.241316,-1.372645,1.484647,-0.613151,0.591786,-0.350359,-0.016388,0.468589,0.889320,-2.141122,-1.436848,1.313172,0.198912,0.138534,-0.386628
0.014473,0.060029,0.738230,0.021629,-0.013015,-0.629164,0.776863,-0.292071,-0.283852,-0.010649,0.716619,-0.402708,0.198506,-0.482254,-0.190083,-0.187794,1.011179,-0.510118,-0.013714,0.120582,-0.100201,-0.249115,-1.439298,1.468133,-0.673328,0.604843,-0.350987,-0.016262,0.468976,0.864877,-2.121497,-1.406623,1.328754,0.202360,0.139092,-0.391357
0.013036,0.060366,0.737177,0.023175,-0.008027,-0.613324,0.789451,-0.311580,-0.288691,-0.027047,0.733528,-0.405421,0.197249,-0.486295,-0.198759,-0.201487,1.016427,-0.516485,-0.010808,0.101804,-0.105850,-0.256942,-1.499068,1.452300,-0.726834,0.617136,-0.351923,-0.016129,0.469174,0.838403,-2.103327,-1.374945,1.344561,0.205899,0.139670,-0.396092
0.011023,0.060428,0.736483,0.024599,-0.004782,-0.604916,0.795895,-0.325742,-0.291089,-0.038107,0.745687,-0.406939,0.195612,-0.491421,-0.201894,-0.209931,1.021084,-0.519238,-0.011077,0.094943,-0.112302,-0.261439,-1.547493,1.439514,-0.773880,0.621567,-0.352090,-0.017367,0.467282,0.812032,-2.091576,-1.349098,1.353798,0.210122,0.140610,-0.397049
0.009034,0.060531,0.735907,0.025608,-0.001615,-0.596786,0.801990,-0.338787,-0.292709,-0.048645,0.757213,-0.408310,0.193544,-0.495541,-0.204037,-0.218002,1.024620,-0.521310,-0.011577,0.087790,-0.117230,-0.265543,-1.586739,1.428608,-0.812267,0.623463,-0.351928,-0.018275,0.465625,0.786973,-2.081470,-1.325025,1.362903,0.214082,0.141801,-0.398501
0.007048,0.060498,0.735367,0.026420,0.001579,-0.588646,0.807957,-0.351476,-0.294183,-0.059207,0.768582,-0.409694,0.191450,-0.499300,-0.205947,-0.226109,1.027777,-0.523175,-0.012029,0.079819,-0.120908,-0.269790,-1.618744,1.419248,-0.843903,0.623538,-0.351363,-0.019102,0.464167,0.762441,-2.073108,-1.301701,1.372200,0.217952,0.143041,-0.400261
0.006976,0.060830,0.735401,0.026667,0.003854,-0.585355,0.810329,-0.358170,-0.294464,-0.063910,0.772482,-0.408638,0.189005,-0.501338,-0.206104,-0.229806,1.026454,-0.522594,-0.012913,0.078881,-0.117607,-0.272870,-1.648723,1.410763,-0.874718,0.626478,-0.354217,-0.019170,0.458836,0.740958,-2.068842,-1.278008,1.380091,0.219325,0.144686,-0.398052
0.006814,0.061096,0.735410,0.026383,0.006125,-0.582354,0.812484,-0.363422,-0.294282,-0.069970,0.775388,-0.409003,0.189168,-0.502542,-0.205554,-0.234510,1.024603,-0.521059,-0.012863,0.078558,-0.113256,-0.275480,-1.676835,1.402227,-0.903840,0.629572,-0.357238,-0.019493,0.453196,0.719974,-2.065192,-1.254880,1.388263,0.220502,0.146343,-0.395889
0.006662,0.061377,0.735527,0.025953,0.008335,-0.579377,0.814604,-0.368375,-0.293953,-0.076060,0.778268,-0.409405,0.189317,-0.503407,-0.204832,-0.239269,1.022540,-0.519437,-0.012823,0.078154,-0.108634,-0.277936,-1.703302,1.393698,-0.931482,0.632509,-0.360226,-0.019858,0.447535,0.699257,-2.061905,-1.232045,1.396525,0.221638,0.147971,-0.393802
0.005695,0.061571,0.735806,0.025917,0.009051,-0.576850,0.816389,-0.370897,-0.291631,-0.075284,0.779301,-0.407330,0.185618,-0.503317,-0.203036,-0.239665,1.020827,-0.517330,-0.014131,0.078248,-0.105951,-0.277907,-1.726406,1.384003,-0.952046,0.636223,-0.363545,-0.019992,0.442739,0.681322,-2.060896,-1.213144,1.398884,0.222054,0.149683,-0.388258
0.004794,0.061779,0.736085,0.025670,0.009722,-0.574404,0.818111,-0.372524,-0.289820,-0.076421,0.779619,-0.406231,0.184319,-0.503072,-0.201187,-0.240538,1.019517,-0.514597,-0.015860,0.078299,-0.102672,-0.277732,-1.746581,1.374871,-0.969879,0.639119,-0.366410,-0.020145,0.438136,0.665581,-2.060210,-1.196536,1.400983,0.222266,0.151684,-0.383016
0.003907,0.061990,0.736381,0.025381,0.010365,-0.571955,0.819827,-0.373986,-0.287995,-0.077588,0.779832,-0.405099,0.183042,-0.502655,-0.199315,-0.241430,1.018092,-0.511824,-0.017562,0.078110,-0.099126,-0.277653,-1.764717,1.366126,-0.985912,0.641493,-0.369034,-0.020258,0.433644,0.651697,-2.059891,-1.181771,1.403093,0.222416,0.153711,-0.378005
0.003475,0.062035,0.736638,0.025537,0.010348,-0.571728,0.819981,-0.373087,-0.287059,-0.076612,0.777219,-0.404297,0.182720,-0.501495,-0.195885,-0.236898,1.014402,-0.514024,-0.014126,0.082556,-0.097450,-0.277315,-1.769649,1.369787,-0.991785,0.671930,-0.373138,-0.016555,0.426626,0.640933,-2.058831,-1.172217,1.402899,0.222118,0.155229,-0.373180
0.003283,0.061986,0.737095,0.025429,0.010349,-0.571610,0.820066,-0.371470,-0.285726,-0.075707,0.774034,-0.403277,0.182563,-0.500375,-0.192803,-0.233443,1.011321,-0.512901,-0.013908,0.086962,-0.094098,-0.277423,-1.770002,1.374322,-0.993653,0.702753,-0.376442,-0.014293,0.418747,0.633261,-2.059507,-1.165397,1.402985,0.221698,0.156937,-0.368823
0.003140,0.062026,0.737491,0.025260,0.010396,-0.571521,0.820133,-0.369772,-0.284262,-0.074816,0.770747,-0.402235,0.182448,-0.499110,-0.189564,-0.230025,1.007977,-0.511639,-0.013649,0.091194,-0.090069,-0.277926,-1.767684,1.379468,-0.993342,0.733044,-0.379123,-0.012180,0.410882,0.628125,-2.061071,-1.160912,1.403371,0.221237,0.158643,-0.364720
0.002884,0.061885,0.737962,0.024961,0.010828,-0.572328,0.819573,-0.368215,-0.280800,-0.072607,0.767446,-0.401292,0.181614,-0.497112,-0.185414,-0.228560,1.002216,-0.511210,-0.014194,0.095698,-0.087484,-0.277009,-1.768556,1.383302,-0.993237,0.744731,-0.378647,-0.013093,0.408237,0.625214,-2.061212,-1.157063,1.405614,0.221559,0.160284,-0.362285
0.002528,0.061644,0.738602,0.024501,0.011241,-0.573180,0.818986,-0.366347,-0.277168,-0.070685,0.763989,-0.400544,0.180909,-0.495121,-0.180839,-0.226892,0.996704,-0.509330,-0.014588,0.100269,-0.084859,-0.275884,-1.768913,1.387444,-0.992875,0.754911,-0.377977,-0.012939,0.406425,0.623868,-2.060889,-1.154862,1.407765,0.221899,0.161741,-0.360041
0.002259,0.061486,0.739166,0.024021,0.011641,-0.574043,0.818390,-0.364416,-0.273514,-0.068744,0.760473,-0.399797,0.180179,-0.493035,-0.176231,-0.225217,0.991107,-0.507418,-0.014988,0.104719,-0.082208,-0.274813,-1.768943,1.391783,-0.992368,0.764786,-0.377227,-0.012604,0.404761,0.623966,-2.060630,-1.154102,1.409954,0.222216,0.163181,-0.357936
0.001716,0.061457,0.740152,0.024067,0.012108,-0.575206,0.817565,-0.362200,-0.269771,-0.066651,0.753872,-0.396810,0.178289,-0.492792,-0.171527,-0.222113,0.985708,-0.501798,-0.017509,0.104643,-0.077873,-0.274497,-1.767649,1.400853,-0.993583,0.796867,-0.378666,-0.009205,0.399622,0.625523,-2.062722,-1.152504,1.408233,0.219816,0.164095,-0.355851
0.001173,0.061430,0.741008,0.024252,0.012635,-0.576327,0.816762,-0.360387,-0.266026,-0.064060,0.747349,-0.393845,0.175941,-0.492462,-0.166966,-0.218988,0.979735,-0.497693,-0.018959,0.104215,-0.073700,-0.274424,-1.767806,1.409686,-0.996288,0.830563,-0.380156,-0.006859,0.393514,0.627622,-2.065134,-1.151521,1.406491,0.217343,0.165222,-0.353688
0.000704,0.061397,0.741858,0.024457,0.013168,-0.577442,0.815959,-0.358636,-0.262315,-0.061465,0.740864,-0.390887,0.173560,-0.492176,-0.162430,-0.215867,0.973814,-0.493626,-0.020442,0.103696,-0.069720,-0.274364,-1.768935,1.418377,-1.000131,0.864625,-0.381545,-0.004659,0.387200,0.630315,-2.067404,-1.151173,1.404750,0.214863,0.166348,-0.351530
0.000578,0.061874,0.742992,0.024741,0.014012,-0.580059,0.814078,-0.355867,-0.259563,-0.060451,0.729785,-0.387510,0.177142,-0.492305,-0.156095,-0.209993,0.963764,-0.488628,-0.019221,0.102734,-0.066373,-0.275162,-1.771358,1.429258,-1.006320,0.881354,-0.381123,-0.005001,0.384135,0.632615,-2.067248,-1.150444,1.403328,0.213440,0.166876,-0.350410
0.000515,0.062435,0.744307,0.025033,0.014782,-0.582708,0.812161,-0.352751,-0.255329,-0.056181,0.718111,-0.382554,0.177050,-0.492441,-0.149674,-0.203578,0.953905,-0.482192,-0.019309,0.101763,-0.063140,-0.275835,-1.773350,1.440529,-1.012366,0.896807,-0.380685,-0.004438,0.381705,0.634939,-2.066706,-1.149790,1.401634,0.212046,0.167337,-0.349382
0.000543,0.062997,0.745632,0.025310,0.015556,-0.585377,0.810217,-0.349588,-0.251087,-0.051852,0.706386,-0.377586,0.176908,-0.492496,-0.143195,-0.197136,0.943959,-0.475707,-0.019427,0.100865,-0.059839,-0.276512,-1.775129,1.451873,-1.018299,0.911995,-0.380161,-0.003742,0.379402,0.637308,-2.066171,-1.149170,1.399912,0.210648,0.167811,-0.348390
0.000362,0.064344,0.747608,0.024792,0.016323,-0.588188,0.808179,-0.342711,-0.246046,-0.050699,0.687239,-0.370393,0.175577,-0.488616,-0.133913,-0.190088,0.925452,-0.466876,-0.020618,0.100826,-0.056443,-0.276581,-1.774157,1.451754,-1.019330,0.900142,-0.380117,-0.005932,0.378829,0.640439,-2.066871,-1.150898,1.394066,0.208398,0.166986,-0.349076
0.000348,0.065674,0.749854,0.024044,0.016899,-0.591087,0.806072,-0.334945,-0.239896,-0.046944,0.667622,-0.361563,0.175033,-0.483656,-0.124371,-0.182648,0.906193,-0.456767,-0.020827,0.101106,-0.052462,-0.276363,-1.768681,1.452281,-1.016350,0.885905,-0.379557,-0.006944,0.379463,0.644723,-2.067664,-1.153430,1.387961,0.206058,0.166246,-0.350092
0.000290,0.066919,0.752035,0.023212,0.017474,-0.594015,0.803929,-0.326983,-0.233717,-0.043066,0.647919,-0.352740,0.174451,-0.478379,-0.114751,-0.175152,0.886707,-0.446569,-0.021059,0.101438,-0.047874,-0.276261,-1.760217,1.453290,-1.010633,0.870836,-0.378649,-0.007803,0.380498,0.649698,-2.069087,-1.156493,1.382005,0.203696,0.165542,-0.351269
-0.000214,0.067529,0.754989,0.022902,0.018563,-0.597878,0.801045,-0.314403,-0.226163,-0.040943,0.618202,-0.341123,0.173188,-0.470736,-0.102234,-0.165544,0.859941,-0.433588,-0.021725,0.102549,-0.041929,-0.276343,-1.747198,1.456243,-1.000399,0.867439,-0.375847,-0.006794,0.379651,0.657259,-2.070514,-1.162761,1.373452,0.200864,0.165126,-0.350924
-0.000672,0.068044,0.758017,0.022368,0.019607,-0.601792,0.798099,-0.301277,-0.218273,-0.038562,0.588217,-0.329451,0.171613,-0.462193,-0.089405,-0.155931,0.832393,-0.420327,-0.022507,0.103572,-0.035220,-0.276471,-1.731952,1.459465,-0.988271,0.864185,-0.372757,-0.006162,0.378626,0.666982,-2.072796,-1.171018,1.365081,0.197968,0.164819,-0.350903
-0.001202,0.068554,0.760967,0.021761,0.020670,-0.605700,0.795127,-0.288176,-0.210346,-0.036046,0.558466,-0.317926,0.169910,-0.453353,-0.076538,-0.146273,0.804696,-0.407064,-0.023424,0.104380,-0.028142,-0.276732,-1.715246,1.462937,-0.974935,0.860708,-0.369519,-0.005594,0.377682,0.678513,-2.075599,-1.181026,1.356950,0.195049,0.164498,-0.351059
-0.001173,0.068900,0.764653,0.021032,0.023056,-0.609685,0.792029,-0.270404,-0.201175,-0.036166,0.516184,-0.299737,0.167572,-0.441356,-0.062671,-0.137749,0.767007,-0.386815,-0.024657,0.105301,-0.020495,-0.279909,-1.706896,1.463973,-0.966627,0.873362,-0.370627,-0.004476,0.376364,0.683447,-2.080207,-1.188362,1.355514,0.194026,0.164565,-0.349722
-0.001177,0.069145,0.768215,0.019866,0.024944,-0.613657,0.788929,-0.251969,-0.191995,-0.036259,0.476256,-0.283518,0.165888,-0.427639,-0.048673,-0.129294,0.729991,-0.368551,-0.025426,0.106565,-0.013440,-0.282059,-1.695512,1.465038,-0.955969,0.884172,-0.370878,-0.004060,0.376061,0.689755,-2.082279,-1.196703,1.352063,0.192766,0.164227,-0.349222
-0.001259,0.069308,0.771785,0.018573,0.026740,-0.617581,0.785833,-0.233555,-0.182883,-0.036093,0.437081,-0.267736,0.164060,-0.413403,-0.034749,-0.120698,0.693004,-0.350429,-0.026331,0.107747,-0.006128,-0.283978,-1.682241,1.466217,-0.943596,0.894344,-0.370786,-0.003578,0.376143,0.696871,-2.084309,-1.205799,1.348312,0.191473,0.164015,-0.349087
-0.000657,0.069630,0.774855,0.016881,0.028908,-0.622239,0.782111,-0.214198,-0.173867,-0.037074,0.395813,-0.248822,0.162200,-0.399784,-0.020831,-0.110602,0.655975,-0.328658,-0.026246,0.111823,0.004341,-0.283309,-1.670815,1.466966,-0.933500,0.907248,-0.368889,-0.001696,0.374075,0.708695,-2.087270,-1.215186,1.345921,0.189276,0.164995,-0.345889
0.000015,0.070028,0.777980,0.015159,0.031010,-0.626886,0.778346,-0.194990,-0.165001,-0.037857,0.355162,-0.230072,0.161016,-0.385589,-0.006969,-0.100236,0.618427,-0.306788,-0.026158,0.115574,0.014611,-0.282611,-1.660809,1.467670,-0.924997,0.920690,-0.366934,0.000153,0.371713,0.722542,-2.090521,-1.226569,1.343919,0.186964,0.165990,-0.342643
0.000662,0.070412,0.781137,0.013474,0.033075,-0.631449,0.774595,-0.176168,-0.156358,-0.038387,0.315352,-0.211751,0.159683,-0.371103,0.006643,-0.089686,0.580747,-0.284925,-0.026227,0.118885,0.024603,-0.281932,-1.651866,1.468446,-0.917765,0.934341,-0.365031,0.001964,0.369246,0.738289,-2.093841,-1.239894,1.342067,0.184618,0.166917,-0.339523
0.001018,0.070503,0.783824,0.012936,0.032368,-0.636183,0.770751,-0.164958,-0.144650,-0.042260,0.304166,-0.209186,0.139717,-0.356623,0.014677,-0.074616,0.550289,-0.266556,-0.025373,0.119813,0.026414,-0.281230,-1.631038,1.471414,-0.898431,0.923100,-0.363399,-0.000472,0.375583,0.763188,-2.092638,-1.264685,1.333901,0.184149,0.166579,-0.343195
0.001444,0.070753,0.786539,0.012887,0.032493,-0.640761,0.766944,-0.156288,-0.132822,-0.046334,0.292932,-0.205972,0.119767,-0.343792,0.022545,-0.059837,0.518571,-0.247102,-0.024546,0.119782,0.029207,-0.281967,-1.612900,1.475047,-0.881323,0.913099,-0.362792,-0.001944,0.381077,0.785999,-2.094850,-1.288062,1.328471,0.184071,0.166052,-0.345687
0.001777,0.070987,0.789249,0.012959,0.032673,-0.645291,0.763128,-0.148020,-0.121113,-0.050340,0.281772,-0.202722,0.099782,-0.331080,0.030076,-0.044972,0.486937,-0.227731,-0.023838,0.119755,0.031676,-0.282850,-1.596030,1.478397,-0.865399,0.903513,-0.362373,-0.003429,0.386334,0.807757,-2.096971,-1.310428,1.323170,0.183996,0.165352,-0.347927
0.002328,0.071222,0.791449,0.012588,0.032182,-0.648793,0.760180,-0.140564,-0.107254,-0.053875,0.281145,-0.206055,0.084369,-0.316813,0.034637,-0.033062,0.457396,-0.210727,-0.022579,0.120765,0.032524,-0.281915,-1.580615,1.481378,-0.850874,0.904881,-0.362107,-0.003331,0.389756,0.831777,-2.096503,-1.331505,1.314710,0.182542,0.164841,-0.349379
0.002843,0.071337,0.793640,0.012256,0.031568,-0.652243,0.757254,-0.133259,-0.093647,-0.057551,0.280909,-0.209828,0.069322,-0.302470,0.038805,-0.021205,0.428213,-0.194193,-0.021425,0.121733,0.032932,-0.280749,-1.567222,1.483999,-0.838287,0.907059,-0.361983,-0.003614,0.392786,0.855864,-2.095660,-1.352677,1.305930,0.181063,0.164452,-0.350908
0.003336,0.071419,0.795740,0.011968,0.030887,-0.655661,0.754329,-0.125964,-0.080167,-0.061142,0.280656,-0.213594,0.054242,-0.288047,0.042594,-0.009348,0.399238,-0.177881,-0.020390,0.122688,0.032929,-0.279464,-1.555156,1.486395,-0.826979,0.909564,-0.361993,-0.003938,0.395680,0.880141,-2.094589,-1.374073,1.297039,0.179582,0.164072,-0.352380
0.003232,0.070939,0.797091,0.010902,0.032478,-0.659026,0.751339,-0.110773,-0.069032,-0.061053,0.254889,-0.204198,0.053326,-0.274051,0.050698,-0.002198,0.366949,-0.160513,-0.021223,0.122631,0.039252,-0.280802,-1.556841,1.488383,-0.828881,0.925404,-0.363129,-0.002681,0.394185,0.892065,-2.099810,-1.385209,1.299157,0.178788,0.165308,-0.349078
0.002982,0.070256,0.798345,0.009353,0.033500,-0.662523,0.748234,-0.094026,-0.057773,-0.060497,0.230278,-0.195934,0.052359,-0.258568,0.058939,0.005325,0.335863,-0.144376,-0.022342,0.123712,0.044680,-0.280930,-1.558664,1.489293,-0.831499,0.940633,-0.363895,-0.002152,0.393447,0.906147,-2.101667,-1.397762,1.299102,0.177699,0.165959,-0.345989
0.002717,0.069645,0.799714,0.007746,0.034359,-0.665981,0.745137,-0.076988,-0.046704,-0.059778,0.205895,-0.187842,0.051336,-0.242679,0.066886,0.012950,0.304904,-0.128432,-0.023599,0.124766,0.049715,-0.280695,-1.561033,1.489999,-0.834729,0.955769,-0.364538,-0.001619,0.392889,0.921546,-2.102945,-1.411611,1.298577,0.176542,0.166688,-0.343211
0.002668,0.069100,0.800834,0.005567,0.035631,-0.667759,0.743504,-0.061141,-0.039340,-0.055754,0.177874,-0.167529,0.049101,-0.220484,0.073694,0.015855,0.262394,-0.106793,-0.025644,0.122177,0.053170,-0.280828,-1.563716,1.491670,-0.838945,0.962044,-0.364527,-0.002258,0.392851,0.937004,-2.101466,-1.426074,1.290840,0.176906,0.165268,-0.345307
0.002615,0.068543,0.801979,0.003261,0.036769,-0.669400,0.741985,-0.044611,-0.032147,-0.051825,0.149271,-0.146739,0.046864,-0.196885,0.080331,0.018498,0.218080,-0.084457,-0.027372,0.119267,0.056428,-0.280358,-1.566204,1.493558,-0.842888,0.967350,-0.364474,-0.002322,0.393239,0.953175,-2.098997,-1.441349,1.281958,0.177573,0.164145,-0.348024
0.002563,0.068064,0.803270,0.000938,0.037786,-0.670992,0.740500,-0.027928,-0.025263,-0.047914,0.120896,-0.126067,0.044644,-0.172879,0.086803,0.021201,0.173599,-0.062117,-0.029158,0.116231,0.059536,-0.279593,-1.568447,1.495498,-0.846602,0.972395,-0.364383,-0.002244,0.393756,0.970032,-2.096372,-1.457340,1.272798,0.178259,0.163149,-0.350889
0.001676,0.067161,0.805411,-0.002016,0.037439,-0.672351,0.739282,-0.020291,-0.019103,-0.043802,0.117863,-0.106475,0.040815,-0.162745,0.093628,0.022013,0.165419,-0.040543,-0.034326,0.113472,0.062472,-0.276958,-1.568027,1.495720,-0.849516,0.977336,-0.364466,-0.001577,0.392648,0.987469,-2.093856,-1.473970,1.263700,0.179111,0.162598,-0.352295
0.000766,0.066304,0.807396,-0.004224,0.037523,-0.673693,0.738046,-0.015701,-0.013651,-0.039601,0.117229,-0.087571,0.037115,-0.157375,0.099993,0.022896,0.163156,-0.021469,-0.040636,0.110650,0.064752,-0.275887,-1.566335,1.496169,-0.851086,0.981822,-0.364304,-0.000955,0.391668,1.005698,-2.091561,-1.491492,1.254533,0.179867,0.162122,-0.353790
-0.000146,0.065529,0.809457,-0.006101,0.037865,-0.675026,0.736797,-0.012224,-0.008431,-0.035471,0.117058,-0.068785,0.033521,-0.153566,0.106221,0.023773,0.162182,-0.002953,-0.046871,0.107796,0.066877,-0.275749,-1.563559,1.496776,-0.851738,0.986010,-0.364018,-0.000335,0.390783,1.024757,-2.089539,-1.509760,1.245394,0.180575,0.161665,-0.355348
-0.000072,0.064475,0.811245,-0.007377,0.038451,-0.675301,0.736502,-0.009879,-0.005354,-0.032468,0.116910,-0.053958,0.031802,-0.150228,0.109565,0.023512,0.161127,0.011144,-0.051108,0.104331,0.069327,-0.276306,-1.560789,1.497589,-0.852599,0.992961,-0.363589,0.000758,0.389484,1.043031,-2.087810,-1.528799,1.235767,0.181648,0.161239,-0.357914
0.000009,0.063342,0.813113,-0.008580,0.039096,-0.675512,0.736262,-0.007842,-0.002345,-0.029592,0.116968,-0.039326,0.030184,-0.147224,0.112860,0.023149,0.160413,0.025090,-0.055536,0.100748,0.071818,-0.276970,-1.558472,1.498294,-0.853877,1.000404,-0.363209,0.001626,0.387928,1.061096,-2.086160,-1.547646,1.226108,0.182741,0.160890,-0.360306
0.000003,0.062298,0.814894,-0.009750,0.039766,-0.675716,0.736024,-0.005909,0.000629,-0.026764,0.117090,-0.024713,0.028623,-0.144334,0.116129,0.022766,0.159785,0.038994,-0.059987,0.097224,0.074263,-0.277673,-1.556500,1.498900,-0.855454,1.008008,-0.362850,0.002425,0.386298,1.079036,-2.084491,-1.566386,1.216427,0.183827,0.160548,-0.362628
-0.000194,0.061854,0.816040,-0.010707,0.040020,-0.676895,0.734913,-0.003968,0.003767,-0.021316,0.117112,-0.016527,0.027482,-0.141876,0.119329,0.022144,0.157997,0.048723,-0.066299,0.094713,0.075530,-0.277692,-1.550035,1.497805,-0.853527,1.011334,-0.363083,0.002526,0.383858,1.098403,-2.078376,-1.588114,1.197194,0.188318,0.158767,-0.366962
-0.000467,0.061310,0.817096,-0.011619,0.040238,-0.678122,0.733755,-0.002111,0.006773,-0.015801,0.117380,-0.008477,0.026389,-0.139417,0.122209,0.021373,0.156258,0.057949,-0.070602,0.092704,0.076813,-0.277678,-1.540663,1.496728,-0.848659,1.013520,-0.363024,0.002966,0.381835,1.119110,-2.071303,-1.610995,1.176585,0.193009,0.157568,-0.371778
-0.000708,0.060855,0.818242,-0.012526,0.040473,-0.679350,0.732590,-0.000281,0.009742,-0.010274,0.117679,-0.000438,0.025363,-0.136991,0.125069,0.020626,0.154544,0.067159,-0.074871,0.090773,0.078382,-0.277771,-1.529048,1.495754,-0.841597,1.015122,-0.362749,0.003488,0.380082,1.140752,-2.064388,-1.634768,1.155718,0.197603,0.156542,-0.376775
-0.000682,0.060961,0.818659,-0.013348,0.040312,-0.679664,0.732293,0.000841,0.011159,-0.007214,0.118173,0.003017,0.025174,-0.134667,0.125794,0.016449,0.152119,0.072980,-0.078246,0.091836,0.079060,-0.271962,-1.511221,1.493632,-0.821997,1.021077,-0.364993,0.004266,0.380046,1.148999,-2.054521,-1.647532,1.139034,0.201914,0.156165,-0.380129
-0.000432,0.061060,0.819070,-0.014369,0.040045,-0.679938,0.732034,0.002421,0.012519,-0.004158,0.118828,0.006290,0.025186,-0.131867,0.126339,0.012163,0.149808,0.078424,-0.080290,0.093944,0.080997,-0.266176,-1.487000,1.490195,-0.795983,1.026516,-0.366702,0.004653,0.380469,1.149000,-2.044674,-1.651054,1.122755,0.206762,0.155600,-0.383136
-0.000198,0.061108,0.819400,-0.015409,0.039820,-0.680224,0.731759,0.004105,0.013881,-0.001047,0.119387,0.009526,0.025293,-0.128970,0.126904,0.007944,0.147378,0.083862,-0.082254,0.096513,0.083554,-0.261275,-1.457997,1.485818,-0.765863,1.031083,-0.367821,0.004879,0.381560,1.149000,-2.035030,-1.653408,1.106472,0.211964,0.154894,-0.386721
0.000076,0.061524,0.819635,-0.015813,0.039547,-0.681270,0.730793,0.004464,0.014097,0.001498,0.120212,0.011147,0.025988,-0.127346,0.126749,0.005224,0.144567,0.086546,-0.081437,0.103024,0.087273,-0.251308,-1.410945,1.477614,-0.721127,1.046881,-0.371179,0.006329,0.378885,1.149000,-2.012057,-1.640915,1.104180,0.214928,0.157190,-0.375524
0.000548,0.061882,0.819834,-0.016345,0.039553,-0.682384,0.729740,0.004917,0.014809,0.004396,0.120878,0.012797,0.026870,-0.125940,0.127144,0.002911,0.141898,0.090372,-0.082458,0.110849,0.092818,-0.243895,-1.353365,1.466227,-0.667698,1.060783,-0.373057,0.006653,0.377413,1.149000,-1.989008,-1.625922,1.101799,0.217399,0.158360,-0.364519
0.001151,0.062061,0.820043,-0.016815,0.039728,-0.683530,0.728646,0.005203,0.015520,0.007416,0.121432,0.014396,0.027916,-0.124663,0.127549,0.000741,0.138979,0.094263,-0.083318,0.118818,0.099722,-0.238177,-1.288877,1.452912,-0.608776,1.072359,-0.373784,0.006633,0.377280,1.149000,-1.966401,-1.609651,1.098780,0.219626,0.159265,-0.354410
0.003707,0.063484,0.820045,-0.018819,0.039389,-0.683148,0.728974,0.005138,0.014641,0.010001,0.125466,0.013819,0.031373,-0.122633,0.126007,0.000239,0.138720,0.095937,-0.079300,0.147330,0.117108,-0.230147,-1.137420,1.399902,-0.476300,1.072640,-0.376097,0.000043,0.383722,1.149000,-1.918193,-1.580193,1.088039,0.237627,0.157621,-0.340024
0.006726,0.064735,0.820109,-0.020223,0.039789,-0.682701,0.729334,0.004488,0.013293,0.012408,0.126602,0.014471,0.035532,-0.121106,0.123956,-0.000113,0.135616,0.099106,-0.074923,0.170624,0.139799,-0.227133,-0.982428,1.341667,-0.346394,1.060961,-0.375575,-0.005621,0.393687,1.149000,-1.876237,-1.548874,1.075925,0.256367,0.156645,-0.329556
0.009984,0.065690,0.820084,-0.021497,0.040529,-0.682228,0.729699,0.003533,0.011924,0.014802,0.127450,0.015024,0.039987,-0.119736,0.121876,-0.000430,0.131967,0.102309,-0.070244,0.188726,0.165509,-0.225902,-0.838540,1.279146,-0.231816,1.042291,-0.373910,-0.010409,0.404201,1.148996,-1.837904,-1.517825,1.062386,0.275337,0.155802,-0.320652
0.014168,0.066419,0.819977,-0.022861,0.041857,-0.682654,0.729184,0.002286,0.010334,0.018084,0.128564,0.014275,0.045769,-0.118603,0.120114,-0.001068,0.128564,0.105996,-0.066208,0.211404,0.200751,-0.224104,-0.708794,1.192860,-0.129614,1.025319,-0.371429,-0.014937,0.412360,1.136092,-1.791049,-1.461667,1.061334,0.295523,0.157935,-0.296348
0.017846,0.067002,0.819900,-0.024086,0.043321,-0.683025,0.728712,0.001066,0.009703,0.021095,0.129484,0.013134,0.051006,-0.117967,0.119050,-0.001666,0.124998,0.108936,-0.062800,0.231889,0.230100,-0.221952,-0.605379,1.106698,-0.056791,1.003991,-0.367744,-0.018822,0.419406,1.072828,-1.727975,-1.358872,1.051176,0.310919,0.157295,-0.274083
0.019459,0.066824,0.819836,-0.024727,0.044624,-0.683384,0.728274,0.000403,0.010789,0.023277,0.129549,0.011809,0.053298,-0.117055,0.119701,-0.003140,0.121139,0.111371,-0.062386,0.251611,0.237912,-0.220865,-0.535252,1.032116,-0.024282,0.982114,-0.363212,-0.021151,0.426484,0.940346,-1.627250,-1.185523,1.023769,0.319523,0.152483,-0.263659
-0.000233,0.066712,0.820626,-0.017391,0.041500,-0.683299,0.728751,-0.006048,0.022003,0.015794,0.125187,0.015497,0.026435,-0.127534,0.130601,-0.014265,0.125363,0.111462,-0.090352,0.117963,0.082298,-0.212359,-0.428620,1.168121,-0.025621,0.951306,-0.358744,-0.004007,0.427926,0.076558,-1.341866,-0.250218,1.019743,0.262908,0.133377,-0.375325
-0.001969,0.068768,0.820517,-0.017551,0.040180,-0.682372,0.729689,-0.006512,0.021944,0.012741,0.123176,0.017634,0.025067,-0.127244,0.129943,-0.019874,0.123052,0.114755,-0.092186,0.093110,0.077900,-0.199193,-0.349004,1.127273,-0.004550,0.950636,-0.358079,-0.006941,0.414182,0.004052,-1.264503,-0.119546,1.050121,0.257622,0.130259,-0.358477
-0.002722,0.070257,0.820447,-0.017795,0.039781,-0.681698,0.730335,-0.008101,0.022160,0.010570,0.123202,0.017558,0.024972,-0.127878,0.129605,-0.024615,0.121926,0.116608,-0.092695,0.073232,0.081834,-0.187299,-0.257696,1.071078,0.026597,0.934442,-0.353370,-0.008454,0.405170,-0.029048,-1.195424,-0.025641,1.073876,0.254057,0.126647,-0.337613
-0.002785,0.071025,0.820335,-0.018114,0.039855,-0.681616,0.730399,-0.008841,0.023166,0.011392,0.123103,0.017975,0.024512,-0.128071,0.129842,-0.026772,0.120985,0.116976,-0.091704,0.057681,0.087636,-0.176768,-0.190331,1.002882,0.027171,0.942857,-0.347645,-0.000885,0.386765,-0.054615,-1.128201,0.052454,1.116913,0.258106,0.128235,-0.316810
-0.002842,0.071867,0.820214,-0.018460,0.039804,-0.681578,0.730429,-0.009647,0.023627,0.010650,0.123210,0.017649,0.024118,-0.128377,0.130002,-0.029583,0.120136,0.118239,-0.091455,0.046342,0.091684,-0.166221,-0.138209,0.934129,0.012543,0.956712,-0.342143,0.005791,0.367910,-0.065168,-1.059986,0.116383,1.160156,0.262533,0.128829,-0.294996
-0.003025,0.072703,0.820176,-0.018792,0.039745,-0.681561,0.730439,-0.010464,0.024125,0.009952,0.123360,0.017284,0.023665,-0.128717,0.130207,-0.032355,0.119328,0.119488,-0.091264,0.038364,0.094509,-0.155672,-0.094683,0.865143,-0.011336,0.972623,-0.336496,0.011956,0.349122,-0.062898,-0.991002,0.167864,1.200082,0.266320,0.129015,-0.272669
-0.002700,0.073536,0.820152,-0.019154,0.039488,-0.681793,0.730228,-0.010611,0.024158,0.010806,0.123477,0.018265,0.025491,-0.128951,0.129775,-0.034055,0.119583,0.120728,-0.090296,0.033312,0.097670,-0.145170,-0.067789,0.795189,-0.042373,1.005768,-0.337177,0.019125,0.328554,-0.065952,-0.918504,0.221018,1.223410,0.269182,0.127890,-0.245908
-0.002432,0.074466,0.820185,-0.019662,0.039137,-0.681996,0.730043,-0.010620,0.024069,0.011068,0.123637,0.019034,0.026064,-0.129128,0.129446,-0.036081,0.119998,0.122345,-0.089595,0.029018,0.100541,-0.134076,-0.043010,0.725399,-0.075354,1.039421,-0.337426,0.025225,0.307595,-0.063736,-0.843987,0.267074,1.240241,0.270764,0.127071,-0.219450
-0.002270,0.075397,0.820215,-0.020185,0.038764,-0.682201,0.729857,-0.010575,0.023998,0.011329,0.123818,0.019782,0.026609,-0.129258,0.129136,-0.038106,0.120438,0.123941,-0.088920,0.025322,0.103261,-0.122825,-0.018171,0.655517,-0.108081,1.069364,-0.336134,0.030863,0.286118,-0.056572,-0.767343,0.305204,1.246899,0.269963,0.125403,-0.192813
-0.001867,0.076004,0.820212,-0.020548,0.038547,-0.682195,0.729865,-0.010505,0.023576,0.011231,0.123820,0.020139,0.026617,-0.129381,0.128491,-0.039060,0.120527,0.124438,-0.088773,0.022737,0.104685,-0.114791,-0.010937,0.589062,-0.159253,1.101343,-0.333797,0.039641,0.261454,-0.066500,-0.681731,0.352732,1.237697,0.263167,0.123085,-0.165376
-0.001548,0.076779,0.820167,-0.020945,0.038189,-0.682227,0.729842,-0.010476,0.023157,0.011459,0.124015,0.020833,0.026650,-0.129561,0.127837,-0.040615,0.121112,0.125511,-0.088505,0.020156,0.105785,-0.106054,-0.003507,0.521648,-0.206145,1.124046,-0.328186,0.047321,0.235639,-0.072618,-0.591224,0.389056,1.211527,0.252411,0.119358,-0.137999
-0.001251,0.077582,0.820120,-0.021363,0.037786,-0.682256,0.729824,-0.010402,0.022728,0.011668,0.124244,0.021543,0.026661,-0.129714,0.127172,-0.042191,0.121775,0.126570,-0.088265,0.017789,0.106915,-0.097108,0.005316,0.453100,-0.246655,1.131676,-0.317196,0.053447,0.207773,-0.073813,-0.496762,0.412697,1.164944,0.236516,0.112835,-0.110411
-0.000506,0.078587,0.820172,-0.022032,0.037465,-0.683692,0.728475,-0.009861,0.022897,0.014424,0.124548,0.021251,0.028432,-0.130454,0.127561,-0.041569,0.122600,0.128217,-0.087299,0.009792,0.109617,-0.087540,0.009425,0.387742,-0.268767,1.097427,-0.306549,0.053872,0.185170,-0.061023,-0.415573,0.402417,1.091195,0.225919,0.102939,-0.085420
0.000218,0.079630,0.820206,-0.022737,0.037191,-0.685085,0.727158,-0.009218,0.023067,0.017112,0.124822,0.021584,0.030488,-0.131078,0.127930,-0.041016,0.123447,0.130442,-0.086106,0.002745,0.112581,-0.077880,0.014826,0.320840,-0.282966,1.040399,-0.288825,0.053722,0.161915,-0.044793,-0.334067,0.382068,0.998258,0.210796,0.091975,-0.061278
0.000952,0.080579,0.820237,-0.023444,0.036932,-0.686481,0.725831,-0.008574,0.023241,0.019820,0.125082,0.021917,0.032555,-0.131697,0.128308,-0.040438,0.124269,0.132675,-0.084898,-0.004102,0.115590,-0.068212,0.021306,0.253441,-0.289419,0.963518,-0.264185,0.052272,0.137595,-0.026700,-0.253383,0.356088,0.895098,0.192904,0.080182,-0.037927
0.000985,0.081223,0.820359,-0.023534,0.036992,-0.687266,0.725082,-0.009257,0.023878,0.021477,0.125194,0.022183,0.031465,-0.132799,0.128818,-0.040445,0.124425,0.134489,-0.083947,-0.005970,0.115103,-0.059615,0.025616,0.198784,-0.278897,0.867548,-0.239705,0.049204,0.115202,-0.016717,-0.191239,0.319464,0.777804,0.172188,0.069985,-0.021325
0.001006,0.081923,0.820393,-0.023641,0.037064,-0.688039,0.724341,-0.010077,0.024511,0.022914,0.125400,0.022812,0.030234,-0.134154,0.129415,-0.040430,0.124649,0.136542,-0.082969,-0.007677,0.114680,-0.050621,0.030480,0.146012,-0.265713,0.766061,-0.212127,0.045381,0.092711,-0.005849,-0.132814,0.285344,0.669510,0.153058,0.060675,-0.005906
0.001015,0.082725,0.820514,-0.023750,0.037126,-0.688810,0.723601,-0.010911,0.025143,0.024345,0.125619,0.023460,0.028992,-0.135525,0.130010,-0.040421,0.124893,0.138604,-0.082000,-0.009306,0.114271,-0.041541,0.036843,0.095941,-0.253858,0.668857,-0.184466,0.041628,0.071173,0.005970,-0.078621,0.257867,0.578563,0.137848,0.052886,0.008980
0.001502,0.083016,0.820614,-0.022947,0.037704,-0.690388,0.722091,-0.011453,0.024546,0.027462,0.122255,0.026419,0.029412,-0.137350,0.129771,-0.039169,0.122408,0.142082,-0.081365,-0.013921,0.113898,-0.037878,0.038247,0.060567,-0.222222,0.573096,-0.169413,0.038926,0.052020,0.011498,-0.051616,0.226927,0.496341,0.123715,0.045772,0.013343
0.002276,0.083690,0.820695,-0.023143,0.037731,-0.692454,0.720103,-0.012525,0.024868,0.031691,0.125005,0.025705,0.030080,-0.139919,0.130436,-0.037189,0.125269,0.143143,-0.080494,-0.015733,0.116155,-0.030069,0.035142,0.026843,-0.199405,0.502073,-0.164649,0.038943,0.026977,0.013794,-0.030345,0.202734,0.438345,0.115070,0.042331,0.024598
0.002896,0.084410,0.820730,-0.022992,0.037867,-0.694307,0.718314,-0.013446,0.024717,0.035404,0.125460,0.026545,0.030753,-0.142326,0.130630,-0.035583,0.126201,0.145323,-0.079628,-0.018590,0.117668,-0.022949,0.036027,-0.005074,-0.184163,0.452540,-0.164328,0.039617,0.005447,0.018184,-0.009271,0.188340,0.400518,0.111527,0.040076,0.034353
0.003136,0.085198,0.820841,-0.022566,0.038149,-0.695017,0.717626,-0.013897,0.024290,0.037262,0.122064,0.028737,0.031083,-0.143503,0.130304,-0.035384,0.123803,0.148009,-0.078683,-0.019408,0.115754,-0.020526,0.038322,-0.005903,-0.167208,0.403744,-0.153023,0.034263,0.003444,0.021695,-0.015851,0.183014,0.369766,0.099330,0.035869,0.029485
0.003521,0.085939,0.820824,-0.022532,0.038304,-0.695935,0.716728,-0.014423,0.024418,0.039630,0.121056,0.029486,0.031527,-0.144872,0.130503,-0.034890,0.123531,0.149575,-0.077705,-0.019553,0.114511,-0.016127,0.042417,-0.006209,-0.156977,0.371386,-0.147730,0.031782,0.000189,0.026149,-0.023700,0.183354,0.351313,0.088952,0.034267,0.028748
0.003840,0.086627,0.820883,-0.022617,0.038367,-0.696889,0.715795,-0.014918,0.024590,0.042108,0.120646,0.029897,0.031993,-0.146254,0.130742,-0.034324,0.123869,0.150841,-0.076698,-0.019508,0.113385,-0.011123,0.048640,-0.007619,-0.153291,0.353865,-0.148564,0.031251,-0.003682,0.032161,-0.031407,0.190275,0.344894,0.081288,0.034509,0.030616
0.004458,0.087610,0.820967,-0.023727,0.037580,-0.697026,0.715667,-0.014690,0.024509,0.043264,0.123963,0.029872,0.032625,-0.146550,0.130461,-0.034317,0.127603,0.151147,-0.075501,-0.016812,0.113787,-0.007055,0.045069,0.005189,-0.157048,0.347298,-0.139603,0.032840,-0.003132,0.025540,-0.051397,0.198112,0.352803,0.077226,0.037631,0.027281
0.004938,0.088668,0.821113,-0.024418,0.036900,-0.696875,0.715826,-0.014270,0.023853,0.043681,0.124225,0.031700,0.033052,-0.146397,0.129548,-0.035072,0.128495,0.152622,-0.074646,-0.015089,0.112904,-0.003913,0.043714,0.016465,-0.165784,0.352994,-0.133847,0.034644,-0.001364,0.019904,-0.070232,0.215679,0.376965,0.077641,0.041054,0.022600
0.005386,0.089818,0.821269,-0.025083,0.036212,-0.696692,0.716017,-0.013694,0.023161,0.044012,0.124042,0.033800,0.033440,-0.146036,0.128609,-0.035884,0.128895,0.154348,-0.073831,-0.013695,0.111801,-0.000831,0.044635,0.027513,-0.180308,0.370522,-0.132857,0.037111,-0.000470,0.015150,-0.091937,0.243669,0.418185,0.081677,0.045345,0.018601
0.006537,0.090572,0.821352,-0.025822,0.035692,-0.697531,0.715199,-0.012164,0.022247,0.046857,0.123643,0.034980,0.034146,-0.145409,0.127521,-0.037347,0.130012,0.156458,-0.072579,-0.013394,0.111942,-0.002058,0.037338,0.039677,-0.188898,0.395806,-0.136047,0.037449,0.009969,-0.001291,-0.119464,0.262161,0.479353,0.103161,0.049879,0.003662
0.007601,0.091517,0.821434,-0.026631,0.035030,-0.698404,0.714350,-0.010684,0.021406,0.049925,0.123502,0.036059,0.034945,-0.145005,0.126444,-0.038729,0.130892,0.158006,-0.071517,-0.012770,0.112063,-0.001876,0.029979,0.053666,-0.205295,0.437223,-0.144415,0.039585,0.021134,-0.019513,-0.152683,0.291292,0.560156,0.129075,0.056132,-0.012121
0.008746,0.092503,0.821514,-0.027498,0.034302,-0.699277,0.713498,-0.009092,0.020555,0.053010,0.123410,0.037148,0.035737,-0.144488,0.125365,-0.040107,0.131824,0.159565,-0.070462,-0.012144,0.112192,-0.001353,0.023342,0.070955,-0.230374,0.496687,-0.158570,0.043415,0.033167,-0.038870,-0.192037,0.329827,0.657527,0.158426,0.063905,-0.028722
0.009613,0.093509,0.821602,-0.028626,0.033411,-0.700285,0.712507,-0.007013,0.020147,0.055854,0.123369,0.037542,0.037430,-0.143218,0.125053,-0.039344,0.132152,0.161621,-0.069201,-0.013440,0.113249,-0.001982,0.013426,0.095290,-0.246508,0.578428,-0.186208,0.047141,0.051149,-0.052540,-0.236131,0.376503,0.764189,0.184795,0.071721,-0.044329
0.010558,0.094619,0.821599,-0.029776,0.032489,-0.701253,0.711549,-0.004890,0.019680,0.058735,0.123378,0.037843,0.038956,-0.141741,0.124679,-0.038738,0.132222,0.163364,-0.068124,-0.015724,0.114117,-0.002345,0.003389,0.123787,-0.268741,0.676642,-0.218506,0.052214,0.070897,-0.067707,-0.283352,0.425510,0.872554,0.211442,0.080557,-0.061147
0.011504,0.095651,0.821595,-0.030953,0.031547,-0.702205,0.710602,-0.002712,0.019199,0.061580,0.123395,0.038153,0.040481,-0.140188,0.124296,-0.038162,0.132280,0.165108,-0.067049,-0.018204,0.114989,-0.002582,-0.006948,0.155992,-0.295163,0.785334,-0.253533,0.057993,0.092327,-0.083857,-0.331164,0.471410,0.974391,0.236621,0.088824,-0.079096
0.012588,0.096443,0.821639,-0.031908,0.031073,-0.703143,0.709652,-0.001079,0.018872,0.063887,0.123470,0.039646,0.045423,-0.139365,0.124040,-0.038236,0.132631,0.166806,-0.065472,-0.022282,0.116907,-0.000465,-0.012628,0.181258,-0.333070,0.888706,-0.285784,0.061933,0.112532,-0.096065,-0.367855,0.512260,1.059382,0.258756,0.095669,-0.092268
0.013683,0.097121,0.821625,-0.032798,0.030689,-0.704094,0.708685,0.000440,0.018609,0.066105,0.123352,0.039767,0.046529,-0.138734,0.123752,-0.038503,0.132888,0.168031,-0.064154,-0.025964,0.118875,0.000907,-0.018272,0.207474,-0.368324,0.984107,-0.315526,0.065741,0.134036,-0.107576,-0.401207,0.542998,1.124734,0.276455,0.100784,-0.106031
0.014627,0.097446,0.821677,-0.032981,0.030866,-0.704828,0.707939,0.001713,0.017930,0.067691,0.119965,0.041668,0.047605,-0.138204,0.123139,-0.039174,0.130017,0.170673,-0.062880,-0.030846,0.120225,-0.001908,-0.021887,0.233445,-0.397969,1.064912,-0.341157,0.068056,0.155998,-0.116745,-0.429304,0.565086,1.169579,0.289785,0.103405,-0.120755
0.015720,0.098817,0.821605,-0.033546,0.031270,-0.706842,0.705883,0.001069,0.019096,0.072793,0.119304,0.041641,0.050216,-0.140014,0.124818,-0.037114,0.129931,0.174156,-0.059900,-0.033378,0.121495,-0.000750,-0.027645,0.259880,-0.413163,1.131419,-0.367485,0.070295,0.173174,-0.125426,-0.442749,0.580420,1.199586,0.300150,0.105805,-0.129917
0.016620,0.100258,0.821520,-0.034086,0.031644,-0.708991,0.703683,0.000042,0.020461,0.078144,0.119221,0.041290,0.051705,-0.142492,0.126478,-0.035061,0.130212,0.177047,-0.057342,-0.036149,0.122066,0.000686,-0.034796,0.284532,-0.419281,1.178489,-0.387646,0.070996,0.188672,-0.135038,-0.451366,0.588546,1.214652,0.307116,0.107183,-0.138833
0.017494,0.101722,0.821434,-0.034608,0.032018,-0.711132,0.701476,-0.001104,0.021833,0.083484,0.119278,0.040914,0.053165,-0.145124,0.128134,-0.033025,0.130686,0.179872,-0.054806,-0.039095,0.122508,0.002159,-0.042665,0.307139,-0.417462,1.207835,-0.401638,0.069751,0.202288,-0.144628,-0.456902,0.590765,1.218589,0.311319,0.106894,-0.147281
0.017738,0.103466,0.821314,-0.034738,0.032225,-0.714388,0.698144,-0.002620,0.023745,0.089220,0.119262,0.040596,0.051521,-0.149018,0.129683,-0.038274,0.131437,0.183152,-0.052843,-0.040718,0.122655,0.006455,-0.046355,0.318921,-0.422199,1.225535,-0.409892,0.068737,0.209074,-0.152737,-0.453879,0.593740,1.213117,0.311543,0.106157,-0.149651
0.017983,0.105141,0.821196,-0.034823,0.032497,-0.717619,0.694805,-0.004196,0.025636,0.094834,0.119227,0.040232,0.050274,-0.153048,0.131238,-0.043497,0.132399,0.186264,-0.050871,-0.041879,0.122920,0.010102,-0.050066,0.329080,-0.423392,1.232400,-0.414990,0.066930,0.214912,-0.159737,-0.448988,0.592164,1.199914,0.309800,0.104750,-0.151202
0.018226,0.106795,0.821081,-0.034874,0.032811,-0.720839,0.691446,-0.005856,0.027549,0.100459,0.119196,0.039854,0.049022,-0.157206,0.132803,-0.048717,0.133404,0.189352,-0.048901,-0.042868,0.123217,0.013524,-0.053938,0.338176,-0.421982,1.232286,-0.417872,0.064588,0.220213,-0.165829,-0.441870,0.585805,1.178325,0.306028,0.102532,-0.152073
0.018395,0.108558,0.820881,-0.035388,0.032964,-0.723889,0.688219,-0.006542,0.030483,0.109862,0.119208,0.038161,0.053877,-0.160377,0.135499,-0.051126,0.134040,0.192918,-0.048469,-0.044649,0.121910,0.016635,-0.056221,0.342784,-0.419624,1.231738,-0.418866,0.063061,0.222302,-0.163002,-0.424761,0.579378,1.149960,0.298869,0.099856,-0.148802
0.018553,0.110329,0.820678,-0.035936,0.033153,-0.726989,0.684906,-0.007070,0.033256,0.117048,0.119104,0.036417,0.054372,-0.163300,0.138287,-0.053484,0.134483,0.196829,-0.047990,-0.046488,0.120471,0.019223,-0.058011,0.347204,-0.416242,1.229219,-0.418998,0.061236,0.223860,-0.158499,-0.403625,0.565760,1.108304,0.288567,0.095621,-0.144317
0.018698,0.112080,0.820478,-0.036481,0.033362,-0.730055,0.681598,-0.007592,0.036051,0.124165,0.118984,0.034673,0.054842,-0.166185,0.141090,-0.055911,0.134812,0.200770,-0.047527,-0.048446,0.119023,0.021701,-0.059683,0.351480,-0.412303,1.225442,-0.418686,0.059250,0.225221,-0.152432,-0.378005,0.542827,1.050384,0.274479,0.089719,-0.138460
0.018407,0.113130,0.820657,-0.035739,0.032492,-0.733304,0.678184,-0.008293,0.036272,0.131536,0.119652,0.037601,0.051525,-0.167965,0.139714,-0.068656,0.134090,0.202460,-0.048333,-0.048719,0.115267,0.025752,-0.059126,0.347088,-0.414165,1.221588,-0.416989,0.058190,0.224372,-0.138946,-0.346904,0.514478,0.983733,0.255199,0.084854,-0.127542
0.018044,0.114298,0.820542,-0.035542,0.032353,-0.736476,0.674754,-0.008486,0.038184,0.139204,0.119297,0.036908,0.049732,-0.170394,0.140186,-0.082039,0.134275,0.204425,-0.049529,-0.048868,0.113438,0.029297,-0.058344,0.342237,-0.416033,1.216095,-0.414973,0.057322,0.223652,-0.124309,-0.312081,0.476178,0.901326,0.232190,0.077911,-0.114797
0.017784,0.115449,0.820425,-0.035357,0.032254,-0.739651,0.671287,-0.008774,0.040183,0.146918,0.119159,0.036070,0.047938,-0.172838,0.140731,-0.095388,0.134485,0.206372,-0.050728,-0.048909,0.111840,0.032735,-0.057426,0.336822,-0.417080,1.208159,-0.412232,0.056378,0.222736,-0.109004,-0.274816,0.430177,0.806584,0.206503,0.069412,-0.101383
0.018098,0.116843,0.820489,-0.035834,0.031871,-0.740841,0.669966,-0.009135,0.040921,0.150833,0.119605,0.037241,0.050022,-0.174141,0.142362,-0.088498,0.135129,0.209586,-0.049823,-0.050745,0.110341,0.035123,-0.056793,0.329300,-0.417431,1.202377,-0.409291,0.057864,0.219933,-0.090687,-0.233742,0.386115,0.713041,0.179786,0.063265,-0.086169
0.018503,0.118258,0.820499,-0.036458,0.031604,-0.742092,0.668559,-0.009208,0.041992,0.154806,0.119635,0.037735,0.049352,-0.175219,0.144298,-0.082116,0.135308,0.213426,-0.049096,-0.052856,0.109123,0.037287,-0.056285,0.320491,-0.414742,1.190720,-0.404252,0.058648,0.215745,-0.073761,-0.194147,0.343049,0.622130,0.154182,0.056827,-0.071792
0.018817,0.119592,0.820509,-0.037112,0.031331,-0.743337,0.667151,-0.009236,0.043093,0.158768,0.119683,0.038219,0.048669,-0.176160,0.146274,-0.075739,0.135330,0.217351,-0.048371,-0.055101,0.107942,0.039514,-0.055717,0.309883,-0.407751,1.168780,-0.395752,0.058550,0.210063,-0.058677,-0.158253,0.304391,0.540196,0.131136,0.050819,-0.059221
0.018968,0.120802,0.820429,-0.037372,0.030673,-0.745554,0.664690,-0.008536,0.044068,0.165221,0.119726,0.038824,0.047279,-0.176877,0.146501,-0.081135,0.135099,0.219612,-0.048064,-0.057328,0.107716,0.041601,-0.049927,0.293177,-0.399178,1.138253,-0.383824,0.058703,0.199221,-0.047072,-0.129874,0.271196,0.472822,0.111848,0.045144,-0.046174
0.019056,0.122061,0.820358,-0.037586,0.030008,-0.747715,0.662276,-0.007859,0.044692,0.171235,0.119729,0.039086,0.047497,-0.177680,0.146625,-0.086426,0.135149,0.221733,-0.047673,-0.059435,0.107644,0.043457,-0.043947,0.273077,-0.384398,1.090815,-0.366583,0.057642,0.186325,-0.037401,-0.106989,0.246413,0.421146,0.096463,0.041049,-0.034983
0.019153,0.123233,0.820286,-0.037790,0.029358,-0.749865,0.659858,-0.007219,0.045299,0.177251,0.119733,0.039356,0.047726,-0.178551,0.146732,-0.091723,0.135264,0.223827,-0.047272,-0.061462,0.107630,0.045242,-0.037782,0.250084,-0.362876,1.026082,-0.343707,0.055370,0.171329,-0.029387,-0.088794,0.230291,0.384837,0.084747,0.038351,-0.025577
0.019642,0.124316,0.820286,-0.038383,0.028659,-0.749839,0.659884,-0.006811,0.044483,0.178018,0.119840,0.040078,0.048648,-0.178301,0.146227,-0.088996,0.135664,0.224786,-0.047109,-0.062625,0.106884,0.047054,-0.030649,0.217849,-0.342573,0.950565,-0.317047,0.053534,0.151387,-0.021281,-0.076561,0.220829,0.360192,0.076513,0.037498,-0.016895
0.020277,0.125280,0.820189,-0.039052,0.027962,-0.749784,0.659938,-0.006160,0.043684,0.178802,0.119792,0.040764,0.049694,-0.177802,0.145713,-0.086385,0.135942,0.225878,-0.046826,-0.063168,0.106660,0.048758,-0.023626,0.184338,-0.321129,0.869706,-0.288863,0.051421,0.130758,-0.012921,-0.067406,0.217357,0.345786,0.070452,0.037910,-0.008631
0.020838,0.126320,0.820093,-0.039740,0.027268,-0.749735,0.659981,-0.005450,0.042896,0.179608,0.119717,0.041439,0.050754,-0.177237,0.145223,-0.083744,0.136156,0.226996,-0.046522,-0.063436,0.106539,0.050439,-0.016572,0.151741,-0.302559,0.794798,-0.262829,0.050136,0.111281,-0.004219,-0.059668,0.219251,0.339068,0.065817,0.040046,-0.000136
0.021967,0.127286,0.819897,-0.040155,0.026673,-0.751087,0.658441,-0.004745,0.041633,0.183401,0.119519,0.041380,0.051437,-0.177528,0.143847,-0.086852,0.136193,0.227856,-0.046110,-0.065768,0.106514,0.051371,-0.008201,0.123948,-0.291205,0.736041,-0.241563,0.050083,0.092064,0.000168,-0.059029,0.213789,0.335429,0.066187,0.040304,0.002995
0.023223,0.128195,0.819763,-0.040557,0.026129,-0.752412,0.656923,-0.004161,0.040552,0.187694,0.119391,0.041466,0.052633,-0.178121,0.142572,-0.089534,0.136532,0.229195,-0.045447,-0.067465,0.106797,0.052466,-0.000224,0.101226,-0.292679,0.707633,-0.230077,0.052381,0.076469,0.005832,-0.058592,0.211706,0.336738,0.067257,0.041456,0.006859
