-0.0106986082,-0.0261615065,0.8142637339,-0.0568070095,0.0136332217,-0.7249683965,0.6863001698,0.0961038211,0.1279207518,0.1069927428,0.1214676995,-0.0062231471,-0.0208345357,0.1187508458,-0.0127810583,-0.1566120662,0.1321984095,0.0322539669,0.0383237003,-0.0312748607,0.0981278892,-0.0411335539,0.0684060466,0.1799273118,-0.6795476494,1.2573895213,-0.2688643591,0.1741708685,0.0887523159,-0.0058580247,-0.3203319522,0.7889116592,1.2279997988,0.1749102900,0.2043535940,-0.0295104713
-0.0107259781,-0.0259603551,0.8143509259,-0.0560225367,0.0147594288,-0.7251917890,0.6861053154,0.0936896049,0.1288104397,0.1071933125,0.1192630051,-0.0032810757,-0.0204003872,0.1169102221,-0.0115566468,-0.1572214319,0.1282266388,0.0344272542,0.0384834167,-0.0320786589,0.0998567675,-0.0434301513,0.0670778520,0.1775108110,-0.6774495248,1.2619502217,-0.2689720506,0.1711750404,0.0882260079,-0.0083723130,-0.3193618798,0.7913958358,1.2323368659,0.1758990700,0.2016093101,-0.0297002529
-0.0107015170,-0.0259596955,0.8143458099,-0.0558864357,0.0149050861,-0.7252789128,0.6860211683,0.0931854422,0.1291714489,0.1071812910,0.1192315987,-0.0021585925,-0.0199508584,0.1164661340,-0.0112377384,-0.1579213989,0.1278467493,0.0339160431,0.0388764305,-0.0319279986,0.1003093421,-0.0438186246,0.0673216697,0.1769029695,-0.6770269292,1.2629010407,-0.2689039356,0.1705244574,0.0879019093,-0.0086064862,-0.3189516606,0.7919298175,1.2333597560,0.1759587708,0.2012192295,-0.0296014265
-0.0107242564,-0.0260154756,0.8144011649,-0.0557675278,0.0149680351,-0.7252053986,0.6861071860,0.0935269744,0.1282674289,0.1070731437,0.1192790686,-0.0059767128,-0.0203192759,0.1163945414,-0.0117080462,-0.1547504131,0.1278098338,0.0366003913,0.0384760978,-0.0328154389,0.0995299105,-0.0440193730,0.0668110152,0.1770509335,-0.6766631830,1.2631673901,-0.2689409980,0.1702618080,0.0880508174,-0.0088664941,-0.3193241719,0.7915363194,1.2333783345,0.1760697897,0.2004501328,-0.0296318735
-0.0106979523,-0.0261078581,0.8144138355,-0.0556939809,0.0149980226,-0.7253608874,0.6859481197,0.0939091568,0.1281383799,0.1070488661,0.1193648676,-0.0067720084,-0.0193475000,0.1161877881,-0.0115518560,-0.1530910115,0.1276216782,0.0371040552,0.0392301989,-0.0327984035,0.0992718057,-0.0440063853,0.0665539191,0.1772289295,-0.6762008035,1.2633171716,-0.2690020098,0.1700910440,0.0882429432,-0.0089755652,-0.3195702469,0.7911493216,1.2334493448,0.1761145531,0.2000751720,-0.0297278697
-0.0105844688,-0.0261130261,0.8144269220,-0.0556098275,0.0150355621,-0.7255177576,0.6857882052,0.0943019819,0.1279981816,0.1070340240,0.1193665927,-0.0075191424,-0.0183733053,0.1159163998,-0.0114039224,-0.1514301368,0.1275129885,0.0375682612,0.0399836966,-0.0327508060,0.0990186969,-0.0440243935,0.0663033859,0.1774038565,-0.6757732245,1.2634450797,-0.2690652274,0.1699366156,0.0884477888,-0.0090564203,-0.3198341910,0.7907335444,1.2334710839,0.1761550365,0.1997570687,-0.0298455247
-0.0106585587,-0.0261699758,0.8144027244,-0.0557845603,0.0150412238,-0.7252641337,0.6860421129,0.0933977716,0.1281511845,0.1065357652,0.1194709579,-0.0058733733,-0.0211451743,0.1171572556,-0.0121488403,-0.1564055192,0.1278211354,0.0366447080,0.0375746372,-0.0327323192,0.0993667059,-0.0438706831,0.0665810499,0.1773640517,-0.6761024697,1.2634915239,-0.2689884426,0.1701163919,0.0882949397,-0.0088898944,-0.3196249834,0.7909303057,1.2336592678,0.1762740732,0.2003548083,-0.0294045249
-0.0106003962,-0.0262360637,0.8144054044,-0.0557618336,0.0150205207,-0.7251364800,0.6861793404,0.0934621193,0.1279056632,0.1056722973,0.1194973679,-0.0062861483,-0.0213755528,0.1176850128,-0.0124800660,-0.1570941609,0.1280288838,0.0368647797,0.0373696704,-0.0330863007,0.0992987342,-0.0436767255,0.0668383680,0.1773311870,-0.6763322849,1.2634960395,-0.2689285617,0.1703209004,0.0881467201,-0.0087403971,-0.3194841275,0.7911717474,1.2337681756,0.1762966557,0.2005633748,-0.0291088425
-0.0106262737,-0.0263033764,0.8144082045,-0.0557438519,0.0149993812,-0.7250255574,0.6862984647,0.0935435614,0.1276732581,0.1048585518,0.1195386222,-0.0067187661,-0.0216043830,0.1182390979,-0.0128002299,-0.1577357172,0.1281760060,0.0371240539,0.0371671649,-0.0333998885,0.0992396596,-0.0434738219,0.0671093385,0.1772930583,-0.6765484796,1.2634774743,-0.2688636321,0.1705432520,0.0880104735,-0.0085944882,-0.3193512142,0.7914286006,1.2338847291,0.1763240139,0.2007384617,-0.0288133270
-0.0104000847,-0.0262823431,0.8143871183,-0.0558715641,0.0150587476,-0.7251742551,0.6861296540,0.0935353145,0.1280786080,0.1072119313,0.1194398485,-0.0057072385,-0.0209786083,0.1170564161,-0.0122044864,-0.1552938426,0.1279841032,0.0367843018,0.0375611932,-0.0333239997,0.0992595567,-0.0432705045,0.0671159599,0.1771137463,-0.6763485092,1.2632264736,-0.2688618678,0.1703303341,0.0884064889,-0.0091109196,-0.3193325526,0.7915513982,1.2332744112,0.1761728413,0.2003936148,-0.0295465128
-0.0102384753,-0.0262949920,0.8143762643,-0.0558635618,0.0151467187,-0.7251489765,0.6861550854,0.0933944195,0.1279828766,0.1073409931,0.1193861809,-0.0059387682,-0.0209728880,0.1168904126,-0.0123570541,-0.1543913149,0.1282428645,0.0373375012,0.0373247436,-0.0331958367,0.0991310352,-0.0431735430,0.0669281526,0.1770788301,-0.6761282049,1.2630072215,-0.2688830690,0.1704846610,0.0886928632,-0.0096807704,-0.3191576812,0.7916301284,1.2327070135,0.1760611183,0.2003675446,-0.0298220471
-0.0100772822,-0.0263063252,0.8143649018,-0.0558666942,0.0152156869,-0.7251035976,0.6862012592,0.0932724463,0.1278635650,0.1074144059,0.1193627758,-0.0061818771,-0.0209637097,0.1167931071,-0.0125294554,-0.1535413245,0.1284857785,0.0378838364,0.0370930813,-0.0331398153,0.0989686834,-0.0430229056,0.0667230098,0.1770621420,-0.6759001074,1.2627849522,-0.2689099765,0.1706696308,0.0889686560,-0.0102655868,-0.3189711067,0.7917028370,1.2321288734,0.1759380115,0.2003692329,-0.0300667306
-0.0103133298,-0.0263300518,0.8143838949,-0.0558132781,0.0152056937,-0.7251987288,0.6861052898,0.0932673544,0.1280783012,0.1077114038,0.1194017557,-0.0058434147,-0.0209515913,0.1166305498,-0.0119343799,-0.1553249310,0.1277717584,0.0363239451,0.0375234310,-0.0335108685,0.0994375016,-0.0428465279,0.0675115459,0.1773427922,-0.6761980204,1.2626811129,-0.2687388688,0.1705105670,0.0881793160,-0.0096360121,-0.3187707166,0.7915208550,1.2326405789,0.1760431610,0.2004725642,-0.0296187721
-0.0104538292,-0.0263487107,0.8143775616,-0.0557944667,0.0152640307,-0.7252593094,0.6860414863,0.0932431637,0.1284306942,0.1078588352,0.1193820199,-0.0059668371,-0.0209707004,0.1164360785,-0.0114378930,-0.1552403839,0.1277309549,0.0360326970,0.0373955320,-0.0338609254,0.0996673794,-0.0426888168,0.0678113265,0.1775070964,-0.6759948642,1.2626061091,-0.2686693160,0.1706473159,0.0878938393,-0.0090584800,-0.3188154256,0.7913652440,1.2330569709,0.1762392965,0.2004984845,-0.0296419893
-0.0105915763,-0.0263651067,0.8143713476,-0.0557759892,0.0153229965,-0.7253260497,0.6859711119,0.0932121510,0.1287840127,0.1080226868,0.1193755134,-0.0060992857,-0.0209865908,0.1162358285,-0.0109414371,-0.1551370285,0.1276852691,0.0357544335,0.0372695122,-0.0342034820,0.0999022377,-0.0425144691,0.0680817734,0.1776458499,-0.6757691871,1.2625391230,-0.2685990974,0.1708207720,0.0876342186,-0.0084962732,-0.3188645726,0.7912229082,1.2334685266,0.1764570760,0.2005219302,-0.0296897196
-0.0105404599,-0.0263365569,0.8143900510,-0.0557354031,0.0152252617,-0.7254242135,0.6858727774,0.0931909063,0.1284500398,0.1079563985,0.1194911644,-0.0056111300,-0.0210245528,0.1164554343,-0.0119200907,-0.1553700190,0.1277274673,0.0362984228,0.0376082463,-0.0338743869,0.0994078354,-0.0429947594,0.0678393541,0.1780727358,-0.6755798982,1.2626411381,-0.2687453748,0.1704259323,0.0883382183,-0.0090866452,-0.3192802170,0.7910218049,1.2331201734,0.1763088786,0.2004081486,-0.0299528141
-0.0104623760,-0.0263077914,0.8143938541,-0.0557435214,0.0151635523,-0.7254998922,0.6857934331,0.0932597165,0.1282530787,0.1082714740,0.1195084840,-0.0054622337,-0.0208719421,0.1164902010,-0.0122607992,-0.1554009993,0.1276972404,0.0361852161,0.0376332458,-0.0337905211,0.0991970518,-0.0432985745,0.0676645658,0.1785294757,-0.6752878506,1.2628608723,-0.2688329467,0.1703159431,0.0885670385,-0.0093674053,-0.3194065647,0.7906078129,1.2329391698,0.1762068285,0.2002759473,-0.0302368598
-0.0103867760,-0.0261910556,0.8143974039,-0.0557569124,0.0151021549,-0.7255778628,0.6857112050,0.0933315867,0.1280705738,0.1085912672,0.1195421536,-0.0053248473,-0.0207274656,0.1165233224,-0.0125890023,-0.1554256998,0.1276776087,0.0360657618,0.0376517308,-0.0336994133,0.0989921301,-0.0435982215,0.0674836763,0.1789937835,-0.6749856600,1.2630820835,-0.2689019979,0.1702208945,0.0887523233,-0.0096435122,-0.3195223257,0.7901924775,1.2327605725,0.1761013453,0.2001442422,-0.0305358097
-0.0103331527,-0.0263482787,0.8144006317,-0.0559413469,0.0151941445,-0.7255379008,0.6857364349,0.0936084378,0.1285073435,0.1082202716,0.1194368192,-0.0058494054,-0.0209025199,0.1165967576,-0.0118003007,-0.1555717615,0.1279006520,0.0365739355,0.0378435952,-0.0338352849,0.0994814039,-0.0433826138,0.0677663528,0.1787741971,-0.6752724821,1.2633617015,-0.2687027002,0.1703881309,0.0883169652,-0.0092530185,-0.3193346475,0.7901266711,1.2333106331,0.1763707419,0.2002119267,-0.0303071244
-0.0104000712,-0.0264986212,0.8144078249,-0.0560287465,0.0151623921,-0.7255111727,0.6857582808,0.0938235160,0.1287004500,0.1085070973,0.1194633705,-0.0059005117,-0.0209586894,0.1168547697,-0.0116284550,-0.1554929706,0.1279379413,0.0365572509,0.0378217148,-0.0339487567,0.0996207371,-0.0431816428,0.0680253447,0.1785774471,-0.6753847091,1.2632894885,-0.2685971885,0.1704090763,0.0882161849,-0.0089058722,-0.3191986988,0.7902156796,1.2335297948,0.1764830293,0.2000780371,-0.0304742044
-0.0104668797,-0.0265630640,0.8144151209,-0.0561161648,0.0151236804,-0.7254848217,0.6857798654,0.0940647256,0.1288773489,0.1087978254,0.1194647770,-0.0059393521,-0.0210140514,0.1171165398,-0.0114691684,-0.1554116732,0.1279948089,0.0365306214,0.0378018710,-0.0340764079,0.0997406962,-0.0429705016,0.0683067255,0.1783910431,-0.6754922983,1.2631781413,-0.2685015646,0.1704423110,0.0881518127,-0.0085486814,-0.3190587313,0.7903154033,1.2337215253,0.1766004475,0.1999448956,-0.0306724009
-0.0105169523,-0.0265806503,0.8143858096,-0.0558508226,0.0151673569,-0.7255103323,0.6857735739,0.0940709688,0.1285751566,0.1085994927,0.1194499195,-0.0060991691,-0.0210846138,0.1171740765,-0.0117669121,-0.1549225966,0.1278036067,0.0359104407,0.0377233756,-0.0339365154,0.0996010008,-0.0428631928,0.0682843102,0.1786099372,-0.6753558601,1.2631179295,-0.2685708484,0.1702958879,0.0882930808,-0.0087103518,-0.3191527614,0.7908284518,1.2336011635,0.1765022442,0.2001486303,-0.0303917112
-0.0105462781,-0.0266818831,0.8143753197,-0.0557709150,0.0151733115,-0.7255749119,0.6857116178,0.0940579500,0.1284158715,0.1083610575,0.1194269023,-0.0062556511,-0.0211613237,0.1171311454,-0.0119030751,-0.1544508649,0.1277954526,0.0354840208,0.0375710814,-0.0338638174,0.0996261104,-0.0427528927,0.0685117195,0.1784654711,-0.6753921508,1.2630392768,-0.2685632052,0.1701120949,0.0884124854,-0.0086522198,-0.3190171991,0.7912465923,1.2336446224,0.1765372567,0.2002459492,-0.0303287486
-0.0104883270,-0.0266975028,0.8143646333,-0.0556890226,0.0151835451,-0.7256404183,0.6856487265,0.0940379035,0.1282645437,0.1081235508,0.1194000237,-0.0064128320,-0.0212360207,0.1170809532,-0.0120352535,-0.1539773847,0.1277815827,0.0350581467,0.0374168746,-0.0337797136,0.0996614449,-0.0426637202,0.0687602880,0.1783138151,-0.6754438396,1.2629419160,-0.2685541503,0.1699320261,0.0885524717,-0.0085788057,-0.3188790336,0.7916684566,1.2337041183,0.1765840220,0.2003228903,-0.0302923759
-0.0106793676,-0.0267561507,0.8144018805,-0.0557713281,0.0151546385,-0.7255961599,0.6856895133,0.0943127960,0.1286243570,0.1081714183,0.1194471043,-0.0066028994,-0.0211664307,0.1172415327,-0.0113393439,-0.1547467617,0.1277662049,0.0353884653,0.0380432245,-0.0341103004,0.0995933513,-0.0427961260,0.0684856934,0.1781668827,-0.6755376215,1.2629560197,-0.2685300433,0.1705018379,0.0881330667,-0.0083491299,-0.3192110891,0.7910730927,1.2339450277,0.1766108347,0.2004751267,-0.0301217533
-0.0108049202,-0.0268206382,0.8144159287,-0.0557567013,0.0151234317,-0.7257502630,0.6855282837,0.0946257500,0.1288818713,0.1078805430,0.1194637127,-0.0071650240,-0.0212145294,0.1174073864,-0.0107330983,-0.1540629670,0.1276282867,0.0346709696,0.0382795018,-0.0343902582,0.0996491558,-0.0428087405,0.0685946840,0.1780854138,-0.6759264124,1.2630179311,-0.2683602225,0.1707221787,0.0879390987,-0.0080420836,-0.3193371413,0.7910404285,1.2342230347,0.1765743119,0.2006073964,-0.0299120231
-0.0110189867,-0.0269761586,0.8144294629,-0.0557397149,0.0150917806,-0.7259097875,0.6853614394,0.0949411889,0.1291391537,0.1076088936,0.1194879559,-0.0077403991,-0.0212628979,0.1175576445,-0.0101268331,-0.1533657017,0.1275136655,0.0339350013,0.0385110087,-0.0346665248,0.0997012300,-0.0428389060,0.0687522450,0.1780173991,-0.6763128331,1.2630565710,-0.2681901781,0.1709110822,0.0877665253,-0.0077215222,-0.3194560774,0.7910303185,1.2344932162,0.1765523771,0.2007429529,-0.0297104117
-0.0108560162,-0.0269571778,0.8144082164,-0.0557569474,0.0150724694,-0.7258824168,0.6853894517,0.0948866087,0.1285261109,0.1085191255,0.1196064082,-0.0063012643,-0.0200531772,0.1176973484,-0.0120640085,-0.1553952903,0.1278349545,0.0363709681,0.0390334154,-0.0344462161,0.0994609021,-0.0428592451,0.0685952303,0.1779479607,-0.6765162404,1.2628089856,-0.2681406516,0.1706698117,0.0879079033,-0.0082292604,-0.3193419301,0.7916535624,1.2339747644,0.1762639160,0.2004438131,-0.0300680570
-0.0106656403,-0.0270221628,0.8144220213,-0.0557010349,0.0150097198,-0.7259485990,0.6853252765,0.0950348521,0.1277365839,0.1083951902,0.1195977793,-0.0065229600,-0.0190334701,0.1179834359,-0.0131146266,-0.1560799700,0.1279163844,0.0369101783,0.0400728253,-0.0343979376,0.0990597881,-0.0429090055,0.0684144733,0.1778347982,-0.6765809561,1.2626154296,-0.2680652805,0.1706169152,0.0879306852,-0.0085480889,-0.3191455927,0.7917745803,1.2334751158,0.1761110159,0.2004060355,-0.0301264556
-0.0105643779,-0.0270874166,0.8144347858,-0.0556573135,0.0149392714,-0.7260151920,0.6852598213,0.0951990028,0.1269606671,0.1082739344,0.1196296111,-0.0067724829,-0.0180179024,0.1182846549,-0.0141526369,-0.1567557694,0.1280304670,0.0374258231,0.0411087324,-0.0343320656,0.0986586887,-0.0429285800,0.0682296751,0.1777361720,-0.6766534702,1.2624089054,-0.2679809364,0.1705762021,0.0879429752,-0.0088535224,-0.3189526370,0.7918715026,1.2329508480,0.1759458764,0.2003970075,-0.0301744596
-0.0103732921,-0.0271897782,0.8144313493,-0.0558023679,0.0150641415,-0.7257079021,0.6855707171,0.0953585906,0.1280706713,0.1095712332,0.1194052732,-0.0069763201,-0.0203087433,0.1178134134,-0.0124047212,-0.1536535960,0.1278354769,0.0364107184,0.0384846783,-0.0347980378,0.0994857524,-0.0429611409,0.0682586598,0.1774667180,-0.6767389276,1.2623216529,-0.2679771072,0.1704184473,0.0879575880,-0.0090083872,-0.3190333761,0.7919453846,1.2331451375,0.1758714213,0.2004628159,-0.0301106062
-0.0102964866,-0.0272585746,0.8144554895,-0.0557860535,0.0150829409,-0.7256838769,0.6855970623,0.0955945551,0.1281297472,0.1109204672,0.1194453861,-0.0080011471,-0.0200078569,0.1178316900,-0.0125446554,-0.1519351846,0.1278315690,0.0368060724,0.0386153446,-0.0351157526,0.0998167348,-0.0430216318,0.0682310767,0.1773842739,-0.6767871020,1.2622602477,-0.2679667751,0.1702039939,0.0878923642,-0.0089412652,-0.3190304839,0.7922423695,1.2333059272,0.1757544201,0.2004897707,-0.0300427368
-0.0102147494,-0.0273292148,0.8144797404,-0.0557584404,0.0150912063,-0.7256523774,0.6856324664,0.0958451015,0.1281355748,0.1122604533,0.1194500105,-0.0090056332,-0.0196901190,0.1178622808,-0.0127287697,-0.1502318509,0.1278157785,0.0371990885,0.0387624632,-0.0354590201,0.1000944464,-0.0430946954,0.0682061988,0.1773123082,-0.6768332050,1.2622057764,-0.2679559217,0.1699872206,0.0878320239,-0.0088520753,-0.3190269882,0.7925410826,1.2334404560,0.1756420248,0.2005193141,-0.0299794425
-0.0104768563,-0.0274486046,0.8144031348,-0.0557387067,0.0151908425,-0.7258144267,0.6854603219,0.0953406834,0.1279640114,0.1082693475,0.1195397385,-0.0058136543,-0.0215366205,0.1179813696,-0.0118058506,-0.1549738369,0.1277341507,0.0357896797,0.0381175266,-0.0345237993,0.1000237449,-0.0429192982,0.0684166612,0.1775137606,-0.6768738819,1.2622743756,-0.2679706221,0.1705452021,0.0877682878,-0.0087186242,-0.3190950262,0.7925797472,1.2335764890,0.1758195258,0.2005207780,-0.0298351351
-0.0107281050,-0.0275498489,0.8143913546,-0.0556510745,0.0152764636,-0.7257021239,0.6855844331,0.0952039335,0.1279205166,0.1076213170,0.1195187212,-0.0053145477,-0.0224533944,0.1180034003,-0.0113291388,-0.1551986846,0.1278023768,0.0351702806,0.0379513387,-0.0343768230,0.0998935296,-0.0428973841,0.0686189852,0.1777401836,-0.6769936919,1.2622120359,-0.2679702016,0.1707378056,0.0875868849,-0.0085253756,-0.3191668872,0.7926804043,1.2337885565,0.1759067227,0.2005287114,-0.0296455577
-0.0109761068,-0.0276530101,0.8143792590,-0.0555735606,0.0153573796,-0.7256129798,0.6856832606,0.0950933408,0.1278935026,0.1070440993,0.1195356927,-0.0048530236,-0.0233727792,0.1180680116,-0.0108330426,-0.1553531925,0.1277968121,0.0345988049,0.0377872938,-0.0341707517,0.0997723150,-0.0428634285,0.0688370885,0.1779535816,-0.6770957344,1.2621711689,-0.2679625883,0.1708930234,0.0874068772,-0.0083323260,-0.3192482656,0.7928036860,1.2340018199,0.1759980840,0.2005295043,-0.0294467737
-0.0109463498,-0.0278032579,0.8144380272,-0.0554689981,0.0152876711,-0.7255880696,0.6857196444,0.0955351297,0.1287778935,0.1093617724,0.1194281760,-0.0068893929,-0.0214233330,0.1181784000,-0.0113688703,-0.1540142060,0.1279276144,0.0349728198,0.0380357935,-0.0341580063,0.0994414029,-0.0429983180,0.0683303945,0.1775999941,-0.6764912067,1.2620104847,-0.2681655970,0.1704919961,0.0878895452,-0.0077999224,-0.3197721304,0.7929282703,1.2342687977,0.1761067636,0.2004222954,-0.0294806542
-0.0109348966,-0.0278715236,0.8144635128,-0.0554060006,0.0153778902,-0.7255054870,0.6858100932,0.0959081501,0.1288881625,0.1105694942,0.1194464876,-0.0077946617,-0.0218616815,0.1184116379,-0.0111312137,-0.1528804609,0.1280417973,0.0345491092,0.0379646393,-0.0340428907,0.0994406850,-0.0430298194,0.0681296349,0.1776936199,-0.6760206933,1.2619668435,-0.2683393372,0.1702122566,0.0881627417,-0.0074785967,-0.3203945789,0.7929158940,1.2344137767,0.1761848050,0.2002992792,-0.0294722494
-0.0109273520,-0.0280274785,0.8144893554,-0.0553444269,0.0154709819,-0.7254171986,0.6859063574,0.0962836533,0.1290047403,0.1117562591,0.1194422056,-0.0086806222,-0.0223079154,0.1186430603,-0.0108866911,-0.1517676080,0.1281681634,0.0341139984,0.0378878388,-0.0339411266,0.0994416310,-0.0430637015,0.0679374530,0.1778134813,-0.6755540459,1.2618995186,-0.2685091276,0.1699380551,0.0884106340,-0.0071559790,-0.3210111214,0.7928955431,1.2345537615,0.1762546003,0.2001844466,-0.0294603965
-0.0110090896,-0.0280704399,0.8144346521,-0.0554279478,0.0152979578,-0.7256895132,0.6856153772,0.0953653930,0.1286059198,0.1093018046,0.1195594659,-0.0059721216,-0.0222941521,0.1181104732,-0.0117998085,-0.1559780785,0.1278112151,0.0357448911,0.0383488596,-0.0339802045,0.0993435722,-0.0430886003,0.0678182716,0.1785332413,-0.6750827524,1.2622743988,-0.2685324392,0.1700978452,0.0881943047,-0.0076844611,-0.3213183505,0.7923843828,1.2343682886,0.1763478501,0.2000810763,-0.0296664078
-0.0109715556,-0.0280777816,0.8144522854,-0.0553652547,0.0153358986,-0.7256883114,0.6856208672,0.0950300449,0.1284124595,0.1100163672,0.1195439273,-0.0055829195,-0.0234673638,0.1177802778,-0.0121079694,-0.1573258111,0.1277287012,0.0361611442,0.0386370923,-0.0341631068,0.0995574503,-0.0432656475,0.0675968023,0.1792268680,-0.6745619085,1.2627414361,-0.2685896888,0.1699157929,0.0881606650,-0.0079827750,-0.3213959187,0.7919294646,1.2343361707,0.1764769147,0.1999828454,-0.0299248359
-0.0110220762,-0.0280872026,0.8144686690,-0.0553209124,0.0153665186,-0.7257076503,0.6856032913,0.0947351779,0.1282479455,0.1107884285,0.1195768625,-0.0052426081,-0.0246541365,0.1174723018,-0.0123956698,-0.1586140340,0.1276709258,0.0365642265,0.0389161600,-0.0342730712,0.0997848706,-0.0434090640,0.0673764713,0.1799144695,-0.6740529644,1.2632437000,-0.2686418681,0.1696878975,0.0881256243,-0.0082591109,-0.3214771881,0.7914656016,1.2342934962,0.1766143033,0.1998828528,-0.0301970582
-0.0109225253,-0.0280037562,0.8144251816,-0.0553165709,0.0155140837,-0.7256122806,0.6857012530,0.0949240577,0.1290394015,0.1093494198,0.1193985453,-0.0054605944,-0.0218884139,0.1173939841,-0.0117501146,-0.1566451032,0.1278247621,0.0349751017,0.0381424359,-0.0340513275,0.0998441651,-0.0432819487,0.0677747683,0.1794545770,-0.6738552246,1.2633635708,-0.2687488352,0.1700890270,0.0882555506,-0.0078878880,-0.3216128596,0.7919345379,1.2342974327,0.1764517574,0.1999076880,-0.0299423300
-0.0109986834,-0.0280431090,0.8144137414,-0.0553385378,0.0156381746,-0.7255751364,0.6857359661,0.0947588142,0.1295175053,0.1097313791,0.1193328492,-0.0048904539,-0.0222081963,0.1168854096,-0.0116526747,-0.1579527236,0.1278405015,0.0343772886,0.0381274982,-0.0340173320,0.1000754452,-0.0432450563,0.0683143547,0.1793248591,-0.6735312513,1.2631869864,-0.2687979662,0.1701644896,0.0882773180,-0.0076705882,-0.3217620515,0.7917975021,1.2341697139,0.1764443063,0.1999057768,-0.0298689814
-0.0109898554,-0.0279948184,0.8144033970,-0.0553387117,0.0157861892,-0.7255355398,0.6857744554,0.0945289412,0.1300028130,0.1101009904,0.1192390741,-0.0042924946,-0.0225289103,0.1163133588,-0.0115476255,-0.1592718763,0.1278399405,0.0337982622,0.0381060206,-0.0339891679,0.1003093721,-0.0432811809,0.0688677424,0.1792105005,-0.6732083791,1.2630070861,-0.2688381634,0.1702135443,0.0882864214,-0.0074479739,-0.3219037634,0.7916613105,1.2340350602,0.1764375639,0.1999167199,-0.0298125498
-0.0111870106,-0.0280116410,0.8144250981,-0.0551170696,0.0155289363,-0.7256290517,0.6856992344,0.0946180295,0.1288814341,0.1074993340,0.1194107772,-0.0056342156,-0.0224812077,0.1175239370,-0.0114510572,-0.1566075862,0.1280177867,0.0344653160,0.0381151189,-0.0335791258,0.0993333700,-0.0437124225,0.0679832936,0.1797958059,-0.6735285377,1.2634353234,-0.2687441147,0.1702906557,0.0885274768,-0.0080907159,-0.3226399935,0.7916274837,1.2343173711,0.1767538935,0.1998428274,-0.0299507219
-0.0113405936,-0.0281678474,0.8144175291,-0.0551609100,0.0155448073,-0.7255590886,0.6857693795,0.0947794569,0.1290788535,0.1061328298,0.1194213094,-0.0054010750,-0.0232888036,0.1178952197,-0.0111260199,-0.1574518976,0.1280847547,0.0336532560,0.0381110740,-0.0330102871,0.0990773679,-0.0437341666,0.0677116833,0.1800512058,-0.6733644660,1.2637789668,-0.2688178315,0.1702324519,0.0885883783,-0.0086035082,-0.3234686488,0.7914460925,1.2345877303,0.1770856650,0.1996624442,-0.0298986750
-0.0114962126,-0.0282371187,0.8144101229,-0.0551929535,0.0155834950,-0.7254834199,0.6858459740,0.0948947440,0.1292907831,0.1047480431,0.1194017697,-0.0051423530,-0.0241026088,0.1181833644,-0.0107882013,-0.1583162229,0.1282133567,0.0328116561,0.0380982581,-0.0324960193,0.0988703657,-0.0438079494,0.0674904192,0.1802937298,-0.6731660468,1.2640554594,-0.2688856375,0.1701928432,0.0886643609,-0.0091308515,-0.3243370619,0.7913070514,1.2348484582,0.1774109538,0.1994847581,-0.0298397342
-0.0116618922,-0.0282571620,0.8144492808,-0.0551651984,0.0153168969,-0.7254711547,0.6858671863,0.0952258232,0.1292682042,0.1075027670,0.1195032826,-0.0058285585,-0.0218799443,0.1182217520,-0.0111006132,-0.1566245607,0.1281004065,0.0341677123,0.0381767487,-0.0331306796,0.0985761541,-0.0442364139,0.0677609793,0.1810908394,-0.6710000557,1.2645025542,-0.2692563461,0.1699701338,0.0890265750,-0.0102624743,-0.3262364673,0.7852088201,1.2330874044,0.1812488465,0.1974906624,-0.0332701257
-0.0118930370,-0.0282612025,0.8144671987,-0.0552720832,0.0151964206,-0.7255402578,0.6857881597,0.0957045703,0.1294262803,0.1071515022,0.1195513722,-0.0057947237,-0.0219796267,0.1186022316,-0.0108272566,-0.1564972025,0.1281192145,0.0336449602,0.0380990364,-0.0332920331,0.0986740625,-0.0446341719,0.0678702903,0.1816466089,-0.6691464704,1.2649821579,-0.2695785755,0.1696944285,0.0893168857,-0.0115203542,-0.3286354063,0.7791640174,1.2311004303,0.1851849529,0.1954565705,-0.0369016276
-0.0120378690,-0.0282642124,0.8144842193,-0.0553848580,0.0150723309,-0.7255955259,0.6857233226,0.0961920771,0.1295848709,0.1067560355,0.1195984660,-0.0057568008,-0.0220788443,0.1189872237,-0.0105564708,-0.1564156289,0.1281895406,0.0330827800,0.0380211432,-0.0334770189,0.0988006576,-0.0450060735,0.0679584860,0.1821792300,-0.6673172526,1.2654690967,-0.2699097909,0.1694169730,0.0896017101,-0.0127503658,-0.3310743719,0.7731055692,1.2290793455,0.1891172530,0.1934248571,-0.0405555923
-0.0119552092,-0.0282291102,0.8144512167,-0.0554121088,0.0149670331,-0.7255664550,0.6857541874,0.0964451521,0.1294678105,0.1081386959,0.1196141609,-0.0058317977,-0.0225653909,0.1189448236,-0.0109216727,-0.1564389448,0.1281622354,0.0345453597,0.0383823291,-0.0332794345,0.0983770672,-0.0449747268,0.0684263328,0.1827525782,-0.6672182904,1.2657577241,-0.2698359928,0.1694847594,0.0894918609,-0.0130467500,-0.3316083212,0.7733417943,1.2274268691,0.1886550955,0.1932400536,-0.0404634864
-0.0118891966,-0.0281783833,0.8144596672,-0.0554679950,0.0148239480,-0.7255503004,0.6857698694,0.0968431234,0.1291120821,0.1083430242,0.1196420713,-0.0058511525,-0.0233822847,0.1191078494,-0.0111406082,-0.1564251865,0.1281060165,0.0344706208,0.0385684919,-0.0333711556,0.0979820196,-0.0453064452,0.0689053328,0.1834622176,-0.6671715196,1.2658578313,-0.2697617951,0.1696921813,0.0894035770,-0.0134670467,-0.3320132659,0.7737271603,1.2257646401,0.1879732705,0.1932358070,-0.0401322838
-0.0118257030,-0.0281279691,0.8144674403,-0.0555254317,0.0146758586,-0.7255260584,0.6857940537,0.0972492314,0.1287482992,0.1085219525,0.1196601321,-0.0058635331,-0.0242009104,0.1192621012,-0.0113688433,-0.1564344430,0.1281020275,0.0343627417,0.0387538344,-0.0335168741,0.0975741594,-0.0456351091,0.0694092921,0.1841851015,-0.6671002186,1.2659336711,-0.2696891708,0.1699116809,0.0893180328,-0.0139024330,-0.3324002718,0.7741377575,1.2241144088,0.1872755992,0.1932456525,-0.0397830222
-0.0117876359,-0.0280512436,0.8144624095,-0.0556757744,0.0147458275,-0.7255668655,0.6857371890,0.0969486122,0.1294956227,0.1077335377,0.1195798979,-0.0057956745,-0.0227375762,0.1195810581,-0.0112318466,-0.1572538509,0.1282789828,0.0347115368,0.0381295955,-0.0356059720,0.0977765123,-0.0452234846,0.0712477729,0.1865313846,-0.6641888565,1.2644375449,-0.2684235551,0.1694477749,0.0893230424,-0.0182620158,-0.3439219809,0.7516466343,1.1902045976,0.1929149094,0.1843016952,-0.0574952880
-0.0117415223,-0.0278682028,0.8144708495,-0.0558296709,0.0145893791,-0.7255692638,0.6857254854,0.0973908453,0.1295434354,0.1074219831,0.1197183213,-0.0059938324,-0.0234236808,0.1199448139,-0.0113754823,-0.1578467413,0.1283713394,0.0347220318,0.0379136864,-0.0367628146,0.0974269019,-0.0449562007,0.0725909326,0.1886523233,-0.6621489052,1.2629667543,-0.2670135236,0.1693460356,0.0892828216,-0.0203641208,-0.3569453204,0.7274006976,1.1525876707,0.1981927221,0.1765988245,-0.0768980554
-0.0117817930,-0.0277875502,0.8144775129,-0.0559927451,0.0144227989,-0.7255790450,0.6857053630,0.0979080983,0.1295903632,0.1071412642,0.1198231244,-0.0062073359,-0.0241078719,0.1203536026,-0.0115199763,-0.1584102030,0.1284678032,0.0347078384,0.0377032183,-0.0376065369,0.0971082812,-0.0447033693,0.0738478823,0.1908482915,-0.6603822475,1.2620440212,-0.2655785897,0.1686286050,0.0889415259,-0.0214048664,-0.3702587175,0.7025720262,1.1147009156,0.2027777937,0.1685334893,-0.0963792327
-0.0118965514,-0.0278159545,0.8144178301,-0.0571295350,0.0131668218,-0.7254793402,0.6857423554,0.1002426423,0.1291298602,0.1060989890,0.1221703686,-0.0073022825,-0.0226433603,0.1226871467,-0.0116225947,-0.1569868221,0.1318066113,0.0316584596,0.0382836871,-0.0366818989,0.0955901994,-0.0411822917,0.0735484894,0.1924940250,-0.6597940936,1.2628295710,-0.2652038191,0.1680530291,0.0880462519,-0.0186799374,-0.3902990152,0.6506710942,1.0202869741,0.2162083729,0.1602085337,-0.1272170999
-0.0120675704,-0.0277988732,0.8144462729,-0.0573503312,0.0129169601,-0.7255096735,0.6856965840,0.1010817324,0.1291846394,0.1046965206,0.1222105932,-0.0074999877,-0.0231214984,0.1235312816,-0.0113715236,-0.1569066751,0.1320965330,0.0303999664,0.0380540374,-0.0367554802,0.0948063012,-0.0406250353,0.0745806719,0.1937221816,-0.6579614659,1.2625967116,-0.2651188661,0.1681866699,0.0882783610,-0.0147186992,-0.4093229977,0.6000017950,0.9248882151,0.2277385040,0.1528570874,-0.1585225833
-0.0122858043,-0.0277918589,0.8144808222,-0.0574907142,0.0127435269,-0.7255429393,0.6856528739,0.1016806926,0.1293114475,0.1032592207,0.1222492903,-0.0076690702,-0.0236702596,0.1241871982,-0.0110416005,-0.1568587111,0.1322823723,0.0291952802,0.0377507475,-0.0369632382,0.0941473751,-0.0403278481,0.0758186428,0.1949186536,-0.6560095557,1.2621847076,-0.2650354134,0.1683799279,0.0885566235,-0.0089422904,-0.4269883917,0.5490136876,0.8289161255,0.2371996355,0.1453001259,-0.1901001554
-0.0122824654,-0.0277264738,0.8145495182,-0.0567913436,0.0137371185,-0.7256741006,0.6855531595,0.0999041315,0.1301407798,0.1055357946,0.1196055581,-0.0056810227,-0.0229128465,0.1222027395,-0.0100106650,-0.1558761574,0.1288416840,0.0348026344,0.0376122203,-0.0406115526,0.0944983164,-0.0441982760,0.0782008779,0.1954231253,-0.6528823302,1.2614934078,-0.2655972076,0.1692003769,0.0902030629,-0.0113998383,-0.4408648724,0.5154082475,0.7700571682,0.2429328455,0.1392507516,-0.2169440898
-0.0123264590,-0.0277045487,0.8145900532,-0.0566589395,0.0138628040,-0.7257796642,0.6854498277,0.0996156394,0.1302600565,0.1050275220,0.1194828375,-0.0061161381,-0.0230110938,0.1219882061,-0.0095148867,-0.1543372341,0.1282751727,0.0354164050,0.0373362906,-0.0424138479,0.0945748539,-0.0454847746,0.0798350284,0.1963458904,-0.6506708080,1.2616166486,-0.2659890457,0.1695453721,0.0907683201,-0.0113258719,-0.4539281478,0.4800341729,0.7094879875,0.2476770017,0.1333008244,-0.2451508715
-0.0123979356,-0.0276671642,0.8146218392,-0.0566723760,0.0138173125,-0.7258662823,0.6853579094,0.0997556728,0.1303625347,0.1044890831,0.1194937936,-0.0066653102,-0.0231486835,0.1220495504,-0.0090786593,-0.1528207940,0.1282077483,0.0357049488,0.0370375459,-0.0439730087,0.0945613682,-0.0461804055,0.0810827185,0.1972070068,-0.6487538560,1.2614905264,-0.2664361914,0.1703603044,0.0914061533,-0.0100431580,-0.4661071543,0.4439712839,0.6475701177,0.2510812154,0.1280853172,-0.2737916508
-0.0124250051,-0.0277369517,0.8145920657,-0.0568118821,0.0139384427,-0.7260675237,0.6851307036,0.0997632644,0.1307751441,0.1056053380,0.1195960636,-0.0051393987,-0.0231685243,0.1219359527,-0.0095378649,-0.1560198464,0.1282400342,0.0353961881,0.0372531935,-0.0426149656,0.0953838289,-0.0463527811,0.0808998516,0.1972765632,-0.6514951422,1.2618096469,-0.2663553186,0.1710280065,0.0908923670,-0.0105280416,-0.4685982454,0.4272925110,0.6049465229,0.2513862623,0.1300672082,-0.2835689060
-0.0125317750,-0.0277987419,0.8145953237,-0.0568725828,0.0139351508,-0.7261214413,0.6850685903,0.0999037358,0.1309476854,0.1055357087,0.1194438217,-0.0053441614,-0.0233000831,0.1220434859,-0.0094099296,-0.1559190567,0.1282961252,0.0353653994,0.0370790870,-0.0427772551,0.0957377281,-0.0468283444,0.0812438744,0.1974924071,-0.6531084812,1.2622078657,-0.2664228248,0.1715223849,0.0902532843,-0.0137400270,-0.4702843090,0.4123133070,0.5658300225,0.2516640111,0.1312082233,-0.2913934007
-0.0125597735,-0.0278329674,0.8145998787,-0.0569659764,0.0139033742,-0.7261707125,0.6850092482,0.1000697472,0.1311402820,0.1054502279,0.1193535052,-0.0055524751,-0.0234423786,0.1222228335,-0.0092575040,-0.1558273083,0.1283277439,0.0353727719,0.0368832708,-0.0434153280,0.0960811711,-0.0471559681,0.0817238991,0.1977286087,-0.6542299992,1.2625781419,-0.2664500832,0.1719689493,0.0896008125,-0.0177453236,-0.4716198339,0.3980411000,0.5277139802,0.2518520720,0.1318650115,-0.2988561213
-0.0128938609,-0.0277457863,0.8146205303,-0.0569070394,0.0138486725,-0.7262676143,0.6849125167,0.1004965311,0.1313257890,0.1054284601,0.1193966135,-0.0050991883,-0.0239916026,0.1221430091,-0.0089130104,-0.1556786528,0.1282978723,0.0352827038,0.0367025865,-0.0434655864,0.0961728409,-0.0475325282,0.0816949586,0.1971468787,-0.6552505300,1.2624791587,-0.2664297681,0.1722504683,0.0891661188,-0.0199234905,-0.4716509687,0.3827446102,0.5062148992,0.2555138773,0.1330883096,-0.3103395010
-0.0132164455,-0.0276285695,0.8146278241,-0.0569682752,0.0137769560,-0.7264384381,0.6847276880,0.1006624440,0.1318283727,0.1055409323,0.1193350790,-0.0049582924,-0.0242906158,0.1220624520,-0.0084723617,-0.1554471179,0.1283164032,0.0352113751,0.0365097425,-0.0435878488,0.0963366288,-0.0480057940,0.0817454998,0.1965623851,-0.6563909558,1.2624547568,-0.2664732651,0.1725881265,0.0887602862,-0.0231053660,-0.4713249459,0.3679816437,0.4869752966,0.2596983698,0.1328692991,-0.3217816870
-0.0135425053,-0.0274959804,0.8146360884,-0.0570347125,0.0137029236,-0.7266145492,0.6845367546,0.1008054375,0.1323494986,0.1056594937,0.1193048617,-0.0048167434,-0.0245960082,0.1219649620,-0.0080171368,-0.1552057348,0.1283461102,0.0351559771,0.0363032683,-0.0438153021,0.0965197093,-0.0484718606,0.0818247597,0.1959635405,-0.6574322835,1.2624348207,-0.2665370193,0.1729261195,0.0883559594,-0.0266038794,-0.4708071305,0.3534629057,0.4683279092,0.2638799661,0.1321494193,-0.3331598620
-0.0135163304,-0.0275579438,0.8146371849,-0.0571620842,0.0136994324,-0.7266736339,0.6844634770,0.1010842625,0.1326124081,0.1056674559,0.1192394982,-0.0051288017,-0.0246364938,0.1220839797,-0.0075526235,-0.1547934511,0.1284018473,0.0353793239,0.0362060980,-0.0430497134,0.0971862361,-0.0492203037,0.0811413349,0.1958230350,-0.6592746021,1.2626799061,-0.2666293643,0.1731970176,0.0880117013,-0.0318716132,-0.4686326954,0.3463335662,0.4569050735,0.2670165570,0.1337211340,-0.3387846173
-0.0135702409,-0.0275026142,0.8146418490,-0.0573288685,0.0136904320,-0.7267923014,0.6843236979,0.1013315711,0.1328960034,0.1056802999,0.1192052651,-0.0054183387,-0.0246683806,0.1222016176,-0.0072116988,-0.1543753741,0.1284374885,0.0356561530,0.0361203934,-0.0428694131,0.0976006041,-0.0498474022,0.0806562402,0.1956438650,-0.6605191714,1.2630501369,-0.2667747970,0.1733993555,0.0876198270,-0.0381963848,-0.4663576191,0.3399693603,0.4469946033,0.2702588806,0.1348649843,-0.3437521283
-0.0135376497,-0.0275212333,0.8146471526,-0.0575057625,0.0136692371,-0.7269047421,0.6841898385,0.1015882689,0.1331755530,0.1056771185,0.1191761947,-0.0056937355,-0.0247010127,0.1223372954,-0.0068764669,-0.1539715414,0.1284785883,0.0359416296,0.0360316330,-0.0429289056,0.0980141850,-0.0504055961,0.0802271792,0.1954593407,-0.6615289771,1.2634116880,-0.2668955094,0.1735836509,0.0872225505,-0.0449344115,-0.4639960810,0.3339011312,0.4375738428,0.2735544069,0.1357421657,-0.3486009002
-0.0134330585,-0.0274264364,0.8146611645,-0.0575737700,0.0136123848,-0.7270316935,0.6840503495,0.1021292169,0.1331515833,0.1060218824,0.1192950293,-0.0054792858,-0.0247583303,0.1225181667,-0.0069802464,-0.1536791095,0.1284629135,0.0359884587,0.0358684448,-0.0429914929,0.0981559349,-0.0509928220,0.0796004580,0.1961693783,-0.6606723552,1.2641114965,-0.2672275984,0.1733239124,0.0878845851,-0.0517712253,-0.4620726949,0.3255058364,0.4312775345,0.2779860179,0.1360023104,-0.3574760842
-0.0134156747,-0.0273588016,0.8146782370,-0.0577067049,0.0136036162,-0.7271125659,0.6839533569,0.1023393481,0.1332511342,0.1062408691,0.1192769600,-0.0055209807,-0.0247922421,0.1225781063,-0.0068849640,-0.1532912344,0.1285612243,0.0363843166,0.0357749910,-0.0429886814,0.0984703008,-0.0513894280,0.0789163338,0.1968510276,-0.6598837831,1.2648903447,-0.2676343658,0.1731406635,0.0881833700,-0.0587271796,-0.4600587286,0.3173049800,0.4254605424,0.2826084713,0.1357858142,-0.3666231264
-0.0133116807,-0.0272852890,0.8146956304,-0.0578398799,0.0136010571,-0.7271949616,0.6838545513,0.1025155931,0.1333632989,0.1064613275,0.1192899967,-0.0055696786,-0.0248297797,0.1226224349,-0.0067793580,-0.1528976731,0.1286481508,0.0367929359,0.0356755480,-0.0430044910,0.0988107942,-0.0517993426,0.0782159539,0.1975232139,-0.6590692957,1.2656949916,-0.2680440778,0.1729600978,0.0884322740,-0.0657268583,-0.4579950359,0.3091507755,0.4197648312,0.2872425351,0.1353957870,-0.3758037063
-0.0134926738,-0.0270914842,0.8146950995,-0.0578545772,0.0135051501,-0.7272854478,0.6837589752,0.1024824486,0.1335260866,0.1066766964,0.1193223588,-0.0053943002,-0.0250087243,0.1224056175,-0.0065336416,-0.1530705105,0.1285773878,0.0365165716,0.0354045572,-0.0439359084,0.0991982040,-0.0514527642,0.0780360668,0.1975610034,-0.6591241382,1.2655360290,-0.2680925509,0.1727643502,0.0881287267,-0.0682745523,-0.4555803388,0.3022225971,0.4050818502,0.2890902533,0.1343115029,-0.3796956993
-0.0136729924,-0.0269686470,0.8147062793,-0.0578546025,0.0134752395,-0.7273987542,0.6836390241,0.1024688162,0.1337951995,0.1067769802,0.1192853696,-0.0052513573,-0.0252094249,0.1221951882,-0.0061969199,-0.1527901184,0.1285871261,0.0365077887,0.0351920407,-0.0446430367,0.0996186839,-0.0512870382,0.0782043318,0.1975838853,-0.6591838209,1.2650775114,-0.2680895107,0.1724912135,0.0880116581,-0.0691145028,-0.4532333346,0.2946240723,0.3882190683,0.2900781665,0.1340512603,-0.3833549683
-0.0138580764,-0.0268699450,0.8147169188,-0.0578313250,0.0134678373,-0.7275178126,0.6835144384,0.1024275648,0.1340740494,0.1068886183,0.1192307254,-0.0051308677,-0.0254190651,0.1219584525,-0.0058524335,-0.1525006229,0.1285606608,0.0364903279,0.0349773304,-0.0451548845,0.1000522285,-0.0512541415,0.0784486998,0.1976271699,-0.6594347902,1.2645216365,-0.2680740223,0.1722428326,0.0879378498,-0.0693755746,-0.4508288160,0.2867820064,0.3705746834,0.2907661212,0.1341866887,-0.3870732646
-0.0139404598,-0.0267785048,0.8147363917,-0.0578911561,0.0134809621,-0.7275175387,0.6835094064,0.1023670107,0.1343226145,0.1068200321,0.1191925319,-0.0050927981,-0.0256627957,0.1218761410,-0.0058688082,-0.1533378145,0.1287847972,0.0366409642,0.0346994638,-0.0463556579,0.1008926489,-0.0512123475,0.0791375351,0.1979209660,-0.6574469294,1.2642510953,-0.2682596190,0.1722074895,0.0879430587,-0.0676847353,-0.4471171556,0.2717591655,0.3473921906,0.2933909332,0.1319371271,-0.3966664544
-0.0140371080,-0.0267097421,0.8147523543,-0.0579451915,0.0134723719,-0.7274893160,0.6835350358,0.1023462715,0.1345259053,0.1066669695,0.1191500514,-0.0050737799,-0.0259193439,0.1218044160,-0.0056559170,-0.1533511446,0.1289298586,0.0367362479,0.0344836010,-0.0471496076,0.1015840702,-0.0510670039,0.0797090064,0.1982727766,-0.6561240856,1.2639976790,-0.2683292176,0.1720548496,0.0879249447,-0.0647421732,-0.4430122456,0.2563832924,0.3225569635,0.2957030749,0.1299820943,-0.4071277303
-0.0141446931,-0.0266523238,0.8147678785,-0.0579961267,0.0134641343,-0.7274709633,0.6835504107,0.1023533582,0.1347448451,0.1065408100,0.1190937313,-0.0050690429,-0.0261918818,0.1217537595,-0.0054228816,-0.1533468478,0.1290553623,0.0368245109,0.0342521695,-0.0477147336,0.1022808290,-0.0509775393,0.0802520162,0.1986434044,-0.6550212882,1.2637615409,-0.2684157633,0.1718849295,0.0878872170,-0.0613147281,-0.4386225771,0.2408969410,0.2970079443,0.2976670740,0.1282717634,-0.4178080139
-0.0142682159,-0.0266799681,0.8147758002,-0.0580482465,0.0135174713,-0.7275085148,0.6835049670,0.1025774958,0.1350261661,0.1061635898,0.1189771818,-0.0056573905,-0.0265275810,0.1219209914,-0.0050236384,-0.1535076766,0.1292857442,0.0370059143,0.0341959145,-0.0470560935,0.1028337749,-0.0509144869,0.0800817484,0.1982560076,-0.6560175398,1.2632483787,-0.2683285747,0.1717242535,0.0876853420,-0.0548630839,-0.4318828533,0.2322661454,0.2862715034,0.3039877110,0.1298450816,-0.4205939759
-0.0144589098,-0.0268057790,0.8147833129,-0.0580783260,0.0135933823,-0.7275659385,0.6834397802,0.1027618428,0.1352889963,0.1058533100,0.1188587829,-0.0062609340,-0.0268326960,0.1220409156,-0.0046423284,-0.1536077810,0.1294742334,0.0372159348,0.0341708898,-0.0468409976,0.1034356488,-0.0509907923,0.0806166127,0.1980833594,-0.6566813985,1.2628477089,-0.2683164097,0.1716024509,0.0874191067,-0.0498952049,-0.4253096962,0.2242615752,0.2782751996,0.3112572106,0.1301940671,-0.4220497157
-0.0146449020,-0.0269158180,0.8147915544,-0.0581112962,0.0136683217,-0.7276222118,0.6833755711,0.1029222968,0.1355459462,0.1055360352,0.1187541746,-0.0068508060,-0.0271302897,0.1221393004,-0.0042655938,-0.1537077696,0.1296686292,0.0374478161,0.0341454781,-0.0468670439,0.1040600042,-0.0510736991,0.0812854711,0.1979100571,-0.6571293360,1.2623850076,-0.2683000766,0.1714712636,0.0871537525,-0.0456234029,-0.4187513893,0.2166634469,0.2712999205,0.3187856562,0.1299107164,-0.4231728690
-0.0144734497,-0.0268826697,0.8147951533,-0.0580571107,0.0136039533,-0.7277394163,0.6832566475,0.1030462384,0.1356449342,0.1063884169,0.1187872296,-0.0061170891,-0.0269039706,0.1218009790,-0.0048005531,-0.1531783800,0.1294867985,0.0372783474,0.0336650897,-0.0462509757,0.1044055583,-0.0509747955,0.0812145651,0.1985014286,-0.6575648332,1.2620598874,-0.2684308821,0.1713068206,0.0872432182,-0.0400584466,-0.4127540347,0.2145288994,0.2692322359,0.3246496401,0.1311653343,-0.4185608955
-0.0143770490,-0.0268501414,0.8148025378,-0.0580388303,0.0136582916,-0.7278088269,0.6831831795,0.1030808401,0.1355940926,0.1069430776,0.1185964782,-0.0065801540,-0.0266755291,0.1215827093,-0.0051500578,-0.1526569629,0.1297598797,0.0379019181,0.0337406528,-0.0460067351,0.1048156169,-0.0509579492,0.0814899934,0.1989831193,-0.6576660938,1.2619091071,-0.2686147513,0.1710950031,0.0873445702,-0.0352173718,-0.4068337936,0.2127632609,0.2682143989,0.3304213086,0.1320531850,-0.4130155357
-0.0142757900,-0.0268986264,0.8148099112,-0.0580244174,0.0137106871,-0.7278727359,0.6831152644,0.1030749661,0.1355394664,0.1074779083,0.1184765049,-0.0070710046,-0.0264411098,0.1213694344,-0.0055051057,-0.1521470047,0.1300240247,0.0385344869,0.0338186859,-0.0459339309,0.1052479263,-0.0509291029,0.0818323073,0.1994340550,-0.6576119843,1.2617565592,-0.2687869415,0.1708563062,0.0874622663,-0.0306953061,-0.4009338093,0.2111763653,0.2676463452,0.3362125279,0.1327218593,-0.4072382566
-0.0143679284,-0.0268776885,0.8148092962,-0.0580002787,0.0137245811,-0.7280439474,0.6829345607,0.1031953510,0.1355400924,0.1066651833,0.1184725590,-0.0059834183,-0.0275140630,0.1214343915,-0.0046444214,-0.1533006994,0.1294972665,0.0369485784,0.0331375082,-0.0462989930,0.1060348767,-0.0509397174,0.0826111087,0.1991273866,-0.6577913268,1.2611441167,-0.2687100705,0.1706711031,0.0873068024,-0.0288283466,-0.3953777523,0.2074514242,0.2575908553,0.3403781532,0.1309586131,-0.4057218825
-0.0145699260,-0.0269411050,0.8148142262,-0.0579827535,0.0137214928,-0.7281227435,0.6828521006,0.1034358236,0.1357404053,0.1067810755,0.1183500588,-0.0060465800,-0.0277636203,0.1215412541,-0.0045218020,-0.1535009747,0.1296280057,0.0367770473,0.0328610860,-0.0466713602,0.1066609245,-0.0506168519,0.0831723165,0.1986870150,-0.6580300969,1.2603810884,-0.2686059078,0.1704797680,0.0872279798,-0.0260487678,-0.3898030095,0.2037582510,0.2457578329,0.3440770364,0.1298857480,-0.4052473174
-0.0147702273,-0.0269278123,0.8148177364,-0.0579704884,0.0137038648,-0.7282170816,0.6827528898,0.1037234000,0.1359285114,0.1069480162,0.1182519781,-0.0061489710,-0.0280103108,0.1216873387,-0.0044121814,-0.1536508432,0.1297536339,0.0365937237,0.0325931362,-0.0469147174,0.1072892756,-0.0502629540,0.0837072031,0.1982222390,-0.6583408366,1.2595995124,-0.2684973762,0.1703135462,0.0871711569,-0.0229304889,-0.3841646982,0.2000895039,0.2332330971,0.3476441379,0.1291688310,-0.4051032740
-0.0147738762,-0.0270176468,0.8148369488,-0.0580217984,0.0135202745,-0.7283048070,0.6826586124,0.1038884569,0.1358958434,0.1069164846,0.1182033738,-0.0059047248,-0.0281058341,0.1215767959,-0.0043522174,-0.1533404659,0.1297861610,0.0365966261,0.0325488159,-0.0467939851,0.1076693517,-0.0504654429,0.0836983548,0.1986831961,-0.6588983695,1.2590271089,-0.2683038627,0.1703325390,0.0872589136,-0.0215053197,-0.3790878673,0.1971345678,0.2192592897,0.3499398681,0.1282576294,-0.4067879322
-0.0147845335,-0.0269979173,0.8148437046,-0.0580475272,0.0134786874,-0.7284329896,0.6825204680,0.1040224743,0.1360161636,0.1072217636,0.1181068750,-0.0059275275,-0.0281641400,0.1216197235,-0.0043090203,-0.1530361097,0.1298795301,0.0365883355,0.0324856637,-0.0467858296,0.1081383527,-0.0505784585,0.0837127892,0.1990685371,-0.6592628985,1.2585808188,-0.2681445786,0.1703408786,0.0872994377,-0.0200373735,-0.3739911032,0.1942596511,0.2051388479,0.3520834026,0.1274910980,-0.4088406654
-0.0147958706,-0.0269783815,0.8148502189,-0.0580778257,0.0134374419,-0.7285651789,0.6823775945,0.1041566809,0.1361489188,0.1075352050,0.1180293673,-0.0059600498,-0.0282256915,0.1216659464,-0.0042541828,-0.1527256436,0.1299731674,0.0365820235,0.0324193318,-0.0467902886,0.1086341563,-0.0506799647,0.0837258374,0.1994373450,-0.6595950358,1.2581510684,-0.2679757931,0.1703387296,0.0873289668,-0.0185703113,-0.3688688468,0.1915209586,0.1909290608,0.3541810802,0.1267659203,-0.4109875381
-0.0149559415,-0.0271741407,0.8148559997,-0.0581548295,0.0134895371,-0.7286912986,0.6822353257,0.1049276904,0.1362481407,0.1072502147,0.1179820083,-0.0062114510,-0.0286561180,0.1217334363,-0.0037839224,-0.1521676193,0.1301182306,0.0366553051,0.0325653959,-0.0463062246,0.1092993344,-0.0501950119,0.0837191816,0.1989315169,-0.6601897662,1.2574993296,-0.2678705049,0.1701662807,0.0869726037,-0.0135051947,-0.3604307552,0.1892733405,0.1900362351,0.3615617922,0.1269676249,-0.4120243492
-0.0150217171,-0.0273881253,0.8148598125,-0.0582235785,0.0135299439,-0.7288816641,0.6820252746,0.1055013326,0.1365949827,0.1074178053,0.1178760327,-0.0065295287,-0.0289046778,0.1220106829,-0.0033236858,-0.1514988517,0.1302359093,0.0367142609,0.0327292475,-0.0460192857,0.1099818894,-0.0499743531,0.0839423127,0.1988855064,-0.6609024613,1.2569508978,-0.2678791790,0.1700241860,0.0868428295,-0.0093943769,-0.3524254047,0.1870702880,0.1914623246,0.3699879548,0.1259149977,-0.4123767847
-0.0151664707,-0.0275901061,0.8148640544,-0.0582956484,0.0135714142,-0.7290806397,0.6818055844,0.1060552520,0.1369410380,0.1076106645,0.1177918458,-0.0068488029,-0.0291389440,0.1222739877,-0.0028655168,-0.1508088694,0.1303390369,0.0368074069,0.0328951410,-0.0457898127,0.1106658682,-0.0497728598,0.0842215614,0.1988481089,-0.6615697701,1.2563845990,-0.2679318818,0.1698760834,0.0867413970,-0.0057477818,-0.3445335201,0.1849921346,0.1938225610,0.3787047981,0.1242797682,-0.4123852585
-0.0147560071,-0.0276539298,0.8148553828,-0.0583495853,0.0134984458,-0.7291617307,0.6817156947,0.1063769149,0.1363466284,0.1079917785,0.1178219093,-0.0071818155,-0.0289851381,0.1224037150,-0.0040624138,-0.1514982380,0.1303432703,0.0369364265,0.0325089352,-0.0450917792,0.1104540167,-0.0499036731,0.0841997903,0.1997875660,-0.6614232271,1.2559663160,-0.2680685868,0.1697202444,0.0869061527,-0.0045659810,-0.3425513812,0.1837213873,0.1916602518,0.3808615428,0.1230710510,-0.4134049453
-0.0143649672,-0.0277240896,0.8148596969,-0.0583860477,0.0134721064,-0.7292311600,0.6816388245,0.1065614727,0.1356812312,0.1082656780,0.1178038693,-0.0074654833,-0.0287225907,0.1225085868,-0.0049686627,-0.1509096499,0.1305695636,0.0375023897,0.0328455099,-0.0448814434,0.1104861883,-0.0497066901,0.0842848722,0.2005748332,-0.6612602428,1.2556646291,-0.2681538547,0.1695522970,0.0870417164,-0.0034924137,-0.3406483572,0.1824974426,0.1890277563,0.3822312448,0.1223370281,-0.4145767452
-0.0138830696,-0.0277929686,0.8148639990,-0.0584274310,0.0134452832,-0.7293069852,0.6815546794,0.1067576803,0.1350190319,0.1085604234,0.1177890861,-0.0077567044,-0.0284588124,0.1226226651,-0.0058672847,-0.1502972864,0.1307758085,0.0380865102,0.0331883512,-0.0447062692,0.1105567447,-0.0494700550,0.0843633759,0.2013084143,-0.6610191768,1.2553738576,-0.2682207892,0.1693688618,0.0871832564,-0.0024088801,-0.3387226350,0.1813182104,0.1862194857,0.3834556994,0.1217770591,-0.4158083030
-0.0137659942,-0.0278055595,0.8148771656,-0.0583680503,0.0135081692,-0.7294007662,0.6814581589,0.1069596119,0.1348911372,0.1086202026,0.1176718376,-0.0073679393,-0.0288371373,0.1222022667,-0.0054938268,-0.1512246270,0.1304600133,0.0373903249,0.0333585801,-0.0442651307,0.1103143633,-0.0496271570,0.0837071715,0.2016737625,-0.6631152606,1.2547769861,-0.2677875763,0.1695554640,0.0868239196,-0.0057148978,-0.3391872941,0.1873797255,0.1719277393,0.3800987437,0.1218423328,-0.4122761497
-0.0137552545,-0.0278124467,0.8148896106,-0.0583058675,0.0135426225,-0.7295146174,0.6813409178,0.1069511069,0.1347451774,0.1086561018,0.1175880891,-0.0072838653,-0.0288981530,0.1218374937,-0.0059501251,-0.1513569548,0.1306088532,0.0375637035,0.0339636014,-0.0440873640,0.1102324089,-0.0493636183,0.0832292436,0.2020143346,-0.6645082631,1.2541046530,-0.2674839920,0.1696312382,0.0866368981,-0.0082177783,-0.3393917517,0.1939427694,0.1556807532,0.3757953211,0.1232821836,-0.4090906140
-0.0136547659,-0.0279199719,0.8149006875,-0.0582351895,0.0135719702,-0.7296288273,0.6812240738,0.1069503528,0.1345711709,0.1086964468,0.1175153163,-0.0072258451,-0.0289523238,0.1214819623,-0.0064310518,-0.1514826931,0.1307628428,0.0377131232,0.0345838135,-0.0439958218,0.1101267102,-0.0490764810,0.0828008259,0.2023469348,-0.6657800047,1.2533985726,-0.2671502952,0.1696893991,0.0864943996,-0.0103838162,-0.3395968434,0.2006556691,0.1386404137,0.3712676898,0.1253104317,-0.4061215743
-0.0134126257,-0.0279967502,0.8149171047,-0.0582319791,0.0134859173,-0.7296462076,0.6812074415,0.1071456215,0.1340291437,0.1091021840,0.1175071986,-0.0074859115,-0.0285416304,0.1220594997,-0.0062583035,-0.1508785831,0.1307650028,0.0376162461,0.0337701855,-0.0441816740,0.1096118548,-0.0495411616,0.0831661318,0.2031070827,-0.6651823792,1.2533923527,-0.2672950207,0.1696546220,0.0866642255,-0.0148701011,-0.3419605152,0.2056432361,0.1041746479,0.3593089833,0.1249319566,-0.4058326479
-0.0131141655,-0.0281208015,0.8149374366,-0.0582985164,0.0134056508,-0.7296467859,0.6812027153,0.1075133029,0.1336584022,0.1094855834,0.1175141044,-0.0078375004,-0.0282102787,0.1225036192,-0.0067890761,-0.1505097670,0.1309058937,0.0379245222,0.0343217276,-0.0443688124,0.1091997349,-0.0495939135,0.0832577622,0.2038356890,-0.6646753892,1.2533867575,-0.2673221067,0.1694967893,0.0868297984,-0.0176200372,-0.3440350472,0.2106988363,0.0662562424,0.3456910575,0.1264218268,-0.4063867435
-0.0128992520,-0.0282689927,0.8149554168,-0.0583609300,0.0133180856,-0.7296407784,0.6812055233,0.1079299512,0.1332558786,0.1098652933,0.1174960992,-0.0082091985,-0.0278683208,0.1230012021,-0.0073477014,-0.1501539154,0.1310349628,0.0381983360,0.0348928000,-0.0444476321,0.1087446608,-0.0496508463,0.0833080790,0.2045673826,-0.6642731477,1.2534265657,-0.2673237684,0.1693141728,0.0869911493,-0.0196517205,-0.3461614222,0.2157082391,0.0270651168,0.3315596101,0.1289395460,-0.4069122749
-0.0130122772,-0.0288476684,0.8149452441,-0.0581185084,0.0135703310,-0.7297020005,0.6811556911,0.1085740700,0.1330755539,0.1090257364,0.1172175203,-0.0088599394,-0.0288630480,0.1231487673,-0.0068885736,-0.1502495574,0.1308308667,0.0372604263,0.0345396240,-0.0430036675,0.1085299457,-0.0485522838,0.0821072962,0.2050003481,-0.6648784527,1.2526917785,-0.2669758732,0.1695094521,0.0866482113,-0.0109319758,-0.3454389431,0.2217645021,0.0386773874,0.3401668428,0.1396651776,-0.3922586068
-0.0129939251,-0.0292978165,0.8149572935,-0.0579330212,0.0136558125,-0.7297899723,0.6810755319,0.1090936804,0.1328185109,0.1090883922,0.1170075164,-0.0100996476,-0.0292091941,0.1236106181,-0.0070527821,-0.1496419775,0.1308411606,0.0368474865,0.0352818197,-0.0414842946,0.1078959878,-0.0485270733,0.0816282239,0.2057441117,-0.6658342441,1.2519639999,-0.2667620754,0.1696849066,0.0863108960,-0.0067621620,-0.3462167126,0.2269257217,0.0600735186,0.3531006690,0.1460803866,-0.3728801137
-0.0130187474,-0.0296759515,0.8149733475,-0.0577744165,0.0137136667,-0.7299024311,0.6809673216,0.1095736138,0.1325153815,0.1092314055,0.1168672139,-0.0112935086,-0.0294868481,0.1240076947,-0.0072707662,-0.1489415359,0.1308902913,0.0365408304,0.0360680630,-0.0401561702,0.1072526201,-0.0484624176,0.0812348137,0.2064613956,-0.6666213077,1.2512212332,-0.2666243496,0.1698677709,0.0860125895,-0.0044844590,-0.3472484280,0.2319272019,0.0852020990,0.3667069068,0.1505160953,-0.3516117101
-0.0125472821,-0.0297799459,0.8149352286,-0.0578913948,0.0136784225,-0.7299738254,0.6808815620,0.1096587477,0.1325377816,0.1102969647,0.1169253656,-0.0088964530,-0.0295352519,0.1238304899,-0.0078537595,-0.1501410049,0.1308190699,0.0375368947,0.0348722600,-0.0376635803,0.1044212577,-0.0485586346,0.0802198003,0.2095513873,-0.6679736665,1.2511634076,-0.2665365196,0.1699631340,0.0861917029,-0.0092212951,-0.3673955410,0.2507349956,0.0997503444,0.3637237855,0.1623491679,-0.3033528485
-0.0120934529,-0.0299107150,0.8149453208,-0.0579131469,0.0136202619,-0.7300448878,0.6808046839,0.1099608456,0.1319446902,0.1113810803,0.1167730494,-0.0092961896,-0.0297512460,0.1241286751,-0.0088050825,-0.1495367474,0.1309874330,0.0384076427,0.0360568429,-0.0366224334,0.1021014101,-0.0484505601,0.0794706539,0.2118030879,-0.6677935829,1.2512239910,-0.2665381748,0.1702444305,0.0861082179,-0.0144530309,-0.3878569453,0.2696144872,0.1139787993,0.3574325545,0.1752053593,-0.2510773790
-0.0115371483,-0.0299397922,0.8149518013,-0.0579876838,0.0135067541,-0.7301101846,0.6807305741,0.1103513102,0.1313252888,0.1124580136,0.1167579930,-0.0097718846,-0.0299428642,0.1245661008,-0.0097928008,-0.1489273706,0.1311871162,0.0392581091,0.0372698766,-0.0359503302,0.0998956745,-0.0481314735,0.0787736230,0.2137744916,-0.6672125564,1.2509406776,-0.2664619828,0.1710171844,0.0862281922,-0.0196955638,-0.4080881206,0.2886152276,0.1275560467,0.3495871737,0.1884349565,-0.1980351890
-0.0113664858,-0.0301353758,0.8148936039,-0.0581958421,0.0135801628,-0.7302206373,0.6805928622,0.1110928945,0.1309200046,0.1105363298,0.1167670730,-0.0086252849,-0.0286582114,0.1246602383,-0.0091524371,-0.1494936642,0.1302223520,0.0369505487,0.0362602953,-0.0340545374,0.0974130782,-0.0476602391,0.0782803354,0.2151700969,-0.6683908417,1.2507376774,-0.2662185249,0.1713499574,0.0865451755,-0.0272796095,-0.4339701711,0.3177341584,0.1352786422,0.3344675057,0.1996761681,-0.1405338264
-0.0110917549,-0.0302958695,0.8148655035,-0.0583890993,0.0134185393,-0.7303032551,0.6804908607,0.1119439104,0.1306585422,0.1102974057,0.1168050354,-0.0084916815,-0.0289056448,0.1253748187,-0.0094299748,-0.1489961184,0.1302115542,0.0364133580,0.0371072015,-0.0330101750,0.0949534454,-0.0472081789,0.0781202210,0.2163328963,-0.6687736279,1.2504733279,-0.2660643889,0.1717500156,0.0867383883,-0.0346565374,-0.4599477266,0.3478118158,0.1421874840,0.3178260400,0.2101603597,-0.0827888615
-0.0108128715,-0.0304478335,0.8148340427,-0.0586179385,0.0132133125,-0.7303945938,0.6803771623,0.1129057735,0.1303778993,0.1100994680,0.1168782623,-0.0083872598,-0.0291456108,0.1262011664,-0.0097290056,-0.1484607205,0.1302005833,0.0358786643,0.0379629784,-0.0321865763,0.0925977089,-0.0467183943,0.0781157670,0.2173825298,-0.6689203697,1.2502009238,-0.2658695313,0.1721567144,0.0869123483,-0.0419518121,-0.4858667741,0.3783490713,0.1486934530,0.3002681265,0.2198568608,-0.0249648328
-0.0106783352,-0.0306730789,0.8147407598,-0.0599011847,0.0114766447,-0.7303084746,0.6803893493,0.1169362017,0.1290164732,0.1111880304,0.1195606119,-0.0109533821,-0.0267296212,0.1297452101,-0.0114328978,-0.1489136199,0.1337280799,0.0340134837,0.0386941396,-0.0329237263,0.0883139123,-0.0430285779,0.0786300664,0.2193964260,-0.6677020780,1.2508371299,-0.2657708466,0.1715761726,0.0867469720,-0.0531293825,-0.5161079088,0.4184725043,0.1513990247,0.2766846157,0.2293143742,0.0519192564
-0.0105333662,-0.0305866331,0.8148198977,-0.0593747844,0.0121993303,-0.7305002005,0.6802170744,0.1159414548,0.1291806175,0.1112714009,0.1171945806,-0.0088402919,-0.0269489067,0.1288511955,-0.0109193639,-0.1489199514,0.1305402277,0.0361199679,0.0390164269,-0.0301462912,0.0856744351,-0.0449253609,0.0773647250,0.2217966563,-0.6689049577,1.2500958963,-0.2657840808,0.1726386529,0.0877140632,-0.0625108609,-0.5482410310,0.4578900574,0.1489228794,0.2583776265,0.2395355864,0.1207008293
-0.0104121924,-0.0306584602,0.8148050940,-0.0595494741,0.0119968268,-0.7306214337,0.6800751847,0.1166800816,0.1288774106,0.1113449162,0.1173364257,-0.0087117558,-0.0270248566,0.1295606915,-0.0112097324,-0.1487874469,0.1302263466,0.0360604304,0.0396720459,-0.0288797545,0.0828673037,-0.0453579785,0.0773951837,0.2236173234,-0.6690734690,1.2498891399,-0.2658132244,0.1735288235,0.0881062441,-0.0721440326,-0.5803703125,0.4980819432,0.1471611134,0.2367404059,0.2485467057,0.1936295916
-0.0102636255,-0.0306423346,0.8147796199,-0.0599284433,0.0116587842,-0.7304150476,0.6802694413,0.1176694480,0.1287040333,0.1111902640,0.1175893762,-0.0090797283,-0.0255325802,0.1307541726,-0.0115200812,-0.1493691385,0.1306305517,0.0360879653,0.0402897430,-0.0292423375,0.0815843501,-0.0448854330,0.0776126319,0.2241672458,-0.6671475287,1.2500420607,-0.2656348968,0.1734198149,0.0886571632,-0.0786817766,-0.5972745231,0.5202106909,0.1382363499,0.2217783524,0.2528847202,0.2398796471
-0.0101113534,-0.0305274477,0.8147549231,-0.0603133398,0.0112041525,-0.7302186127,0.6804539261,0.1187470698,0.1283704452,0.1106596454,0.1177670460,-0.0090919667,-0.0253478438,0.1319902977,-0.0118604474,-0.1498354276,0.1309117259,0.0359085296,0.0407747104,-0.0285767725,0.0796904359,-0.0444346947,0.0773011468,0.2251960316,-0.6661103121,1.2504673665,-0.2656870244,0.1734791978,0.0890217830,-0.0840934514,-0.6140399748,0.5418782978,0.1279098279,0.2075514416,0.2574233231,0.2835724449
-0.0100537946,-0.0305012081,0.8147294302,-0.0607006734,0.0107431231,-0.7300279046,0.6806315245,0.1198633222,0.1280437383,0.1101484658,0.1179195037,-0.0090930943,-0.0251762829,0.1332352828,-0.0121949764,-0.1502833112,0.1312019258,0.0357223692,0.0412500010,-0.0277239775,0.0777906726,-0.0440555229,0.0769286866,0.2262054253,-0.6653110811,1.2507248541,-0.2658326799,0.1738413547,0.0894539375,-0.0893970205,-0.6310951371,0.5632666935,0.1168534482,0.1932673938,0.2622466051,0.3273837143
-0.0101845284,-0.0303219393,0.8147307407,-0.0610132859,0.0101811311,-0.7296617705,0.6810047167,0.1207984426,0.1274550444,0.1081175937,0.1181151554,-0.0080393319,-0.0252676654,0.1345934218,-0.0129107343,-0.1522866913,0.1317400643,0.0345095801,0.0418647792,-0.0260046015,0.0757894477,-0.0438800568,0.0764058358,0.2268313106,-0.6654712517,1.2505755222,-0.2655502806,0.1738571427,0.0896637467,-0.0959339115,-0.6461668044,0.5871294532,0.1124380539,0.1847316228,0.2651581659,0.3624625955
-0.0103119353,-0.0302137890,0.8147091348,-0.0613431608,0.0096617749,-0.7292998716,0.6813702107,0.1217078098,0.1270535648,0.1068201691,0.1182270320,-0.0073541050,-0.0256484105,0.1357829790,-0.0134179796,-0.1538979399,0.1323887425,0.0335912579,0.0423077734,-0.0246683418,0.0738786860,-0.0437419265,0.0759053391,0.2277046882,-0.6654625957,1.2505378643,-0.2653875520,0.1739182600,0.0896999105,-0.1031947566,-0.6612523560,0.6118789962,0.1087479392,0.1769543138,0.2673561450,0.3966711752
-0.0104452340,-0.0300060922,0.8146877232,-0.0616793009,0.0091399023,-0.7289424161,0.6817294771,0.1226105698,0.1266754565,0.1055329244,0.1183658900,-0.0066693059,-0.0260397957,0.1369620303,-0.0139055736,-0.1554968678,0.1330487482,0.0326834841,0.0427337336,-0.0234618855,0.0720051973,-0.0436262464,0.0754688670,0.2285613527,-0.6653231426,1.2505212517,-0.2652270597,0.1739707428,0.0896983813,-0.1107437414,-0.6764399134,0.6369920281,0.1051642082,0.1692517878,0.2692278592,0.4307750357
-0.0104469614,-0.0301017506,0.8146813736,-0.0618746708,0.0085212685,-0.7279783025,0.6827492250,0.1231251740,0.1257576575,0.1036551160,0.1185327901,-0.0064294775,-0.0254137803,0.1385926131,-0.0147361910,-0.1572519825,0.1334803542,0.0325726611,0.0433584333,-0.0231261691,0.0708064869,-0.0434976611,0.0754464546,0.2287857625,-0.6631619892,1.2506995379,-0.2651903608,0.1737948240,0.0900926430,-0.1165769104,-0.6853607407,0.6456279144,0.1069909966,0.1624970975,0.2702841718,0.4390860814
-0.0104250522,-0.0301510911,0.8146608570,-0.0621061939,0.0079442976,-0.7270309799,0.6837438578,0.1237829304,0.1247839847,0.1009724067,0.1187001579,-0.0052404031,-0.0255666520,0.1404076163,-0.0156570726,-0.1599081060,0.1340461434,0.0315829675,0.0440804982,-0.0217568859,0.0694494400,-0.0434443159,0.0747749185,0.2295055655,-0.6619323453,1.2509917972,-0.2651486073,0.1736473440,0.0903845707,-0.1220629401,-0.6936804942,0.6539079675,0.1094825988,0.1560490615,0.2707232375,0.4457733288
-0.0105001020,-0.0301979801,0.8146404815,-0.0623378950,0.0073586030,-0.7260795340,0.6847396207,0.1244710740,0.1238109651,0.0982850862,0.1188315794,-0.0040272882,-0.0257335827,0.1422103841,-0.0165844315,-0.1625764373,0.1346833050,0.0305551864,0.0447912884,-0.0202394257,0.0680516246,-0.0433991311,0.0740063780,0.2302717059,-0.6608839423,1.2513516405,-0.2651528654,0.1734906023,0.0906287343,-0.1274573202,-0.7019329678,0.6621060059,0.1120263754,0.1496128167,0.2710307325,0.4523194008
-0.0107064995,-0.0301425834,0.8146803597,-0.0624929726,0.0069359539,-0.7253743704,0.6854768732,0.1248918613,0.1237266376,0.0973294642,0.1187477262,-0.0054938666,-0.0252581956,0.1434268426,-0.0168858119,-0.1641595279,0.1349023656,0.0308962342,0.0448598137,-0.0192976862,0.0665735277,-0.0429842544,0.0734486709,0.2312551125,-0.6607071547,1.2518808987,-0.2651597975,0.1732923941,0.0905497301,-0.1288772761,-0.7083029533,0.6728590125,0.1049678280,0.1485967067,0.2710330646,0.4675644747
-0.0109326197,-0.0301906809,0.8146772920,-0.0626070422,0.0065468501,-0.7247090331,0.6861736766,0.1251992611,0.1232918880,0.0952627555,0.1188442057,-0.0050834765,-0.0252875582,0.1446896265,-0.0172806237,-0.1663364474,0.1350458686,0.0303828974,0.0449256938,-0.0180537924,0.0650364556,-0.0427626644,0.0730815144,0.2323010698,-0.6606880211,1.2522512371,-0.2650867591,0.1729932750,0.0904793412,-0.1297345796,-0.7152577441,0.6832774706,0.0966341005,0.1478311039,0.2716835708,0.4831001337
-0.0111563683,-0.0301585290,0.8146739540,-0.0627017082,0.0061694122,-0.7240372443,0.6868773566,0.1254887023,0.1228354639,0.0931795880,0.1188831180,-0.0046451709,-0.0253087609,0.1459059109,-0.0176965195,-0.1685335423,0.1352229483,0.0298416741,0.0449991381,-0.0167485381,0.0634987720,-0.0426125271,0.0727282858,0.2333524822,-0.6607543627,1.2525891905,-0.2650186058,0.1727022875,0.0904152694,-0.1304191631,-0.7224084111,0.6935967150,0.0879778010,0.1471179964,0.2724794889,0.4985975289
-0.0114332855,-0.0301438875,0.8147639447,-0.0627595677,0.0059867369,-0.7232947990,0.6876554583,0.1253639000,0.1228531983,0.0910608439,0.1188101999,-0.0037748589,-0.0256405681,0.1465654860,-0.0176743500,-0.1703593400,0.1353262623,0.0296981004,0.0448252140,-0.0160708405,0.0633555398,-0.0426076317,0.0721142753,0.2343549390,-0.6589520677,1.2531391871,-0.2652173650,0.1729807556,0.0907198582,-0.1291876696,-0.7232807102,0.6941251534,0.0811765085,0.1487458396,0.2727220239,0.5020971485
-0.0118312543,-0.0300237908,0.8148353601,-0.0627269438,0.0057829175,-0.7225917816,0.6883988709,0.1250857197,0.1227462768,0.0890824853,0.1187898447,-0.0028909185,-0.0259894884,0.1471652039,-0.0176769347,-0.1720353739,0.1353523751,0.0294728448,0.0445873004,-0.0148438219,0.0627685593,-0.0427023602,0.0712436091,0.2357141609,-0.6575318022,1.2537768271,-0.2653467198,0.1728190133,0.0908434161,-0.1276005259,-0.7236782272,0.6942699125,0.0749059045,0.1504813351,0.2725346117,0.5048614026
-0.0122341498,-0.0299918064,0.8149072083,-0.0626830786,0.0055853036,-0.7218941676,0.6891360147,0.1247865195,0.1226425106,0.0871163956,0.1187677875,-0.0020054775,-0.0263473289,0.1477300162,-0.0176804451,-0.1737004905,0.1353932776,0.0292399417,0.0443375248,-0.0135021140,0.0621311812,-0.0428385119,0.0703290908,0.2371306565,-0.6562186606,1.2544783943,-0.2654881024,0.1725987505,0.0909229371,-0.1259124828,-0.7240162940,0.6943124014,0.0687071159,0.1522086467,0.2722492948,0.5075662607
-0.0119626165,-0.0297542602,0.8149818486,-0.0629680579,0.0054927291,-0.7214702365,0.6895546037,0.1246848735,0.1224447486,0.0858888917,0.1187882853,-0.0014791102,-0.0262267437,0.1483739867,-0.0178914118,-0.1749116121,0.1354962921,0.0298136307,0.0443418823,-0.0124903611,0.0627610661,-0.0428233811,0.0715238981,0.2446785366,-0.6536439689,1.2482396110,-0.2616109832,0.1713735237,0.0892188336,-0.1258332608,-0.7266621988,0.6946483580,0.0685266993,0.1493457007,0.2722077959,0.5050839575
-0.0117364336,-0.0296036169,0.8149547355,-0.0632152290,0.0053430465,-0.7209836261,0.6900419535,0.1246700346,0.1221179092,0.0849124709,0.1188292644,-0.0009648647,-0.0261411856,0.1489089928,-0.0181910839,-0.1760026190,0.1354547032,0.0300101777,0.0443558129,-0.0118267832,0.0631446894,-0.0428210669,0.0733743592,0.2526818052,-0.6506648001,1.2410936636,-0.2573828816,0.1704920627,0.0873468725,-0.1262527806,-0.7288194146,0.6953248067,0.0690849547,0.1462760457,0.2717532575,0.5024046367
-0.0115184567,-0.0294528342,0.8149276529,-0.0634621461,0.0051892466,-0.7204925637,0.6905331950,0.1246668671,0.1217931315,0.0839228029,0.1188595406,-0.0004424618,-0.0260646238,0.1494436291,-0.0184900520,-0.1771064254,0.1354363692,0.0301896319,0.0443608141,-0.0112888252,0.0634915171,-0.0428142400,0.0754125855,0.2607854373,-0.6475440763,1.2337415831,-0.2531237498,0.1697129678,0.0854729146,-0.1268417962,-0.7308386116,0.6961686133,0.0698493345,0.1431811706,0.2711843845,0.4997304319
-0.0114129337,-0.0294459065,0.8149527393,-0.0633877406,0.0052157649,-0.7203146295,0.6907254336,0.1242405115,0.1213710430,0.0833205802,0.1187568504,-0.0009837842,-0.0252626767,0.1501923120,-0.0186962337,-0.1782797404,0.1352364642,0.0311518888,0.0444696120,-0.0112336895,0.0646816438,-0.0425296060,0.0736816357,0.2792137593,-0.6494030386,1.2103677233,-0.2415290604,0.1686693274,0.0807047305,-0.1270524900,-0.7321986375,0.6944749048,0.0727952481,0.1433712338,0.2697269714,0.4946501205
-0.0113628079,-0.0293545490,0.8150367882,-0.0634152928,0.0051745126,-0.7200718913,0.6909762633,0.1238813687,0.1209843790,0.0825746008,0.1187203359,-0.0006013502,-0.0245723786,0.1506278328,-0.0188313112,-0.1788775231,0.1350753013,0.0316984695,0.0443810443,-0.0109684210,0.0655287309,-0.0422131521,0.0725049393,0.2987938353,-0.6516927519,1.1853709740,-0.2297272368,0.1685614376,0.0755475099,-0.1271254201,-0.7332105683,0.6924400689,0.0761489297,0.1437084594,0.2678549157,0.4894181319
-0.0113287059,-0.0293483701,0.8150338194,-0.0634377225,0.0051333911,-0.7198306229,0.6912258517,0.1235308627,0.1206070743,0.0818256011,0.1186467222,-0.0001920388,-0.0239038522,0.1510399267,-0.0189563440,-0.1794816389,0.1349478737,0.0322243838,0.0442700758,-0.0106321552,0.0663384155,-0.0419556021,0.0715117849,0.3187607373,-0.6541154779,1.1600822635,-0.2180305680,0.1686497936,0.0702084061,-0.1271288461,-0.7341655477,0.6903426630,0.0795876373,0.1440176205,0.2659086491,0.4841962591
-0.0111755923,-0.0292667370,0.8151547622,-0.0633995749,0.0052787472,-0.7195501860,0.6915201794,0.1237912928,0.1210272359,0.0822409956,0.1184595735,-0.0001911936,-0.0255208519,0.1505138182,-0.0190602213,-0.1795090848,0.1347691676,0.0319617694,0.0444214808,-0.0115047742,0.0686791921,-0.0419478195,0.0651194636,0.3542912297,-0.6661799296,1.1085096980,-0.1951148463,0.1708841996,0.0541757864,-0.1258316487,-0.7406865111,0.6924917334,0.0825016321,0.1438350974,0.2652150094,0.4866430702
-0.0110661217,-0.0292202252,0.8152439247,-0.0633640178,0.0053218125,-0.7193608638,0.6917200497,0.1234641892,0.1207986062,0.0816756640,0.1183788622,0.0004350684,-0.0255673494,0.1504459964,-0.0192044648,-0.1797949589,0.1347411199,0.0326061638,0.0442906104,-0.0116390478,0.0705116154,-0.0420558342,0.0596603296,0.3923532179,-0.6788843793,1.0541845049,-0.1721939085,0.1745543379,0.0366911377,-0.1235210301,-0.7474565709,0.6939744309,0.0850577673,0.1434746202,0.2646932262,0.4895115730
-0.0109944783,-0.0291572622,0.8153329957,-0.0633331681,0.0053450430,-0.7191606172,0.6919308831,0.1231449032,0.1205917309,0.0810643194,0.1182987849,0.0010915055,-0.0256643473,0.1503962535,-0.0193271703,-0.1801226965,0.1347350358,0.0332356172,0.0441047679,-0.0115294872,0.0723283274,-0.0423496022,0.0542603780,0.4317918280,-0.6922286298,0.9994546243,-0.1497434161,0.1782749831,0.0183649027,-0.1207998237,-0.7542558122,0.6951711025,0.0875328537,0.1430673482,0.2642561667,0.4924009645
-0.0107823491,-0.0291386957,0.8153509827,-0.0634088585,0.0053810608,-0.7192370455,0.6918442261,0.1232855020,0.1206334080,0.0813908005,0.1181266610,0.0011942788,-0.0256529306,0.1503180607,-0.0192273509,-0.1797274678,0.1347445008,0.0335603209,0.0441371196,-0.0130733398,0.0748986515,-0.0423380300,0.0435958612,0.4654567036,-0.7277935386,0.9325109517,-0.1247802084,0.1811988895,-0.0102344945,-0.1205045066,-0.7573757342,0.6998605380,0.0878387660,0.1443936827,0.2634676931,0.4937986700
-0.0107003909,-0.0290804737,0.8154492944,-0.0635777335,0.0053242461,-0.7193394236,0.6917227174,0.1236217046,0.1207423436,0.0817484859,0.1180963706,0.0012327229,-0.0257115205,0.1504026334,-0.0190999197,-0.1793497379,0.1349181768,0.0339699703,0.0440915571,-0.0136507324,0.0776027292,-0.0423900491,0.0317546898,0.5013393503,-0.7654160280,0.8642230721,-0.1011504705,0.1845416649,-0.0398969620,-0.1193778008,-0.7606412306,0.7037952703,0.0883247087,0.1458910218,0.2625797477,0.4949085721
-0.0106476367,-0.0290604111,0.8154584746,-0.0637994351,0.0052154779,-0.7194350664,0.6916036554,0.1240278559,0.1208972810,0.0820820618,0.1181253907,0.0012927828,-0.0258104308,0.1505625206,-0.0189359910,-0.1789948881,0.1351548686,0.0343838903,0.0439915684,-0.0138388863,0.0803144881,-0.0426420808,0.0185019332,0.5390564917,-0.8044334353,0.7955700969,-0.0785917098,0.1874435383,-0.0704022245,-0.1177918095,-0.7639503695,0.7074442531,0.0888568658,0.1474320802,0.2617391758,0.4960039613
-0.0105682581,-0.0290889737,0.8154390690,-0.0641327041,0.0050841783,-0.7197404453,0.6912559864,0.1253550321,0.1210742876,0.0833208820,0.1183271871,0.0010169958,-0.0258014674,0.1512574193,-0.0189136917,-0.1779768640,0.1353626569,0.0344673260,0.0441766920,-0.0142198187,0.0821879590,-0.0432227462,0.0058708052,0.5659041742,-0.8338364950,0.7570213656,-0.0676168131,0.1935631859,-0.1012029321,-0.1229317668,-0.7688024978,0.7137004452,0.0981091524,0.1442523490,0.2602713574,0.4942512333
-0.0104101578,-0.0290423361,0.8154274653,-0.0645216886,0.0048898546,-0.7200681942,0.6908797557,0.1264177645,0.1212302457,0.0843815194,0.1184992162,0.0008623316,-0.0256746843,0.1517347176,-0.0188294687,-0.1769090395,0.1354860042,0.0347709986,0.0444387358,-0.0153147143,0.0846154887,-0.0435644056,-0.0082339365,0.5910570573,-0.8630216387,0.7221842016,-0.0567778694,0.1973545229,-0.1321588735,-0.1297142731,-0.7734697294,0.7215244292,0.1086416579,0.1410844645,0.2583546477,0.4925221602
-0.0101551401,-0.0288749153,0.8155037209,-0.0649393654,0.0046742733,-0.7203878378,0.6905087929,0.1274842291,0.1213838576,0.0854237304,0.1187134795,0.0007248456,-0.0255328789,0.1522446642,-0.0187483407,-0.1758566528,0.1356143228,0.0351129093,0.0447043231,-0.0165732351,0.0871444577,-0.0438965849,-0.0231209475,0.6163108790,-0.8926082708,0.6878253964,-0.0461394365,0.2003304904,-0.1632411283,-0.1368826526,-0.7780566824,0.7297490826,0.1194930391,0.1379832690,0.2563235695,0.4907703788
-0.0099721805,-0.0292044028,0.8155039505,-0.0652165891,0.0045539045,-0.7212650720,0.6895670775,0.1291355883,0.1218063083,0.0884645046,0.1188491982,0.0001880028,-0.0253917780,0.1527207315,-0.0184223735,-0.1729928016,0.1358081551,0.0356152053,0.0452105801,-0.0184544433,0.0884210765,-0.0432164210,-0.0321832277,0.6324016297,-0.9068526594,0.6827679513,-0.0400314598,0.2052207470,-0.1858864889,-0.1396847422,-0.7759301541,0.7332006334,0.1257577388,0.1375477571,0.2548361251,0.4913146443
-0.0098242653,-0.0295038263,0.8154975110,-0.0654744089,0.0044068961,-0.7221369257,0.6886304827,0.1308522543,0.1220131916,0.0913933204,0.1189642880,-0.0003045719,-0.0251753580,0.1530892922,-0.0183757461,-0.1703909496,0.1358964325,0.0356405889,0.0456752372,-0.0208266229,0.0898322068,-0.0425604231,-0.0417831372,0.6464307246,-0.9206138837,0.6815914794,-0.0330464757,0.2076192082,-0.2081653681,-0.1429848594,-0.7738944746,0.7372750937,0.1318996854,0.1369797700,0.2535903948,0.4920305441
-0.0095710402,-0.0297064378,0.8154914717,-0.0657384458,0.0042564201,-0.7230021460,0.6876977800,0.1325689847,0.1221944981,0.0943094238,0.1190798744,-0.0007850890,-0.0249311974,0.1534540741,-0.0183580951,-0.1677911325,0.1360033323,0.0356739484,0.0461676057,-0.0233075777,0.0913286338,-0.0418833235,-0.0515960820,0.6600222141,-0.9343572550,0.6811857232,-0.0258057937,0.2092776863,-0.2304572694,-0.1464217234,-0.7719175506,0.7414894973,0.1380597396,0.1364367974,0.2523865408,0.4927440898
-0.0092951347,-0.0300070451,0.8155049022,-0.0660866271,0.0041622315,-0.7239390835,0.6866785543,0.1342950018,0.1222946247,0.0963463452,0.1190667627,-0.0009718944,-0.0244568421,0.1538260881,-0.0180853906,-0.1646834575,0.1362349354,0.0364862714,0.0468608297,-0.0258269786,0.0931670461,-0.0414619397,-0.0580009531,0.6653323747,-0.9425122473,0.6754910665,-0.0221800168,0.2105533434,-0.2488233637,-0.1491481641,-0.7703391609,0.7403970709,0.1439512455,0.1384706188,0.2501441176,0.4884292491
-0.0089184966,-0.0303120771,0.8155144156,-0.0663314360,0.0040702387,-0.7249036991,0.6856370765,0.1360441516,0.1223794425,0.0990592497,0.1190720611,-0.0014703055,-0.0240039435,0.1540982347,-0.0181308013,-0.1622393436,0.1363116601,0.0367628049,0.0471980102,-0.0283161417,0.0950921164,-0.0411270548,-0.0642700497,0.6702976467,-0.9506682668,0.6697786689,-0.0186858772,0.2119090014,-0.2667134765,-0.1519932826,-0.7690528247,0.7395955283,0.1498085292,0.1407726498,0.2477281971,0.4838332336
-0.0086257106,-0.0307045095,0.8155238881,-0.0665709548,0.0039827803,-0.7258679252,0.6845934564,0.1377719609,0.1224552699,0.1017739287,0.1190923727,-0.0019747767,-0.0235473358,0.1543423810,-0.0181875223,-0.1597911470,0.1364134484,0.0370271276,0.0475362914,-0.0308252652,0.0970432843,-0.0408205502,-0.0705329602,0.6752499176,-0.9588547582,0.6640395032,-0.0152081835,0.2132132531,-0.2845530512,-0.1548713056,-0.7678099642,0.7388583656,0.1556620090,0.1431190468,0.2453024991,0.4792026385
-0.0087448072,-0.0310117769,0.8155224073,-0.0668413236,0.0039036320,-0.7271490446,0.6832066057,0.1397295744,0.1231197695,0.1043584226,0.1191362516,-0.0018949923,-0.0238057841,0.1544278660,-0.0172833939,-0.1566433773,0.1365560574,0.0372901492,0.0477970850,-0.0321901906,0.0982376826,-0.0401730310,-0.0704305372,0.6769018725,-0.9591341987,0.6613295346,-0.0158311242,0.2150457026,-0.2963959059,-0.1575567430,-0.7650779712,0.7396797752,0.1585540695,0.1434320848,0.2434899273,0.4788703686
-0.0089419743,-0.0314206480,0.8155220065,-0.0670162925,0.0037993059,-0.7284143060,0.6818408763,0.1416594201,0.1237627930,0.1075978475,0.1191726815,-0.0021832201,-0.0238230257,0.1545639396,-0.0166521531,-0.1535329419,0.1365758869,0.0370549045,0.0480322540,-0.0343399975,0.0994485131,-0.0396058564,-0.0695474611,0.6781450227,-0.9585652243,0.6592286251,-0.0163839535,0.2163336357,-0.3075979873,-0.1608097289,-0.7623590403,0.7412980883,0.1611714734,0.1434959204,0.2420635099,0.4788757206
-0.0090477838,-0.0318322223,0.8155215567,-0.0671888274,0.0036959889,-0.7296730058,0.6804772632,0.1435827579,0.1243924452,0.1108221851,0.1192159044,-0.0024786980,-0.0238355518,0.1546951770,-0.0160376875,-0.1504372288,0.1366118733,0.0368058405,0.0482778679,-0.0367134223,0.1006935972,-0.0390308600,-0.0684481220,0.6793186116,-0.9577240740,0.6572312964,-0.0168641292,0.2174651205,-0.3187340520,-0.1642907945,-0.7596161032,0.7431907220,0.1638038561,0.1435763547,0.2407081845,0.4788917997
-0.0090972433,-0.0322168473,0.8155281259,-0.0673910437,0.0036308472,-0.7305092750,0.6795597570,0.1453234765,0.1249133476,0.1127677085,0.1192197021,-0.0028411100,-0.0237965924,0.1550312290,-0.0159160243,-0.1499324429,0.1367386546,0.0370779598,0.0480469566,-0.0381538591,0.1009241133,-0.0385962044,-0.0660496010,0.6780686301,-0.9542118558,0.6561098837,-0.0178711531,0.2181994604,-0.3251295815,-0.1663530579,-0.7585557730,0.7445586814,0.1630987590,0.1439277248,0.2388431023,0.4788377060
-0.0091245214,-0.0325328709,0.8155281414,-0.0675573918,0.0035091796,-0.7313331483,0.6786571378,0.1469349496,0.1251876499,0.1146711849,0.1192398526,-0.0030710537,-0.0237813836,0.1554573457,-0.0157126009,-0.1485734664,0.1367539788,0.0368880027,0.0480426799,-0.0396358070,0.1011338000,-0.0382346385,-0.0635940199,0.6764015459,-0.9506741861,0.6555109649,-0.0188435080,0.2185901937,-0.3310917213,-0.1680220217,-0.7579456106,0.7458684127,0.1616279809,0.1443818101,0.2373082437,0.4786814090
-0.0091431550,-0.0328532507,0.8155276507,-0.0677221281,0.0033892580,-0.7321585849,0.6777507158,0.1485488781,0.1254468052,0.1165862554,0.1192567032,-0.0033071137,-0.0237578452,0.1558833005,-0.0155213576,-0.1472038070,0.1367696335,0.0367000874,0.0480511485,-0.0410649885,0.1013658070,-0.0378867614,-0.0611186512,0.6746273176,-0.9472465485,0.6553001657,-0.0198512764,0.2185249767,-0.3368672742,-0.1694865320,-0.7574367726,0.7473707956,0.1601763313,0.1449486493,0.2355184458,0.4780745181
-0.0090545570,-0.0332715984,0.8155625012,-0.0677768934,0.0034613223,-0.7328092975,0.6770412435,0.1496530161,0.1257555839,0.1190037335,0.1191314126,-0.0040124652,-0.0240870219,0.1559129226,-0.0153495822,-0.1455761206,0.1366773041,0.0371715595,0.0477077546,-0.0431589377,0.1016567815,-0.0375042473,-0.0605754048,0.6692377035,-0.9444916232,0.6531815176,-0.0209127559,0.2185692289,-0.3413882716,-0.1685307011,-0.7539063964,0.7435548853,0.1611364798,0.1492940096,0.2346594103,0.4767755646
-0.0089789418,-0.0335982568,0.8155867971,-0.0677636557,0.0035332741,-0.7334666177,0.6763300405,0.1506049112,0.1258914935,0.1210994371,0.1190736890,-0.0047303042,-0.0244411467,0.1559033671,-0.0152597288,-0.1439437100,0.1365199011,0.0373612799,0.0472967165,-0.0445506815,0.1017256491,-0.0372486843,-0.0606191578,0.6636961967,-0.9424836275,0.6511561503,-0.0220936754,0.2187877047,-0.3458317223,-0.1670134051,-0.7501100733,0.7391156225,0.1625519103,0.1536273561,0.2335782621,0.4755460816
-0.0089042317,-0.0340112262,0.8156115454,-0.0677413658,0.0036100613,-0.7341264963,0.6756155432,0.1515281658,0.1260297495,0.1232020336,0.1190237658,-0.0054483900,-0.0247980324,0.1558549636,-0.0151736622,-0.1422987143,0.1363858291,0.0375481106,0.0468833833,-0.0457434628,0.1017644289,-0.0370497688,-0.0608644169,0.6581396548,-0.9407410818,0.6491848149,-0.0233354614,0.2190229113,-0.3502646380,-0.1653076742,-0.7462977869,0.7344377704,0.1640046437,0.1578944734,0.2324159477,0.4743562665
-0.0087273298,-0.0342099203,0.8156257345,-0.0676842017,0.0035541468,-0.7343523370,0.6753760893,0.1519324795,0.1259196655,0.1239803412,0.1190244958,-0.0040876184,-0.0241442127,0.1560294402,-0.0152146192,-0.1411644786,0.1362557242,0.0372704039,0.0462917770,-0.0458757901,0.1020697234,-0.0372035932,-0.0613284174,0.6544409657,-0.9427914860,0.6369238998,-0.0264774915,0.2187758797,-0.3577752417,-0.1657507666,-0.7451681632,0.7342243486,0.1631571663,0.1590081273,0.2313155828,0.4752636058
-0.0086403584,-0.0344183443,0.8156543315,-0.0676156866,0.0034538257,-0.7345662936,0.6751507612,0.1524716458,0.1258356262,0.1257127275,0.1189374756,-0.0042441498,-0.0239974545,0.1561748000,-0.0153383919,-0.1395848846,0.1361108848,0.0372022527,0.0453005241,-0.0462098995,0.1020246652,-0.0375033170,-0.0614082034,0.6515099487,-0.9449430270,0.6233135374,-0.0302123772,0.2191093542,-0.3651324416,-0.1660059347,-0.7441876446,0.7343016008,0.1619661002,0.1601659728,0.2302616008,0.4757914857
-0.0085596606,-0.0346341095,0.8156819755,-0.0675475782,0.0033564905,-0.7347870093,0.6749178540,0.1530090757,0.1257691018,0.1274602354,0.1188838988,-0.0044313249,-0.0238641252,0.1563326579,-0.0154439959,-0.1379880536,0.1359538360,0.0371343742,0.0443014144,-0.0465661897,0.1019546692,-0.0378162214,-0.0613662290,0.6487969748,-0.9471251287,0.6093359140,-0.0340942028,0.2196538939,-0.3723703409,-0.1662347921,-0.7431929387,0.7344249432,0.1606923753,0.1613523102,0.2292545157,0.4762498430
-0.0088304717,-0.0349035996,0.8155769818,-0.0677064084,0.0036612202,-0.7352340080,0.6744133683,0.1536192003,0.1261932592,0.1268366405,0.1188663308,-0.0041205781,-0.0241958401,0.1566550339,-0.0147500989,-0.1389706889,0.1359878293,0.0363082088,0.0463303221,-0.0461803411,0.1020331464,-0.0380355714,-0.0639512607,0.6475928063,-0.9456800736,0.6065808751,-0.0357942879,0.2207759115,-0.3764156504,-0.1662818346,-0.7392994228,0.7327668749,0.1649664052,0.1617014512,0.2291863515,0.4754397811
-0.0091010216,-0.0350980765,0.8155029182,-0.0678498523,0.0035998166,-0.7355685286,0.6740344046,0.1544218659,0.1267925902,0.1277991344,0.1188852995,-0.0043671273,-0.0243013383,0.1570793039,-0.0139974505,-0.1376958072,0.1359828668,0.0352001760,0.0459900086,-0.0461288386,0.1019620680,-0.0381533413,-0.0671730722,0.6456816155,-0.9441741407,0.6056058466,-0.0370500353,0.2208726424,-0.3804835391,-0.1668684322,-0.7349947120,0.7312275417,0.1701806648,0.1617460111,0.2287396078,0.4747795671
-0.0093673054,-0.0352803680,0.8154288554,-0.0680284049,0.0035168148,-0.7359172322,0.6736361002,0.1553086717,0.1274081323,0.1288117698,0.1189091241,-0.0046181452,-0.0244049364,0.1575612929,-0.0132285213,-0.1363686850,0.1359742048,0.0341086099,0.0456479215,-0.0460640688,0.1019128167,-0.0381646190,-0.0704980349,0.6435815528,-0.9426097577,0.6050622361,-0.0382051461,0.2206564569,-0.3845994184,-0.1676205105,-0.7305972009,0.7297358359,0.1756599631,0.1617462172,0.2281495787,0.4741795112
-0.0093129496,-0.0353525583,0.8153800208,-0.0680902399,0.0032809999,-0.7360836838,0.6734491552,0.1563821339,0.1271716909,0.1298033168,0.1189707528,-0.0060303946,-0.0246456905,0.1580568314,-0.0141039435,-0.1366720875,0.1360436572,0.0349996943,0.0462707492,-0.0463368037,0.1020442384,-0.0384404400,-0.0748255863,0.6377686807,-0.9420883115,0.5894154589,-0.0417460677,0.2188885018,-0.3886716310,-0.1678754130,-0.7263557022,0.7275637818,0.1768345492,0.1618353025,0.2275079783,0.4726702789
-0.0091390539,-0.0355426247,0.8153242677,-0.0682735902,0.0030835609,-0.7362222394,0.6732800478,0.1573313710,0.1269737105,0.1305560358,0.1190383848,-0.0065577236,-0.0244478790,0.1588611418,-0.0143588795,-0.1362491506,0.1360177619,0.0344965003,0.0463545664,-0.0468306871,0.1023610030,-0.0386956277,-0.0789355665,0.6326563596,-0.9420127344,0.5720281940,-0.0458859353,0.2182530497,-0.3923620054,-0.1674814565,-0.7223827197,0.7251891413,0.1772820841,0.1620379409,0.2271891851,0.4709634369
-0.0090584194,-0.0356543157,0.8151798600,-0.0684583335,0.0028845641,-0.7363597830,0.6731117336,0.1583105367,0.1267814371,0.1313032377,0.1190767487,-0.0070842244,-0.0242586707,0.1596813801,-0.0146097466,-0.1358298089,0.1360062739,0.0339678562,0.0464307142,-0.0472769990,0.1026500824,-0.0389627899,-0.0829973784,0.6277780831,-0.9420407782,0.5541713304,-0.0502003881,0.2179599912,-0.3958834286,-0.1669393459,-0.7184658895,0.7227312938,0.1775310617,0.1622543460,0.2269721190,0.4692069734
-0.0088781833,-0.0358676632,0.8152025420,-0.0686408337,0.0025916574,-0.7362610417,0.6732023453,0.1593407426,0.1263378733,0.1313795247,0.1190931007,-0.0078706200,-0.0236933771,0.1607141931,-0.0149340591,-0.1353955172,0.1360199868,0.0333450093,0.0466748671,-0.0477230144,0.1030937384,-0.0393053471,-0.0918090553,0.6223708185,-0.9405587832,0.5212833783,-0.0581892553,0.2166472150,-0.3982564458,-0.1657002635,-0.7157786748,0.7209336313,0.1754711057,0.1623650669,0.2258081048,0.4673853145
-0.0088008891,-0.0360867878,0.8151333656,-0.0688307611,0.0022692757,-0.7361750827,0.6732781181,0.1604254015,0.1258916753,0.1316898058,0.1191779367,-0.0080295473,-0.0232458847,0.1619778747,-0.0153918114,-0.1352388858,0.1360676155,0.0329685663,0.0468645773,-0.0481011390,0.1034778252,-0.0394366085,-0.1004815544,0.6178798495,-0.9392966113,0.4865364078,-0.0669613842,0.2164837259,-0.4000606235,-0.1641359155,-0.7132448577,0.7188359298,0.1729724756,0.1626739483,0.2248286130,0.4651776336
-0.0087279050,-0.0363998366,0.8151507237,-0.0690262174,0.0019369559,-0.7360871854,0.6733552443,0.1615599859,0.1254406155,0.1320037040,0.1192326142,-0.0081846147,-0.0228046466,0.1632886619,-0.0158500700,-0.1350832919,0.1360940158,0.0325871035,0.0470535181,-0.0484407661,0.1038023227,-0.0395392792,-0.1091039634,0.6136667641,-0.9381002352,0.4513173158,-0.0758848049,0.2166237038,-0.4014611733,-0.1624813203,-0.7107149398,0.7166671936,0.1703478378,0.1629984886,0.2239065969,0.4629150398
-0.0083965956,-0.0363553085,0.8151682333,-0.0696536875,0.0017208890,-0.7360737635,0.6733058867,0.1630057676,0.1255572418,0.1321965742,0.1191682057,-0.0084741184,-0.0225707560,0.1643301862,-0.0156977251,-0.1348237292,0.1362749728,0.0331305582,0.0472209997,-0.0472601255,0.1041177923,-0.0402227191,-0.1205046627,0.6108102783,-0.9341713042,0.4148995113,-0.0851783269,0.2163791977,-0.4000872557,-0.1625664262,-0.7083713501,0.7162587625,0.1702062513,0.1638470836,0.2230219171,0.4592307527
-0.0080954126,-0.0363771559,0.8150868184,-0.0702121820,0.0014477689,-0.7361142976,0.6732041996,0.1643452454,0.1255587257,0.1326508680,0.1191657639,-0.0086475867,-0.0223028664,0.1654943438,-0.0157082579,-0.1343526764,0.1363783108,0.0338237628,0.0473792137,-0.0465595919,0.1044530013,-0.0407165722,-0.1318874645,0.6080341239,-0.9300001481,0.3783326647,-0.0944216953,0.2163243804,-0.3985123365,-0.1631790629,-0.7058433052,0.7159008424,0.1702046562,0.1647962895,0.2223388110,0.4558083411
-0.0077914949,-0.0363093342,0.8150925639,-0.0707792425,0.0011657790,-0.7361528546,0.6731031975,0.1657072217,0.1255498633,0.1331018740,0.1191640225,-0.0088254564,-0.0220308554,0.1666872577,-0.0157261060,-0.1338813174,0.1364732572,0.0345205898,0.0475400236,-0.0459467785,0.1047684124,-0.0411520460,-0.1431601326,0.6053145012,-0.9256395312,0.3417340785,-0.1035329776,0.2162444198,-0.3966283361,-0.1639350411,-0.7032552397,0.7156314874,0.1702943031,0.1657472297,0.2216446931,0.4524216471
-0.0076245692,-0.0366432400,0.8150290401,-0.0710290731,0.0010010119,-0.7360738078,0.6731635895,0.1668554873,0.1253957474,0.1333658608,0.1190878110,-0.0098246481,-0.0215025434,0.1679663794,-0.0157072961,-0.1331763925,0.1364049103,0.0330236269,0.0479205852,-0.0457980731,0.1042348124,-0.0403386383,-0.1498600586,0.5947136607,-0.9179597040,0.3140450258,-0.1128439995,0.2172312340,-0.3931967734,-0.1621412386,-0.6963137555,0.7108347968,0.1715273938,0.1680249324,0.2209096933,0.4468200415
-0.0075180152,-0.0369737793,0.8149677649,-0.0713018452,0.0008124172,-0.7359668981,0.6732518932,0.1680133547,0.1252486574,0.1335279992,0.1190257630,-0.0106968703,-0.0207682501,0.1692374446,-0.0158373918,-0.1331564663,0.1364901386,0.0322389269,0.0486772102,-0.0452033884,0.1039300109,-0.0398335843,-0.1568800437,0.5829322872,-0.9102111898,0.2882644709,-0.1214321315,0.2172280986,-0.3897051262,-0.1603752888,-0.6893234852,0.7060440295,0.1731069539,0.1701665681,0.2199479518,0.4411853445
-0.0073961602,-0.0373013295,0.8149074692,-0.0715682808,0.0006331544,-0.7358619012,0.6733385795,0.1691380491,0.1250832261,0.1336958797,0.1189676245,-0.0115665827,-0.0200066776,0.1704848884,-0.0159831273,-0.1331267921,0.1365573742,0.0314806922,0.0494545115,-0.0445464650,0.1036637354,-0.0393641530,-0.1640095070,0.5708471095,-0.9024189918,0.2630349779,-0.1297401301,0.2168073918,-0.3861245709,-0.1585872320,-0.6823888152,0.7012146176,0.1747323731,0.1722908480,0.2189198376,0.4355678424
-0.0070590012,-0.0373503677,0.8148103823,-0.0719165020,0.0004581103,-0.7359069037,0.6732524311,0.1702237429,0.1246563769,0.1336957331,0.1189561388,-0.0122001374,-0.0189395429,0.1714579897,-0.0163444740,-0.1329351988,0.1367025809,0.0315725277,0.0497476610,-0.0444361162,0.1041939871,-0.0388125087,-0.1703622088,0.5674105617,-0.9023977796,0.2452717785,-0.1343173827,0.2164621024,-0.3850383512,-0.1587219663,-0.6791162549,0.7004375314,0.1756394852,0.1732306235,0.2180453228,0.4328971285
-0.0067401822,-0.0374167633,0.8146541803,-0.0722480053,0.0002799624,-0.7359514989,0.6731682840,0.1712018825,0.1242114401,0.1338849804,0.1188753702,-0.0136135627,-0.0178786682,0.1724416583,-0.0166583082,-0.1324707715,0.1368546821,0.0308281262,0.0508485269,-0.0442060573,0.1045201987,-0.0383513261,-0.1765386755,0.5642946634,-0.9023631632,0.2274273450,-0.1387622368,0.2158823752,-0.3840607318,-0.1586276490,-0.6757309935,0.6995854150,0.1763523346,0.1742221654,0.2173204307,0.4303282850
-0.0064235576,-0.0374869798,0.8145847823,-0.0725752740,0.0000999776,-0.7359983692,0.6730818822,0.1721700327,0.1237569281,0.1340705926,0.1188238764,-0.0150496524,-0.0168204314,0.1734021745,-0.0169821767,-0.1320003755,0.1370570391,0.0300451056,0.0519499480,-0.0439558634,0.1048133421,-0.0379036136,-0.1826938375,0.5612207294,-0.9023371558,0.2095727909,-0.1431720132,0.2152505695,-0.3830305709,-0.1584747797,-0.6723349989,0.6987006183,0.1770160236,0.1751991383,0.2166234742,0.4277589612
-0.0059811364,-0.0374856509,0.8144958410,-0.0729291499,-0.0000432009,-0.7359310685,0.6731172258,0.1729899796,0.1237429673,0.1344239745,0.1188096274,-0.0143234773,-0.0164189587,0.1736147022,-0.0171455756,-0.1319206091,0.1369370302,0.0314008836,0.0507138128,-0.0429452343,0.1046402884,-0.0367061929,-0.1839564938,0.5556561273,-0.8980737726,0.1979250628,-0.1472757812,0.2153344448,-0.3815727742,-0.1566188219,-0.6686110763,0.6981184290,0.1763839984,0.1759871436,0.2160256422,0.4270209219
-0.0056198514,-0.0375773605,0.8145019619,-0.0731705772,-0.0001210769,-0.7361669865,0.6728329807,0.1738673276,0.1234161394,0.1349913238,0.1186924636,-0.0152434491,-0.0155477293,0.1740696307,-0.0173234499,-0.1309400007,0.1368211460,0.0315377764,0.0511512321,-0.0423001442,0.1042232188,-0.0356839690,-0.1851504972,0.5493531240,-0.8933728102,0.1874341704,-0.1508202284,0.2146757485,-0.3804133897,-0.1547850418,-0.6651460796,0.6977931959,0.1754539056,0.1767430118,0.2155935969,0.4262851960
-0.0053368608,-0.0376704245,0.8144195211,-0.0734100518,-0.0002031645,-0.7364083747,0.6725426593,0.1747362852,0.1230704268,0.1355730786,0.1186206869,-0.0161959087,-0.0146593797,0.1745012190,-0.0175262196,-0.1299327640,0.1367625930,0.0316462848,0.0516074962,-0.0416819031,0.1038345652,-0.0346635970,-0.1863291832,0.5428999744,-0.8885729715,0.1771988176,-0.1541983749,0.2138101678,-0.3793273765,-0.1529792731,-0.6617263662,0.6975458078,0.1744943586,0.1775208165,0.2151883305,0.4255320917
-0.0050490311,-0.0378543552,0.8144090861,-0.0736081398,-0.0001026583,-0.7365541135,0.6723614126,0.1752604364,0.1231741477,0.1359258931,0.1186010636,-0.0157515931,-0.0144609977,0.1749728625,-0.0175494998,-0.1301374628,0.1368037248,0.0316257420,0.0517398541,-0.0414458544,0.1032965231,-0.0338793930,-0.1863046103,0.5368695785,-0.8858087998,0.1751567819,-0.1551710619,0.2134948688,-0.3787733172,-0.1523048134,-0.6599851516,0.6980165350,0.1744767964,0.1778117031,0.2149270345,0.4259586396
-0.0047621556,-0.0380170966,0.8144107688,-0.0736950406,-0.0000827120,-0.7367253835,0.6721642236,0.1758893599,0.1228837911,0.1362322352,0.1185844282,-0.0163047718,-0.0135691016,0.1754039402,-0.0177251367,-0.1297529469,0.1368180670,0.0317132046,0.0523532363,-0.0413626841,0.1026768521,-0.0333452001,-0.1864931906,0.5303128296,-0.8829438285,0.1741196118,-0.1557583535,0.2125697652,-0.3785618057,-0.1517269940,-0.6581426520,0.6984735609,0.1745672798,0.1781337799,0.2145812572,0.4265087049
-0.0045572435,-0.0381773767,0.8143249567,-0.0737803943,-0.0000628765,-0.7368982675,0.6719653211,0.1765046881,0.1225848865,0.1365453630,0.1185899241,-0.0168689163,-0.0126656882,0.1758234171,-0.0179140973,-0.1293604219,0.1368368481,0.0318060879,0.0529739522,-0.0412689645,0.1020695357,-0.0328230125,-0.1867354121,0.5236317415,-0.8800500089,0.1733245017,-0.1562552737,0.2114744731,-0.3784354480,-0.1511671336,-0.6563016890,0.6989359437,0.1747123354,0.1784540922,0.2142044741,0.4270808294
-0.0042644217,-0.0383448899,0.8143360653,-0.0738578437,-0.0000837258,-0.7369904333,0.6718557234,0.1766041565,0.1223675454,0.1365223833,0.1185384905,-0.0165479902,-0.0127061360,0.1755894931,-0.0184830211,-0.1296274655,0.1367486220,0.0316036417,0.0526493475,-0.0411078741,0.1017847120,-0.0325041444,-0.1841710463,0.5186358208,-0.8757558974,0.1802716536,-0.1566951953,0.2114506706,-0.3782671406,-0.1506464259,-0.6533841003,0.6938144933,0.1768451877,0.1806951535,0.2137451055,0.4235505874
-0.0040749469,-0.0384652489,0.8143502939,-0.0738073163,-0.0001113914,-0.7371560231,0.6716795852,0.1767824549,0.1218820388,0.1364524258,0.1185132781,-0.0166507787,-0.0122226981,0.1755962714,-0.0191094861,-0.1298423092,0.1367298618,0.0314951865,0.0528494515,-0.0407097069,0.1012422740,-0.0324079477,-0.1818631775,0.5132538598,-0.8715794207,0.1881282641,-0.1569351331,0.2108311231,-0.3784280174,-0.1502150751,-0.6502478779,0.6886004541,0.1794453268,0.1830333055,0.2129910361,0.4198918221
-0.0038821838,-0.0384941331,0.8143647000,-0.0737588430,-0.0001453934,-0.7373235034,0.6715010523,0.1769659242,0.1213833338,0.1363874853,0.1184978338,-0.0167562382,-0.0117302759,0.1756050222,-0.0197487867,-0.1300516524,0.1367261440,0.0313851413,0.0530583164,-0.0402681693,0.1006869444,-0.0323202862,-0.1796554104,0.5077803273,-0.8674445864,0.1962157888,-0.1571284489,0.2100452872,-0.3786589496,-0.1497931927,-0.6470922814,0.6833632124,0.1821521129,0.1853685943,0.2121468948,0.4162462909
-0.0037694914,-0.0386002888,0.8143677115,-0.0736943629,-0.0000658252,-0.7372149343,0.6716273350,0.1769114649,0.1213106397,0.1365829755,0.1184902071,-0.0166825587,-0.0121137186,0.1754474109,-0.0194476197,-0.1298485858,0.1367825478,0.0315443012,0.0533216910,-0.0395288174,0.1004988483,-0.0323413576,-0.1786976364,0.5065728725,-0.8691848717,0.1976878297,-0.1566935374,0.2082708012,-0.3795671285,-0.1509992553,-0.6441147891,0.6811347569,0.1835822797,0.1876380787,0.2105804708,0.4122412377
-0.0037919622,-0.0386854127,0.8143701314,-0.0736381759,-0.0000900591,-0.7374283335,0.6713991837,0.1770456109,0.1212517871,0.1367021934,0.1185273015,-0.0166740569,-0.0123030890,0.1753215158,-0.0195851451,-0.1299295641,0.1367743699,0.0313055886,0.0532097863,-0.0387505093,0.0999964798,-0.0325871199,-0.1773385267,0.5061624135,-0.8710867763,0.1978193223,-0.1566605925,0.2070538445,-0.3801723014,-0.1521680359,-0.6411269494,0.6788897143,0.1847882740,0.1899793771,0.2092162320,0.4081445421
-0.0038226089,-0.0386885952,0.8143720431,-0.0735709364,-0.0001112772,-0.7376443996,0.6711691625,0.1771773754,0.1211906139,0.1368233017,0.1185454034,-0.0166628919,-0.0125031435,0.1751688768,-0.0197225734,-0.1300111531,0.1367953419,0.0310421017,0.0530896625,-0.0379878302,0.0994497494,-0.0328598380,-0.1758686553,0.5059684760,-0.8730126606,0.1975686233,-0.1567357339,0.2060714451,-0.3806678574,-0.1533306025,-0.6380964578,0.6766604659,0.1859791748,0.1923207124,0.2078655613,0.4040362060
-0.0039303211,-0.0384598029,0.8143896740,-0.0736425848,-0.0001685716,-0.7379023390,0.6708776933,0.1772972244,0.1214314694,0.1372925678,0.1185658817,-0.0166975755,-0.0127087958,0.1750523968,-0.0195009230,-0.1303563055,0.1371158436,0.0307527138,0.0521200839,-0.0377005906,0.0987467952,-0.0330746430,-0.1742278834,0.5068283156,-0.8737601083,0.2021150427,-0.1560680265,0.2061561294,-0.3811307487,-0.1547141527,-0.6371091878,0.6732149388,0.1761517130,0.1939026581,0.2060259149,0.4006346352
-0.0041167049,-0.0383307385,0.8143992673,-0.0736687789,-0.0002743398,-0.7380537940,0.6707081578,0.1773332644,0.1216121752,0.1376437131,0.1185981670,-0.0167402571,-0.0127136828,0.1750555037,-0.0194400285,-0.1306033625,0.1374018139,0.0302229283,0.0512129613,-0.0373667571,0.0980103578,-0.0332977569,-0.1727251970,0.5073546071,-0.8743041860,0.2071451282,-0.1552286272,0.2059477479,-0.3817451050,-0.1554766623,-0.6366505051,0.6695256969,0.1648406200,0.1955049307,0.2049758998,0.3969924674
-0.0042097300,-0.0381196356,0.8144080545,-0.0736936275,-0.0003826195,-0.7382030744,0.6705410679,0.1773737676,0.1217793067,0.1379884176,0.1186289177,-0.0167910951,-0.0127072345,0.1750675720,-0.0193908589,-0.1308528883,0.1376876485,0.0296820523,0.0503193460,-0.0369690259,0.0972966587,-0.0335261007,-0.1712867414,0.5077693116,-0.8748871849,0.2123332102,-0.1543303367,0.2056347943,-0.3824087731,-0.1560373141,-0.6363332475,0.6657405715,0.1531684356,0.1970947312,0.2041546554,0.3932557579
-0.0042021696,-0.0380461206,0.8144082676,-0.0738659626,-0.0005015915,-0.7377898592,0.6709766699,0.1775689325,0.1216721345,0.1371340069,0.1186467583,-0.0163218987,-0.0136719950,0.1753229076,-0.0195463326,-0.1317488972,0.1375413792,0.0309254754,0.0521826721,-0.0368650957,0.0965128007,-0.0344255499,-0.1716869375,0.5083261994,-0.8762786687,0.2204554121,-0.1524815382,0.2054290323,-0.3823363851,-0.1599030348,-0.6338070598,0.6551408611,0.1409355163,0.2018671446,0.2021841017,0.3790774528
-0.0041875010,-0.0379263431,0.8144240286,-0.0740242176,-0.0006443685,-0.7376524249,0.6711101996,0.1778700598,0.1218057826,0.1371913772,0.1186536941,-0.0163236595,-0.0142981607,0.1759122279,-0.0196993765,-0.1328694504,0.1379498328,0.0313217166,0.0516960992,-0.0363359789,0.0955834521,-0.0351055848,-0.1723979536,0.5084706790,-0.8778821810,0.2291552504,-0.1506258106,0.2049751115,-0.3822300502,-0.1637960428,-0.6310018162,0.6443918465,0.1290042165,0.2069072519,0.1998681398,0.3641153257
-0.0041754251,-0.0378877264,0.8144388804,-0.0741966093,-0.0008019800,-0.7375238060,0.6712323410,0.1782112720,0.1219417365,0.1372829021,0.1186783669,-0.0163360453,-0.0149310335,0.1764876056,-0.0198580617,-0.1339602497,0.1384584257,0.0316712094,0.0512061331,-0.0357274460,0.0946499568,-0.0357362817,-0.1731921918,0.5085574412,-0.8795473030,0.2379717008,-0.1487596468,0.2044511354,-0.3821218644,-0.1676440049,-0.6281376864,0.6335919017,0.1171545172,0.2118316441,0.1974077388,0.3490783829
-0.0046042227,-0.0376904208,0.8144407692,-0.0743565271,-0.0008965669,-0.7372645470,0.6714992858,0.1781074255,0.1221648676,0.1360746889,0.1185022507,-0.0157264691,-0.0150223681,0.1763849680,-0.0192227986,-0.1341417433,0.1377804119,0.0302831285,0.0513467913,-0.0365716619,0.0948003631,-0.0356659791,-0.1708197019,0.5083470702,-0.8823299858,0.2487392186,-0.1469826710,0.2040352640,-0.3844623147,-0.1742576322,-0.6188124724,0.6070873438,0.0839209501,0.2229441828,0.1911935702,0.3183612464
-0.0049973065,-0.0375679034,0.8144578728,-0.0744455472,-0.0010596807,-0.7370454330,0.6717296831,0.1781518492,0.1225393233,0.1354943380,0.1184042532,-0.0155008848,-0.0157686100,0.1767405265,-0.0190630871,-0.1355748051,0.1381625837,0.0298344577,0.0506495180,-0.0366026431,0.0946442586,-0.0355458184,-0.1695082041,0.5081802558,-0.8860875770,0.2596962804,-0.1450708177,0.2034536126,-0.3870375333,-0.1791708351,-0.6095544053,0.5799447286,0.0486194713,0.2335625647,0.1854622431,0.2858639273
-0.0054084004,-0.0374436997,0.8144745994,-0.0745384919,-0.0012398617,-0.7368294498,0.6719559791,0.1782285234,0.1229183307,0.1349240200,0.1183081466,-0.0152813715,-0.0165392740,0.1770936591,-0.0189063827,-0.1370031823,0.1386247557,0.0293362635,0.0499277989,-0.0363928178,0.0945085634,-0.0354464442,-0.1683549767,0.5079247954,-0.8900949745,0.2707277934,-0.1431832625,0.2028430820,-0.3896102916,-0.1833739162,-0.6000791183,0.5525364168,0.0127206851,0.2431541267,0.1796700267,0.2530516693
-0.0056117015,-0.0373171129,0.8143148287,-0.0749023720,-0.0012603536,-0.7364386428,0.6723437897,0.1786941634,0.1238884141,0.1335188179,0.1181635940,-0.0167588293,-0.0162580395,0.1774693270,-0.0174809310,-0.1364147219,0.1385858123,0.0286245566,0.0500102491,-0.0358479426,0.0939218888,-0.0351429233,-0.1686413197,0.5077992116,-0.8957603343,0.2800014045,-0.1410230180,0.2016883466,-0.3912847685,-0.1857767419,-0.5885333748,0.5276250025,0.0060206361,0.2512266073,0.1773252204,0.2210673002
-0.0058780206,-0.0370058405,0.8141501656,-0.0753511220,-0.0013473729,-0.7361066731,0.6726569400,0.1789961829,0.1248972669,0.1326883418,0.1181443385,-0.0182013686,-0.0161792479,0.1781406984,-0.0165458773,-0.1372611883,0.1388181469,0.0275369966,0.0495779985,-0.0353730141,0.0933773599,-0.0350892093,-0.1688718519,0.5079644594,-0.9012024568,0.2889342061,-0.1389977243,0.2010099522,-0.3930472326,-0.1902789890,-0.5756788603,0.5029791644,0.0029898526,0.2589096477,0.1732887553,0.1905862555
-0.0061542879,-0.0367511589,0.8139861893,-0.0758175842,-0.0014622177,-0.7357675952,0.6729751866,0.1793091061,0.1259045304,0.1318384028,0.1181571355,-0.0196170605,-0.0161077394,0.1787982720,-0.0156195790,-0.1381232024,0.1391372993,0.0264321961,0.0491221952,-0.0351786600,0.0928134757,-0.0349867555,-0.1689313142,0.5082434321,-0.9064097106,0.2977429747,-0.1370063521,0.2004400377,-0.3947899466,-0.1954353411,-0.5625778064,0.4785870386,0.0009152520,0.2662829942,0.1684782653,0.1605243944
-0.0055978454,-0.0365759815,0.8136747435,-0.0767291402,-0.0013814739,-0.7353831253,0.6732922023,0.1800637994,0.1264997970,0.1311464942,0.1181715052,-0.0223635153,-0.0149818720,0.1797682342,-0.0149098120,-0.1385264572,0.1395242393,0.0269262282,0.0495769176,-0.0324228395,0.0912105633,-0.0338323664,-0.1724816776,0.5064321134,-0.9154170507,0.3055700391,-0.1343949606,0.1998538472,-0.3967312383,-0.1965222171,-0.5539453736,0.4884625251,0.0126546697,0.2683292013,0.1692698658,0.1560285107
-0.0050094082,-0.0364949598,0.8132691592,-0.0775601339,-0.0013428659,-0.7349981020,0.6736174080,0.1808720852,0.1269503122,0.1302235876,0.1182017313,-0.0256999559,-0.0140035581,0.1809365627,-0.0144391954,-0.1390326438,0.1396144721,0.0263234525,0.0500933699,-0.0312054706,0.0899598805,-0.0329343053,-0.1746872834,0.5042966085,-0.9227884122,0.3134888117,-0.1316977772,0.1992443340,-0.3985036001,-0.1989734378,-0.5451256165,0.4999310378,0.0253199380,0.2698813049,0.1702544001,0.1531374788
-0.0045084177,-0.0363207577,0.8129511873,-0.0783991603,-0.0013205601,-0.7345946477,0.6739603336,0.1816749456,0.1273824672,0.1292407406,0.1182742267,-0.0290429943,-0.0130164218,0.1821296244,-0.0139849462,-0.1395864500,0.1397334198,0.0257030973,0.0506162021,-0.0305153964,0.0887572865,-0.0319816862,-0.1764712011,0.5021831427,-0.9295997003,0.3213627959,-0.1288538369,0.1985909908,-0.4002783802,-0.2018564306,-0.5360868734,0.5118735617,0.0383894982,0.2712897871,0.1711616048,0.1504281009
-0.0045726398,-0.0364376796,0.8123729595,-0.0809016499,-0.0031433286,-0.7341795296,0.6741108669,0.1876067538,0.1282371010,0.1273647042,0.1208355901,-0.0350021934,-0.0121554631,0.1878442241,-0.0134260738,-0.1396543250,0.1436072785,0.0204891236,0.0509271925,-0.0358493514,0.0868205664,-0.0287604934,-0.1715736330,0.4999770728,-0.9290842995,0.3322147158,-0.1249977255,0.1949233507,-0.4020952877,-0.2183728397,-0.5329239703,0.4516927816,-0.0035630154,0.2761956970,0.1572583470,0.0838781712
-0.0046199141,-0.0361538163,0.8120399361,-0.0822783070,-0.0035784727,-0.7339285562,0.6742153582,0.1900504803,0.1296053794,0.1256387605,0.1210684816,-0.0388239617,-0.0113210033,0.1902333776,-0.0119382556,-0.1393566571,0.1442595042,0.0190541131,0.0508792539,-0.0394207392,0.0862919180,-0.0279410100,-0.1694429325,0.4988670443,-0.9295052002,0.3396232193,-0.1234666211,0.1943932296,-0.4045749043,-0.2340179060,-0.5315016547,0.3893297789,-0.0497685946,0.2805630141,0.1461524189,0.0173226688
-0.0045961061,-0.0359222796,0.8116296404,-0.0835491983,-0.0038948444,-0.7337177370,0.6742867669,0.1920262242,0.1310559568,0.1239659820,0.1214386282,-0.0426228173,-0.0105083721,0.1922248742,-0.0103658522,-0.1389923204,0.1448004784,0.0177901556,0.0507714294,-0.0428715418,0.0860056789,-0.0277937709,-0.1671132532,0.4977149854,-0.9301018949,0.3466508150,-0.1222228211,0.1943251398,-0.4069544242,-0.2485567964,-0.5292874726,0.3271183727,-0.0969020973,0.2819413844,0.1351763532,-0.0489097368
-0.0041086777,-0.0353869547,0.8113890545,-0.0830265414,-0.0019595635,-0.7335538801,0.6745379593,0.1883873684,0.1324271428,0.1218533124,0.1184094494,-0.0442929018,-0.0093065482,0.1891885054,-0.0084117358,-0.1395455278,0.1413526844,0.0193321647,0.0507876336,-0.0494501983,0.0882301892,-0.0308278502,-0.1649272379,0.4963028219,-0.9316985007,0.3511807638,-0.1227168125,0.1967476572,-0.4105634681,-0.2619269222,-0.5256369614,0.2791152476,-0.1100884793,0.2924592579,0.1294937369,-0.0929213493
-0.0035789160,-0.0350841517,0.8110115825,-0.0835084260,-0.0013204187,-0.7332649460,0.6747941303,0.1874768426,0.1333978041,0.1197455022,0.1184505410,-0.0484890247,-0.0081373288,0.1887919624,-0.0072350226,-0.1393995979,0.1411035752,0.0183882589,0.0509471533,-0.0549496132,0.0890927621,-0.0321220369,-0.1620272681,0.4936658919,-0.9350385868,0.3580243606,-0.1214166506,0.1978874396,-0.4140063516,-0.2728782652,-0.5208349842,0.2310444978,-0.1226883335,0.3012184674,0.1213363113,-0.1393791215
-0.0031321041,-0.0351186862,0.8103103657,-0.0859918474,-0.0029931106,-0.7328214122,0.6749586812,0.1924080630,0.1338437594,0.1178725333,0.1224345787,-0.0563643843,-0.0070821661,0.1937624616,-0.0071203580,-0.1388234706,0.1456784735,0.0133090944,0.0514298083,-0.0569432461,0.0876269659,-0.0286607505,-0.1607190107,0.4885479636,-0.9426191414,0.3701074202,-0.1171215162,0.1959969058,-0.4173702516,-0.2764192819,-0.5145646417,0.1806384566,-0.1407769940,0.3059276355,0.1119759806,-0.1918165136
-0.0021283215,-0.0347482005,0.8100906391,-0.0856532844,-0.0010695991,-0.7334216530,0.6743552845,0.1897982597,0.1347594827,0.1179150110,0.1192735164,-0.0577594587,-0.0051064123,0.1904184129,-0.0056109368,-0.1384550271,0.1422446086,0.0163806663,0.0519860063,-0.0627822464,0.0896030332,-0.0310018467,-0.1620763863,0.4895685948,-0.9474579879,0.3729850721,-0.1170087524,0.1972271269,-0.4220718949,-0.2894568457,-0.5205050059,0.1561918976,-0.1550162746,0.3059230993,0.1081767322,-0.2140863011
-0.0012035504,-0.0346451124,0.8097412451,-0.0861385325,-0.0002041019,-0.7340366004,0.6736248072,0.1894946628,0.1354782652,0.1179808202,0.1192600183,-0.0620861002,-0.0031038902,0.1894195928,-0.0047070209,-0.1369385800,0.1416565136,0.0162020785,0.0530691683,-0.0680911551,0.0908245799,-0.0320138115,-0.1618506410,0.4894912638,-0.9528860931,0.3770248571,-0.1153613210,0.1979711246,-0.4263548851,-0.2992126812,-0.5252791789,0.1324764992,-0.1710863969,0.3026004325,0.1041607539,-0.2382851179
-0.0001967433,-0.0345783442,0.8092784294,-0.0868419727,0.0004245575,-0.7346309945,0.6728860182,0.1898527523,0.1361491075,0.1180509532,0.1195610632,-0.0667443825,-0.0011101922,0.1889661648,-0.0038993498,-0.1353839959,0.1416165620,0.0155726948,0.0541830507,-0.0732896502,0.0918862928,-0.0324358468,-0.1615818581,0.4892231515,-0.9584163906,0.3814084723,-0.1133175279,0.1984069476,-0.4306011257,-0.3079921531,-0.5298375357,0.1087064864,-0.1882894288,0.2983148632,0.1004266620,-0.2628431337
0.0007121821,-0.0346134075,0.8090828214,-0.0871016158,0.0009041384,-0.7354733225,0.6719311594,0.1899123471,0.1359734849,0.1190356889,0.1200294191,-0.0694680616,0.0003144971,0.1880593698,-0.0038309600,-0.1323470869,0.1414597253,0.0152644306,0.0550141715,-0.0779288647,0.0932914329,-0.0312398962,-0.1616081582,0.4858867881,-0.9628487028,0.3840716109,-0.1131856965,0.1984056193,-0.4335994486,-0.3056191045,-0.5251304136,0.0920627343,-0.1990263380,0.3018712237,0.0973912390,-0.2789746380
0.0015966224,-0.0347334079,0.8088860574,-0.0872615693,0.0014354002,-0.7363392425,0.6709604147,0.1899988002,0.1357495839,0.1200262744,0.1202305915,-0.0721444983,0.0016775086,0.1870692214,-0.0038013968,-0.1293627136,0.1412689054,0.0149527015,0.0557628519,-0.0827384275,0.0944595104,-0.0307489098,-0.1609259856,0.4827476637,-0.9672146166,0.3867097719,-0.1132944163,0.1984379655,-0.4362804984,-0.3022714265,-0.5200422645,0.0754259694,-0.2103861462,0.3058131807,0.0939377687,-0.2942346792
0.0024731768,-0.0348711574,0.8086031179,-0.0873779306,0.0019941548,-0.7372033697,0.6699942629,0.1900184204,0.1355078810,0.1210011337,0.1203738742,-0.0747951261,0.0030340973,0.1859939973,-0.0037803823,-0.1263883761,0.1410789886,0.0146214134,0.0565061941,-0.0875553204,0.0955876721,-0.0305116682,-0.1600529135,0.4796903483,-0.9716390671,0.3892607571,-0.1134301190,0.1984697466,-0.4388922336,-0.2987420282,-0.5147785191,0.0588672431,-0.2219901419,0.3096274148,0.0903840481,-0.3093765724
0.0034437948,-0.0351109297,0.8085781314,-0.0873943028,0.0025477577,-0.7385794261,0.6684730183,0.1903567521,0.1352491445,0.1232013852,0.1205282821,-0.0765280972,0.0048127068,0.1843131499,-0.0037951405,-0.1221262376,0.1408958465,0.0152897224,0.0580831284,-0.0899566525,0.0962190732,-0.0302243335,-0.1607764669,0.4766420205,-0.9770809038,0.3934742066,-0.1135657094,0.1985827793,-0.4403238600,-0.2940616487,-0.5142347097,0.0598295694,-0.2279827362,0.3130454592,0.0923838324,-0.3013435933
0.0044840540,-0.0354592005,0.8084635456,-0.0873743990,0.0032067714,-0.7400332344,0.6668629867,0.1906447368,0.1348722817,0.1255674152,0.1205412228,-0.0781125659,0.0066360607,0.1825503917,-0.0039513055,-0.1180613326,0.1406603951,0.0160259095,0.0595792718,-0.0931425417,0.0975465599,-0.0303070975,-0.1606132786,0.4729225601,-0.9814238307,0.3981215178,-0.1137906043,0.1985027795,-0.4415170399,-0.2906913222,-0.5136738846,0.0615803476,-0.2324378012,0.3162779160,0.0946786250,-0.2901643409
0.0055393761,-0.0357151208,0.8084370481,-0.0873379235,0.0038855942,-0.7414810269,0.6652539936,0.1908676933,0.1344811127,0.1279200016,0.1205475904,-0.0796780304,0.0084842850,0.1807358785,-0.0041176757,-0.1139994964,0.1404111354,0.0167860868,0.0611009571,-0.0967138092,0.0989965791,-0.0304487499,-0.1601350287,0.4690632903,-0.9853200365,0.4029220020,-0.1138971352,0.1983051711,-0.4426909730,-0.2879353648,-0.5131130598,0.0636542040,-0.2361708708,0.3194621771,0.0968059696,-0.2783471974
0.0060388065,-0.0359336231,0.8084297759,-0.0873068203,0.0042153797,-0.7430187517,0.6635381559,0.1914797716,0.1342828155,0.1309567251,0.1207208606,-0.0793123548,0.0088484449,0.1792077558,-0.0040275195,-0.1100246371,0.1402694244,0.0180332019,0.0621426279,-0.0973525580,0.0987156938,-0.0302015704,-0.1610695059,0.4663365888,-0.9882052868,0.4061746666,-0.1134671720,0.1980148901,-0.4435968054,-0.2826177380,-0.5164221477,0.0749658208,-0.2362050194,0.3199182012,0.1009706516,-0.2564228874
0.0066580825,-0.0360784375,0.8085040712,-0.0873109784,0.0045691027,-0.7445463877,0.6618206652,0.1923766865,0.1343045631,0.1345191023,0.1206538279,-0.0795061715,0.0095987025,0.1777469779,-0.0039335124,-0.1060426732,0.1401263609,0.0192866166,0.0632107300,-0.0984163713,0.0986818674,-0.0300098307,-0.1615346819,0.4635484606,-0.9906326193,0.4092282344,-0.1130030676,0.1978535818,-0.4445115388,-0.2776679618,-0.5198615408,0.0864804606,-0.2356886083,0.3197893160,0.1050097204,-0.2331657913
0.0071933889,-0.0363128093,0.8085769541,-0.0873311367,0.0049134243,-0.7460728931,0.6600942122,0.1933285613,0.1343300473,0.1380988667,0.1205815094,-0.0797111111,0.0103517687,0.1763393086,-0.0038358980,-0.1020490582,0.1399631739,0.0205427993,0.0642866415,-0.0996289496,0.0986968781,-0.0297842884,-0.1618390894,0.4607680188,-0.9928729710,0.4121999208,-0.1124882893,0.1977420306,-0.4454269247,-0.2729430847,-0.5232830480,0.0981161837,-0.2349049071,0.3194630756,0.1088865773,-0.2096118927
0.0074719681,-0.0365667006,0.8084313240,-0.0874093115,0.0051344205,-0.7476939133,0.6582454420,0.1945159091,0.1341974808,0.1406738850,0.1204117246,-0.0803377721,0.0102454812,0.1754229491,-0.0035137960,-0.0985549362,0.1397948760,0.0201768859,0.0649508500,-0.0994856968,0.1002343878,-0.0298500141,-0.1623355761,0.4556817868,-0.9925024763,0.4138001340,-0.1123205990,0.1973539374,-0.4447848458,-0.2703778698,-0.5223828501,0.1081214012,-0.2303041460,0.3213736379,0.1119668142,-0.1873271432
0.0077846517,-0.0368729730,0.8083789754,-0.0875078367,0.0052874298,-0.7492970578,0.6564056221,0.1959640667,0.1343138282,0.1445716017,0.1203083968,-0.0814008877,0.0107907152,0.1744257636,-0.0032563628,-0.0946381460,0.1397522290,0.0200567828,0.0658279070,-0.0996970519,0.1016332231,-0.0297109494,-0.1627991429,0.4505210449,-0.9919798175,0.4155098348,-0.1121219779,0.1969897948,-0.4439132143,-0.2686556516,-0.5215509101,0.1183180525,-0.2248159727,0.3234607978,0.1146563229,-0.1648930240
0.0081066671,-0.0370796720,0.8082381956,-0.0876336099,0.0054205539,-0.7509074984,0.6545448013,0.1974843085,0.1344286359,0.1485211332,0.1202110083,-0.0824710577,0.0113438580,0.1734740120,-0.0030031076,-0.0906724835,0.1397249922,0.0199445192,0.0667120350,-0.0999893948,0.1030520249,-0.0294662629,-0.1632272407,0.4453476290,-0.9913208503,0.4172334232,-0.1119161452,0.1966246499,-0.4430045483,-0.2672647040,-0.5207290898,0.1286590438,-0.2189450991,0.3255416777,0.1171329998,-0.1423467694
0.0086461379,-0.0372887770,0.8081256846,-0.0876410146,0.0053657933,-0.7523286713,0.6529102781,0.1989903923,0.1337484130,0.1520700403,0.1201839322,-0.0838380657,0.0118468707,0.1727914843,-0.0037431194,-0.0879491542,0.1396573242,0.0193742397,0.0674353540,-0.0990358485,0.1028726401,-0.0293248427,-0.1637035251,0.4400145440,-0.9871917858,0.4134831050,-0.1136035125,0.1958449203,-0.4415119154,-0.2669322527,-0.5200420019,0.1351475534,-0.2186172485,0.3272608607,0.1178671524,-0.1265356775
0.0090810394,-0.0375765435,0.8079233897,-0.0876675857,0.0052653516,-0.7537315268,0.6512875371,0.2005574502,0.1329963821,0.1554730154,0.1201200717,-0.0850500144,0.0123030991,0.1721217709,-0.0044088456,-0.0849729212,0.1397005165,0.0186288518,0.0683382695,-0.0980379988,0.1026498968,-0.0289279576,-0.1642373620,0.4352787408,-0.9831901601,0.4087782224,-0.1156477512,0.1953217288,-0.4399591917,-0.2660929883,-0.5193807928,0.1416496949,-0.2194766327,0.3289953848,0.1189642843,-0.1119001255
0.0095065401,-0.0378707793,0.8078078996,-0.0876996130,0.0051540572,-0.7551299564,0.6496621911,0.2021792640,0.1322419843,0.1588767734,0.1200266273,-0.0862633300,0.0127422265,0.1714837355,-0.0050760799,-0.0820013934,0.1397766491,0.0178441036,0.0692279040,-0.0969975821,0.1023827739,-0.0284896319,-0.1647600481,0.4307399828,-0.9792661432,0.4037474256,-0.1177998107,0.1949747391,-0.4383415193,-0.2650027480,-0.5187143699,0.1481442437,-0.2208001161,0.3306943911,0.1202928205,-0.0975634372
0.0094559879,-0.0379698518,0.8077520408,-0.0874977050,0.0048741327,-0.7562040490,0.6484410773,0.2032200169,0.1316113775,0.1615632288,0.1199129977,-0.0864060317,0.0133254201,0.1709029968,-0.0057450416,-0.0798389837,0.1397279932,0.0166856075,0.0700357696,-0.0942599470,0.1025797045,-0.0281991211,-0.1650646469,0.4268251666,-0.9699041543,0.3906751720,-0.1235989921,0.1936112803,-0.4358028059,-0.2633705580,-0.5142905128,0.1526608547,-0.2185369905,0.3349578324,0.1201156149,-0.0920510222
0.0094526009,-0.0380595096,0.8076995465,-0.0872811646,0.0045962550,-0.7572622093,0.6472362931,0.2042153155,0.1309817025,0.1641120630,0.1197812230,-0.0864386064,0.0138308108,0.1702266140,-0.0063003120,-0.0772594113,0.1397350835,0.0153704857,0.0709522819,-0.0918698966,0.1026625646,-0.0279099981,-0.1650930270,0.4239806440,-0.9602066729,0.3759519422,-0.1299054203,0.1931333340,-0.4333535959,-0.2621003460,-0.5097353173,0.1576906511,-0.2162719185,0.3397306616,0.1199524801,-0.0875181081
0.0093548819,-0.0381521099,0.8076461931,-0.0870587872,0.0043201509,-0.7583159071,0.6460333497,0.2051982246,0.1303508345,0.1666514717,0.1196452772,-0.0864725322,0.0143295044,0.1695295321,-0.0068548067,-0.0746941898,0.1397768615,0.0140252054,0.0718557382,-0.0896443564,0.1026854014,-0.0275752281,-0.1648177025,0.4214947222,-0.9506017769,0.3608302275,-0.1363632395,0.1926445938,-0.4304458640,-0.2609144514,-0.5051434080,0.1631401320,-0.2138042164,0.3445762827,0.1194555396,-0.0834035308
0.0095030728,-0.0382057121,0.8075846433,-0.0869029941,0.0040212608,-0.7587612190,0.6455331994,0.2057825195,0.1293262244,0.1678127856,0.1196475821,-0.0855714467,0.0137018780,0.1695456388,-0.0080916418,-0.0752918884,0.1400390846,0.0134357373,0.0717084562,-0.0881921344,0.1015595206,-0.0277596425,-0.1630307199,0.4198388225,-0.9362159129,0.3379150104,-0.1445751140,0.1916076410,-0.4238919600,-0.2568160415,-0.5056094095,0.1622236759,-0.2140741305,0.3455250816,0.1196085560,-0.0818414689
0.0095585558,-0.0383896076,0.8076330055,-0.0867182379,0.0037180823,-0.7591110697,0.6451484379,0.2064162460,0.1283340597,0.1690439602,0.1195650430,-0.0848558476,0.0141737624,0.1695543530,-0.0092404222,-0.0749262173,0.1401675824,0.0122218282,0.0723948186,-0.0868442505,0.1005750783,-0.0279838299,-0.1608781292,0.4187768152,-0.9222573669,0.3134196408,-0.1530145714,0.1911892162,-0.4165744805,-0.2520325573,-0.5060994007,0.1610522465,-0.2151250378,0.3461846298,0.1199976268,-0.0803536613
0.0096963712,-0.0385908652,0.8075931029,-0.0865225861,0.0034215613,-0.7594665198,0.6447578928,0.2070615642,0.1273384674,0.1702880032,0.1194623286,-0.0841559200,0.0146418422,0.1695543108,-0.0103936729,-0.0745517557,0.1403090367,0.0109809734,0.0730821785,-0.0854194136,0.0995485264,-0.0282545525,-0.1585234217,0.4179068440,-0.9084325970,0.2883905441,-0.1614231303,0.1910209521,-0.4088825724,-0.2469886378,-0.5065490560,0.1597805285,-0.2165020946,0.3467711045,0.1205270983,-0.0789269538
0.0100448338,-0.0391467478,0.8074036524,-0.0878294636,0.0014582132,-0.7589387377,0.6452099282,0.2115365009,0.1251144225,0.1691082983,0.1222367469,-0.0869733162,0.0146443059,0.1739062103,-0.0127972482,-0.0762486332,0.1447497653,0.0086173753,0.0730296514,-0.0814761566,0.0984056135,-0.0252634764,-0.1566897328,0.4049890050,-0.8817030401,0.2355232582,-0.1771683226,0.1869550305,-0.3817257212,-0.2360210150,-0.5002840750,0.1567140298,-0.2272479177,0.3449225599,0.1183201880,-0.0873047453
0.0103408327,-0.0392613852,0.8074411861,-0.0876943608,0.0009996719,-0.7583432150,0.6459289961,0.2117837727,0.1232610769,0.1678205100,0.1219234743,-0.0861960724,0.0153085583,0.1748077217,-0.0148461629,-0.0782602513,0.1450875034,0.0079512499,0.0740306692,-0.0790101086,0.0980245168,-0.0246552761,-0.1562169109,0.3938644027,-0.8538121182,0.1806396431,-0.1942360717,0.1837802907,-0.3535983938,-0.2298296650,-0.4949198238,0.1541927009,-0.2354938993,0.3467923783,0.1164899967,-0.0954513702
0.0107546663,-0.0393646892,0.8074091039,-0.0873154412,0.0007643976,-0.7577727130,0.6466497853,0.2112459679,0.1213912378,0.1665181639,0.1215907533,-0.0852798708,0.0160326066,0.1750271711,-0.0168967161,-0.0802762501,0.1451858001,0.0075549129,0.0750592600,-0.0768402847,0.0977006509,-0.0247212082,-0.1553490908,0.3826691111,-0.8253552028,0.1251853275,-0.2103064714,0.1808054630,-0.3251757823,-0.2244569821,-0.4895220195,0.1518669520,-0.2430963336,0.3490759148,0.1148275156,-0.1032225438
0.0110614142,-0.0394666202,0.8073952836,-0.0870605642,0.0005368439,-0.7571690470,0.6473910752,0.2108362333,0.1200115215,0.1642430430,0.1213819039,-0.0856987713,0.0158960566,0.1754218075,-0.0178629541,-0.0816463797,0.1451239675,0.0068272913,0.0751732400,-0.0746796174,0.0967368151,-0.0250575826,-0.1589082686,0.3699487753,-0.7983499403,0.0515130095,-0.2303407484,0.1760881264,-0.2938908382,-0.2188366002,-0.4831485538,0.1486434982,-0.2461603686,0.3504098445,0.1132474234,-0.1123788590
0.0112605587,-0.0394798876,0.8072853536,-0.0868415452,0.0002949476,-0.7565926532,0.6480941414,0.2104548125,0.1186729310,0.1620867641,0.1213358266,-0.0860926113,0.0158827146,0.1759583104,-0.0192951890,-0.0838078084,0.1450705405,0.0056215722,0.0759854271,-0.0723407949,0.0956192495,-0.0251828337,-0.1619665190,0.3579605770,-0.7722223960,-0.0242802584,-0.2494437967,0.1718750530,-0.2607160646,-0.2134758321,-0.4765980845,0.1452231156,-0.2487218094,0.3517807821,0.1113363504,-0.1213812832
0.0114849844,-0.0395892719,0.8071714973,-0.0866337497,0.0000451436,-0.7560142002,0.6487966712,0.2101060424,0.1172979123,0.1599394906,0.1213081108,-0.0865177538,0.0159057990,0.1765217947,-0.0207687104,-0.0859543588,0.1450440527,0.0043957868,0.0768414769,-0.0700115581,0.0943304205,-0.0252702650,-0.1647440959,0.3458929091,-0.7467149453,-0.1006022846,-0.2667877047,0.1671951292,-0.2264687290,-0.2081661888,-0.4699053328,0.1417699727,-0.2511740142,0.3531559464,0.1093202073,-0.1303190537
0.0112651164,-0.0390913928,0.8072581791,-0.0848343332,0.0013282071,-0.7551063327,0.6500890693,0.2049181200,0.1168157754,0.1556789862,0.1180139031,-0.0833420800,0.0159812629,0.1733654627,-0.0208688485,-0.0895110589,0.1409106524,0.0066955839,0.0768077965,-0.0681047444,0.0927993832,-0.0282578275,-0.1756011474,0.3358684544,-0.7260848006,-0.1460169782,-0.2775543122,0.1650788228,-0.1996786520,-0.2089051310,-0.4646261490,0.1413230923,-0.2497472534,0.3587744187,0.1074868218,-0.1359547507
0.0110842929,-0.0389893115,0.8071652748,-0.0841974772,0.0014073727,-0.7541399425,0.6512923701,0.2028230431,0.1159519533,0.1516539489,0.1178988540,-0.0832085251,0.0160724996,0.1731066524,-0.0217899875,-0.0927937258,0.1402652294,0.0056931904,0.0771759338,-0.0654644205,0.0908505775,-0.0293054095,-0.1849374977,0.3237526631,-0.7077965181,-0.1900753558,-0.2856883248,0.1615673512,-0.1702725184,-0.2059722568,-0.4586778231,0.1418555880,-0.2500498070,0.3612003087,0.1047199269,-0.1437156733
0.0109071543,-0.0388415337,0.8070397353,-0.0838787377,0.0011859047,-0.7531386594,0.6524914641,0.2016908775,0.1150421855,0.1476519721,0.1180717967,-0.0834429078,0.0161565796,0.1736494533,-0.0228058582,-0.0960457680,0.1402399279,0.0041546103,0.0775938713,-0.0625051218,0.0887451032,-0.0295512344,-0.1943338600,0.3112230157,-0.6899291434,-0.2340748892,-0.2925190918,0.1578419976,-0.1406813093,-0.2020102835,-0.4525925881,0.1419949172,-0.2517353006,0.3629709390,0.1024209286,-0.1518388617
0.0105742007,-0.0386428423,0.8069885952,-0.0838329823,0.0007841040,-0.7520395788,0.6537643981,0.2011442832,0.1146988728,0.1441669950,0.1182594189,-0.0834364917,0.0161384913,0.1747611963,-0.0233169661,-0.0991874224,0.1403865311,0.0025201245,0.0775845131,-0.0598159086,0.0873370962,-0.0301215023,-0.2063298605,0.3072936658,-0.6788214636,-0.2689331834,-0.2956305938,0.1563125839,-0.1188242153,-0.1998148696,-0.4481085693,0.1432267142,-0.2553555904,0.3636644191,0.1007198130,-0.1586953960
0.0101324661,-0.0383934829,0.8068454761,-0.0838555692,0.0003535687,-0.7509302869,0.6550357416,0.2007626930,0.1145626186,0.1410596113,0.1183798158,-0.0833424055,0.0160085910,0.1759918190,-0.0237192972,-0.1023023687,0.1405038069,0.0009777306,0.0775136861,-0.0567332551,0.0855871993,-0.0304527960,-0.2191088447,0.3033635714,-0.6677452434,-0.3024323484,-0.2981182298,0.1541336408,-0.0984006863,-0.1973365307,-0.4431782830,0.1438225049,-0.2591862448,0.3641854734,0.0993230387,-0.1654510912
0.0096918632,-0.0381305142,0.8067022948,-0.0839087484,-0.0001040685,-0.7498234408,0.6562957555,0.2004727732,0.1144306405,0.1379801234,0.1184821034,-0.0832348251,0.0158749570,0.1773000830,-0.0241134856,-0.1053923678,0.1406086789,-0.0005447296,0.0774399382,-0.0534639175,0.0837711621,-0.0306799656,-0.2321487803,0.2993417490,-0.6567102071,-0.3353619971,-0.3001498065,0.1515748602,-0.0783952856,-0.1947271213,-0.4381698096,0.1441951251,-0.2631466053,0.3646185336,0.0980256441,-0.1721560963
0.0092870081,-0.0378205628,0.8067390943,-0.0840317227,-0.0005324438,-0.7493895874,0.6567751764,0.2004277012,0.1138919062,0.1335753087,0.1185255664,-0.0844480809,0.0145216724,0.1780742847,-0.0241191957,-0.1067419526,0.1406419190,-0.0016558958,0.0770577526,-0.0506136173,0.0820228766,-0.0302700630,-0.2431982613,0.2983116111,-0.6520856517,-0.3625221343,-0.3017292453,0.1512048682,-0.0669319719,-0.1926014053,-0.4371250646,0.1460230787,-0.2637922047,0.3664517718,0.0988477058,-0.1735880767
0.0089447723,-0.0375898044,0.8066698335,-0.0841530825,-0.0008861180,-0.7489519752,0.6572582539,0.2004079758,0.1139219601,0.1312558550,0.1187034041,-0.0844180679,0.0141224342,0.1787806373,-0.0240640726,-0.1078198556,0.1406614868,-0.0024925758,0.0767709611,-0.0475861193,0.0803317100,-0.0301155228,-0.2542467899,0.2969444186,-0.6474382032,-0.3890589259,-0.3028498555,0.1506102350,-0.0568254759,-0.1907794862,-0.4363437821,0.1472170817,-0.2632436407,0.3688679643,0.0994169544,-0.1739050245
0.0086163007,-0.0372614123,0.8066023460,-0.0842692788,-0.0012253721,-0.7485441089,0.6577073089,0.2004039941,0.1139528537,0.1290377787,0.1187975295,-0.0843418795,0.0137368999,0.1794250238,-0.0239981500,-0.1088054094,0.1406574403,-0.0032716524,0.0764937380,-0.0443944148,0.0786869460,-0.0300291787,-0.2653602818,0.2954483865,-0.6427768771,-0.4152879854,-0.3036745398,0.1498575435,-0.0470667508,-0.1891327450,-0.4356478438,0.1482402108,-0.2622038663,0.3714409715,0.0997485107,-0.1738708397
0.0077184876,-0.0372314865,0.8067707064,-0.0842242869,-0.0014145462,-0.7482726531,0.6580215082,0.2006016427,0.1146877919,0.1260591509,0.1188569240,-0.0832735183,0.0119210909,0.1801364689,-0.0232196421,-0.1103707027,0.1407632931,-0.0038289247,0.0756162794,-0.0425116704,0.0777687350,-0.0301548497,-0.2708693729,0.2955311736,-0.6414455950,-0.4292449633,-0.3065251536,0.1510580923,-0.0411199309,-0.1886459443,-0.4379514429,0.1503829326,-0.2610656455,0.3740554950,0.0997449240,-0.1730383152
0.0068331460,-0.0373040543,0.8068668202,-0.0841174807,-0.0016258509,-0.7479582423,0.6583920366,0.2006804294,0.1154107891,0.1238553204,0.1189202877,-0.0816023819,0.0103039406,0.1808011855,-0.0225729754,-0.1119237701,0.1407332684,-0.0041432333,0.0748855350,-0.0408002142,0.0767831020,-0.0307715243,-0.2765468783,0.2949855432,-0.6397934026,-0.4413776338,-0.3094335803,0.1512200145,-0.0362633640,-0.1880389561,-0.4404196540,0.1528241137,-0.2594032877,0.3769012795,0.0994802514,-0.1720956633
0.0059626540,-0.0372835138,0.8070530181,-0.0839901003,-0.0018212559,-0.7476482878,0.6587597315,0.2007176092,0.1161047241,0.1216665241,0.1189357676,-0.0798920195,0.0087126711,0.1814052793,-0.0219484674,-0.1134580131,0.1406772506,-0.0044167383,0.0741769162,-0.0390945679,0.0758314910,-0.0315135533,-0.2823573954,0.2941893151,-0.6380433192,-0.4528253918,-0.3122585100,0.1508934466,-0.0317828920,-0.1874598663,-0.4429534933,0.1553108643,-0.2575638832,0.3798086137,0.0990865021,-0.1711125912
0.0059798047,-0.0368562842,0.8072552124,-0.0838945495,-0.0019011841,-0.7469620419,0.6595496933,0.1994767192,0.1156676152,0.1191257609,0.1188739949,-0.0785036231,0.0085905053,0.1812169640,-0.0221376344,-0.1147521039,0.1406971872,-0.0026289444,0.0740333669,-0.0381845543,0.0751366774,-0.0315247598,-0.2872259709,0.2908670570,-0.6468905179,-0.4746956624,-0.3179252200,0.1508209409,-0.0414905474,-0.1897061941,-0.4410450417,0.1631663248,-0.2777115103,0.3779786446,0.0951046533,-0.1682142710
0.0059228719,-0.0366362789,0.8075250174,-0.0836763669,-0.0018525108,-0.7462656390,0.6603653761,0.1980602920,0.1153877525,0.1164391692,0.1188373878,-0.0765238328,0.0078742559,0.1809690641,-0.0223067882,-0.1162808071,0.1405809712,-0.0013008096,0.0737259761,-0.0369871628,0.0742844624,-0.0316454286,-0.2910834548,0.2884416419,-0.6558812591,-0.4990800021,-0.3231391372,0.1519125830,-0.0523550565,-0.1888788561,-0.4385989763,0.1709928389,-0.3031252877,0.3740504236,0.0931737943,-0.1667954232
0.0058302370,-0.0363976086,0.8077068336,-0.0833862677,-0.0017453710,-0.7455668317,0.6611911853,0.1965746661,0.1151272434,0.1137258445,0.1187227932,-0.0745775017,0.0071103844,0.1806371832,-0.0224468434,-0.1178459890,0.1404445927,-0.0000567248,0.0733895697,-0.0356206410,0.0733544993,-0.0320362822,-0.2945864184,0.2864626060,-0.6652045480,-0.5243690223,-0.3281655577,0.1534697479,-0.0631698668,-0.1867085792,-0.4361179697,0.1788624516,-0.3306928909,0.3694150848,0.0924457185,-0.1660080739
0.0052109831,-0.0361094078,0.8079187067,-0.0828941494,-0.0015409608,-0.7449306428,0.6619701827,0.1947634648,0.1154556023,0.1113841204,0.1184675806,-0.0725391822,0.0059733085,0.1797944525,-0.0221349566,-0.1199243510,0.1402660505,0.0009990022,0.0727981455,-0.0339119456,0.0721889533,-0.0323070983,-0.2994710979,0.2846075802,-0.6722248789,-0.5313624899,-0.3278703426,0.1576565187,-0.0674967388,-0.1830446899,-0.4337689331,0.1891548922,-0.3488517376,0.3637722903,0.0942836799,-0.1658532948
0.0047403428,-0.0357359360,0.8081507587,-0.0823777352,-0.0013951533,-0.7442752162,0.6627717291,0.1927461337,0.1155989607,0.1092162018,0.1183273550,-0.0702673454,0.0049792902,0.1789193524,-0.0219847751,-0.1216559801,0.1400865200,0.0018967172,0.0723662742,-0.0324875049,0.0708715010,-0.0328422660,-0.3059354135,0.2811443692,-0.6789501869,-0.5343047259,-0.3269815696,0.1603893136,-0.0721390953,-0.1804127253,-0.4312957854,0.1997524379,-0.3652016451,0.3581594879,0.0957139337,-0.1654099191
0.0043064394,-0.0354054193,0.8083844001,-0.0818763495,-0.0012662348,-0.7436172673,0.6635721662,0.1906963937,0.1156877794,0.1070458523,0.1182262050,-0.0679548943,0.0040430748,0.1779978053,-0.0218942336,-0.1233753519,0.1399658760,0.0028388400,0.0719746503,-0.0310699544,0.0695723114,-0.0333355451,-0.3129577043,0.2770808799,-0.6854616863,-0.5357884621,-0.3259800765,0.1623345232,-0.0772367536,-0.1782395526,-0.4289490863,0.2103366478,-0.3807996612,0.3526429207,0.0968501260,-0.1646994999
0.0032541579,-0.0350703191,0.8085544410,-0.0815120231,-0.0012625511,-0.7429478000,0.6643664370,0.1891447216,0.1165489012,0.1039254781,0.1180249681,-0.0656909512,0.0025991022,0.1775136276,-0.0210198726,-0.1254770000,0.1398950981,0.0028750058,0.0713495619,-0.0285563133,0.0692149468,-0.0349316692,-0.3246887432,0.2693215489,-0.6909342913,-0.5373369902,-0.3262214911,0.1640444826,-0.0803774697,-0.1789094856,-0.4222458662,0.2167167862,-0.3883326801,0.3504865548,0.0979950910,-0.1686423024
0.0023008394,-0.0345426628,0.8087209116,-0.0812032511,-0.0013369043,-0.7422963533,0.6651318430,0.1876746724,0.1174083878,0.1009134837,0.1179506314,-0.0634833591,0.0012050724,0.1771114332,-0.0202304345,-0.1278078000,0.1398892027,0.0030211571,0.0705903704,-0.0256381779,0.0687358312,-0.0361268919,-0.3375456551,0.2612370098,-0.6968658505,-0.5378059667,-0.3268350993,0.1653576909,-0.0830113673,-0.1809934295,-0.4156898912,0.2227443588,-0.3934241103,0.3490784094,0.0980040692,-0.1725996260
0.0012743358,-0.0340636555,0.8088873438,-0.0809430081,-0.0014534512,-0.7416470750,0.6658871775,0.1862865524,0.1182579932,0.0979189547,0.1179164547,-0.0612633529,-0.0001701203,0.1767803483,-0.0194517306,-0.1301119554,0.1399132733,0.0031931772,0.0698377453,-0.0226408444,0.0682353212,-0.0371058291,-0.3507158494,0.2529888694,-0.7027478155,-0.5378850643,-0.3275660886,0.1664826201,-0.0855599465,-0.1835859519,-0.4091743019,0.2285914933,-0.3975970663,0.3479436404,0.0974727031,-0.1763421870
0.0002979920,-0.0339942787,0.8090538506,-0.0804850706,-0.0014541307,-0.7389830781,0.6688976373,0.1835916143,0.1186370777,0.0927641903,0.1178651356,-0.0596321845,-0.0018756578,0.1780245583,-0.0187034813,-0.1331805438,0.1399218469,0.0033185429,0.0696125119,-0.0165219612,0.0651453354,-0.0372818800,-0.3553220852,0.2394720991,-0.7006882945,-0.5408192249,-0.3283168327,0.1663583843,-0.0815898025,-0.1876180308,-0.3970283968,0.2370625752,-0.4019791668,0.3467718032,0.0960405825,-0.1805983387
-0.0005932618,-0.0339803192,0.8092066716,-0.0800845720,-0.0014391829,-0.7362342855,0.6719698408,0.1809291560,0.1191795358,0.0872788298,0.1178702225,-0.0578752620,-0.0037337181,0.1795178547,-0.0181024179,-0.1376804922,0.1398458144,0.0031636390,0.0688021109,-0.0113660932,0.0621518649,-0.0376350802,-0.3591009561,0.2261868572,-0.6980026303,-0.5438093152,-0.3287945843,0.1658976372,-0.0772748003,-0.1914164589,-0.3844295173,0.2466584119,-0.4068780195,0.3450487657,0.0950064344,-0.1852487070
-0.0015763434,-0.0338887302,0.8093603103,-0.0796784478,-0.0014182785,-0.7334379129,0.6750690049,0.1782570583,0.1197085712,0.0816828971,0.1178732774,-0.0561165182,-0.0055946095,0.1810662543,-0.0175156809,-0.1422855974,0.1397361584,0.0029885206,0.0679895937,-0.0066036222,0.0591341195,-0.0380176196,-0.3626421107,0.2130705937,-0.6950658092,-0.5469114717,-0.3291985019,0.1653632958,-0.0729584286,-0.1950890770,-0.3716706127,0.2565777541,-0.4119912979,0.3431502345,0.0941468736,-0.1900703146
-0.0030049241,-0.0344652483,0.8091890780,-0.0806971180,-0.0037184640,-0.7291126702,0.6796093454,0.1799076593,0.1187813572,0.0717830257,0.1216388580,-0.0581231992,-0.0075451756,0.1887544228,-0.0184642638,-0.1494820062,0.1438525294,-0.0031492197,0.0674559682,-0.0020448027,0.0547318277,-0.0339664728,-0.3565399094,0.2028108228,-0.6980350926,-0.5444721324,-0.3278080728,0.1644967970,-0.0698971970,-0.1757842114,-0.3591852615,0.2555169328,-0.3716776626,0.3482577073,0.0975992416,-0.1986897577
-0.0043183951,-0.0343895179,0.8092155846,-0.0803888404,-0.0044965826,-0.7249143099,0.6841174303,0.1777247960,0.1180554045,0.0620299569,0.1216779641,-0.0567504389,-0.0091028237,0.1925765889,-0.0187372306,-0.1565257441,0.1441072215,-0.0053463547,0.0669094223,0.0032121485,0.0513032588,-0.0327891899,-0.3539164766,0.1929591659,-0.6998525010,-0.5407581400,-0.3302356653,0.1630397106,-0.0666433307,-0.1628174127,-0.3500942775,0.2510690631,-0.3220628566,0.3605890327,0.0964498928,-0.2024311212
-0.0054705344,-0.0343063027,0.8092672557,-0.0798725742,-0.0050276159,-0.7207452784,0.6885646945,0.1747208164,0.1173377051,0.0523561574,0.1216684123,-0.0551203838,-0.0105635509,0.1956482905,-0.0189825010,-0.1634628934,0.1440374149,-0.0070731195,0.0663935215,0.0085291886,0.0479799750,-0.0322613404,-0.3517299044,0.1828375052,-0.7012621795,-0.5367359947,-0.3331441571,0.1619611006,-0.0635900434,-0.1515227460,-0.3419247076,0.2460802942,-0.2695715530,0.3740785778,0.0943370569,-0.2042422029
-0.0064276097,-0.0341183369,0.8090534226,-0.0796592713,-0.0050781562,-0.7182825067,0.6911576183,0.1724621991,0.1173915197,0.0430638416,0.1215315886,-0.0551359291,-0.0115747117,0.1972793917,-0.0187756670,-0.1718809551,0.1433861507,-0.0092612516,0.0664380883,0.0170012831,0.0399157212,-0.0300975859,-0.3479994925,0.1801946871,-0.7095527764,-0.5251692556,-0.3328584075,0.1618491255,-0.0624115585,-0.1306248904,-0.3641449024,0.2542683097,-0.1400904211,0.3950500412,0.1065074581,-0.1781434810
-0.0072099083,-0.0338360785,0.8089202921,-0.0795650846,-0.0052573373,-0.7158746205,0.6936607855,0.1702577523,0.1172763465,0.0341765647,0.1217221470,-0.0553587005,-0.0122064247,0.1988461596,-0.0186240496,-0.1793230305,0.1430072505,-0.0110810747,0.0668085344,0.0253625776,0.0324494250,-0.0284963333,-0.3430165366,0.1765446919,-0.7177686195,-0.5131206460,-0.3318098429,0.1612454173,-0.0615194303,-0.1156115030,-0.3877344456,0.2632971029,0.0018243208,0.4141053377,0.1139709192,-0.1426102881
-0.0079458672,-0.0333483887,0.8087032051,-0.0795469045,-0.0054958086,-0.7134695232,0.6961345599,0.1680719117,0.1171350879,0.0253284720,0.1220684498,-0.0555246618,-0.0127672756,0.2004190238,-0.0185090903,-0.1866958509,0.1427322706,-0.0127865749,0.0672104458,0.0335715198,0.0252213380,-0.0266741578,-0.3380177177,0.1726839022,-0.7257474619,-0.5008927636,-0.3305569941,0.1605313650,-0.0607198181,-0.1025723827,-0.4114623322,0.2745698187,0.1469268129,0.4275254198,0.1209529186,-0.1025275815
-0.0092881401,-0.0326252206,0.8085622291,-0.0798012750,-0.0061125351,-0.7123573153,0.6972384447,0.1676024037,0.1179954833,0.0167306043,0.1225069742,-0.0553406443,-0.0132630971,0.2017654626,-0.0173040877,-0.1916505742,0.1426776638,-0.0148125871,0.0670945517,0.0421989743,0.0196554163,-0.0234731844,-0.3347753161,0.1673545446,-0.7366109953,-0.4969815990,-0.3287844596,0.1598601847,-0.0605555530,-0.1038099610,-0.4437162236,0.3137203782,0.2183916319,0.4097313171,0.1265565734,-0.0468470709
-0.0107987152,-0.0320269855,0.8083162344,-0.0801593617,-0.0067806877,-0.7112083454,0.6983632210,0.1674505814,0.1189483507,0.0081314329,0.1227898839,-0.0552729683,-0.0138199715,0.2034902603,-0.0159570418,-0.1965414629,0.1424222175,-0.0169816889,0.0669568971,0.0496465525,0.0150118869,-0.0197111653,-0.3311983519,0.1622241860,-0.7457734579,-0.4947407229,-0.3272385259,0.1602429521,-0.0600608414,-0.1004108889,-0.4747128447,0.3560035223,0.2770848812,0.3860777855,0.1369733553,0.0033049054
-0.0123055465,-0.0314687909,0.8081572720,-0.0805219311,-0.0074774123,-0.7100402252,0.6995020983,0.1674485704,0.1199855551,-0.0005271286,0.1230427143,-0.0552422322,-0.0144959082,0.2054026355,-0.0145167982,-0.2015033504,0.1421168011,-0.0192376390,0.0667250575,0.0569317822,0.0107101444,-0.0160903132,-0.3272235448,0.1570162349,-0.7547453995,-0.4929061409,-0.3257724906,0.1608578405,-0.0594861187,-0.0955960675,-0.5044879575,0.3998178112,0.3316062555,0.3593860143,0.1479638395,0.0508508612
-0.0129855776,-0.0312411837,0.8079936062,-0.0808799170,-0.0079349379,-0.7070674782,0.7024607156,0.1661004060,0.1200613680,-0.0080220682,0.1234615438,-0.0557183255,-0.0157475704,0.2084521887,-0.0139102648,-0.2070099490,0.1419987240,-0.0207880002,0.0661339198,0.0617213619,0.0078611692,-0.0123771320,-0.3203595757,0.1581549785,-0.7584191441,-0.4905819969,-0.3259268402,0.1612485314,-0.0594218663,-0.0913653607,-0.5191527823,0.4202282176,0.3679873048,0.3515547219,0.1499967426,0.0774935432
-0.0136395550,-0.0310166689,0.8078333490,-0.0811991900,-0.0084054852,-0.7040527894,0.7054400819,0.1647498690,0.1201571651,-0.0155003773,0.1238118614,-0.0561951975,-0.0168563901,0.2115000567,-0.0132633268,-0.2124203419,0.1418094395,-0.0221793256,0.0654974972,0.0669715488,0.0045468122,-0.0085633778,-0.3138968562,0.1597340869,-0.7627165332,-0.4881746655,-0.3264560807,0.1614018915,-0.0593397780,-0.0860547230,-0.5335103442,0.4404406933,0.4022076338,0.3440121900,0.1527383692,0.1021612404
-0.0143917738,-0.0307023571,0.8076744240,-0.0815117431,-0.0088807021,-0.7010278746,0.7084044663,0.1634232995,0.1202624251,-0.0229751507,0.1241556025,-0.0566711456,-0.0179756316,0.2145526437,-0.0126070432,-0.2178272458,0.1416173779,-0.0235714303,0.0648513537,0.0723185237,0.0012276674,-0.0047855768,-0.3074060013,0.1612548976,-0.7669195133,-0.4860980587,-0.3270134424,0.1620408065,-0.0593773484,-0.0806713589,-0.5478399491,0.4604986585,0.4355920364,0.3359884715,0.1560720521,0.1267071294
-0.0143523984,-0.0301690197,0.8077106608,-0.0803079073,-0.0073616766,-0.6985088368,0.7110427910,0.1577733182,0.1200951661,-0.0293772250,0.1208377260,-0.0542517304,-0.0182684061,0.2125330422,-0.0117328325,-0.2221255752,0.1380838241,-0.0208984375,0.0643305238,0.0753680311,0.0008694441,-0.0049606674,-0.3111782523,0.1565071903,-0.7601824883,-0.4975977633,-0.3287769979,0.1604374598,-0.0538349832,-0.0766448733,-0.5555943074,0.4667966008,0.4428770504,0.3339995889,0.1579519210,0.1440364273
-0.0146433998,-0.0299446176,0.8075879986,-0.0801886218,-0.0071070958,-0.6957915268,0.7137180293,0.1549831356,0.1199471290,-0.0362228616,0.1208894547,-0.0548072852,-0.0189556003,0.2137596422,-0.0111413035,-0.2267818498,0.1375380947,-0.0213606877,0.0637091056,0.0784323109,-0.0007622751,-0.0029373111,-0.3114428555,0.1538407741,-0.7556485752,-0.5115931842,-0.3287957426,0.1586895289,-0.0474549134,-0.0701061536,-0.5609734352,0.4730421704,0.4492145662,0.3299370201,0.1599462801,0.1600187242
-0.0149830504,-0.0298521376,0.8074413975,-0.0802993181,-0.0071434930,-0.6930145233,0.7164020244,0.1530079842,0.1197689123,-0.0431280225,0.1211748378,-0.0556680384,-0.0196986305,0.2157780871,-0.0106103129,-0.2314942648,0.1373563964,-0.0222348782,0.0630831986,0.0815861923,-0.0026777761,-0.0001410755,-0.3111572011,0.1518342601,-0.7516988211,-0.5266483323,-0.3283966976,0.1571344508,-0.0407336966,-0.0630764106,-0.5659595170,0.4790143804,0.4550396247,0.3253907385,0.1620335574,0.1756589096
-0.0156810073,-0.0295761605,0.8073925333,-0.0802055097,-0.0071378539,-0.6915082980,0.7178665621,0.1513948683,0.1201133587,-0.0483949718,0.1211657321,-0.0559159810,-0.0196185303,0.2162652364,-0.0098642810,-0.2352442171,0.1369825847,-0.0231487729,0.0627222947,0.0832826030,-0.0022223799,0.0006713263,-0.3122506723,0.1557200583,-0.7386888144,-0.5367387637,-0.3261422677,0.1557111592,-0.0295736564,-0.0561486431,-0.5629830092,0.4719198504,0.4494376194,0.3321008514,0.1590325626,0.1789955117
-0.0164352883,-0.0292823205,0.8072643337,-0.0800192151,-0.0070708368,-0.6900930225,0.7192486001,0.1495001116,0.1204435408,-0.0538758737,0.1210944022,-0.0563007445,-0.0199399201,0.2164805066,-0.0091209436,-0.2392408290,0.1367074617,-0.0243286541,0.0621546190,0.0854589565,-0.0021506758,0.0014989307,-0.3141244444,0.1598244852,-0.7258300121,-0.5460649820,-0.3242627240,0.1539179689,-0.0183692667,-0.0484417148,-0.5598135536,0.4649856219,0.4422145092,0.3399579705,0.1562495837,0.1801285211
-0.0171926563,-0.0289926450,0.8071363385,-0.0798081358,-0.0069849157,-0.6886788448,0.7206270334,0.1475405060,0.1207664748,-0.0593583773,0.1210440435,-0.0566943402,-0.0202635022,0.2166029188,-0.0083900478,-0.2432398674,0.1365044213,-0.0255497908,0.0615825312,0.0877633513,-0.0021211830,0.0022703933,-0.3160944989,0.1638828341,-0.7130763718,-0.5551721507,-0.3224241020,0.1519899044,-0.0071992970,-0.0404197016,-0.5566403533,0.4580771984,0.4344118673,0.3480251486,0.1536840795,0.1807049697
-0.0179165645,-0.0288785662,0.8071813270,-0.0793824154,-0.0066709368,-0.6873509937,0.7219435865,0.1453500979,0.1211986496,-0.0632616360,0.1210026429,-0.0564717522,-0.0207555590,0.2162445528,-0.0075508218,-0.2465882028,0.1363486369,-0.0263058046,0.0608379694,0.0861693998,-0.0026676417,0.0026999163,-0.3211437127,0.1637536182,-0.7237839927,-0.5549394246,-0.3226203233,0.1546848157,-0.0123235860,-0.0342731501,-0.5537419689,0.4561455238,0.4284528053,0.3521030106,0.1546546182,0.1837654662
-0.0186409401,-0.0287821261,0.8071423893,-0.0788995372,-0.0063383765,-0.6860696367,0.7232172161,0.1429881296,0.1215872909,-0.0672845261,0.1209025182,-0.0562114384,-0.0212646257,0.2157156778,-0.0067603406,-0.2495501883,0.1361944886,-0.0268918016,0.0601605835,0.0855572493,-0.0035375261,0.0025349182,-0.3263433961,0.1627103414,-0.7354313991,-0.5540849785,-0.3219629860,0.1576653032,-0.0189103603,-0.0275007240,-0.5505047711,0.4528742473,0.4227548150,0.3557158295,0.1559617410,0.1871570390
-0.0193540780,-0.0286892827,0.8071049265,-0.0783874678,-0.0059724328,-0.6848066935,0.7244718956,0.1405453121,0.1219666196,-0.0712597596,0.1208056520,-0.0559516992,-0.0217582243,0.2150810976,-0.0059829223,-0.2524604166,0.1360473816,-0.0274659197,0.0594979686,0.0853214455,-0.0044536557,0.0022123103,-0.3315972438,0.1612957082,-0.7472330549,-0.5532189303,-0.3210613521,0.1609712022,-0.0258616434,-0.0205146779,-0.5472894381,0.4489598182,0.4168761677,0.3591224707,0.1576329326,0.1909858734
-0.0196911306,-0.0284643354,0.8071432184,-0.0780600828,-0.0056701293,-0.6845946583,0.7247100296,0.1389966096,0.1220902410,-0.0730641033,0.1207220941,-0.0556719533,-0.0219455508,0.2138980490,-0.0057096939,-0.2532524679,0.1359660677,-0.0279996548,0.0589170422,0.0842778228,-0.0033159599,0.0014680763,-0.3344769245,0.1641332705,-0.7537742254,-0.5511387457,-0.3203128273,0.1628383556,-0.0302858281,-0.0141195967,-0.5487799647,0.4433053209,0.4112147462,0.3620303398,0.1587616995,0.1973931478
-0.0198994692,-0.0282310740,0.8070975925,-0.0777000825,-0.0053872275,-0.6844347236,0.7249019135,0.1374983386,0.1222108822,-0.0741843978,0.1206021645,-0.0552588250,-0.0219687503,0.2126748407,-0.0053977515,-0.2529197698,0.1359111763,-0.0282002620,0.0585886425,0.0827909661,-0.0021084556,0.0007039095,-0.3372068638,0.1670928816,-0.7597514124,-0.5491551476,-0.3198564570,0.1643556478,-0.0346095469,-0.0083201607,-0.5506178962,0.4380578286,0.4060174295,0.3649697995,0.1595729806,0.2045243713
-0.0201919596,-0.0280786990,0.8071398030,-0.0773481476,-0.0051087580,-0.6842865080,0.7250814710,0.1360269705,0.1223381475,-0.0752664371,0.1204650832,-0.0548356412,-0.0219882788,0.2114580204,-0.0050809626,-0.2525483583,0.1358477319,-0.0283805971,0.0582602639,0.0811873681,-0.0008724026,-0.0000478582,-0.3399035281,0.1700973627,-0.7655652287,-0.5471886082,-0.3194368611,0.1658227211,-0.0389430670,-0.0027613438,-0.5524375429,0.4329741543,0.4010742142,0.3679348088,0.1602467577,0.2118033290
-0.0195476011,-0.0282740598,0.8072399580,-0.0770142526,-0.0047607911,-0.6837727293,0.7256038826,0.1348459596,0.1211254352,-0.0756662654,0.1204865255,-0.0543061126,-0.0214248189,0.2108804264,-0.0059463684,-0.2521213406,0.1358792895,-0.0277193119,0.0583853465,0.0814487929,-0.0001442144,-0.0012916358,-0.3417647586,0.1707946166,-0.7609337640,-0.5510915968,-0.3194906053,0.1650080100,-0.0360026878,0.0027100183,-0.5523205327,0.4268469107,0.3963672494,0.3686368843,0.1615836850,0.2163622283
-0.0189750621,-0.0284468336,0.8073459754,-0.0766885087,-0.0044513584,-0.6832717678,0.7261120776,0.1337861033,0.1199841371,-0.0755092046,0.1204579500,-0.0536687943,-0.0207815980,0.2104192179,-0.0069001075,-0.2517389368,0.1358898374,-0.0269967407,0.0585506867,0.0811631082,0.0006732032,-0.0024110102,-0.3436880806,0.1716211453,-0.7556948951,-0.5551746089,-0.3199811085,0.1641991905,-0.0323601837,0.0077702759,-0.5522305640,0.4212528930,0.3914970940,0.3689971748,0.1631829486,0.2205649081
-0.0183169063,-0.0285270815,0.8073644762,-0.0763776726,-0.0041583305,-0.6827659158,0.7266222290,0.1327769442,0.1188412217,-0.0753571266,0.1204090008,-0.0530183464,-0.0201422300,0.2100041481,-0.0078529081,-0.2513613509,0.1358904828,-0.0262684136,0.0587135813,0.0807100783,0.0015025200,-0.0034616569,-0.3456114728,0.1725433109,-0.7503019906,-0.5593371353,-0.3205660403,0.1634292191,-0.0286031871,0.0126662947,-0.5521122005,0.4158607532,0.3866055415,0.3693448346,0.1648619903,0.2246815652
-0.0176325763,-0.0285363225,0.8074720916,-0.0761766864,-0.0038844181,-0.6832842029,0.7261575048,0.1322878235,0.1182270993,-0.0734615579,0.1203190982,-0.0531956503,-0.0190559613,0.2088098652,-0.0083864867,-0.2483461240,0.1358267462,-0.0246543626,0.0594107310,0.0816831723,0.0022689719,-0.0047190025,-0.3508592657,0.1778668314,-0.7463305185,-0.5777567845,-0.3216838361,0.1611324037,-0.0336122080,0.0157087265,-0.5553382578,0.4154281287,0.3814733562,0.3678358614,0.1669686746,0.2332452500
-0.0168993572,-0.0285633579,0.8074853316,-0.0760281378,-0.0035226495,-0.6838868704,0.7256073744,0.1319001179,0.1178166802,-0.0710161453,0.1202167461,-0.0533944667,-0.0177191193,0.2075036187,-0.0088252449,-0.2452960773,0.1357469732,-0.0234640347,0.0599628747,0.0824392827,0.0033199694,-0.0058092777,-0.3549980256,0.1846645020,-0.7419523067,-0.5989506436,-0.3226721401,0.1599046378,-0.0386849426,0.0181219570,-0.5587587269,0.4153349356,0.3765765354,0.3662422009,0.1690949219,0.2424349214
-0.0162677279,-0.0286008208,0.8074976656,-0.0758790461,-0.0031609769,-0.6844960877,0.7250499876,0.1315386864,0.1174333293,-0.0685531091,0.1201012383,-0.0536101398,-0.0164074697,0.2061956375,-0.0092418970,-0.2422315446,0.1356918565,-0.0223042602,0.0604963252,0.0829836173,0.0043666492,-0.0068952560,-0.3587340739,0.1919278426,-0.7375328416,-0.6210307393,-0.3235468252,0.1591482653,-0.0435455746,0.0202962994,-0.5621613124,0.4154663132,0.3718405310,0.3646285838,0.1711788740,0.2517531010
-0.0153785133,-0.0286963945,0.8074745255,-0.0758099277,-0.0026474991,-0.6845386934,0.7250190500,0.1309838307,0.1166037761,-0.0686429908,0.1199558264,-0.0543936122,-0.0155614444,0.2057575943,-0.0098552136,-0.2419686319,0.1356491394,-0.0228276372,0.0610035606,0.0817340132,0.0078959457,-0.0085635491,-0.3649863878,0.2165832744,-0.7483830445,-0.6173683751,-0.3251077978,0.1636556872,-0.0545478965,0.0209179982,-0.5729235413,0.4177836235,0.3748932802,0.3593933247,0.1751808601,0.2604528187
-0.0146129015,-0.0287612230,0.8073650422,-0.0757182709,-0.0022874764,-0.6844185195,0.7251432969,0.1303670144,0.1158382295,-0.0677550667,0.1198877268,-0.0555539065,-0.0138838305,0.2051511864,-0.0104417604,-0.2402408063,0.1357143951,-0.0225789412,0.0617656142,0.0804364909,0.0105790468,-0.0101630080,-0.3721733797,0.2409978844,-0.7595008425,-0.6115618538,-0.3268414156,0.1669758903,-0.0665443650,0.0209640006,-0.5827292168,0.4196013474,0.3793862389,0.3538647210,0.1789683316,0.2700955998
-0.0138565137,-0.0288042255,0.8072559117,-0.0756451182,-0.0019527203,-0.6843122677,0.7252521791,0.1297853377,0.1150774807,-0.0668284077,0.1198509196,-0.0567144169,-0.0122205262,0.2045597518,-0.0110250041,-0.2384712650,0.1358019530,-0.0223121482,0.0625054978,0.0792669073,0.0131755368,-0.0116801543,-0.3797995796,0.2652839566,-0.7708783030,-0.6048776180,-0.3285181850,0.1694822684,-0.0787757905,0.0209143970,-0.5922115456,0.4215328884,0.3845219128,0.3481643973,0.1821669757,0.2797088060
-0.0139070197,-0.0294190468,0.8069520530,-0.0771635471,-0.0030278983,-0.6840600764,0.7253264304,0.1329764067,0.1158190130,-0.0668579555,0.1236723967,-0.0624062888,-0.0120984733,0.2081198682,-0.0106758212,-0.2393651249,0.1397037011,-0.0259928363,0.0613830273,0.0778348065,0.0150879886,-0.0081262490,-0.3643679085,0.3054447395,-0.7834016062,-0.5446879406,-0.3252079911,0.1761893575,-0.0981147281,0.0218630619,-0.5935352087,0.4272003792,0.3896564967,0.3398731034,0.1833115049,0.2900374351
-0.0135199500,-0.0295702722,0.8067278974,-0.0773912169,-0.0025360880,-0.6838858188,0.7254683692,0.1327011402,0.1164267839,-0.0669461441,0.1237087954,-0.0649047726,-0.0113746408,0.2080317087,-0.0099970375,-0.2390460147,0.1399072258,-0.0263049681,0.0614857849,0.0764023369,0.0183718901,-0.0078239469,-0.3534120308,0.3415934029,-0.7936054819,-0.4778934983,-0.3224068024,0.1803843837,-0.1192671867,0.0227718844,-0.5983183320,0.4322874039,0.3924024343,0.3341772331,0.1855002647,0.3007107273
-0.0130752129,-0.0297962562,0.8066032056,-0.0774395321,-0.0017981028,-0.6837493545,0.7255940366,0.1317416298,0.1170462351,-0.0669957945,0.1236974599,-0.0672710482,-0.0105819114,0.2073149880,-0.0092839128,-0.2386744335,0.1398775527,-0.0263506701,0.0616301132,0.0751491547,0.0218330078,-0.0082466555,-0.3429258658,0.3768474670,-0.8036721972,-0.4095811055,-0.3178835501,0.1837453133,-0.1411643837,0.0240031463,-0.6035046395,0.4372819058,0.3947298096,0.3287711218,0.1879201271,0.3113025885
-0.0135817523,-0.0298299178,0.8063925620,-0.0772574669,-0.0013118156,-0.6838518724,0.7255178699,0.1305648457,0.1182118988,-0.0674182361,0.1235071978,-0.0691943919,-0.0100483616,0.2060023879,-0.0079577747,-0.2379871544,0.1398494340,-0.0277526128,0.0611983072,0.0732029129,0.0262603207,-0.0091289163,-0.3304360685,0.4160594595,-0.8060610075,-0.2904334350,-0.3008250962,0.1911726336,-0.1646227019,0.0258292270,-0.6044641552,0.4361253025,0.3961898268,0.3250767309,0.1884858143,0.3136040014
-0.0140091245,-0.0297018920,0.8061770687,-0.0771533860,-0.0008894180,-0.6839260246,0.7254596866,0.1294282901,0.1192571732,-0.0678801995,0.1235457053,-0.0711824141,-0.0093724370,0.2047663616,-0.0067771658,-0.2371652535,0.1400972886,-0.0291979244,0.0608973288,0.0712170030,0.0303909203,-0.0098213267,-0.3195036852,0.4531757642,-0.8091927116,-0.1654678377,-0.2784022911,0.1938893053,-0.1893975009,0.0275596258,-0.6049713844,0.4352120714,0.3978301521,0.3214235686,0.1889243317,0.3153508143
-0.0142924789,-0.0296604122,0.8059560112,-0.0770730526,-0.0004752815,-0.6840039107,0.7253951811,0.1283237698,0.1202480400,-0.0683077788,0.1236546066,-0.0732189020,-0.0086104318,0.2035659390,-0.0056542373,-0.2363001079,0.1403761382,-0.0306433580,0.0606818743,0.0692451555,0.0343446634,-0.0103398513,-0.3087896134,0.4901399590,-0.8135305680,-0.0395110149,-0.2518712791,0.1941921372,-0.2124513348,0.0292314351,-0.6053620110,0.4342486863,0.3994461625,0.3178161181,0.1893225942,0.3170834088
-0.0140705897,-0.0290883883,0.8055463165,-0.0775906075,-0.0001984100,-0.6842878028,0.7250723145,0.1278767569,0.1212359215,-0.0663870623,0.1241430940,-0.0764707098,-0.0079592422,0.2026803768,-0.0048189761,-0.2344360802,0.1409469672,-0.0316487807,0.0602547602,0.0668882184,0.0378657603,-0.0094343722,-0.3038539844,0.5179318790,-0.8458549403,0.0109753316,-0.2225513808,0.1903460807,-0.2447091436,0.0254232723,-0.6072735085,0.4469373605,0.4060022682,0.3092356988,0.1919114214,0.3245238000
-0.0137797290,-0.0286393031,0.8051469201,-0.0780656494,0.0001326691,-0.6846415625,0.7246872896,0.1274484599,0.1223374237,-0.0645150776,0.1244690213,-0.0802339480,-0.0071435845,0.2017669299,-0.0036969722,-0.2318275407,0.1412608527,-0.0333596380,0.0601345653,0.0647274046,0.0410579092,-0.0085919644,-0.2969361447,0.5485974658,-0.8796785346,0.0534151066,-0.1933555485,0.1905933020,-0.2729423071,0.0217590839,-0.6089060968,0.4591654774,0.4126721547,0.3005300112,0.1943486062,0.3323537043
-0.0134571724,-0.0282964132,0.8047451632,-0.0785337013,0.0004741759,-0.6850022723,0.7242956026,0.1270196465,0.1233987473,-0.0626206863,0.1248409807,-0.0840537750,-0.0062754134,0.2008591397,-0.0026104973,-0.2291849336,0.1415704527,-0.0350793999,0.0600604611,0.0625141392,0.0439688541,-0.0078422929,-0.2898390075,0.5795398971,-0.9143119110,0.0945259068,-0.1634799135,0.1908365617,-0.2995354014,0.0181354627,-0.6102362557,0.4714636342,0.4193613046,0.2917509440,0.1966735083,0.3402040416
-0.0129206050,-0.0278283590,0.8042584574,-0.0777724208,0.0025131869,-0.6859924703,0.7234358750,0.1239292859,0.1247322338,-0.0612653592,0.1213044857,-0.0867868430,-0.0042869365,0.1966215281,-0.0012823731,-0.2267858123,0.1383330109,-0.0341962238,0.0614344940,0.0621846845,0.0480924401,-0.0095841451,-0.2826453063,0.5951655048,-0.9305515305,0.1252582576,-0.1437687418,0.1966827717,-0.3131423548,0.0153537063,-0.6102161783,0.4739234590,0.4230081525,0.2903893492,0.1993163697,0.3434560039
-0.0124741762,-0.0276336574,0.8037466431,-0.0780327387,0.0033625540,-0.6869538590,0.7224915089,0.1231380395,0.1261245855,-0.0594294948,0.1213565446,-0.0924507355,-0.0027588112,0.1947602919,0.0000427512,-0.2233387796,0.1380621366,-0.0364782958,0.0630526165,0.0610134723,0.0514603748,-0.0091982872,-0.2736560326,0.6092475186,-0.9460734962,0.1602276681,-0.1199064628,0.1997582069,-0.3274322599,0.0118560396,-0.6076361949,0.4782910899,0.4291247453,0.2876868175,0.2009958357,0.3458014780
-0.0120144839,-0.0274050069,0.8031340154,-0.0785163204,0.0039514238,-0.6878885631,0.7215461859,0.1229635688,0.1274376570,-0.0576079949,0.1217388452,-0.0983504601,-0.0011855638,0.1934778028,0.0012633508,-0.2198743022,0.1381867215,-0.0390211395,0.0647112268,0.0594044806,0.0547726436,-0.0079813707,-0.2644752918,0.6228030249,-0.9612870841,0.1963965463,-0.0949284120,0.2014551637,-0.3414082782,0.0076263598,-0.6047012659,0.4831428597,0.4359643379,0.2847918716,0.2022909104,0.3481099678
-0.0120838936,-0.0271845471,0.8027366454,-0.0782438956,0.0039190302,-0.6893329014,0.7201962823,0.1183887897,0.1272490249,-0.0547812978,0.1312341201,-0.1040547718,-0.0003389578,0.1920845843,0.0011853225,-0.2150514983,0.1375343997,-0.0424755743,0.0672176214,0.0588930950,0.0563215266,-0.0051839916,-0.2490110257,0.6270222496,-0.9648712443,0.2112900612,-0.0925626797,0.2000373706,-0.3548420938,0.0023234090,-0.6001382166,0.4858015328,0.4421814520,0.2845823586,0.2004501300,0.3438029905
-0.0121473197,-0.0270717004,0.8023385121,-0.0778858008,0.0040649416,-0.6908008917,0.7188264091,0.1129382153,0.1271654798,-0.0518995987,0.1417621399,-0.1101153742,0.0004419544,0.1902417322,0.0012073413,-0.2103999029,0.1369766708,-0.0458080324,0.0684780753,0.0576590790,0.0582733610,-0.0026890285,-0.2327163847,0.6327141187,-0.9675990011,0.2235688036,-0.0925128755,0.1999697784,-0.3675776293,-0.0036306205,-0.5960060114,0.4895689135,0.4483526192,0.2849008881,0.1983716983,0.3387781686
-0.0122341835,-0.0268851189,0.8019470588,-0.0774667276,0.0042604851,-0.6922660721,0.7174597130,0.1071945571,0.1270773559,-0.0490331019,0.1525622720,-0.1163159714,0.0012121073,0.1882406905,0.0012393616,-0.2057758486,0.1364365098,-0.0491574071,0.0696977250,0.0560928995,0.0601657524,-0.0003435343,-0.2159741745,0.6389341418,-0.9698279671,0.2350494398,-0.0927781027,0.2004232591,-0.3801082369,-0.0098227705,-0.5918261067,0.4937370734,0.4545663689,0.2853681732,0.1962841686,0.3336103966
-0.0121022091,-0.0264988799,0.8016682871,-0.0771184090,0.0040672636,-0.6931900923,0.7166056825,0.1025643900,0.1261727007,-0.0465139263,0.1611348442,-0.1197943110,0.0019968714,0.1868912542,0.0003681924,-0.2022411002,0.1362556429,-0.0516003320,0.0701367441,0.0534448526,0.0608461927,0.0012282563,-0.2069519764,0.6416135892,-0.9724582244,0.2499838699,-0.0853529966,0.2017454860,-0.3911139791,-0.0158195321,-0.5906542057,0.4951792898,0.4606339139,0.2867124443,0.1945450261,0.3292190962
-0.0120060233,-0.0259675928,0.8014909323,-0.0768353560,0.0037682144,-0.6940591740,0.7157960545,0.0983281680,0.1251641305,-0.0440207864,0.1692718358,-0.1227929683,0.0028882788,0.1857047373,-0.0005826095,-0.1985720918,0.1361094577,-0.0538621622,0.0712364253,0.0513358331,0.0616925690,0.0032176656,-0.1989839266,0.6430483456,-0.9756114147,0.2662029439,-0.0770965890,0.2028818482,-0.4022191825,-0.0214876829,-0.5898471504,0.4957216025,0.4666864206,0.2881258780,0.1927534987,0.3251220734
-0.0118084725,-0.0255098050,0.8012295760,-0.0765825123,0.0034239456,-0.6949301516,0.7149793562,0.0942236557,0.1241024294,-0.0414870496,0.1773638755,-0.1257671758,0.0038193039,0.1846315534,-0.0015770810,-0.1948765874,0.1359397728,-0.0561001530,0.0723596493,0.0494857528,0.0625785495,0.0053432101,-0.1913591593,0.6441000936,-0.9790105431,0.2828977230,-0.0686776535,0.2037982190,-0.4133028407,-0.0269728460,-0.5891381880,0.4959176313,0.4726778826,0.2895103558,0.1909473345,0.3211011224
-0.0110552554,-0.0254627336,0.8010475664,-0.0759858626,0.0039098350,-0.6959312742,0.7140661898,0.0915641029,0.1229667078,-0.0386943455,0.1801293667,-0.1277396421,0.0050302122,0.1820402809,-0.0028689425,-0.1918100513,0.1357075327,-0.0568595608,0.0736653846,0.0487796978,0.0635485154,0.0062362816,-0.1855751045,0.6377308307,-0.9787257240,0.2973493310,-0.0709120140,0.2026626365,-0.4185930187,-0.0365853059,-0.5872506206,0.5007006709,0.4897699373,0.2901836968,0.1892110014,0.3130736734
-0.0102970770,-0.0252614069,0.8009839766,-0.0752655507,0.0043505029,-0.6969546541,0.7131412063,0.0889848225,0.1216324455,-0.0357765846,0.1823708685,-0.1288731575,0.0061680620,0.1793976904,-0.0044108586,-0.1889940967,0.1355002363,-0.0573244721,0.0749637446,0.0475343879,0.0645589675,0.0070815333,-0.1799298387,0.6309753886,-0.9781622295,0.3122988472,-0.0743926276,0.2016256570,-0.4231488889,-0.0481788577,-0.5850866398,0.5064603839,0.5089156164,0.2909736225,0.1869587436,0.3053383211
-0.0094546588,-0.0251267943,0.8009229950,-0.0745490628,0.0047707912,-0.6979665616,0.7122235293,0.0864542316,0.1202735499,-0.0328725714,0.1845084666,-0.1299168191,0.0073137780,0.1767545445,-0.0059776161,-0.1861995770,0.1353176236,-0.0577776678,0.0762587182,0.0460108261,0.0655528830,0.0080013371,-0.1742181227,0.6242597922,-0.9773659267,0.3273468685,-0.0780215416,0.2005773181,-0.4276095844,-0.0603554252,-0.5827280832,0.5125543645,0.5287334521,0.2917528298,0.1844176711,0.2977652085
-0.0090305243,-0.0248642936,0.8009943610,-0.0740692711,0.0054823689,-0.6986106123,0.7116367747,0.0854072781,0.1202465854,-0.0310747672,0.1826933297,-0.1289978586,0.0078991053,0.1738302148,-0.0059160092,-0.1832727856,0.1354553521,-0.0570524982,0.0762979291,0.0434657826,0.0664319215,0.0081171316,-0.1720883144,0.6219316477,-0.9760917042,0.3287081358,-0.0776214538,0.1985933157,-0.4334454508,-0.0666165064,-0.5822599020,0.5151540335,0.5319401068,0.2923861282,0.1816311128,0.2988389286
-0.0086533967,-0.0246975290,0.8011622616,-0.0734853638,0.0061540660,-0.6992633747,0.7110504635,0.0845920433,0.1201093295,-0.0289727623,0.1803929671,-0.1274151934,0.0083541522,0.1711368195,-0.0061645717,-0.1811373306,0.1354231179,-0.0558131208,0.0758018053,0.0416273214,0.0669418578,0.0082130512,-0.1698039238,0.6211261828,-0.9753386118,0.3272613153,-0.0772706851,0.1980164180,-0.4394488265,-0.0705484923,-0.5825719218,0.5162646694,0.5317767419,0.2926730742,0.1802109739,0.3002035622
-0.0081980465,-0.0245654914,0.8012428675,-0.0728748953,0.0068283129,-0.6999165324,0.7104642647,0.0838529863,0.1199560411,-0.0268562949,0.1779458262,-0.1257981796,0.0087977065,0.1684835159,-0.0064268968,-0.1789960720,0.1353235088,-0.0545893262,0.0753072826,0.0401220650,0.0673586234,0.0082242563,-0.1675751218,0.6207074403,-0.9749631031,0.3249963316,-0.0770709965,0.1980063664,-0.4453955630,-0.0736655469,-0.5830529025,0.5168638565,0.5305697422,0.2928732753,0.1793311783,0.3014203206
-0.0079794942,-0.0242393552,0.8015531702,-0.0727495846,0.0076718652,-0.7004938941,0.7098992497,0.0845172927,0.1211652017,-0.0246717962,0.1730074119,-0.1224574327,0.0088253320,0.1656991867,-0.0054332013,-0.1769274229,0.1357254822,-0.0509444111,0.0756382222,0.0377769550,0.0680458572,0.0075614914,-0.1663370307,0.6178742935,-0.9785680941,0.3293225655,-0.0757993984,0.1983421481,-0.4504196868,-0.0797341629,-0.5827620753,0.5132605556,0.5249049189,0.2963094645,0.1766594991,0.2989125094
-0.0077844441,-0.0239471104,0.8018264313,-0.0724528496,0.0082910585,-0.7011212127,0.7093031003,0.0853391924,0.1217602304,-0.0223045897,0.1679138680,-0.1191553497,0.0087524904,0.1631890392,-0.0049044502,-0.1743838427,0.1357301429,-0.0483218647,0.0745079109,0.0361678968,0.0682729662,0.0069421087,-0.1661559192,0.6142395275,-0.9827719263,0.3349510725,-0.0744416921,0.1981379926,-0.4553701109,-0.0856928263,-0.5824458058,0.5092736007,0.5190189458,0.3001269918,0.1739575255,0.2959054997
-0.0075850795,-0.0235597737,0.8021011318,-0.0721716996,0.0088795488,-0.7017546035,0.7086980146,0.0862493669,0.1223296017,-0.0198965034,0.1627882377,-0.1158420519,0.0086867023,0.1607185059,-0.0044113705,-0.1718103372,0.1357793168,-0.0457146626,0.0733922202,0.0348007543,0.0684860712,0.0064012901,-0.1662694167,0.6103686411,-0.9872298910,0.3410165663,-0.0730747842,0.1976990038,-0.4603392939,-0.0914789679,-0.5821552347,0.5050704763,0.5130450667,0.3039690324,0.1712654930,0.2927992408
-0.0073186339,-0.0233515593,0.8022864027,-0.0719721868,0.0092157821,-0.7023259057,0.7081478630,0.0883311907,0.1223824485,-0.0185505765,0.1567314248,-0.1128732674,0.0086672634,0.1589857385,-0.0045276880,-0.1704123603,0.1359880638,-0.0438732019,0.0751419462,0.0332062997,0.0695720768,0.0051841033,-0.1651411401,0.6060042112,-0.9853395018,0.3471601195,-0.0728454356,0.1974798059,-0.4593904566,-0.0953411039,-0.5825086878,0.4918066922,0.5011187570,0.3122529151,0.1668306588,0.2842841361
-0.0070409661,-0.0230689223,0.8024593350,-0.0717532866,0.0094380556,-0.7028818639,0.7076153435,0.0906458973,0.1221746705,-0.0171923173,0.1506170530,-0.1098057792,0.0086766980,0.1574378204,-0.0048650087,-0.1691833780,0.1361931216,-0.0423486028,0.0754878216,0.0318339328,0.0705173420,0.0041525688,-0.1640859822,0.6013136989,-0.9836744647,0.3534008210,-0.0726418110,0.1971805716,-0.4579024564,-0.0984533033,-0.5832404923,0.4782999782,0.4880813317,0.3208303259,0.1624807734,0.2749864943
-0.0067646314,-0.0228760729,0.8026338019,-0.0715444948,0.0096360626,-0.7034359783,0.7070829909,0.0930187486,0.1219460077,-0.0158222875,0.1445013119,-0.1067455119,0.0086855452,0.1559429098,-0.0052236445,-0.1679545807,0.1364120906,-0.0408457019,0.0758376353,0.0305641901,0.0714693571,0.0031540572,-0.1631205978,0.5965542631,-0.9821599114,0.3597033957,-0.0724684432,0.1968572943,-0.4563370034,-0.1012871857,-0.5840135600,0.4647259138,0.4746735071,0.3293447330,0.1581850453,0.2654364389
-0.0061839942,-0.0228074579,0.8028986627,-0.0718209049,0.0101228694,-0.7038304262,0.7066555146,0.0953690572,0.1226731270,-0.0144357702,0.1395514167,-0.1039435003,0.0084400960,0.1548644655,-0.0041852793,-0.1642395843,0.1369544896,-0.0365071427,0.0744462624,0.0285407335,0.0733037600,0.0015230805,-0.1612046653,0.5919020377,-0.9791149649,0.3650778500,-0.0742316427,0.1961785438,-0.4566917875,-0.1061574872,-0.5793192792,0.4445794397,0.4536252234,0.3400573307,0.1514535999,0.2451194468
-0.0057859417,-0.0228010625,0.8031726435,-0.0719689414,0.0104985930,-0.7042645895,0.7062022649,0.0975582125,0.1231949740,-0.0127831380,0.1349476300,-0.1013670718,0.0082209991,0.1540232759,-0.0034793949,-0.1607190267,0.1370300583,-0.0332868551,0.0746797604,0.0268610935,0.0744992455,0.0000881753,-0.1596691095,0.5877124151,-0.9762189593,0.3702744259,-0.0761353937,0.1954766053,-0.4573537765,-0.1104125398,-0.5741163922,0.4244763817,0.4314605266,0.3504856627,0.1448479311,0.2230027192
-0.0054046795,-0.0227073854,0.8033600867,-0.0721170966,0.0108527611,-0.7046955860,0.7057517078,0.0997619819,0.1237020735,-0.0111354363,0.1303933272,-0.0988210713,0.0079791522,0.1532042791,-0.0027902790,-0.1572148660,0.1371511258,-0.0300972631,0.0749063891,0.0252302126,0.0756294959,-0.0013296274,-0.1581997413,0.5836245981,-0.9734060584,0.3754057272,-0.0780973739,0.1947960113,-0.4580631791,-0.1143350404,-0.5687078389,0.4043310265,0.4088285799,0.3604286930,0.1381982492,0.2004524046
-0.0049978628,-0.0227005057,0.8035465343,-0.0722617852,0.0106034716,-0.7054586006,0.7049779881,0.1023515977,0.1230099535,-0.0095081960,0.1272372862,-0.0969839761,0.0081812259,0.1533325770,-0.0036717419,-0.1570340188,0.1370841747,-0.0299219077,0.0737164336,0.0238410152,0.0766090495,-0.0028301672,-0.1559035376,0.5789778400,-0.9747589054,0.3824031881,-0.0783532202,0.1944140458,-0.4578808333,-0.1233098258,-0.5612696171,0.3875201947,0.3746493651,0.3691506851,0.1307063382,0.1787863679
-0.0046621384,-0.0227171173,0.8037169893,-0.0725027638,0.0103652218,-0.7060911502,0.7043232206,0.1051818403,0.1226212073,-0.0081052471,0.1241835764,-0.0947518126,0.0083500107,0.1534936680,-0.0039739570,-0.1546239857,0.1374826632,-0.0281194447,0.0741733420,0.0219663052,0.0778767669,-0.0040744200,-0.1535235864,0.5742099454,-0.9759833818,0.3895326828,-0.0784830250,0.1939618779,-0.4574221314,-0.1316771383,-0.5536914725,0.3710348587,0.3387996083,0.3771440261,0.1239929135,0.1562812668
-0.0043319385,-0.0227334852,0.8038885810,-0.0727619737,0.0101163587,-0.7067335161,0.7036555206,0.1080715111,0.1222566385,-0.0066628416,0.1211325043,-0.0925356579,0.0085030918,0.1537434168,-0.0042463888,-0.1521887694,0.1377784456,-0.0262623194,0.0746213939,0.0200805123,0.0792359484,-0.0052810879,-0.1510861391,0.5693692617,-0.9771409155,0.3966957801,-0.0785801144,0.1934700773,-0.4569381272,-0.1398033305,-0.5459911825,0.3547401471,0.3022901426,0.3844176305,0.1174413897,0.1333756091
-0.0040113975,-0.0227844150,0.8039685617,-0.0748735992,0.0079655142,-0.7073319697,0.7028598575,0.1141758396,0.1221216973,-0.0040622462,0.1243223351,-0.0943980574,0.0079208956,0.1580539378,-0.0049755767,-0.1511894930,0.1424024397,-0.0276047586,0.0726237317,0.0200754972,0.0808880139,-0.0028677771,-0.1514655144,0.5575908699,-0.9808673144,0.4100370547,-0.0747328946,0.1904529790,-0.4555456486,-0.1565628441,-0.5230318738,0.3355538291,0.2222331557,0.3842119425,0.1056319090,0.0819184775
-0.0038159786,-0.0226058638,0.8040594132,-0.0757179415,0.0071030429,-0.7079484542,0.7021576222,0.1172204713,0.1220081917,-0.0017801513,0.1242934965,-0.0935503801,0.0072753538,0.1597198888,-0.0051928093,-0.1492225395,0.1431408423,-0.0264951517,0.0724266931,0.0195939120,0.0830330594,-0.0036307950,-0.1518702618,0.5481752235,-0.9843916211,0.4193179567,-0.0729302333,0.1887220174,-0.4541529242,-0.1741905550,-0.5006841209,0.3161939293,0.1407405991,0.3822083994,0.0961627170,0.0318794357
-0.0036460936,-0.0224444807,0.8042495661,-0.0763539676,0.0064610554,-0.7085863237,0.7014511732,0.1196455152,0.1219506682,0.0004914850,0.1241527173,-0.0925656866,0.0065839114,0.1608293432,-0.0053314214,-0.1472715918,0.1436310822,-0.0251891418,0.0721758060,0.0190484935,0.0853266092,-0.0051862324,-0.1519876581,0.5391058285,-0.9876728137,0.4274535075,-0.0713417085,0.1879490806,-0.4530273649,-0.1913898048,-0.4776899069,0.2967005594,0.0586126883,0.3769824660,0.0875459708,-0.0171182013
-0.0035536950,-0.0223837029,0.8043652891,-0.0768216403,0.0056305621,-0.7091807916,0.7008062052,0.1221504766,0.1215106895,0.0023456802,0.1241016098,-0.0915909488,0.0064746654,0.1622105603,-0.0059419096,-0.1445186958,0.1440950199,-0.0247122677,0.0718972810,0.0176252759,0.0869697328,-0.0075515431,-0.1501569610,0.5357839199,-0.9896500447,0.4339546792,-0.0699920089,0.1870500618,-0.4507905032,-0.2166432870,-0.4701952254,0.2750944810,-0.0117334178,0.3643174727,0.0855890305,-0.0589729100
-0.0035123927,-0.0222371399,0.8043949228,-0.0773614975,0.0047692523,-0.7097806368,0.7001456282,0.1246674634,0.1210374281,0.0040631668,0.1241320255,-0.0906172568,0.0063640217,0.1635058782,-0.0065215541,-0.1420968625,0.1446503461,-0.0244382836,0.0716261584,0.0158189938,0.0889556262,-0.0096028058,-0.1480697956,0.5325096048,-0.9911360808,0.4398744572,-0.0687791066,0.1864524261,-0.4484458349,-0.2436847898,-0.4628686442,0.2535082285,-0.0794263592,0.3503138614,0.0834809695,-0.0982485147
-0.0034566984,-0.0219756925,0.8045090590,-0.0779351423,0.0038785306,-0.7103729120,0.6994865235,0.1272217776,0.1205471768,0.0057643041,0.1242133138,-0.0896445049,0.0062750041,0.1648445834,-0.0071195442,-0.1396779691,0.1452536973,-0.0241590996,0.0713686671,0.0138218528,0.0910312062,-0.0115307646,-0.1458839810,0.5292353103,-0.9924318963,0.4456706172,-0.0675871150,0.1859386137,-0.4460846438,-0.2710636975,-0.4555211010,0.2319592501,-0.1464718112,0.3347527178,0.0816679015,-0.1360821461
-0.0031951457,-0.0223342910,0.8044630545,-0.0784796182,0.0032189562,-0.7108495173,0.6989445984,0.1301289821,0.1202765206,0.0078614940,0.1241679850,-0.0900553193,0.0061258412,0.1666663271,-0.0067960068,-0.1348179284,0.1457458407,-0.0235920833,0.0723466038,0.0117404737,0.0937660924,-0.0129581708,-0.1416574169,0.5241264538,-0.9929781448,0.4507868210,-0.0690713527,0.1855709597,-0.4459355611,-0.2954549474,-0.4377327547,0.2074070072,-0.1908459225,0.3329162454,0.0798405441,-0.1677710973
-0.0030565731,-0.0226559405,0.8045117111,-0.0790848378,0.0025728063,-0.7113438695,0.6983758791,0.1330372475,0.1201795110,0.0099681105,0.1241812829,-0.0904884617,0.0058123546,0.1685127226,-0.0068839743,-0.1319950566,0.1461984193,-0.0234569945,0.0725219457,0.0095799790,0.0963959805,-0.0143561253,-0.1371757099,0.5193387509,-0.9934308402,0.4557496823,-0.0706919942,0.1851743329,-0.4458880197,-0.3213536700,-0.4197118044,0.1830843655,-0.2325710650,0.3311111979,0.0762728251,-0.1979406950
-0.0029190024,-0.0228734095,0.8044699760,-0.0797050700,0.0019064438,-0.7118267181,0.6978152984,0.1359622518,0.1200758256,0.0120413759,0.1242251137,-0.0909192329,0.0054978843,0.1703718847,-0.0069864033,-0.1291929071,0.1467111644,-0.0233398214,0.0726969226,0.0072785576,0.0991358852,-0.0156941986,-0.1326229184,0.5145434769,-0.9937839817,0.4606341055,-0.0723442400,0.1847854992,-0.4458550936,-0.3478565092,-0.4015788518,0.1592268287,-0.2739346447,0.3284573799,0.0723140651,-0.2276455640
-0.0032485992,-0.0227423872,0.8046797740,-0.0788744297,0.0029112328,-0.7126442502,0.6970713892,0.1351344444,0.1211364230,0.0134967783,0.1202420799,-0.0879717787,0.0052888841,0.1683293146,-0.0056537404,-0.1272148049,0.1429677284,-0.0203021508,0.0720943216,0.0051842124,0.1004628667,-0.0207549660,-0.1294257890,0.5138957114,-0.9964146062,0.4617978003,-0.0741229578,0.1861829198,-0.4451242721,-0.3747633406,-0.4017539546,0.1617701293,-0.2998084697,0.3323091978,0.0736257419,-0.2265913562
-0.0034951753,-0.0229063668,0.8046718700,-0.0789261664,0.0027723927,-0.7135477454,0.6961412135,0.1365176458,0.1216983056,0.0152817889,0.1198440479,-0.0877792988,0.0052890687,0.1684030889,-0.0050999748,-0.1246977832,0.1425150357,-0.0198812683,0.0718300459,0.0031281774,0.1015533674,-0.0235630919,-0.1252832937,0.5110741225,-0.9989187563,0.4656778386,-0.0746150091,0.1869760672,-0.4432166000,-0.3993503892,-0.4014661719,0.1657773776,-0.3280823365,0.3339326850,0.0756340168,-0.2261356461
-0.0038026944,-0.0229942964,0.8047248316,-0.0792348384,0.0023405647,-0.7144249097,0.6952074587,0.1386254119,0.1221560103,0.0170873720,0.1198800678,-0.0879684098,0.0053392507,0.1691098879,-0.0046959017,-0.1221417364,0.1426901728,-0.0199341532,0.0716415667,0.0009831097,0.1026435915,-0.0254970391,-0.1212274104,0.5076781172,-1.0013047883,0.4704729098,-0.0746938416,0.1872315866,-0.4411575525,-0.4233855659,-0.4015531362,0.1702672068,-0.3574405619,0.3350185735,0.0781144238,-0.2260439377
-0.0038309019,-0.0227845953,0.8047896962,-0.0796972034,0.0016407064,-0.7148893853,0.6946789407,0.1404479291,0.1218715451,0.0190130177,0.1202071057,-0.0862706913,0.0041886615,0.1701635259,-0.0048901146,-0.1201380196,0.1430353282,-0.0197238279,0.0709343491,-0.0010105261,0.1042833180,-0.0259496423,-0.1168399106,0.5047815672,-0.9972130753,0.4753010134,-0.0754563732,0.1872118065,-0.4399715258,-0.4378918854,-0.3986916668,0.1709355556,-0.3966250640,0.3309444377,0.0779040395,-0.2279221500
-0.0037802743,-0.0226775013,0.8048845099,-0.0802161376,0.0009896789,-0.7152864739,0.6942115326,0.1425466412,0.1218897527,0.0212162114,0.1202269823,-0.0852584061,0.0038158155,0.1713577704,-0.0048694638,-0.1179757363,0.1433898811,-0.0192123237,0.0707053328,-0.0029960639,0.1057617665,-0.0265434621,-0.1124180493,0.5020533306,-0.9930836611,0.4803692133,-0.0758741240,0.1868987522,-0.4392522892,-0.4497881821,-0.3957035855,0.1717808247,-0.4392656483,0.3252221670,0.0785120239,-0.2302066506
-0.0038134189,-0.0226091852,0.8048900807,-0.0807251608,0.0003500496,-0.7156857922,0.6937414307,0.1446880048,0.1219044313,0.0234394779,0.1202113880,-0.0842806790,0.0034475441,0.1726185803,-0.0048525463,-0.1158045884,0.1436556025,-0.0187086366,0.0704900853,-0.0048129363,0.1071506594,-0.0272693991,-0.1079983252,0.4993478039,-0.9890996538,0.4855272399,-0.0761824991,0.1864716646,-0.4386451676,-0.4608023757,-0.3930575058,0.1728102185,-0.4831809747,0.3189044366,0.0798118595,-0.2325520203
-0.0038579671,-0.0227424483,0.8049680857,-0.0812255383,0.0000697850,-0.7168896493,0.6924389055,0.1469905972,0.1224711547,0.0236062237,0.1200672071,-0.0850393109,0.0032486186,0.1732272702,-0.0042443589,-0.1129685444,0.1437681429,-0.0182693664,0.0701668078,-0.0070386046,0.1094843976,-0.0267610151,-0.1047452496,0.4984901996,-0.9849341960,0.4885505425,-0.0774063223,0.1853430458,-0.4371814935,-0.4606910692,-0.3896397394,0.1725820581,-0.5055917182,0.3151305502,0.0839737034,-0.2322228889
-0.0039180265,-0.0227991394,0.8049626439,-0.0816898874,-0.0001708585,-0.7180838249,0.6911456818,0.1492432004,0.1231610870,0.0255435221,0.1200821851,-0.0853132849,0.0029981887,0.1737167177,-0.0035764313,-0.1102142197,0.1437705691,-0.0177740254,0.0698122613,-0.0089777771,0.1116111604,-0.0269340296,-0.1009971374,0.4980927699,-0.9813748017,0.4908782193,-0.0791561789,0.1844019283,-0.4356506123,-0.4613734141,-0.3862661642,0.1715617339,-0.5245691556,0.3122910204,0.0860325875,-0.2301663950
-0.0039772170,-0.0229335625,0.8050461257,-0.0821370560,-0.0003869351,-0.7193008983,0.6898257549,0.1514423334,0.1238694105,0.0275475506,0.1200701073,-0.0855618192,0.0027432499,0.1741075702,-0.0028928943,-0.1073950610,0.1437809595,-0.0172463305,0.0694456523,-0.0108048347,0.1136996914,-0.0272630672,-0.0971813584,0.4978652531,-0.9779545778,0.4929554610,-0.0810622524,0.1835990514,-0.4340460675,-0.4624975035,-0.3829318092,0.1703496177,-0.5423027459,0.3097247809,0.0871882786,-0.2274831511
-0.0043736243,-0.0231338344,0.8049794135,-0.0822733046,-0.0005056174,-0.7201357947,0.6889377946,0.1529234999,0.1247953099,0.0288625580,0.1198613320,-0.0861587644,0.0019257394,0.1743816115,-0.0018821294,-0.1047368619,0.1435358368,-0.0178480783,0.0689776426,-0.0118937164,0.1149052471,-0.0267831222,-0.0946511467,0.4998089468,-0.9759550451,0.4944490023,-0.0815271465,0.1828384164,-0.4338738147,-0.4580233018,-0.3814306048,0.1713857970,-0.5315072808,0.3172806316,0.0916676171,-0.2231222930
-0.0048444267,-0.0232896442,0.8049095541,-0.0824184537,-0.0006314132,-0.7209801238,0.6880366712,0.1543006680,0.1257033318,0.0302070550,0.1197441361,-0.0867480296,0.0011240618,0.1745661607,-0.0009628404,-0.1023595680,0.1434054675,-0.0184519674,0.0684927630,-0.0129698670,0.1161573467,-0.0268218351,-0.0917630718,0.5018543870,-0.9741332201,0.4958011905,-0.0819987149,0.1821295729,-0.4339568270,-0.4558041501,-0.3804300716,0.1715100172,-0.5155590406,0.3273475766,0.0935536641,-0.2172425855
-0.0053016816,-0.0234095846,0.8048400287,-0.0825683099,-0.0007583401,-0.7218271056,0.6871299213,0.1556088124,0.1266007616,0.0315571364,0.1196793012,-0.0873122304,0.0003433418,0.1746718662,-0.0000559279,-0.0999695592,0.1433388728,-0.0190286702,0.0680207554,-0.0141367551,0.1174391991,-0.0268737689,-0.0888147761,0.5039092174,-0.9722248869,0.4971018193,-0.0824909234,0.1814625476,-0.4340655498,-0.4545583313,-0.3795647088,0.1713556838,-0.4976230608,0.3381023277,0.0942605351,-0.2105360313
-0.0053304164,-0.0235596427,0.8049036588,-0.0829281205,-0.0008695996,-0.7226701065,0.6861997434,0.1572115692,0.1274586290,0.0340379578,0.1195890739,-0.0882179035,0.0001624596,0.1748532323,0.0008644661,-0.0960470795,0.1433961420,-0.0186133835,0.0687296423,-0.0144697438,0.1174169494,-0.0279360282,-0.0897876289,0.5031712436,-0.9712933841,0.4959628713,-0.0835007725,0.1809155423,-0.4340922609,-0.4596854905,-0.3805013680,0.1762620266,-0.4866861806,0.3448214504,0.0945042790,-0.2029494763
-0.0053247989,-0.0235769281,0.8049664730,-0.0833119928,-0.0009959335,-0.7235535302,0.6852214306,0.1588377146,0.1282648582,0.0364989684,0.1195308166,-0.0890577163,0.0000651944,0.1750126159,0.0016931350,-0.0922088223,0.1434473129,-0.0178726734,0.0696688822,-0.0147898790,0.1177480346,-0.0284837288,-0.0913535584,0.5020418940,-0.9702045425,0.4947736873,-0.0848031129,0.1806905018,-0.4340347510,-0.4649598804,-0.3815140241,0.1817663611,-0.4768546344,0.3506190436,0.0956518458,-0.1959694145
-0.0053116196,-0.0235876197,0.8049414937,-0.0837182323,-0.0011357548,-0.7244335468,0.6842411884,0.1605094890,0.1290692673,0.0389602826,0.1194749367,-0.0898978971,-0.0000266162,0.1752345279,0.0025230688,-0.0883654702,0.1434672607,-0.0171105389,0.0706187664,-0.0151278778,0.1181382855,-0.0288989237,-0.0930279571,0.5008192101,-0.9690798904,0.4935959768,-0.0861619041,0.1805580104,-0.4339600089,-0.4701714822,-0.3825251714,0.1874062163,-0.4674605213,0.3561692306,0.0971992993,-0.1891910175
-0.0055418050,-0.0232355271,0.8047897116,-0.0836595177,-0.0016082653,-0.7253257775,0.6833015550,0.1611074027,0.1281365344,0.0388909418,0.1198125984,-0.0883302856,-0.0000261450,0.1752040756,0.0015706858,-0.0903812018,0.1430481934,-0.0193695090,0.0680179262,-0.0147822765,0.1198190087,-0.0276673500,-0.0939093632,0.4995852988,-0.9669188825,0.4923255980,-0.0870317535,0.1803230856,-0.4334865133,-0.4716532085,-0.3708659673,0.1869527520,-0.4757683581,0.3585501488,0.0924013016,-0.1906118947
-0.0057019751,-0.0230859948,0.8047764023,-0.0837454695,-0.0018950697,-0.7259247571,0.6826539036,0.1619341402,0.1282183793,0.0399956012,0.1197090678,-0.0882851303,-0.0002378526,0.1750179030,0.0017766311,-0.0880844952,0.1432883966,-0.0201266722,0.0684745706,-0.0151985399,0.1213307977,-0.0264517162,-0.0950344529,0.4991745440,-0.9650315902,0.4909983791,-0.0877606886,0.1799779124,-0.4329926652,-0.4700753128,-0.3583738634,0.1866015043,-0.4885590704,0.3591839862,0.0887222843,-0.1937329396
-0.0059674447,-0.0228983377,0.8047628636,-0.0838198137,-0.0021483574,-0.7265713438,0.6819557946,0.1627975991,0.1283774987,0.0412371891,0.1196098671,-0.0883320333,-0.0004912194,0.1748741249,0.0020626456,-0.0856643520,0.1433892592,-0.0208544464,0.0688948718,-0.0153154415,0.1227815857,-0.0253765360,-0.0961198550,0.4989338401,-0.9632989608,0.4895629966,-0.0884878209,0.1796054158,-0.4325077656,-0.4674046263,-0.3457764530,0.1864415212,-0.5031216735,0.3591627268,0.0858726164,-0.1974547161
-0.0057366484,-0.0228099379,0.8048581003,-0.0838536345,-0.0023090740,-0.7271234169,0.6813624386,0.1633842220,0.1281010636,0.0423731000,0.1194529466,-0.0880027096,-0.0006842767,0.1745330754,0.0014543276,-0.0866554567,0.1436086470,-0.0196936056,0.0668993215,-0.0150170416,0.1223563949,-0.0248282230,-0.0981105843,0.4986499594,-0.9621941074,0.4838616048,-0.0903934621,0.1786266261,-0.4329330073,-0.4692147551,-0.3465972704,0.1931543596,-0.5174374049,0.3513586690,0.0869038470,-0.1953600924
-0.0055536464,-0.0226739983,0.8049341860,-0.0838062519,-0.0024737138,-0.7276415185,0.6808143751,0.1636893749,0.1273955404,0.0427223580,0.1193711677,-0.0876458302,-0.0004996021,0.1741856851,0.0007863221,-0.0857599498,0.1435615904,-0.0193120954,0.0671974716,-0.0150109431,0.1223609800,-0.0241987819,-0.1002430559,0.4979890990,-0.9609616615,0.4774429413,-0.0926968236,0.1781081328,-0.4333485060,-0.4717955703,-0.3480065082,0.2002520102,-0.5315421049,0.3428716856,0.0885173168,-0.1929414382
-0.0052655538,-0.0225301358,0.8049217729,-0.0837614261,-0.0026426382,-0.7281625295,0.6802619868,0.1639736581,0.1266559661,0.0430818593,0.1193252204,-0.0872986284,-0.0002852648,0.1738147870,0.0000850416,-0.0848413200,0.1435435966,-0.0189277928,0.0675216544,-0.0150875859,0.1224462645,-0.0235243674,-0.1023387794,0.4972811184,-0.9596400851,0.4708460649,-0.0950736416,0.1778061896,-0.4337113258,-0.4746155643,-0.3495061222,0.2073864104,-0.5454937673,0.3343599081,0.0902288056,-0.1903874033
-0.0055163046,-0.0226789376,0.8051359891,-0.0833990919,-0.0027746693,-0.7285312295,0.6799111267,0.1642046265,0.1262717871,0.0443268930,0.1192508386,-0.0841749842,-0.0000779901,0.1732633608,-0.0002081064,-0.0843346964,0.1434479602,-0.0186476012,0.0670712951,-0.0136320271,0.1217702500,-0.0224094825,-0.1044210765,0.4927276455,-0.9496414416,0.4579706023,-0.1014648924,0.1771672036,-0.4319272526,-0.4665584128,-0.3493119857,0.2095314603,-0.5345565242,0.3379865773,0.0945537501,-0.1920915644
-0.0057519658,-0.0227705734,0.8052849481,-0.0829849197,-0.0028583059,-0.7289563519,0.6795056808,0.1642862968,0.1257434551,0.0444192947,0.1189238924,-0.0824204438,-0.0003051319,0.1727092326,-0.0006283685,-0.0836901747,0.1433541407,-0.0183723546,0.0666520493,-0.0121833140,0.1209864373,-0.0217197560,-0.1055665749,0.4884522695,-0.9399125422,0.4446952812,-0.1081126550,0.1768886407,-0.4298874719,-0.4600951996,-0.3496347020,0.2110602510,-0.5195462334,0.3443227576,0.0965703617,-0.1929083349
-0.0058895207,-0.0229327402,0.8054330632,-0.0825692067,-0.0029350540,-0.7293782541,0.6791031394,0.1642704310,0.1252089278,0.0444894140,0.1187093724,-0.0806976636,-0.0005158759,0.1721079159,-0.0010578051,-0.0830530720,0.1432802370,-0.0180860965,0.0662467117,-0.0108508990,0.1202121052,-0.0210943481,-0.1065508745,0.4842631937,-0.9301510767,0.4312005855,-0.1147870799,0.1767102833,-0.4276794541,-0.4543545095,-0.3501153305,0.2123839693,-0.5029739728,0.3513361482,0.0975848045,-0.1931533793
-0.0055408214,-0.0226925686,0.8055802712,-0.0822407759,-0.0031288093,-0.7297210023,0.6787738387,0.1639435500,0.1238778487,0.0449994261,0.1185632393,-0.0789068239,0.0000858302,0.1713022580,-0.0023508198,-0.0826566260,0.1431602692,-0.0175501466,0.0667449893,-0.0088113961,0.1197853756,-0.0209640026,-0.1080990997,0.4780295329,-0.9109172785,0.3901244869,-0.1288234099,0.1727345348,-0.4182402858,-0.4467318376,-0.3518084030,0.2115692951,-0.4969698282,0.3542777761,0.0967471869,-0.1929896837
-0.0052287364,-0.0226321141,0.8057320121,-0.0818363805,-0.0032902511,-0.7300580522,0.6784594472,0.1636016026,0.1224472187,0.0451368175,0.1184156057,-0.0773158557,0.0005838879,0.1705112659,-0.0036374914,-0.0821861581,0.1430679416,-0.0172601500,0.0671116392,-0.0071979346,0.1193963670,-0.0205638001,-0.1080146543,0.4742130208,-0.8916581707,0.3437536988,-0.1440447493,0.1709396411,-0.4065584511,-0.4381620780,-0.3534563736,0.2115065109,-0.4933721755,0.3562940873,0.0966811143,-0.1933109665
-0.0048510205,-0.0225343704,0.8058816065,-0.0814035237,-0.0034314909,-0.7303868512,0.6781568689,0.1632560752,0.1210283077,0.0452436458,0.1182571529,-0.0757815293,0.0010551033,0.1697281765,-0.0049106722,-0.0817496699,0.1429720868,-0.0170485717,0.0674628490,-0.0057914601,0.1188496508,-0.0202017141,-0.1071171417,0.4712507017,-0.8723711283,0.2954726185,-0.1592425549,0.1700500291,-0.3937112402,-0.4291729869,-0.3548662377,0.2116729701,-0.4906498597,0.3580293329,0.0970697435,-0.1939405384
-0.0045929107,-0.0229834030,0.8057310410,-0.0823223278,-0.0052644254,-0.7307938535,0.6775955017,0.1671403366,0.1188466086,0.0463101172,0.1216626041,-0.0773950047,0.0009258493,0.1725616626,-0.0075363606,-0.0806238185,0.1472014467,-0.0205850997,0.0682942998,-0.0024895678,0.1172656577,-0.0159076357,-0.1064814019,0.4658644817,-0.8476175215,0.2284338367,-0.1802971434,0.1700497153,-0.3731314888,-0.4118901555,-0.3557455906,0.2122865779,-0.4983514273,0.3537255236,0.0979933392,-0.1942343250
-0.0044313265,-0.0229180752,0.8058562159,-0.0819462127,-0.0055323241,-0.7311973235,0.6772035778,0.1672641916,0.1174473983,0.0468053306,0.1214482679,-0.0760286316,0.0005515554,0.1720399247,-0.0089957000,-0.0802989853,0.1473028670,-0.0210467591,0.0686540967,-0.0005361483,0.1164172062,-0.0145503209,-0.1065464826,0.4608591313,-0.8210283599,0.1612266171,-0.2012683986,0.1695607453,-0.3531388493,-0.3999308666,-0.3569919687,0.2126404459,-0.5019357146,0.3529021015,0.0992295238,-0.1936417695
-0.0041435710,-0.0229134812,0.8059995743,-0.0813527694,-0.0055541980,-0.7316252125,0.6768126966,0.1665861638,0.1160695868,0.0472880077,0.1212158840,-0.0745037153,0.0002302410,0.1708688008,-0.0104143762,-0.0799726038,0.1470466497,-0.0211526946,0.0690439654,0.0011709544,0.1156173215,-0.0138365674,-0.1061534868,0.4554501251,-0.7942707388,0.0941020912,-0.2210126944,0.1683746297,-0.3322670674,-0.3888394376,-0.3581315308,0.2130898506,-0.5043127863,0.3525572602,0.1000469616,-0.1927526276
-0.0035690084,-0.0228365433,0.8061121653,-0.0806434932,-0.0055184148,-0.7313712584,0.6771722502,0.1649248828,0.1139232631,0.0468895240,0.1209619148,-0.0725421445,0.0007470064,0.1696239090,-0.0123277792,-0.0803082442,0.1467521030,-0.0205902971,0.0706370335,0.0016640709,0.1159252310,-0.0140238868,-0.1157403104,0.4386261508,-0.7694680032,-0.0130665199,-0.2465888584,0.1609784391,-0.2996663099,-0.3816536531,-0.3525595324,0.2103748515,-0.5194006431,0.3473712139,0.0966130890,-0.1989648233
-0.0028970628,-0.0227146299,0.8061298591,-0.0799891255,-0.0054861845,-0.7311190529,0.6775223776,0.1633227796,0.1118012996,0.0465052787,0.1208432227,-0.0707580389,0.0012922242,0.1685058626,-0.0143446854,-0.0809978811,0.1465327942,-0.0203527085,0.0720389617,0.0023345121,0.1160565313,-0.0137988008,-0.1246915240,0.4233307491,-0.7464888501,-0.1245060852,-0.2705012146,0.1548974245,-0.2627992552,-0.3740138010,-0.3470102846,0.2077619552,-0.5360668529,0.3415598932,0.0938936907,-0.2060498972
-0.0022889578,-0.0226151437,0.8062295522,-0.0793442396,-0.0054571991,-0.7308667821,0.6778705315,0.1617657388,0.1096500746,0.0461340874,0.1207538447,-0.0690282713,0.0018749413,0.1674388540,-0.0163868654,-0.0816766396,0.1463213244,-0.0201516385,0.0734811303,0.0030388405,0.1159360670,-0.0135372784,-0.1333877514,0.4084438295,-0.7248526170,-0.2371350209,-0.2912270916,0.1481921226,-0.2237633886,-0.3661674610,-0.3412722274,0.2051124383,-0.5531389925,0.3356084439,0.0914288466,-0.2132077300
-0.0023257471,-0.0223671681,0.8065964199,-0.0774370367,-0.0037942586,-0.7306381625,0.6783487189,0.1570575805,0.1095177485,0.0443549359,0.1168869577,-0.0647219976,0.0010101064,0.1634988796,-0.0162357782,-0.0826119136,0.1418804681,-0.0162091492,0.0725488854,0.0011780812,0.1160120980,-0.0185200901,-0.1542696984,0.3986025655,-0.7037629903,-0.2884789247,-0.3078900435,0.1473858487,-0.1996130945,-0.3625769038,-0.3351064678,0.2065483586,-0.5541047894,0.3395763998,0.0891673968,-0.2181502606
-0.0021999700,-0.0227378512,0.8066037649,-0.0781121517,-0.0052618966,-0.7302408573,0.6786892474,0.1592180215,0.1077444592,0.0433872920,0.1204904030,-0.0657579492,0.0008992503,0.1661217095,-0.0179845702,-0.0827264100,0.1456085763,-0.0190051727,0.0730386017,0.0023745831,0.1147369133,-0.0172948775,-0.1763285687,0.3847710611,-0.6893463540,-0.3366202011,-0.3205855068,0.1463236005,-0.1708520030,-0.3494432778,-0.3281595522,0.2084373404,-0.5626847713,0.3360093504,0.0866554144,-0.2257146817
-0.0021195436,-0.0222892582,0.8070414000,-0.0765370605,-0.0038385312,-0.7299583273,0.6791819966,0.1548339303,0.1073599987,0.0418788245,0.1168695068,-0.0602261728,0.0004706390,0.1626166614,-0.0178418314,-0.0836230372,0.1414491814,-0.0149475579,0.0727970150,0.0013146937,0.1148406129,-0.0213108543,-0.2012904716,0.3719016908,-0.6690545700,-0.3799411584,-0.3353518403,0.1409562405,-0.1490276146,-0.3458306416,-0.3222611831,0.2089679691,-0.5633426949,0.3401314927,0.0840191266,-0.2305134142
-0.0020419559,-0.0226529555,0.8069215876,-0.0773206392,-0.0054836015,-0.7293875048,0.6796950174,0.1575635183,0.1056160843,0.0402261411,0.1205517304,-0.0623755476,0.0005473995,0.1658101394,-0.0202659745,-0.0860144564,0.1453946652,-0.0177433580,0.0730679088,0.0048464450,0.1127146673,-0.0190489371,-0.2127481254,0.3429440868,-0.6410071885,-0.4103717632,-0.3393857433,0.1348017859,-0.1044951681,-0.3327125719,-0.3090176677,0.2106544769,-0.5811421337,0.3315507478,0.0803153393,-0.2423599440
-0.0019262746,-0.0227606206,0.8070351876,-0.0772083866,-0.0058731312,-0.7288160172,0.6803172675,0.1575991425,0.1043037480,0.0381527174,0.1207872170,-0.0610249727,0.0005360820,0.1666347854,-0.0214346751,-0.0876700236,0.1457105188,-0.0179024171,0.0733253000,0.0066661071,0.1113536214,-0.0191114143,-0.2255255089,0.3135345686,-0.6092479085,-0.4378674197,-0.3429116281,0.1264813004,-0.0636761473,-0.3224780472,-0.2961227976,0.2131072646,-0.5984914305,0.3252447374,0.0785025259,-0.2539560294
-0.0017785230,-0.0228334516,0.8071632242,-0.0769395240,-0.0060755895,-0.7282548441,0.6809466051,0.1570804429,0.1030145936,0.0360523082,0.1208888713,-0.0594690302,0.0005643670,0.1670281563,-0.0225605635,-0.0893512694,0.1456273627,-0.0177078011,0.0736039407,0.0082086447,0.1100476685,-0.0197581048,-0.2387600706,0.2837868851,-0.5769183714,-0.4645335834,-0.3453232340,0.1174211228,-0.0238215190,-0.3126512195,-0.2831686517,0.2159392579,-0.6154295608,0.3191442329,0.0768433940,-0.2654880433
-0.0021551241,-0.0228497628,0.8072749778,-0.0765907069,-0.0064885361,-0.7271204133,0.6821932769,0.1563682026,0.1019554389,0.0332215082,0.1210387385,-0.0571028803,-0.0001228653,0.1679602878,-0.0237169356,-0.0919986462,0.1458310636,-0.0182321634,0.0732788594,0.0093075119,0.1095991002,-0.0176845272,-0.2351691504,0.2571095856,-0.5628383694,-0.4758030759,-0.3480958404,0.1096488372,0.0053512389,-0.2928917561,-0.2661803655,0.2175617590,-0.6182525606,0.3195385509,0.0744816140,-0.2794383642
-0.0024709770,-0.0229998025,0.8073916611,-0.0761538138,-0.0068522526,-0.7259757239,0.6834565762,0.1557223863,0.1007711059,0.0303857607,0.1209443037,-0.0554085490,-0.0008153363,0.1688766027,-0.0246523631,-0.0941136921,0.1458616875,-0.0188369067,0.0729745345,0.0110281989,0.1086143097,-0.0169799828,-0.2306897046,0.2302937667,-0.5498836332,-0.4870116815,-0.3499742818,0.1012412995,0.0334006301,-0.2719836358,-0.2491077130,0.2184365594,-0.6203947381,0.3206082896,0.0713048135,-0.2927893447
-0.0027879156,-0.0230930053,0.8074186358,-0.0756659521,-0.0071705783,-0.7248426666,0.6847089565,0.1549800694,0.0995844645,0.0275774322,0.1208555975,-0.0537504784,-0.0015089582,0.1696935576,-0.0255872534,-0.0962040620,0.1458787198,-0.0194583775,0.0726736144,0.0129659686,0.1075796966,-0.0165645306,-0.2262322700,0.2034512903,-0.5375711495,-0.4979306184,-0.3513548694,0.0921337622,0.0614050362,-0.2507201541,-0.2321443655,0.2194824031,-0.6219745634,0.3216345436,0.0673303427,-0.3059294564
-0.0027981214,-0.0225468967,0.8077598765,-0.0742288759,-0.0060274978,-0.7235887720,0.6862018888,0.1506031623,0.0987025550,0.0236388589,0.1172511544,-0.0481260695,-0.0021980419,0.1674900371,-0.0265346731,-0.1013017848,0.1419600077,-0.0156037943,0.0729737358,0.0139693644,0.1071939538,-0.0196770805,-0.2345415728,0.1818152819,-0.5300642998,-0.5266685221,-0.3508392177,0.0838659755,0.0821951003,-0.2438241018,-0.2215495275,0.2238483939,-0.6319949257,0.3232964898,0.0636126283,-0.3084883907
-0.0026519862,-0.0225044057,0.8079421089,-0.0737478116,-0.0062271877,-0.7221488440,0.6877670605,0.1491487101,0.0968598381,0.0197299141,0.1170439443,-0.0457039408,-0.0026710843,0.1681722054,-0.0281806868,-0.1050269166,0.1415285805,-0.0147742537,0.0733086713,0.0157161600,0.1062573351,-0.0204979146,-0.2398230202,0.1589390092,-0.5263099872,-0.5592953355,-0.3454472621,0.0775035355,0.1059784487,-0.2327048810,-0.2104292760,0.2293734860,-0.6460691298,0.3208159057,0.0609981440,-0.3118715865
-0.0025231231,-0.0225817455,0.8080004611,-0.0735466051,-0.0067569452,-0.7206807762,0.6893217387,0.1487415992,0.0949279587,0.0158603688,0.1171850193,-0.0437997555,-0.0031502590,0.1697498702,-0.0299612839,-0.1087169699,0.1417552638,-0.0146252909,0.0736849714,0.0178309370,0.1051916459,-0.0205069121,-0.2441829657,0.1361680901,-0.5235890185,-0.5938432993,-0.3383502546,0.0722581285,0.1305116322,-0.2200486847,-0.1992760625,0.2352136262,-0.6623041622,0.3170978656,0.0592536051,-0.3156709862
-0.0029581487,-0.0229517548,0.8079944696,-0.0731717175,-0.0073194978,-0.7193752877,0.6907181192,0.1487996126,0.0934198738,0.0110048163,0.1171794218,-0.0427262814,-0.0036919504,0.1716004258,-0.0314411375,-0.1131560284,0.1419511141,-0.0163979459,0.0739410042,0.0217887796,0.1040374078,-0.0181403288,-0.2320859866,0.1257352658,-0.5121688603,-0.6017904858,-0.3355148078,0.0730364401,0.1517848455,-0.1964316697,-0.1962169789,0.2338362217,-0.6615830106,0.3198564690,0.0612004172,-0.3213736011
-0.0034766669,-0.0233792927,0.8079970881,-0.0727652355,-0.0079647763,-0.7180512620,0.6921301669,0.1490583280,0.0917295364,0.0060796449,0.1170602284,-0.0419661892,-0.0043073126,0.1736060555,-0.0329048023,-0.1170291838,0.1421164348,-0.0182948318,0.0740929974,0.0256246243,0.1024428498,-0.0172245216,-0.2201451321,0.1146632918,-0.4996465655,-0.6052709527,-0.3344493356,0.0713548692,0.1703987343,-0.1727715610,-0.1932178592,0.2316835661,-0.6575007318,0.3251883678,0.0612453042,-0.3263112225
-0.0039775542,-0.0237772766,0.8080001594,-0.0723496157,-0.0086034930,-0.7167269154,0.6935373399,0.1492579077,0.0900117685,0.0011616323,0.1169480526,-0.0411670080,-0.0048939984,0.1755355140,-0.0343937071,-0.1208856222,0.1423081578,-0.0201497794,0.0742666395,0.0294806958,0.1008367191,-0.0165936736,-0.2086821721,0.1031799600,-0.4867775991,-0.6070456177,-0.3337749509,0.0684576711,0.1880160319,-0.1494613847,-0.1902689254,0.2291850816,-0.6520465632,0.3312481793,0.0603107213,-0.3307718838
-0.0039719057,-0.0240942141,0.8079389965,-0.0720998980,-0.0091812147,-0.7155605274,0.6947592689,0.1495050253,0.0882541948,-0.0027290437,0.1170372587,-0.0401341513,-0.0045321844,0.1774216120,-0.0363415257,-0.1257703714,0.1424779570,-0.0222234433,0.0748794715,0.0339584073,0.1003805828,-0.0156451899,-0.1959903423,0.0922810064,-0.4805533414,-0.6148859402,-0.3336884945,0.0649393607,0.2020080839,-0.1293847635,-0.1788485133,0.2324830870,-0.6529011457,0.3385578627,0.0562054700,-0.3324264271
-0.0041352479,-0.0244097433,0.8078880296,-0.0717704781,-0.0097861164,-0.7144108450,0.6959672226,0.1498288681,0.0863512157,-0.0067718540,0.1170598229,-0.0395811232,-0.0045184452,0.1793465999,-0.0382497964,-0.1303336110,0.1426378798,-0.0242622580,0.0753446447,0.0383463172,0.0993539163,-0.0146149107,-0.1821085476,0.0823223636,-0.4749956779,-0.6248778922,-0.3331391082,0.0619612140,0.2161554246,-0.1084525911,-0.1666478065,0.2364374625,-0.6552080686,0.3449982491,0.0525273575,-0.3338989444
-0.0042300220,-0.0248605111,0.8078335237,-0.0714147035,-0.0103793302,-0.7132588642,0.6971757327,0.1501792875,0.0844492067,-0.0108170909,0.1170665973,-0.0390911756,-0.0045255990,0.1812997472,-0.0401556406,-0.1349158608,0.1427881431,-0.0263662456,0.0757984144,0.0426843441,0.0982027225,-0.0136789523,-0.1677010985,0.0726077845,-0.4698336177,-0.6357638521,-0.3323891232,0.0593396706,0.2305292268,-0.0870632355,-0.1542340192,0.2408065321,-0.6580992618,0.3510772992,0.0491543622,-0.3354087470
-0.0044135811,-0.0261584875,0.8075704548,-0.0725413503,-0.0127601774,-0.7120859420,0.6982181189,0.1556611606,0.0818767494,-0.0147370739,0.1208145042,-0.0424020868,-0.0047629886,0.1876362263,-0.0428191054,-0.1373735529,0.1477742862,-0.0313606991,0.0767960015,0.0452437054,0.0969546084,-0.0109876991,-0.1461761457,0.0679978320,-0.4635820503,-0.6422802715,-0.3291962074,0.0593094949,0.2424510685,-0.0561546401,-0.1452162383,0.2392985026,-0.6375615845,0.3566809224,0.0521436950,-0.3362624243
-0.0046563655,-0.0267040319,0.8075544241,-0.0724091904,-0.0137132512,-0.7111223398,0.6991951614,0.1572349689,0.0799060426,-0.0185581660,0.1209614334,-0.0420251624,-0.0052585105,0.1904022220,-0.0446507564,-0.1401744622,0.1483391170,-0.0336782610,0.0770500350,0.0474963407,0.0961014796,-0.0101164281,-0.1285927419,0.0643488316,-0.4534612239,-0.6474129791,-0.3301238409,0.0590798895,0.2525001503,-0.0321824887,-0.1374833392,0.2344489177,-0.6105829259,0.3674493711,0.0535702341,-0.3344697951
-0.0047895577,-0.0270990795,0.8075690957,-0.0720902002,-0.0144161409,-0.7101925997,0.7001583029,0.1579397489,0.0780291992,-0.0223699552,0.1209710659,-0.0412491129,-0.0057474602,0.1923960199,-0.0463602585,-0.1429508455,0.1484849946,-0.0354190295,0.0772572654,0.0495954650,0.0953049393,-0.0097015202,-0.1120018788,0.0604842053,-0.4425031859,-0.6515269635,-0.3318149997,0.0586258580,0.2621853260,-0.0101381971,-0.1300258557,0.2287425652,-0.5807737855,0.3794592296,0.0540498429,-0.3314695207
-0.0051125722,-0.0275326219,0.8075568577,-0.0719607858,-0.0146000356,-0.7089452447,0.7014307694,0.1581724602,0.0775875809,-0.0244774410,0.1207464895,-0.0408141141,-0.0063932254,0.1939112892,-0.0466294369,-0.1444081411,0.1487552237,-0.0361252593,0.0775777074,0.0518983909,0.0948526691,-0.0098390872,-0.1017768927,0.0600770660,-0.4336352510,-0.6526277998,-0.3313325929,0.0588253971,0.2714542725,0.0106288938,-0.1220182261,0.2188790743,-0.5353542636,0.3967220769,0.0508885640,-0.3410356211
-0.0053584168,-0.0278021925,0.8074450394,-0.0717786483,-0.0149185703,-0.7077709876,0.7026275621,0.1581377751,0.0769373247,-0.0265510774,0.1207452720,-0.0408749043,-0.0071676087,0.1954414775,-0.0472180130,-0.1461470066,0.1488770987,-0.0373522111,0.0776486406,0.0545140716,0.0938932240,-0.0097759194,-0.0923270294,0.0597646872,-0.4248149730,-0.6528514321,-0.3308654484,0.0588171021,0.2808105575,0.0290512379,-0.1148782490,0.2076120312,-0.4861314269,0.4156459109,0.0459890214,-0.3500740089
-0.0055698787,-0.0279977351,0.8074213752,-0.0716479677,-0.0152814602,-0.7065962971,0.7038144064,0.1580963411,0.0762540298,-0.0286047126,0.1208577091,-0.0409068768,-0.0078980216,0.1969624084,-0.0478455943,-0.1478528101,0.1490929479,-0.0385221883,0.0777536036,0.0570898087,0.0928024126,-0.0095720277,-0.0831308816,0.0594604215,-0.4159059399,-0.6527412253,-0.3304376010,0.0587111390,0.2901547561,0.0464345993,-0.1085649590,0.1955161770,-0.4350129123,0.4352197165,0.0406338138,-0.3577833007
-0.0058112773,-0.0281860862,0.8073306540,-0.0714820214,-0.0154620626,-0.7062432962,0.7041815474,0.1582313657,0.0758256466,-0.0295984687,0.1207730402,-0.0407544233,-0.0083784138,0.1977705900,-0.0480081602,-0.1486346847,0.1487105253,-0.0397629327,0.0780325575,0.0575956738,0.0876983985,-0.0092261151,-0.0766106053,0.0714364377,-0.4156322516,-0.6434203924,-0.3309069203,0.0618391929,0.2902204936,0.0623495335,-0.1386017952,0.1814257624,-0.3364237609,0.4517265454,0.0503901913,-0.3482090592
-0.0058170632,-0.0281961359,0.8073328237,-0.0714581483,-0.0156716143,-0.7058758726,0.7045476464,0.1582750245,0.0753384957,-0.0301620553,0.1208439599,-0.0403397484,-0.0085527338,0.1984401010,-0.0484071307,-0.1486476951,0.1484943949,-0.0402316222,0.0784074177,0.0582351620,0.0833257060,-0.0090689320,-0.0700347590,0.0822477948,-0.4150994633,-0.6329409354,-0.3315634063,0.0644677470,0.2892514788,0.0717252558,-0.1718898561,0.1646964997,-0.2258430719,0.4696856029,0.0572033949,-0.3306125584
-0.0057059850,-0.0279763326,0.8073364090,-0.0715312224,-0.0159247798,-0.7055303496,0.7048805653,0.1582830274,0.0747691797,-0.0306252195,0.1210554974,-0.0398256077,-0.0085674172,0.1990750322,-0.0488856774,-0.1485305161,0.1483066636,-0.0404744889,0.0789135987,0.0591521255,0.0790842873,-0.0084828087,-0.0640199007,0.0927647714,-0.4145503867,-0.6219584454,-0.3321372773,0.0669035991,0.2879775682,0.0782708565,-0.2074622883,0.1485769022,-0.1104338708,0.4861536873,0.0630702398,-0.3085169047
-0.0056196134,-0.0277045602,0.8072317510,-0.0718322196,-0.0160703555,-0.7053055050,0.7050716421,0.1582917506,0.0751068458,-0.0310913386,0.1211202151,-0.0407818373,-0.0082160267,0.1993015795,-0.0484410726,-0.1478413933,0.1482884929,-0.0411136714,0.0794965182,0.0605449323,0.0764532595,-0.0077417258,-0.0605630061,0.1030483533,-0.4128739143,-0.6129769780,-0.3306112128,0.0693530277,0.2854650159,0.0852091046,-0.2328933121,0.1352992423,-0.0104955511,0.5067780839,0.0627565548,-0.2854082538
-0.0056331282,-0.0275742745,0.8071129956,-0.0721190091,-0.0161072086,-0.7050711908,0.7052758483,0.1582953175,0.0755032179,-0.0314656095,0.1212922287,-0.0417960647,-0.0083192593,0.1996853638,-0.0479714642,-0.1471948216,0.1482784221,-0.0415917706,0.0801716199,0.0622201753,0.0734160873,-0.0067764805,-0.0574534986,0.1138314719,-0.4112500910,-0.6041119957,-0.3288999312,0.0719869156,0.2828379584,0.0938306092,-0.2589530628,0.1238243866,0.0863352550,0.5251008998,0.0643209527,-0.2622725260
-0.0055257676,-0.0273929479,0.8069875587,-0.0723944394,-0.0161321174,-0.7048371086,0.7054810063,0.1583121961,0.0758502188,-0.0318280309,0.1214738206,-0.0428664848,-0.0083676223,0.2001116396,-0.0475461013,-0.1465405590,0.1482123201,-0.0420824291,0.0809025237,0.0639901970,0.0703306699,-0.0058468087,-0.0543127752,0.1246895519,-0.4097471161,-0.5953113532,-0.3271598567,0.0746348668,0.2802267089,0.1029704760,-0.2860176620,0.1136001580,0.1822745385,0.5411211247,0.0675074022,-0.2382961050
-0.0058417625,-0.0274291158,0.8068308152,-0.0724392335,-0.0159016608,-0.7051794399,0.7051394558,0.1582438103,0.0768261427,-0.0307165347,0.1215758028,-0.0443445078,-0.0080770335,0.1996134871,-0.0467904951,-0.1473524157,0.1478940353,-0.0431500316,0.0803305697,0.0631277611,0.0684699701,-0.0055332209,-0.0562440338,0.1276383668,-0.4161338665,-0.5914409126,-0.3261417296,0.0762668750,0.2737678129,0.0974686137,-0.3062291009,0.1092573612,0.2562129689,0.5451054008,0.0641763011,-0.2257293907
-0.0060740849,-0.0273443787,0.8066483840,-0.0726996114,-0.0155308137,-0.7055941820,0.7047059037,0.1581733100,0.0784486293,-0.0301469325,0.1217206623,-0.0460850697,-0.0081975737,0.1989192038,-0.0452004811,-0.1460753868,0.1479015864,-0.0433941641,0.0806138828,0.0621772205,0.0672011862,-0.0042649515,-0.0589826390,0.1303075423,-0.4223620907,-0.5883087910,-0.3245723774,0.0786352922,0.2673669283,0.0928094693,-0.3261217321,0.1074187360,0.3254041911,0.5463518466,0.0624820646,-0.2174601995
-0.0063125656,-0.0273656851,0.8064624511,-0.0729920733,-0.0151652720,-0.7060262148,0.7042507762,0.1581783597,0.0801325461,-0.0295291774,0.1219279350,-0.0479080677,-0.0083366045,0.1983324235,-0.0435469903,-0.1447519775,0.1478355562,-0.0436276286,0.0808807406,0.0612691324,0.0660533703,-0.0028452275,-0.0618083955,0.1328757699,-0.4285513294,-0.5853588299,-0.3229206817,0.0812397922,0.2610242557,0.0886549816,-0.3464150332,0.1074286693,0.3925120744,0.5466291811,0.0616591712,-0.2106553610
-0.0060271805,-0.0266376075,0.8061371578,-0.0713121439,-0.0135628403,-0.7065534406,0.7039267456,0.1535799568,0.0798397594,-0.0274408563,0.1182626493,-0.0473155427,-0.0075404115,0.1943849476,-0.0437768135,-0.1442373305,0.1422517090,-0.0447069616,0.0807357356,0.0585017805,0.0660065153,-0.0046436489,-0.0712271278,0.1355786383,-0.4328655958,-0.5924543847,-0.3246670700,0.0815729210,0.2563569779,0.0831377813,-0.3583055622,0.1049470118,0.4325119812,0.5515571414,0.0593299073,-0.2109825893
-0.0057763515,-0.0264011839,0.8058956580,-0.0709348125,-0.0128129380,-0.7069143920,0.7036164604,0.1517678393,0.0801834920,-0.0257896431,0.1178180633,-0.0497805150,-0.0068740771,0.1924040412,-0.0434697555,-0.1426559654,0.1412406756,-0.0459042383,0.0817436000,0.0559794531,0.0660096992,-0.0050886285,-0.0784943660,0.1377696000,-0.4397366096,-0.5997475136,-0.3243104236,0.0826468330,0.2521645571,0.0789142674,-0.3682280684,0.1042604157,0.4730211093,0.5544809983,0.0563143546,-0.2159145943
-0.0054687476,-0.0262952299,0.8055305843,-0.0708683313,-0.0123867501,-0.7072688662,0.7032744833,0.1507929105,0.0805518080,-0.0240839279,0.1180141651,-0.0528185527,-0.0062432639,0.1911757610,-0.0431898961,-0.1409976541,0.1409748426,-0.0477120686,0.0827380155,0.0536468483,0.0659420785,-0.0046809317,-0.0852780193,0.1399869706,-0.4472118957,-0.6076777262,-0.3231896662,0.0839359788,0.2482083250,0.0750472231,-0.3779040909,0.1043210526,0.5128376162,0.5568346500,0.0531210683,-0.2222087273
-0.0052751936,-0.0262988656,0.8048694726,-0.0728869545,-0.0139298201,-0.7075625734,0.7027436636,0.1548922795,0.0811880822,-0.0223808975,0.1226251015,-0.0606798438,-0.0055042806,0.1945065843,-0.0430236262,-0.1386294685,0.1459698230,-0.0534402630,0.0840312044,0.0499564095,0.0674102522,-0.0024863594,-0.0968843326,0.1368754863,-0.4603907092,-0.6402718057,-0.3161276688,0.0833893453,0.2364206414,0.0651678533,-0.3673164567,0.0937783087,0.5439492327,0.5682446696,0.0396071673,-0.2402953693
-0.0052553973,-0.0260071896,0.8043848643,-0.0738360429,-0.0141677327,-0.7079145919,0.7022851591,0.1562256931,0.0824320071,-0.0205654843,0.1233972396,-0.0652333688,-0.0050920092,0.1952124517,-0.0419931735,-0.1365481933,0.1469296837,-0.0558663857,0.0847002166,0.0466218207,0.0688247828,-0.0009582719,-0.1106088184,0.1364041666,-0.4722333164,-0.6766948769,-0.3110555119,0.0848696333,0.2248964055,0.0576415268,-0.3573452023,0.0814646317,0.5667149597,0.5811689917,0.0290908352,-0.2585691272
-0.0051624074,-0.0257426933,0.8039272953,-0.0745247679,-0.0141050166,-0.7083007193,0.7018241935,0.1569236989,0.0837761381,-0.0187452946,0.1236678144,-0.0694365062,-0.0047179578,0.1953893698,-0.0408103339,-0.1344795628,0.1471211272,-0.0577932158,0.0853124316,0.0435572051,0.0701880105,-0.0002949853,-0.1244483080,0.1366020063,-0.4840471391,-0.7137752370,-0.3064658388,0.0871468676,0.2135828149,0.0515323074,-0.3475584949,0.0689362430,0.5873023085,0.5940869091,0.0197755244,-0.2775809722
-0.0048643386,-0.0254729839,0.8035080679,-0.0750044781,-0.0137476392,-0.7090325380,0.7010407911,0.1572485394,0.0851177997,-0.0167881587,0.1237544082,-0.0741974020,-0.0036203770,0.1946073037,-0.0394528119,-0.1320000716,0.1469605437,-0.0602818489,0.0860320250,0.0407364254,0.0716174558,0.0002918658,-0.1301129317,0.1308753031,-0.4768761882,-0.7314058670,-0.3058791861,0.0895610386,0.2181206379,0.0471714775,-0.3302889827,0.0491923948,0.5786270319,0.6077021851,0.0047203012,-0.2977801517
-0.0046211061,-0.0252264960,0.8030797140,-0.0753986296,-0.0133193795,-0.7097655582,0.7002645880,0.1573250730,0.0863317576,-0.0150947041,0.1238935503,-0.0786620784,-0.0025014938,0.1936859537,-0.0384394351,-0.1300454195,0.1469333870,-0.0621531893,0.0868466482,0.0376262656,0.0732263101,0.0005659851,-0.1379611820,0.1245300848,-0.4682700895,-0.7451160616,-0.3068113243,0.0900248232,0.2228035725,0.0466499033,-0.3118058477,0.0304328862,0.5626854879,0.6196295304,-0.0089814785,-0.3214780928
-0.0043957122,-0.0250804086,0.8026530291,-0.0757475855,-0.0128656482,-0.7104774182,0.6995131282,0.1573062330,0.0875246751,-0.0134885727,0.1240178120,-0.0831147816,-0.0013947875,0.1926956711,-0.0374391343,-0.1281655732,0.1468885813,-0.0640356755,0.0876430499,0.0345259633,0.0748984236,0.0006554306,-0.1465047416,0.1179307164,-0.4593979715,-0.7574643081,-0.3081262947,0.0896009205,0.2272009291,0.0477129850,-0.2925520280,0.0119778676,0.5435136624,0.6304195726,-0.0220357292,-0.3469869089
-0.0042120691,-0.0241434533,0.8024002618,-0.0747823735,-0.0113025690,-0.7114285783,0.6986767683,0.1537952523,0.0883339994,-0.0122979279,0.1201041668,-0.0833566518,-0.0003220842,0.1884593511,-0.0359695558,-0.1252716494,0.1424860661,-0.0631743998,0.0882988967,0.0303241309,0.0765484024,-0.0014768781,-0.1483291469,0.1197945611,-0.4521105885,-0.7616797069,-0.3124579172,0.0902131560,0.2271601828,0.0445941527,-0.2873857850,-0.0003085362,0.5213507543,0.6349139368,-0.0301526244,-0.3573011182
-0.0041185402,-0.0238105177,0.8020755105,-0.0744821972,-0.0106188438,-0.7124278171,0.6977006864,0.1526174016,0.0889896432,-0.0110608846,0.1192361330,-0.0862512451,0.0007193590,0.1862245947,-0.0352739395,-0.1228975673,0.1411535873,-0.0645292064,0.0890508501,0.0267227924,0.0780510884,-0.0029543242,-0.1475391335,0.1205504843,-0.4461367977,-0.7657192664,-0.3155595751,0.0904208331,0.2259720710,0.0436647780,-0.2802517066,-0.0118986969,0.4969835770,0.6363734210,-0.0381496548,-0.3706179634
-0.0039701301,-0.0235624247,0.8016225098,-0.0744494274,-0.0102664930,-0.7133956011,0.6967198851,0.1522204255,0.0895718122,-0.0098352993,0.1191036261,-0.0898144915,0.0017395508,0.1846879793,-0.0347088307,-0.1205114684,0.1407584989,-0.0666719075,0.0898203128,0.0233230722,0.0794867541,-0.0038367004,-0.1460431805,0.1211034470,-0.4407048084,-0.7699515147,-0.3180078412,0.0903947334,0.2243136304,0.0439312355,-0.2722544984,-0.0232841030,0.4706236836,0.6363527906,-0.0458649794,-0.3854405052
-0.0038895317,-0.0239077852,0.8013163898,-0.0760264405,-0.0114437706,-0.7136559591,0.6962644559,0.1555397428,0.0899546144,-0.0084399080,0.1237155689,-0.0960675315,0.0019466540,0.1870720134,-0.0346000172,-0.1187410794,0.1458523462,-0.0715951611,0.0902303804,0.0219531503,0.0833327128,-0.0002650754,-0.1386311742,0.1206372613,-0.4482504996,-0.7794723970,-0.3221796097,0.0914980531,0.2096709379,0.0451281859,-0.2464489203,-0.0361134147,0.4252224521,0.6400929139,-0.0568161419,-0.4053641910
-0.0037834497,-0.0239567684,0.8010790963,-0.0766207200,-0.0116070218,-0.7139354940,0.6959099458,0.1566613385,0.0906511454,-0.0073118368,0.1245725279,-0.0988323841,0.0019695677,0.1874448550,-0.0340877211,-0.1177470082,0.1473014003,-0.0730389562,0.0903289900,0.0206833732,0.0867833449,0.0015578725,-0.1319412241,0.1225685010,-0.4551652070,-0.7906177156,-0.3281863095,0.0927496943,0.1942996410,0.0465158552,-0.2211185877,-0.0489725406,0.3777869508,0.6462082112,-0.0664633932,-0.4218429167
-0.0037806841,-0.0239317517,0.8008786171,-0.0768842593,-0.0114300331,-0.7142368947,0.6955744555,0.1570898539,0.0913999034,-0.0062062047,0.1245779196,-0.1009974473,0.0019606289,0.1872085345,-0.0334606662,-0.1168167685,0.1477442005,-0.0738244962,0.0903774070,0.0194985685,0.0902567950,0.0022652480,-0.1250893096,0.1248849093,-0.4620850750,-0.8021309235,-0.3347237530,0.0941603217,0.1790886979,0.0478113670,-0.1955413700,-0.0607807600,0.3296563521,0.6520366906,-0.0760118009,-0.4378142422
-0.0039452078,-0.0243125751,0.8009982453,-0.0767599437,-0.0112163657,-0.7154464453,0.6943475269,0.1575817684,0.0920716767,-0.0039215690,0.1246603802,-0.1019096812,0.0017625248,0.1861568128,-0.0327098643,-0.1139723214,0.1479244690,-0.0734610292,0.0899501626,0.0190614858,0.0913700776,0.0028381869,-0.1081438118,0.1289570945,-0.4643798823,-0.8035277155,-0.3400963294,0.0981589015,0.1630031233,0.0474533384,-0.1780846530,-0.0723144305,0.2874867846,0.6564193295,-0.0801273249,-0.4475425875
-0.0040125519,-0.0246955285,0.8010120260,-0.0765748972,-0.0108433095,-0.7167335137,0.6930452929,0.1581263173,0.0927456596,-0.0015812232,0.1245185183,-0.1022835498,0.0015557561,0.1848498977,-0.0321391375,-0.1115720831,0.1480404223,-0.0729479444,0.0894337166,0.0182562805,0.0929337809,0.0021375794,-0.0903916516,0.1320964352,-0.4655841676,-0.8038226218,-0.3453895433,0.1017798764,0.1455062978,0.0453462488,-0.1619805121,-0.0830090931,0.2483637058,0.6615479795,-0.0836591707,-0.4547675647
-0.0040437215,-0.0250568667,0.8011170150,-0.0763397650,-0.0104103492,-0.7180216670,0.6917432693,0.1585017381,0.0933825925,0.0007633447,0.1242913435,-0.1025596682,0.0014047614,0.1833377546,-0.0316014929,-0.1091595076,0.1481434538,-0.0723647633,0.0889646946,0.0171711714,0.0947210928,0.0011251601,-0.0724536599,0.1348443138,-0.4663971924,-0.8033432796,-0.3505464728,0.1046693576,0.1274777798,0.0422127898,-0.1465002233,-0.0929837649,0.2108164202,0.6668197329,-0.0878208046,-0.4607096474
-0.0039164089,-0.0252677444,0.8012979635,-0.0760649721,-0.0099178114,-0.7193340369,0.6904160343,0.1584811506,0.0939792221,0.0041131325,0.1241917190,-0.1021298730,0.0007000008,0.1813498761,-0.0311141650,-0.1069816167,0.1483691475,-0.0703322686,0.0884906626,0.0183134491,0.0954187526,0.0008536544,-0.0523705281,0.1379931516,-0.4671829638,-0.8017658492,-0.3540391599,0.1065662407,0.1109539014,0.0377660035,-0.1374399227,-0.0928228898,0.1690101017,0.6609395768,-0.0907458584,-0.4640557320
-0.0038491740,-0.0255076865,0.8014839625,-0.0757673215,-0.0093848408,-0.7207210894,0.6890082358,0.1584334258,0.0945750155,0.0071734143,0.1239878755,-0.1016943306,0.0000381262,0.1792683881,-0.0306481780,-0.1049299195,0.1484745145,-0.0684929394,0.0879366696,0.0187537889,0.0965379836,0.0002478342,-0.0317478850,0.1406481728,-0.4670882066,-0.8002332787,-0.3570828967,0.1079415927,0.0946095477,0.0339035195,-0.1284395156,-0.0906525162,0.1256230245,0.6526272020,-0.0929581311,-0.4682134680
-0.0037758796,-0.0257751050,0.8016693268,-0.0754375730,-0.0088161406,-0.7220922330,0.6876149033,0.1583193114,0.0951667009,0.0101896352,0.1237673606,-0.1012691659,-0.0006112439,0.1771484124,-0.0301826927,-0.1029220352,0.1485492791,-0.0666699112,0.0873987993,0.0188854968,0.0976774155,-0.0005100209,-0.0108886686,0.1430172527,-0.4665048937,-0.7989193907,-0.3600335764,0.1095646751,0.0779865868,0.0304467696,-0.1195878653,-0.0872514659,0.0810596016,0.6434037550,-0.0943837385,-0.4730995708
-0.0041612954,-0.0260997568,0.8020507605,-0.0749012312,-0.0083864206,-0.7232712014,0.6864388121,0.1580879099,0.0961751706,0.0132075574,0.1236496986,-0.0976962850,-0.0008767868,0.1753020034,-0.0295862511,-0.1010494503,0.1486323842,-0.0643652703,0.0859387044,0.0195558318,0.0986066594,-0.0018258586,-0.0064371665,0.1460491376,-0.4797305076,-0.8013319173,-0.3606289693,0.1117929893,0.0569165079,0.0302180642,-0.1141711685,-0.0665842314,0.0351332649,0.6315160372,-0.0878716345,-0.4580950055
-0.0045262145,-0.0263871689,0.8023686440,-0.0743439490,-0.0079908032,-0.7244301273,0.6852810482,0.1579203382,0.0967822098,0.0154324687,0.1231394253,-0.0950172434,-0.0019032446,0.1733822646,-0.0290670797,-0.0991491220,0.1486071215,-0.0620503476,0.0844967111,0.0205431683,0.0993535594,-0.0027712904,-0.0031369175,0.1487903270,-0.4933028714,-0.8037156493,-0.3601148691,0.1148699285,0.0364161188,0.0313005210,-0.1096393891,-0.0461681475,-0.0119086591,0.6196496371,-0.0802107308,-0.4396198160
-0.0047586208,-0.0266740704,0.8027717169,-0.0738095231,-0.0076101264,-0.7255766924,0.6841291572,0.1577969934,0.0973277813,0.0176370279,0.1226612600,-0.0923582639,-0.0028558456,0.1715420444,-0.0286035643,-0.0972606270,0.1485617593,-0.0597255769,0.0831255471,0.0217713078,0.0999274131,-0.0036494204,-0.0001156050,0.1514213126,-0.5069832546,-0.8062502036,-0.3593010825,0.1185718827,0.0158088380,0.0328283528,-0.1062199027,-0.0258216980,-0.0589351684,0.6079724229,-0.0718876187,-0.4200529802
-0.0045912968,-0.0270371358,0.8031189394,-0.0733888091,-0.0072675750,-0.7266493974,0.6830387385,0.1578854493,0.0970791050,0.0198974652,0.1221783327,-0.0896932459,-0.0029976585,0.1701244614,-0.0287460290,-0.0949099935,0.1483018003,-0.0575158227,0.0830901731,0.0274608174,0.0982324488,-0.0046531273,0.0111838650,0.1527988350,-0.5056544470,-0.8027264254,-0.3578052924,0.1210911000,0.0077920309,0.0287132057,-0.1115510382,-0.0014226741,-0.1102950966,0.5917249219,-0.0595071721,-0.3941842571
-0.0042833225,-0.0273495789,0.8034730244,-0.0729485319,-0.0069838571,-0.7277624679,0.6819028726,0.1580608227,0.0966285767,0.0221142481,0.1216171014,-0.0872400803,-0.0028936467,0.1686651830,-0.0291864330,-0.0925230407,0.1480709700,-0.0551567057,0.0828044172,0.0313205600,0.0968141776,-0.0055118741,0.0221341331,0.1537370801,-0.5019750907,-0.7978271549,-0.3571618234,0.1225470946,0.0008301111,0.0240971294,-0.1192669535,0.0246935279,-0.1609485733,0.5752954034,-0.0455216692,-0.3671657008
-0.0038953861,-0.0275242968,0.8038265390,-0.0725560553,-0.0067311480,-0.7288412166,0.6807942358,0.1582401560,0.0960743248,0.0242613733,0.1210989313,-0.0847368566,-0.0026689358,0.1672660463,-0.0297236635,-0.0901889771,0.1478398085,-0.0527240175,0.0826341619,0.0343604089,0.0953142733,-0.0062134567,0.0328830679,0.1546067786,-0.4972891352,-0.7922989412,-0.3568590915,0.1236019562,-0.0061738465,0.0190923281,-0.1289549284,0.0512929106,-0.2105414964,0.5592202807,-0.0311504808,-0.3393020180
-0.0031387808,-0.0280300911,0.8039708682,-0.0721935352,-0.0063798519,-0.7294430594,0.6801913070,0.1585041415,0.0947751125,0.0259829689,0.1205762796,-0.0829197986,-0.0021207283,0.1664539647,-0.0307378984,-0.0885499246,0.1475632065,-0.0506589982,0.0832469936,0.0378359378,0.0946032749,-0.0068104900,0.0374571720,0.1529506349,-0.5001318774,-0.7905794114,-0.3570305439,0.1237466411,-0.0132591682,0.0141280437,-0.1296418568,0.0858827715,-0.2541848369,0.5468489826,-0.0180060937,-0.3170898134
-0.0023839087,-0.0285158112,0.8042177504,-0.0718497611,-0.0061426759,-0.7300288395,0.6796011866,0.1587756783,0.0935244113,0.0272836693,0.1201087276,-0.0814709655,-0.0016238418,0.1658615602,-0.0319107187,-0.0871165151,0.1472534097,-0.0488936464,0.0838730277,0.0412550396,0.0931426858,-0.0071081925,0.0419161335,0.1520644114,-0.5033400401,-0.7893543306,-0.3568854874,0.1242670807,-0.0195663795,0.0090143982,-0.1311486659,0.1209416598,-0.2977239621,0.5343853206,-0.0051499104,-0.2959162772
-0.0016781492,-0.0289783118,0.8043745297,-0.0715477333,-0.0059446015,-0.7306019641,0.6790186695,0.1591119478,0.0922138985,0.0285670760,0.1196930970,-0.0800276977,-0.0010681063,0.1653553879,-0.0331446492,-0.0856875021,0.1469635815,-0.0471147128,0.0845552663,0.0444933452,0.0913933225,-0.0073401527,0.0465008713,0.1515236740,-0.5065523895,-0.7883717626,-0.3566826409,0.1249644548,-0.0256037096,0.0035920290,-0.1339218560,0.1559396098,-0.3406978564,0.5220948944,0.0077820526,-0.2744762911
-0.0007254105,-0.0294328226,0.8044916508,-0.0713031130,-0.0059423482,-0.7306946438,0.6789446900,0.1594719672,0.0903520143,0.0297635637,0.1194304055,-0.0781342789,0.0002395785,0.1654793627,-0.0349971996,-0.0854284545,0.1467805119,-0.0456034530,0.0857002010,0.0467852155,0.0900780344,-0.0082638204,0.0498844823,0.1480950156,-0.5074974006,-0.7892723887,-0.3552161332,0.1249257090,-0.0265974958,-0.0024299870,-0.1339840963,0.1805903284,-0.3755612860,0.5098632098,0.0175478040,-0.2633570551
0.0002680304,-0.0296930420,0.8046303958,-0.0711205415,-0.0060057015,-0.7307610406,0.6788918188,0.1598055466,0.0884061491,0.0300475308,0.1191379147,-0.0768068884,0.0013624141,0.1656792801,-0.0369248926,-0.0852448302,0.1466117143,-0.0442267823,0.0868069611,0.0494895968,0.0885378816,-0.0088977470,0.0528151295,0.1448040760,-0.5091229801,-0.7901901919,-0.3536530892,0.1250886655,-0.0268030002,-0.0104468102,-0.1346880943,0.2039322322,-0.4074371158,0.4982919708,0.0262710149,-0.2519037088
0.0012873606,-0.0299782338,0.8048574667,-0.0709968014,-0.0061172356,-0.7308239853,0.6788360156,0.1601726381,0.0864454036,0.0303347026,0.1189376541,-0.0754568777,0.0025188813,0.1659293648,-0.0388684890,-0.0850429784,0.1464862372,-0.0427947273,0.0879388047,0.0522253346,0.0869136972,-0.0093456881,0.0555919977,0.1416072879,-0.5108637867,-0.7911078326,-0.3520700019,0.1253331258,-0.0267999693,-0.0195113661,-0.1358965633,0.2265030201,-0.4377446277,0.4871888122,0.0345465755,-0.2395992156
0.0014760040,-0.0305273701,0.8047962578,-0.0709869381,-0.0064420066,-0.7309277322,0.6787223331,0.1617633995,0.0852453111,0.0307124855,0.1189020317,-0.0745831890,0.0036755783,0.1671012883,-0.0398247266,-0.0849407891,0.1467492504,-0.0429731175,0.0878705169,0.0531343799,0.0877226519,-0.0091244827,0.0620146045,0.1328359084,-0.5071192996,-0.7856427635,-0.3530012421,0.1252611583,-0.0219167073,-0.0111122940,-0.1249238617,0.2240880632,-0.4069198335,0.4943033277,0.0436167880,-0.2439883767
0.0016147915,-0.0309792559,0.8048457723,-0.0711157151,-0.0069618103,-0.7311488975,0.6784654582,0.1635505479,0.0842198601,0.0310538347,0.1188859689,-0.0737224654,0.0046702930,0.1684231831,-0.0408264771,-0.0848826489,0.1469924331,-0.0429835287,0.0877556685,0.0548392205,0.0879979501,-0.0099814620,0.0689568888,0.1242697930,-0.5044100576,-0.7783519763,-0.3543302947,0.1243331199,-0.0172502550,-0.0084285011,-0.1146304670,0.2169088015,-0.3624034988,0.5063055929,0.0469100962,-0.2430842031
0.0018055554,-0.0312001255,0.8049027667,-0.0713274091,-0.0075394809,-0.7313921434,0.6781748223,0.1653179714,0.0831757404,0.0314776356,0.1189478745,-0.0727251317,0.0057269266,0.1696953242,-0.0418469837,-0.0847179748,0.1472857786,-0.0428005703,0.0876757647,0.0567439533,0.0880611897,-0.0107629238,0.0756541831,0.1158339572,-0.5018761097,-0.7705030775,-0.3556701728,0.1230541080,-0.0126841704,-0.0085449979,-0.1052324665,0.2076129365,-0.3120782138,0.5199816859,0.0478211343,-0.2388310343
0.0025588534,-0.0313860887,0.8047893413,-0.0715001180,-0.0080893514,-0.7312018814,0.6783554408,0.1665945707,0.0811936056,0.0314000549,0.1189380333,-0.0734691278,0.0065350846,0.1712265193,-0.0439241589,-0.0848404549,0.1472241810,-0.0440332054,0.0910533716,0.0587077102,0.0865335886,-0.0096864996,0.0796004849,0.1127147159,-0.5073859897,-0.7628563981,-0.3570233107,0.1219239842,-0.0114792126,-0.0074401272,-0.1061051047,0.2074076716,-0.2546520284,0.5298592364,0.0498944116,-0.2345304108
0.0034778060,-0.0315104287,0.8046060187,-0.0717744475,-0.0086944265,-0.7309797270,0.6785583795,0.1680821820,0.0791138195,0.0313326800,0.1190407348,-0.0738786763,0.0077838815,0.1728860443,-0.0460187914,-0.0849808481,0.1474166005,-0.0447726824,0.0933573572,0.0604906958,0.0852444115,-0.0085345241,0.0841661923,0.1094826242,-0.5132007756,-0.7557335897,-0.3581491462,0.1208022505,-0.0101041130,-0.0065028494,-0.1079228471,0.2079951183,-0.1967372728,0.5391320655,0.0515208583,-0.2299894491
0.0043323636,-0.0317198877,0.8045082233,-0.0720723914,-0.0093108918,-0.7307560426,0.6787595184,0.1696356469,0.0770176931,0.0312730202,0.1191178665,-0.0742766948,0.0090628955,0.1746107688,-0.0481338758,-0.0851140253,0.1475729088,-0.0454890732,0.0956959178,0.0622276047,0.0839704083,-0.0073732641,0.0889116960,0.1062678199,-0.5190839308,-0.7487980834,-0.3591573928,0.1197585332,-0.0086735474,-0.0057520341,-0.1103446491,0.2091918133,-0.1386548762,0.5477420889,0.0532841777,-0.2250246655
0.0050486108,-0.0318491924,0.8041990856,-0.0722533097,-0.0100265276,-0.7304552143,0.6790538328,0.1710533040,0.0747019890,0.0303985117,0.1191759253,-0.0759853440,0.0101715346,0.1764024497,-0.0502793201,-0.0860595553,0.1476036124,-0.0477829071,0.0958508616,0.0637538735,0.0824178487,-0.0063485505,0.0908418534,0.1044289069,-0.5208996973,-0.7460522247,-0.3587405513,0.1185739396,-0.0071867951,-0.0004950532,-0.1128962021,0.2077156413,-0.0841728159,0.5568627529,0.0541495422,-0.2172007047
0.0056549367,-0.0319941964,0.8037941227,-0.0724053806,-0.0107603537,-0.7300461957,0.6794661344,0.1723905936,0.0723828954,0.0294457675,0.1193641487,-0.0778901865,0.0114325689,0.1782157551,-0.0525939549,-0.0872585183,0.1477239478,-0.0504460937,0.0978638623,0.0653085394,0.0806006539,-0.0052683543,0.0928238410,0.1029244426,-0.5226940861,-0.7437606566,-0.3583929413,0.1178021705,-0.0055604337,0.0052766719,-0.1158007898,0.2067221208,-0.0303641251,0.5653468164,0.0553406332,-0.2086340959
0.0063625959,-0.0322344840,0.8034739169,-0.0725474386,-0.0115034837,-0.7296281484,0.6798877143,0.1737150982,0.0700057308,0.0284700683,0.1195790275,-0.0798161975,0.0127274686,0.1800185000,-0.0549687262,-0.0884778767,0.1479051366,-0.0531541002,0.0999078031,0.0668540199,0.0786826680,-0.0042192410,0.0948816691,0.1015263861,-0.5245322612,-0.7416227017,-0.3580603911,0.1171618843,-0.0038567594,0.0111218001,-0.1191391794,0.2062205670,0.0232570275,0.5731552116,0.0569079229,-0.1997255675
0.0069172597,-0.0322214657,0.8031910484,-0.0727510663,-0.0122742339,-0.7292036304,0.6803077913,0.1749609342,0.0680944298,0.0269656810,0.1197355520,-0.0811657016,0.0138206601,0.1817981179,-0.0571485928,-0.0899753269,0.1482290022,-0.0553274061,0.1027765297,0.0671940394,0.0769120813,-0.0027918626,0.0987319379,0.1036044016,-0.5269721846,-0.7373410875,-0.3596729373,0.1176759918,-0.0051221073,0.0167780015,-0.1293586094,0.2022441117,0.0734636787,0.5789446738,0.0592469465,-0.1880156714
0.0075044679,-0.0323039071,0.8029958836,-0.0730027909,-0.0129907807,-0.7287401891,0.6807639598,0.1762998582,0.0660322068,0.0252236071,0.1198339075,-0.0827529041,0.0149778307,0.1835978319,-0.0592031343,-0.0915501242,0.1485139231,-0.0572960844,0.1053142496,0.0677217632,0.0754033257,-0.0013489032,0.1026057545,0.1055107539,-0.5295896270,-0.7329834137,-0.3616080139,0.1181179215,-0.0068238999,0.0225268379,-0.1402135032,0.1981077184,0.1236426774,0.5841545387,0.0620367170,-0.1754226022
0.0081026961,-0.0323870821,0.8027118006,-0.0732652593,-0.0137045499,-0.7282773846,0.6812168804,0.1776495692,0.0639732364,0.0234839891,0.1199476088,-0.0843473017,0.0161512312,0.1854321440,-0.0612522324,-0.0931194804,0.1487524460,-0.0592355951,0.1078669905,0.0683715913,0.0739943311,0.0001184859,0.1064014515,0.1074686807,-0.5324916174,-0.7283593161,-0.3635476557,0.1181453757,-0.0083499187,0.0282905624,-0.1513740526,0.1944411049,0.1740072832,0.5886126966,0.0647234491,-0.1625192010
0.0082087221,-0.0317254549,0.8027041686,-0.0719357270,-0.0125852813,-0.7280004152,0.6816760648,0.1738413018,0.0636092480,0.0220511683,0.1164140230,-0.0811147905,0.0158254677,0.1825981249,-0.0615130957,-0.0951864502,0.1444921971,-0.0576683409,0.1063003813,0.0657878474,0.0747808288,-0.0000271702,0.1029371852,0.1152515017,-0.5416333436,-0.7289782919,-0.3667103225,0.1188951003,-0.0119840243,0.0308343671,-0.1607679043,0.1927665753,0.1975665653,0.5936908693,0.0637057939,-0.1524312817
0.0082291128,-0.0315632435,0.8024675643,-0.0714160961,-0.0125366097,-0.7275759586,0.6821845785,0.1726840101,0.0626706689,0.0202511185,0.1157836165,-0.0816399684,0.0158854958,0.1823016717,-0.0624805746,-0.0974249059,0.1434182902,-0.0589494280,0.1072442672,0.0644664299,0.0746766845,0.0001504646,0.1006076728,0.1223783383,-0.5537698829,-0.7275478442,-0.3682243548,0.1201768236,-0.0153591558,0.0381021163,-0.1680276435,0.1921461187,0.2188084337,0.5961286961,0.0620286322,-0.1454429934
0.0082342824,-0.0322175734,0.8020109588,-0.0727486770,-0.0148676842,-0.7268884456,0.6827296461,0.1774331822,0.0605609036,0.0183900677,0.1197476930,-0.0867457978,0.0161837890,0.1875053680,-0.0649795147,-0.0996013643,0.1481457201,-0.0655788154,0.1087621851,0.0653737474,0.0733009211,0.0028207719,0.0999325165,0.1275380206,-0.5706257041,-0.7214628238,-0.3662360678,0.1207345496,-0.0196118081,0.0510428784,-0.1724887502,0.1913847503,0.2398136928,0.5945030289,0.0576594689,-0.1409044125
0.0080788605,-0.0317314473,0.8020671082,-0.0716539059,-0.0137275062,-0.7267623803,0.6830034524,0.1744724590,0.0607373240,0.0169570352,0.1164127998,-0.0840877146,0.0159582836,0.1846478702,-0.0645175611,-0.1007889231,0.1448618889,-0.0630682177,0.1085352195,0.0620680351,0.0746087533,0.0031387618,0.0981391147,0.1386906206,-0.5806235223,-0.7153163944,-0.3680144727,0.1229249116,-0.0229252757,0.0539948523,-0.1823318302,0.1885446771,0.2479530481,0.5965936913,0.0560602894,-0.1364579425
0.0080058412,-0.0316144044,0.8020687042,-0.0711567845,-0.0134724768,-0.7265661212,0.6832692558,0.1733403353,0.0604235858,0.0155854062,0.1157130473,-0.0839117437,0.0158465085,0.1838110383,-0.0645880017,-0.1016106281,0.1439684098,-0.0626766317,0.1085705722,0.0593452945,0.0751542246,0.0033298012,0.0968674723,0.1484159749,-0.5921395043,-0.7056009665,-0.3688605615,0.1250591066,-0.0267067408,0.0594997447,-0.1906791720,0.1865765560,0.2559597483,0.5970087074,0.0544005361,-0.1343399056
0.0079314243,-0.0316315994,0.8019502341,-0.0708758339,-0.0134752669,-0.7263441624,0.6835343379,0.1727948266,0.0600148059,0.0142096674,0.1155745184,-0.0842193005,0.0157539888,0.1835135975,-0.0647990280,-0.1024149730,0.1437672252,-0.0628418421,0.1086546026,0.0569197669,0.0756090484,0.0038974591,0.0953728145,0.1576830338,-0.6040238230,-0.6947401122,-0.3692111817,0.1266881071,-0.0309782148,0.0659787490,-0.1986689773,0.1846728016,0.2630875326,0.5968458967,0.0527078520,-0.1330796344
0.0074582526,-0.0323469494,0.8016594273,-0.0721127141,-0.0151840232,-0.7264403275,0.6832668970,0.1772355729,0.0593675228,0.0130113888,0.1192102487,-0.0882506983,0.0155930329,0.1877860345,-0.0662902797,-0.1038627581,0.1482639743,-0.0698866825,0.1091819183,0.0547902600,0.0758053648,0.0059578000,0.0886139457,0.1642025852,-0.6268528950,-0.6694775070,-0.3665298964,0.1296310675,-0.0409654507,0.0746222683,-0.1985987928,0.1840215295,0.2632460698,0.5954256696,0.0490472974,-0.1328719408
0.0070719333,-0.0324727074,0.8016342526,-0.0721970951,-0.0156064095,-0.7264835120,0.6832025514,0.1783296564,0.0592676125,0.0119287986,0.1193628520,-0.0888930236,0.0153404194,0.1884357281,-0.0664483877,-0.1044461543,0.1492599625,-0.0716785482,0.1089977897,0.0519552060,0.0765352093,0.0076152106,0.0791359127,0.1717542249,-0.6471850872,-0.6465345187,-0.3654297046,0.1324518299,-0.0511036517,0.0809536487,-0.2000981506,0.1827759196,0.2603722403,0.5962017243,0.0475791545,-0.1317519546
0.0066898881,-0.0325378815,0.8015601367,-0.0719924046,-0.0156812227,-0.7265743917,0.6831257909,0.1784779917,0.0593031055,0.0108732455,0.1191197458,-0.0890912258,0.0150639029,0.1883115351,-0.0664222730,-0.1050147581,0.1494233970,-0.0727697616,0.1087549258,0.0489931676,0.0773775662,0.0085555808,0.0691697216,0.1792199148,-0.6671320879,-0.6238283533,-0.3646578837,0.1355359100,-0.0611151601,0.0869299154,-0.2018138344,0.1816542864,0.2571366521,0.5973865589,0.0468414429,-0.1308056458
0.0063360900,-0.0326796804,0.8017134777,-0.0717023824,-0.0154632767,-0.7267896863,0.6829322129,0.1778864605,0.0596764303,0.0100353028,0.1187603675,-0.0882623425,0.0141865240,0.1872623714,-0.0659826795,-0.1055887116,0.1493536092,-0.0725032674,0.1080115258,0.0459672659,0.0800042562,0.0076820078,0.0558549099,0.2024816002,-0.6898657181,-0.5761515217,-0.3652041527,0.1440861108,-0.0796305130,0.0880228915,-0.2063027931,0.1813644916,0.2604508829,0.5974627439,0.0473413892,-0.1322161442
0.0059447738,-0.0326302669,0.8018000922,-0.0713381922,-0.0151923421,-0.7269246092,0.6828328255,0.1770047606,0.0602301281,0.0099511494,0.1185465973,-0.0872188202,0.0132852293,0.1861048217,-0.0655023126,-0.1060892130,0.1493155316,-0.0719840672,0.1071844542,0.0431383698,0.0818704393,0.0065801230,0.0402826310,0.2250213601,-0.7120789800,-0.5243844933,-0.3654887173,0.1507087820,-0.1006774006,0.0878279566,-0.2099042098,0.1804166477,0.2658266608,0.5976851706,0.0475745460,-0.1332375516
0.0055657616,-0.0324123895,0.8019778591,-0.0709996954,-0.0149473055,-0.7270624539,0.6827267458,0.1760445576,0.0607721590,0.0098762875,0.1184169658,-0.0861078172,0.0123964342,0.1848639964,-0.0650356180,-0.1065652723,0.1493492236,-0.0713877432,0.1063553475,0.0404052805,0.0835722982,0.0055782351,0.0236926587,0.2468329629,-0.7344317801,-0.4711270473,-0.3646850544,0.1564286110,-0.1227641654,0.0870850492,-0.2133435641,0.1792137163,0.2720407045,0.5979297457,0.0476038259,-0.1338819503
0.0048081690,-0.0319025092,0.8023574712,-0.0710957914,-0.0147009256,-0.7276781353,0.6820658345,0.1751975075,0.0626102658,0.0098590877,0.1181457793,-0.0833126736,0.0108997957,0.1830434870,-0.0628444700,-0.1051359777,0.1498694960,-0.0678166490,0.1031728998,0.0392620708,0.0874472748,0.0032939487,0.0012774772,0.2805996186,-0.7586963226,-0.3951237267,-0.3523494501,0.1693298386,-0.1554984690,0.0811173396,-0.2209641997,0.1826117809,0.2875492349,0.5963906172,0.0506389337,-0.1345850958
0.0040580583,-0.0311761021,0.8027090249,-0.0711718654,-0.0145833995,-0.7283002796,0.6813960616,0.1743958870,0.0644330539,0.0103988775,0.1180615198,-0.0803925808,0.0096520050,0.1811610801,-0.0608872319,-0.1048572660,0.1501202962,-0.0645778150,0.0999952877,0.0382762841,0.0904993342,0.0013138105,-0.0231502037,0.3122927606,-0.7836879501,-0.3150559075,-0.3357384633,0.1796295157,-0.1908638834,0.0730633250,-0.2278787304,0.1859264208,0.3058769003,0.5949347288,0.0531798680,-0.1345117425
0.0032826966,-0.0303774507,0.8031407356,-0.0713233582,-0.0145348157,-0.7289121265,0.6807266923,0.1736682859,0.0661688780,0.0109303314,0.1180738964,-0.0774399246,0.0084977855,0.1793581736,-0.0590213187,-0.1045681815,0.1504584278,-0.0612931763,0.0968966579,0.0372161417,0.0932638162,-0.0003602859,-0.0485721776,0.3426040500,-0.8101166472,-0.2337012249,-0.3157343418,0.1879942344,-0.2266080704,0.0641519522,-0.2345764279,0.1892068594,0.3253337278,0.5935155116,0.0553788430,-0.1339016803
0.0028373792,-0.0295517045,0.8034824316,-0.0715180838,-0.0143803795,-0.7293459336,0.6802447189,0.1727808470,0.0674905005,0.0120163644,0.1183290652,-0.0736151964,0.0067963125,0.1780121509,-0.0578897578,-0.1028932426,0.1508429798,-0.0588010239,0.0966971294,0.0388032064,0.0954135278,-0.0017578718,-0.0657646016,0.3713580133,-0.8225175278,-0.1604367732,-0.2915480674,0.1932996059,-0.2574135452,0.0542124345,-0.2434003414,0.1916797582,0.3396017718,0.5872423761,0.0574246069,-0.1303270234
0.0024693851,-0.0288348385,0.8039496669,-0.0717287363,-0.0142304011,-0.7297748507,0.6797655120,0.1720395334,0.0689633231,0.0130796970,0.1184259061,-0.0700940525,0.0054819684,0.1764374780,-0.0562192940,-0.1020047856,0.1513608851,-0.0548777119,0.0935235921,0.0389179297,0.0976665857,-0.0031309126,-0.0814198964,0.4002294387,-0.8348746276,-0.0889788081,-0.2649930631,0.1979358056,-0.2871239526,0.0443453780,-0.2523245439,0.1957932573,0.3531016162,0.5802773748,0.0598343087,-0.1266640824
0.0022021135,-0.0281686517,0.8043222737,-0.0719300529,-0.0140382270,-0.7301895372,0.6793027568,0.1712761735,0.0704600058,0.0140894219,0.1185444447,-0.0666486932,0.0041848545,0.1749445036,-0.0545150602,-0.1011712970,0.1517245577,-0.0509428791,0.0903771201,0.0384649857,0.0997878522,-0.0045557217,-0.0966090036,0.4291423500,-0.8482172142,-0.0184136231,-0.2367177938,0.2017489839,-0.3154360356,0.0344821085,-0.2610634371,0.2006832579,0.3662686741,0.5732245228,0.0622813221,-0.1232110155
0.0010199447,-0.0272209504,0.8047133095,-0.0721945337,-0.0141048162,-0.7304769052,0.6789642807,0.1705018095,0.0726459665,0.0145541610,0.1188663545,-0.0627253028,0.0017853071,0.1740016747,-0.0527755430,-0.1010480047,0.1520107438,-0.0488778375,0.0902752016,0.0377945213,0.1014774968,-0.0054640857,-0.1147822461,0.4685655416,-0.8752434399,0.0566276699,-0.2009831896,0.2050158248,-0.3487639672,0.0238593260,-0.2755245125,0.2111364408,0.3847469755,0.5648223583,0.0679267838,-0.1138792756
0.0000251388,-0.0263358155,0.8052065240,-0.0725716182,-0.0141766032,-0.7307670041,0.6786103226,0.1699944149,0.0749724989,0.0148757789,0.1191496823,-0.0588765429,-0.0004222811,0.1729646066,-0.0503324074,-0.1012367481,0.1525067622,-0.0456166273,0.0866430546,0.0373882357,0.1026858594,-0.0062420427,-0.1330749255,0.5076179146,-0.9045970522,0.1314993387,-0.1629607307,0.2062974463,-0.3803759131,0.0127753133,-0.2894523412,0.2210457048,0.4044504807,0.5564123398,0.0731586268,-0.1032172060
-0.0009951257,-0.0254832380,0.8056045333,-0.0729655698,-0.0142253639,-0.7310738672,0.6782364377,0.1695134370,0.0772736205,0.0152571662,0.1194761496,-0.0551071504,-0.0025495340,0.1720055578,-0.0479055612,-0.1013702547,0.1528800945,-0.0423083632,0.0830939329,0.0370224048,0.1036349258,-0.0069498576,-0.1515692202,0.5459616845,-0.9357518698,0.2062577098,-0.1233295626,0.2060077183,-0.4095309556,0.0014195923,-0.3029721492,0.2310749380,0.4244641906,0.5477971727,0.0780329619,-0.0921854682
-0.0019507912,-0.0245196941,0.8058552580,-0.0730579162,-0.0143420856,-0.7315123230,0.6777511097,0.1686410667,0.0794417534,0.0172541461,0.1198207005,-0.0520762764,-0.0043536187,0.1707755564,-0.0465109051,-0.1005901297,0.1530619017,-0.0409742469,0.0823764128,0.0376274072,0.1046420746,-0.0070029093,-0.1585429627,0.5701063367,-0.9474014250,0.2591259537,-0.0930883849,0.2049115209,-0.4267414475,-0.0057064577,-0.3039077720,0.2312056444,0.4322815234,0.5448428276,0.0779743151,-0.0871397637
-0.0029481883,-0.0238067542,0.8061687889,-0.0731348171,-0.0142719055,-0.7319486454,0.6772730555,0.1677353097,0.0817336148,0.0193410657,0.1199897884,-0.0492465636,-0.0066567235,0.1692385297,-0.0444595668,-0.1000435562,0.1533902613,-0.0390706506,0.0793521963,0.0372296377,0.1061398854,-0.0073449689,-0.1636145198,0.5952930877,-0.9591157031,0.3088196163,-0.0633415515,0.2051167935,-0.4409005042,-0.0113154100,-0.3049973001,0.2331559708,0.4371740981,0.5418872497,0.0783310620,-0.0841677862
-0.0039446946,-0.0230746938,0.8063928971,-0.0731578306,-0.0141242670,-0.7323864003,0.6768002641,0.1667226183,0.0840592577,0.0214085821,0.1201601798,-0.0464926349,-0.0089594067,0.1676431876,-0.0423709509,-0.0995218008,0.1536176867,-0.0371889908,0.0763340592,0.0364797211,0.1075877701,-0.0079263556,-0.1680722349,0.6208316973,-0.9712784420,0.3574207178,-0.0336572008,0.2056474810,-0.4533669768,-0.0164162730,-0.3059974713,0.2357229800,0.4410240513,0.5389844047,0.0790160761,-0.0819163018
-0.0050939393,-0.0226196613,0.8065188035,-0.0729871787,-0.0140404871,-0.7329408074,0.6762200154,0.1660969442,0.0857122215,0.0222537164,0.1201708000,-0.0455162330,-0.0099212061,0.1664212815,-0.0405201391,-0.0979565798,0.1533707279,-0.0371726919,0.0766382112,0.0368441164,0.1065952107,-0.0065429677,-0.1666123646,0.6349708213,-0.9712225257,0.4190984650,-0.0171771550,0.2053475072,-0.4478964722,-0.0205093695,-0.3089382253,0.2440519353,0.4478491318,0.5315528731,0.0814177245,-0.0753404880
-0.0060800763,-0.0221637721,0.8066066755,-0.0729507207,-0.0139321026,-0.7334239445,0.6757021581,0.1655949661,0.0876312390,0.0235930409,0.1201353276,-0.0444750464,-0.0111297155,0.1652953062,-0.0386233992,-0.0967769994,0.1532702298,-0.0369586346,0.0750665358,0.0357335361,0.1066033863,-0.0050047458,-0.1647372737,0.6471909418,-0.9705071199,0.4837154246,-0.0016711175,0.2031649804,-0.4394273791,-0.0253362443,-0.3126503227,0.2537994054,0.4551784689,0.5238970562,0.0836245598,-0.0682809339
-0.0070326890,-0.0217001557,0.8066950894,-0.0729487027,-0.0138302587,-0.7338953894,0.6751923934,0.1651330566,0.0895429097,0.0249167754,0.1201246095,-0.0434394031,-0.0122936810,0.1642532053,-0.0367302792,-0.0956118281,0.1531104142,-0.0367033956,0.0735371658,0.0342934824,0.1068253115,-0.0033604850,-0.1627766206,0.6590771703,-0.9698629043,0.5493471053,0.0134571067,0.1999048670,-0.4292571505,-0.0304159895,-0.3164561476,0.2640278802,0.4628333074,0.5162647053,0.0853883382,-0.0612528858
-0.0075749768,-0.0210229930,0.8066305064,-0.0716490176,-0.0123389046,-0.7343681684,0.6748463255,0.1613291424,0.0912309246,0.0264925068,0.1166432562,-0.0413101551,-0.0129102468,0.1603571712,-0.0348907199,-0.0944171293,0.1486455875,-0.0349667047,0.0725370218,0.0351384889,0.1066569361,-0.0051383876,-0.1669550456,0.6704037735,-0.9790028747,0.5791189187,0.0278028601,0.1987997375,-0.4226561978,-0.0366546237,-0.3220710967,0.2758740088,0.4706015750,0.5105934753,0.0900725555,-0.0521815908
-0.0080865320,-0.0206635040,0.8064893029,-0.0712381131,-0.0119487803,-0.7348706689,0.6743496555,0.1599173452,0.0924143041,0.0286650308,0.1163305779,-0.0423071343,-0.0135042544,0.1585184406,-0.0337833058,-0.0927096140,0.1476952124,-0.0360967839,0.0721924175,0.0360510154,0.1054857862,-0.0051725252,-0.1703864224,0.6803194238,-0.9889287083,0.6111310710,0.0436172186,0.1982901646,-0.4147619809,-0.0415293384,-0.3261135799,0.2883281666,0.4787706073,0.5033212182,0.0940658213,-0.0435703061
-0.0085934525,-0.0203078792,0.8062329147,-0.0710953802,-0.0118710139,-0.7353455908,0.6738481936,0.1592754906,0.0934770441,0.0308445072,0.1164305573,-0.0436679301,-0.0140712925,0.1572573681,-0.0328389432,-0.0909723171,0.1475675972,-0.0378084713,0.0718924288,0.0368930284,0.1041861667,-0.0042779356,-0.1739426432,0.6897892181,-0.9990249368,0.6437525885,0.0596591156,0.1976140304,-0.4061483071,-0.0463033451,-0.3298544165,0.3007910835,0.4867491591,0.4955846777,0.0977681047,-0.0351131597
-0.0093537974,-0.0200930514,0.8059767239,-0.0710891871,-0.0120526517,-0.7355499132,0.6736225845,0.1592630959,0.0944070448,0.0319638592,0.1164995174,-0.0453660227,-0.0146846279,0.1570825705,-0.0319669501,-0.0900364692,0.1477069725,-0.0401778106,0.0724354437,0.0373480116,0.1030576215,-0.0036358985,-0.1782762488,0.6915589398,-1.0018862243,0.6801461392,0.0716282119,0.1994055501,-0.3997192882,-0.0493979355,-0.3304197277,0.3079609016,0.4933865720,0.4903960888,0.0996173057,-0.0291516298
-0.0099599461,-0.0199364857,0.8057282420,-0.0711968762,-0.0123041361,-0.7356895191,0.6734541890,0.1595485985,0.0952881935,0.0328686125,0.1165858193,-0.0467133365,-0.0147716521,0.1571265362,-0.0311804046,-0.0895113035,0.1479122697,-0.0422385222,0.0722630258,0.0377272131,0.1023322841,-0.0025552389,-0.1831695022,0.6919374281,-1.0046188698,0.7180798667,0.0836024371,0.2011560989,-0.3932886319,-0.0522186651,-0.3313005392,0.3151334502,0.4996385945,0.4853299068,0.1012556713,-0.0237032859
-0.0106326094,-0.0196844075,0.8054793518,-0.0713488968,-0.0125895222,-0.7358170702,0.6732934561,0.1599591705,0.0961469859,0.0337579549,0.1166342880,-0.0480431534,-0.0148287239,0.1573140332,-0.0304121969,-0.0890043493,0.1480635281,-0.0442730636,0.0721222671,0.0381197321,0.1017431163,-0.0013167114,-0.1883006979,0.6918652391,-1.0074638304,0.7565583047,0.0954388654,0.2027667483,-0.3864806351,-0.0549917723,-0.3322963873,0.3223234846,0.5056845108,0.4802999014,0.1028894420,-0.0184195323
-0.0107622510,-0.0193825116,0.8053563640,-0.0714945665,-0.0127569142,-0.7357361360,0.6733632945,0.1602980359,0.0964535164,0.0342005129,0.1167209616,-0.0492235208,-0.0153426819,0.1575660232,-0.0302553708,-0.0884617785,0.1481474099,-0.0454314831,0.0719444600,0.0394758029,0.0998082811,-0.0000668145,-0.1928540704,0.6859653776,-1.0093185887,0.7767591220,0.0997433193,0.1997468735,-0.3744183840,-0.0576591309,-0.3370789615,0.3292933702,0.5122395536,0.4765602330,0.1058273800,-0.0121510865
-0.0108601633,-0.0191052086,0.8052766339,-0.0717388410,-0.0129170791,-0.7357114894,0.6733611899,0.1604736124,0.0967761491,0.0344797791,0.1167486447,-0.0498486029,-0.0151657454,0.1577295530,-0.0300357233,-0.0881798398,0.1482018510,-0.0460785523,0.0719139255,0.0409558387,0.0985626786,0.0011151914,-0.1965845359,0.6810920218,-1.0114913208,0.7942035856,0.1023192898,0.1979223568,-0.3611912455,-0.0604615261,-0.3426962349,0.3361629227,0.5188658850,0.4732240732,0.1088862101,-0.0054877418
-0.0110471323,-0.0187509520,0.8051975166,-0.0719687044,-0.0130547995,-0.7356921550,0.6733551298,0.1606240972,0.0971157961,0.0347675883,0.1167462969,-0.0504699658,-0.0149937990,0.1578809824,-0.0297967668,-0.0878961199,0.1481839046,-0.0466898314,0.0718804552,0.0424014910,0.0973540823,0.0022255718,-0.2000402275,0.6766207972,-1.0137357504,0.8106817586,0.1044051651,0.1967425184,-0.3476804387,-0.0633128112,-0.3483871332,0.3430975207,0.5255306679,0.4699446837,0.1119256076,0.0012929182
-0.0109711469,-0.0186230218,0.8052608844,-0.0720829603,-0.0132233087,-0.7355820570,0.6734598937,0.1606529257,0.0969059683,0.0338300922,0.1167931364,-0.0496114138,-0.0144195142,0.1582240433,-0.0295769238,-0.0878847787,0.1481894189,-0.0459205293,0.0720031819,0.0448811024,0.0963388965,0.0019863779,-0.2041235970,0.6702292206,-1.0117457644,0.8220826445,0.1011925521,0.1943700894,-0.3382209816,-0.0706398079,-0.3538085505,0.3531172078,0.5350629941,0.4636045567,0.1157744495,0.0078383088
-0.0109109912,-0.0184363218,0.8053290980,-0.0721837483,-0.0133449312,-0.7354044524,0.6736406392,0.1605619887,0.0966092442,0.0327762057,0.1168331134,-0.0486455646,-0.0140224629,0.1584875965,-0.0297872113,-0.0888651377,0.1481154097,-0.0450710435,0.0718290444,0.0465832153,0.0954556300,0.0019015804,-0.2077404528,0.6644046452,-1.0088352998,0.8326911917,0.0974826217,0.1922873380,-0.3293690842,-0.0791889865,-0.3589916429,0.3638092257,0.5455967239,0.4568877531,0.1195694117,0.0145156134
-0.0108567554,-0.0182342664,0.8053973356,-0.0722881866,-0.0134783519,-0.7352030510,0.6738465893,0.1604515713,0.0962987607,0.0316481649,0.1168865607,-0.0476536721,-0.0136286576,0.1587667170,-0.0300093407,-0.0899127538,0.1480570270,-0.0442216566,0.0716495265,0.0478968193,0.0945494002,0.0019313103,-0.2109643957,0.6588589924,-1.0055737937,0.8433476884,0.0936787910,0.1898253367,-0.3203635145,-0.0881244856,-0.3638994182,0.3749934967,0.5566884910,0.4500602379,0.1228396928,0.0211551001
-0.0105985738,-0.0182229364,0.8055859869,-0.0724256658,-0.0135821394,-0.7352905854,0.6737342231,0.1608251332,0.0962537567,0.0312977038,0.1170125464,-0.0463501111,-0.0136941452,0.1591209865,-0.0303564424,-0.0907041415,0.1480262873,-0.0434198601,0.0706527472,0.0477869920,0.0941228111,0.0009668945,-0.2108017287,0.6520198846,-1.0012597440,0.8545680645,0.0906841911,0.1882585248,-0.3149911947,-0.0983210759,-0.3650506052,0.3760464191,0.5565430152,0.4477436624,0.1225942576,0.0212495791
-0.0104613793,-0.0182314185,0.8056961872,-0.0725593862,-0.0136421790,-0.7353702975,0.6736316144,0.1612345046,0.0961226558,0.0309282132,0.1170650360,-0.0451485678,-0.0138381786,0.1595359124,-0.0305979714,-0.0915703707,0.1480420459,-0.0422306503,0.0694088253,0.0482243991,0.0936403544,-0.0000594672,-0.2110352489,0.6452638821,-0.9972292249,0.8656614563,0.0881533922,0.1868333856,-0.3101304581,-0.1073706462,-0.3661533386,0.3768415022,0.5545926691,0.4457176492,0.1228488346,0.0198439044
-0.0103285289,-0.0182542221,0.8058062073,-0.0726853894,-0.0136912758,-0.7354558219,0.6735236574,0.1616454392,0.0960012805,0.0305729368,0.1171053052,-0.0439648699,-0.0139878924,0.1599588693,-0.0308237476,-0.0924242307,0.1480205145,-0.0410391323,0.0681590842,0.0488761102,0.0931504556,-0.0011523863,-0.2114512940,0.6385118292,-0.9933993148,0.8767200313,0.0856856071,0.1854471642,-0.3053955451,-0.1159375926,-0.3673030658,0.3775314357,0.5519106766,0.4437458850,0.1234181222,0.0179774145
-0.0099941646,-0.0182727304,0.8064007655,-0.0728764697,-0.0133492652,-0.7350086013,0.6739979030,0.1610508674,0.0962913189,0.0294060541,0.1170567667,-0.0407700328,-0.0145078579,0.1594954671,-0.0300803630,-0.0917840857,0.1482570498,-0.0360953905,0.0689981110,0.0493109288,0.0933400418,-0.0023136833,-0.2146552479,0.6342672381,-0.9957704853,0.8799170989,0.0847038420,0.1825285537,-0.3005005787,-0.1249063349,-0.3696800125,0.3849877621,0.5503890842,0.4398713215,0.1264044244,0.0230171280
-0.0096985527,-0.0182662388,0.8068489701,-0.0728310164,-0.0130367994,-0.7345959173,0.6744586890,0.1601255124,0.0963116135,0.0284853011,0.1170832459,-0.0370042850,-0.0148961445,0.1592969655,-0.0300253130,-0.0930986571,0.1480954264,-0.0318013301,0.0670200576,0.0499951599,0.0929873494,-0.0038272533,-0.2174754290,0.6309087085,-0.9980579377,0.8814606210,0.0832975073,0.1804325235,-0.2958628625,-0.1338642836,-0.3720739786,0.3921274954,0.5489193087,0.4358768828,0.1296640162,0.0288486107
-0.0095036931,-0.0182652648,0.8073855196,-0.0727549508,-0.0127121462,-0.7341680141,0.6749388458,0.1591392698,0.0963160280,0.0275037965,0.1170858295,-0.0332195375,-0.0152913564,0.1590373087,-0.0299865083,-0.0944720328,0.1479638268,-0.0275414494,0.0650227129,0.0506176416,0.0925261718,-0.0054290570,-0.2201540229,0.6278857435,-1.0003712546,0.8824504079,0.0817974471,0.1787002049,-0.2912951503,-0.1428110667,-0.3743846928,0.3992280229,0.5475014106,0.4318029802,0.1329217877,0.0348499994
-0.0094247147,-0.0180988952,0.8078037723,-0.0727504875,-0.0126065645,-0.7341135436,0.6750005528,0.1587558133,0.0963513206,0.0269440863,0.1171868641,-0.0304283253,-0.0153536647,0.1588541499,-0.0298118164,-0.0943589875,0.1476501512,-0.0250822798,0.0661170624,0.0508213763,0.0906890759,-0.0068949271,-0.2224851324,0.6274101797,-1.0044648659,0.8840151181,0.0829644052,0.1775605346,-0.2902245355,-0.1537588576,-0.3843254485,0.4138421869,0.5303085233,0.4181880797,0.1358689120,0.0466137348
-0.0093573321,-0.0179097968,0.8081477153,-0.0728619422,-0.0124660934,-0.7340481377,0.6750622678,0.1584807519,0.0966438398,0.0263775646,0.1172586677,-0.0273554016,-0.0153473953,0.1587423244,-0.0296059876,-0.0953188529,0.1476368291,-0.0218553187,0.0643011379,0.0506767091,0.0893539145,-0.0081905284,-0.2243861874,0.6269105382,-1.0077683262,0.8852118865,0.0845962976,0.1765651851,-0.2896808111,-0.1634045872,-0.3951391987,0.4287545267,0.5104038459,0.4037171897,0.1399352951,0.0583247493
-0.0092788542,-0.0178231034,0.8085770026,-0.0729847554,-0.0123204103,-0.7339754173,0.6751307427,0.1582390964,0.0969424771,0.0257913119,0.1173336017,-0.0243055196,-0.0153275837,0.1586965273,-0.0293890737,-0.0963039633,0.1475682794,-0.0186292518,0.0624926532,0.0504240482,0.0881011033,-0.0095269238,-0.2261096779,0.6264042734,-1.0108979360,0.8862927514,0.0863703159,0.1756278975,-0.2892353949,-0.1727512119,-0.4064203303,0.4438087777,0.4897369257,0.3891858240,0.1444223619,0.0699868962
-0.0093393974,-0.0179150733,0.8089844372,-0.0729910856,-0.0122645222,-0.7337256159,0.6754025493,0.1580557927,0.0970156725,0.0251635598,0.1172926934,-0.0213759421,-0.0157034277,0.1588246779,-0.0287427343,-0.0959849793,0.1474697924,-0.0157154132,0.0632738168,0.0506430281,0.0876096206,-0.0110868200,-0.2275695462,0.6263616756,-1.0114707222,0.8862130587,0.0863072568,0.1738608253,-0.2866544136,-0.1813350444,-0.4103015796,0.4581299545,0.4583269905,0.3809867554,0.1480439640,0.0887774370
-0.0093933832,-0.0181335121,0.8093720016,-0.0729809884,-0.0121326744,-0.7335025788,0.6756482372,0.1579159825,0.0972735673,0.0244816367,0.1172211564,-0.0185022696,-0.0160039470,0.1590213447,-0.0284491526,-0.0967795906,0.1473795837,-0.0128480709,0.0620571641,0.0507924694,0.0868434601,-0.0126087510,-0.2287246030,0.6267521199,-1.0119734400,0.8859017571,0.0860672817,0.1719279579,-0.2837389834,-0.1891874449,-0.4148234838,0.4727316784,0.4251074193,0.3731929937,0.1524688398,0.1075317180
-0.0094382006,-0.0182696032,0.8097581178,-0.0729706121,-0.0120003276,-0.7332721775,0.6759017647,0.1577735321,0.0975139289,0.0237782422,0.1171577128,-0.0156354587,-0.0162833413,0.1592259085,-0.0281723459,-0.0975938538,0.1472967483,-0.0099954229,0.0608547807,0.0508821277,0.0860360643,-0.0141946171,-0.2297799236,0.6272271089,-1.0124848770,0.8855255945,0.0857914329,0.1699847515,-0.2807890661,-0.1969258736,-0.4199185268,0.4875741413,0.3914138579,0.3655312503,0.1571290458,0.1262381529
-0.0091993789,-0.0184901259,0.8101327996,-0.0728530043,-0.0116614352,-0.7332498665,0.6759445864,0.1577383813,0.0973601350,0.0232096596,0.1171100815,-0.0136857634,-0.0162233020,0.1592951838,-0.0280736012,-0.0983203624,0.1471381222,-0.0076508693,0.0592411524,0.0511783670,0.0844609307,-0.0155025160,-0.2285940740,0.6261154740,-1.0128003872,0.8878777166,0.0850324343,0.1705870391,-0.2810222225,-0.2037139296,-0.4307353391,0.5039897127,0.3737681952,0.3549320290,0.1654923314,0.1504654343
-0.0089958675,-0.0186557292,0.8104238185,-0.0728169337,-0.0114155634,-0.7332422963,0.6759608820,0.1576384984,0.0972655958,0.0227215653,0.1171337808,-0.0118469213,-0.0160664672,0.1592531916,-0.0281020457,-0.0991171057,0.1470226722,-0.0053177811,0.0577132514,0.0513650491,0.0831800888,-0.0170309989,-0.2271551687,0.6244011583,-1.0129274286,0.8910462376,0.0843741512,0.1707806988,-0.2812611271,-0.2117513328,-0.4416105463,0.5205825413,0.3590497088,0.3439399586,0.1721489226,0.1763964892
-0.0087813125,-0.0187980369,0.8107145165,-0.0727937935,-0.0111794677,-0.7332369333,0.6759731377,0.1575251806,0.0971632931,0.0222435807,0.1172005514,-0.0100029703,-0.0158992684,0.1591950329,-0.0281387800,-0.0998974374,0.1469318283,-0.0029601924,0.0561931432,0.0514144154,0.0819506653,-0.0185590340,-0.2256366171,0.6225526294,-1.0129075521,0.8944610815,0.0837555736,0.1708255354,-0.2814797388,-0.2203177483,-0.4526047221,0.5373229735,0.3452316726,0.3327993323,0.1780269414,0.2029256788
-0.0085265975,-0.0190743658,0.8108542016,-0.0729924197,-0.0113707719,-0.7331451073,0.6760481224,0.1582365159,0.0970080393,0.0223026348,0.1173929075,-0.0091032943,-0.0159689083,0.1600359365,-0.0281679118,-0.0992709916,0.1469340580,-0.0016726478,0.0556198693,0.0505253319,0.0817902505,-0.0195070020,-0.2220622539,0.6210343205,-1.0096651141,0.8940277517,0.0813275062,0.1699032678,-0.2800844552,-0.2252440678,-0.4616269332,0.5459161443,0.3344431716,0.3222257336,0.1818814368,0.2149009301
-0.0083973973,-0.0192756862,0.8109004196,-0.0732368721,-0.0115133488,-0.7330978294,0.6760705406,0.1592457761,0.0969111922,0.0224485255,0.1175144875,-0.0084542777,-0.0160585508,0.1611392617,-0.0281181206,-0.0986436714,0.1469037266,-0.0005522622,0.0556609309,0.0498350579,0.0816562809,-0.0203709080,-0.2184387782,0.6199787803,-1.0067057130,0.8929833786,0.0787193875,0.1691932649,-0.2785477926,-0.2300981701,-0.4703573181,0.5546133569,0.3238963560,0.3117196293,0.1852513732,0.2257610188
-0.0081875005,-0.0195663164,0.8110330251,-0.0735001108,-0.0116756413,-0.7330516168,0.6760892990,0.1603239324,0.0968236406,0.0226024574,0.1176342261,-0.0078188964,-0.0161591128,0.1623086718,-0.0280601155,-0.0980140253,0.1468623313,0.0005636025,0.0556949570,0.0491342684,0.0815106884,-0.0212162041,-0.2148537485,0.6190122468,-1.0037356622,0.8914565763,0.0761057746,0.1690082368,-0.2771714464,-0.2351070062,-0.4791767944,0.5631200137,0.3131605612,0.3011702906,0.1889516610,0.2368858404
-0.0085486874,-0.0198749903,0.8111075490,-0.0737180520,-0.0117851395,-0.7332082969,0.6758937436,0.1614788387,0.0974046672,0.0227912298,0.1176448318,-0.0073499784,-0.0160935108,0.1633106437,-0.0278437532,-0.0984499426,0.1468104065,-0.0003934675,0.0556043654,0.0488230555,0.0812706387,-0.0209929324,-0.2111523851,0.6131559473,-0.9951179124,0.8942355551,0.0705231776,0.1694886110,-0.2726057350,-0.2328815777,-0.4834647278,0.5728011872,0.3098947145,0.2937287076,0.1930032340,0.2499273564
-0.0087951324,-0.0201787169,0.8111687056,-0.0739143625,-0.0119516415,-0.7332742662,0.6757978069,0.1626487138,0.0978932251,0.0231225957,0.1176800561,-0.0068006702,-0.0159578103,0.1644809204,-0.0274758415,-0.0985735889,0.1468431438,-0.0006918446,0.0554323467,0.0483118612,0.0809576119,-0.0210763599,-0.2074449593,0.6065746203,-0.9864405505,0.8982340803,0.0649897449,0.1693970389,-0.2675949665,-0.2309308775,-0.4877305424,0.5827538682,0.3072166434,0.2862069853,0.1965400464,0.2632446292
-0.0091223429,-0.0204777960,0.8111431023,-0.0741134389,-0.0121189056,-0.7333398339,0.6757018709,0.1638181185,0.0983750155,0.0234525242,0.1177161290,-0.0062432535,-0.0158112046,0.1656647432,-0.0271104970,-0.0986940227,0.1468350177,-0.0009636970,0.0552709010,0.0477614189,0.0806788896,-0.0211828281,-0.2037834285,0.5998271872,-0.9777540438,0.9025351917,0.0594869900,0.1690640258,-0.2625133223,-0.2290862105,-0.4920086297,0.5927696953,0.3047113157,0.2786226476,0.1998862827,0.2766442545
-0.0086056436,-0.0208754106,0.8109965040,-0.0743981643,-0.0122399242,-0.7330447473,0.6759885323,0.1649641878,0.0978057731,0.0232783981,0.1175900726,-0.0093186905,-0.0152181797,0.1667105936,-0.0272783022,-0.0972141137,0.1466946603,-0.0014691022,0.0558979867,0.0466944631,0.0810123313,-0.0198437031,-0.1986486710,0.5894827269,-0.9704267961,0.9029517208,0.0540953355,0.1683398738,-0.2601353824,-0.2178902213,-0.4891908646,0.5968456534,0.3144556113,0.2760733366,0.2029863421,0.2904438656
-0.0081912668,-0.0211773808,0.8108411453,-0.0747632218,-0.0123224370,-0.7329407028,0.6760595716,0.1662760909,0.0975872408,0.0236986743,0.1175813193,-0.0116313620,-0.0147862706,0.1680929573,-0.0274470312,-0.0965407901,0.1466088353,-0.0027476449,0.0559668402,0.0461167587,0.0813426369,-0.0188397953,-0.1938350288,0.5792244801,-0.9639286586,0.9031965834,0.0487029856,0.1678335860,-0.2579602244,-0.2064084956,-0.4857921491,0.6001716063,0.3256285252,0.2731839058,0.2049585168,0.3048321678
-0.0077837218,-0.0215641223,0.8105983511,-0.0751291095,-0.0124059009,-0.7328428141,0.6761235985,0.1676102508,0.0973769448,0.0241331162,0.1175402591,-0.0139297541,-0.0143669109,0.1694593084,-0.0276094309,-0.0958517045,0.1465551128,-0.0040405912,0.0560240188,0.0456921782,0.0816214312,-0.0178655577,-0.1891713308,0.5690070302,-0.9576775886,0.9033721202,0.0432594646,0.1673893381,-0.2558150499,-0.1949129430,-0.4822559003,0.6033256202,0.3371788580,0.2700954048,0.2065821155,0.3194110719
-0.0078150341,-0.0219126592,0.8101139065,-0.0755153058,-0.0126336871,-0.7331260818,0.6757691741,0.1691602184,0.0975494328,0.0242054069,0.1175248358,-0.0175339815,-0.0136099955,0.1705928662,-0.0274516223,-0.0950395296,0.1463963690,-0.0064900665,0.0583553310,0.0453944833,0.0817580775,-0.0165475526,-0.1853611433,0.5587018405,-0.9512652300,0.8968378684,0.0358642837,0.1661006029,-0.2556052953,-0.1839016586,-0.4785712497,0.6058860745,0.3472644942,0.2673040887,0.2074484061,0.3252864653
-0.0078734110,-0.0221807007,0.8095686027,-0.0758798299,-0.0128649914,-0.7333347572,0.6754975035,0.1708159005,0.0977407593,0.0243193182,0.1175548946,-0.0216907211,-0.0129292222,0.1719161550,-0.0272600606,-0.0939157508,0.1462960854,-0.0100276807,0.0606154997,0.0449700618,0.0819254498,-0.0149940339,-0.1814903040,0.5489279250,-0.9450184914,0.8893660410,0.0281672533,0.1652653641,-0.2555692210,-0.1727694944,-0.4748519279,0.6087165587,0.3570476290,0.2648171795,0.2083783038,0.3302352052
-0.0079362207,-0.0225414143,0.8091090043,-0.0762579590,-0.0131134965,-0.7335410025,0.6752261529,0.1725215317,0.0979261296,0.0244232655,0.1176119942,-0.0258746976,-0.0122458035,0.1732737009,-0.0270747240,-0.0927972066,0.1462536130,-0.0136165616,0.0628719733,0.0445138042,0.0820625126,-0.0133838379,-0.1775730324,0.5392664506,-0.9388155933,0.8816557445,0.0204189870,0.1645739964,-0.2554947130,-0.1616181580,-0.4711311785,0.6116543148,0.3667289223,0.2623726900,0.2093495074,0.3350325077
-0.0080774382,-0.0229338065,0.8085351219,-0.0765798447,-0.0134680128,-0.7337316832,0.6749755233,0.1743025750,0.0981976772,0.0255754547,0.1177243378,-0.0301220873,-0.0116617007,0.1749927875,-0.0269079885,-0.0915520082,0.1460807117,-0.0179298170,0.0650832412,0.0441949698,0.0825517487,-0.0119158905,-0.1747473256,0.5289884756,-0.9352417373,0.8553805473,0.0128757841,0.1622730343,-0.2583189387,-0.1502924408,-0.4647869752,0.6133317049,0.3760185993,0.2623231336,0.2102858862,0.3368382059
-0.0083389449,-0.0233532187,0.8080356348,-0.0769291672,-0.0137885201,-0.7339208621,0.6747236086,0.1762239664,0.0986075548,0.0267347303,0.1178063279,-0.0345113121,-0.0111350357,0.1766734148,-0.0265966259,-0.0905408032,0.1459900506,-0.0221388550,0.0662169294,0.0440702220,0.0830040866,-0.0103889630,-0.1715211049,0.5199811455,-0.9320070092,0.8265591048,0.0049279728,0.1614852753,-0.2612735423,-0.1387891593,-0.4583707672,0.6149090958,0.3852422340,0.2624698990,0.2112063050,0.3383111596
-0.0086091614,-0.0238693547,0.8074484475,-0.0772749788,-0.0141024597,-0.7341116951,0.6744699529,0.1781471708,0.0990322856,0.0278937073,0.1178844852,-0.0389120205,-0.0106202304,0.1783551959,-0.0262684572,-0.0895270035,0.1458909696,-0.0263564990,0.0673351331,0.0439398468,0.0834070246,-0.0088778852,-0.1681714911,0.5112801979,-0.9288994959,0.7970986800,-0.0031813842,0.1611529493,-0.2640494777,-0.1272596514,-0.4519375507,0.6165383184,0.3944319329,0.2626256204,0.2121391017,0.3397491728
-0.0085517843,-0.0242610878,0.8069116624,-0.0773718284,-0.0140127884,-0.7342173663,0.6743456836,0.1792330318,0.0994411470,0.0283769272,0.1175168026,-0.0443280349,-0.0097266193,0.1791307342,-0.0260127567,-0.0884846566,0.1456157653,-0.0303207123,0.0686541274,0.0435544434,0.0844673669,-0.0081662648,-0.1637412854,0.4960910431,-0.9124324157,0.7605867185,-0.0233050268,0.1602427148,-0.2629773124,-0.1163136669,-0.4462187115,0.6059580338,0.4114296664,0.2684082063,0.2107943150,0.3308651146
-0.0085733764,-0.0247124065,0.8063914741,-0.0774265292,-0.0139521755,-0.7343637351,0.6741812620,0.1800740070,0.0995763471,0.0290175054,0.1174021340,-0.0489415259,-0.0087293184,0.1797729642,-0.0259281724,-0.0875292182,0.1453982723,-0.0340854459,0.0699995962,0.0430155685,0.0856941804,-0.0073637164,-0.1591658732,0.4805388628,-0.8961533444,0.7239824861,-0.0441066505,0.1594260690,-0.2607285371,-0.1065415253,-0.4404164621,0.5959233589,0.4302152419,0.2746668818,0.2082136929,0.3218886993
-0.0084864805,-0.0251594157,0.8058718211,-0.0774727901,-0.0138843798,-0.7345141119,0.6740135089,0.1808800426,0.0996768793,0.0296638892,0.1172920902,-0.0535497651,-0.0076957184,0.1803736807,-0.0258745819,-0.0865625125,0.1451903116,-0.0378346028,0.0713725974,0.0423235883,0.0868832948,-0.0065510333,-0.1544503433,0.4647742188,-0.8800404470,0.6873773767,-0.0649263234,0.1584868766,-0.2577147376,-0.0971585454,-0.4346855738,0.5861056985,0.4494341020,0.2810185195,0.2053007825,0.3130820173
-0.0082891784,-0.0253867683,0.8056344569,-0.0775801162,-0.0139341137,-0.7343088792,0.6742237284,0.1813655136,0.0993164353,0.0295543249,0.1172602465,-0.0565117110,-0.0068752325,0.1812435533,-0.0261576733,-0.0862227757,0.1448877030,-0.0404775776,0.0722311584,0.0418981144,0.0877201863,-0.0056415129,-0.1515728118,0.4461982124,-0.8614239384,0.6317580288,-0.0907503952,0.1570037146,-0.2559667213,-0.0895466939,-0.4251052271,0.5784186565,0.4578409507,0.2892576226,0.2016536147,0.3037460169
-0.0079959992,-0.0256657765,0.8052808128,-0.0776876872,-0.0139483717,-0.7341131142,0.6744242001,0.1819025614,0.0990604557,0.0293313548,0.1171536659,-0.0596585900,-0.0060917509,0.1821153616,-0.0264284256,-0.0863093495,0.1445371051,-0.0428822294,0.0731009857,0.0409479675,0.0884781489,-0.0044788879,-0.1478969965,0.4284492797,-0.8430702192,0.5736612938,-0.1170501153,0.1567170090,-0.2527431254,-0.0817038598,-0.4159096449,0.5712555571,0.4646707442,0.2978458891,0.1988509888,0.2937318258
-0.0077651333,-0.0260607122,0.8049244796,-0.0777857494,-0.0139492871,-0.7339149377,0.6746285339,0.1824370697,0.0987680594,0.0291089001,0.1170570593,-0.0628483380,-0.0052658189,0.1830124691,-0.0267298015,-0.0863942584,0.1441380713,-0.0452946734,0.0740126141,0.0398163751,0.0891314915,-0.0032860170,-0.1437951586,0.4106200059,-0.8251973131,0.5148711199,-0.1431937903,0.1564391937,-0.2480263584,-0.0738285871,-0.4068044632,0.5643351770,0.4710973187,0.3065345938,0.1962539506,0.2835907565
-0.0075291867,-0.0266804139,0.8046006654,-0.0791471338,-0.0152638363,-0.7339258624,0.6744298147,0.1868343690,0.0981555799,0.0287919561,0.1195740269,-0.0673913287,-0.0046258336,0.1870153240,-0.0276767696,-0.0866107347,0.1475126756,-0.0492481520,0.0760153887,0.0377859492,0.0898092633,0.0019209096,-0.1358587768,0.3958019159,-0.8073591321,0.4410882940,-0.1689042602,0.1573501048,-0.2411116091,-0.0644435360,-0.3987169595,0.5471912028,0.4753325544,0.3206978843,0.1886353619,0.2635869078
-0.0073213474,-0.0271331673,0.8044437669,-0.0790147447,-0.0150014821,-0.7340181431,0.6743507924,0.1869593351,0.0979353638,0.0285347672,0.1193982556,-0.0692384881,-0.0039284887,0.1871812586,-0.0279600851,-0.0868484421,0.1472492324,-0.0500520275,0.0768117722,0.0367876685,0.0903713992,0.0033082835,-0.1304171684,0.3799122237,-0.7905338249,0.3697598450,-0.1935403057,0.1568223913,-0.2344047944,-0.0558694598,-0.3911217655,0.5287110857,0.4784761654,0.3353318782,0.1827337760,0.2448087254
-0.0069838957,-0.0275134100,0.8042085918,-0.0786961601,-0.0145399255,-0.7341499578,0.6742546584,0.1864426196,0.0977071731,0.0283287527,0.1193113270,-0.0710739485,-0.0031718545,0.1867815479,-0.0282429647,-0.0870249375,0.1468564823,-0.0506970847,0.0776539639,0.0359887185,0.0908773327,0.0040101784,-0.1249327115,0.3634612735,-0.7746781055,0.2986973875,-0.2173885330,0.1554107447,-0.2263458421,-0.0471727837,-0.3835762456,0.5101622835,0.4815159877,0.3498483748,0.1767604536,0.2261906438
-0.0067575944,-0.0277004391,0.8042465773,-0.0784292732,-0.0140600343,-0.7341849735,0.6742578062,0.1854100982,0.0975569414,0.0277673342,0.1193291939,-0.0719012245,-0.0030643716,0.1856251740,-0.0283352636,-0.0876735746,0.1463439228,-0.0514300453,0.0778861832,0.0352517302,0.0914709733,0.0033227135,-0.1242271064,0.3459041463,-0.7669905937,0.2274297739,-0.2400508017,0.1540330732,-0.2222983982,-0.0465844518,-0.3835012775,0.4910807813,0.5161282453,0.3614213023,0.1710144638,0.1992494288
-0.0063750455,-0.0276931056,0.8042449043,-0.0782233770,-0.0135724516,-0.7341952408,0.6742805353,0.1842529438,0.0975056308,0.0272728664,0.1194686340,-0.0725236317,-0.0028468835,0.1847412111,-0.0284113949,-0.0878360972,0.1460183747,-0.0510158714,0.0783004255,0.0343878400,0.0920602479,0.0028975406,-0.1239323791,0.3281937683,-0.7601318083,0.1558942008,-0.2620394817,0.1525215759,-0.2170755205,-0.0482121252,-0.3836941453,0.4717522971,0.5538987456,0.3728905868,0.1639031680,0.1741691871
-0.0059508246,-0.0277560716,0.8042396702,-0.0780575423,-0.0131085590,-0.7342085928,0.6742943927,0.1831530311,0.0974158146,0.0268059548,0.1196581986,-0.0731626144,-0.0025690910,0.1839379531,-0.0285194898,-0.0879642867,0.1456601564,-0.0505572009,0.0787674257,0.0333876882,0.0925014697,0.0025997343,-0.1236457661,0.3105597816,-0.7542685612,0.0840813132,-0.2831902084,0.1503865130,-0.2104680827,-0.0504523084,-0.3844474201,0.4527220518,0.5923826532,0.3843218130,0.1563609305,0.1497364007
-0.0054467118,-0.0276121142,0.8044014915,-0.0777790262,-0.0124554868,-0.7342668074,0.6742755664,0.1813182671,0.0972247533,0.0269091055,0.1198270719,-0.0722690177,-0.0013860201,0.1822467076,-0.0284830768,-0.0875104689,0.1452408297,-0.0489137864,0.0790894700,0.0317536439,0.0928966465,0.0019929087,-0.1293466659,0.2907636809,-0.7448702108,-0.0061283399,-0.3066891008,0.1443636517,-0.1967966206,-0.0530372106,-0.3785377743,0.4296225637,0.6065352584,0.4014352743,0.1444578108,0.1173555449
-0.0048609879,-0.0275926994,0.8045592404,-0.0774829889,-0.0117837146,-0.7343257204,0.6742575672,0.1795003811,0.0970327148,0.0268054182,0.1200062033,-0.0715792285,-0.0005927896,0.1807134778,-0.0286145797,-0.0870671641,0.1448719774,-0.0473620932,0.0794339252,0.0301777685,0.0929526365,0.0014463743,-0.1350223357,0.2719789265,-0.7371918586,-0.0985677771,-0.3288305836,0.1386258592,-0.1808669282,-0.0545455155,-0.3730955076,0.4067403794,0.6178042185,0.4187164134,0.1339496806,0.0837813396
-0.0042579924,-0.0275061218,0.8047108647,-0.0771934212,-0.0111117023,-0.7343838419,0.6742388884,0.1777154924,0.0968215950,0.0267112452,0.1201973317,-0.0709315422,0.0002275468,0.1792193501,-0.0287647943,-0.0866189152,0.1445093841,-0.0458440681,0.0798058766,0.0285323070,0.0928455057,0.0008635421,-0.1407396422,0.2537439772,-0.7312278309,-0.1919103562,-0.3489166169,0.1321255585,-0.1632388717,-0.0557549612,-0.3679238942,0.3839972833,0.6285007167,0.4358163016,0.1234817650,0.0501459387
-0.0037664110,-0.0272757095,0.8049105102,-0.0769599735,-0.0105280781,-0.7343038207,0.6743620845,0.1758037525,0.0967264958,0.0259374112,0.1203561841,-0.0698475608,-0.0000097776,0.1774796729,-0.0286343867,-0.0875684588,0.1442590500,-0.0424986452,0.0794924388,0.0274559611,0.0925757685,-0.0006772922,-0.1525616999,0.2436147334,-0.7268223741,-0.2539430535,-0.3618331300,0.1323202450,-0.1536481345,-0.0560892336,-0.3679707216,0.3671175300,0.6352940688,0.4461842597,0.1158523823,0.0309894786
-0.0032126268,-0.0270414867,0.8052152557,-0.0767437742,-0.0098790409,-0.7342127731,0.6744956645,0.1736906935,0.0966128805,0.0257235569,0.1205276299,-0.0681195449,0.0002012782,0.1758011045,-0.0286115696,-0.0874476566,0.1439950819,-0.0395806865,0.0793018288,0.0263363310,0.0923779992,-0.0022285790,-0.1662946545,0.2322633102,-0.7223243381,-0.3116260174,-0.3735666572,0.1299561847,-0.1457106520,-0.0561681870,-0.3680927858,0.3500596596,0.6421858792,0.4558194104,0.1081109395,0.0128437284
-0.0025461502,-0.0266878490,0.8055197347,-0.0765502178,-0.0092479289,-0.7341254107,0.6746216876,0.1715927420,0.0964681803,0.0255344940,0.1207031618,-0.0663546579,0.0004506997,0.1741096870,-0.0286130244,-0.0872926561,0.1437704867,-0.0366322333,0.0791414868,0.0252897088,0.0922088236,-0.0037420830,-0.1807479259,0.2208696010,-0.7183031694,-0.3683543582,-0.3843859929,0.1265502451,-0.1378665242,-0.0562448309,-0.3684277429,0.3329428438,0.6491858444,0.4652648307,0.1002428147,-0.0050897967
-0.0028809826,-0.0264339321,0.8058897843,-0.0760794985,-0.0087675926,-0.7342496374,0.6745461505,0.1697436756,0.0971762768,0.0249539601,0.1208628124,-0.0636296245,0.0001634467,0.1722521588,-0.0279511396,-0.0879461113,0.1435300594,-0.0341607343,0.0781598187,0.0226905709,0.0935410532,-0.0052229030,-0.1964341675,0.2104806376,-0.7288860691,-0.4136684453,-0.3936884048,0.1283431765,-0.1510018545,-0.0606766052,-0.3601412301,0.3138612569,0.6415798587,0.4810910223,0.0885964869,-0.0292075172
-0.0032610823,-0.0261893306,0.8062651033,-0.0756487343,-0.0082645298,-0.7344103158,0.6744260186,0.1679382244,0.0979645942,0.0243716485,0.1209661738,-0.0606775303,-0.0002972905,0.1704469629,-0.0271333732,-0.0884450675,0.1433974131,-0.0315713303,0.0768044075,0.0209365389,0.0945661218,-0.0066686561,-0.2130542993,0.2001036083,-0.7397539092,-0.4577391341,-0.4021848904,0.1298279502,-0.1662703579,-0.0634758160,-0.3514020567,0.2941978672,0.6313161518,0.4967823431,0.0777078171,-0.0552444411
-0.0035691897,-0.0260295515,0.8066399968,-0.0752237635,-0.0077691661,-0.7345792453,0.6742954529,0.1661697907,0.0987715738,0.0238044463,0.1210399141,-0.0577154021,-0.0007810850,0.1686487177,-0.0262892340,-0.0889281824,0.1432775495,-0.0289888908,0.0754226674,0.0193913508,0.0956692912,-0.0081646465,-0.2301474469,0.1901115403,-0.7511802775,-0.5014120132,-0.4103274548,0.1305525945,-0.1813013605,-0.0656117409,-0.3424892475,0.2745499860,0.6201955637,0.5119443226,0.0666061466,-0.0819243831
-0.0038517974,-0.0258793223,0.8069210865,-0.0750081540,-0.0073114762,-0.7346022899,0.6742994845,0.1647928286,0.0995119185,0.0232614629,0.1210127655,-0.0556171919,-0.0013170991,0.1675522915,-0.0254113299,-0.0894375016,0.1430168616,-0.0268170103,0.0735844188,0.0249445901,0.0925407535,-0.0107277494,-0.2290113801,0.1805358210,-0.7030461212,-0.5050783348,-0.4112982506,0.1265340384,-0.1390211178,-0.0669820853,-0.3428458818,0.2520577630,0.6072547502,0.5185061784,0.0597330971,-0.0994626829
-0.0038236004,-0.0255572965,0.8072020823,-0.0748783618,-0.0069155809,-0.7344665893,0.6744658886,0.1632845967,0.1000043407,0.0225112260,0.1211595497,-0.0533586710,-0.0014578370,0.1665247251,-0.0248655010,-0.0899321597,0.1428180662,-0.0245098986,0.0728125565,0.0270530032,0.0901703992,-0.0134251492,-0.2308707738,0.1680532399,-0.6507482379,-0.5006859290,-0.4127998887,0.1180151775,-0.0959757885,-0.0698752219,-0.3439425398,0.2332100309,0.5953662867,0.5242204518,0.0531830275,-0.1154942523
-0.0037261239,-0.0251204826,0.8075691885,-0.0748465833,-0.0066064726,-0.7342654098,0.6746915232,0.1617966788,0.1003960025,0.0215965992,0.1214470151,-0.0510127692,-0.0014940007,0.1656233252,-0.0244207568,-0.0905607007,0.1426849878,-0.0221069529,0.0721250195,0.0284167224,0.0879590137,-0.0159836810,-0.2343746592,0.1549073491,-0.5968569897,-0.4939913938,-0.4140676839,0.1082311639,-0.0543130510,-0.0734367823,-0.3452413979,0.2150502230,0.5839694137,0.5299081178,0.0467281258,-0.1313206753
-0.0039435274,-0.0244562088,0.8077104824,-0.0748859262,-0.0066596189,-0.7335751733,0.6754370530,0.1602282725,0.1004558511,0.0189814822,0.1217280352,-0.0485328356,-0.0020290887,0.1649484563,-0.0241348938,-0.0931368059,0.1428516640,-0.0197491955,0.0686998178,0.0293179032,0.0874021165,-0.0176883862,-0.2372588320,0.1506667109,-0.5572251241,-0.4614572721,-0.4140457982,0.1040222182,-0.0180725409,-0.0778292195,-0.3448715725,0.2010995565,0.5729392370,0.5354345085,0.0410247374,-0.1433328686
-0.0042277595,-0.0236484651,0.8079374964,-0.0749554766,-0.0067829256,-0.7328441180,0.6762212413,0.1587175978,0.1005266429,0.0161707437,0.1220081352,-0.0458961866,-0.0026783158,0.1645474037,-0.0239438796,-0.0956723837,0.1430255965,-0.0176617961,0.0658172995,0.0308274320,0.0861537582,-0.0197706911,-0.2418816590,0.1467240856,-0.5176274386,-0.4256110804,-0.4139983579,0.0983069213,0.0163012680,-0.0815451247,-0.3438009842,0.1862187700,0.5617831617,0.5407596615,0.0355123509,-0.1550709173
-0.0044479381,-0.0228862446,0.8081650692,-0.0750477967,-0.0069481537,-0.7321051736,0.6770092807,0.1572502314,0.1005930675,0.0133370644,0.1222776795,-0.0432024614,-0.0033612085,0.1641624584,-0.0237563261,-0.0982288758,0.1432679884,-0.0155774273,0.0628932424,0.0326399911,0.0849070312,-0.0218890855,-0.2475080109,0.1435549195,-0.4782440795,-0.3884188711,-0.4139700234,0.0913822188,0.0503294930,-0.0849953024,-0.3426066141,0.1711276582,0.5506966127,0.5457725497,0.0296810020,-0.1668352406
-0.0054024484,-0.0214371701,0.8085428045,-0.0735148066,-0.0059531678,-0.7309011055,0.6784863351,0.1518231891,0.1011209987,0.0093846647,0.1184962016,-0.0373704731,-0.0043444878,0.1610335079,-0.0230572029,-0.1012931377,0.1390538875,-0.0131142442,0.0657118911,0.0346066741,0.0849373802,-0.0245494159,-0.2587498155,0.1434482804,-0.4652072795,-0.3685077032,-0.4176072255,0.0872171712,0.0678850768,-0.0943055569,-0.3412510399,0.1733108403,0.5367098093,0.5484696774,0.0290670008,-0.1653781099
-0.0064283380,-0.0207182138,0.8087598013,-0.0729244872,-0.0059201902,-0.7295960819,0.6799533277,0.1489987496,0.1013926054,0.0048838057,0.1178796861,-0.0339081404,-0.0055348654,0.1602235666,-0.0227873839,-0.1061104559,0.1384829890,-0.0120862511,0.0626199058,0.0373555054,0.0846427695,-0.0264128449,-0.2659482799,0.1424069217,-0.4563707333,-0.3505677066,-0.4175845596,0.0826426549,0.0880519602,-0.0998373772,-0.3382069108,0.1758253176,0.5202123749,0.5490465027,0.0288402400,-0.1669967596
-0.0075218105,-0.0200576580,0.8089383990,-0.0726011752,-0.0061462743,-0.7282297127,0.6814490283,0.1470067224,0.1017158262,0.0002727823,0.1178115887,-0.0310824191,-0.0068178614,0.1602097780,-0.0225079913,-0.1110337734,0.1386489906,-0.0118449233,0.0594898704,0.0405315198,0.0841759696,-0.0278279189,-0.2717532702,0.1414998557,-0.4491765010,-0.3342258523,-0.4160964470,0.0780765016,0.1092406367,-0.1035868514,-0.3346822112,0.1781157833,0.5017327158,0.5488305205,0.0289266172,-0.1699868239
-0.0082983441,-0.0203938276,0.8086932488,-0.0739206903,-0.0079351547,-0.7265224344,0.6831090083,0.1498261685,0.1012830374,-0.0045350150,0.1219750149,-0.0350459236,-0.0075620603,0.1646920827,-0.0227315880,-0.1130045466,0.1435932001,-0.0168255066,0.0648188184,0.0422684102,0.0838111459,-0.0260842530,-0.2704588437,0.1352159165,-0.4381954352,-0.3155047399,-0.4102073583,0.0718159037,0.1334962878,-0.1037243116,-0.3218067237,0.1705784343,0.4511906710,0.5461622805,0.0212888548,-0.1852229279
-0.0089514094,-0.0203566990,0.8086119226,-0.0741897830,-0.0086126361,-0.7250042947,0.6846827523,0.1500961837,0.1011505947,-0.0092447736,0.1224302020,-0.0354625126,-0.0084311388,0.1666485889,-0.0229204606,-0.1176890442,0.1448807033,-0.0184118245,0.0652255945,0.0444179969,0.0837499687,-0.0253664272,-0.2721501881,0.1308472711,-0.4241844758,-0.2973408455,-0.4079048764,0.0670901630,0.1545218537,-0.1042536170,-0.3102235677,0.1628920504,0.3969952755,0.5441807283,0.0155057798,-0.1999087656
-0.0097052465,-0.0202027152,0.8085590168,-0.0742019855,-0.0090050208,-0.7234976968,0.6862682112,0.1496678071,0.1011194917,-0.0139963581,0.1223548157,-0.0354176256,-0.0093366946,0.1680034970,-0.0229703669,-0.1224323394,0.1454586862,-0.0194536535,0.0655741826,0.0464898932,0.0838320512,-0.0253264334,-0.2744513186,0.1267585984,-0.4095454652,-0.2787266659,-0.4063314562,0.0625894891,0.1749724385,-0.1047636786,-0.2987416762,0.1559940414,0.3417928771,0.5414785765,0.0105293699,-0.2147701080
-0.0105263856,-0.0193992237,0.8087321225,-0.0728109266,-0.0080787588,-0.7224672053,0.6875132289,0.1456005424,0.1009150570,-0.0186693683,0.1184973730,-0.0306868836,-0.0097160731,0.1658719107,-0.0226459048,-0.1263611148,0.1411828450,-0.0178337826,0.0615893491,0.0508712539,0.0832213117,-0.0280508349,-0.2881596941,0.1279182010,-0.4033782878,-0.2744127365,-0.4044273242,0.0606775046,0.1853112815,-0.1070141407,-0.2966920228,0.1634176515,0.3288528005,0.5415492897,0.0167794668,-0.2165856146
-0.0112582317,-0.0191799601,0.8087949170,-0.0723729161,-0.0079470109,-0.7213503643,0.6887326462,0.1439271397,0.1010332948,-0.0234583950,0.1176963083,-0.0293353778,-0.0102330539,0.1658192949,-0.0223041068,-0.1303839798,0.1404079628,-0.0179480094,0.0602777762,0.0551565326,0.0828458963,-0.0299225730,-0.2975615792,0.1275350990,-0.3998961199,-0.2724808861,-0.3983953581,0.0594714349,0.1978152955,-0.1100147584,-0.2934768805,0.1717159391,0.3200930637,0.5402039335,0.0218784406,-0.2182975943
-0.0119862350,-0.0190230308,0.8087334876,-0.0722351790,-0.0081224313,-0.7202070190,0.6899405444,0.1430213812,0.1011001399,-0.0282280945,0.1176321112,-0.0286244227,-0.0107323984,0.1665014237,-0.0220634791,-0.1343649968,0.1404259829,-0.0187249565,0.0590225422,0.0592828010,0.0824584027,-0.0311044677,-0.3054343392,0.1270132884,-0.3971852946,-0.2724259515,-0.3908244996,0.0588036132,0.2113130968,-0.1135720701,-0.2901652789,0.1800753132,0.3128922517,0.5385510414,0.0261306158,-0.2195241987
-0.0126302057,-0.0192477311,0.8085169817,-0.0737133187,-0.0105491928,-0.7185733183,0.6914531419,0.1467142486,0.0998190395,-0.0322642223,0.1222149128,-0.0324821050,-0.0118240181,0.1721513088,-0.0236589534,-0.1379986006,0.1453337110,-0.0244142405,0.0602581972,0.0619905010,0.0825229173,-0.0279456096,-0.3025167031,0.1259121898,-0.4051081917,-0.2729973828,-0.3772751756,0.0612821800,0.2167419334,-0.1184965959,-0.2788677145,0.1899987770,0.2790874671,0.5278892947,0.0240316665,-0.2312082206
-0.0130962724,-0.0183699298,0.8086844627,-0.0728560195,-0.0100787814,-0.7172065988,0.6929683349,0.1438941972,0.0994017218,-0.0370343562,0.1185918708,-0.0286828175,-0.0125626255,0.1710783073,-0.0237838496,-0.1427768310,0.1422751090,-0.0221725520,0.0593822944,0.0649503380,0.0837269877,-0.0294024418,-0.3065217800,0.1278204379,-0.4074620378,-0.2706766934,-0.3732028111,0.0647106422,0.2171018715,-0.1295033969,-0.2722234326,0.1964917044,0.2501921490,0.5239760174,0.0225421646,-0.2354709824
-0.0138319451,-0.0186804778,0.8085077357,-0.0741127780,-0.0121740466,-0.7155458212,0.6945165704,0.1472511557,0.0983142791,-0.0419684981,0.1221598848,-0.0317327279,-0.0134032437,0.1764035077,-0.0249862297,-0.1475675609,0.1463471557,-0.0268990197,0.0588277336,0.0680797831,0.0836084517,-0.0265687162,-0.3039635463,0.1273539639,-0.4148952260,-0.2713557104,-0.3604832330,0.0676789240,0.2190670930,-0.1307443439,-0.2599387098,0.2068533680,0.2094102717,0.5108685921,0.0228829099,-0.2506086657
-0.0143114564,-0.0183729542,0.8083382150,-0.0746575420,-0.0132535666,-0.7140096236,0.6960178531,0.1484485533,0.0975762204,-0.0462163646,0.1225446620,-0.0308665766,-0.0128836677,0.1791788570,-0.0254940326,-0.1503070929,0.1475417041,-0.0287930887,0.0597823076,0.0700951356,0.0851009876,-0.0237786997,-0.2885491207,0.1281573102,-0.4257934849,-0.2823541972,-0.3538893326,0.0701066763,0.2101836785,-0.1355516800,-0.2497277741,0.2060822040,0.1504040803,0.4966632311,0.0189302819,-0.2709302975
-0.0149181617,-0.0183261490,0.8081901726,-0.0748358876,-0.0141166704,-0.7125561997,0.6974696924,0.1492255608,0.0967845262,-0.0499547922,0.1222810589,-0.0310542320,-0.0133835640,0.1815744118,-0.0262330139,-0.1540391465,0.1480187643,-0.0307579116,0.0597564712,0.0731181902,0.0863169830,-0.0221939097,-0.2712204970,0.1295702967,-0.4378848915,-0.2962729978,-0.3474999816,0.0732876490,0.2007846959,-0.1382297047,-0.2395693754,0.2052330816,0.0885064905,0.4808380314,0.0167834986,-0.2919316289
-0.0154439516,-0.0182740761,0.8080429555,-0.0748963319,-0.0148583631,-0.7111211449,0.6989109284,0.1497516405,0.0960195855,-0.0536615356,0.1219956789,-0.0313086137,-0.0138926707,0.1837469286,-0.0269399314,-0.1577448769,0.1483948502,-0.0327361617,0.0597309162,0.0764364414,0.0874596744,-0.0212418810,-0.2532938201,0.1312413224,-0.4504952179,-0.3110240165,-0.3410713736,0.0768345397,0.1915362956,-0.1399863703,-0.2294203974,0.2046131413,0.0254839315,0.4636668637,0.0159464162,-0.3125365125
-0.0157535910,-0.0189576233,0.8077768817,-0.0748022776,-0.0152807469,-0.7099034019,0.7001487542,0.1507005493,0.0950887407,-0.0563784777,0.1216240801,-0.0328011444,-0.0139916136,0.1861889108,-0.0277157479,-0.1603471277,0.1485656969,-0.0358015976,0.0604164446,0.0813660880,0.0887523679,-0.0199412927,-0.2159791757,0.1377418976,-0.4436920420,-0.2568419236,-0.3412645186,0.0882146196,0.1896789664,-0.1416407177,-0.2175560711,0.1984632179,-0.0228175946,0.4500052081,0.0164531121,-0.3384714922
-0.0160190252,-0.0193974920,0.8075987203,-0.0747542577,-0.0157923639,-0.7086280918,0.7014332681,0.1515152097,0.0941661336,-0.0590342265,0.1214002758,-0.0341404452,-0.0140444935,0.1884911818,-0.0285434018,-0.1627209933,0.1488997318,-0.0383934074,0.0609821829,0.0854417992,0.0898499504,-0.0194268688,-0.1831126517,0.1428791768,-0.4342040344,-0.1911952230,-0.3425451451,0.0936631366,0.1835980780,-0.1441072766,-0.2053898828,0.1932900757,-0.0682043061,0.4364285118,0.0161007763,-0.3632972798
-0.0162732006,-0.0198140044,0.8073373642,-0.0747506211,-0.0163438344,-0.7073321064,0.7027279096,0.1522377825,0.0932356322,-0.0617429256,0.1212701463,-0.0353683077,-0.0140873427,0.1907226700,-0.0293851243,-0.1651339195,0.1493256482,-0.0408853763,0.0615412340,0.0892914990,0.0910863362,-0.0187303198,-0.1520826488,0.1476920611,-0.4242252414,-0.1222640441,-0.3434458787,0.0973379301,0.1760306316,-0.1473057168,-0.1932736941,0.1883265281,-0.1131995993,0.4224783144,0.0162525324,-0.3874673502
-0.0168796525,-0.0200575827,0.8070963356,-0.0746338940,-0.0169472116,-0.7069989657,0.7030611897,0.1534912256,0.0926085720,-0.0639346179,0.1206913142,-0.0368992835,-0.0144932540,0.1922278765,-0.0300297388,-0.1672112139,0.1493354942,-0.0438799444,0.0622390668,0.0949747081,0.0918873796,-0.0177205126,-0.1241090739,0.1673112272,-0.3971545000,0.0398750740,-0.3437963524,0.1114084901,0.1780831539,-0.1407326732,-0.1833743981,0.2060775475,-0.1884444167,0.4039123033,0.0174222942,-0.3834910204
-0.0175382932,-0.0202179724,0.8068463006,-0.0746384558,-0.0176960429,-0.7065008607,0.7035428095,0.1547854797,0.0920164317,-0.0664395064,0.1202998842,-0.0379649207,-0.0151708986,0.1938594752,-0.0307667550,-0.1697672231,0.1497867506,-0.0468552361,0.0628015523,0.0990522318,0.0926145577,-0.0170903510,-0.1062014595,0.1899062751,-0.3688861455,0.2208639318,-0.3435995103,0.1167584951,0.1739765220,-0.1290561876,-0.1743094666,0.2275797583,-0.2704667781,0.3828433053,0.0218631682,-0.3785481561
-0.0182500359,-0.0202477345,0.8065943941,-0.0747388530,-0.0185523851,-0.7059297695,0.7040831438,0.1561399591,0.0914621529,-0.0691566036,0.1199832194,-0.0388934281,-0.0159307773,0.1955716909,-0.0314720480,-0.1725115818,0.1504544014,-0.0498399439,0.0632738970,0.1027416101,0.0934459793,-0.0161834688,-0.0922145248,0.2169944502,-0.3446733273,0.4081005934,-0.3412539228,0.1179925281,0.1673926127,-0.1167266578,-0.1673387418,0.2504233398,-0.3540282432,0.3612385483,0.0281472270,-0.3728465158
-0.0187172591,-0.0205042898,0.8063710399,-0.0746241011,-0.0191618015,-0.7057465985,0.7042625984,0.1573692693,0.0908401970,-0.0699635261,0.1199020898,-0.0404418800,-0.0157599304,0.1967023734,-0.0317919822,-0.1726560917,0.1509353118,-0.0527058453,0.0620157292,0.1079781901,0.0900187458,-0.0119461775,-0.0787017624,0.2196786462,-0.3300690302,0.4835891175,-0.3519020352,0.1017493854,0.1595891028,-0.0985255647,-0.1670337164,0.2856235927,-0.3892464151,0.3600788428,0.0461447278,-0.3216704740
-0.0190130393,-0.0208253242,0.8061296722,-0.0744071707,-0.0196011065,-0.7057254270,0.7042946765,0.1584785653,0.0901933875,-0.0703283741,0.1196715223,-0.0421157107,-0.0153664552,0.1977395750,-0.0325060851,-0.1731347964,0.1509241612,-0.0559183743,0.0624639826,0.1123683964,0.0875616014,-0.0084870964,-0.0541430733,0.2239622663,-0.3171912951,0.5393994502,-0.3627285079,0.0949700937,0.1589168136,-0.0854271064,-0.1693959421,0.3183944152,-0.4144517596,0.3630943165,0.0593458736,-0.2634437145
-0.0193726571,-0.0212710455,0.8058865721,-0.0741474316,-0.0199832976,-0.7057264964,0.7043102573,0.1594937513,0.0895428609,-0.0706350526,0.1194454301,-0.0438372015,-0.0149400011,0.1986982824,-0.0332173452,-0.1735598670,0.1508356497,-0.0591093443,0.0629483170,0.1163294227,0.0850468657,-0.0055338031,-0.0265665500,0.2291770964,-0.3048380848,0.5893141842,-0.3735064497,0.0922309014,0.1606961765,-0.0738262790,-0.1725968905,0.3505550024,-0.4366524694,0.3668858894,0.0707907157,-0.2034441103
-0.0188743939,-0.0218186881,0.8055993604,-0.0739200238,-0.0202773038,-0.7057998330,0.7042522678,0.1605038234,0.0877598090,-0.0697600028,0.1193181338,-0.0453211685,-0.0136834181,0.1997830928,-0.0347122345,-0.1715692258,0.1503428181,-0.0614336246,0.0661689066,0.1175558881,0.0795843821,-0.0043256605,-0.0124053556,0.2246650503,-0.2895473594,0.6188523280,-0.3934589584,0.0862058105,0.1667725764,-0.0647645788,-0.1921867308,0.3841911340,-0.4233282177,0.3692679303,0.0944818276,-0.1137347236
-0.0183073759,-0.0221289167,0.8053706927,-0.0738432073,-0.0206924041,-0.7059038679,0.7041439728,0.1615760076,0.0858807452,-0.0695327977,0.1194090605,-0.0472534436,-0.0122977982,0.2008269070,-0.0362245288,-0.1695673803,0.1499939470,-0.0639735429,0.0689761681,0.1182872773,0.0751144229,-0.0024580295,0.0021147699,0.2195038457,-0.2739560236,0.6463926960,-0.4139107258,0.0819391229,0.1743262853,-0.0597757109,-0.2116385971,0.4155071938,-0.4036964505,0.3703974531,0.1155218806,-0.0183162112
-0.0178469225,-0.0222724813,0.8051362895,-0.0738678920,-0.0211993194,-0.7060015337,0.7040283786,0.1627801555,0.0840426150,-0.0693224127,0.1196405006,-0.0491852971,-0.0109513513,0.2020085200,-0.0377039882,-0.1675670359,0.1497635875,-0.0665085072,0.0717380910,0.1189866795,0.0708354237,-0.0003137202,0.0165710117,0.2147670895,-0.2581358787,0.6739259342,-0.4343690080,0.0779334990,0.1815414887,-0.0558426224,-0.2307196138,0.4466110771,-0.3821307502,0.3691537667,0.1343847002,0.0786058502
-0.0173290882,-0.0225456938,0.8049919280,-0.0737991107,-0.0211934405,-0.7065150333,0.7035204595,0.1631565525,0.0841247248,-0.0677603292,0.1198688449,-0.0494914815,-0.0104822059,0.2019318857,-0.0384145250,-0.1671217397,0.1495726690,-0.0672990644,0.0694703175,0.1204793768,0.0660194951,0.0015302626,0.0266620009,0.2006267312,-0.2377048826,0.6756247815,-0.4586257031,0.0686815200,0.1922908493,-0.0482920287,-0.2469407648,0.4704057195,-0.3481520923,0.3705232590,0.1517066080,0.1524083082
-0.0169459693,-0.0227825157,0.8047373963,-0.0736450475,-0.0211310411,-0.7071057278,0.7029447886,0.1633748311,0.0835813477,-0.0662248295,0.1201741465,-0.0510991673,-0.0097566772,0.2016860273,-0.0391258670,-0.1661545163,0.1491677999,-0.0689764657,0.0703089483,0.1220849094,0.0613063631,0.0032483937,0.0384488190,0.1861592675,-0.2179930429,0.6735097249,-0.4828283217,0.0609244266,0.2053329881,-0.0419071743,-0.2631252111,0.4942341250,-0.3132643645,0.3708034048,0.1683656873,0.2255033567
-0.0165519544,-0.0230236798,0.8045646771,-0.0734908212,-0.0210778198,-0.7077016146,0.7023626196,0.1635691939,0.0830036986,-0.0646718260,0.1205817913,-0.0527745952,-0.0090064704,0.2014128407,-0.0398754772,-0.1651695715,0.1488552575,-0.0707050326,0.0711697874,0.1237088191,0.0565950838,0.0048881947,0.0507290759,0.1715097382,-0.1986202204,0.6700801813,-0.5068863257,0.0534632882,0.2189390096,-0.0354591979,-0.2790826074,0.5184683598,-0.2782900571,0.3690612517,0.1842360505,0.2986977909
-0.0157533855,-0.0228974714,0.8045068980,-0.0737877812,-0.0208375334,-0.7081589692,0.7018775070,0.1634991584,0.0827935496,-0.0629806070,0.1210112182,-0.0529144224,-0.0076227491,0.2008535698,-0.0400827002,-0.1626940442,0.1489011562,-0.0696080404,0.0733943163,0.1227488062,0.0533204121,0.0055518822,0.0581128983,0.1541008789,-0.1888696921,0.6407367973,-0.5233654388,0.0424123206,0.2314826165,-0.0358176047,-0.2926233173,0.5339425030,-0.2404415601,0.3594537799,0.1967921951,0.3331573393
-0.0149590020,-0.0226539428,0.8044176448,-0.0739974713,-0.0206762754,-0.7086844122,0.7013296441,0.1633966682,0.0823268627,-0.0611343217,0.1214774818,-0.0532865328,-0.0062563772,0.2004277770,-0.0404492729,-0.1598674691,0.1486031451,-0.0692406266,0.0746340455,0.1225381004,0.0497721372,0.0067941921,0.0672983138,0.1359233180,-0.1811745152,0.6060211545,-0.5386036568,0.0329152418,0.2471729442,-0.0374071160,-0.3059468829,0.5499167668,-0.2030280556,0.3494148446,0.2094278787,0.3638019961
-0.0141473023,-0.0225247563,0.8043187744,-0.0742273874,-0.0205339802,-0.7092220497,0.7007658203,0.1633941658,0.0818407886,-0.0592332192,0.1219719125,-0.0537355110,-0.0048648516,0.2000873362,-0.0408380034,-0.1569870665,0.1483249763,-0.0689236499,0.0759082715,0.1224298195,0.0461706779,0.0081086378,0.0774469572,0.1174007195,-0.1744436276,0.5694391462,-0.5531318085,0.0236602931,0.2640697846,-0.0390135170,-0.3191098398,0.5667090629,-0.1660288507,0.3384391614,0.2216724720,0.3934803273
-0.0139311083,-0.0227345593,0.8043127627,-0.0742340137,-0.0202864706,-0.7092253883,0.7007689483,0.1633628530,0.0824898196,-0.0575684058,0.1218808214,-0.0550028058,-0.0053502079,0.1997487560,-0.0403435239,-0.1555512701,0.1480788093,-0.0685342793,0.0755360124,0.1167735099,0.0458656590,0.0089391932,0.0803144729,0.1110949926,-0.1961556967,0.5510560778,-0.5458642805,0.0270689996,0.2632754523,-0.0365166901,-0.3267348584,0.5757205814,-0.1123794612,0.3328070360,0.2302345962,0.4105197770
-0.0139703450,-0.0228548065,0.8043875433,-0.0742897265,-0.0200082487,-0.7092893529,0.7007063011,0.1632363732,0.0832498939,-0.0567628713,0.1218840626,-0.0550613582,-0.0052177646,0.1995918493,-0.0395803487,-0.1546627043,0.1478250329,-0.0678033072,0.0751075520,0.1141186728,0.0451233892,0.0091979192,0.0806929693,0.1062464551,-0.2192499537,0.5370202863,-0.5375138890,0.0304282914,0.2589714596,-0.0340547819,-0.3332139463,0.5821297257,-0.0555304770,0.3270931633,0.2364228671,0.4272817703
-0.0140491933,-0.0229241543,0.8043805515,-0.0743514213,-0.0197409248,-0.7093787968,0.7006167888,0.1631008849,0.0840744374,-0.0558988476,0.1218297454,-0.0550303393,-0.0051528335,0.1993593406,-0.0387598577,-0.1537130397,0.1475811524,-0.0670055994,0.0746006251,0.1122077452,0.0443159804,0.0094403431,0.0799912163,0.1018953678,-0.2425161625,0.5250030151,-0.5292796692,0.0332458471,0.2534444364,-0.0317599144,-0.3395085783,0.5880169803,0.0021802084,0.3204412757,0.2417580462,0.4443528515
-0.0142989728,-0.0228532123,0.8044959143,-0.0743099489,-0.0197217898,-0.7093240030,0.7006772019,0.1627630851,0.0844943896,-0.0561068575,0.1219658221,-0.0540307181,-0.0052823922,0.1994193029,-0.0382688732,-0.1530822815,0.1472800238,-0.0665111229,0.0744018000,0.1098281115,0.0443460656,0.0090458385,0.0766303049,0.0999192831,-0.2659591081,0.5213113842,-0.5177373800,0.0384042744,0.2452103871,-0.0301175834,-0.3415700094,0.5897302100,0.0479412314,0.3122318761,0.2423995829,0.4467262496
-0.0146363411,-0.0227625601,0.8046386881,-0.0743970004,-0.0196173564,-0.7092167970,0.7007794094,0.1625051470,0.0854246950,-0.0559794025,0.1219652444,-0.0529919622,-0.0055921016,0.1993562133,-0.0374142839,-0.1527612587,0.1472035593,-0.0652190962,0.0735030584,0.1076224205,0.0443061489,0.0087708486,0.0715620436,0.0981729211,-0.2890967293,0.5199610410,-0.5060567254,0.0430774800,0.2355859222,-0.0275547152,-0.3441309275,0.5919399582,0.0914055933,0.3041943945,0.2436909457,0.4463804182
-0.0148934524,-0.0226543267,0.8047826107,-0.0745035966,-0.0195178323,-0.7091120598,0.7008768472,0.1622654149,0.0863903053,-0.0558491466,0.1219610971,-0.0519342869,-0.0059198529,0.1993182274,-0.0365236512,-0.1524361588,0.1470944021,-0.0638903473,0.0725858406,0.1055339661,0.0443378214,0.0085285257,0.0658710603,0.0963112381,-0.3120385629,0.5194908888,-0.4943948265,0.0474083227,0.2254199388,-0.0247670813,-0.3470367611,0.5945830037,0.1339920054,0.2961302717,0.2452804979,0.4451269840
-0.0151184140,-0.0227835459,0.8048523016,-0.0745958310,-0.0192521563,-0.7089680645,0.7010200425,0.1623930303,0.0874080599,-0.0552691323,0.1217804669,-0.0511057985,-0.0071236006,0.1993979237,-0.0352832809,-0.1521045573,0.1469748621,-0.0628708241,0.0715523704,0.1028868677,0.0455994332,0.0085115127,0.0569747165,0.0970473044,-0.3446474396,0.5190640696,-0.4799420897,0.0539335748,0.2102719843,-0.0275492643,-0.3492471746,0.6081327368,0.1636782409,0.2852449447,0.2460365589,0.4496806777
-0.0154402203,-0.0229993830,0.8049322256,-0.0746987183,-0.0190667524,-0.7088495381,0.7011340049,0.1626294511,0.0885989581,-0.0549755554,0.1216084744,-0.0506105233,-0.0080065680,0.1996410848,-0.0342211139,-0.1515550741,0.1468644796,-0.0619263881,0.0704815284,0.1001133766,0.0467914425,0.0086804111,0.0478244139,0.0976128016,-0.3770032520,0.5184558194,-0.4653824509,0.0605062574,0.1947725547,-0.0296114591,-0.3516632993,0.6223562354,0.1915972850,0.2741251275,0.2474638790,0.4531463294
-0.0156852576,-0.0231224845,0.8050116687,-0.0748192499,-0.0189027748,-0.7087235543,0.7012529420,0.1629140518,0.0897940954,-0.0546962584,0.1214424927,-0.0501174138,-0.0089022862,0.1999427602,-0.0331529359,-0.1510237847,0.1467582928,-0.0609932156,0.0693997127,0.0973341027,0.0480299361,0.0088226273,0.0385294663,0.0979756119,-0.4092379684,0.5179877322,-0.4507613506,0.0670595147,0.1792323098,-0.0315211669,-0.3540974043,0.6365704000,0.2188386204,0.2628105195,0.2493847129,0.4564872303
-0.0164255956,-0.0233624886,0.8049247068,-0.0749969372,-0.0188819286,-0.7087788346,0.7011786475,0.1634069829,0.0907440817,-0.0539829345,0.1212379188,-0.0513807424,-0.0090999903,0.2006516294,-0.0316446467,-0.1505429053,0.1465134143,-0.0617642597,0.0695437893,0.0936649187,0.0493836493,0.0085925160,0.0294442779,0.1017203638,-0.4407070310,0.5419293846,-0.4346584985,0.0763044944,0.1630033571,-0.0324150517,-0.3507576433,0.6440981639,0.2349021271,0.2604389413,0.2468145602,0.4510146713
-0.0170265986,-0.0235393331,0.8049568743,-0.0753265607,-0.0188085433,-0.7087748291,0.7011493348,0.1641759502,0.0926167176,-0.0532336085,0.1210415621,-0.0521018468,-0.0104498362,0.2012529888,-0.0298274637,-0.1501504153,0.1465702578,-0.0614978065,0.0685086512,0.0905655458,0.0507368721,0.0083790458,0.0181334658,0.1046996418,-0.4722012775,0.5690370618,-0.4182884086,0.0837735318,0.1452449180,-0.0325809727,-0.3476303811,0.6515284814,0.2498231517,0.2588935223,0.2446528864,0.4442151923
-0.0176423427,-0.0233251432,0.8050811481,-0.0742091304,-0.0170965088,-0.7089021832,0.7011835772,0.1609095277,0.0948056321,-0.0525612280,0.1175451154,-0.0498305958,-0.0118029611,0.1980222655,-0.0274790234,-0.1499140822,0.1428654498,-0.0579908753,0.0673066982,0.0859927797,0.0520686644,0.0052262573,0.0058529039,0.1077088229,-0.5020604904,0.5937202749,-0.4030273882,0.0922124718,0.1287721941,-0.0342027403,-0.3462732550,0.6598895810,0.2610172638,0.2583825619,0.2452820479,0.4381653157
-0.0184691167,-0.0235474096,0.8050270364,-0.0739371765,-0.0165584631,-0.7092298280,0.7008938310,0.1601507329,0.0966258963,-0.0517788670,0.1171563039,-0.0500500151,-0.0127014239,0.1971222615,-0.0257306284,-0.1490638358,0.1421200924,-0.0587882822,0.0658860949,0.0824590045,0.0540252271,0.0036023302,-0.0048420278,0.1081413291,-0.5286202564,0.6106865782,-0.3878341631,0.0975944271,0.1118478228,-0.0328480571,-0.3422936137,0.6547414874,0.2726812036,0.2648502557,0.2432301529,0.4296086626
-0.0193295758,-0.0236860003,0.8050134770,-0.0740985102,-0.0161737911,-0.7095264038,0.7005855419,0.1603142016,0.0989434359,-0.0509085526,0.1169628040,-0.0508746310,-0.0139992761,0.1966768920,-0.0234083830,-0.1477391223,0.1422630772,-0.0586601690,0.0647062865,0.0797534481,0.0564811758,0.0028402737,-0.0151445462,0.1084313703,-0.5563564342,0.6269803203,-0.3722431995,0.1027809283,0.0952924093,-0.0315384595,-0.3384267279,0.6483024860,0.2850860462,0.2718093928,0.2403132811,0.4212808330
-0.0201790107,-0.0238046030,0.8049947942,-0.0743645428,-0.0158715600,-0.7098380072,0.7002485358,0.1607616472,0.1012920463,-0.0499593417,0.1167930191,-0.0517374449,-0.0152857550,0.1965043745,-0.0210562996,-0.1463427963,0.1423838785,-0.0585157319,0.0635306783,0.0773661500,0.0589629067,0.0023318870,-0.0254481168,0.1083513517,-0.5845156477,0.6426774313,-0.3564627898,0.1078837574,0.0790799482,-0.0302704413,-0.3346249479,0.6415347666,0.2977573105,0.2787750307,0.2371159767,0.4131553607
-0.0211662231,-0.0238099269,0.8049398859,-0.0742854004,-0.0158161098,-0.7103369239,0.6997520879,0.1608987147,0.1033367010,-0.0483561178,0.1167732915,-0.0525296635,-0.0160928367,0.1963189891,-0.0192107381,-0.1455296431,0.1420687403,-0.0600919907,0.0605473124,0.0754925534,0.0598481642,0.0022362874,-0.0307975560,0.1083463511,-0.6024114324,0.6667308616,-0.3465700149,0.1130488388,0.0690905701,-0.0294523438,-0.3305169750,0.6332585255,0.2937392213,0.2861319132,0.2314706486,0.4042736736
-0.0221371751,-0.0238719248,0.8048933018,-0.0745582720,-0.0154498653,-0.7107157191,0.6993465038,0.1612018351,0.1060994546,-0.0470707963,0.1165692642,-0.0532643108,-0.0169009853,0.1958663758,-0.0164669659,-0.1441053685,0.1422691485,-0.0597152775,0.0580401573,0.0728780807,0.0615325883,0.0020698002,-0.0365865041,0.1078674640,-0.6198087410,0.6922937957,-0.3369324991,0.1172815322,0.0591651892,-0.0274379599,-0.3271660985,0.6257972985,0.2868841536,0.2936457552,0.2270322854,0.3944332318
-0.0230921317,-0.0239358622,0.8049346305,-0.0748363583,-0.0150601803,-0.7110968362,0.6989377654,0.1614771461,0.1088923786,-0.0457803008,0.1163840034,-0.0540110508,-0.0176955799,0.1954577698,-0.0136846698,-0.1426769559,0.1423215765,-0.0592523756,0.0555470601,0.0702146913,0.0633369295,0.0018562083,-0.0424896586,0.1069975439,-0.6371938181,0.7182051431,-0.3271300681,0.1210887877,0.0492324322,-0.0250965358,-0.3240975388,0.6185680413,0.2791396080,0.3012192160,0.2230645014,0.3841651577
-0.0229679013,-0.0244495914,0.8047910269,-0.0759882051,-0.0163234978,-0.7115087013,0.6983657380,0.1649852241,0.1087504745,-0.0434470835,0.1198237652,-0.0565939539,-0.0174074458,0.1986723434,-0.0141236661,-0.1404101611,0.1451346629,-0.0621985501,0.0579532148,0.0741742372,0.0635092637,0.0030938739,-0.0499414984,0.0970936319,-0.5822613196,0.6192062665,-0.3528987336,0.1044750267,0.0782238464,-0.0186670519,-0.3127655118,0.5897106409,0.2549666337,0.3169210553,0.2128801166,0.3535855998
-0.0226564967,-0.0247710593,0.8049529709,-0.0761520908,-0.0159947895,-0.7118722162,0.6979849379,0.1653354635,0.1094543594,-0.0413780872,0.1201011170,-0.0567280059,-0.0171433013,0.1985902247,-0.0134345318,-0.1382055118,0.1450388297,-0.0609073836,0.0578702343,0.0743341284,0.0643322118,0.0023635084,-0.0532842514,0.0879914511,-0.5278218194,0.5065406695,-0.3777208677,0.0938520156,0.1155381347,-0.0157436254,-0.3022035478,0.5641112790,0.2291740257,0.3332211248,0.2045435988,0.3231597414
-0.0223758499,-0.0250908547,0.8050371196,-0.0761740859,-0.0154813116,-0.7122296477,0.6976293905,0.1651225921,0.1101487150,-0.0393677997,0.1203883095,-0.0567784941,-0.0168051701,0.1981132751,-0.0127343959,-0.1360521747,0.1446434996,-0.0593733001,0.0578555452,0.0740166741,0.0648638288,0.0008635637,-0.0551510347,0.0775886143,-0.4758087121,0.3900065311,-0.3988056907,0.0833824702,0.1558227699,-0.0128141915,-0.2910528732,0.5393316176,0.2032369375,0.3490786559,0.1960041635,0.2924560729
-0.0222861725,-0.0250324461,0.8052655395,-0.0762874976,-0.0147623333,-0.7128175484,0.6970318744,0.1646347527,0.1115525343,-0.0383705206,0.1201441656,-0.0564432528,-0.0172170963,0.1968684177,-0.0111260324,-0.1334908085,0.1444387918,-0.0569595597,0.0563075418,0.0674035518,0.0715185939,-0.0003797165,-0.0516704325,0.1146448187,-0.4984385115,0.2980135318,-0.3828273328,0.0981709256,0.1262967575,-0.0166060355,-0.2902467846,0.5120909801,0.1680406932,0.3628252264,0.1837643255,0.2446164552
-0.0224941549,-0.0251406869,0.8055001037,-0.0762561387,-0.0139791455,-0.7134321011,0.6964224450,0.1640995842,0.1133681435,-0.0371185809,0.1196282158,-0.0561360258,-0.0180145014,0.1953952137,-0.0091283017,-0.1307739734,0.1441365315,-0.0546697269,0.0544040789,0.0650186775,0.0774057319,-0.0032880858,-0.0485830484,0.1564352067,-0.5240873328,0.2078655949,-0.3665780826,0.1125655631,0.0906648774,-0.0169150589,-0.2881643132,0.4813171844,0.1309584744,0.3750525926,0.1717484508,0.1957937754
-0.0228376340,-0.0252052291,0.8056465298,-0.0762119033,-0.0132067810,-0.7140699762,0.6957883269,0.1635060253,0.1153574665,-0.0358488583,0.1191260246,-0.0557894486,-0.0190186650,0.1937686409,-0.0069672262,-0.1280485584,0.1440115394,-0.0524368665,0.0522835634,0.0636935207,0.0834241450,-0.0068195255,-0.0463765158,0.2013311819,-0.5504599831,0.1190492932,-0.3509600169,0.1263077898,0.0534248846,-0.0160390625,-0.2856065197,0.4499637200,0.0931708498,0.3854184439,0.1595281465,0.1469541447
-0.0234458714,-0.0257616977,0.8058250976,-0.0759443524,-0.0124707768,-0.7144404164,0.6954508081,0.1632371978,0.1171340329,-0.0340378522,0.1187281912,-0.0558491246,-0.0201546803,0.1928387808,-0.0052160606,-0.1269645939,0.1440030076,-0.0516054795,0.0527733883,0.0617850171,0.0908774448,-0.0084880564,-0.0293859443,0.2485713533,-0.5858316661,0.0938284531,-0.3398433530,0.1429302037,0.0049125520,-0.0125675027,-0.2745203905,0.4252631249,0.0723479957,0.4024187301,0.1452003597,0.0950609112
-0.0240643168,-0.0262306793,0.8059240654,-0.0757281544,-0.0117909148,-0.7147630044,0.6951547083,0.1629701458,0.1189966592,-0.0323054233,0.1183129273,-0.0557950205,-0.0214642910,0.1918933416,-0.0032943246,-0.1253512166,0.1441316290,-0.0503942849,0.0512342146,0.0600008283,0.0980732779,-0.0109245824,-0.0149244492,0.2953500128,-0.6195699179,0.0754096035,-0.3281959192,0.1548995478,-0.0470962126,-0.0091600667,-0.2626808369,0.4006737917,0.0528718112,0.4185447378,0.1293039148,0.0437368676
-0.0246916950,-0.0266325407,0.8061046806,-0.0755746635,-0.0111629253,-0.7150789415,0.6948567959,0.1627421407,0.1208889222,-0.0305916699,0.1180121717,-0.0557278970,-0.0227956421,0.1909959564,-0.0013461877,-0.1237456611,0.1443617736,-0.0491634374,0.0496667992,0.0583485024,0.1053052462,-0.0134024359,-0.0012950956,0.3423858548,-0.6525754937,0.0588777522,-0.3159791092,0.1647850269,-0.0999248365,-0.0059026277,-0.2504078329,0.3765542388,0.0337349180,0.4333765148,0.1121968273,-0.0075786822
-0.0245578236,-0.0274880207,0.8060229023,-0.0754014474,-0.0101847920,-0.7160139524,0.6939271660,0.1629107075,0.1226216328,-0.0273263776,0.1175215704,-0.0580357432,-0.0226131731,0.1898195482,0.0000798454,-0.1200605330,0.1442027833,-0.0487108579,0.0493356622,0.0562230338,0.1082129069,-0.0155016476,0.0101637224,0.3662494497,-0.6796707927,0.0830163428,-0.3087854607,0.1748959464,-0.1316456336,-0.0170270856,-0.2425256199,0.3752473349,0.0120475561,0.4328553942,0.1040678553,-0.0446151652
-0.0242678545,-0.0280476170,0.8059524265,-0.0754020333,-0.0093000118,-0.7168899984,0.6930344677,0.1631333280,0.1239940823,-0.0243781271,0.1172627586,-0.0601840667,-0.0221786531,0.1886927073,0.0013836260,-0.1165118257,0.1441797306,-0.0484062081,0.0493573602,0.0526538987,0.1121825865,-0.0167307554,0.0191731421,0.3866323318,-0.7049351916,0.1137490989,-0.3004449178,0.1814282338,-0.1636742578,-0.0292332116,-0.2353227538,0.3753608617,-0.0095224450,0.4309904067,0.0965804658,-0.0814898515
-0.0239343211,-0.0286373123,0.8058827836,-0.0754783414,-0.0084800244,-0.7177414884,0.6921547984,0.1634703072,0.1253138703,-0.0214736703,0.1170771655,-0.0623107627,-0.0216795943,0.1877134447,0.0026388272,-0.1129916073,0.1441921003,-0.0480582960,0.0494361716,0.0488666947,0.1163515860,-0.0176215079,0.0276135309,0.4061377530,-0.7294017114,0.1457903300,-0.2908924069,0.1871241475,-0.1964218112,-0.0417473610,-0.2282646513,0.3753242808,-0.0312647462,0.4286992251,0.0895852670,-0.1179877818
-0.0234600638,-0.0288194493,0.8055499337,-0.0756093779,-0.0077367585,-0.7196268508,0.6901887858,0.1642624926,0.1263862031,-0.0169788455,0.1170039245,-0.0669252745,-0.0204483078,0.1858590571,0.0042527786,-0.1059508587,0.1438899583,-0.0482295067,0.0506587979,0.0438419696,0.1208242035,-0.0176116968,0.0266700359,0.4203061502,-0.7538069155,0.1729460331,-0.2733712876,0.1922049331,-0.2226231863,-0.0547845405,-0.2204051418,0.3819327584,-0.0322833708,0.4263928461,0.0879764473,-0.1421715723
-0.0229305086,-0.0288859000,0.8051352791,-0.0759028387,-0.0070270881,-0.7215412308,0.6881625036,0.1651025632,0.1277774291,-0.0122927873,0.1171097008,-0.0711093636,-0.0190945043,0.1840926861,0.0057311462,-0.0997544045,0.1436845724,-0.0492613347,0.0519017587,0.0385514452,0.1256664783,-0.0171168096,0.0255552211,0.4337619334,-0.7781447109,0.1998918344,-0.2549078655,0.1973641804,-0.2479979289,-0.0699750172,-0.2123057900,0.3877862577,-0.0298118898,0.4243247496,0.0850714754,-0.1641162755
-0.0224670351,-0.0289120415,0.8048093538,-0.0762425792,-0.0063612036,-0.7234429811,0.6861318075,0.1660415555,0.1291382069,-0.0076198396,0.1172527540,-0.0752731733,-0.0177014210,0.1824006460,0.0071737467,-0.0935570002,0.1435505392,-0.0502868222,0.0531677620,0.0331671786,0.1304785579,-0.0164320103,0.0241790340,0.4469689781,-0.8024293128,0.2264082797,-0.2358325547,0.2027169156,-0.2733128092,-0.0857859310,-0.2040105127,0.3931803591,-0.0265634908,0.4223405084,0.0820145670,-0.1854828379
-0.0217460142,-0.0282920317,0.8044921724,-0.0755105827,-0.0043111313,-0.7261691602,0.6833431911,0.1640847067,0.1308772576,-0.0027610932,0.1138216159,-0.0777347184,-0.0156323818,0.1768027379,0.0087978372,-0.0894566092,0.1399222149,-0.0488158634,0.0533811256,0.0286322533,0.1365179704,-0.0180851410,0.0196555479,0.4612461286,-0.8211583651,0.2472434562,-0.2186388876,0.2075822211,-0.2869476783,-0.1081998294,-0.1956897871,0.4030381054,-0.0288890424,0.4228923266,0.0821099930,-0.1918363442
-0.0211875196,-0.0284978233,0.8037583782,-0.0773598409,-0.0055182782,-0.7290565570,0.6800452487,0.1699782796,0.1314227184,0.0037391376,0.1174501012,-0.0868756249,-0.0133488426,0.1784836016,0.0093249914,-0.0808107897,0.1433315179,-0.0551521120,0.0557290266,0.0251904383,0.1402010559,-0.0148374269,0.0160973737,0.4705075174,-0.8414967744,0.2790800005,-0.1939811792,0.2073285892,-0.3023144896,-0.1244423815,-0.1834325078,0.4153420155,-0.0328342020,0.4189383060,0.0811750342,-0.2028529420
-0.0205572759,-0.0278583362,0.8032699401,-0.0766927488,-0.0039236179,-0.7317281058,0.6772568247,0.1687986311,0.1325360324,0.0087820756,0.1143284816,-0.0897306546,-0.0110858447,0.1737254629,0.0107619871,-0.0737065736,0.1398361067,-0.0555104243,0.0577694215,0.0202285578,0.1454281719,-0.0156542622,0.0113498683,0.4841473255,-0.8606583267,0.3007670786,-0.1757254466,0.2106496017,-0.3149154724,-0.1468424751,-0.1741630655,0.4250039206,-0.0353721842,0.4189334710,0.0818282877,-0.2091209036
-0.0198178952,-0.0277016727,0.8028207261,-0.0773390053,-0.0033105763,-0.7342036036,0.6745018805,0.1704792670,0.1342640026,0.0152158038,0.1142160126,-0.0953852221,-0.0093310604,0.1714847657,0.0120380742,-0.0693133996,0.1401885816,-0.0558616027,0.0581440511,0.0156858816,0.1488340083,-0.0139822514,0.0093509547,0.4924560948,-0.8764489191,0.3348752584,-0.1540925933,0.2144182103,-0.3274293322,-0.1600506511,-0.1662136685,0.4335564849,-0.0362499377,0.4183558401,0.0840402400,-0.2088059039
-0.0191787759,-0.0275313790,0.8021551686,-0.0778490137,-0.0032952640,-0.7366641826,0.6717548321,0.1727396845,0.1346787553,0.0216699901,0.1145435865,-0.1014940780,-0.0073649719,0.1702548553,0.0124683366,-0.0621344264,0.1401512648,-0.0596370502,0.0611299684,0.0110742523,0.1512696028,-0.0118813439,0.0069396117,0.4988632478,-0.8921266109,0.3721388877,-0.1309107240,0.2162438868,-0.3401774267,-0.1725262073,-0.1583539539,0.4418777626,-0.0374505650,0.4174198451,0.0861387928,-0.2072565713
-0.0184869897,-0.0272720341,0.8014857577,-0.0784329928,-0.0034013902,-0.7391132722,0.6689904835,0.1753659057,0.1349034851,0.0281537971,0.1148394386,-0.1076342882,-0.0052878494,0.1692527700,0.0127079486,-0.0548975711,0.1403205984,-0.0635564087,0.0642064860,0.0064653581,0.1536199512,-0.0094825735,0.0043440047,0.5044752014,-0.9080189939,0.4105394131,-0.1071071260,0.2169494056,-0.3525016724,-0.1848712009,-0.1505386953,0.4500038880,-0.0387385986,0.4163994062,0.0881878350,-0.2054867881
-0.0174139597,-0.0271489458,0.8010308085,-0.0789289709,-0.0034990973,-0.7416253748,0.6661454626,0.1778327498,0.1342102087,0.0337709935,0.1148570323,-0.1124051010,-0.0029647452,0.1678263604,0.0120797303,-0.0495817850,0.1407113512,-0.0654142696,0.0638629356,0.0045146326,0.1557285111,-0.0075986608,0.0013865511,0.5004257599,-0.9135959928,0.4447177809,-0.0973211197,0.2148462182,-0.3538999983,-0.1963876192,-0.1461548981,0.4684987391,-0.0510856067,0.4114306740,0.0924219038,-0.1932620347
-0.0161976961,-0.0269758546,0.8004488179,-0.0791940771,-0.0036138511,-0.7441230216,0.6633220687,0.1800068984,0.1330150648,0.0393528257,0.1148334483,-0.1172806877,-0.0004488088,0.1663137450,0.0110319620,-0.0432141191,0.1406856264,-0.0686857020,0.0671291378,0.0012545274,0.1580846962,-0.0057734492,-0.0010408086,0.4956242062,-0.9185395203,0.4792028949,-0.0895857904,0.2124789076,-0.3530083214,-0.2066740756,-0.1428065195,0.4888421377,-0.0665008996,0.4056764750,0.0981445532,-0.1810585067
-0.0150386082,-0.0268289230,0.7999527425,-0.0794304178,-0.0037229018,-0.7465978745,0.6605062925,0.1821677974,0.1317124352,0.0448883745,0.1148008367,-0.1221814995,0.0021337265,0.1647743528,0.0098818966,-0.0368720189,0.1407154929,-0.0720239833,0.0704476378,-0.0023553071,0.1604882437,-0.0040739925,-0.0031612633,0.4907073302,-0.9233916588,0.5136983522,-0.0822134850,0.2100400131,-0.3514368143,-0.2165377027,-0.1399138044,0.5096810842,-0.0828867968,0.3998295318,0.1043931015,-0.1691689616
-0.0135096436,-0.0268091289,0.7996868529,-0.0797103967,-0.0039477284,-0.7475185666,0.6594290414,0.1833139359,0.1295668685,0.0477532360,0.1150531269,-0.1242460568,0.0039467330,0.1643252100,0.0078377080,-0.0343270695,0.1411510926,-0.0721963214,0.0713999784,-0.0063507774,0.1622188092,-0.0021583446,-0.0031592366,0.4855035802,-0.9287834035,0.5298824596,-0.0794131444,0.2061624451,-0.3570716902,-0.2176692203,-0.1409866147,0.5312335161,-0.0842222450,0.3951468693,0.1133179875,-0.1522920408
-0.0120440103,-0.0268334310,0.7994780724,-0.0798266236,-0.0042100358,-0.7483659381,0.6584515232,0.1842982245,0.1271609051,0.0503774505,0.1151839541,-0.1263071398,0.0057620766,0.1640528763,0.0055276663,-0.0314552175,0.1410795785,-0.0732780786,0.0746343944,-0.0107389200,0.1636820598,-0.0009092635,-0.0018370998,0.4819640536,-0.9341622820,0.5428017829,-0.0773324332,0.2039806531,-0.3631442282,-0.2190306135,-0.1419490655,0.5524872479,-0.0838425107,0.3905173816,0.1210991399,-0.1338587673
-0.0106837662,-0.0267752173,0.7992693944,-0.0799168541,-0.0044675897,-0.7492040751,0.6574850500,0.1852418829,0.1247401316,0.0529695957,0.1152947668,-0.1283551672,0.0075576779,0.1637387914,0.0032068414,-0.0286184974,0.1410220275,-0.0743816384,0.0778499186,-0.0153075655,0.1650243333,0.0001940121,-0.0000389677,0.4789818850,-0.9394370597,0.5546753353,-0.0754304569,0.2025111880,-0.3691478969,-0.2205682842,-0.1427187393,0.5737272180,-0.0828667871,0.3857084140,0.1283843316,-0.1149727463
-0.0098598591,-0.0270425903,0.7995902787,-0.0796467927,-0.0043436053,-0.7506351584,0.6558844262,0.1857658437,0.1234470160,0.0554916207,0.1152502605,-0.1255718510,0.0084184885,0.1621515389,0.0021056401,-0.0259808748,0.1411470146,-0.0712309062,0.0759752765,-0.0182296071,0.1645993760,0.0000453799,0.0018834664,0.4765836878,-0.9339820587,0.5522047526,-0.0792293688,0.2002019426,-0.3716365959,-0.2231839337,-0.1471393436,0.5851963460,-0.0955634775,0.3849798468,0.1334469865,-0.0960624145
-0.0090819843,-0.0272118579,0.7999007545,-0.0791862592,-0.0041703415,-0.7521203125,0.6542378621,0.1859840702,0.1219481699,0.0582376238,0.1151187873,-0.1227567720,0.0093466330,0.1602659661,0.0007668835,-0.0236246408,0.1410128322,-0.0685708558,0.0760667711,-0.0209005158,0.1639096320,-0.0002303716,0.0040479268,0.4755032745,-0.9287523214,0.5473978426,-0.0837945522,0.1991149445,-0.3736147474,-0.2255764754,-0.1522167714,0.5966101842,-0.1096233874,0.3848598413,0.1390768580,-0.0774557502
-0.0083066648,-0.0274777595,0.8002119191,-0.0786877945,-0.0039804041,-0.7536058965,0.6525875728,0.1861233907,0.1204263763,0.0609833637,0.1149831060,-0.1199416889,0.0102789358,0.1582765180,-0.0005932785,-0.0212616912,0.1409270251,-0.0659441719,0.0761627450,-0.0235265510,0.1631365381,-0.0006321507,0.0063636057,0.4747652917,-0.9236537796,0.5418851317,-0.0885789910,0.1985180709,-0.3754161887,-0.2278477277,-0.1575471100,0.6080691411,-0.1240932334,0.3847958855,0.1448680419,-0.0590167113
-0.0075101672,-0.0277209832,0.8007503010,-0.0782275829,-0.0036325845,-0.7543986019,0.6517284704,0.1857150870,0.1191228098,0.0636362760,0.1147704057,-0.1158429235,0.0101127113,0.1566431262,-0.0018075793,-0.0198188039,0.1409126281,-0.0618228622,0.0778644213,-0.0230523646,0.1621118671,-0.0015856478,0.0069640747,0.4701795466,-0.9071971122,0.5316667758,-0.1007494347,0.1977131435,-0.3734946014,-0.2218124901,-0.1646945257,0.6218264013,-0.1189587049,0.3836913179,0.1526832807,-0.0359783178
-0.0066329381,-0.0280370549,0.8011800110,-0.0776197446,-0.0033982224,-0.7552113856,0.6508605000,0.1851600925,0.1174362193,0.0661410040,0.1146262250,-0.1117277880,0.0099210321,0.1550545620,-0.0034430884,-0.0186811500,0.1406443530,-0.0583524688,0.0782988061,-0.0232242233,0.1609638780,-0.0028329569,0.0080338503,0.4651881391,-0.8902883234,0.5217002978,-0.1134422524,0.1968450816,-0.3710157817,-0.2164792735,-0.1712939291,0.6357843516,-0.1115100478,0.3819551632,0.1591147210,-0.0112945195
-0.0058443986,-0.0283413876,0.8016102748,-0.0770089118,-0.0031732184,-0.7560113915,0.6500048724,0.1845705776,0.1157303499,0.0685993934,0.1145026674,-0.1075962522,0.0097371954,0.1534393524,-0.0050936379,-0.0175773936,0.1404211549,-0.0548970542,0.0787337070,-0.0236223674,0.1597878215,-0.0040907539,0.0091767247,0.4601019311,-0.8732925396,0.5117668154,-0.1261256835,0.1958618593,-0.3683314225,-0.2113840822,-0.1776310753,0.6497439971,-0.1033443414,0.3798574234,0.1649884152,0.0138707590
-0.0051608945,-0.0283736848,0.8020689748,-0.0768235737,-0.0030712862,-0.7563550769,0.6496273573,0.1844373135,0.1145776410,0.0690988187,0.1143147510,-0.1038947736,0.0102593277,0.1527732310,-0.0059854209,-0.0164453346,0.1403364762,-0.0514748785,0.0780205297,-0.0220454220,0.1578358868,-0.0058196531,0.0078435485,0.4560184773,-0.8585070585,0.4917330121,-0.1389629953,0.1935193978,-0.3621061766,-0.2075061746,-0.1859683605,0.6655948029,-0.0913215090,0.3764195060,0.1704744611,0.0374305255
-0.0044938718,-0.0285006449,0.8024464430,-0.0767199590,-0.0030167512,-0.7566921613,0.6492471950,0.1844399999,0.1133923399,0.0695068654,0.1141935859,-0.1001499761,0.0107572230,0.1523068758,-0.0067984282,-0.0153928625,0.1402004381,-0.0479401051,0.0775199720,-0.0203550378,0.1558504618,-0.0073127582,0.0067746944,0.4525336730,-0.8443145699,0.4700988782,-0.1522689319,0.1919026742,-0.3549009806,-0.2037225689,-0.1942838809,0.6812900088,-0.0791467647,0.3726868274,0.1756341522,0.0608963364
-0.0038293397,-0.0285411949,0.8029099974,-0.0766382748,-0.0029806598,-0.7570281379,0.6488652317,0.1845101836,0.1122138017,0.0699180291,0.1140792183,-0.0964183986,0.0112538083,0.1519205588,-0.0076064913,-0.0143398021,0.1400406015,-0.0444055758,0.0770148173,-0.0186593223,0.1538385785,-0.0087551748,0.0058077252,0.4491676960,-0.8303226444,0.4479800680,-0.1656551252,0.1904924318,-0.3472449383,-0.1999078946,-0.2025405349,0.6969437991,-0.0669749315,0.3686404674,0.1806414715,0.0844127814
-0.0028031381,-0.0295074926,0.8028706989,-0.0778022371,-0.0043539485,-0.7561449320,0.6497481796,0.1883443928,0.1098713580,0.0694940477,0.1162673959,-0.0979328154,0.0126761397,0.1565660696,-0.0102235333,-0.0140487214,0.1431303952,-0.0464780963,0.0792669736,-0.0160732167,0.1524760413,-0.0068466333,0.0141525528,0.4317416478,-0.8072068353,0.4153794002,-0.1888502389,0.1882364713,-0.3419944945,-0.1902541402,-0.2071658783,0.7041512704,-0.0637060238,0.3663499621,0.1802183505,0.0996527443
-0.0019375775,-0.0300730469,0.8030976652,-0.0775812101,-0.0044561508,-0.7552722599,0.6507880699,0.1882894992,0.1077096654,0.0684319416,0.1160521085,-0.0963654001,0.0137055760,0.1578116499,-0.0122090582,-0.0144229787,0.1429418231,-0.0453805376,0.0798295983,-0.0129674622,0.1501720998,-0.0073836539,0.0207041992,0.4168555146,-0.7841175697,0.3805277442,-0.2124096113,0.1867370129,-0.3374527000,-0.1841124005,-0.2102346638,0.7104340569,-0.0599536437,0.3664449919,0.1816791585,0.1124592997
-0.0010597150,-0.0306341054,0.8032469420,-0.0771793737,-0.0043934899,-0.7544227057,0.6518208517,0.1876391501,0.1055452256,0.0673758932,0.1158853493,-0.0947385960,0.0147545650,0.1585281292,-0.0141925408,-0.0147762532,0.1426342461,-0.0441275533,0.0804073128,-0.0097417821,0.1476748842,-0.0084832023,0.0272178509,0.4018995215,-0.7616068681,0.3452574518,-0.2357757785,0.1850189688,-0.3321695746,-0.1780659331,-0.2130838361,0.7166009947,-0.0561024078,0.3666835083,0.1832856771,0.1251533559
-0.0017887431,-0.0305496851,0.8032057866,-0.0769023233,-0.0046528215,-0.7538703985,0.6524904644,0.1874172091,0.1054880269,0.0644882869,0.1155876019,-0.0957082988,0.0143905083,0.1588863512,-0.0148217355,-0.0204404830,0.1427171295,-0.0465595251,0.0809946912,-0.0092402925,0.1480835349,-0.0108458403,0.0256717987,0.3868805351,-0.7391319614,0.2710518122,-0.2524851527,0.1789639978,-0.3128902689,-0.1884816903,-0.2102524280,0.6613262265,-0.1032516446,0.3755895621,0.1682270082,0.0729530929
-0.0025646249,-0.0304730152,0.8030434750,-0.0768001348,-0.0051350828,-0.7533683363,0.6530784946,0.1876134350,0.1053391900,0.0618065462,0.1156359805,-0.0964560966,0.0142505226,0.1595920667,-0.0150921291,-0.0236085927,0.1431927510,-0.0489991556,0.0800756048,-0.0065795931,0.1482234446,-0.0122384800,0.0232370719,0.3731483738,-0.7194621897,0.1934995420,-0.2688117288,0.1746395248,-0.2908629588,-0.1979888187,-0.2078978832,0.6051163682,-0.1532442482,0.3832611711,0.1541586382,0.0174598830
-0.0033518493,-0.0303721089,0.8028764366,-0.0767684317,-0.0056793767,-0.7528859040,0.6536338180,0.1879930707,0.1052212916,0.0592079317,0.1157350513,-0.0972427315,0.0140863997,0.1604292400,-0.0153325573,-0.0266974494,0.1437472302,-0.0514636842,0.0791326645,-0.0037157596,0.1484480630,-0.0136142621,0.0209474470,0.3592984180,-0.7003503223,0.1154784236,-0.2837644457,0.1700970167,-0.2677276118,-0.2066318852,-0.2048593961,0.5492792245,-0.2040480054,0.3878752450,0.1401265088,-0.0380666697
-0.0032812088,-0.0304495761,0.8026371078,-0.0769459376,-0.0061447676,-0.7508081719,0.6559944005,0.1875843888,0.1041382631,0.0531855280,0.1157355504,-0.0995059677,0.0144869228,0.1629492160,-0.0165109850,-0.0312908195,0.1440880544,-0.0541717617,0.0818640629,-0.0022291148,0.1483034068,-0.0152153878,-0.0123039369,0.3393362820,-0.7122961397,0.0461416848,-0.2941634584,0.1686828994,-0.2560807530,-0.2056239746,-0.1917547417,0.5323040730,-0.2378317879,0.3988976052,0.1332646205,-0.0530970818
-0.0032652757,-0.0303946437,0.8023215069,-0.0771905587,-0.0066500531,-0.7486784450,0.6583904468,0.1873288684,0.1028727077,0.0468108357,0.1157882245,-0.1019325669,0.0149813535,0.1656168790,-0.0177983622,-0.0363794598,0.1443959688,-0.0568295607,0.0828853100,-0.0003745573,0.1483649620,-0.0167671513,-0.0467160728,0.3186421698,-0.7243385765,-0.0214405187,-0.3041229257,0.1666789615,-0.2443299872,-0.2044984416,-0.1784532142,0.5149901572,-0.2714483296,0.4087011264,0.1258869229,-0.0664044625
-0.0031644400,-0.0304188560,0.8020038388,-0.0774617706,-0.0071763092,-0.7465403464,0.6607765778,0.1871242399,0.1016233583,0.0404340457,0.1158773924,-0.1043737173,0.0154743624,0.1683462283,-0.0190700306,-0.0414642848,0.1447059676,-0.0594809566,0.0839040297,0.0016221909,0.1484843930,-0.0182692211,-0.0813408343,0.2979799778,-0.7362969648,-0.0887215642,-0.3134045427,0.1641601246,-0.2321833997,-0.2035252853,-0.1648945598,0.4980890076,-0.3052280879,0.4176488984,0.1181917654,-0.0796948965
-0.0039591599,-0.0302036391,0.8018758660,-0.0779128286,-0.0080318275,-0.7452760973,0.6621394262,0.1878675203,0.1015098006,0.0345270981,0.1163047463,-0.1051992835,0.0152219767,0.1710376686,-0.0192662815,-0.0464687757,0.1449157426,-0.0618509950,0.0835588553,0.0058217973,0.1432446609,-0.0182426551,-0.1022667215,0.2919006824,-0.7465707290,-0.1204756339,-0.3152044266,0.1634480811,-0.2147192698,-0.1914557738,-0.1896807838,0.5057219600,-0.2853685258,0.4242437385,0.1233410338,-0.0632840524
-0.0046443784,-0.0299053325,0.8017453170,-0.0783316221,-0.0088056412,-0.7439894485,0.6635256726,0.1884933486,0.1014174557,0.0288039166,0.1165785274,-0.1056150854,0.0150434690,0.1735827040,-0.0194164863,-0.0511501286,0.1449228832,-0.0638384727,0.0832776634,0.0088661648,0.1388928020,-0.0192971724,-0.1224177941,0.2836235896,-0.7552097260,-0.1488290276,-0.3157380923,0.1602795864,-0.1988130960,-0.1804260345,-0.2141427014,0.5130482118,-0.2602614189,0.4309721690,0.1253407661,-0.0425276065
-0.0053154036,-0.0296660754,0.8016173850,-0.0787424369,-0.0095627159,-0.7426989166,0.6649108981,0.1890394011,0.1013247114,0.0230737468,0.1168768291,-0.1059963288,0.0148842458,0.1760669859,-0.0195589463,-0.0558316514,0.1449022368,-0.0657555819,0.0830105096,0.0117128492,0.1346906446,-0.0204318882,-0.1426457396,0.2748508475,-0.7632792411,-0.1762249151,-0.3158086925,0.1564872065,-0.1835032185,-0.1696777993,-0.2382391970,0.5199452867,-0.2338095561,0.4372250084,0.1266104743,-0.0206762308
-0.0058522765,-0.0290743968,0.8017194601,-0.0790582011,-0.0103657204,-0.7403991263,0.6674215208,0.1882685608,0.1008074778,0.0162113483,0.1173045749,-0.1039898044,0.0136553775,0.1789517584,-0.0201811536,-0.0621359069,0.1447057915,-0.0662760523,0.0827659886,0.0141216507,0.1237650777,-0.0214146459,-0.1659512229,0.2531914584,-0.7795967377,-0.1803673349,-0.3144078456,0.1573582064,-0.1740975941,-0.1574929779,-0.2824471240,0.5521083948,-0.1997214253,0.4311282449,0.1401378692,0.0367730873
-0.0061341318,-0.0285971721,0.8017925201,-0.0794154603,-0.0111537806,-0.7380229779,0.6699931805,0.1875296732,0.1001645311,0.0095441717,0.1177614572,-0.1021113525,0.0126659349,0.1818978049,-0.0209028038,-0.0681784462,0.1445219596,-0.0664905994,0.0827534221,0.0160238426,0.1140730211,-0.0226497402,-0.1898034569,0.2279116266,-0.7937180683,-0.1809721434,-0.3120465567,0.1577754772,-0.1670173699,-0.1442372992,-0.3273307911,0.5838868660,-0.1671056540,0.4215076856,0.1541791690,0.0970898704
-0.0064897242,-0.0281145929,0.8017703597,-0.0797998996,-0.0119562461,-0.7356414103,0.6725479459,0.1868577819,0.0995185211,0.0028950999,0.1183028707,-0.1002994754,0.0116907000,0.1849206720,-0.0216203064,-0.0741943741,0.1443594243,-0.0667192959,0.0827636328,0.0178853119,0.1047954477,-0.0238914932,-0.2135670678,0.2016333889,-0.8072080633,-0.1803031764,-0.3095150817,0.1572957565,-0.1602314944,-0.1306546972,-0.3722347685,0.6159555448,-0.1348520647,0.4093809281,0.1670760290,0.1575656530
-0.0062747240,-0.0277292853,0.8020568435,-0.0800011877,-0.0123082996,-0.7324423889,0.6760003422,0.1846563967,0.0982125202,-0.0048575203,0.1187085136,-0.0966954821,0.0114754021,0.1875721723,-0.0225048727,-0.0796276010,0.1439509578,-0.0643915337,0.0826214202,0.0269639677,0.1003251951,-0.0265558812,-0.2342351266,0.1885800859,-0.7615891816,-0.2224107287,-0.3174957159,0.1483324441,-0.1265577660,-0.1168957010,-0.3964577047,0.6268211257,-0.0925170502,0.3906119723,0.1800292824,0.2135066823
-0.0062469269,-0.0271891641,0.8023178888,-0.0801308612,-0.0128444794,-0.7291950521,0.6794767401,0.1823077540,0.0967981748,-0.0127811712,0.1193376250,-0.0930182483,0.0110446613,0.1902823018,-0.0235242577,-0.0851863575,0.1435490729,-0.0628129329,0.0826662995,0.0337725812,0.0948534334,-0.0283978640,-0.2539689187,0.1789199632,-0.7150396837,-0.2681810870,-0.3256233091,0.1402514873,-0.0908114626,-0.1058679382,-0.4177914338,0.6401852735,-0.0468353239,0.3691812987,0.1909141824,0.2702314335
-0.0062608215,-0.0264998312,0.8026668003,-0.0803098217,-0.0134589251,-0.7258928384,0.6829705535,0.1800885578,0.0953746157,-0.0208139951,0.1200317209,-0.0893121193,0.0105642126,0.1931120194,-0.0245546751,-0.0908349862,0.1433071343,-0.0613029073,0.0826557592,0.0400222273,0.0891613267,-0.0300458590,-0.2734072446,0.1699021953,-0.6685771723,-0.3151059367,-0.3321386767,0.1325641850,-0.0548667435,-0.0953444207,-0.4381401367,0.6542825099,-0.0006036051,0.3459033956,0.2007474627,0.3271823900
-0.0063648822,-0.0262090442,0.8026873789,-0.0801734433,-0.0137800906,-0.7230055053,0.6860359811,0.1776775511,0.0942597807,-0.0286152001,0.1207863035,-0.0871147161,0.0104984720,0.1952924767,-0.0253886101,-0.0974871268,0.1429518029,-0.0610812495,0.0825607723,0.0495735485,0.0782835652,-0.0296108207,-0.2635183970,0.1518852112,-0.5938797723,-0.3613974166,-0.3451444326,0.1174043209,0.0077882209,-0.0841938803,-0.4599106745,0.6679782290,0.0178041990,0.3222193809,0.2048827020,0.3611028316
-0.0063770674,-0.0258655033,0.8027805895,-0.0801279496,-0.0140987184,-0.7200507672,0.6891354225,0.1752924433,0.0929642440,-0.0365376276,0.1217455796,-0.0852703911,0.0106564931,0.1975198439,-0.0262806611,-0.1037519441,0.1427885957,-0.0610991828,0.0827978645,0.0582324758,0.0675427409,-0.0300727947,-0.2532893488,0.1322366023,-0.5198410816,-0.4086427106,-0.3548076132,0.1006049404,0.0707606550,-0.0713957609,-0.4829404710,0.6843136267,0.0322511147,0.2992524681,0.2102535932,0.3913473538
-0.0064637307,-0.0255085597,0.8028667809,-0.0801744065,-0.0144897383,-0.7170571146,0.6922363805,0.1729748934,0.0916561510,-0.0445190480,0.1229082307,-0.0834211903,0.0108266971,0.1998509492,-0.0271871867,-0.1100507567,0.1428038620,-0.0611252021,0.0830385914,0.0671168359,0.0566004667,-0.0309182129,-0.2438253863,0.1108885750,-0.4473034081,-0.4569673784,-0.3607261075,0.0831847036,0.1333764118,-0.0580322985,-0.5058474660,0.7011395284,0.0458898406,0.2762352868,0.2157158606,0.4205584412
-0.0072119989,-0.0250400364,0.8025613418,-0.0804097803,-0.0148022899,-0.7152119100,0.6941088411,0.1715149081,0.0918991159,-0.0534262545,0.1240325563,-0.0844785224,0.0104963478,0.2015730239,-0.0267384016,-0.1174920749,0.1426720993,-0.0640920146,0.0827724821,0.0802600100,0.0462128363,-0.0285682382,-0.2189961127,0.0779782551,-0.4023080124,-0.4890620046,-0.3789323472,0.0670789861,0.1909273042,-0.0543630688,-0.5037433662,0.7147410805,0.0532835699,0.2651703742,0.2177473061,0.4358582538
-0.0081689258,-0.0246166382,0.8022587990,-0.0807034610,-0.0151809709,-0.7134100038,0.6959185700,0.1702566588,0.0923327446,-0.0621319275,0.1251969154,-0.0857164424,0.0101081176,0.2033322010,-0.0260860995,-0.1246551591,0.1426902025,-0.0670672909,0.0823412579,0.0950020632,0.0347457922,-0.0267926373,-0.1951866843,0.0446036797,-0.3607475106,-0.5218019071,-0.3954873087,0.0493079816,0.2486223119,-0.0497385927,-0.5002532447,0.7274457171,0.0611124086,0.2548451937,0.2198693227,0.4497458408
-0.0090955800,-0.0240256139,0.8019565084,-0.0810597286,-0.0156172380,-0.7116018933,0.6977163949,0.1690938074,0.0928607726,-0.0708578006,0.1264293609,-0.0869023396,0.0096243482,0.2051450273,-0.0253439145,-0.1318285629,0.1428491313,-0.0700442292,0.0818055583,0.1102516513,0.0228211802,-0.0252459283,-0.1727131000,0.0102346147,-0.3210194284,-0.5556759718,-0.4099526057,0.0307770004,0.3065505166,-0.0447280111,-0.4962466260,0.7395914993,0.0688084754,0.2444535379,0.2222631649,0.4638245021
-0.0104357076,-0.0237427919,0.8015577850,-0.0812557355,-0.0158461047,-0.7088506500,0.7004835205,0.1671803887,0.0940965955,-0.0781915973,0.1272052360,-0.0893309881,0.0085530057,0.2073181412,-0.0238576969,-0.1384747132,0.1431337704,-0.0739410352,0.0809514177,0.1212321078,0.0155079866,-0.0223821712,-0.1555112886,-0.0084580594,-0.3023452674,-0.5795429732,-0.4152104937,0.0192393934,0.3424319587,-0.0390342563,-0.4911239604,0.7493064461,0.0771325792,0.2407417017,0.2222726702,0.4677113751
-0.0117803949,-0.0234158359,0.8011571902,-0.0814883003,-0.0160986960,-0.7060730397,0.7032505609,0.1653492714,0.0954989702,-0.0854677065,0.1279881614,-0.0918576217,0.0075105451,0.2095730762,-0.0221876688,-0.1451114660,0.1433571120,-0.0777358896,0.0799702215,0.1332896522,0.0074845528,-0.0194822749,-0.1387463087,-0.0272201358,-0.2851460258,-0.6033021619,-0.4190187417,0.0073935353,0.3768205870,-0.0326921478,-0.4852840217,0.7585430417,0.0855888864,0.2379719715,0.2217833896,0.4699727991
-0.0132496469,-0.0230607272,0.8008460564,-0.0817450912,-0.0163743949,-0.7032881554,0.7059995678,0.1635751206,0.0969660713,-0.0927446826,0.1287804101,-0.0943708741,0.0064162351,0.2118691157,-0.0204610676,-0.1517392049,0.1435983775,-0.0815249412,0.0789343746,0.1456244140,-0.0006942707,-0.0166351163,-0.1222437516,-0.0462367131,-0.2686705261,-0.6271361970,-0.4220187164,-0.0045289837,0.4111347934,-0.0262122065,-0.4792848068,0.7673969226,0.0939062767,0.2352355663,0.2215560285,0.4723904625
-0.0150719038,-0.0221902221,0.8006399780,-0.0804019313,-0.0151212279,-0.7015172665,0.7079409599,0.1582971874,0.0992489708,-0.0987970919,0.1249107560,-0.0932003701,0.0040801553,0.2094111246,-0.0178014274,-0.1570335801,0.1394897624,-0.0819845863,0.0769209438,0.1541932668,-0.0061700306,-0.0152109394,-0.1121039655,-0.0497045656,-0.2579991004,-0.6371024874,-0.4191657918,-0.0082952261,0.4290313062,-0.0261835302,-0.4728782060,0.7722936290,0.0932058562,0.2369794108,0.2218405110,0.4724003542
-0.0172075731,-0.0223910163,0.8000118391,-0.0820223225,-0.0163584239,-0.6993763642,0.7098432516,0.1599630982,0.1025048755,-0.1052629504,0.1291666705,-0.0997141710,0.0013443883,0.2140624727,-0.0144309032,-0.1622877608,0.1432940660,-0.0896005552,0.0748018671,0.1625375651,-0.0091177689,-0.0106022373,-0.0917401082,-0.0562125005,-0.2545785911,-0.6521364098,-0.4076103972,-0.0119402192,0.4506824374,-0.0245378568,-0.4610959814,0.7799952644,0.1010773704,0.2355691216,0.2207209896,0.4702817930
-0.0191114109,-0.0214789240,0.7997722213,-0.0809398584,-0.0153236923,-0.6975902271,0.7117455997,0.1554488581,0.1049297782,-0.1113255620,0.1256557300,-0.0991290574,-0.0010650304,0.2122879105,-0.0116116303,-0.1673124085,0.1396162413,-0.0903097274,0.0727293640,0.1715161522,-0.0149695789,-0.0085851011,-0.0802641498,-0.0596694792,-0.2453814845,-0.6634901539,-0.4028707841,-0.0152039347,0.4676852562,-0.0243730479,-0.4536845444,0.7846869408,0.1011218751,0.2374392401,0.2208578658,0.4697487967
-0.0209506628,-0.0211347107,0.7995560978,-0.0811992317,-0.0150044910,-0.6970288000,0.7122727020,0.1537398922,0.1084015916,-0.1156386515,0.1267403531,-0.1015922633,-0.0043295939,0.2120738856,-0.0079919375,-0.1703978772,0.1391939082,-0.0918466004,0.0708815850,0.1740111914,-0.0156617104,-0.0065515360,-0.0662325800,-0.0559312113,-0.2436940559,-0.6628140247,-0.3958410438,-0.0124996792,0.4764084147,-0.0254966876,-0.4473308551,0.7860601496,0.1018024784,0.2390542708,0.2209388632,0.4672494423
-0.0227391103,-0.0207959147,0.7992281614,-0.0818203468,-0.0148775007,-0.6964933008,0.7127279795,0.1525487317,0.1121821628,-0.1198221175,0.1287967247,-0.1047893441,-0.0076826687,0.2125279489,-0.0040527933,-0.1732781147,0.1391863853,-0.0935132600,0.0689054386,0.1771280639,-0.0160747270,-0.0039134433,-0.0522146755,-0.0524282299,-0.2421341299,-0.6613093191,-0.3886512780,-0.0097525275,0.4834403763,-0.0264611630,-0.4405222389,0.7869815328,0.1032401491,0.2406847041,0.2206329057,0.4646811185
-0.0246229588,-0.0204452490,0.7989800453,-0.0825564351,-0.0148380462,-0.6959688550,0.7131560981,0.1515886748,0.1160261639,-0.1239446317,0.1310769986,-0.1081621012,-0.0110559786,0.2132760943,-0.0000421224,-0.1760951552,0.1391814962,-0.0952071979,0.0669112744,0.1804636662,-0.0163697131,-0.0009567645,-0.0383788047,-0.0490381319,-0.2406146218,-0.6594084627,-0.3814571054,-0.0071758013,0.4899870532,-0.0274313464,-0.4336059140,0.7876943983,0.1049680146,0.2422471125,0.2201129462,0.4621721529
-0.0264983535,-0.0203485868,0.7985711370,-0.0819449366,-0.0156817936,-0.6953499702,0.7138119694,0.1484261045,0.1159656354,-0.1257832603,0.1367514517,-0.1103946741,-0.0122772207,0.2149947754,0.0002538656,-0.1791196313,0.1376224833,-0.1025668331,0.0621335618,0.1818380518,-0.0192048251,0.0011206582,-0.0276345158,-0.0415417378,-0.2438552447,-0.6537849531,-0.3768945216,-0.0015378953,0.4852885628,-0.0321660556,-0.4312027497,0.7886932435,0.1088119848,0.2424455484,0.2191564129,0.4578798478
-0.0281286437,-0.0202023466,0.7983400911,-0.0818266671,-0.0161073967,-0.6945211300,0.7146225216,0.1452093040,0.1170647217,-0.1283870866,0.1426226205,-0.1130479339,-0.0136396704,0.2158898491,0.0018529995,-0.1818704434,0.1376545685,-0.1063194037,0.0585335713,0.1828036959,-0.0209240118,0.0031127880,-0.0172827020,-0.0342844223,-0.2465497788,-0.6472976340,-0.3728988697,0.0042193857,0.4784118518,-0.0369424112,-0.4287002736,0.7895467565,0.1130975339,0.2428109395,0.2177743842,0.4534345298
-0.0298527848,-0.0201203451,0.7981134523,-0.0816987133,-0.0164619263,-0.6937045874,0.7154217432,0.1417527930,0.1182554005,-0.1309804668,0.1486715552,-0.1157558121,-0.0150486461,0.2166739811,0.0035822659,-0.1845983350,0.1375452813,-0.1099390758,0.0549015124,0.1837222235,-0.0224757755,0.0049932873,-0.0072494332,-0.0272249181,-0.2488906467,-0.6403091728,-0.3690149216,0.0098105753,0.4709417083,-0.0418529187,-0.4262425998,0.7904716600,0.1175658399,0.2432072367,0.2162330841,0.4489993013
-0.0310622169,-0.0204656992,0.7976602423,-0.0835726956,-0.0179748004,-0.6936757761,0.7151967763,0.1422711934,0.1204218503,-0.1310900064,0.1605760584,-0.1233904322,-0.0173706118,0.2210133541,0.0057830911,-0.1845667227,0.1413624285,-0.1159964504,0.0559532213,0.1806049859,-0.0189210146,0.0088354483,-0.0032591245,-0.0192217964,-0.2556448056,-0.6326354003,-0.3649232115,0.0161724760,0.4560663499,-0.0403751587,-0.4151242780,0.7779442884,0.1199871134,0.2510902017,0.2115720428,0.4394752426
-0.0319213050,-0.0201427748,0.7977045315,-0.0820852000,-0.0169564493,-0.6939820087,0.7150968259,0.1371496915,0.1208439631,-0.1308409836,0.1610955730,-0.1221037290,-0.0190182431,0.2180440814,0.0064752523,-0.1850722826,0.1373702299,-0.1151174101,0.0552466457,0.1768849594,-0.0181702551,0.0079990496,-0.0049517383,-0.0092281237,-0.2585677088,-0.6247110988,-0.3664344376,0.0225282460,0.4420498755,-0.0399880524,-0.4098754663,0.7638880780,0.1133860049,0.2617451762,0.2097885466,0.4318853779
-0.0328997581,-0.0201402344,0.7975900655,-0.0816506418,-0.0166329916,-0.6941925487,0.7149498035,0.1335550959,0.1220389677,-0.1307984902,0.1656320312,-0.1240095248,-0.0210553244,0.2170647803,0.0078872652,-0.1856175333,0.1363769155,-0.1168288320,0.0542537992,0.1742199281,-0.0165277924,0.0079658002,-0.0054704282,0.0000274417,-0.2631234855,-0.6154540812,-0.3665127623,0.0290729871,0.4270784123,-0.0382325300,-0.4028325938,0.7498116311,0.1086562923,0.2721660010,0.2078898692,0.4228504889
-0.0341121160,-0.0207113905,0.7972358703,-0.0829970825,-0.0178752418,-0.6937911734,0.7151543663,0.1350037920,0.1240347747,-0.1296927917,0.1732534895,-0.1300231403,-0.0224919601,0.2208208431,0.0096596926,-0.1854054618,0.1400614663,-0.1219012853,0.0526732291,0.1680220283,-0.0111742915,0.0096386004,-0.0179628338,0.0115398061,-0.2826961020,-0.5994976808,-0.3554604419,0.0380859257,0.4082406091,-0.0336643730,-0.3945627604,0.7306916588,0.1083308193,0.2836209792,0.2031191385,0.4089847612
-0.0351022589,-0.0209120692,0.7971243222,-0.0828750920,-0.0181760958,-0.6934777563,0.7154648490,0.1345575123,0.1249317428,-0.1283852683,0.1746186385,-0.1310707043,-0.0235168734,0.2215354390,0.0105263186,-0.1851915142,0.1400962821,-0.1239530749,0.0513431646,0.1615865316,-0.0070943249,0.0099115444,-0.0337596582,0.0231435753,-0.3013000221,-0.5840224265,-0.3454467136,0.0470710585,0.3908544897,-0.0302528486,-0.3888383833,0.7105971318,0.1047812336,0.2959445718,0.1989694208,0.3965862215
-0.0360083327,-0.0210663789,0.7970388776,-0.0825450969,-0.0183320058,-0.6931635585,0.7158034128,0.1338091986,0.1257448687,-0.1271018547,0.1751958670,-0.1315174435,-0.0245392324,0.2217121260,0.0112971509,-0.1850324959,0.1399042077,-0.1257385793,0.0500043634,0.1551139562,-0.0032085115,0.0095828250,-0.0502573643,0.0343591874,-0.3199643742,-0.5684648813,-0.3352831837,0.0559743498,0.3736893522,-0.0268011493,-0.3832881046,0.6905456819,0.1006769399,0.3083411958,0.1950725903,0.3841602872
-0.0368330679,-0.0212574388,0.7970984256,-0.0821161316,-0.0181670856,-0.6941545773,0.7148960209,0.1338222659,0.1268623950,-0.1244699641,0.1750952324,-0.1314525089,-0.0252490675,0.2204937252,0.0125018776,-0.1816058199,0.1397483313,-0.1260598214,0.0491830321,0.1478981477,0.0025228211,0.0075962608,-0.0710438456,0.0457727130,-0.3484699128,-0.5557381842,-0.3275986147,0.0630943025,0.3528921050,-0.0254927181,-0.3790012687,0.6744657567,0.0909539542,0.3174836229,0.1905701227,0.3688225201
-0.0376765604,-0.0215253513,0.7970781086,-0.0816920628,-0.0179632315,-0.6951683280,0.7139640922,0.1337662947,0.1280054877,-0.1219755781,0.1749960639,-0.1315864919,-0.0260490025,0.2191915256,0.0137646348,-0.1777162057,0.1396257479,-0.1270477276,0.0481013664,0.1411962694,0.0083660725,0.0053900822,-0.0919102133,0.0565796231,-0.3777619702,-0.5439547000,-0.3194909646,0.0703521071,0.3324352737,-0.0235254494,-0.3748315420,0.6582725905,0.0803405087,0.3264197280,0.1863252696,0.3528425051
-0.0385356363,-0.0216763614,0.7970546674,-0.0812913479,-0.0177768656,-0.6961800554,0.7130280712,0.1337159586,0.1291811337,-0.1194864602,0.1749463437,-0.1317197651,-0.0268728619,0.2178765492,0.0150554456,-0.1738235257,0.1395892563,-0.1280482407,0.0469823592,0.1347107719,0.0141866674,0.0030496020,-0.1130883066,0.0667760185,-0.4074084621,-0.5325543291,-0.3109992879,0.0775636765,0.3121198012,-0.0212614753,-0.3705959448,0.6420209682,0.0694775923,0.3351205037,0.1820693056,0.3367195507
-0.0386245690,-0.0217730743,0.7972661095,-0.0806778742,-0.0172962390,-0.6976202491,0.7117007157,0.1344948943,0.1302465976,-0.1143342263,0.1718254500,-0.1296988916,-0.0267995234,0.2154075353,0.0150703146,-0.1703737994,0.1395640450,-0.1263081490,0.0465551982,0.1254607455,0.0224263524,-0.0004380102,-0.1478448845,0.0865095766,-0.4497210774,-0.5185322297,-0.3023535567,0.0881727965,0.2773833634,-0.0239724148,-0.3666566265,0.6192222294,0.0607450417,0.3416761980,0.1773054815,0.3099109976
-0.0386802174,-0.0217130684,0.7973907269,-0.0803152437,-0.0169288200,-0.6989964912,0.7103990301,0.1356849367,0.1312654332,-0.1092362875,0.1684997038,-0.1277389841,-0.0274333934,0.2130717466,0.0154795754,-0.1662227262,0.1397900660,-0.1249076303,0.0458998004,0.1170842673,0.0303502124,-0.0033880855,-0.1844084263,0.1051250962,-0.4928979686,-0.5042003557,-0.2931076440,0.0985671805,0.2421514225,-0.0269171801,-0.3619023923,0.5955084844,0.0527407498,0.3478572655,0.1722074808,0.2828518050
-0.0388388953,-0.0215653377,0.7975071244,-0.0800794691,-0.0166717322,-0.7003596374,0.7090879425,0.1370881586,0.1323279776,-0.1041490603,0.1652984826,-0.1257703108,-0.0281108776,0.2109428357,0.0159299606,-0.1620692607,0.1401590283,-0.1235107070,0.0452062851,0.1089835417,0.0380644012,-0.0062396942,-0.2218293494,0.1224990547,-0.5366279309,-0.4900450620,-0.2831408009,0.1085544243,0.2068582149,-0.0297448562,-0.3568675481,0.5715678674,0.0449351215,0.3536270209,0.1668908121,0.2559178988
-0.0387602701,-0.0216805101,0.7979171682,-0.0800116737,-0.0158411468,-0.7016467612,0.7078410928,0.1404215858,0.1343413845,-0.1001578819,0.1578576288,-0.1231415455,-0.0289976153,0.2086190062,0.0173903763,-0.1581580617,0.1409852516,-0.1193022440,0.0440840928,0.0965699258,0.0504995256,-0.0073271561,-0.2142051764,0.1517437686,-0.5882276051,-0.4387337304,-0.2829559933,0.1252842865,0.1401500695,-0.0287839838,-0.3392574344,0.5300490209,0.0260315143,0.3682138348,0.1556271256,0.2078025052
-0.0387351813,-0.0219097989,0.7982185595,-0.0799654419,-0.0150335560,-0.7029118862,0.7066076708,0.1440391579,0.1364128507,-0.0959452638,0.1503205261,-0.1199843662,-0.0296463018,0.2064753372,0.0188917944,-0.1542250487,0.1417062817,-0.1152373081,0.0429164619,0.0846463856,0.0620918056,-0.0100136788,-0.2051636436,0.1803840608,-0.6412899759,-0.3868310473,-0.2791193110,0.1399006980,0.0704724527,-0.0256409988,-0.3205870302,0.4887733260,0.0056666233,0.3814343877,0.1441013311,0.1586821761
-0.0386899181,-0.0221700870,0.7986010761,-0.0799754966,-0.0142731496,-0.7041777730,0.7053608022,0.1476549337,0.1384638814,-0.0916998295,0.1430551524,-0.1169189523,-0.0302914642,0.2043676847,0.0203740790,-0.1502786376,0.1425754580,-0.1111815261,0.0417739866,0.0727794943,0.0734968089,-0.0130161202,-0.1958546399,0.2081726549,-0.6953114801,-0.3353157848,-0.2716807472,0.1538166818,0.0002675960,-0.0220373906,-0.3014048914,0.4478402336,-0.0153207040,0.3930719254,0.1320520740,0.1095581996
-0.0380432360,-0.0224434197,0.7989630170,-0.0799725853,-0.0133901988,-0.7050584706,0.7044981484,0.1509207774,0.1398156422,-0.0861964190,0.1359025333,-0.1130848209,-0.0303003657,0.2024419001,0.0214623066,-0.1438075209,0.1431606318,-0.1056877659,0.0444207268,0.0685181304,0.0819003135,-0.0150860409,-0.1996714436,0.2320973085,-0.7454763675,-0.2946474066,-0.2547864252,0.1633016102,-0.0534366666,-0.0220986962,-0.2861586050,0.4631494485,-0.0269251440,0.3925907276,0.1301312781,0.0932882376
-0.0373224542,-0.0227623828,0.7994003135,-0.0799713215,-0.0125454088,-0.7058726475,0.7036980929,0.1540854482,0.1409751841,-0.0808921649,0.1287813627,-0.1093251636,-0.0301759829,0.2006738417,0.0223138657,-0.1384567894,0.1435988070,-0.1008350307,0.0441286955,0.0617940571,0.0902935006,-0.0169474742,-0.2031022744,0.2558301300,-0.7944261391,-0.2549061787,-0.2361119915,0.1720159413,-0.1058955273,-0.0228730583,-0.2710718347,0.4811584835,-0.0388715258,0.3916106602,0.1286147606,0.0770498222
-0.0365501196,-0.0229662777,0.7997499529,-0.0800147311,-0.0117430188,-0.7066594480,0.7029169004,0.1572772897,0.1420436509,-0.0756362020,0.1218253256,-0.1056168125,-0.0299931029,0.1990200164,0.0230857722,-0.1331512634,0.1440802600,-0.0959826806,0.0439347876,0.0546664777,0.0984460391,-0.0187944796,-0.2066708790,0.2789984414,-0.8437655245,-0.2158532080,-0.2155844771,0.1802547839,-0.1581981353,-0.0237825120,-0.2559092873,0.4992409710,-0.0508193506,0.3907227500,0.1275062630,0.0611527664
-0.0351516602,-0.0236680785,0.8001220231,-0.0798167103,-0.0108714918,-0.7081096745,0.7014925462,0.1580821986,0.1417189828,-0.0690544163,0.1211416014,-0.1044146914,-0.0289669579,0.1974527594,0.0228595390,-0.1251996453,0.1439468413,-0.0920441150,0.0451734825,0.0475742664,0.1041964229,-0.0190429264,-0.1941428697,0.2828344348,-0.8646457794,-0.1723483162,-0.2095174410,0.1845418683,-0.1900511022,-0.0245290423,-0.2411380070,0.5104466228,-0.0574829593,0.3889844252,0.1271497903,0.0503543166
-0.0337570166,-0.0243225176,0.8004178127,-0.0795963619,-0.0099305625,-0.7095424351,0.7000823779,0.1583314145,0.1413438206,-0.0626047090,0.1209776807,-0.1034140523,-0.0278566575,0.1957154892,0.0225573377,-0.1175026893,0.1437236386,-0.0880931394,0.0465215924,0.0396715454,0.1105280133,-0.0194950823,-0.1814130770,0.2856324010,-0.8844375937,-0.1274058907,-0.2030065385,0.1879109758,-0.2217639293,-0.0260411112,-0.2268101709,0.5223580020,-0.0628493430,0.3874056548,0.1261623536,0.0403971967
-0.0322529739,-0.0248806791,0.8007140982,-0.0793673883,-0.0089706931,-0.7109700496,0.6986715486,0.1584959025,0.1409588157,-0.0561684034,0.1209019913,-0.1024455848,-0.0267174415,0.1939444902,0.0222470355,-0.1097990820,0.1434920879,-0.0841180183,0.0479166708,0.0316421878,0.1169056130,-0.0199662179,-0.1683537373,0.2882151915,-0.9039337875,-0.0820851823,-0.1955528739,0.1908522883,-0.2535796856,-0.0276870979,-0.2125066079,0.5343233082,-0.0679028769,0.3858846648,0.1249974029,0.0305870198
-0.0325269785,-0.0256413342,0.8008152070,-0.0786879318,-0.0081383228,-0.7127490415,0.6969438865,0.1585562314,0.1421002905,-0.0516880490,0.1205556118,-0.1030336545,-0.0259434516,0.1914320978,0.0231722515,-0.1071168609,0.1436063384,-0.0834943062,0.0448379599,0.0206033629,0.1244213831,-0.0198214221,-0.1533032089,0.2921995823,-0.9088610895,-0.0512080575,-0.1933523028,0.1912033135,-0.2735545303,-0.0211409118,-0.1911507604,0.4844518695,-0.0981566127,0.4039282528,0.1067237986,-0.0265954910
-0.0329551820,-0.0262179128,0.8008789876,-0.0780481075,-0.0074595417,-0.7145900129,0.6951359303,0.1587609757,0.1432992017,-0.0464614865,0.1204970889,-0.1035462961,-0.0250493899,0.1890055527,0.0241454672,-0.1029477571,0.1440196059,-0.0834624819,0.0425557599,0.0111447507,0.1318155198,-0.0195645748,-0.1389880539,0.2965551753,-0.9155202779,-0.0212185162,-0.1918228927,0.1922281645,-0.2925354071,-0.0146428961,-0.1691990058,0.4342193468,-0.1295366106,0.4205462072,0.0872561667,-0.0853094373
-0.0333172011,-0.0268108737,0.8009372225,-0.0774763469,-0.0068529252,-0.7164503566,0.6932887852,0.1590999467,0.1445353611,-0.0411632310,0.1205119959,-0.1040384648,-0.0241905273,0.1866301586,0.0251462340,-0.0987001635,0.1445832684,-0.0834323361,0.0402319962,0.0017024660,0.1394712358,-0.0193747856,-0.1245050590,0.3008138186,-0.9221256645,0.0086874023,-0.1902761540,0.1934234675,-0.3113147706,-0.0083908917,-0.1463224918,0.3848287957,-0.1617307626,0.4344841850,0.0670130876,-0.1441071953
-0.0330238325,-0.0273803821,0.8005542683,-0.0773724330,-0.0057317295,-0.7192508375,0.6904048715,0.1601568295,0.1464402369,-0.0338565611,0.1204165982,-0.1088570053,-0.0244933004,0.1835332307,0.0270035572,-0.0908269870,0.1449047607,-0.0843429519,0.0406726264,-0.0094089504,0.1476581649,-0.0180709059,-0.1183636254,0.2897022865,-0.9277245324,0.0285409011,-0.1919446495,0.1916446889,-0.3118054374,-0.0020070407,-0.1164387250,0.3570672887,-0.1973598273,0.4478584797,0.0508626355,-0.1899598256
-0.0326126882,-0.0279330089,0.8002541177,-0.0773266436,-0.0046152241,-0.7220398524,0.6875010847,0.1613105870,0.1484405114,-0.0263800676,0.1205514409,-0.1140463654,-0.0237530856,0.1806915741,0.0288268632,-0.0832172289,0.1451893690,-0.0853282749,0.0410867003,-0.0215335905,0.1565627776,-0.0164142351,-0.1119973954,0.2783009649,-0.9328597172,0.0478309560,-0.1944108449,0.1905415033,-0.3104451156,0.0045611435,-0.0864402636,0.3317895414,-0.2351909206,0.4589713586,0.0349970198,-0.2361855676
-0.0321977467,-0.0284651246,0.7999487681,-0.0773169751,-0.0035358624,-0.7248021137,0.6845958508,0.1625820459,0.1504284239,-0.0189400503,0.1207521735,-0.1192683485,-0.0229993792,0.1779969413,0.0306414373,-0.0756243275,0.1454766654,-0.0863205447,0.0415050819,-0.0339300152,0.1657894723,-0.0146935669,-0.1054309180,0.2668402476,-0.9378930378,0.0668932800,-0.1969851060,0.1896307572,-0.3089141032,0.0111179905,-0.0559175750,0.3081368740,-0.2743303388,0.4680410769,0.0189350058,-0.2828324014
-0.0318130823,-0.0289185449,0.7995841855,-0.0770396411,-0.0033194983,-0.7275105750,0.6817493952,0.1608462915,0.1500555500,-0.0139355050,0.1279274501,-0.1245472780,-0.0206342829,0.1762612882,0.0303951719,-0.0684893279,0.1452325396,-0.0894696768,0.0444946853,-0.0436475542,0.1705204853,-0.0127452574,-0.1051219380,0.2619655506,-0.9501037132,0.0803148675,-0.1972928237,0.1885632566,-0.3155701276,0.0137096807,-0.0415563919,0.2966786310,-0.3035164563,0.4726041597,0.0101300796,-0.3141822307
-0.0313990136,-0.0292941679,0.7992345791,-0.0767080870,-0.0031157452,-0.7301584522,0.6789512473,0.1585144382,0.1494366876,-0.0091095093,0.1360079997,-0.1306960059,-0.0181497410,0.1742421125,0.0300143026,-0.0612722857,0.1452225176,-0.0926316820,0.0476334640,-0.0537970822,0.1753163875,-0.0106310369,-0.1045429340,0.2574839736,-0.9618508037,0.0925187365,-0.1975899963,0.1881602064,-0.3227651773,0.0149748053,-0.0272329236,0.2849147932,-0.3312934539,0.4770036515,0.0009119968,-0.3436235228
-0.0308998320,-0.0295415317,0.7988910572,-0.0763697668,-0.0029258848,-0.7327894718,0.6761499005,0.1560259926,0.1487838226,-0.0043395232,0.1443658552,-0.1369504023,-0.0156279081,0.1721532748,0.0296077466,-0.0540670412,0.1453071993,-0.0957902064,0.0507627350,-0.0640653788,0.1801288992,-0.0084870245,-0.1038455169,0.2531177521,-0.9734729104,0.1044187662,-0.1978323766,0.1880093520,-0.3300101372,0.0156526836,-0.0127189999,0.2734541159,-0.3587079139,0.4808703472,-0.0086793722,-0.3726580816
-0.0302437408,-0.0294323875,0.7985872568,-0.0743717805,-0.0015406025,-0.7352886526,0.6736594557,0.1492103688,0.1478394379,0.0018667613,0.1496263760,-0.1381988676,-0.0146166829,0.1666962418,0.0282945155,-0.0493014280,0.1411142494,-0.0961612476,0.0515515126,-0.0732835249,0.1831948122,-0.0086957327,-0.1059086457,0.2566047583,-0.9792039833,0.1107654087,-0.1987361798,0.1886872553,-0.3359843573,0.0122938627,-0.0145158101,0.2574304282,-0.3672144715,0.4822036276,-0.0105287272,-0.3880298475
-0.0297123627,-0.0302379106,0.7979757374,-0.0745763385,-0.0023619917,-0.7381077435,0.6705443682,0.1462054428,0.1466383645,0.0094440709,0.1663819128,-0.1488277467,-0.0134522501,0.1666283994,0.0265440531,-0.0423075683,0.1437182439,-0.1031804003,0.0540672115,-0.0816875499,0.1840682035,-0.0072547653,-0.1039100815,0.2564015487,-0.9864143579,0.1246339783,-0.1961619630,0.1871502381,-0.3429269853,0.0128349923,-0.0127081402,0.2442469267,-0.3735984359,0.4790423291,-0.0131239619,-0.4070434251
-0.0289726398,-0.0305290087,0.7975294180,-0.0740287909,-0.0023713544,-0.7407419722,0.6676941257,0.1414746282,0.1455602648,0.0163293754,0.1791845262,-0.1560177055,-0.0122609837,0.1644140499,0.0250188089,-0.0361107091,0.1439469369,-0.1078144916,0.0564560392,-0.0908803551,0.1859964745,-0.0059740791,-0.1034990412,0.2574210874,-0.9924995095,0.1359705282,-0.1944389830,0.1856602470,-0.3498650688,0.0105405724,-0.0124720217,0.2291475020,-0.3788285754,0.4778962977,-0.0162025158,-0.4228016818
-0.0281619452,-0.0301384355,0.7974066654,-0.0724046305,-0.0014129267,-0.7421413568,0.6663195777,0.1349361847,0.1437722726,0.0189650920,0.1835330332,-0.1560985392,-0.0106755836,0.1599645575,0.0232995188,-0.0330001250,0.1405091242,-0.1075314598,0.0575139589,-0.0950496475,0.1886903910,-0.0070595829,-0.1103701473,0.2537684890,-0.9988786496,0.1407457490,-0.1949521262,0.1864733851,-0.3549799590,0.0048605588,-0.0088571864,0.2254689069,-0.3815137925,0.4859136988,-0.0187555370,-0.4257238751
-0.0273487953,-0.0301385923,0.7970944108,-0.0715577048,-0.0013148018,-0.7436296484,0.6647501126,0.1298993621,0.1417313381,0.0220665629,0.1923759857,-0.1599912251,-0.0089382643,0.1578004123,0.0212680673,-0.0285099175,0.1394472169,-0.1101063018,0.0597212277,-0.0991678536,0.1903115952,-0.0076375191,-0.1161637464,0.2478199870,-1.0058620530,0.1492627683,-0.1944387140,0.1874978390,-0.3596922755,0.0022027445,-0.0037762585,0.2238340048,-0.3852078956,0.4925073815,-0.0214285077,-0.4295808156
-0.0265159528,-0.0308008661,0.7964460218,-0.0725322727,-0.0026528676,-0.7452490858,0.6628241334,0.1273963794,0.1401682619,0.0257616398,0.2101175564,-0.1706673734,-0.0072093075,0.1596894236,0.0194384345,-0.0230863002,0.1431614281,-0.1169680217,0.0620787082,-0.1028852198,0.1911142457,-0.0059291867,-0.1205032312,0.2372966045,-1.0137394929,0.1652823954,-0.1909458594,0.1864695099,-0.3646422491,0.0049968603,0.0033073799,0.2259169758,-0.3926459066,0.4950906768,-0.0238978125,-0.4368738803
-0.0258787533,-0.0304481285,0.7963859872,-0.0712934736,-0.0016509965,-0.7462994008,0.6617792073,0.1230924092,0.1393967481,0.0279331930,0.2113134013,-0.1704351921,-0.0065399839,0.1561279918,0.0184305817,-0.0215586225,0.1400344006,-0.1165757168,0.0634986146,-0.1037524098,0.1896401375,-0.0078757475,-0.1253168947,0.2366785334,-1.0138400038,0.1677557911,-0.1929784980,0.1864044105,-0.3691313211,-0.0012077257,-0.0081607985,0.2198821988,-0.3858428882,0.4943162822,-0.0183897728,-0.4327535086
-0.0252624191,-0.0305581385,0.7962572618,-0.0707085560,-0.0013535867,-0.7475488253,0.6604310877,0.1202338500,0.1385383220,0.0308057167,0.2159489740,-0.1728691507,-0.0057662140,0.1543386406,0.0171958475,-0.0196540208,0.1390117788,-0.1177482710,0.0650241741,-0.1045075134,0.1879887205,-0.0097996285,-0.1281665525,0.2348644713,-1.0142559626,0.1711550049,-0.1947985040,0.1869705558,-0.3735799003,-0.0083941845,-0.0187252812,0.2131539833,-0.3741438046,0.4925453248,-0.0127548268,-0.4265957266
-0.0245448527,-0.0305755973,0.7960089735,-0.0703921352,-0.0012567649,-0.7488069494,0.6590383300,0.1177672157,0.1377634487,0.0337502800,0.2214433750,-0.1758873743,-0.0049905539,0.1530245823,0.0160126444,-0.0176445295,0.1385597256,-0.1193052050,0.0665539278,-0.1053405824,0.1863041525,-0.0112297223,-0.1307569053,0.2328017949,-1.0146738417,0.1748006607,-0.1963472158,0.1875906681,-0.3780114831,-0.0163987855,-0.0290971687,0.2058771935,-0.3604370434,0.4907210507,-0.0077084813,-0.4192356096
-0.0238535362,-0.0307350321,0.7960536208,-0.0702730733,-0.0005743559,-0.7497353559,0.6579956393,0.1171545762,0.1377317500,0.0357719739,0.2215824448,-0.1767773467,-0.0044489010,0.1507678338,0.0159005919,-0.0156130267,0.1388773502,-0.1179615923,0.0677673418,-0.1031867660,0.1856943050,-0.0118950947,-0.1328898070,0.2273943385,-1.0142957528,0.1786956074,-0.1974583987,0.1882794926,-0.3791970136,-0.0240831275,-0.0340592423,0.2081111411,-0.3500194615,0.4931715023,-0.0049383675,-0.4072264224
-0.0232193270,-0.0308631971,0.7961160373,-0.0699981925,0.0000186264,-0.7507261204,0.6568946224,0.1172315276,0.1375942166,0.0380414602,0.2203623111,-0.1767872652,-0.0040275064,0.1487831398,0.0156943679,-0.0135298221,0.1390081747,-0.1163383954,0.0689045024,-0.1015774083,0.1850554168,-0.0126430483,-0.1348869238,0.2216984477,-1.0134167895,0.1831938877,-0.1983238183,0.1888802854,-0.3796167275,-0.0301368901,-0.0388269458,0.2121983332,-0.3417820449,0.4954291735,-0.0022602756,-0.3952803198
-0.0225054360,-0.0311240028,0.7962709559,-0.0697068302,0.0005749416,-0.7517090996,0.6558003178,0.1176351262,0.1373595973,0.0403492474,0.2186494897,-0.1766020863,-0.0035958159,0.1469637359,0.0154024689,-0.0114497711,0.1390099846,-0.1147261208,0.0700615851,-0.1002262529,0.1843624557,-0.0134342748,-0.1366939491,0.2158888700,-1.0123401094,0.1878778109,-0.1991051424,0.1893761467,-0.3799010631,-0.0353523239,-0.0435770734,0.2170965206,-0.3346784441,0.4973248304,0.0006128393,-0.3837380453
-0.0218518117,-0.0310461687,0.7965005080,-0.0694368861,0.0013470505,-0.7521107176,0.6553672045,0.1193282766,0.1374095688,0.0431749919,0.2127681085,-0.1738193381,-0.0026082814,0.1447137953,0.0153979097,-0.0112112981,0.1393347874,-0.1112330520,0.0689441286,-0.0985491440,0.1836240810,-0.0151031336,-0.1400552801,0.2094700103,-1.0105146202,0.1907099119,-0.1992513679,0.1889262483,-0.3760433265,-0.0380037124,-0.0468256243,0.2207579233,-0.3248944995,0.4983465557,0.0029935646,-0.3787571045
-0.0211464817,-0.0310814044,0.7968607251,-0.0691260136,0.0020711153,-0.7525018669,0.6549490400,0.1212951327,0.1372471267,0.0453520118,0.2057270034,-0.1703635377,-0.0021403108,0.1425522955,0.0153387011,-0.0103551163,0.1395558219,-0.1072733484,0.0690618778,-0.0967186866,0.1826508935,-0.0170272986,-0.1432348580,0.2031226465,-1.0092536395,0.1933211177,-0.1995576005,0.1885154791,-0.3712317971,-0.0406318181,-0.0499886312,0.2247660656,-0.3152211793,0.4990500051,0.0051261883,-0.3751508755
-0.0205323649,-0.0311271423,0.7972291978,-0.0687851670,0.0027696225,-0.7528922465,0.6545335707,0.1234135267,0.1369810888,0.0475690057,0.1983714017,-0.1667516732,-0.0016690791,0.1404407454,0.0151952592,-0.0094978418,0.1396761719,-0.1032772038,0.0691919173,-0.0948392068,0.1815818345,-0.0190279220,-0.1463450870,0.1968399059,-1.0081856313,0.1957883524,-0.1999774597,0.1881580353,-0.3660948121,-0.0431569200,-0.0531342917,0.2289475788,-0.3057577135,0.4996154270,0.0072418382,-0.3719624110
-0.0195936319,-0.0319557953,0.7973912006,-0.0700267229,0.0022684657,-0.7523849825,0.6549869848,0.1301051924,0.1364004986,0.0481580389,0.1930495219,-0.1664146701,-0.0011582600,0.1429452907,0.0145671581,-0.0104371112,0.1438512817,-0.1028603218,0.0686774103,-0.0921397621,0.1812078911,-0.0190474618,-0.1419706480,0.1868444482,-1.0066574195,0.2090827145,-0.1980855478,0.1883622586,-0.3651922424,-0.0415675740,-0.0489533930,0.2342701402,-0.2912470472,0.5008062894,0.0079085028,-0.3740149022
-0.0186897888,-0.0315313569,0.7979223478,-0.0688378109,0.0037650665,-0.7515798014,0.6560297114,0.1313129826,0.1353469618,0.0471201297,0.1787365842,-0.1580570860,-0.0007221677,0.1397034636,0.0138709804,-0.0130557372,0.1412819854,-0.0961563466,0.0678132424,-0.0894185251,0.1813978120,-0.0208823082,-0.1425217620,0.1822114926,-1.0036302836,0.2154971958,-0.1992368608,0.1901542230,-0.3667445547,-0.0464875594,-0.0473783536,0.2347975930,-0.2758926973,0.5075180648,0.0091261338,-0.3734129481
-0.0178813004,-0.0322965699,0.7981914402,-0.0697124916,0.0031487778,-0.7509428515,0.6566696944,0.1382426613,0.1338372884,0.0472687625,0.1712051557,-0.1562814343,-0.0001609803,0.1421816287,0.0124534133,-0.0144152898,0.1444707191,-0.0951985507,0.0673322488,-0.0872263798,0.1797232454,-0.0218116640,-0.1381940241,0.1724351799,-1.0013362678,0.2300855844,-0.1968545671,0.1900233446,-0.3682145599,-0.0462412347,-0.0428945634,0.2392082609,-0.2586602646,0.5105315512,0.0090432066,-0.3749544667
-0.0164299224,-0.0324955877,0.7987275809,-0.0705257568,0.0041271440,-0.7495187813,0.6582026138,0.1441709057,0.1339877995,0.0446085115,0.1571392564,-0.1501410015,0.0008408535,0.1421103360,0.0133068768,-0.0166274502,0.1461106737,-0.0865125905,0.0690604086,-0.0825234418,0.1810915535,-0.0235279083,-0.1338134462,0.1674935366,-0.9927718583,0.2400641700,-0.1986211354,0.1889321653,-0.3669156325,-0.0572093299,-0.0433404350,0.2476830603,-0.2498840968,0.5067151021,0.0097809771,-0.3746728701
-0.0151798669,-0.0325564965,0.7992621547,-0.0707730282,0.0048845797,-0.7481758012,0.6596971198,0.1494638831,0.1330589153,0.0422448271,0.1427808717,-0.1434624469,0.0019078955,0.1420408095,0.0127236310,-0.0205784735,0.1462959525,-0.0801085959,0.0683220636,-0.0782738485,0.1816347592,-0.0250620788,-0.1299780059,0.1633952166,-0.9832767977,0.2488963844,-0.2012846596,0.1882168282,-0.3653026539,-0.0688647402,-0.0434794020,0.2573224912,-0.2425212364,0.5018691098,0.0117682129,-0.3755510010
-0.0139499252,-0.0326029035,0.7997226567,-0.0709735957,0.0055871604,-0.7467960438,0.6612315792,0.1546986175,0.1319575121,0.0398127875,0.1284480511,-0.1367548664,0.0030027858,0.1419486638,0.0119866760,-0.0246217238,0.1465541456,-0.0737497407,0.0675679296,-0.0743517775,0.1819372601,-0.0265221207,-0.1261984066,0.1596223288,-0.9735786232,0.2573560771,-0.2041611326,0.1877338636,-0.3636103128,-0.0804859798,-0.0432738917,0.2673487551,-0.2357747879,0.4967597832,0.0141745468,-0.3769127965
-0.0139003406,-0.0326405617,0.8005065984,-0.0706094491,0.0051030706,-0.7452817084,0.6629807233,0.1552361088,0.1298000490,0.0348980508,0.1247818802,-0.1278887624,0.0022673087,0.1433775900,0.0101938035,-0.0280646700,0.1460474064,-0.0700053048,0.0694658127,-0.0658283755,0.1782193605,-0.0262313024,-0.1181496286,0.1570681286,-0.9541540308,0.2601943804,-0.2106044895,0.1864385460,-0.3583281992,-0.0807315342,-0.0447882152,0.2755798368,-0.2202508878,0.4949561293,0.0183327024,-0.3738259972
-0.0138088095,-0.0326768751,0.8012305424,-0.0702347081,0.0048748502,-0.7437014346,0.6647943274,0.1549049756,0.1280378023,0.0297541021,0.1223778897,-0.1197725079,0.0015811070,0.1443466126,0.0086310051,-0.0329551050,0.1458821575,-0.0652388475,0.0684310847,-0.0578128232,0.1748069346,-0.0268499633,-0.1091102127,0.1549466955,-0.9347322787,0.2621715919,-0.2173854201,0.1853512161,-0.3527616087,-0.0804218813,-0.0464107761,0.2839889752,-0.2038028289,0.4937178914,0.0215999952,-0.3692907516
-0.0136355434,-0.0327177833,0.8019571003,-0.0697859150,0.0047502508,-0.7421117948,0.6666164154,0.1541594660,0.1263451140,0.0245176253,0.1203021391,-0.1118049348,0.0008920493,0.1450777406,0.0071413366,-0.0378921468,0.1456850788,-0.0604325632,0.0673616528,-0.0498890918,0.1714289250,-0.0279014495,-0.0998287986,0.1529013443,-0.9153184595,0.2637897333,-0.2242014774,0.1843574753,-0.3470818684,-0.0800918683,-0.0480075669,0.2925399828,-0.1870217830,0.4924860014,0.0245198396,-0.3644203601
-0.0129724747,-0.0327108879,0.8025347111,-0.0694711588,0.0045154579,-0.7389730004,0.6701285499,0.1516395856,0.1236546614,0.0184540657,0.1197035572,-0.1051755532,0.0013455900,0.1472038054,0.0043186084,-0.0457724872,0.1452087044,-0.0561266962,0.0673785631,-0.0355987381,0.1653890091,-0.0293329336,-0.0871828152,0.1591035111,-0.8752266747,0.2509393668,-0.2352832429,0.1806127209,-0.3267079786,-0.0726725039,-0.0557884585,0.3113056483,-0.1696873049,0.4944262477,0.0321074098,-0.3412762103
-0.0123192865,-0.0327191926,0.8031967891,-0.0690620261,0.0042950632,-0.7357087023,0.6737541795,0.1488929487,0.1207966517,0.0119735381,0.1194464206,-0.0987046226,0.0018275436,0.1493513597,0.0014501536,-0.0537434517,0.1447212153,-0.0521538983,0.0674185734,-0.0237511155,0.1591901616,-0.0309696075,-0.0723851161,0.1665368955,-0.8336685128,0.2351611855,-0.2470541984,0.1774938068,-0.3047052288,-0.0639857592,-0.0633750815,0.3324626084,-0.1535057074,0.4959698731,0.0398871233,-0.3164562632
-0.0116621884,-0.0327368859,0.8037700729,-0.0686323818,0.0040856366,-0.7323876097,0.6774077744,0.1460868217,0.1178939452,0.0053687150,0.1192606850,-0.0922717390,0.0023279695,0.1515131101,-0.0014614873,-0.0618215607,0.1442630750,-0.0482236923,0.0674632686,-0.0125740777,0.1528882202,-0.0327520657,-0.0566310799,0.1740212440,-0.7916861983,0.2182792007,-0.2586559839,0.1746049182,-0.2822743419,-0.0548715801,-0.0707020786,0.3544576347,-0.1378762263,0.4967431890,0.0477195707,-0.2916596270
-0.0121926764,-0.0330963163,0.8041899746,-0.0678717846,0.0039430113,-0.7297596346,0.6803151838,0.1439245832,0.1162725484,-0.0032902945,0.1186917671,-0.0876602360,0.0021200858,0.1532444227,-0.0027268473,-0.0692573428,0.1435749214,-0.0469283909,0.0655627689,-0.0035750138,0.1452834014,-0.0323515391,-0.0534822838,0.1711482309,-0.7826990178,0.2289901580,-0.2667513187,0.1740016277,-0.2629399775,-0.0444781127,-0.0779658696,0.3961655578,-0.1075791056,0.5009202248,0.0605485345,-0.2467740587
-0.0125932910,-0.0332613137,0.8046095869,-0.0672953256,0.0037292398,-0.7271370419,0.6831757857,0.1419011533,0.1145517277,-0.0119341861,0.1183393651,-0.0828561267,0.0021061841,0.1551270295,-0.0040955179,-0.0766565262,0.1430576605,-0.0455261933,0.0636214123,0.0066866670,0.1381155017,-0.0321499213,-0.0522028418,0.1657745917,-0.7749830650,0.2446314722,-0.2746797591,0.1708231444,-0.2434299688,-0.0340818210,-0.0854568217,0.4360786638,-0.0756087766,0.5036643311,0.0721109100,-0.1991591056
-0.0129505026,-0.0333459667,0.8049449021,-0.0667819286,0.0034723745,-0.7245242510,0.6859976140,0.1399488151,0.1128074402,-0.0205045410,0.1180715771,-0.0780100968,0.0021472394,0.1570486049,-0.0054885712,-0.0839606204,0.1425896401,-0.0440316828,0.0617151733,0.0173772974,0.1311379780,-0.0319468416,-0.0517035914,0.1597657411,-0.7671901642,0.2615012721,-0.2824423419,0.1671186880,-0.2245742134,-0.0237440429,-0.0928274883,0.4754328414,-0.0436305764,0.5047274388,0.0837067778,-0.1508079655
-0.0134109561,-0.0328585979,0.8050291018,-0.0667944479,0.0023641737,-0.7217521012,0.6889171335,0.1390044578,0.1105917524,-0.0301486064,0.1181091295,-0.0752062401,0.0020072792,0.1600694990,-0.0070126791,-0.0899455871,0.1419160466,-0.0450150603,0.0634161979,0.0293258112,0.1206005166,-0.0303000037,-0.0460527859,0.1554083747,-0.7636214507,0.2648369962,-0.2848328790,0.1633836380,-0.2081152749,-0.0213980455,-0.1178907982,0.5247802102,0.0122792338,0.4992026146,0.1056911788,-0.0801754850
-0.0139312931,-0.0322724543,0.8051833954,-0.0670811286,0.0010735785,-0.7189687952,0.6917968207,0.1386080134,0.1084920241,-0.0398279627,0.1183313381,-0.0718208475,0.0019057499,0.1637381590,-0.0085790079,-0.0966821100,0.1415971504,-0.0458171779,0.0639330548,0.0403980473,0.1109055871,-0.0281295174,-0.0386410905,0.1511386717,-0.7595350893,0.2654321450,-0.2865667820,0.1609573894,-0.1910671679,-0.0210803973,-0.1418962846,0.5736713124,0.0720240801,0.4893996316,0.1256130313,-0.0050391763
-0.0144149401,-0.0315207330,0.8052485972,-0.0674744626,-0.0003317706,-0.7161596898,0.6946671042,0.1384970068,0.1064655939,-0.0495350441,0.1186009486,-0.0684014619,0.0017171123,0.1676642665,-0.0100713101,-0.1034460285,0.1413619612,-0.0466147493,0.0643708930,0.0511654147,0.1014787977,-0.0256970131,-0.0308700762,0.1469176749,-0.7552754308,0.2653132758,-0.2882422091,0.1589699953,-0.1738365482,-0.0208446088,-0.1646687281,0.6229479885,0.1322555759,0.4748130229,0.1438736004,0.0712366647
-0.0143949887,-0.0314274638,0.8050135896,-0.0680092836,-0.0013184324,-0.7131438474,0.6977097190,0.1387039217,0.1047044650,-0.0562243201,0.1187319720,-0.0698319254,0.0027570242,0.1721540076,-0.0114286848,-0.1091754884,0.1408150934,-0.0489321652,0.0653039966,0.0624652028,0.0927378630,-0.0247243612,-0.0399608608,0.1288023080,-0.7076176968,0.2120845673,-0.3120711681,0.1454281243,-0.1191032547,-0.0280813546,-0.1755079898,0.6517177068,0.1576973936,0.4520155703,0.1522000446,0.1203407857
-0.0142908237,-0.0310688669,0.8047772001,-0.0688289571,-0.0025623034,-0.7100931403,0.7007308623,0.1392686783,0.1028981434,-0.0635580451,0.1194983188,-0.0706115208,0.0036349544,0.1771525822,-0.0127876882,-0.1152855361,0.1406260411,-0.0512196729,0.0661969420,0.0726540601,0.0840402964,-0.0214926944,-0.0490883437,0.1115718252,-0.6602451313,0.1538159040,-0.3358383460,0.1338852905,-0.0597164753,-0.0362691259,-0.1864423621,0.6827193062,0.1788607061,0.4286056608,0.1622162262,0.1654668164
-0.0141723759,-0.0306482899,0.8045311290,-0.0697851012,-0.0039479650,-0.7070014980,0.7037494832,0.1401815539,0.1010678619,-0.0709252715,0.1203808710,-0.0714267069,0.0045443435,0.1825223590,-0.0141560505,-0.1214213319,0.1405275894,-0.0535321349,0.0671210393,0.0826760298,0.0751828966,-0.0178653138,-0.0574132033,0.0938941891,-0.6138033214,0.0942067444,-0.3567542460,0.1213831640,0.0010486026,-0.0443403248,-0.1970314401,0.7147334153,0.1987946138,0.4046301584,0.1716829076,0.2092475129
-0.0153166540,-0.0300323812,0.8041294766,-0.0707357380,-0.0059724890,-0.7054573987,0.7051883744,0.1426808139,0.1005715976,-0.0767765086,0.1213197167,-0.0724124734,0.0039386089,0.1875205185,-0.0146179367,-0.1270503825,0.1405755106,-0.0587116480,0.0671622550,0.0894000164,0.0678088842,-0.0149431263,-0.0635680383,0.0816553062,-0.5744831652,0.0401107781,-0.3670231778,0.1133045497,0.0446120809,-0.0485002207,-0.2106386389,0.7410436287,0.2036673419,0.3884627637,0.1773303702,0.2435214016
-0.0165257866,-0.0294340885,0.8037108220,-0.0717648093,-0.0078714489,-0.7039519676,0.7065688075,0.1453444345,0.1002952208,-0.0828689659,0.1220961553,-0.0740496053,0.0034699197,0.1923567321,-0.0147378322,-0.1324182488,0.1407885627,-0.0636556176,0.0671731308,0.0969656901,0.0606339056,-0.0124991094,-0.0694469326,0.0687348442,-0.5358076161,-0.0139009782,-0.3744461068,0.1048205556,0.0865108661,-0.0514904717,-0.2251277198,0.7675334766,0.2060311500,0.3730025491,0.1834138091,0.2760501430
-0.0177300851,-0.0288098622,0.8032909681,-0.0728143623,-0.0097729968,-0.7024523921,0.7079288058,0.1480054437,0.1000481627,-0.0889286011,0.1229587318,-0.0757085066,0.0030033293,0.1971856640,-0.0148214579,-0.1377469136,0.1410469825,-0.0685811290,0.0672031548,0.1047271524,0.0534824135,-0.0102773983,-0.0751483913,0.0551995546,-0.4976676252,-0.0684130065,-0.3796773458,0.0962599550,0.1281687210,-0.0543267601,-0.2398854027,0.7938622223,0.2074503256,0.3573411447,0.1898432033,0.3085227554
-0.0180928352,-0.0289873522,0.8027631417,-0.0735038383,-0.0105880142,-0.7018452792,0.7084477990,0.1500311631,0.1003121399,-0.0915197416,0.1238146925,-0.0792646503,0.0029893764,0.2004351671,-0.0145325511,-0.1389233077,0.1408144512,-0.0733301730,0.0675093006,0.1135690340,0.0467311999,-0.0076424018,-0.0671002866,0.0290761819,-0.4323008459,-0.1143072358,-0.3948746228,0.0790020027,0.1979725725,-0.0562338688,-0.2369605437,0.8015491115,0.2165376510,0.3510782410,0.1936982072,0.3188678544
-0.0186091371,-0.0290118518,0.8022537151,-0.0742908347,-0.0114126862,-0.7012614773,0.7089308590,0.1518942292,0.1007489487,-0.0943303609,0.1249535772,-0.0830825219,0.0026746805,0.2034935649,-0.0139920820,-0.1405308611,0.1408553457,-0.0779361492,0.0676929537,0.1224003544,0.0395925849,-0.0054486044,-0.0602601314,0.0016669889,-0.3679439677,-0.1596024995,-0.4072728982,0.0592111429,0.2686652266,-0.0589526586,-0.2323108721,0.8098268689,0.2280085861,0.3453829224,0.1966678484,0.3281600384
-0.0190890830,-0.0289177613,0.8017434292,-0.0751663709,-0.0123120038,-0.7006475601,0.7094303544,0.1537686188,0.1012728191,-0.0972401798,0.1262588051,-0.0868435900,0.0022693842,0.2065820057,-0.0133594579,-0.1422223697,0.1410728420,-0.0825177070,0.0677841439,0.1315488388,0.0320749154,-0.0034265528,-0.0542659140,-0.0271271152,-0.3048789830,-0.2058304324,-0.4158658608,0.0383435435,0.3392567178,-0.0615429395,-0.2270345179,0.8178573932,0.2399951710,0.3397230935,0.1993145902,0.3373824277
-0.0201495498,-0.0280043782,0.8017671885,-0.0743832114,-0.0117261872,-0.7000954790,0.7100675705,0.1511099248,0.1025123941,-0.0995646469,0.1230507770,-0.0840182642,0.0003943396,0.2046966796,-0.0120830125,-0.1435153552,0.1377987033,-0.0807222020,0.0680114977,0.1323480459,0.0284137366,-0.0031124466,-0.0509207187,-0.0322857990,-0.2861108003,-0.2273593799,-0.4199735233,0.0338393340,0.3600126859,-0.0658735721,-0.2273197930,0.8196561576,0.2415158517,0.3371692397,0.2013569463,0.3419348740
-0.0211775807,-0.0276185504,0.8016071301,-0.0746022758,-0.0120486260,-0.6994425862,0.7106823480,0.1511256847,0.1038529254,-0.1015998509,0.1227586173,-0.0841550685,-0.0012994099,0.2055819951,-0.0106806457,-0.1447746409,0.1374312710,-0.0818918595,0.0683868753,0.1347999465,0.0255247990,-0.0027216771,-0.0428029431,-0.0387630116,-0.2712053523,-0.2503524583,-0.4217992566,0.0288760837,0.3799224939,-0.0664237286,-0.2269205437,0.8205891581,0.2437276421,0.3333181800,0.2030880220,0.3458384797
-0.0221981124,-0.0273579147,0.8014082558,-0.0750791125,-0.0126364147,-0.6988044171,0.7112494882,0.1519893203,0.1051803534,-0.1034944770,0.1229926114,-0.0849182932,-0.0029600370,0.2072571247,-0.0093216532,-0.1458991806,0.1375976631,-0.0836454160,0.0688215800,0.1380663855,0.0227742750,-0.0021225639,-0.0331417212,-0.0455837725,-0.2580667122,-0.2746524949,-0.4225483780,0.0237948824,0.3999339755,-0.0658565013,-0.2265145316,0.8209513890,0.2458339533,0.3288748342,0.2045602434,0.3496738162
-0.0229176155,-0.0274558992,0.8014483735,-0.0753535170,-0.0128380875,-0.6991729382,0.7108545797,0.1530449156,0.1067441332,-0.1023555933,0.1233219447,-0.0849422389,-0.0051510219,0.2080339347,-0.0080974052,-0.1469724257,0.1375586930,-0.0841648105,0.0645339362,0.1398708632,0.0220867880,-0.0026629362,-0.0325116743,-0.0461180210,-0.2469995762,-0.2995116279,-0.4199586709,0.0216950311,0.4149558379,-0.0627790594,-0.2255056599,0.8167296416,0.2514816188,0.3269934940,0.2059557279,0.3490462399
-0.0237039609,-0.0275513985,0.8015070666,-0.0757215873,-0.0128419477,-0.6995887133,0.7104061921,0.1538706162,0.1088511208,-0.1009032061,0.1235545603,-0.0849690465,-0.0070345399,0.2083847840,-0.0063002896,-0.1477152571,0.1376149036,-0.0839916332,0.0614262027,0.1426003875,0.0213995351,-0.0030247322,-0.0332914658,-0.0464634425,-0.2359927824,-0.3236453517,-0.4170692088,0.0206260506,0.4291848412,-0.0602693661,-0.2237076242,0.8116836769,0.2581890700,0.3255130834,0.2067833278,0.3478593955
-0.0245074579,-0.0275177300,0.8014837986,-0.0760995742,-0.0128295547,-0.7000391607,0.7099221301,0.1546241846,0.1110377655,-0.0993697349,0.1238263820,-0.0849714194,-0.0089634736,0.2086360320,-0.0044220518,-0.1483785262,0.1376487391,-0.0837249494,0.0582652131,0.1456346311,0.0206980959,-0.0033089500,-0.0345991273,-0.0468372139,-0.2250247521,-0.3474299137,-0.4140328371,0.0197968223,0.4431258983,-0.0580147303,-0.2216858288,0.8063615289,0.2653665978,0.3240985526,0.2073568660,0.3466489754
-0.0257349328,-0.0281216162,0.8013904523,-0.0777269033,-0.0146529562,-0.7001068408,0.7096437352,0.1593039609,0.1128925969,-0.0986863910,0.1282717056,-0.0873413778,-0.0108124560,0.2131864714,-0.0031318242,-0.1478289799,0.1418287644,-0.0874984984,0.0588557593,0.1427280784,0.0240097204,0.0011055540,-0.0265457084,-0.0403356072,-0.2437275894,-0.3527855713,-0.4049005703,0.0298979613,0.4374389360,-0.0575984361,-0.2218176875,0.8087292081,0.2713021553,0.3209085329,0.2050767668,0.3464107923
-0.0269313647,-0.0277615751,0.8017288086,-0.0762784713,-0.0136202340,-0.7003841502,0.7095478322,0.1564921158,0.1142057668,-0.0981852677,0.1243276263,-0.0822706362,-0.0127587385,0.2100499273,-0.0016991839,-0.1474410868,0.1382675295,-0.0841117117,0.0572382398,0.1406280679,0.0242205458,0.0005020675,-0.0265620584,-0.0298828168,-0.2578707918,-0.3520158911,-0.4023702057,0.0374614406,0.4256247027,-0.0596544766,-0.2248895908,0.8085917409,0.2705435699,0.3216650859,0.2061059138,0.3469912975
-0.0281469299,-0.0283169724,0.8017684738,-0.0773968559,-0.0149205157,-0.7004372080,0.7093481673,0.1600623485,0.1159116242,-0.0976745409,0.1275381785,-0.0839217958,-0.0147929722,0.2133807656,-0.0001236853,-0.1469108047,0.1416032183,-0.0871974053,0.0557691342,0.1402062657,0.0267958628,0.0024431877,-0.0200407946,-0.0228578354,-0.2770562871,-0.3515026854,-0.3942308062,0.0447376563,0.4130450777,-0.0564283127,-0.2262625886,0.8088212513,0.2731665817,0.3200717501,0.2052056451,0.3459056201
-0.0290497938,-0.0286983005,0.8018730461,-0.0774706670,-0.0149596941,-0.7006916973,0.7090878991,0.1610100980,0.1178675321,-0.0957328069,0.1272540640,-0.0824482338,-0.0165439012,0.2137910902,0.0015213191,-0.1454884892,0.1417386352,-0.0863454355,0.0544917489,0.1382744203,0.0298243460,0.0028992494,-0.0194461263,-0.0121259160,-0.2953799742,-0.3412130368,-0.3888851815,0.0535901049,0.3960895814,-0.0556598972,-0.2251578089,0.8060885069,0.2801720346,0.3216248192,0.2057045554,0.3429063642
-0.0301012862,-0.0288600784,0.8020978249,-0.0773739265,-0.0148093213,-0.7009726821,0.7088238557,0.1613108478,0.1198154145,-0.0939738460,0.1266414798,-0.0806013616,-0.0182682875,0.2135588010,0.0034224790,-0.1439065496,0.1415074371,-0.0849650501,0.0529097299,0.1364924750,0.0325426722,0.0028613928,-0.0211094795,-0.0012278182,-0.3124995924,-0.3283158263,-0.3841638492,0.0615190568,0.3779508790,-0.0556860397,-0.2230580529,0.8030842364,0.2884201377,0.3234664321,0.2060240330,0.3400094494
-0.0310853629,-0.0289703638,0.8023279528,-0.0772532316,-0.0146305510,-0.7012523281,0.7085640814,0.1614291205,0.1217953928,-0.0922461497,0.1260531648,-0.0786704274,-0.0200284954,0.2131510870,0.0053623854,-0.1423475711,0.1412971110,-0.0835092581,0.0512833277,0.1346735758,0.0351722972,0.0027765365,-0.0236119381,0.0095687900,-0.3292989011,-0.3145420505,-0.3793622838,0.0689335738,0.3594105691,-0.0559898011,-0.2207127158,0.8000265344,0.2970887721,0.3253052501,0.2062085706,0.3372301313
-0.0320634997,-0.0289417093,0.8023967427,-0.0770391670,-0.0147920512,-0.7011254738,0.7087095540,0.1613293980,0.1227580368,-0.0914725304,0.1255965251,-0.0771532758,-0.0214201762,0.2132074942,0.0063526530,-0.1416849598,0.1411548769,-0.0837570349,0.0497033550,0.1309387758,0.0375054785,0.0025784462,-0.0298098256,0.0204302619,-0.3507669047,-0.3030891500,-0.3726785153,0.0760996820,0.3361376330,-0.0546325149,-0.2205162547,0.7945796428,0.2999012254,0.3276971644,0.2050054541,0.3332164798
-0.0329882126,-0.0289171817,0.8024683556,-0.0768991374,-0.0149618509,-0.7009750441,0.7088699833,0.1613584988,0.1238740964,-0.0904995275,0.1251499566,-0.0754862710,-0.0228761957,0.2132716743,0.0075437810,-0.1407493034,0.1412356005,-0.0836028637,0.0482011963,0.1274003448,0.0399879649,0.0024701035,-0.0361485387,0.0308808729,-0.3729326046,-0.2920076033,-0.3652952949,0.0832876185,0.3127752495,-0.0527599301,-0.2208554747,0.7888477032,0.3016484915,0.3302488183,0.2041345030,0.3288990021
-0.0339079909,-0.0288830864,0.8025376471,-0.0767831300,-0.0151459679,-0.7008285499,0.7090234793,0.1614391871,0.1249980627,-0.0895090169,0.1247105798,-0.0738185332,-0.0243276256,0.2133791136,0.0087381783,-0.1397999516,0.1413165208,-0.0834347348,0.0466996936,0.1240215931,0.0424820984,0.0023291286,-0.0426119476,0.0410605974,-0.3954069854,-0.2811479255,-0.3574532628,0.0903712767,0.2894811360,-0.0507092479,-0.2213113874,0.7830356654,0.3031079488,0.3328527769,0.2034103226,0.3244769373
-0.0343583054,-0.0285353397,0.8027758297,-0.0751836368,-0.0133763519,-0.7013963252,0.7086689558,0.1576136067,0.1261621015,-0.0879736703,0.1202823873,-0.0712245731,-0.0240301255,0.2088130470,0.0095790592,-0.1401467560,0.1372764601,-0.0803521315,0.0466170724,0.1195567668,0.0445103541,-0.0006905821,-0.0560443242,0.0471610249,-0.4138036508,-0.2704623192,-0.3562515265,0.0959652137,0.2724446423,-0.0534028196,-0.2218845533,0.7797445776,0.3020612347,0.3366159417,0.2045636313,0.3205220811
-0.0349233439,-0.0289570206,0.8026097314,-0.0765212298,-0.0145424378,-0.7017192305,0.7081829851,0.1611663321,0.1275150063,-0.0861002955,0.1236165015,-0.0747267721,-0.0242352283,0.2118299638,0.0106794319,-0.1387551029,0.1406584302,-0.0834993693,0.0461473116,0.1174020422,0.0476777646,0.0009543083,-0.0652492632,0.0510715503,-0.4368275138,-0.2577458506,-0.3509868883,0.0999190337,0.2542620377,-0.0512131913,-0.2198227785,0.7757558354,0.3048250159,0.3384481013,0.2024255817,0.3144733576
-0.0353287137,-0.0285322491,0.8027285969,-0.0751956264,-0.0130080282,-0.7022331097,0.7078453706,0.1578738765,0.1288268923,-0.0843738155,0.1196775511,-0.0716200047,-0.0243278670,0.2078194687,0.0119799389,-0.1376545505,0.1372874756,-0.0804061846,0.0455700771,0.1129453675,0.0501678378,-0.0012953513,-0.0794704629,0.0563476944,-0.4554266103,-0.2466070426,-0.3494674750,0.1052219580,0.2375710581,-0.0541409299,-0.2205506423,0.7723449612,0.3041134462,0.3421828574,0.2033761401,0.3103808781
-0.0359120174,-0.0288403891,0.8023374724,-0.0765860953,-0.0143937082,-0.7024033737,0.7075004536,0.1614999170,0.1298395236,-0.0825946577,0.1229714320,-0.0764421544,-0.0255108631,0.2110609269,0.0126623953,-0.1370259522,0.1405220423,-0.0853101720,0.0449087670,0.1102150239,0.0531012867,0.0012226875,-0.0874914367,0.0627841274,-0.4821585068,-0.2409963672,-0.3408704824,0.1082836369,0.2173859471,-0.0515611307,-0.2206753318,0.7635551908,0.2958466641,0.3467296038,0.1983903174,0.3013926953
-0.0363109211,-0.0283357787,0.8024076296,-0.0751838402,-0.0129653150,-0.7027820565,0.7073023907,0.1579345215,0.1308443096,-0.0810361080,0.1190980194,-0.0744908720,-0.0260522211,0.2070102100,0.0136219702,-0.1360801962,0.1371561584,-0.0840091763,0.0441619662,0.1053880228,0.0556346032,-0.0007773986,-0.1003900452,0.0702594830,-0.5047709016,-0.2369740652,-0.3360086105,0.1130303523,0.1989997751,-0.0538166468,-0.2235611630,0.7552829558,0.2842620256,0.3531639430,0.1968191816,0.2942088137
-0.0368696581,-0.0282260799,0.8022300479,-0.0748145692,-0.0125837126,-0.7030884943,0.7070438456,0.1568964431,0.1318630882,-0.0794294314,0.1185521610,-0.0754893274,-0.0266456136,0.2056008914,0.0144897743,-0.1350128809,0.1368207717,-0.0854617010,0.0434554885,0.1017933028,0.0582428427,-0.0015563150,-0.1107071341,0.0771955172,-0.5297856064,-0.2330508745,-0.3291843237,0.1171261314,0.1799738590,-0.0531016829,-0.2256436603,0.7471288433,0.2729877173,0.3592813653,0.1939605234,0.2852571594
-0.0366671132,-0.0282709629,0.8022278529,-0.0746120007,-0.0122621983,-0.7038139728,0.7063487662,0.1566219225,0.1321666124,-0.0763110182,0.1185162728,-0.0759879046,-0.0269170764,0.2042720799,0.0147006129,-0.1330161639,0.1368524631,-0.0847474585,0.0431325422,0.0974990504,0.0615051653,-0.0025530516,-0.1104039840,0.0844961486,-0.5382062784,-0.2182829526,-0.3298723784,0.1232803374,0.1679691620,-0.0539481766,-0.2271759544,0.7269341445,0.2631786315,0.3667766646,0.1903184704,0.2683114599
-0.0365637089,-0.0282521841,0.8023152084,-0.0744733171,-0.0119479488,-0.7045697072,0.7056149794,0.1563982543,0.1326048118,-0.0731658391,0.1184103410,-0.0759902105,-0.0271443015,0.2030352790,0.0149664511,-0.1307108642,0.1368265777,-0.0840285383,0.0427293961,0.0928003768,0.0649365401,-0.0036677123,-0.1110717989,0.0916160225,-0.5453554083,-0.2013978464,-0.3318283482,0.1285831403,0.1554137040,-0.0553940297,-0.2280316915,0.7072819390,0.2548423804,0.3742839613,0.1861246666,0.2511162477
-0.0363865099,-0.0281948213,0.8023175082,-0.0743616577,-0.0116573102,-0.7053195601,0.7048820959,0.1562096465,0.1330707492,-0.0700370417,0.1182809848,-0.0759315863,-0.0273948639,0.2018239422,0.0152592310,-0.1284219681,0.1368056501,-0.0832656627,0.0422995701,0.0879003162,0.0683831248,-0.0046879028,-0.1121390362,0.0986499056,-0.5520901019,-0.1837737073,-0.3338725823,0.1334970303,0.1425092567,-0.0571092282,-0.2287048692,0.6878024153,0.2469846720,0.3816048229,0.1815670607,0.2339799070
-0.0364867045,-0.0285023685,0.8023248225,-0.0758293276,-0.0130025060,-0.7058999188,0.7041208366,0.1602103892,0.1335379793,-0.0677131501,0.1218086102,-0.0781225228,-0.0275632636,0.2047009821,0.0152810176,-0.1271041451,0.1406831331,-0.0848189200,0.0419556085,0.0823353733,0.0736242322,-0.0023184647,-0.1046312955,0.1105289560,-0.5784394748,-0.1567962939,-0.3301600359,0.1400738563,0.1074152785,-0.0571831193,-0.2219920489,0.6569150745,0.2285509960,0.3914236750,0.1706787718,0.1979304523
-0.0365327287,-0.0284187354,0.8025213520,-0.0758256951,-0.0128497434,-0.7066014980,0.7034199820,0.1603718638,0.1340274563,-0.0656339998,0.1215996363,-0.0769100498,-0.0277705003,0.2037173630,0.0155469200,-0.1259418968,0.1410388288,-0.0831297385,0.0415036854,0.0767974718,0.0785438584,-0.0025959162,-0.0991414572,0.1227813407,-0.6040849689,-0.1310916871,-0.3264449553,0.1475914515,0.0723326008,-0.0588858845,-0.2163850871,0.6252650405,0.2077758692,0.4013435275,0.1617812945,0.1624680161
-0.0364886698,-0.0283113646,0.8027361389,-0.0755945529,-0.0124503996,-0.7073291150,0.7027204097,0.1597548464,0.1345482624,-0.0635674389,0.1213128812,-0.0755100520,-0.0279841583,0.2019942823,0.0158536643,-0.1247800593,0.1412349611,-0.0812116007,0.0410313659,0.0712773974,0.0834300780,-0.0037127258,-0.0934781850,0.1348211104,-0.6297950815,-0.1055787363,-0.3219292845,0.1551862000,0.0372466787,-0.0602796432,-0.2107557187,0.5936808236,0.1865967241,0.4104406602,0.1529154543,0.1270037679
-0.0357419221,-0.0282523991,0.8031647709,-0.0753603489,-0.0117224471,-0.7080388506,0.7020430102,0.1589429172,0.1344584100,-0.0600267181,0.1210538281,-0.0729065929,-0.0279708246,0.1998960944,0.0159305935,-0.1206874419,0.1412627707,-0.0765939964,0.0409656112,0.0706068307,0.0850280380,-0.0045923882,-0.0928057527,0.1392133768,-0.6598948209,-0.0763868897,-0.3146439811,0.1593414660,0.0141244250,-0.0628856814,-0.2078602504,0.6178440278,0.1844580956,0.4026339521,0.1573111935,0.1361364179
-0.0348543478,-0.0282877671,0.8036045162,-0.0750836755,-0.0109493469,-0.7086974318,0.7014203473,0.1578700951,0.1342664294,-0.0568008344,0.1207542766,-0.0701570193,-0.0279144974,0.1978199698,0.0157699542,-0.1172355935,0.1411147657,-0.0721245211,0.0409179400,0.0676566778,0.0868945900,-0.0058637957,-0.0912395425,0.1429853895,-0.6880695923,-0.0469416222,-0.3065635896,0.1629521849,-0.0084813714,-0.0657829492,-0.2050497147,0.6438112492,0.1827728732,0.3935914503,0.1616974864,0.1472957540
-0.0339557983,-0.0283040553,0.8040447574,-0.0748150688,-0.0101822978,-0.7093311196,0.7008197978,0.1567580935,0.1340531146,-0.0536420537,0.1205004608,-0.0673969331,-0.0278364174,0.1957493899,0.0155925725,-0.1138432755,0.1409820551,-0.0676484198,0.0408944788,0.0642961164,0.0887392083,-0.0071973656,-0.0893542232,0.1465049331,-0.7160289209,-0.0175327469,-0.2977902838,0.1663225302,-0.0310761732,-0.0688395625,-0.2022160892,0.6700835772,0.1813379528,0.3844216988,0.1658570396,0.1586578693
-0.0338947399,-0.0285358449,0.8042978304,-0.0743863170,-0.0094949772,-0.7106737273,0.6995136701,0.1562488982,0.1348838231,-0.0492324246,0.1202834502,-0.0658111993,-0.0282897049,0.1934821770,0.0163716233,-0.1096521836,0.1407615683,-0.0650545918,0.0408956819,0.0582801541,0.0910658928,-0.0078337457,-0.0876379353,0.1521330695,-0.7427524528,0.0149622578,-0.2876043124,0.1703885426,-0.0554785211,-0.0676527864,-0.2035196788,0.6821881858,0.1806630138,0.3799400679,0.1684369540,0.1663349301
-0.0337239931,-0.0287348221,0.8046449897,-0.0740219926,-0.0087780940,-0.7120370418,0.6981740046,0.1559020776,0.1358427551,-0.0447671693,0.1201417551,-0.0642700575,-0.0287397015,0.1912512289,0.0171561560,-0.1056256077,0.1406638959,-0.0623799199,0.0408687612,0.0529064071,0.0935332812,-0.0084154740,-0.0860906135,0.1573486280,-0.7700456296,0.0476959251,-0.2766885072,0.1740840138,-0.0799761484,-0.0666031515,-0.2048128769,0.6935737911,0.1806571260,0.3756034153,0.1705203200,0.1744274112
-0.0336253612,-0.0289190193,0.8049047922,-0.0736768001,-0.0080741694,-0.7134032064,0.6968230780,0.1555796179,0.1367922308,-0.0402810371,0.1200370081,-0.0627347665,-0.0291668031,0.1890496275,0.0179338628,-0.1015709124,0.1405748167,-0.0596830345,0.0408644684,0.0476440977,0.0959625836,-0.0089765757,-0.0844762270,0.1623315797,-0.7975749987,0.0804544672,-0.2651192052,0.1774461885,-0.1043369277,-0.0655827651,-0.2060748551,0.7048104588,0.1807933525,0.3712414316,0.1724698029,0.1826379056
-0.0328120907,-0.0285628420,0.8050768663,-0.0721045135,-0.0057221123,-0.7147842193,0.6955945057,0.1509567543,0.1375765468,-0.0349883566,0.1166838680,-0.0600699719,-0.0282942889,0.1828809590,0.0187111374,-0.0970861010,0.1369728177,-0.0554032962,0.0410095577,0.0430792494,0.0981378073,-0.0111789459,-0.0877327196,0.1624077300,-0.8140128633,0.1058578492,-0.2597825491,0.1813092455,-0.1134888337,-0.0685326402,-0.2063532864,0.7185262310,0.1922442133,0.3663498860,0.1784443536,0.1943277701
-0.0320147387,-0.0285499689,0.8050840851,-0.0716588945,-0.0044148199,-0.7161468261,0.6942472439,0.1491551549,0.1384431841,-0.0295725993,0.1163821984,-0.0611816843,-0.0276277749,0.1793267609,0.0194012162,-0.0925353591,0.1364758057,-0.0537095221,0.0412184122,0.0380784817,0.1003954738,-0.0121454975,-0.0886982122,0.1613637829,-0.8306272628,0.1337173091,-0.2529134406,0.1831950926,-0.1228955157,-0.0695846388,-0.2049910350,0.7330217526,0.2062617009,0.3594332842,0.1824103518,0.2074012123
-0.0312253703,-0.0285440781,0.8050709966,-0.0714466765,-0.0033529440,-0.7174791881,0.6928980768,0.1480356062,0.1392922194,-0.0241666677,0.1163738737,-0.0625822037,-0.0269622169,0.1764128382,0.0200596291,-0.0879858350,0.1363520257,-0.0523440117,0.0414380435,0.0329010985,0.1026417148,-0.0124819015,-0.0894935670,0.1600506401,-0.8471739520,0.1621479338,-0.2454634003,0.1843216282,-0.1324239573,-0.0706051785,-0.2032356548,0.7475248322,0.2209960738,0.3518530366,0.1855844283,0.2208897700
-0.0310715931,-0.0283906302,0.8048625590,-0.0712585964,-0.0028657113,-0.7189753370,0.6913670986,0.1476571505,0.1398570849,-0.0204113909,0.1163965413,-0.0651112599,-0.0255403709,0.1742155840,0.0206977898,-0.0835540886,0.1360848597,-0.0536809026,0.0420357231,0.0256698187,0.1048244903,-0.0116113285,-0.0916638612,0.1531525378,-0.8596022159,0.1761684716,-0.2414863124,0.1819698338,-0.1370303554,-0.0696944787,-0.2043673018,0.7439507226,0.2371071120,0.3491558876,0.1861324340,0.2204964635
-0.0308181245,-0.0281077605,0.8045715992,-0.0712757364,-0.0024332142,-0.7204370274,0.6898437058,0.1476715512,0.1406892184,-0.0164815091,0.1164203435,-0.0678818868,-0.0241815236,0.1722675076,0.0214491186,-0.0795292829,0.1360252154,-0.0549766225,0.0426065151,0.0192194744,0.1074556632,-0.0101187296,-0.0939015282,0.1465550227,-0.8734031310,0.1884158894,-0.2382297870,0.1806131139,-0.1404020468,-0.0695301108,-0.2057139695,0.7395026347,0.2543033280,0.3472506335,0.1858542863,0.2193887582
-0.0306580259,-0.0278145641,0.8043669371,-0.0713459003,-0.0020410683,-0.7219030706,0.6883033875,0.1478478632,0.1415496927,-0.0125262167,0.1164454877,-0.0706706204,-0.0228325153,0.1704561839,0.0222294873,-0.0754697019,0.1359662559,-0.0562759065,0.0431605220,0.0129637477,0.1100926381,-0.0084426741,-0.0960657873,0.1400965398,-0.8875391453,0.2001297858,-0.2351944440,0.1796394580,-0.1433736226,-0.0695694533,-0.2071161520,0.7348797726,0.2717571743,0.3454900767,0.1853504851,0.2182668651
-0.0302671238,-0.0276776154,0.8039232646,-0.0716122888,-0.0018254232,-0.7232541783,0.6868564198,0.1486265339,0.1424731969,-0.0090573457,0.1166276329,-0.0739527219,-0.0219141615,0.1695013658,0.0228929020,-0.0727216581,0.1358970725,-0.0581267936,0.0434912548,0.0103557535,0.1104554210,-0.0071146128,-0.0962183523,0.1338748951,-0.8938841568,0.2127707025,-0.2343142825,0.1801243901,-0.1466705869,-0.0707872716,-0.2054185147,0.7428947382,0.2782378954,0.3412888251,0.1859367613,0.2273472782
-0.0299555777,-0.0275865323,0.8035682626,-0.0719029391,-0.0015755877,-0.7245849166,0.6854226313,0.1494976295,0.1432409179,-0.0056670091,0.1167410056,-0.0777271534,-0.0209296615,0.1686215036,0.0234545442,-0.0700744256,0.1357937819,-0.0601815667,0.0439096295,0.0064693189,0.1106219085,-0.0056885479,-0.0962039903,0.1277257776,-0.8987770609,0.2258941399,-0.2333893210,0.1804720601,-0.1504983287,-0.0711775202,-0.2043429869,0.7524214556,0.2820587936,0.3368454770,0.1880040608,0.2361779466
-0.0296394138,-0.0275089926,0.8032122630,-0.0721929912,-0.0013317583,-0.7258929480,0.6840071830,0.1503922178,0.1439746758,-0.0023398534,0.1168557099,-0.0815160592,-0.0199328988,0.1677910836,0.0239862986,-0.0674839339,0.1356844174,-0.0622634656,0.0443415497,0.0022515631,0.1108032391,-0.0042381070,-0.0960802828,0.1215432314,-0.9033054870,0.2391286275,-0.2323550991,0.1807310809,-0.1544966284,-0.0713563989,-0.2035091512,0.7623819502,0.2851070867,0.3324340592,0.1905431669,0.2446842742
-0.0294530079,-0.0276541871,0.8030748796,-0.0723164908,-0.0011833088,-0.7269468978,0.6828741705,0.1514067692,0.1444327081,-0.0003482399,0.1169676002,-0.0834167865,-0.0190397378,0.1672772914,0.0244388440,-0.0654309778,0.1357957518,-0.0628250840,0.0441484587,-0.0040217033,0.1116657339,-0.0032864794,-0.0940021123,0.1180354458,-0.9031570033,0.2516908764,-0.2317261764,0.1806694452,-0.1592750459,-0.0673212095,-0.2065451391,0.7586468737,0.2859258177,0.3325982434,0.1909893970,0.2442382279
-0.0293521185,-0.0278944262,0.8028530446,-0.0724388037,-0.0010102243,-0.7279809798,0.6817589693,0.1524101453,0.1449251744,0.0018841816,0.1169579160,-0.0852289929,-0.0183212084,0.1667794006,0.0249071129,-0.0634034250,0.1357875235,-0.0634518140,0.0439846405,-0.0098660775,0.1126129240,-0.0024494886,-0.0919754106,0.1144801487,-0.9035927976,0.2642210556,-0.2310583315,0.1805577740,-0.1644112086,-0.0630467096,-0.2097352478,0.7544261579,0.2867667197,0.3333416733,0.1910357608,0.2431973485
-0.0291634517,-0.0280498580,0.8027190149,-0.0725594266,-0.0008308075,-0.7290207139,0.6806344380,0.1534260478,0.1454266920,0.0041381714,0.1169310554,-0.0870405094,-0.0176029183,0.1662728845,0.0253832742,-0.0613509562,0.1357683290,-0.0640723350,0.0438191250,-0.0155640279,0.1135742551,-0.0016564914,-0.0899567485,0.1109130437,-0.9041505398,0.2767710938,-0.2303645935,0.1804303329,-0.1695694986,-0.0586959678,-0.2129630671,0.7501020651,0.2875872692,0.3341682352,0.1910230720,0.2420845735
-0.0285774339,-0.0285128402,0.8028114164,-0.0726547068,-0.0004845595,-0.7301268237,0.6794379149,0.1546585722,0.1455035628,0.0068596487,0.1169714732,-0.0877430818,-0.0174189721,0.1658889232,0.0252975465,-0.0592006345,0.1357276277,-0.0633703282,0.0439530850,-0.0199009816,0.1155170567,-0.0021937769,-0.0877242332,0.1101056757,-0.9014727308,0.2842168579,-0.2308015148,0.1798028889,-0.1728664827,-0.0544327792,-0.2128679221,0.7336393102,0.2981530987,0.3402554932,0.1899266951,0.2288715940
-0.0280497229,-0.0289125490,0.8028836000,-0.0727614252,-0.0001666674,-0.7312502711,0.6782173606,0.1558211787,0.1455929459,0.0097034179,0.1169798238,-0.0880635185,-0.0174293996,0.1654254972,0.0253251763,-0.0568674507,0.1356706436,-0.0623630131,0.0439483494,-0.0235734543,0.1171750419,-0.0027730578,-0.0854045119,0.1098030111,-0.8995888913,0.2908559935,-0.2316215251,0.1795479803,-0.1759212783,-0.0512980075,-0.2117478056,0.7165031650,0.3112109011,0.3468693903,0.1875830943,0.2152553299
-0.0276224444,-0.0292912698,0.8028701236,-0.0728729474,0.0001462642,-0.7323829958,0.6769820231,0.1569916772,0.1457077810,0.0125757172,0.1169719355,-0.0883502226,-0.0174649972,0.1649434359,0.0253748481,-0.0545071263,0.1356214872,-0.0613275664,0.0439196860,-0.0271584224,0.1187515842,-0.0033619471,-0.0830639064,0.1096969478,-0.8978465365,0.2972521900,-0.2325692707,0.1794500449,-0.1788531626,-0.0485489128,-0.2104838750,0.6992111843,0.3249934195,0.3535287086,0.1847513200,0.2018578531
-0.0271796483,-0.0297392476,0.8031620054,-0.0726568152,0.0002102166,-0.7332842604,0.6760289465,0.1578294706,0.1452886799,0.0149700187,0.1169168868,-0.0870203998,-0.0168859068,0.1645695764,0.0249766154,-0.0515641521,0.1357044611,-0.0588313768,0.0439826450,-0.0316967132,0.1203868265,-0.0047637313,-0.0847952741,0.1095423616,-0.8978646560,0.3043266535,-0.2333531724,0.1792569675,-0.1809294848,-0.0496635923,-0.2129228416,0.6787560188,0.3340289704,0.3606569495,0.1806115300,0.1876631158
-0.0267937171,-0.0301334624,0.8034701504,-0.0725348436,0.0002806614,-0.7341574282,0.6750936886,0.1585895436,0.1446911449,0.0171116797,0.1168887140,-0.0849761342,-0.0168157633,0.1642071923,0.0244726174,-0.0488097368,0.1357546454,-0.0566639666,0.0440967390,-0.0358651600,0.1221219479,-0.0058491163,-0.0870288859,0.1091897602,-0.8980972796,0.3116090366,-0.2343486441,0.1791294597,-0.1828763764,-0.0509279685,-0.2159722301,0.6579535251,0.3426454224,0.3680671207,0.1765663049,0.1734216222
-0.0263998465,-0.0305114223,0.8037791240,-0.0724300556,0.0003332689,-0.7350274697,0.6741575445,0.1593910967,0.1440795362,0.0192534219,0.1168444363,-0.0829008017,-0.0167328416,0.1638661803,0.0239535419,-0.0460548812,0.1358261981,-0.0544867447,0.0442234432,-0.0399851726,0.1238707680,-0.0068784756,-0.0893627181,0.1087760592,-0.8983709582,0.3189885020,-0.2353951035,0.1790051515,-0.1848128393,-0.0522286627,-0.2192790658,0.6371169017,0.3511536919,0.3755277499,0.1725175058,0.1592127726
-0.0255151301,-0.0307270391,0.8040791352,-0.0723405467,0.0005781400,-0.7363954446,0.6726724762,0.1607662543,0.1433559226,0.0235865008,0.1168353863,-0.0808512276,-0.0158759416,0.1627312563,0.0233757670,-0.0423988478,0.1358643802,-0.0511902783,0.0445770491,-0.0438001478,0.1248582666,-0.0078789826,-0.0922717552,0.1089818539,-0.8987608445,0.3176664063,-0.2382161244,0.1784801022,-0.1903168852,-0.0542255809,-0.2214327655,0.6250016635,0.3484488460,0.3786188685,0.1676764101,0.1506086692
-0.0246588714,-0.0311098980,0.8044050201,-0.0722375432,0.0008686846,-0.7378843367,0.6710496914,0.1618550812,0.1426353206,0.0273163231,0.1167096134,-0.0792390187,-0.0153539369,0.1616477337,0.0227212060,-0.0390545023,0.1358059669,-0.0485635249,0.0448228292,-0.0479162210,0.1257113219,-0.0088685290,-0.0945003721,0.1102144900,-0.8988070583,0.3148874498,-0.2413550982,0.1783649261,-0.1956535586,-0.0550648454,-0.2240344362,0.6140026487,0.3436210002,0.3812136112,0.1633597439,0.1413169789
-0.0238155772,-0.0315186041,0.8046426089,-0.0721025474,0.0011790830,-0.7393596910,0.6694378834,0.1628863745,0.1419201265,0.0310049586,0.1166042858,-0.0776638410,-0.0148469875,0.1605265714,0.0220645671,-0.0357481963,0.1357616251,-0.0459818644,0.0450629932,-0.0521945542,0.1265424699,-0.0099876820,-0.0965282391,0.1117001897,-0.8986837640,0.3113255004,-0.2445503261,0.1789091574,-0.2009891126,-0.0556230407,-0.2268003131,0.6030494622,0.3378855526,0.3837175630,0.1597709323,0.1319350354
-0.0232506505,-0.0316964527,0.8048473466,-0.0735569431,-0.0001888989,-0.7407126664,0.6677829634,0.1676185101,0.1412511892,0.0352450497,0.1194323141,-0.0775476705,-0.0141201994,0.1626320561,0.0214030616,-0.0316647867,0.1394291068,-0.0449721472,0.0457936256,-0.0569477352,0.1292161060,-0.0106243541,-0.1062364359,0.1330974611,-0.9127002876,0.3046182247,-0.2388746953,0.1795644946,-0.2181006945,-0.0661040296,-0.2414664102,0.5760563692,0.2979244500,0.3818592267,0.1517873373,0.1107497706
-0.0226929206,-0.0313833879,0.8053312890,-0.0736733681,-0.0002922556,-0.7420907287,0.6662383206,0.1685845003,0.1406440984,0.0389483320,0.1193775530,-0.0743014661,-0.0135161638,0.1613297120,0.0209234290,-0.0284335432,0.1398600510,-0.0413966171,0.0463246320,-0.0610978614,0.1318029943,-0.0127137097,-0.1196600972,0.1558667414,-0.9266142796,0.2966844758,-0.2345408339,0.1820189134,-0.2352813150,-0.0784241724,-0.2564439658,0.5476988381,0.2554594528,0.3798447627,0.1474995257,0.0893620517
-0.0221319978,-0.0310424609,0.8057407297,-0.0736152518,-0.0002349696,-0.7434868982,0.6646863709,0.1689552052,0.1400513711,0.0426492106,0.1193265762,-0.0709371685,-0.0129041215,0.1594821293,0.0204652134,-0.0251906920,0.1401816083,-0.0376415547,0.0468526974,-0.0651045441,0.1343959423,-0.0153096293,-0.1332614491,0.1788279253,-0.9408678067,0.2885337142,-0.2304297188,0.1846642449,-0.2524412030,-0.0901813474,-0.2714768241,0.5192574566,0.2127913085,0.3769061459,0.1438336542,0.0680454079
-0.0208833875,-0.0307077105,0.8061671340,-0.0735717652,-0.0002147997,-0.7436282563,0.6645330433,0.1682598715,0.1383417953,0.0432972862,0.1191978761,-0.0680205864,-0.0120826498,0.1582626398,0.0188010190,-0.0241930545,0.1406431341,-0.0335177773,0.0472596199,-0.0707836122,0.1368968826,-0.0204157780,-0.1549006889,0.2006737713,-0.9511405883,0.2645972845,-0.2272506680,0.1853011785,-0.2687369895,-0.1143060162,-0.2940019081,0.4674709859,0.1565734196,0.3757350659,0.1358352482,0.0241906140
-0.0197155894,-0.0301728968,0.8066026956,-0.0736525064,-0.0003620111,-0.7437663495,0.6643694714,0.1676756329,0.1363758724,0.0441349595,0.1194072912,-0.0646339058,-0.0111689761,0.1572399111,0.0170021632,-0.0233470685,0.1413020863,-0.0294878865,0.0476695096,-0.0759522145,0.1393920194,-0.0246887431,-0.1774072492,0.2228802030,-0.9624211381,0.2397322404,-0.2247255815,0.1867109728,-0.2845843369,-0.1375897305,-0.3168628817,0.4155266796,0.1000229916,0.3728593528,0.1284559138,-0.0202600133
-0.0184523572,-0.0296917282,0.8070356965,-0.0737965493,-0.0005682267,-0.7439051430,0.6641979258,0.1672263485,0.1344083673,0.0449949633,0.1196642397,-0.0612562009,-0.0102440791,0.1563337440,0.0151987894,-0.0224732382,0.1420211348,-0.0254625439,0.0480855892,-0.0811495964,0.1418728714,-0.0288618404,-0.2000376800,0.2453246477,-0.9741743919,0.2146748401,-0.2224067647,0.1881950821,-0.3002813417,-0.1595824068,-0.3395974201,0.3639722923,0.0433817884,0.3676865149,0.1214429036,-0.0642932324
-0.0177925723,-0.0291304058,0.8075328586,-0.0738088656,-0.0007447191,-0.7442799705,0.6637763346,0.1667592722,0.1331419562,0.0463159442,0.1198473175,-0.0569933728,-0.0100353056,0.1552515775,0.0141198664,-0.0220053258,0.1425198425,-0.0213345350,0.0484941947,-0.0827182632,0.1422698315,-0.0324635420,-0.2217150525,0.2540558713,-0.9880589767,0.1757645896,-0.2232859305,0.1883986735,-0.3117775725,-0.1827775488,-0.3519161648,0.3443211289,-0.0180980923,0.3611662036,0.1179238416,-0.0894345115
-0.0171258878,-0.0286220887,0.8080200902,-0.0737745295,-0.0008770747,-0.7446461072,0.6633692219,0.1661907288,0.1318595208,0.0475855152,0.1199617090,-0.0527488001,-0.0097581638,0.1541270680,0.0129802535,-0.0216580807,0.1428987834,-0.0174083585,0.0489137634,-0.0855372800,0.1428181481,-0.0363777452,-0.2427168260,0.2634559122,-1.0010666628,0.1356783196,-0.2244086294,0.1892794407,-0.3224128909,-0.2053799006,-0.3646256884,0.3266389172,-0.0807954444,0.3534012124,0.1155287508,-0.1144123587
-0.0164477078,-0.0281995570,0.8085049167,-0.0737401983,-0.0010076050,-0.7450015482,0.6629736503,0.1655990965,0.1305573998,0.0488222624,0.1200997795,-0.0485068712,-0.0094605493,0.1530009687,0.0118254604,-0.0213375299,0.1432826688,-0.0134846774,0.0493514274,-0.0885843357,0.1433501734,-0.0403905056,-0.2638984713,0.2732143273,-1.0137315486,0.0949127425,-0.2255732980,0.1908021857,-0.3331147674,-0.2277338581,-0.3776609246,0.3095662703,-0.1439355240,0.3447147486,0.1140683858,-0.1388865401
-0.0159663913,-0.0279041707,0.8089301625,-0.0735604983,-0.0011631541,-0.7450778053,0.6629076588,0.1651570049,0.1294553297,0.0478626590,0.1201388228,-0.0450069774,-0.0093334241,0.1522820840,0.0105543451,-0.0220499691,0.1435152292,-0.0105205863,0.0497204892,-0.0894301717,0.1429045646,-0.0453379646,-0.2815065992,0.2688384863,-1.0140905748,0.0378173134,-0.2341684653,0.1889502931,-0.3282295078,-0.2537912656,-0.3855222148,0.2945230299,-0.1897510838,0.3394891185,0.1146026031,-0.1576134336
-0.0154623166,-0.0275763295,0.8093338476,-0.0733909454,-0.0013140933,-0.7451456505,0.6628499090,0.1644355496,0.1279973973,0.0471324681,0.1202972098,-0.0410680043,-0.0090286753,0.1515505609,0.0092487407,-0.0228740493,0.1437752540,-0.0075668192,0.0501436540,-0.0909819643,0.1428039871,-0.0501646863,-0.2990269564,0.2648757037,-1.0139155869,-0.0200286999,-0.2429717415,0.1875310076,-0.3216585766,-0.2814956771,-0.3937355189,0.2804767625,-0.2329856633,0.3343033363,0.1141167075,-0.1751157274
-0.0148576022,-0.0272313859,0.8098228471,-0.0732370521,-0.0014798995,-0.7452080978,0.6627963752,0.1637245979,0.1265190064,0.0463897334,0.1204859349,-0.0371245305,-0.0087008107,0.1508315165,0.0079255751,-0.0237051453,0.1440614088,-0.0046094957,0.0505829601,-0.0927253152,0.1427200010,-0.0549145858,-0.3167407758,0.2613188079,-1.0134079159,-0.0780540880,-0.2514638333,0.1860652491,-0.3145041826,-0.3095451555,-0.4022223839,0.2669847608,-0.2755471232,0.3287961915,0.1133756736,-0.1921571595
-0.0144122617,-0.0272861383,0.8101459937,-0.0732057103,-0.0016125804,-0.7450133483,0.6630184269,0.1637021760,0.1255159685,0.0461429694,0.1205893996,-0.0344996390,-0.0087923686,0.1508023440,0.0069583672,-0.0232482924,0.1443127873,-0.0019308546,0.0508309243,-0.0938329387,0.1435983541,-0.0578280002,-0.3327739169,0.2494024563,-1.0105484274,-0.1228009009,-0.2586315369,0.1863799288,-0.3044028056,-0.3292328307,-0.3938153499,0.2666893583,-0.3203747278,0.3230090666,0.1117584001,-0.2049624212
-0.0139243098,-0.0267655079,0.8106117614,-0.0719159306,-0.0004116198,-0.7448240600,0.6633739889,0.1600535065,0.1247228323,0.0454606322,0.1173251203,-0.0286322232,-0.0088089626,0.1477730013,0.0065419446,-0.0233321631,0.1405887640,0.0035359465,0.0509299375,-0.0966226150,0.1447103758,-0.0634638147,-0.3513930362,0.2371658466,-1.0042766170,-0.1624782912,-0.2669082400,0.1843699600,-0.2967848085,-0.3547702649,-0.3847050592,0.2659931699,-0.3585198852,0.3204242865,0.1084013107,-0.2141884811
-0.0134674365,-0.0273014740,0.8107509195,-0.0729273274,-0.0017221381,-0.7446415666,0.6634663341,0.1630468025,0.1231945458,0.0455860626,0.1206536435,-0.0292123177,-0.0086875196,0.1507910081,0.0051274529,-0.0224781062,0.1441288199,0.0023622572,0.0514402261,-0.0973672139,0.1453435671,-0.0646543580,-0.3646506120,0.2237759504,-1.0020047412,-0.2071459377,-0.2704982405,0.1839186547,-0.2854584431,-0.3678062551,-0.3767972355,0.2679680331,-0.4112654196,0.3090785033,0.1094015691,-0.2297645600
-0.0130104415,-0.0271870770,0.8110697226,-0.0718205372,-0.0005723651,-0.7443315825,0.6639367275,0.1603344372,0.1226067554,0.0439933508,0.1174709701,-0.0248040707,-0.0080480279,0.1486505090,0.0044873012,-0.0238832555,0.1408248352,0.0073574697,0.0513561818,-0.0973349158,0.1460875184,-0.0664302244,-0.3762159674,0.2087485910,-0.9927550453,-0.2372989203,-0.2786351316,0.1818957473,-0.2714742321,-0.3745086738,-0.3621416829,0.2802030108,-0.4325857591,0.3090670321,0.1078792885,-0.2337012007
-0.0125230755,-0.0276403739,0.8112410713,-0.0715186303,-0.0003889493,-0.7440346940,0.6643021213,0.1600832265,0.1214394033,0.0426594825,0.1171742392,-0.0234787805,-0.0072889079,0.1489498225,0.0034677774,-0.0248141380,0.1402004633,0.0086583144,0.0515949593,-0.0971517890,0.1466932313,-0.0679219152,-0.3843576595,0.1919993295,-0.9848306889,-0.2667233073,-0.2843199111,0.1785208655,-0.2558082319,-0.3758187321,-0.3476370423,0.2946153197,-0.4570559042,0.3057456304,0.1054091465,-0.2387812517
-0.0120388497,-0.0281888990,0.8113907652,-0.0713690491,-0.0003639397,-0.7437195740,0.6646709875,0.1603893418,0.1202246057,0.0413389653,0.1170969501,-0.0224953822,-0.0065200526,0.1497054433,0.0023826232,-0.0257372845,0.1400177787,0.0094994678,0.0518585653,-0.0968219648,0.1471730806,-0.0692908748,-0.3919913044,0.1748755472,-0.9769723639,-0.2961523335,-0.2889679483,0.1751428557,-0.2402777708,-0.3756959891,-0.3333537845,0.3091899098,-0.4832536638,0.3017096534,0.1035652673,-0.2442438813
-0.0118575641,-0.0286186210,0.8113712515,-0.0716121082,-0.0005421060,-0.7436146938,0.6647620621,0.1614839851,0.1197404875,0.0402883667,0.1172198307,-0.0223921203,-0.0062698605,0.1510210346,0.0019812201,-0.0256572760,0.1400914956,0.0099983969,0.0522467342,-0.0971231158,0.1470401324,-0.0696733648,-0.3939628582,0.1647722238,-0.9721730561,-0.3152674141,-0.2895720793,0.1742976843,-0.2284399899,-0.3744218696,-0.3260768229,0.3197235599,-0.5167355423,0.2947784973,0.1038770569,-0.2427048664
-0.0115907732,-0.0290020980,0.8114326478,-0.0719157293,-0.0007602265,-0.7434927871,0.6648654190,0.1628889679,0.1192942565,0.0394356691,0.1173052528,-0.0221486049,-0.0057750902,0.1525950487,0.0016584335,-0.0254383191,0.1400775988,0.0103916030,0.0526051437,-0.0968739376,0.1466432495,-0.0700850375,-0.3957236357,0.1542129538,-0.9676486050,-0.3334017708,-0.2891213532,0.1727846845,-0.2177169146,-0.3721208206,-0.3189786018,0.3293770485,-0.5513312172,0.2875289782,0.1050378177,-0.2400052278
-0.0113999745,-0.0294858975,0.8114925437,-0.0722318155,-0.0009899173,-0.7433789627,0.6649581211,0.1643806639,0.1188343619,0.0386179137,0.1173438290,-0.0219089741,-0.0052647446,0.1542400587,0.0013229211,-0.0251881771,0.1400189344,0.0107916464,0.0529806361,-0.0964015849,0.1461791877,-0.0705533832,-0.3974582108,0.1433953700,-0.9632038488,-0.3510969902,-0.2882943355,0.1710091402,-0.2073319664,-0.3695605191,-0.3121632162,0.3387688874,-0.5862279236,0.2801901261,0.1065149261,-0.2369077046
-0.0110686348,-0.0303359196,0.8113234017,-0.0723921602,-0.0008992701,-0.7432531167,0.6650814769,0.1659241680,0.1185647960,0.0381842414,0.1171891289,-0.0235278596,-0.0045548811,0.1558464256,0.0011983943,-0.0248319156,0.1398078904,0.0097785096,0.0529853428,-0.0965274693,0.1466939684,-0.0686074867,-0.3942288698,0.1290896328,-0.9602275674,-0.3605455464,-0.2901913931,0.1700080628,-0.1958655419,-0.3606005238,-0.2963853475,0.3501271175,-0.6114037622,0.2740627706,0.1073002198,-0.2406907142
-0.0108197198,-0.0313101226,0.8112322052,-0.0725897632,-0.0008388614,-0.7431573423,0.6651670371,0.1676162627,0.1183465701,0.0379183261,0.1170844534,-0.0252672331,-0.0036859882,0.1576111742,0.0010564067,-0.0244261761,0.1396212574,0.0088064514,0.0530386765,-0.0968068508,0.1469720849,-0.0672270761,-0.3906942525,0.1141725118,-0.9572794594,-0.3683463138,-0.2919308064,0.1681401211,-0.1847423958,-0.3514535302,-0.2802928388,0.3620112501,-0.6356863630,0.2677675491,0.1073409627,-0.2448220383
-0.0105585116,-0.0322006008,0.8110525264,-0.0727816929,-0.0007748732,-0.7430635189,0.6652509539,0.1692992191,0.1181123977,0.0376609118,0.1169806920,-0.0270096339,-0.0027980985,0.1593702832,0.0008941256,-0.0240104645,0.1394195621,0.0078440315,0.0531098473,-0.0971284251,0.1472389401,-0.0659404979,-0.3871077036,0.0990681370,-0.9543343310,-0.3756780136,-0.2935105032,0.1659178330,-0.1738271796,-0.3423049244,-0.2642667145,0.3740648691,-0.6596627710,0.2614578013,0.1071790702,-0.2487837099
-0.0109808410,-0.0327777711,0.8110566032,-0.0729059148,-0.0009456422,-0.7429724658,0.6653388223,0.1705593732,0.1185754384,0.0371154317,0.1170410284,-0.0279636472,-0.0024657350,0.1608541238,0.0013331870,-0.0249050427,0.1392871811,0.0069593902,0.0532035039,-0.0982674416,0.1468442475,-0.0657596942,-0.3880657074,0.0936513015,-0.9545355650,-0.3839076951,-0.2914644912,0.1648660239,-0.1687197784,-0.3305652017,-0.2594528329,0.3754623809,-0.6759177397,0.2559384108,0.1089964684,-0.2537806394
-0.0114284891,-0.0332946556,0.8109826777,-0.0730227589,-0.0010791946,-0.7429158625,0.6653890090,0.1717444288,0.1191093487,0.0365834437,0.1171222811,-0.0289034644,-0.0021846753,0.1621600972,0.0017256939,-0.0258687864,0.1392153091,0.0057999675,0.0529527890,-0.0987379261,0.1463529861,-0.0654932207,-0.3890025761,0.0886255534,-0.9555739990,-0.3931734637,-0.2893086167,0.1642735108,-0.1639029096,-0.3196599207,-0.2549317358,0.3753192111,-0.6904885560,0.2515912294,0.1098099423,-0.2582038055
-0.0118802831,-0.0337112009,0.8109089302,-0.0731413690,-0.0012154274,-0.7428688449,0.6654282397,0.1729182502,0.1196528328,0.0360778663,0.1172225077,-0.0298415147,-0.0019110344,0.1634203066,0.0021306037,-0.0268042934,0.1392034487,0.0046307441,0.0526936228,-0.0990318834,0.1458265316,-0.0652257660,-0.3899281436,0.0836769138,-0.9567800646,-0.4026963179,-0.2871345565,0.1638643044,-0.1590246079,-0.3090009359,-0.2504054906,0.3748739363,-0.7044887862,0.2475039306,0.1102384887,-0.2623489257
-0.0120928409,-0.0340153789,0.8108805221,-0.0733934292,-0.0013392043,-0.7431054549,0.6651359966,0.1742817946,0.1200287525,0.0356306954,0.1172389435,-0.0292648550,-0.0027894779,0.1644470942,0.0027097863,-0.0264394223,0.1391812563,0.0049821206,0.0518980623,-0.0983526457,0.1459198168,-0.0654605140,-0.3907580896,0.0796568434,-0.9595312151,-0.3969495104,-0.2857664863,0.1654281174,-0.1545753505,-0.3073253674,-0.2420070158,0.3797442252,-0.7074892533,0.2466131918,0.1119903144,-0.2695873930
-0.0121711685,-0.0342043624,0.8108887621,-0.0737272950,-0.0015572504,-0.7433224865,0.6648560311,0.1757385049,0.1204704605,0.0356998681,0.1172202712,-0.0298576577,-0.0030080042,0.1656002304,0.0031067697,-0.0264874024,0.1390912290,0.0046156656,0.0509606734,-0.0982625292,0.1458587488,-0.0655278055,-0.3922348190,0.0748759439,-0.9612493711,-0.3888931975,-0.2843429515,0.1658743602,-0.1508203594,-0.3075869108,-0.2330376961,0.3849150287,-0.7080227705,0.2463647709,0.1130693224,-0.2770655680
-0.0123237245,-0.0343626080,0.8108949195,-0.0741090373,-0.0018209158,-0.7435283925,0.6645826242,0.1772613431,0.1208907567,0.0357453320,0.1172798456,-0.0304621412,-0.0032057497,0.1668303719,0.0034850453,-0.0265510535,0.1390620631,0.0042464174,0.0500413024,-0.0984014752,0.1458316479,-0.0653590421,-0.3939466927,0.0699582810,-0.9628079250,-0.3798413288,-0.2829068413,0.1653668781,-0.1471652831,-0.3083110912,-0.2239605576,0.3901367244,-0.7073729230,0.2462466388,0.1132541788,-0.2843254159
-0.0123334804,-0.0346209565,0.8108769464,-0.0742616635,-0.0018967798,-0.7437927981,0.6642694341,0.1782375974,0.1207204248,0.0351774423,0.1173846990,-0.0297572285,-0.0033583012,0.1673649516,0.0033554481,-0.0265295697,0.1390985979,0.0048421437,0.0506597597,-0.1003081522,0.1458631488,-0.0648192348,-0.3950050845,0.0719315477,-0.9660319883,-0.3683925025,-0.2808657599,0.1661998411,-0.1492245935,-0.3032863326,-0.2240371155,0.3871450917,-0.6996429111,0.2464147230,0.1153187091,-0.2920123678
-0.0123063334,-0.0348573985,0.8108059815,-0.0743513577,-0.0019432365,-0.7441050610,0.6639094499,0.1792441373,0.1207904301,0.0354935634,0.1173968428,-0.0298573366,-0.0033507350,0.1679266478,0.0033055731,-0.0266555046,0.1390653021,0.0048752401,0.0500707954,-0.1018230954,0.1457105684,-0.0648972142,-0.3959903192,0.0737824572,-0.9695699326,-0.3574572729,-0.2786352175,0.1675394520,-0.1521250046,-0.2984103037,-0.2243765358,0.3831349265,-0.6912147314,0.2474937293,0.1170035436,-0.2994822356
-0.0122826807,-0.0350083954,0.8108217837,-0.0744341593,-0.0019762634,-0.7444307704,0.6635348359,0.1802119162,0.1208816739,0.0358444082,0.1174479883,-0.0299879064,-0.0033521785,0.1684282994,0.0032736093,-0.0267463311,0.1390749895,0.0048946365,0.0494715632,-0.1031778855,0.1455740564,-0.0650594049,-0.3969298542,0.0756825888,-0.9734342295,-0.3462981326,-0.2763351772,0.1684694276,-0.1548892645,-0.2935488478,-0.2247953400,0.3788859000,-0.6821095473,0.2487253695,0.1179905808,-0.3066772665
-0.0120861741,-0.0353253401,0.8108175004,-0.0746551749,-0.0021309167,-0.7448514645,0.6630372236,0.1809895558,0.1204748404,0.0370266495,0.1175666336,-0.0302552287,-0.0035412369,0.1684992261,0.0030907153,-0.0254731910,0.1391572541,0.0051792195,0.0501981315,-0.1063753682,0.1456130266,-0.0644468488,-0.3932624717,0.0788705833,-0.9742260185,-0.3266235886,-0.2744462200,0.1694553686,-0.1562779921,-0.2872341096,-0.2286885185,0.3708038921,-0.6764435077,0.2469535631,0.1168096602,-0.3156214041
-0.0117627645,-0.0356754025,0.8108257551,-0.0747253168,-0.0021275364,-0.7453063361,0.6625179741,0.1818707017,0.1201958868,0.0381153203,0.1176585064,-0.0304521610,-0.0036712348,0.1686910769,0.0027686438,-0.0247354292,0.1391953506,0.0054522050,0.0500693418,-0.1096017953,0.1457566280,-0.0639931844,-0.3897764340,0.0814129021,-0.9746822270,-0.3058289948,-0.2723433680,0.1700798550,-0.1583000273,-0.2806302293,-0.2326727451,0.3629454340,-0.6714112167,0.2450610693,0.1158702879,-0.3249490308
-0.0115175350,-0.0360296571,0.8108341559,-0.0747893539,-0.0021154230,-0.7457579884,0.6620023416,0.1827252510,0.1199098137,0.0392015774,0.1177556700,-0.0306518589,-0.0037849500,0.1688707296,0.0024376614,-0.0240009452,0.1392232500,0.0057295748,0.0499542774,-0.1128206957,0.1459296126,-0.0635846716,-0.3863623302,0.0837801430,-0.9750547909,-0.2846848501,-0.2700974567,0.1704987018,-0.1604834100,-0.2738996052,-0.2367322888,0.3551333524,-0.6665748882,0.2431315271,0.1150381333,-0.3343842430
-0.0118877728,-0.0366466975,0.8106212888,-0.0763865357,-0.0034858374,-0.7470130971,0.6603971372,0.1884695564,0.1206810303,0.0418386247,0.1204434228,-0.0344570414,-0.0040410343,0.1722770082,0.0031774706,-0.0214273087,0.1427556930,0.0022048728,0.0500026603,-0.1153988361,0.1466386021,-0.0604053805,-0.3716466704,0.0813973734,-0.9798737707,-0.2381003510,-0.2639817595,0.1697367925,-0.1679941369,-0.2529657520,-0.2298583640,0.3403589614,-0.6559460963,0.2473296082,0.1111972772,-0.3532516535
-0.0123065430,-0.0367040363,0.8105921195,-0.0767342884,-0.0035204927,-0.7482689341,0.6589332723,0.1902578018,0.1218529297,0.0439156525,0.1203097686,-0.0350533818,-0.0044337015,0.1720227384,0.0043690925,-0.0195584029,0.1430690944,0.0020836882,0.0495878481,-0.1187802988,0.1479236414,-0.0587976915,-0.3610717373,0.0801844903,-0.9821701509,-0.1904806704,-0.2604392737,0.1693876399,-0.1755798630,-0.2375027849,-0.2220417555,0.3243065465,-0.6421651597,0.2538767800,0.1075462263,-0.3706449315
-0.0127048244,-0.0367020072,0.8105752945,-0.0769505125,-0.0034191477,-0.7495391004,0.6574633564,0.1914893801,0.1230365772,0.0459825594,0.1202348220,-0.0355308131,-0.0048020533,0.1712937815,0.0055781783,-0.0176795529,0.1432545771,0.0021895737,0.0491857589,-0.1223512459,0.1493214500,-0.0574795478,-0.3508021569,0.0790924266,-0.9840291936,-0.1426497717,-0.2568303856,0.1689802103,-0.1830714602,-0.2229422408,-0.2141917244,0.3081300629,-0.6274454206,0.2608097095,0.1035408333,-0.3877408672
-0.0128843882,-0.0370832733,0.8103911970,-0.0767271001,-0.0030686338,-0.7505023574,0.6563914588,0.1921927993,0.1238181581,0.0484236357,0.1198622956,-0.0369548691,-0.0049698497,0.1705420401,0.0063844681,-0.0150039200,0.1430857902,0.0011106917,0.0488547648,-0.1248234838,0.1491472217,-0.0560213164,-0.3338857364,0.0800608445,-0.9748130714,-0.0490535948,-0.2512050488,0.1689081692,-0.1833212776,-0.2086874743,-0.2166661804,0.3008661200,-0.5733689827,0.2784982664,0.1028282195,-0.3913537639
-0.0128882777,-0.0373545990,0.8102002390,-0.0766798310,-0.0027804226,-0.7514301813,0.6553359103,0.1928308752,0.1243582941,0.0508376103,0.1197337431,-0.0383875330,-0.0048846653,0.1697980396,0.0069681807,-0.0123113163,0.1430811996,0.0001877886,0.0487339685,-0.1280697377,0.1492935913,-0.0547095982,-0.3184502020,0.0790505868,-0.9635899596,0.0501073450,-0.2438829839,0.1651592413,-0.1846559609,-0.1967958408,-0.2197247669,0.2931595395,-0.5141740597,0.2976948165,0.0994320359,-0.3924982035
-0.0128283589,-0.0375643566,0.8100946164,-0.0766980882,-0.0025349997,-0.7523519260,0.6542763609,0.1935073237,0.1248454683,0.0532663128,0.1196970966,-0.0397998535,-0.0047113650,0.1691118230,0.0074919903,-0.0095949924,0.1431083922,-0.0006646685,0.0486932544,-0.1314306746,0.1494548288,-0.0533131824,-0.3041413982,0.0782386508,-0.9517073118,0.1504568186,-0.2355738288,0.1602846413,-0.1856481780,-0.1857146103,-0.2233731796,0.2850269136,-0.4533996068,0.3171568846,0.0955483864,-0.3921073479
-0.0127756220,-0.0377782123,0.8099894031,-0.0768227921,-0.0024555397,-0.7532179315,0.6532648594,0.1945498657,0.1253391908,0.0566036519,0.1198319547,-0.0421874563,-0.0043531988,0.1687579647,0.0080415496,-0.0069589172,0.1434288418,-0.0013522094,0.0486969859,-0.1344950245,0.1516025470,-0.0498365938,-0.2890093002,0.0793304305,-0.9529481573,0.2302087107,-0.2219457549,0.1572564807,-0.1927785017,-0.1702459285,-0.2142939433,0.2772968883,-0.3966785091,0.3384116694,0.0876217870,-0.3966403998
-0.0127994614,-0.0379647072,0.8098485116,-0.0769698699,-0.0023586857,-0.7541097020,0.6522182404,0.1956982156,0.1259256014,0.0598659739,0.1199174412,-0.0436036236,-0.0041772783,0.1685495991,0.0085063429,-0.0048485899,0.1437002300,-0.0020826936,0.0485603570,-0.1372117944,0.1531678511,-0.0466388932,-0.2726934667,0.0824738055,-0.9555788072,0.3066244569,-0.2075955178,0.1556756078,-0.1981975754,-0.1539605492,-0.2054957263,0.2690313353,-0.3405866628,0.3593901998,0.0802626055,-0.4003958188
-0.0127138664,-0.0382517261,0.8097055617,-0.0771074684,-0.0022535827,-0.7550035156,0.6511674524,0.1968681739,0.1264719674,0.0631520436,0.1199494159,-0.0450114411,-0.0039663188,0.1683365390,0.0089314747,-0.0027140448,0.1439533295,-0.0028117141,0.0484622032,-0.1399506317,0.1545311721,-0.0436018670,-0.2561200919,0.0862804572,-0.9586496234,0.3822478654,-0.1927331435,0.1542116962,-0.2023196082,-0.1376744504,-0.1973595554,0.2604327584,-0.2841079360,0.3804057455,0.0732519528,-0.4029569937
-0.0123284256,-0.0388937761,0.8093161134,-0.0772023249,-0.0019835797,-0.7558508424,0.6501733388,0.1984022378,0.1265338932,0.0661941203,0.1198106245,-0.0483919892,-0.0030121506,0.1684808475,0.0093242134,0.0009140655,0.1436448749,-0.0046221885,0.0491608762,-0.1423126450,0.1545686052,-0.0428372416,-0.2438196668,0.0868674959,-0.9635989929,0.4493023764,-0.1785323490,0.1541708930,-0.2050232538,-0.1236267291,-0.1980847295,0.2431203635,-0.1348862024,0.4129151651,0.0761677609,-0.4062106338
-0.0115955446,-0.0393295023,0.8089159626,-0.0775566331,-0.0018403786,-0.7568063160,0.6490190920,0.1998715557,0.1263934623,0.0697616118,0.1201092413,-0.0518705819,-0.0015554503,0.1686397767,0.0091737567,0.0039358601,0.1435397680,-0.0064030668,0.0500893569,-0.1446332532,0.1539919759,-0.0421740145,-0.2311705750,0.0880131817,-0.9693458912,0.5163827832,-0.1643861480,0.1541465208,-0.2063185583,-0.1188535014,-0.2047339383,0.2247283635,0.0320699566,0.4480772134,0.0735695347,-0.3986362640
-0.0105895244,-0.0395448661,0.8085129152,-0.0780489561,-0.0017771105,-0.7577808554,0.6478220262,0.2013790289,0.1259565025,0.0734824436,0.1206079021,-0.0553011075,0.0002874434,0.1688475532,0.0087283971,0.0071677379,0.1434647728,-0.0079478475,0.0513871497,-0.1470418029,0.1527338035,-0.0412581078,-0.2190409680,0.0896964420,-0.9753171930,0.5832825742,-0.1502032753,0.1545669805,-0.2067647716,-0.1183200396,-0.2168946111,0.2088013633,0.2059250869,0.4820467992,0.0713429886,-0.3836678173
-0.0098169867,-0.0393719221,0.8080792352,-0.0786470099,-0.0020858933,-0.7585558387,0.6468410442,0.2029676949,0.1253115512,0.0762725654,0.1211896009,-0.0595508309,0.0023968278,0.1692527255,0.0082162963,0.0102895313,0.1435511755,-0.0107447052,0.0533555825,-0.1474104972,0.1513222282,-0.0398586863,-0.2095509787,0.0899495790,-0.9836084645,0.6388321635,-0.1356477374,0.1545837162,-0.2081881975,-0.1307610391,-0.2296867554,0.2128781480,0.3126648343,0.4928594572,0.0631472988,-0.3607125493
-0.0092447414,-0.0393133025,0.8075399469,-0.0791995142,-0.0023477869,-0.7592858689,0.6459155472,0.2045932152,0.1248829802,0.0789090206,0.1216532360,-0.0634303822,0.0043358610,0.1698061908,0.0078372576,0.0131249468,0.1436042784,-0.0136512387,0.0551555095,-0.1483106400,0.1501765108,-0.0376171193,-0.2006584498,0.0913123127,-0.9913850654,0.6921581452,-0.1215576337,0.1559782547,-0.2088578874,-0.1377352603,-0.2416812132,0.2215103354,0.4061074140,0.4985922697,0.0608748039,-0.3432386377
-0.0086267444,-0.0394166541,0.8070826651,-0.0797313914,-0.0025938562,-0.7599985132,0.6450104162,0.2063147614,0.1244830736,0.0814795296,0.1220291227,-0.0673665166,0.0062273584,0.1704671802,0.0074864582,0.0158798976,0.1435920580,-0.0166499472,0.0569128177,-0.1493093555,0.1490552439,-0.0355315472,-0.1916178896,0.0930777865,-0.9995112437,0.7447559471,-0.1077531373,0.1577612143,-0.2088206005,-0.1430390714,-0.2535728787,0.2329492826,0.4950890672,0.5023994122,0.0609456352,-0.3278600469
-0.0076102711,-0.0393796673,0.8064759309,-0.0801781649,-0.0029311225,-0.7603727859,0.6445122937,0.2075997078,0.1231745397,0.0836806208,0.1222977876,-0.0718432041,0.0082058822,0.1713487937,0.0061715650,0.0185050990,0.1432849555,-0.0201114967,0.0608831644,-0.1460311487,0.1476594466,-0.0336630020,-0.1811576893,0.0922861241,-1.0056015324,0.7938219971,-0.0988200415,0.1599513480,-0.2057586261,-0.1502352686,-0.2629266253,0.2596590593,0.5954798781,0.5027904858,0.0661610373,-0.3030819764
-0.0065723847,-0.0393821508,0.8058592237,-0.0806570443,-0.0032783652,-0.7607539484,0.6440008723,0.2088899700,0.1218216308,0.0858813329,0.1225979146,-0.0764972154,0.0101905209,0.1721361189,0.0048383181,0.0211594400,0.1430625447,-0.0237541647,0.0649111761,-0.1436466419,0.1465718371,-0.0320192840,-0.1705212007,0.0918253422,-1.0111667118,0.8419658817,-0.0905793963,0.1630483993,-0.2020428573,-0.1591450289,-0.2715182477,0.2896822214,0.6963722833,0.5013038054,0.0714850777,-0.2777217263
-0.0055435313,-0.0392450615,0.8052419697,-0.0811726470,-0.0036661366,-0.7611285533,0.6434911703,0.2102014257,0.1204732565,0.0880450483,0.1229537401,-0.0811165261,0.0121603919,0.1729391499,0.0035075170,0.0237905483,0.1429157897,-0.0273868532,0.0689145406,-0.1416488618,0.1456516886,-0.0303294437,-0.1597946475,0.0916624753,-1.0168066645,0.8901789291,-0.0828341332,0.1657423931,-0.1977831675,-0.1688958330,-0.2790751849,0.3223719355,0.7972377898,0.4977377018,0.0761791919,-0.2521566116
-0.0054049232,-0.0391171055,0.8045873697,-0.0819803796,-0.0043912492,-0.7615986213,0.6428277174,0.2128428760,0.1203949078,0.0892594593,0.1232051833,-0.0857572336,0.0132454233,0.1747816630,0.0033322822,0.0254473726,0.1431313178,-0.0318105576,0.0709012162,-0.1391321941,0.1452503250,-0.0279507040,-0.1498431470,0.0914893933,-1.0103779119,0.9278634486,-0.0831705811,0.1666238739,-0.1907423301,-0.1738002953,-0.2797034122,0.3456264436,0.8498187187,0.4960319295,0.0746974055,-0.2256426560
-0.0054677932,-0.0390532835,0.8039307836,-0.0828656014,-0.0051590650,-0.7620004789,0.6422320035,0.2158410600,0.1204258516,0.0903465308,0.1233012799,-0.0904308626,0.0141521703,0.1769465556,0.0033598796,0.0268712135,0.1432686865,-0.0363576883,0.0723142618,-0.1363377556,0.1446955090,-0.0252824194,-0.1402406052,0.0923204192,-1.0045577950,0.9643844025,-0.0843129175,0.1681114060,-0.1836625510,-0.1744585915,-0.2797905052,0.3690421437,0.8941933539,0.4929679425,0.0763418888,-0.2029953965
-0.0054806421,-0.0390985556,0.8033610709,-0.0837618321,-0.0059374532,-0.7623949014,0.6416406444,0.2189405921,0.1204917146,0.0914027368,0.1233348858,-0.0951129423,0.0150074469,0.1792092663,0.0034283777,0.0282696699,0.1433703221,-0.0409344680,0.0736781280,-0.1333392735,0.1441260488,-0.0227615287,-0.1307132592,0.0935497191,-0.9991836375,1.0005481669,-0.0858418062,0.1697705154,-0.1765728806,-0.1738475885,-0.2795555034,0.3926201285,0.9362093079,0.4892008393,0.0789833161,-0.1816333504
-0.0057202834,-0.0391053710,0.8028148712,-0.0842462960,-0.0066086683,-0.7626255839,0.6412964259,0.2212889399,0.1203259299,0.0921169796,0.1233854622,-0.0992417802,0.0159209856,0.1811888782,0.0030872922,0.0278690061,0.1431344483,-0.0456760992,0.0747611955,-0.1274985201,0.1418038364,-0.0213134927,-0.1202852423,0.0940371532,-0.9872692591,1.0324898053,-0.0949940805,0.1704023751,-0.1651320480,-0.1744729067,-0.2762334815,0.4317510936,0.9911507259,0.4785194256,0.0904873414,-0.1546653476
-0.0059666020,-0.0391472952,0.8022522284,-0.0847474090,-0.0072438112,-0.7627992729,0.6410169055,0.2233937387,0.1202772708,0.0926749439,0.1234688812,-0.1033585638,0.0168482279,0.1829198546,0.0028310359,0.0271803580,0.1430496791,-0.0502947853,0.0758207846,-0.1229724166,0.1397340632,-0.0199838286,-0.1095726161,0.0951282764,-0.9744842440,1.0639922552,-0.1048304525,0.1710128664,-0.1534578360,-0.1761830179,-0.2718559288,0.4725681758,1.0471397919,0.4667198741,0.1015473442,-0.1272724213
-0.0061512095,-0.0390519959,0.8016933791,-0.0852720887,-0.0079067551,-0.7629579330,0.6407506118,0.2254790096,0.1202624815,0.0931735011,0.1236067609,-0.1074340443,0.0177382802,0.1846393627,0.0026078462,0.0264412871,0.1430381553,-0.0548998209,0.0768376522,-0.1187459421,0.1377403349,-0.0186473162,-0.0990369599,0.0966522137,-0.9615778149,1.0953115545,-0.1149657347,0.1715724958,-0.1419952353,-0.1778634621,-0.2665660744,0.5141170839,1.1029659677,0.4538474803,0.1121334453,-0.1001870191
-0.0062105969,-0.0384578102,0.8012163771,-0.0862499299,-0.0089748946,-0.7617064469,0.6420932094,0.2270500133,0.1198654870,0.0900357991,0.1238354698,-0.1106903507,0.0179547745,0.1879579287,0.0020522531,0.0245711462,0.1433669719,-0.0588007403,0.0776705237,-0.1124171106,0.1360798615,-0.0172295097,-0.0931320351,0.0980861802,-0.9486242219,1.1215468088,-0.1250635673,0.1726074005,-0.1294199890,-0.1833619224,-0.2585506093,0.5520722240,1.1470085625,0.4357755112,0.1215905130,-0.0765911784
-0.0063189719,-0.0378987930,0.8007336113,-0.0873138378,-0.0101494284,-0.7604174645,0.6434582834,0.2288255478,0.1195142852,0.0868415427,0.1240783673,-0.1137985251,0.0181171237,0.1914610030,0.0015371656,0.0220181567,0.1435241898,-0.0623962207,0.0785184494,-0.1058347298,0.1343188367,-0.0153475718,-0.0877526964,0.0999718925,-0.9360475247,1.1474459878,-0.1354816614,0.1739078203,-0.1170541567,-0.1880048062,-0.2496877328,0.5897838152,1.1892843697,0.4167900809,0.1314401802,-0.0542988436
-0.0063762720,-0.0372263743,0.8002524459,-0.0884070694,-0.0113601498,-0.7591163862,0.6448235799,0.2306841377,0.1192098424,0.0836260160,0.1243130128,-0.1168747222,0.0182277302,0.1950495498,0.0010739332,0.0194386158,0.1436806161,-0.0659793620,0.0793114175,-0.0991672344,0.1326096156,-0.0134148848,-0.0825813032,0.1021651720,-0.9237130517,1.1732489241,-0.1461407826,0.1751778114,-0.1049078505,-0.1920207333,-0.2400516325,0.6276231457,1.2308194937,0.3972640142,0.1411161123,-0.0326944004
-0.0068712645,-0.0367335663,0.7998986341,-0.0890564427,-0.0121618863,-0.7567633051,0.6474799908,0.2304942671,0.1192956382,0.0781478364,0.1242791791,-0.1195717225,0.0181638407,0.1983243842,0.0003740139,0.0106937548,0.1437899291,-0.0693771011,0.0794381366,-0.0897239883,0.1304504052,-0.0118009444,-0.0816778785,0.1051903788,-0.9138664776,1.1812928006,-0.1530609623,0.1746899214,-0.0967503521,-0.1969847222,-0.2291414946,0.6737428654,1.2480966884,0.3662951365,0.1510468480,-0.0099523830
-0.0073169058,-0.0361894973,0.7995406231,-0.0896179671,-0.0128937810,-0.7543855013,0.6501575854,0.2302179285,0.1194059625,0.0724435801,0.1242951887,-0.1223221781,0.0180560030,0.2014314101,-0.0001612472,0.0024038694,0.1438755679,-0.0727207406,0.0795314873,-0.0803196746,0.1282930388,-0.0104251855,-0.0802657517,0.1088610644,-0.9040775092,1.1880322629,-0.1599111501,0.1750150590,-0.0886482286,-0.2003039958,-0.2182166793,0.7197964298,1.2627816830,0.3346977604,0.1618597691,0.0116295654
-0.0077828365,-0.0357409231,0.7990971282,-0.0901546738,-0.0136116178,-0.7520017801,0.6528247708,0.2298916810,0.1195466434,0.0667357049,0.1243337096,-0.1250844105,0.0179313867,0.2044995918,-0.0006668944,-0.0058835227,0.1439713050,-0.0760792841,0.0796093143,-0.0708522652,0.1261898731,-0.0091947397,-0.0788268317,0.1126617545,-0.8943445976,1.1940415650,-0.1667866316,0.1761496101,-0.0806093234,-0.2030294138,-0.2071412028,0.7657716843,1.2763792953,0.3027579206,0.1732326196,0.0329695711
-0.0082963630,-0.0351762230,0.7987285682,-0.0904553310,-0.0145723099,-0.7481170260,0.6572110744,0.2282449056,0.1186485286,0.0570209116,0.1243181460,-0.1274859870,0.0180875778,0.2085974741,-0.0015400931,-0.0132294238,0.1438927626,-0.0798459641,0.0804178872,-0.0600147840,0.1227830283,-0.0071937242,-0.0764783989,0.1184240468,-0.8826060011,1.2000795697,-0.1735278417,0.1765312124,-0.0747296029,-0.2037064375,-0.2035690272,0.8063960081,1.2768869494,0.2670557535,0.1805665003,0.0553802666
-0.0087807226,-0.0345544483,0.7984052413,-0.0908791963,-0.0154724943,-0.7441772598,0.6615903412,0.2267356675,0.1180683949,0.0475512634,0.1242977248,-0.1296004266,0.0182349432,0.2126815569,-0.0025171846,-0.0234993171,0.1440520478,-0.0829385440,0.0806671762,-0.0489842547,0.1197830160,-0.0052387294,-0.0741358054,0.1240772966,-0.8711078208,1.2062406274,-0.1802519164,0.1768203788,-0.0689752887,-0.2037313549,-0.2005096689,0.8467894491,1.2766022637,0.2310120883,0.1877812462,0.0777960592
-0.0091834807,-0.0340223600,0.7980816640,-0.0913045351,-0.0163821092,-0.7402135428,0.6659422042,0.2252392051,0.1175028620,0.0380845043,0.1243259974,-0.1317423611,0.0183862996,0.2167864166,-0.0034864675,-0.0337588218,0.1442518140,-0.0860570583,0.0809281461,-0.0379227852,0.1168407874,-0.0033558432,-0.0717409171,0.1297319745,-0.8596433212,1.2124175311,-0.1869948938,0.1770758786,-0.0632847056,-0.2035860736,-0.1975716543,0.8872027069,1.2762465396,0.1947819501,0.1946200781,0.1003495150
-0.0101383092,-0.0329165648,0.7976641806,-0.0911726985,-0.0177276606,-0.7367622740,0.6697422047,0.2221338474,0.1155917070,0.0274538105,0.1261193604,-0.1338773311,0.0180665978,0.2199305028,-0.0052900756,-0.0432946417,0.1440429403,-0.0919687575,0.0798934029,-0.0251146792,0.1127019007,-0.0019950117,-0.0716747514,0.1348834810,-0.8456737479,1.2164380925,-0.1954011645,0.1770080695,-0.0568899686,-0.2059573546,-0.1933688143,0.9219080725,1.2585769167,0.1620054675,0.1987085874,0.1177191752
-0.0109285188,-0.0319266507,0.7973335302,-0.0913089475,-0.0188091508,-0.7332278728,0.6735620079,0.2191383795,0.1145752187,0.0169964139,0.1278763551,-0.1358214429,0.0176913594,0.2227924195,-0.0065726931,-0.0549833433,0.1443325697,-0.0959945933,0.0785783489,-0.0124102099,0.1094417953,-0.0007207676,-0.0714505761,0.1397528365,-0.8318461710,1.2209733689,-0.2038440366,0.1763303574,-0.0505167737,-0.2080009785,-0.1898605183,0.9568495548,1.2408732819,0.1293767836,0.2020371301,0.1351922622
-0.0117154211,-0.0308419731,0.7970018238,-0.0914548713,-0.0199059213,-0.7296775522,0.6773554685,0.2161648625,0.1135624768,0.0065512007,0.1297206978,-0.1378122671,0.0173162508,0.2256915570,-0.0078528667,-0.0666514324,0.1446637021,-0.1000313120,0.0772829975,0.0002486524,0.1062243221,0.0004710167,-0.0711386875,0.1446349646,-0.8179910298,1.2255668571,-0.2122931313,0.1755993480,-0.0442097237,-0.2102126102,-0.1868401532,0.9919682460,1.2232214290,0.0968002052,0.2048753355,0.1531893986
-0.0124640108,-0.0301208972,0.7970149472,-0.0899376465,-0.0191924185,-0.7282482935,0.6791150814,0.2098757917,0.1128061375,-0.0009813527,0.1302837482,-0.1369748257,0.0169010936,0.2231223586,-0.0083544453,-0.0725533919,0.1423580218,-0.0999371314,0.0804136334,0.0141533562,0.1029363717,-0.0040553011,-0.0709810292,0.1509863856,-0.7862444060,1.2267328451,-0.2300569114,0.1730067694,-0.0334277346,-0.2147070775,-0.1829728284,1.0078039719,1.2056343840,0.0800502832,0.2049547561,0.1647787305
-0.0131421878,-0.0294547378,0.7969110339,-0.0895399613,-0.0194607797,-0.7267602815,0.6807520596,0.2061992321,0.1120661326,-0.0083044925,0.1331875672,-0.1382106774,0.0165446320,0.2229518334,-0.0091302484,-0.0803706674,0.1426746221,-0.1019579227,0.0794225778,0.0281793933,0.1000536345,-0.0058787500,-0.0700259614,0.1571647175,-0.7549544349,1.2281125192,-0.2482130641,0.1690914313,-0.0223567420,-0.2179979866,-0.1816689390,1.0236506974,1.1850475987,0.0627354747,0.2051503269,0.1776513525
-0.0137360139,-0.0290142374,0.7966107583,-0.0909060257,-0.0213766953,-0.7251207367,0.6822602499,0.2069884614,0.1112068757,-0.0154381035,0.1391777967,-0.1421633729,0.0163182182,0.2271173956,-0.0101713891,-0.0879241682,0.1461623898,-0.1066430750,0.0786865564,0.0421268290,0.0977816789,-0.0027724874,-0.0683841033,0.1631830277,-0.7241272775,1.2296190284,-0.2669043356,0.1634458677,-0.0110448696,-0.2199158975,-0.1842115645,1.0392923589,1.1592681192,0.0444674186,0.2064254703,0.1922734818
-0.0140059217,-0.0285028808,0.7964706947,-0.0896564469,-0.0218157242,-0.7234276117,0.6842063185,0.2019042071,0.1082705711,-0.0216146189,0.1423312933,-0.1419936439,0.0169294852,0.2263767620,-0.0124943195,-0.0901645221,0.1459669369,-0.1103845096,0.0814346134,0.0608895795,0.0941592534,-0.0053948832,-0.0717446573,0.1620277015,-0.6012728916,1.1864289423,-0.3511502192,0.1445972976,0.0371383198,-0.2227089842,-0.1765060920,1.0410840335,1.1101027723,0.0398765480,0.2024747658,0.2090075765
-0.0141933701,-0.0278839702,0.7963888299,-0.0887783307,-0.0221477199,-0.7216400993,0.6861949093,0.1970890234,0.1057229678,-0.0284860081,0.1457151774,-0.1426072797,0.0177892399,0.2256828442,-0.0148272881,-0.0965626978,0.1465224315,-0.1130339053,0.0821127084,0.0785941526,0.0908948292,-0.0078650547,-0.0724727416,0.1592066862,-0.4782593965,1.1405144233,-0.4334929777,0.1223277330,0.0884655349,-0.2260723032,-0.1690158009,1.0445204343,1.0604832843,0.0366240278,0.1987944390,0.2257940869
-0.0142963868,-0.0272743588,0.7963076129,-0.0880021160,-0.0225545697,-0.7198216624,0.6881887048,0.1924362665,0.1030747935,-0.0353868387,0.1491475031,-0.1431546443,0.0187543366,0.2252186724,-0.0172528410,-0.1029832954,0.1470029551,-0.1155481965,0.0829024176,0.0969201437,0.0871769384,-0.0107196045,-0.0719908712,0.1538562837,-0.3564737105,1.0928008339,-0.5126601625,0.0958938925,0.1413783637,-0.2294137563,-0.1614964253,1.0479411435,1.0111467578,0.0343441068,0.1948899855,0.2423783521
-0.0141738005,-0.0264821713,0.7962297949,-0.0873533510,-0.0229426526,-0.7182830243,0.6898641343,0.1893726679,0.1008286203,-0.0396566846,0.1497561100,-0.1419146821,0.0186626584,0.2244828607,-0.0193737832,-0.1071890577,0.1474511770,-0.1168804108,0.0841197356,0.1063771733,0.0810335351,-0.0111100179,-0.0719983546,0.1348770717,-0.2731567122,1.0190520707,-0.5700636956,0.0647171377,0.1930568378,-0.2340024995,-0.1508469743,1.0365906348,0.9523857820,0.0503896973,0.1889277846,0.2507636549
-0.0139287805,-0.0257087010,0.7962318324,-0.0867932520,-0.0233501161,-0.7167996730,0.6914621698,0.1868833173,0.0984932914,-0.0438737734,0.1496872804,-0.1406140340,0.0188476408,0.2240482441,-0.0215416336,-0.1112766277,0.1476102809,-0.1179747047,0.0850551691,0.1187856491,0.0742162937,-0.0117848060,-0.0699795083,0.1116470053,-0.1952247817,0.9372490338,-0.6222446215,0.0313617334,0.2492675551,-0.2375599369,-0.1402935714,1.0233898987,0.8930914918,0.0682511926,0.1832249555,0.2572075774
-0.0136849036,-0.0248965615,0.7962283618,-0.0863122689,-0.0237972465,-0.7153366957,0.6930204146,0.1846070437,0.0961037926,-0.0479794475,0.1495411797,-0.1392557125,0.0191465904,0.2237796320,-0.0237611714,-0.1152494746,0.1476724326,-0.1189509942,0.0861019788,0.1321320072,0.0666653486,-0.0127624452,-0.0674602754,0.0838338823,-0.1209110800,0.8498515530,-0.6689408774,-0.0054183777,0.3084531262,-0.2405709054,-0.1292297650,1.0100436388,0.8335920506,0.0867328821,0.1775476098,0.2625916216
-0.0130940592,-0.0240824891,0.7963743922,-0.0859059472,-0.0237210140,-0.7150132046,0.6934072390,0.1840349739,0.0943058191,-0.0511767636,0.1458296228,-0.1362695590,0.0196604218,0.2217467398,-0.0258021278,-0.1194151343,0.1479752130,-0.1187809861,0.0868989940,0.1366265333,0.0639123888,-0.0129400094,-0.0671519835,0.0627856278,-0.0878309755,0.7549654844,-0.6759519440,-0.0310329434,0.3531720932,-0.2468517718,-0.1162133891,0.9889535339,0.7581977707,0.1173579582,0.1688049617,0.2658298751
-0.0126525992,-0.0233345773,0.7965322479,-0.0854141026,-0.0236848000,-0.7147332387,0.6937577811,0.1839638696,0.0925376574,-0.0540648738,0.1412292119,-0.1332391413,0.0201222926,0.2198343315,-0.0277490978,-0.1230507497,0.1480841569,-0.1183899241,0.0875303388,0.1450118146,0.0600132546,-0.0134644654,-0.0669216112,0.0406482270,-0.0605754557,0.6557288069,-0.6748192804,-0.0539656645,0.3978980388,-0.2516354672,-0.1039276274,0.9653132578,0.6796937759,0.1499905132,0.1613329455,0.2666342623
-0.0121353912,-0.0226302874,0.7966879458,-0.0849091138,-0.0236491890,-0.7145233024,0.6940371810,0.1840968506,0.0907931962,-0.0567387573,0.1364038196,-0.1301845918,0.0205740942,0.2179466547,-0.0296880887,-0.1264920251,0.1481566784,-0.1180163794,0.0881444919,0.1548096381,0.0558335565,-0.0141586331,-0.0669111997,0.0172169940,-0.0374432694,0.5535737264,-0.6685918421,-0.0757060934,0.4433967721,-0.2555644569,-0.0916058477,0.9418225053,0.5997010619,0.1828621438,0.1541405955,0.2650353581
-0.0116224249,-0.0221593157,0.7970003379,-0.0844347830,-0.0238515662,-0.7136460435,0.6949900681,0.1835244942,0.0886772081,-0.0585754612,0.1338593750,-0.1243955578,0.0206917418,0.2170919698,-0.0316354923,-0.1282781798,0.1486984558,-0.1147776721,0.0892792294,0.1636129629,0.0533299186,-0.0170313990,-0.0777953753,0.0085289662,-0.0305131303,0.4393091465,-0.6373719821,-0.0918332457,0.4871899401,-0.2645359837,-0.0820886005,0.9396015463,0.5203079852,0.2028528486,0.1494014512,0.2660931650
-0.0111814018,-0.0216682594,0.7974345714,-0.0839203454,-0.0239905052,-0.7127367921,0.6959799541,0.1825996650,0.0868228671,-0.0604596362,0.1315114809,-0.1192067047,0.0206076659,0.2162713255,-0.0333591884,-0.1299171086,0.1488059837,-0.1123368234,0.0896106707,0.1714283829,0.0503812199,-0.0195523664,-0.0887609058,0.0005486682,-0.0240572098,0.3227899097,-0.5984382192,-0.1021525969,0.5306442713,-0.2739956572,-0.0724730447,0.9387901603,0.4395974431,0.2214826068,0.1451582415,0.2658402663
-0.0108978444,-0.0211023754,0.7978683993,-0.0833970157,-0.0241226266,-0.7118053167,0.6969908376,0.1816110525,0.0850579231,-0.0624308640,0.1292919771,-0.1140997297,0.0204240411,0.2154689246,-0.0349876113,-0.1316335552,0.1489267160,-0.1099521132,0.0898400033,0.1787819324,0.0475406513,-0.0219971319,-0.0997098602,-0.0065312969,-0.0188171654,0.2055407220,-0.5546103926,-0.1073964518,0.5717937126,-0.2839035429,-0.0633197472,0.9392458986,0.3581731836,0.2399187386,0.1410141941,0.2641270629
-0.0107382162,-0.0204153221,0.7983573934,-0.0825867791,-0.0245275752,-0.7103557182,0.6985503386,0.1788828914,0.0823087819,-0.0655749706,0.1286922172,-0.1070102458,0.0196706051,0.2146696558,-0.0375272970,-0.1353130134,0.1488798527,-0.1065031086,0.0900404050,0.1802197996,0.0437365002,-0.0219968876,-0.1108894292,-0.0137857427,-0.0365446617,0.0822941852,-0.5063138605,-0.0998003751,0.5907531813,-0.2971788417,-0.0609791506,0.9382706603,0.2809186972,0.2537526923,0.1385951894,0.2545648650
-0.0106514473,-0.0196806231,0.7988697944,-0.0817102447,-0.0249336400,-0.7087557915,0.7002620777,0.1760860645,0.0796259627,-0.0690692915,0.1282247873,-0.1003387866,0.0188108835,0.2140393027,-0.0399509162,-0.1391739680,0.1486787978,-0.1040783494,0.0901563355,0.1832375569,0.0407998339,-0.0219162233,-0.1202535514,-0.0178479486,-0.0586083072,-0.0419946996,-0.4574030207,-0.0867598975,0.6035141969,-0.3108002376,-0.0601389215,0.9358147682,0.2037480825,0.2666595693,0.1359499245,0.2432619402
-0.0107170971,-0.0189776640,0.7993882829,-0.0808078012,-0.0253402943,-0.7071627889,0.7019606533,0.1733393878,0.0771272090,-0.0725871822,0.1277227324,-0.0937113693,0.0177248285,0.2134080146,-0.0421927628,-0.1430581777,0.1485353020,-0.1017682187,0.0900451591,0.1871199828,0.0386059636,-0.0221759398,-0.1293518298,-0.0175432103,-0.0827378733,-0.1640541408,-0.4092950152,-0.0705950785,0.6105441362,-0.3244001468,-0.0603596489,0.9330823950,0.1265164460,0.2788417145,0.1330878564,0.2310926175
-0.0104996368,-0.0186333765,0.7997968810,-0.0803583150,-0.0257814232,-0.7059429215,0.7032229028,0.1720837232,0.0749941217,-0.0749028598,0.1274285530,-0.0887523480,0.0169084244,0.2136871807,-0.0442936782,-0.1460122888,0.1486805289,-0.0987659240,0.0902035826,0.1903389511,0.0357767590,-0.0233954913,-0.1301675162,-0.0201301171,-0.1026282663,-0.2500009353,-0.3783179348,-0.0521589216,0.6131735251,-0.3369854164,-0.0597731556,0.9263762216,0.0647457603,0.2884835351,0.1327603005,0.2143029200
-0.0103713527,-0.0182228897,0.8002377881,-0.0799841158,-0.0262324678,-0.7047305689,0.7044637848,0.1710249128,0.0732254406,-0.0773917671,0.1269857775,-0.0838649153,0.0157741721,0.2140850300,-0.0458059695,-0.1485761875,0.1485786724,-0.0965166477,0.0900161252,0.1940354355,0.0336294280,-0.0256961586,-0.1346980300,-0.0192963126,-0.1202874496,-0.3255741783,-0.3526616642,-0.0380620975,0.6095054214,-0.3493885663,-0.0579521164,0.9193104457,0.0066399946,0.2968609833,0.1307964025,0.1978103239
-0.0104681052,-0.0177184105,0.8006901591,-0.0796412353,-0.0267195406,-0.7035097765,0.7057034322,0.1699475654,0.0716574193,-0.0799578985,0.1265321077,-0.0788506381,0.0144272701,0.2144327496,-0.0471151593,-0.1511869559,0.1485453712,-0.0942176171,0.0895928420,0.1978514173,0.0317451697,-0.0280785112,-0.1416887364,-0.0159829404,-0.1364308999,-0.3955504152,-0.3294806688,-0.0262865554,0.6020019618,-0.3620574492,-0.0558093917,0.9121185840,-0.0501350227,0.3043045427,0.1279200469,0.1814662297
-0.0113728516,-0.0175714912,0.8010083809,-0.0789560305,-0.0271197386,-0.7019839293,0.7072828487,0.1685040288,0.0708441492,-0.0834388521,0.1258922661,-0.0743737691,0.0124108655,0.2149790224,-0.0480472663,-0.1558989341,0.1487929378,-0.0924381512,0.0875018058,0.2024653377,0.0320575024,-0.0280406134,-0.1440222969,-0.0080510713,-0.1609921514,-0.4484337631,-0.3159774871,-0.0134005175,0.5839165290,-0.3628268396,-0.0598733627,0.9096160100,-0.0994645348,0.3135598179,0.1267874811,0.1722782430
-0.0123066865,-0.0175936723,0.8014238131,-0.0782760692,-0.0274356500,-0.7004279459,0.7088870395,0.1671893577,0.0702188946,-0.0869542281,0.1251638921,-0.0701584931,0.0103388764,0.2155238692,-0.0485652338,-0.1603980721,0.1488476383,-0.0914262818,0.0853581159,0.2078914328,0.0328699580,-0.0294039635,-0.1468484530,0.0015022478,-0.1851070014,-0.4968518730,-0.3052691265,-0.0031914603,0.5631475157,-0.3619261939,-0.0647809731,0.9067268357,-0.1486237150,0.3221139109,0.1247713508,0.1639010343
-0.0132968684,-0.0175181287,0.8017548916,-0.0775737064,-0.0277224355,-0.6988779820,0.7104810715,0.1657922212,0.0696910026,-0.0904880038,0.1244379374,-0.0659282300,0.0081776549,0.2159608447,-0.0489904640,-0.1648967630,0.1489284090,-0.0904162381,0.0831173435,0.2136660541,0.0338688437,-0.0312074016,-0.1504624962,0.0125123671,-0.2086240665,-0.5428657192,-0.2958870439,0.0056987883,0.5411629545,-0.3607474923,-0.0700119678,0.9038408016,-0.1977150970,0.3301507541,0.1224225557,0.1554582227
-0.0139163986,-0.0170591241,0.8023057479,-0.0755873548,-0.0264013600,-0.6974376233,0.7121588879,0.1606092584,0.0690125683,-0.0956084443,0.1202879208,-0.0586854398,0.0063986467,0.2129110969,-0.0490957194,-0.1688591842,0.1448821196,-0.0856393681,0.0811224899,0.2185845892,0.0334052414,-0.0369690307,-0.1588732167,0.0240433154,-0.2076484998,-0.5528560276,-0.2918855536,0.0146195864,0.5310992046,-0.3686014108,-0.0732544320,0.8998538803,-0.2244482486,0.3361320730,0.1225540346,0.1529373615
-0.0144731790,-0.0169331846,0.8026978982,-0.0746108010,-0.0262218974,-0.6957371889,0.7139295515,0.1578592562,0.0678997596,-0.1011424835,0.1194877438,-0.0542515034,0.0047188432,0.2123964861,-0.0498038619,-0.1731463405,0.1444424341,-0.0835895287,0.0802016568,0.2227260140,0.0334391840,-0.0413013419,-0.1675550405,0.0349309582,-0.2062135452,-0.5589903133,-0.2869404351,0.0221352859,0.5203146045,-0.3734156017,-0.0761135363,0.8973491827,-0.2515635379,0.3401286950,0.1219169169,0.1504680015
-0.0151144089,-0.0168171440,0.8029674420,-0.0739319642,-0.0264003171,-0.6939590103,0.7157219991,0.1559459616,0.0666365743,-0.1067884861,0.1192373556,-0.0502626778,0.0030835612,0.2126731045,-0.0506962188,-0.1775154407,0.1447501017,-0.0821276768,0.0793435549,0.2266189450,0.0336709171,-0.0447664893,-0.1765991816,0.0457328765,-0.2043611598,-0.5638238429,-0.2819435007,0.0287439007,0.5090227146,-0.3778414723,-0.0791273317,0.8952540115,-0.2788979470,0.3433985199,0.1210583149,0.1479676507
-0.0156555626,-0.0166051808,0.8032310448,-0.0735475767,-0.0266475947,-0.6929366755,0.7167422294,0.1547550256,0.0659703727,-0.1104936710,0.1191044902,-0.0475610400,0.0017786553,0.2125936788,-0.0510425490,-0.1812492165,0.1450076203,-0.0815826522,0.0787878967,0.2295269794,0.0332452787,-0.0461555707,-0.1823301507,0.0526697677,-0.2000490638,-0.5582874446,-0.2821165499,0.0343720388,0.5037425600,-0.3782835996,-0.0846385184,0.8923516852,-0.2993817870,0.3465051846,0.1216121949,0.1436452886
-0.0161145555,-0.0162946405,0.8033991811,-0.0732841767,-0.0269345618,-0.6919854486,0.7176768756,0.1538275592,0.0654572140,-0.1139851894,0.1190204440,-0.0447923323,0.0004385637,0.2127951766,-0.0516357319,-0.1856879765,0.1454035625,-0.0806776407,0.0783515909,0.2327066419,0.0333340731,-0.0477941960,-0.1887828378,0.0596256234,-0.1953275347,-0.5506263787,-0.2835623386,0.0386133435,0.4988527097,-0.3786379587,-0.0900339876,0.8895684284,-0.3186415163,0.3494490474,0.1215237614,0.1395029049
-0.0166714090,-0.0159682505,0.8036542334,-0.0730530122,-0.0272474971,-0.6910322203,0.7186065000,0.1529857575,0.0649689731,-0.1174800703,0.1189255842,-0.0420127670,-0.0009165547,0.2130875533,-0.0522021026,-0.1901248744,0.1457697124,-0.0797507825,0.0778918981,0.2359098898,0.0334902355,-0.0493891897,-0.1956236892,0.0666649054,-0.1904458566,-0.5420607054,-0.2853776419,0.0422174654,0.4938554641,-0.3790642840,-0.0953687780,0.8867678649,-0.3375043493,0.3522997790,0.1211035880,0.1354697808
-0.0168548071,-0.0156458445,0.8038874979,-0.0728517806,-0.0276320332,-0.6890936380,0.7204714060,0.1516689642,0.0636524927,-0.1208494997,0.1188775612,-0.0393484076,-0.0016424166,0.2140034488,-0.0527644808,-0.1922895626,0.1461698360,-0.0790861368,0.0777312508,0.2374405144,0.0356304640,-0.0489944138,-0.1991588309,0.0693782836,-0.1997485540,-0.5482919152,-0.2869087727,0.0419673964,0.4832516032,-0.3736117380,-0.0940031582,0.8855278866,-0.3397477798,0.3566342922,0.1239474733,0.1288625125
-0.0169769050,-0.0155042346,0.8041174773,-0.0726720818,-0.0279895384,-0.6871691949,0.7223114646,0.1506608001,0.0624959580,-0.1241573767,0.1187497906,-0.0367637601,-0.0024229273,0.2153048063,-0.0535953235,-0.1956929408,0.1464781166,-0.0779652052,0.0776894426,0.2393976014,0.0378584500,-0.0492677129,-0.1986158401,0.0717608180,-0.2114877686,-0.5595204332,-0.2866021027,0.0429088920,0.4732377954,-0.3686238772,-0.0906444070,0.8835085508,-0.3381845363,0.3605322249,0.1255936895,0.1230465849
-0.0171127858,-0.0154398092,0.8043477797,-0.0724459778,-0.0283072821,-0.6852431044,0.7241492705,0.1496790601,0.0613567688,-0.1274704393,0.1185326871,-0.0342309849,-0.0032153129,0.2166598550,-0.0544010906,-0.1991066009,0.1466295358,-0.0768630643,0.0776422875,0.2413571062,0.0399702898,-0.0498875318,-0.1964933872,0.0742773400,-0.2241028195,-0.5729442582,-0.2855074474,0.0447920485,0.4637964885,-0.3637415918,-0.0865421108,0.8812312742,-0.3352194577,0.3642559380,0.1265006048,0.1178485941
-0.0180980629,-0.0154470628,0.8045719490,-0.0720763016,-0.0285466029,-0.6842007994,0.7251616125,0.1489223906,0.0615560433,-0.1293808376,0.1182873688,-0.0313501776,-0.0049617186,0.2172673640,-0.0539175267,-0.2000909257,0.1463857117,-0.0765171589,0.0768804113,0.2420600218,0.0400882755,-0.0515387363,-0.1991271926,0.0881246414,-0.2303418933,-0.5692978026,-0.2830997571,0.0524984425,0.4555245827,-0.3617643253,-0.0936123401,0.8820560213,-0.3304073248,0.3640287453,0.1288127677,0.1169085152
-0.0191352448,-0.0153008041,0.8048081130,-0.0717255739,-0.0288232634,-0.6831884397,0.7261392548,0.1480138661,0.0619087248,-0.1312284560,0.1181093062,-0.0284758937,-0.0068327794,0.2176021000,-0.0533058276,-0.2009726520,0.1463384843,-0.0762004530,0.0759869726,0.2425683985,0.0402310764,-0.0528798922,-0.2053265787,0.1022836627,-0.2344655322,-0.5610085263,-0.2822051962,0.0591447352,0.4465269098,-0.3596992618,-0.1009696562,0.8831748297,-0.3261943099,0.3634861854,0.1310784797,0.1164537591
-0.0202782439,-0.0150923025,0.8050436903,-0.0714165888,-0.0291351888,-0.6821661393,0.7271177140,0.1471050747,0.0622864292,-0.1331148642,0.1179999629,-0.0255614875,-0.0087342433,0.2179102141,-0.0526743002,-0.2018668571,0.1464189247,-0.0758811953,0.0750532688,0.2430245770,0.0404205602,-0.0539675182,-0.2128754968,0.1164258010,-0.2379446937,-0.5507647094,-0.2818843711,0.0649138205,0.4369718507,-0.3577439656,-0.1083968324,0.8843260170,-0.3221127573,0.3628670171,0.1333846155,0.1160246332
-0.0207079260,-0.0149838331,0.8052466150,-0.0715205479,-0.0292795510,-0.6821264180,0.7271389612,0.1472120497,0.0629088337,-0.1337028414,0.1180380139,-0.0232958982,-0.0101274013,0.2179980169,-0.0517288415,-0.2021906051,0.1467814647,-0.0737892519,0.0732023806,0.2433451768,0.0401806709,-0.0542640249,-0.2166174022,0.1173844241,-0.2344614134,-0.5415894800,-0.2822068934,0.0651182443,0.4411622391,-0.3567078578,-0.1102206037,0.8858669988,-0.3191635143,0.3613508804,0.1360944451,0.1150599402
-0.0210988339,-0.0148766596,0.8055440406,-0.0717048972,-0.0294243205,-0.6821175042,0.7271233235,0.1475046793,0.0635783197,-0.1340825079,0.1180640278,-0.0213989783,-0.0113409050,0.2182275725,-0.0508310792,-0.2021515029,0.1469486823,-0.0720908242,0.0722576496,0.2430844230,0.0406093837,-0.0544961676,-0.2197837972,0.1181112797,-0.2307792950,-0.5329597371,-0.2822074720,0.0647796776,0.4470290824,-0.3559640157,-0.1118186995,0.8883854183,-0.3157030377,0.3595271535,0.1389881876,0.1140384373
-0.0214856714,-0.0147756055,0.8057527046,-0.0719115175,-0.0295851710,-0.6821077567,0.7271055354,0.1478686945,0.0642546078,-0.1344578172,0.1181025686,-0.0195250587,-0.0125474641,0.2185464835,-0.0499214916,-0.2021105054,0.1470775710,-0.0703887461,0.0713212062,0.2426258279,0.0411373313,-0.0546761232,-0.2227310185,0.1188928352,-0.2270488540,-0.5245962090,-0.2821382711,0.0644225368,0.4532044154,-0.3552789742,-0.1133274623,0.8911592144,-0.3121227215,0.3576262255,0.1418476708,0.1129786067
-0.0221161939,-0.0145600338,0.8058211556,-0.0720299385,-0.0296295608,-0.6821567317,0.7270460580,0.1479115757,0.0655296770,-0.1337209087,0.1181298072,-0.0180703126,-0.0139013957,0.2185062733,-0.0491066344,-0.2015037034,0.1470671742,-0.0699587741,0.0702200292,0.2419343729,0.0417477972,-0.0529374746,-0.2156761496,0.1173208283,-0.2303808072,-0.5150237978,-0.2864639925,0.0631203261,0.4535846481,-0.3557446943,-0.1138391679,0.8930752110,-0.3023234588,0.3551131532,0.1448847817,0.1100564149
-0.0226748458,-0.0144413249,0.8059588538,-0.0720955776,-0.0297143525,-0.6822949238,0.7269064052,0.1480013181,0.0665968708,-0.1326887788,0.1181280160,-0.0169776310,-0.0151175985,0.2184421071,-0.0479782952,-0.2008116411,0.1470367572,-0.0696855250,0.0692726706,0.2416578311,0.0422322159,-0.0517506789,-0.2068273113,0.1157755798,-0.2345337350,-0.5066826264,-0.2908399966,0.0614361548,0.4533215321,-0.3561937232,-0.1136689913,0.8946009681,-0.2909193530,0.3524723271,0.1472339301,0.1073452634
-0.0233265600,-0.0144408624,0.8060098199,-0.0721260660,-0.0297642651,-0.6824531988,0.7267527437,0.1480401347,0.0676806217,-0.1316088798,0.1181154789,-0.0159203432,-0.0163414187,0.2183031856,-0.0468350945,-0.2000827307,0.1469916783,-0.0694301167,0.0683175581,0.2414610325,0.0426482181,-0.0508010799,-0.1974388231,0.1142823902,-0.2389271362,-0.4988189298,-0.2950831401,0.0598010786,0.4530231050,-0.3566101474,-0.1132181682,0.8960360790,-0.2789734478,0.3497223078,0.1492248627,0.1048378512
-0.0236025989,-0.0145987173,0.8060356250,-0.0720546400,-0.0294262880,-0.6826979271,0.7265437101,0.1478502824,0.0689083145,-0.1302521077,0.1179293180,-0.0165796910,-0.0163089257,0.2177973514,-0.0461194163,-0.1993498928,0.1468008247,-0.0692047884,0.0680889925,0.2402548581,0.0424738633,-0.0493065217,-0.1849874286,0.1121327081,-0.2381483033,-0.4807084896,-0.3007125954,0.0598246368,0.4559114061,-0.3549528663,-0.1151102412,0.8991015503,-0.2615183914,0.3464628539,0.1536293746,0.1075284370
-0.0238606037,-0.0147324030,0.8059593671,-0.0719833142,-0.0290979480,-0.6829234030,0.7263520755,0.1475722032,0.0698471641,-0.1290802184,0.1179106824,-0.0170261651,-0.0166348725,0.2172287922,-0.0451321275,-0.1984104877,0.1466412952,-0.0690812348,0.0674255997,0.2386314993,0.0423842089,-0.0482504501,-0.1732779662,0.1098910249,-0.2362592818,-0.4604721956,-0.3070785572,0.0589488074,0.4583591205,-0.3531543190,-0.1165933570,0.9024803988,-0.2430956146,0.3427086579,0.1577169653,0.1114058693
-0.0241347168,-0.0148518577,0.8059714223,-0.0719079957,-0.0287604744,-0.6831398063,0.7261694571,0.1472316921,0.0708090309,-0.1279497900,0.1179172214,-0.0174584449,-0.0169872850,0.2166064280,-0.0441174140,-0.1975008106,0.1465119147,-0.0689552274,0.0667348264,0.2368827006,0.0423295290,-0.0472559318,-0.1619410218,0.1077376111,-0.2339990265,-0.4393717576,-0.3137013518,0.0576171566,0.4603910139,-0.3513653400,-0.1178594463,0.9059387459,-0.2242841809,0.3386461568,0.1615516718,0.1155477265
-0.0241299051,-0.0155859940,0.8054861791,-0.0732170074,-0.0302685447,-0.6831738260,0.7259453206,0.1510339851,0.0709129792,-0.1260609006,0.1218821431,-0.0233444406,-0.0165288586,0.2205241936,-0.0447622449,-0.1962102370,0.1505452174,-0.0748386131,0.0668811395,0.2362809100,0.0426414356,-0.0437856217,-0.1446472735,0.0968977276,-0.2249362484,-0.3805054146,-0.3257321177,0.0534866184,0.4747530616,-0.3387189711,-0.1173194414,0.9062064393,-0.1653421882,0.3305398589,0.1670910714,0.1242524520
-0.0242923035,-0.0155213878,0.8051788463,-0.0734971825,-0.0303734037,-0.6832655375,0.7258263055,0.1515147063,0.0717381826,-0.1245590359,0.1222607224,-0.0256270105,-0.0161551799,0.2209627154,-0.0441775160,-0.1950408468,0.1508256510,-0.0769091572,0.0667964630,0.2357033478,0.0428037802,-0.0419202303,-0.1349164505,0.0880980958,-0.2123528245,-0.3150252889,-0.3418787976,0.0481196916,0.4869691950,-0.3314136176,-0.1161912500,0.9042874201,-0.1028502179,0.3240028002,0.1718975802,0.1347258901
-0.0246461502,-0.0154234363,0.8048955264,-0.0736432284,-0.0302969686,-0.6833626635,0.7257232521,0.1513530823,0.0727728408,-0.1231566896,0.1224540259,-0.0275517901,-0.0159741264,0.2208279812,-0.0433535220,-0.1939542375,0.1508000948,-0.0785913986,0.0664979323,0.2352056195,0.0430052294,-0.0403335978,-0.1271164310,0.0808021180,-0.1987081543,-0.2462522305,-0.3590488543,0.0417431919,0.4968873423,-0.3250734250,-0.1149616859,0.9021106611,-0.0389012899,0.3170616409,0.1756798483,0.1452500732
-0.0251075918,-0.0155900558,0.8044823975,-0.0738444031,-0.0300586399,-0.6846021076,0.7245436058,0.1520865717,0.0747754893,-0.1203834238,0.1223505660,-0.0317390480,-0.0165398491,0.2201150353,-0.0411388205,-0.1900392466,0.1503960697,-0.0819146194,0.0659568423,0.2325331912,0.0436690667,-0.0388421805,-0.1077229418,0.0815119768,-0.1778812575,-0.0992950543,-0.3945524434,0.0444463274,0.4995332560,-0.3156276642,-0.1207130972,0.8940456745,0.0377743814,0.3077072422,0.1810870883,0.1524939074
-0.0259963423,-0.0155823986,0.8041458718,-0.0741784208,-0.0299361957,-0.6858534324,0.7233301150,0.1529939848,0.0773207379,-0.1174559676,0.1224394660,-0.0353574459,-0.0172338223,0.2194721799,-0.0389448387,-0.1870519601,0.1504744363,-0.0847640638,0.0650333009,0.2305688952,0.0454963262,-0.0383973164,-0.0955489974,0.0881780413,-0.1554055389,0.0640356900,-0.4332050527,0.0422578956,0.4908783395,-0.3056555531,-0.1266078639,0.8860186211,0.1171279220,0.2970557286,0.1843758781,0.1598063605
-0.0270652212,-0.0154558435,0.8037299615,-0.0745557832,-0.0298846971,-0.6870746876,0.7221334459,0.1539132912,0.0802086255,-0.1147007097,0.1224603561,-0.0387855951,-0.0183372281,0.2187596254,-0.0364195012,-0.1842094190,0.1507445808,-0.0876357022,0.0636882214,0.2285504366,0.0481531351,-0.0379124715,-0.0871339314,0.1003693237,-0.1345785009,0.2347894974,-0.4708191994,0.0402720766,0.4743967692,-0.2964363819,-0.1330138000,0.8780825166,0.1971309181,0.2854831633,0.1872686608,0.1668178635
-0.0282169058,-0.0148805185,0.8030865638,-0.0751870324,-0.0298760237,-0.6883292152,0.7208725441,0.1546061445,0.0837121420,-0.1109238286,0.1224440639,-0.0438519218,-0.0199088258,0.2177268779,-0.0332162165,-0.1809603417,0.1510236388,-0.0922550859,0.0616904645,0.2226348267,0.0520531183,-0.0339031373,-0.0874366146,0.1216760356,-0.1460123674,0.3651497003,-0.4838309675,0.0402056221,0.4327183691,-0.2943946492,-0.1408219146,0.8798752232,0.2770049606,0.2646061899,0.1881036556,0.1748671869
-0.0294108950,-0.0143926025,0.8024371651,-0.0759501536,-0.0299098595,-0.6896031358,0.7195724353,0.1557334715,0.0872929367,-0.1069622086,0.1224651903,-0.0490499153,-0.0213585976,0.2170644607,-0.0300680556,-0.1776602097,0.1513610233,-0.0963824516,0.0598069869,0.2175317202,0.0553843556,-0.0289972276,-0.0835849076,0.1413559319,-0.1628853096,0.4851019131,-0.4890767264,0.0446427052,0.3927979833,-0.2931579671,-0.1486579561,0.8811652503,0.3564294711,0.2426830933,0.1883046706,0.1815562906
-0.0304759504,-0.0139571744,0.8018695382,-0.0767341119,-0.0299624304,-0.6908895513,0.7182518755,0.1570801840,0.0908244658,-0.1029175210,0.1224413197,-0.0543280269,-0.0227321141,0.2166058079,-0.0269616855,-0.1742835134,0.1515883852,-0.1005220546,0.0579877420,0.2126708985,0.0584391645,-0.0240724341,-0.0781578286,0.1598327697,-0.1835669846,0.6003153861,-0.4894529503,0.0510794365,0.3545606466,-0.2919845002,-0.1566976574,0.8830449531,0.4353947698,0.2205448141,0.1880006794,0.1867098325
-0.0313981181,-0.0135636440,0.8010928428,-0.0780774935,-0.0296956357,-0.6926957396,0.7163760790,0.1591314899,0.0957273487,-0.0981325715,0.1224595587,-0.0613126261,-0.0228565333,0.2162205386,-0.0223818732,-0.1681540470,0.1518552186,-0.1044874074,0.0583188201,0.2061277579,0.0619635067,-0.0194900935,-0.0767439824,0.1734227470,-0.2134663453,0.6956010285,-0.4849822708,0.0569801853,0.3180440496,-0.2913435315,-0.1637204223,0.8941502208,0.5046196303,0.1940281860,0.1874397484,0.1939561626
-0.0322268488,-0.0131195915,0.8003164725,-0.0794539526,-0.0294011125,-0.6945117369,0.7144760957,0.1613340083,0.1006252673,-0.0931674874,0.1225790502,-0.0688472024,-0.0230030128,0.2160284227,-0.0177837944,-0.1618362465,0.1518675395,-0.1084254984,0.0587135883,0.1995003420,0.0656388584,-0.0148476242,-0.0735426874,0.1854248179,-0.2457820373,0.7854477847,-0.4776164257,0.0645698342,0.2845799261,-0.2901930690,-0.1714895699,0.9065932563,0.5716454315,0.1676414413,0.1875384902,0.1992406497
-0.0330183144,-0.0127707219,0.7995420640,-0.0808423086,-0.0291031422,-0.6963231512,0.7125669073,0.1636057475,0.1054762159,-0.0881958025,0.1227520720,-0.0764340599,-0.0230771754,0.2159397869,-0.0132163406,-0.1554994163,0.1517855872,-0.1123170510,0.0591475743,0.1929735030,0.0692350592,-0.0103140524,-0.0698934806,0.1962706332,-0.2801473738,0.8727611309,-0.4679403428,0.0725730395,0.2526988189,-0.2887717676,-0.1793695674,0.9200583038,0.6377384358,0.1417091244,0.1877620650,0.2026837932
-0.0335422550,-0.0124373972,0.7987204139,-0.0819583495,-0.0290126217,-0.6984611275,0.7103472040,0.1637871793,0.1088663382,-0.0826163823,0.1271272262,-0.0845771515,-0.0217857561,0.2157159050,-0.0099866739,-0.1489490830,0.1513283134,-0.1168528755,0.0593971281,0.1834586754,0.0710915954,-0.0060790371,-0.0641001092,0.2011304776,-0.3337244177,0.9620726332,-0.4577689587,0.0921463655,0.2055962927,-0.2922328279,-0.1859256477,0.9462898505,0.6956362223,0.1107061708,0.1913230678,0.2100911560
-0.0339453761,-0.0120188882,0.7979962415,-0.0830499468,-0.0288298571,-0.7005603596,0.7081572764,0.1636521357,0.1123030610,-0.0770581951,0.1319809613,-0.0934383099,-0.0205180638,0.2152486025,-0.0066297639,-0.1421655321,0.1510247605,-0.1215158187,0.0601269457,0.1742339890,0.0729683305,-0.0024391436,-0.0583882839,0.2052933453,-0.3891499502,1.0501982152,-0.4450992338,0.1117939123,0.1581261757,-0.2947968516,-0.1925805259,0.9733676686,0.7523615211,0.0800724088,0.1952122407,0.2157901275
-0.0343345508,-0.0115702141,0.7971907829,-0.0841348632,-0.0286353874,-0.7026529162,0.7059604938,0.1634185492,0.1156943752,-0.0715328240,0.1369984217,-0.1023442882,-0.0191966910,0.2147165646,-0.0032969057,-0.1353725844,0.1507642470,-0.1261492162,0.0608548046,0.1653053924,0.0747192179,0.0009674889,-0.0529351332,0.2084303066,-0.4463439784,1.1373192119,-0.4298921584,0.1309420469,0.1112858084,-0.2970605537,-0.1987679190,1.0011361115,0.8086381434,0.0500161193,0.1992629981,0.2198813653
-0.0347273199,-0.0114725427,0.7966135151,-0.0843764425,-0.0290439478,-0.7040222055,0.7045493590,0.1567243290,0.1161795155,-0.0668653980,0.1541301870,-0.1099532202,-0.0194097678,0.2151803788,-0.0028766610,-0.1324003796,0.1499270668,-0.1310172836,0.0588635547,0.1556825253,0.0736257791,0.0051921365,-0.0595826547,0.1980066467,-0.5139649022,1.1856991825,-0.3994500642,0.1484714645,0.0651408105,-0.2965051620,-0.2008029517,1.0269902573,0.8649396007,0.0261985652,0.2038760172,0.2281993865
-0.0349561289,-0.0113860224,0.7961639530,-0.0845588209,-0.0292634778,-0.7053723008,0.7031666744,0.1490616527,0.1167290364,-0.0622090430,0.1724111677,-0.1182561106,-0.0195157664,0.2151946437,-0.0020941559,-0.1271703857,0.1490920967,-0.1355261267,0.0601470195,0.1463901543,0.0726686176,0.0090760624,-0.0637482365,0.1860853522,-0.5825074133,1.2284218010,-0.3674407338,0.1683257611,0.0223265174,-0.2961936015,-0.2029078313,1.0527885671,0.9205775520,0.0029599401,0.2092649475,0.2359867682
-0.0351676738,-0.0113115142,0.7956406027,-0.0846850373,-0.0294530893,-0.7067385706,0.7017702992,0.1410986298,0.1171701674,-0.0574569570,0.1911338784,-0.1268027155,-0.0195405597,0.2151222024,-0.0013760482,-0.1218925133,0.1481921118,-0.1399874978,0.0614481663,0.1372370260,0.0715627132,0.0126961782,-0.0664877197,0.1729744167,-0.6515740873,1.2697632080,-0.3343303433,0.1875874927,-0.0194632131,-0.2955457417,-0.2046760622,1.0792289000,0.9764294827,-0.0195763035,0.2142897903,0.2424876566
-0.0349127369,-0.0112637734,0.7951795789,-0.0850841912,-0.0293113752,-0.7084795541,0.6999701744,0.1354901258,0.1185157648,-0.0515336344,0.2057014527,-0.1344009181,-0.0194848974,0.2145867082,-0.0005943592,-0.1177440492,0.1475446937,-0.1434113571,0.0591859656,0.1282353766,0.0706545536,0.0143800571,-0.0753461313,0.1590268696,-0.6846933434,1.2882939090,-0.3198395851,0.1957708929,-0.0367317948,-0.2915574722,-0.2054222027,1.0932698096,1.0094289683,-0.0317627155,0.2170297019,0.2494482245
-0.0346247269,-0.0112242773,0.7946453512,-0.0854765726,-0.0291894368,-0.7101854373,0.6981965174,0.1299716026,0.1197743610,-0.0456542009,0.2200632720,-0.1418993838,-0.0193278265,0.2141891451,0.0001998859,-0.1129453823,0.1467202357,-0.1469212091,0.0597388882,0.1182602728,0.0697424594,0.0163444242,-0.0829104652,0.1448224432,-0.7170736369,1.3050019191,-0.3057419165,0.2046785919,-0.0522888831,-0.2879460469,-0.2066271998,1.1084657412,1.0409351944,-0.0432407926,0.2209737967,0.2562266127
-0.0343349834,-0.0111113008,0.7941131647,-0.0858684694,-0.0290765192,-0.7118829150,0.6964221977,0.1244223711,0.1210097824,-0.0397540713,0.2346120602,-0.1495216598,-0.0191179761,0.2138609190,0.0009697377,-0.1081550044,0.1458572135,-0.1504379633,0.0602891943,0.1081792477,0.0687999491,0.0182765021,-0.0898770566,0.1303682584,-0.7493431671,1.3213203429,-0.2914819466,0.2136247301,-0.0676413903,-0.2843305538,-0.2078162792,1.1239562343,1.0722528215,-0.0544409865,0.2251317495,0.2627460353
-0.0344469229,-0.0112763461,0.7939825862,-0.0863770252,-0.0283903723,-0.7137543757,0.6944693567,0.1239334366,0.1242776428,-0.0348126678,0.2386059867,-0.1532489279,-0.0195366210,0.2129825293,0.0035633347,-0.1040493092,0.1450858760,-0.1504331592,0.0602809230,0.0961017072,0.0677032249,0.0181390467,-0.0979525897,0.1238858897,-0.7701649933,1.3205635177,-0.2750545013,0.2141133541,-0.0675812726,-0.2757449451,-0.2187257309,1.1071760023,1.0981369520,-0.0419724523,0.2244239730,0.2514872592
-0.0345601835,-0.0114655874,0.7937531416,-0.0869265126,-0.0277706559,-0.7156380309,0.6924844986,0.1239232152,0.1274984414,-0.0297841896,0.2420741639,-0.1569227145,-0.0198608295,0.2123659272,0.0060822767,-0.0999172779,0.1442228083,-0.1505430098,0.0596618293,0.0845261324,0.0664902962,0.0180706330,-0.1056357750,0.1176445798,-0.7916329294,1.3188882207,-0.2588404063,0.2149539620,-0.0669400570,-0.2670689146,-0.2300290931,1.0901213460,1.1237342981,-0.0288398444,0.2234569499,0.2399505190
-0.0347630112,-0.0116573867,0.7936101899,-0.0874876616,-0.0271646563,-0.7175162124,0.6904914739,0.1239743966,0.1307185288,-0.0247440181,0.2455516128,-0.1606085956,-0.0201762258,0.2118037045,0.0085963563,-0.0957768045,0.1433737817,-0.1506650043,0.0590412237,0.0729500303,0.0652776857,0.0179370697,-0.1131972567,0.1114558310,-0.8130986426,1.3171127662,-0.2426598588,0.2157943201,-0.0663178659,-0.2585624106,-0.2415594880,1.0730625929,1.1492212938,-0.0155383451,0.2223516327,0.2286674595
-0.0344607036,-0.0121621413,0.7938729298,-0.0863838606,-0.0253719254,-0.7201255576,0.6879776706,0.1246956779,0.1327337514,-0.0179637135,0.2396953218,-0.1585236117,-0.0197639608,0.2074908318,0.0103030431,-0.0887921279,0.1405742041,-0.1467582235,0.0583879768,0.0600732658,0.0654244270,0.0134855334,-0.1230380009,0.1089083619,-0.8307463369,1.3044477119,-0.2261404463,0.2122557708,-0.0650289881,-0.2515701695,-0.2459958463,1.0635355139,1.1438061038,-0.0045968994,0.2197352055,0.2213929160
-0.0342902724,-0.0127611979,0.7939580851,-0.0865733792,-0.0243285492,-0.7228046848,0.6851762980,0.1270667456,0.1357726798,-0.0109006503,0.2382765269,-0.1594898684,-0.0196035838,0.2055755563,0.0127116037,-0.0816575688,0.1400353265,-0.1444127350,0.0578399362,0.0493153158,0.0667476038,0.0120934570,-0.1324904350,0.1073828446,-0.8501176489,1.2899360596,-0.2090665652,0.2086541010,-0.0644319458,-0.2432295223,-0.2528089763,1.0523137768,1.1355619195,0.0067195716,0.2173205091,0.2140483872
-0.0340350802,-0.0133572845,0.7941143058,-0.0869535218,-0.0234163273,-0.7254765312,0.6823302450,0.1298425624,0.1389200847,-0.0037906897,0.2372065631,-0.1607251215,-0.0194692771,0.2041788858,0.0152173545,-0.0744574386,0.1395339704,-0.1421395292,0.0572739347,0.0389683216,0.0682660645,0.0112493954,-0.1421735622,0.1060627230,-0.8698960850,1.2752074444,-0.1920827375,0.2051060024,-0.0640759494,-0.2346843325,-0.2599886967,1.0406414523,1.1267788972,0.0179936196,0.2151202293,0.2066604599
-0.0332946891,-0.0141700876,0.7941450827,-0.0882965670,-0.0230031302,-0.7273579431,0.6801654173,0.1336271103,0.1416261752,0.0022176647,0.2388874777,-0.1636261353,-0.0188495237,0.2051299383,0.0175232794,-0.0679107297,0.1406915506,-0.1396490050,0.0573271716,0.0325177938,0.0728497629,0.0134887459,-0.1501035117,0.1012367289,-0.8901945176,1.2404153183,-0.1730334448,0.2009112800,-0.0680597126,-0.2289999897,-0.2706744498,0.9906586020,1.1291893280,0.0545621318,0.2089052073,0.1815702496
-0.0324765037,-0.0149711495,0.7943464950,-0.0881758018,-0.0217378306,-0.7291486820,0.6783028043,0.1353647830,0.1433456461,0.0083081956,0.2360602352,-0.1635937873,-0.0177788797,0.2030811328,0.0187942576,-0.0623781153,0.1401344960,-0.1359643157,0.0576656317,0.0240486579,0.0761749821,0.0119473659,-0.1584986805,0.0963693747,-0.9091845948,1.2079899620,-0.1547048789,0.1959240534,-0.0721893630,-0.2242767668,-0.2789129920,0.9423908977,1.1348473737,0.0908327486,0.2011827232,0.1564604727
-0.0317676340,-0.0156555748,0.7946343100,-0.0880250310,-0.0204699233,-0.7309228633,0.6764498090,0.1369845217,0.1450605975,0.0143492572,0.2332998495,-0.1635459822,-0.0167395723,0.2008716565,0.0200643345,-0.0568862982,0.1397759501,-0.1323510278,0.0579775172,0.0154415071,0.0795092621,0.0101365904,-0.1672125672,0.0920787096,-0.9282130512,1.1752116915,-0.1366363239,0.1913575264,-0.0769263309,-0.2196730451,-0.2872020110,0.8941499004,1.1401375477,0.1267927213,0.1936131384,0.1319756245
-0.0309948413,-0.0158212195,0.7948251871,-0.0877667160,-0.0194607832,-0.7336503618,0.6735543245,0.1389636372,0.1459717525,0.0206479593,0.2295752972,-0.1629509187,-0.0165879518,0.1972600104,0.0208501108,-0.0514017690,0.1395351621,-0.1292104140,0.0576394062,0.0027877889,0.0818647391,0.0076533525,-0.1747543694,0.0858155701,-0.9435931376,1.1221272655,-0.1235824285,0.1866206378,-0.0815058296,-0.2283658698,-0.2919986754,0.7958357766,1.0870707640,0.1944749145,0.1766451611,0.0720108766
-0.0304177509,-0.0159694334,0.7950008524,-0.0876360649,-0.0185842051,-0.7363416962,0.6706530056,0.1413191837,0.1473565429,0.0276885539,0.2261199887,-0.1623889266,-0.0164061152,0.1939120962,0.0217678591,-0.0459390950,0.1396984550,-0.1263449124,0.0571533528,-0.0094260928,0.0845260190,0.0054160156,-0.1827166330,0.0803870312,-0.9600250060,1.0690654988,-0.1113964281,0.1811692159,-0.0865484677,-0.2337559051,-0.2963261618,0.6970580654,1.0328996125,0.2595255593,0.1563394039,0.0097550203
-0.0299531555,-0.0159705554,0.7951743204,-0.0875682922,-0.0177878565,-0.7389946824,0.6677591226,0.1437732001,0.1488747059,0.0346213088,0.2228031999,-0.1618416616,-0.0164052866,0.1906572452,0.0228164461,-0.0405670921,0.1400831442,-0.1235802549,0.0564989141,-0.0220204258,0.0875609391,0.0030732435,-0.1911599458,0.0755479922,-0.9764448987,1.0156089016,-0.0999114640,0.1760073015,-0.0921451200,-0.2370126681,-0.2991706465,0.5985323123,0.9776622728,0.3211775425,0.1334011209,-0.0537644800
-0.0286489490,-0.0168103558,0.7954800294,-0.0872119721,-0.0162614246,-0.7398109658,0.6669403068,0.1439552420,0.1493692198,0.0388226162,0.2201283500,-0.1613367820,-0.0152648326,0.1881747923,0.0230849907,-0.0375167837,0.1404622226,-0.1193131836,0.0590046836,-0.0293889027,0.0933495063,0.0012499940,-0.2008782350,0.0649449574,-0.9806408971,0.9505752493,-0.1078840216,0.1712129572,-0.0973722629,-0.2312673082,-0.2858315398,0.5343192303,0.8952315913,0.3622822440,0.1116954963,-0.1011464214
-0.0275612369,-0.0175771540,0.7958717712,-0.0866674062,-0.0148341396,-0.7405541688,0.6662193573,0.1438164690,0.1495552913,0.0425648956,0.2174087166,-0.1609376997,-0.0141886219,0.1855834933,0.0232205186,-0.0345583242,0.1406133646,-0.1154195128,0.0598144793,-0.0379847115,0.0993731208,-0.0010367397,-0.2102637023,0.0546342735,-0.9845548595,0.8851661943,-0.1168665755,0.1664656393,-0.1019516942,-0.2234499880,-0.2697453044,0.4723078870,0.8092355317,0.3991143013,0.0891586231,-0.1508404484
-0.0265823386,-0.0184041296,0.7961764614,-0.0861202179,-0.0134362114,-0.7412781890,0.6655144046,0.1437011823,0.1498484563,0.0462270576,0.2146710798,-0.1604909738,-0.0132753678,0.1829982925,0.0234680639,-0.0316792665,0.1408470335,-0.1115745730,0.0604667650,-0.0467789560,0.1059154562,-0.0034115132,-0.2197433162,0.0444479012,-0.9890234592,0.8201127526,-0.1266176305,0.1608810517,-0.1060350452,-0.2142457585,-0.2505141015,0.4119591907,0.7214490191,0.4313228303,0.0641288796,-0.2021010427
-0.0259918798,-0.0186780359,0.7965963376,-0.0858912718,-0.0118974786,-0.7421921019,0.6645540033,0.1448302628,0.1513853519,0.0483957380,0.2088923511,-0.1578569564,-0.0128701042,0.1798715955,0.0252509404,-0.0291478353,0.1410963037,-0.1057560234,0.0594380258,-0.0546081003,0.1110947242,-0.0068028555,-0.2309907342,0.0346894110,-0.9971045688,0.7537602138,-0.1332826642,0.1577930196,-0.1143891043,-0.2155357804,-0.2384263866,0.3641211233,0.6268431567,0.4413760360,0.0468824706,-0.2569685695
-0.0255247175,-0.0188603455,0.7970227568,-0.0857317496,-0.0104379269,-0.7430884653,0.6635967522,0.1461328429,0.1529901458,0.0504604973,0.2029703957,-0.1550546180,-0.0125983664,0.1768340159,0.0270981104,-0.0268993813,0.1413422359,-0.0999308575,0.0583706010,-0.0628810877,0.1169313977,-0.0097944077,-0.2428743618,0.0250802366,-1.0047404527,0.6870461590,-0.1402323409,0.1549657092,-0.1225510492,-0.2164294360,-0.2239492799,0.3174954703,0.5300620062,0.4457023721,0.0303262750,-0.3122967081
-0.0250176642,-0.0189937906,0.7975345211,-0.0856206022,-0.0090414737,-0.7439713849,0.6626416397,0.1475299868,0.1546423304,0.0524947782,0.1970984962,-0.1522281261,-0.0124056185,0.1739041612,0.0289957323,-0.0246892984,0.1416412217,-0.0941024985,0.0572384264,-0.0712303047,0.1231745169,-0.0126702438,-0.2552540864,0.0157515807,-1.0125288541,0.6200873656,-0.1476703762,0.1520967763,-0.1302326919,-0.2165211118,-0.2069009745,0.2722606349,0.4309482684,0.4446553302,0.0140839322,-0.3677280645
-0.0243661686,-0.0195382439,0.7981065203,-0.0853897461,-0.0074695969,-0.7438141382,0.6628675012,0.1491018004,0.1554180484,0.0508880492,0.1892098979,-0.1485718323,-0.0115531992,0.1718934334,0.0304822689,-0.0250611017,0.1419175689,-0.0878764928,0.0571291964,-0.0768696441,0.1271836409,-0.0177731068,-0.2652055091,0.0041856663,-1.0220584522,0.5651000197,-0.1577949046,0.1527434724,-0.1395182558,-0.2382093927,-0.1964554305,0.2397157319,0.3086456458,0.4197414021,0.0067597506,-0.4147101869
-0.0237140269,-0.0198948240,0.7985913734,-0.0852207818,-0.0059799049,-0.7435774593,0.6631698282,0.1507678035,0.1560127966,0.0491886649,0.1813042365,-0.1446297493,-0.0105162601,0.1699306543,0.0318064657,-0.0252219978,0.1422723930,-0.0815590557,0.0563029226,-0.0831401576,0.1316716029,-0.0220121602,-0.2766093830,-0.0083006868,-1.0307261961,0.5116471965,-0.1681275221,0.1527000381,-0.1485028814,-0.2599206784,-0.1848029090,0.2088592132,0.1829365534,0.3882619483,0.0049698830,-0.4593842766
-0.0229395681,-0.0203077759,0.7991605156,-0.0851157064,-0.0045492619,-0.7433274178,0.6634749209,0.1525381680,0.1565483437,0.0474882441,0.1734812760,-0.1407140122,-0.0094296413,0.1681193767,0.0330792932,-0.0253976847,0.1426377749,-0.0752276305,0.0555173213,-0.0894387314,0.1363248760,-0.0259562690,-0.2885014015,-0.0208292816,-1.0394222224,0.4584780960,-0.1786470792,0.1523212053,-0.1570263047,-0.2814395266,-0.1721323291,0.1799229476,0.0551616252,0.3520191586,0.0069707591,-0.5005635435
-0.0216299856,-0.0207523207,0.7996222086,-0.0852383910,-0.0030380151,-0.7428235728,0.6640318718,0.1537704333,0.1571507596,0.0474094178,0.1666618406,-0.1372532832,-0.0084331916,0.1667327097,0.0341672793,-0.0245656428,0.1426641009,-0.0685703829,0.0551702210,-0.0899253530,0.1388482132,-0.0297859464,-0.3036426122,-0.0320021353,-1.0470255603,0.4076870492,-0.1880586867,0.1526671891,-0.1589748579,-0.2954115163,-0.1621064471,0.1719642025,-0.0361305212,0.3167482685,0.0186479479,-0.5343179775
-0.0203000400,-0.0210991332,0.8001750744,-0.0852922256,-0.0014687193,-0.7423355697,0.6645757904,0.1546992694,0.1575752369,0.0475020503,0.1599359499,-0.1339403450,-0.0072909039,0.1652251263,0.0350911193,-0.0236048074,0.1424416314,-0.0618067832,0.0551648830,-0.0916315662,0.1416260266,-0.0342414463,-0.3180466134,-0.0433221229,-1.0535774140,0.3577716322,-0.1973666989,0.1520602398,-0.1599467704,-0.3121809015,-0.1528921904,0.1652959479,-0.1210894177,0.2824319224,0.0280790305,-0.5630721670
-0.0188197985,-0.0214119940,0.8006409807,-0.0853463511,0.0001084160,-0.7418403244,0.6651232380,0.1554933877,0.1579168308,0.0475862392,0.1533306340,-0.1306340556,-0.0060585036,0.1636581306,0.0359447270,-0.0226377675,0.1421919773,-0.0549633448,0.0552515599,-0.0936873838,0.1444058553,-0.0387131676,-0.3325235131,-0.0545718509,-1.0597764526,0.3080743317,-0.2065045588,0.1511074722,-0.1604751144,-0.3301432892,-0.1440724308,0.1589959537,-0.2037118260,0.2480485242,0.0371369563,-0.5880322156
-0.0180171187,-0.0217813637,0.8010842149,-0.0853419323,0.0012485243,-0.7415403568,0.6654570572,0.1582453930,0.1581801350,0.0465645549,0.1449110340,-0.1266066263,-0.0045163679,0.1626578443,0.0366589950,-0.0231386616,0.1419256451,-0.0499933229,0.0547856524,-0.0927751828,0.1460957804,-0.0434260175,-0.3463039733,-0.0620141208,-1.0693875738,0.2685711057,-0.2101106934,0.1526309809,-0.1613899901,-0.3532109240,-0.1410532109,0.1523473655,-0.2680991503,0.2157450447,0.0479311595,-0.6096762687
-0.0170487069,-0.0220647449,0.8014523917,-0.0854392615,0.0022270803,-0.7412597290,0.6657545996,0.1613149794,0.1581896009,0.0458688464,0.1362301791,-0.1224147465,-0.0028029869,0.1619168513,0.0372338761,-0.0232060984,0.1419548834,-0.0451349761,0.0544580066,-0.0916228287,0.1475497597,-0.0478126774,-0.3602739123,-0.0700806635,-1.0789390098,0.2306621921,-0.2129885913,0.1529550447,-0.1624912048,-0.3787704611,-0.1389433975,0.1442338791,-0.3272921951,0.1848109583,0.0563504253,-0.6277296477
-0.0161189035,-0.0223956546,0.8019075954,-0.0856000340,0.0031329658,-0.7409851241,0.6660359334,0.1645387975,0.1580885384,0.0452408597,0.1275680700,-0.1182104155,-0.0010176045,0.1612909509,0.0377194964,-0.0232094977,0.1420425586,-0.0402567444,0.0541995787,-0.0903976663,0.1489137637,-0.0519559403,-0.3745337716,-0.0783386876,-1.0882621262,0.1932752665,-0.2156780874,0.1528731222,-0.1636098488,-0.4052527853,-0.1373715036,0.1355145680,-0.3845116892,0.1543710422,0.0638256829,-0.6432132946
-0.0152054923,-0.0216773219,0.8024144949,-0.0843200535,0.0046427177,-0.7412002277,0.6659510465,0.1615394458,0.1571335309,0.0438951375,0.1222227836,-0.1106788221,-0.0004054732,0.1570123016,0.0371922968,-0.0236332363,0.1383025625,-0.0326739644,0.0528824905,-0.0912380513,0.1467206039,-0.0553264553,-0.3872551899,-0.0788887648,-1.0902570986,0.1720037416,-0.2190374707,0.1546567350,-0.1699383262,-0.4232484979,-0.1450039189,0.1414851693,-0.4072282818,0.1451982249,0.0726631865,-0.6307035116
-0.0143791300,-0.0215113967,0.8028900272,-0.0838323234,0.0052763543,-0.7415050508,0.6656685071,0.1602486673,0.1559960547,0.0432868002,0.1206274881,-0.1063000772,0.0002216829,0.1550674433,0.0364655637,-0.0233494909,0.1374120543,-0.0280291907,0.0517529165,-0.0915435122,0.1445970946,-0.0582438264,-0.3959687327,-0.0788438345,-1.0937367409,0.1484153070,-0.2206430468,0.1555514994,-0.1764713402,-0.4390879816,-0.1538159902,0.1477698507,-0.4288543002,0.1366493325,0.0798998330,-0.6166650724
-0.0134780437,-0.0214142274,0.8033350473,-0.0835673370,0.0057124538,-0.7418150346,0.6653527805,0.1594902342,0.1548981481,0.0427539379,0.1196728694,-0.1024881784,0.0008269065,0.1536305881,0.0357529798,-0.0229773364,0.1371177414,-0.0238999959,0.0506154596,-0.0916579707,0.1423646272,-0.0609533100,-0.4037694915,-0.0784574766,-1.0977875486,0.1240582575,-0.2216655454,0.1564353900,-0.1828415580,-0.4543663257,-0.1631214837,0.1539333679,-0.4499756696,0.1285004630,0.0863141075,-0.6021922669
-0.0126291083,-0.0214624864,0.8037405553,-0.0834625410,0.0060147957,-0.7422609513,0.6648657809,0.1590865000,0.1538951231,0.0430124692,0.1196769259,-0.0995444471,0.0014620775,0.1523923129,0.0348664880,-0.0210790822,0.1371642970,-0.0198158480,0.0512406751,-0.0936421988,0.1404306360,-0.0620459660,-0.4115664278,-0.0769634362,-1.0990995219,0.0998529651,-0.2219746906,0.1577206403,-0.1848574655,-0.4570273379,-0.1771375204,0.1616292940,-0.4842038437,0.1150636489,0.0888446889,-0.5874647265
-0.0117729083,-0.0217623267,0.8040688934,-0.0833091312,0.0063197995,-0.7426989943,0.6643928452,0.1588594337,0.1527695578,0.0433940576,0.1197689711,-0.0968517262,0.0020567098,0.1516402189,0.0341026838,-0.0190618088,0.1370723811,-0.0163123662,0.0519710716,-0.0954884087,0.1386991791,-0.0634778429,-0.4190187011,-0.0757024682,-1.1007256195,0.0757548681,-0.2223240548,0.1588165902,-0.1861995438,-0.4560230413,-0.1914527818,0.1701360498,-0.5220603452,0.1004556813,0.0913629005,-0.5722041870
-0.0109043054,-0.0220461143,0.8044796779,-0.0831344565,0.0066484815,-0.7431399847,0.6639182351,0.1586737905,0.1516297264,0.0438046913,0.1198460699,-0.0942515081,0.0026757841,0.1509528796,0.0333240807,-0.0170250106,0.1369080091,-0.0128686951,0.0527356373,-0.0971763119,0.1369364786,-0.0652305735,-0.4262596022,-0.0745107952,-1.1025708342,0.0517254400,-0.2226423136,0.1598636180,-0.1873993521,-0.4537582149,-0.2062226650,0.1786916338,-0.5610491582,0.0858909330,0.0941568883,-0.5565009598
-0.0105270062,-0.0220083744,0.8046747573,-0.0832841730,0.0066915324,-0.7437976432,0.6631621490,0.1594395548,0.1516890445,0.0449742563,0.1198958932,-0.0923473857,0.0021933076,0.1506803418,0.0333817177,-0.0149874392,0.1365351358,-0.0102149682,0.0524298267,-0.0961462487,0.1357304263,-0.0655655056,-0.4272576623,-0.0698976779,-1.1043766468,0.0442652596,-0.2223876586,0.1638970966,-0.1902447810,-0.4489322384,-0.2075848008,0.1880254576,-0.5800710217,0.0829899689,0.0969929540,-0.5505863476
-0.0101729606,-0.0219953476,0.8049734236,-0.0835940832,0.0067574544,-0.7444942606,0.6623402917,0.1604140204,0.1518999205,0.0460994310,0.1198024951,-0.0904932134,0.0016154126,0.1506693302,0.0337892210,-0.0130046636,0.1362924830,-0.0072089021,0.0519822178,-0.0956308929,0.1341033056,-0.0661986777,-0.4276980294,-0.0657871052,-1.1056622533,0.0396882947,-0.2214338397,0.1663075455,-0.1940758914,-0.4452237463,-0.2085628733,0.1975822062,-0.5959072773,0.0821102670,0.0979517187,-0.5459426191
-0.0097996306,-0.0220534736,0.8052715542,-0.0839300182,0.0068018706,-0.7451842837,0.6615208765,0.1614377981,0.1520840604,0.0472121188,0.1197081101,-0.0886218801,0.0010693845,0.1507267815,0.0341739476,-0.0110240171,0.1360143152,-0.0041647452,0.0515599272,-0.0953269245,0.1324662113,-0.0668068837,-0.4281497849,-0.0619505576,-1.1066366140,0.0360059206,-0.2202219682,0.1680053326,-0.1982946280,-0.4420768485,-0.2097460861,0.2072480333,-0.6105438706,0.0818194857,0.0980376917,-0.5415341742
-0.0099949723,-0.0222133686,0.8055127024,-0.0839342667,0.0067559098,-0.7460225763,0.6605752888,0.1625396259,0.1524876469,0.0484493180,0.1195994259,-0.0862327550,0.0006051752,0.1506122294,0.0344973728,-0.0101080268,0.1358141217,-0.0021574860,0.0512049688,-0.0957417335,0.1325441699,-0.0666613626,-0.4264140756,-0.0618441258,-1.1055859114,0.0181463155,-0.2221057725,0.1673054759,-0.2001323223,-0.4333869207,-0.2095010482,0.2205521516,-0.6171344621,0.0912339355,0.0997698502,-0.5283401262
-0.0102027601,-0.0224319628,0.8058379642,-0.0838938351,0.0067216361,-0.7468376521,0.6596591282,0.1635662283,0.1528287089,0.0495920647,0.1194393796,-0.0839337194,0.0002004400,0.1504640959,0.0349119005,-0.0088389156,0.1355694503,-0.0000697837,0.0508483128,-0.0965625979,0.1328986728,-0.0669995187,-0.4237817314,-0.0605402664,-1.1047147545,-0.0018001193,-0.2245301490,0.1672858781,-0.2009063906,-0.4245544474,-0.2096794186,0.2337628409,-0.6226390142,0.1018427498,0.1006299393,-0.5138077958
-0.0104125745,-0.0225687053,0.8060770603,-0.0838305062,0.0067088773,-0.7476521801,0.6587439980,0.1645225569,0.1531737974,0.0507220401,0.1192883647,-0.0816379407,-0.0002052794,0.1502615740,0.0353297043,-0.0075761817,0.1352986535,0.0020331821,0.0504907950,-0.0974454885,0.1331940910,-0.0674879788,-0.4209735711,-0.0588648513,-1.1038479626,-0.0227256916,-0.2270381793,0.1680477243,-0.2014446136,-0.4157932738,-0.2100476559,0.2471205565,-0.6280413836,0.1127182571,0.1015207609,-0.4995208019
-0.0105887768,-0.0224673159,0.8063647641,-0.0839847693,0.0068000906,-0.7481761057,0.6581282794,0.1650441968,0.1539226670,0.0518467286,0.1191473569,-0.0795630658,-0.0005906481,0.1499068274,0.0360294882,-0.0066919838,0.1352211108,0.0038703220,0.0501278437,-0.0980381201,0.1333665682,-0.0664523511,-0.4164021286,-0.0554930342,-1.1027700291,-0.0185154284,-0.2261034470,0.1732036150,-0.2029527331,-0.4048679874,-0.2038389141,0.2549369499,-0.6351316557,0.1190452788,0.1004029311,-0.5001516328
-0.0107407277,-0.0222909501,0.8065812488,-0.0841525128,0.0067722164,-0.7486934912,0.6575184773,0.1656105799,0.1545237140,0.0529626496,0.1190592023,-0.0771611270,-0.0007529880,0.1496337939,0.0366924235,-0.0053930053,0.1351224919,0.0062248879,0.0497501410,-0.0984234856,0.1329641637,-0.0654755962,-0.4124351393,-0.0541197978,-1.1013573764,-0.0101790975,-0.2241467046,0.1767560006,-0.2059207747,-0.3932223635,-0.1974281887,0.2630955440,-0.6433083806,0.1247919662,0.0997741085,-0.5026668214
-0.0107856921,-0.0221255089,0.8067970659,-0.0843190849,0.0067419139,-0.7492123515,0.6569061507,0.1662050621,0.1550857404,0.0540915216,0.1189425986,-0.0747598823,-0.0008829340,0.1493959459,0.0373158554,-0.0040761475,0.1349709713,0.0085937609,0.0494059562,-0.0986993987,0.1326161947,-0.0645052947,-0.4086386128,-0.0533962924,-1.0999136136,-0.0003112740,-0.2218989169,0.1791030094,-0.2092474384,-0.3812430394,-0.1911000616,0.2712291027,-0.6515837874,0.1303478679,0.0990491286,-0.5050829082
-0.0109670745,-0.0223178621,0.8069583187,-0.0841389425,0.0067302755,-0.7495063967,0.6565938646,0.1666500246,0.1549261564,0.0538071616,0.1186429449,-0.0744593123,-0.0013382066,0.1496313224,0.0373023768,-0.0032789964,0.1346411586,0.0091483758,0.0492821160,-0.0970755727,0.1328078339,-0.0637506535,-0.4067448219,-0.0543229028,-1.0969714956,0.0025238354,-0.2215206600,0.1794749255,-0.2091462111,-0.3705504994,-0.1797080962,0.2803613798,-0.6546401156,0.1378295964,0.0973583401,-0.5134830007
-0.0110427711,-0.0224744271,0.8070090254,-0.0840275994,0.0066844098,-0.7497483395,0.6563323157,0.1672028374,0.1549702523,0.0539181808,0.1185504937,-0.0733981219,-0.0016989859,0.1497547802,0.0374081982,-0.0023321045,0.1344862515,0.0102315057,0.0491280167,-0.0958154390,0.1330505785,-0.0628511041,-0.4049378869,-0.0546614707,-1.0940429904,0.0044563127,-0.2216937066,0.1802150978,-0.2083102641,-0.3603721396,-0.1684812651,0.2898671370,-0.6569718360,0.1456054146,0.0952242336,-0.5226083809
-0.0112068644,-0.0226279734,0.8071465263,-0.0839265583,0.0066318660,-0.7499886448,0.6560711728,0.1677909676,0.1550153587,0.0540282957,0.1184349325,-0.0723224058,-0.0020619893,0.1499060462,0.0375198780,-0.0013859120,0.1343271798,0.0113158549,0.0489745760,-0.0946421462,0.1333095883,-0.0618684284,-0.4031544073,-0.0548114510,-1.0910937220,0.0060684905,-0.2220084121,0.1811361242,-0.2072908490,-0.3502789555,-0.1573461225,0.2995599443,-0.6590428211,0.1534518590,0.0928981493,-0.5318360014
-0.0115441479,-0.0227731298,0.8073114312,-0.0841027790,0.0064042680,-0.7504240593,0.6555527737,0.1686301930,0.1551703453,0.0548747375,0.1182033971,-0.0716447373,-0.0034676899,0.1504196604,0.0377974885,-0.0008722417,0.1342614571,0.0105267311,0.0480502085,-0.0934521763,0.1350301325,-0.0616802054,-0.4001201217,-0.0560182452,-1.0905395983,0.0144430664,-0.2219064127,0.1830710335,-0.2075947439,-0.3500416680,-0.1394443914,0.3045933929,-0.6549796559,0.1621945386,0.0903277858,-0.5503087757
-0.0118446178,-0.0227074095,0.8075251300,-0.0843147823,0.0060025104,-0.7508211436,0.6550744979,0.1699002389,0.1554967003,0.0563340892,0.1181514579,-0.0700273207,-0.0044454975,0.1510008316,0.0381893823,0.0007189089,0.1344132639,0.0116361088,0.0472015433,-0.0923280316,0.1363775031,-0.0611545114,-0.3975749446,-0.0574940711,-1.0898134091,0.0238629971,-0.2215120142,0.1845038288,-0.2081724545,-0.3514967959,-0.1213491232,0.3091465556,-0.6486964584,0.1715232574,0.0870688655,-0.5694906685
-0.0122076944,-0.0226184358,0.8076510359,-0.0845730374,0.0055665433,-0.7512277435,0.6545787136,0.1713016136,0.1557996618,0.0578500210,0.1180469639,-0.0683692143,-0.0053887828,0.1517160242,0.0385615496,0.0023701374,0.1344564136,0.0128366436,0.0463838565,-0.0911909108,0.1376843184,-0.0604105649,-0.3952652634,-0.0591001894,-1.0888492705,0.0333771687,-0.2210315700,0.1860906399,-0.2089745483,-0.3533993485,-0.1033998206,0.3137640562,-0.6419062486,0.1811475160,0.0835744172,-0.5890812877
-0.0123658432,-0.0224728373,0.8077283892,-0.0847034315,0.0052438371,-0.7511799181,0.6546194021,0.1720975300,0.1556011321,0.0576070305,0.1178324173,-0.0675856527,-0.0059928118,0.1523184270,0.0382986875,0.0015984801,0.1345504712,0.0123326392,0.0459719949,-0.0898440411,0.1389390492,-0.0580267563,-0.3943074115,-0.0603326947,-1.0883813365,0.0410016562,-0.2192447181,0.1867709026,-0.2088961626,-0.3467509682,-0.0882835777,0.3152385778,-0.6310068513,0.1939873419,0.0791410514,-0.6079160231
-0.0125077548,-0.0224621387,0.8077985899,-0.0848005139,0.0048638956,-0.7510776303,0.6547271254,0.1728470109,0.1552904350,0.0571167330,0.1176721546,-0.0669519722,-0.0064552663,0.1529757492,0.0380243608,0.0012415348,0.1347712361,0.0121120042,0.0454953123,-0.0882211846,0.1400834070,-0.0559048920,-0.3930736904,-0.0616237481,-1.0885286586,0.0484431003,-0.2174270006,0.1873855522,-0.2086110104,-0.3394306212,-0.0737776604,0.3161463095,-0.6199042648,0.2075636979,0.0737713113,-0.6263188892
-0.0127278525,-0.0224705822,0.8078667182,-0.0848843086,0.0044966042,-0.7509801572,0.6548306943,0.1735743520,0.1549637430,0.0566460183,0.1175279115,-0.0663503878,-0.0069012611,0.1536205153,0.0377333780,0.0009060309,0.1349722600,0.0118840068,0.0450385966,-0.0864343485,0.1412386459,-0.0539056963,-0.3917508789,-0.0629648561,-1.0888888983,0.0558319284,-0.2156039901,0.1880053660,-0.2082390618,-0.3319207433,-0.0594711210,0.3168829916,-0.6086272726,0.2213153324,0.0680300856,-0.6444533899
-0.0138341856,-0.0233386534,0.8077034655,-0.0862520830,0.0027361894,-0.7513175834,0.6542743922,0.1793626017,0.1554732316,0.0573363253,0.1203798950,-0.0693404313,-0.0077977967,0.1584315519,0.0381219382,0.0009506933,0.1387886564,0.0077692945,0.0441660017,-0.0832637208,0.1420381443,-0.0498998333,-0.3797530313,-0.0621066874,-1.0865252518,0.0870761562,-0.2123933684,0.1864654037,-0.2052961590,-0.3113070829,-0.0347568364,0.3163719163,-0.5796733919,0.2522005360,0.0575874562,-0.6711655887
-0.0147382115,-0.0237281006,0.8076241775,-0.0864080447,0.0022128348,-0.7515705631,0.6539651686,0.1814472216,0.1560926445,0.0575041165,0.1200994709,-0.0695841660,-0.0089279910,0.1597582418,0.0387144659,0.0005815057,0.1393502583,0.0061175003,0.0431818949,-0.0807489550,0.1439487160,-0.0474953507,-0.3725165683,-0.0624295303,-1.0810359241,0.1213618264,-0.2112144526,0.1845685655,-0.2035757515,-0.2968314718,-0.0105307932,0.3128704155,-0.5446676476,0.2859007428,0.0458337824,-0.6935127986
-0.0155518989,-0.0239519257,0.8076411095,-0.0864159870,0.0018524713,-0.7518533872,0.6536400612,0.1828681110,0.1566516397,0.0577076825,0.1198710682,-0.0696684788,-0.0099344358,0.1605063229,0.0392566788,0.0002797572,0.1397284700,0.0047833640,0.0423120090,-0.0783526952,0.1460333593,-0.0453934813,-0.3660726460,-0.0630351898,-1.0748485855,0.1564636721,-0.2102846019,0.1824497637,-0.2020962951,-0.2836753315,0.0131691225,0.3083064623,-0.5071751432,0.3207246242,0.0329576591,-0.7137552283
-0.0159339276,-0.0243072079,0.8073607970,-0.0864336608,0.0014293150,-0.7514996044,0.6540455060,0.1840928623,0.1562591966,0.0568871791,0.1196414581,-0.0715084369,-0.0106390001,0.1620761042,0.0386780723,-0.0008552208,0.1402724712,0.0020506054,0.0417498444,-0.0749524147,0.1478088340,-0.0429202259,-0.3550588016,-0.0595906726,-1.0606711099,0.2194029677,-0.2097862688,0.1808227762,-0.1946726482,-0.2638458959,0.0332634777,0.3028029094,-0.4706410087,0.3527430121,0.0192037822,-0.7276682109
-0.0162065251,-0.0247245980,0.8071529161,-0.0864821117,0.0009451104,-0.7510973138,0.6545019300,0.1853675008,0.1556464746,0.0560097131,0.1195118037,-0.0734948054,-0.0111516560,0.1636562783,0.0379629373,-0.0020971353,0.1408419467,-0.0008360622,0.0413782115,-0.0719096524,0.1494769733,-0.0409465924,-0.3449929881,-0.0576318232,-1.0453966045,0.2864905295,-0.2088315369,0.1765908507,-0.1877716686,-0.2427918653,0.0530398609,0.2973797468,-0.4337765827,0.3847683031,0.0051834047,-0.7395989580
-0.0164040595,-0.0251347459,0.8068514650,-0.0865535861,0.0004512315,-0.7506937958,0.6549557986,0.1866467623,0.1549461506,0.0551558927,0.1194372448,-0.0755039112,-0.0115529207,0.1652593346,0.0371591071,-0.0033048884,0.1414186640,-0.0037015443,0.0411171800,-0.0689570070,0.1511437407,-0.0392016301,-0.3356100691,-0.0557706951,-1.0295508671,0.3547142007,-0.2076394536,0.1715105718,-0.1809991358,-0.2215066882,0.0721650886,0.2914846296,-0.3960706376,0.4171978500,-0.0089064913,-0.7499032420
-0.0168714113,-0.0255158120,0.8064531441,-0.0866602344,-0.0001139111,-0.7505366397,0.6551219301,0.1884054955,0.1547064819,0.0545705857,0.1195966373,-0.0784559538,-0.0118710357,0.1669224895,0.0369562924,-0.0035460733,0.1417896525,-0.0076546026,0.0411242954,-0.0710263197,0.1519612857,-0.0375179401,-0.3227223512,-0.0484648754,-1.0136438551,0.4252815647,-0.2033962246,0.1695257714,-0.1716138275,-0.1895112461,0.0749331806,0.2590139903,-0.2734237913,0.4603277210,-0.0114341660,-0.7696856599
-0.0171054663,-0.0256247314,0.8060539918,-0.0870554825,-0.0008743541,-0.7504110824,0.6552127790,0.1902517927,0.1541728340,0.0540624957,0.1201302726,-0.0811812680,-0.0117521777,0.1688062153,0.0363307846,-0.0037433324,0.1423005342,-0.0113471467,0.0414904855,-0.0734664338,0.1513838180,-0.0376262827,-0.3076857230,-0.0403424883,-0.9986133088,0.4961048346,-0.1986501136,0.1677276165,-0.1616428132,-0.1691887123,0.0702139808,0.2186567133,-0.1277037380,0.5122512007,-0.0197169033,-0.7774344522
-0.0169181401,-0.0254072908,0.8056731821,-0.0876515258,-0.0017491984,-0.7502984937,0.6552604983,0.1919764763,0.1533198212,0.0536603790,0.1208930127,-0.0835872263,-0.0111766564,0.1705990821,0.0354037396,-0.0037433384,0.1428409538,-0.0145157202,0.0422788759,-0.0759201243,0.1490943700,-0.0379804180,-0.2928079139,-0.0309191071,-0.9841952835,0.5673129045,-0.1937337499,0.1659601328,-0.1511575069,-0.1559871683,0.0573703279,0.1754148088,0.0318521197,0.5685196062,-0.0285032427,-0.7736115029
-0.0162066437,-0.0244536178,0.8052929136,-0.0883951940,-0.0025692795,-0.7502100306,0.6552591842,0.1923643236,0.1519721174,0.0529637821,0.1214602340,-0.0856764013,-0.0094741235,0.1712016776,0.0340436656,-0.0041366412,0.1431453256,-0.0163413890,0.0438402754,-0.0758511781,0.1431643667,-0.0363643180,-0.2784527318,-0.0247011139,-0.9800212201,0.6285013508,-0.1885165954,0.1639236605,-0.1451143493,-0.1586376366,0.0280719602,0.1612970374,0.1536383781,0.6007088247,-0.0331323341,-0.7318440701
-0.0153309084,-0.0235940057,0.8049187818,-0.0889972159,-0.0032519065,-0.7500118368,0.6554015299,0.1926008141,0.1504326834,0.0521656509,0.1219272430,-0.0882074104,-0.0075875482,0.1717299005,0.0324258212,-0.0042506437,0.1434513411,-0.0187076121,0.0455082494,-0.0757370521,0.1385759661,-0.0333659058,-0.2657027978,-0.0179958369,-0.9750407718,0.6864669766,-0.1834878060,0.1636640337,-0.1383528894,-0.1561289510,-0.0014223707,0.1537229334,0.2651179323,0.6243843633,-0.0320283929,-0.6878918631
-0.0144683290,-0.0227846950,0.8044441368,-0.0895591056,-0.0038916237,-0.7498044949,0.6555587246,0.1929152749,0.1488976262,0.0513496057,0.1223817279,-0.0909179102,-0.0057043344,0.1723612291,0.0308065807,-0.0044037260,0.1437301741,-0.0212610700,0.0471926606,-0.0756503637,0.1343111401,-0.0302650883,-0.2533093723,-0.0108695444,-0.9699780164,0.7432887496,-0.1786569111,0.1642893889,-0.1311094608,-0.1507051743,-0.0306761756,0.1511554551,0.3711037968,0.6429270214,-0.0273949845,-0.6444401672
-0.0135941924,-0.0222337720,0.8039841718,-0.0900164808,-0.0043982870,-0.7494024401,0.6559524914,0.1930716536,0.1476464550,0.0501217592,0.1227395961,-0.0939036754,-0.0032939362,0.1730331423,0.0294207526,-0.0052692694,0.1432563780,-0.0240306962,0.0513948745,-0.0721687833,0.1284417139,-0.0281428934,-0.2404319210,-0.0031019621,-0.9711104170,0.7944805714,-0.1738415093,0.1661960007,-0.1293598028,-0.1531479698,-0.0716815093,0.1739661324,0.4937687520,0.6473194547,-0.0050245203,-0.5780928797
-0.0126210012,-0.0216757073,0.8035013784,-0.0904812478,-0.0048457620,-0.7489966877,0.6563487063,0.1930330028,0.1463711412,0.0488877670,0.1231502961,-0.0973223958,-0.0008733475,0.1738607259,0.0276555675,-0.0062022997,0.1428632399,-0.0270882142,0.0557078718,-0.0699205375,0.1242432536,-0.0263181206,-0.2267636870,0.0049486082,-0.9706906102,0.8438492913,-0.1692224600,0.1686973808,-0.1277753875,-0.1589754833,-0.1119636067,0.2015930807,0.6195462377,0.6447439997,0.0175666244,-0.5056638047
-0.0116782858,-0.0210883386,0.8030089102,-0.0909646382,-0.0053145046,-0.7485751428,0.6567590473,0.1929535375,0.1451337884,0.0475787672,0.1237082088,-0.1007812714,0.0015077337,0.1746931797,0.0259257482,-0.0071976679,0.1425558266,-0.0301740759,0.0599726546,-0.0680490575,0.1209442834,-0.0242192811,-0.2133785800,0.0129709465,-0.9697003080,0.8921289932,-0.1646936389,0.1718976880,-0.1260182147,-0.1662756544,-0.1493761695,0.2347058056,0.7437685393,0.6348057145,0.0389085201,-0.4328362982
-0.0104918804,-0.0207310026,0.8027508707,-0.0915456806,-0.0058910988,-0.7481264234,0.6571845540,0.1936339074,0.1421771252,0.0458308296,0.1242004896,-0.1027618874,0.0035577418,0.1760633370,0.0240706938,-0.0076688642,0.1423428673,-0.0315799005,0.0626346489,-0.0626772089,0.1189527419,-0.0215182022,-0.2077400463,0.0171132129,-0.9814434407,0.9410534283,-0.1549178008,0.1758521888,-0.1265970991,-0.1779120013,-0.1606786521,0.2992496480,0.8414797258,0.6171565949,0.0657866345,-0.3446126671
-0.0095315203,-0.0203834883,0.8024196848,-0.0921153477,-0.0066151467,-0.7475962867,0.6577011439,0.1946307306,0.1400255678,0.0440178239,0.1244539882,-0.1048959348,0.0052774364,0.1778498299,0.0218733972,-0.0088505594,0.1422331085,-0.0334773347,0.0659319768,-0.0587944904,0.1163722658,-0.0183337773,-0.2026188461,0.0222085243,-0.9920657032,0.9896504754,-0.1452105451,0.1803381993,-0.1269786280,-0.1849887651,-0.1661634536,0.3680102267,0.9269864425,0.5919616867,0.0940330217,-0.2628598701
-0.0087083468,-0.0200449840,0.8021743466,-0.0927051271,-0.0074049820,-0.7470198738,0.6582645621,0.1958296820,0.1379810672,0.0420541402,0.1245869624,-0.1069880013,0.0068122601,0.1798204500,0.0197830519,-0.0102046155,0.1421886697,-0.0355034787,0.0690427772,-0.0555579032,0.1139282806,-0.0151134611,-0.1974422380,0.0276701951,-1.0025820263,1.0377785690,-0.1358077628,0.1849565419,-0.1270925805,-0.1891349984,-0.1678362092,0.4391581684,1.0054631886,0.5608108336,0.1217953059,-0.1855358182
-0.0085392257,-0.0197677547,0.8018542484,-0.0933679560,-0.0084832865,-0.7466133189,0.6586190178,0.1976479900,0.1371940559,0.0418561198,0.1250048152,-0.1070211278,0.0067940015,0.1821805590,0.0188469579,-0.0111287614,0.1424279152,-0.0372219024,0.0680729366,-0.0517376194,0.1121636582,-0.0138701796,-0.1899740712,0.0368900688,-1.0078907787,1.0792584934,-0.1261727918,0.1892651755,-0.1256500326,-0.2014423833,-0.1725414164,0.4827472351,1.0695721214,0.5415073281,0.1351980831,-0.1455842992
-0.0085398362,-0.0193731595,0.8016646216,-0.0941120183,-0.0095690785,-0.7462810362,0.6588747800,0.1996775757,0.1364051389,0.0409478631,0.1253404006,-0.1081026746,0.0069126187,0.1845822162,0.0177021780,-0.0127767172,0.1428063104,-0.0394993719,0.0701316021,-0.0462588039,0.1104988583,-0.0121329948,-0.1832861232,0.0466729733,-1.0150409351,1.1194571648,-0.1170562359,0.1943303862,-0.1238959633,-0.2131236539,-0.1751451786,0.5265516167,1.1302120825,0.5222850327,0.1488348814,-0.1106546838
-0.0085979226,-0.0189623077,0.8013876793,-0.0948730459,-0.0106915166,-0.7459504267,0.6591227181,0.2017813326,0.1356698605,0.0400410226,0.1256823501,-0.1091788651,0.0069506984,0.1870125427,0.0166173993,-0.0144324278,0.1432763255,-0.0418203635,0.0721047842,-0.0405576378,0.1089063177,-0.0103674704,-0.1768111992,0.0565409038,-1.0228519010,1.1587183313,-0.1084368850,0.2003800331,-0.1218922922,-0.2243914778,-0.1762678889,0.5711706447,1.1885474694,0.5022442610,0.1630096089,-0.0773418775
-0.0086544171,-0.0184091451,0.8011072877,-0.0954834740,-0.0118191906,-0.7451032162,0.6599730375,0.2031414814,0.1347232027,0.0380835243,0.1257595653,-0.1087761865,0.0076004466,0.1893273858,0.0162351390,-0.0151004129,0.1430875990,-0.0432850498,0.0687325926,-0.0324866600,0.1067977400,-0.0084165115,-0.1715783607,0.0644085840,-1.0177885315,1.1762757656,-0.1078161987,0.2022836992,-0.1182972623,-0.2345978981,-0.1778171374,0.6179831770,1.2439706038,0.4669372913,0.1778318083,-0.0398496769
-0.0088344857,-0.0179185761,0.8008418465,-0.0960813791,-0.0129623204,-0.7442629083,0.6608124319,0.2045110620,0.1338202657,0.0356553377,0.1258571704,-0.1090997418,0.0078419105,0.1918156656,0.0150745617,-0.0182190933,0.1432029690,-0.0457713054,0.0693283442,-0.0249242593,0.1049826042,-0.0063141214,-0.1659076706,0.0731404653,-1.0123460681,1.1917617345,-0.1076445437,0.2053588607,-0.1143869686,-0.2442679848,-0.1776448936,0.6657957716,1.2980805638,0.4296207071,0.1916681066,-0.0030313540
-0.0090018949,-0.0173444490,0.8006659295,-0.0966565123,-0.0141172411,-0.7434008411,0.6616747022,0.2058893723,0.1329702663,0.0331500105,0.1259219998,-0.1094018997,0.0079851322,0.1942857159,0.0139675917,-0.0214288753,0.1434230959,-0.0483499612,0.0698219188,-0.0174506512,0.1032705504,-0.0041914944,-0.1602189593,0.0820383172,-1.0069070004,1.2062814793,-0.1075899750,0.2093842779,-0.1104817314,-0.2532016767,-0.1759159795,0.7142969765,1.3505086949,0.3914336083,0.2052166736,0.0326117194
-0.0094118578,-0.0168775960,0.8005351490,-0.0967539572,-0.0153155526,-0.7396784899,0.6657926382,0.2046026199,0.1307915075,0.0255172402,0.1255100303,-0.1088901693,0.0081274570,0.1982733905,0.0118941069,-0.0293952824,0.1432549240,-0.0502130141,0.0702644642,-0.0084803267,0.1005693663,-0.0012093142,-0.1562315401,0.0921634393,-0.9904355227,1.2091577497,-0.1155054696,0.2090705630,-0.1035332379,-0.2527995135,-0.1668876500,0.7743606233,1.3374925291,0.3296042964,0.2084884192,0.0712727625
-0.0097855736,-0.0165513466,0.8004742803,-0.0967954834,-0.0164663357,-0.7358482182,0.6699902193,0.2033223194,0.1288135585,0.0184077079,0.1250272211,-0.1077414060,0.0079420050,0.2024170310,0.0097126026,-0.0376446564,0.1429966610,-0.0522532988,0.0708043539,-0.0000816573,0.0977839629,0.0011742351,-0.1513367205,0.1027220772,-0.9738071055,1.2114143030,-0.1235268535,0.2088925811,-0.0964786638,-0.2490469088,-0.1601641141,0.8353139290,1.3182613264,0.2676511131,0.2139348351,0.1082060958
-0.0100495660,-0.0161415991,0.8004100880,-0.0968410280,-0.0176223787,-0.7320120979,0.6741435720,0.2020491162,0.1268288161,0.0113557690,0.1246442995,-0.1066626213,0.0077907525,0.2065571177,0.0075243524,-0.0458352505,0.1428118593,-0.0543198668,0.0713805699,0.0083421261,0.0950624780,0.0032443592,-0.1460645317,0.1132462176,-0.9572175768,1.2136189093,-0.1315671201,0.2087017234,-0.0894742711,-0.2450446085,-0.1546881632,0.8966090089,1.2985627299,0.2058044980,0.2188495194,0.1459803746
-0.0102856424,-0.0159592041,0.8003151691,-0.0951885706,-0.0168770549,-0.7307050527,0.6758138996,0.1976449026,0.1249912534,0.0048217016,0.1224932669,-0.1050849624,0.0078682896,0.2044136731,0.0056841961,-0.0530282660,0.1403720694,-0.0548695820,0.0720465771,0.0151058837,0.0932161035,0.0009905327,-0.1413881417,0.1173895377,-0.9394430237,1.2121622831,-0.1418646939,0.2068743416,-0.0826555452,-0.2461349486,-0.1467341782,0.9342332381,1.2758720721,0.1684661719,0.2183850461,0.1658034574
-0.0104007270,-0.0159590004,0.8001873989,-0.0945558430,-0.0171450286,-0.7292947198,0.6774174874,0.1959378609,0.1230749779,-0.0013214699,0.1224620017,-0.1054936565,0.0078990022,0.2047231352,0.0035969009,-0.0599969981,0.1404666688,-0.0574554690,0.0728313127,0.0213067298,0.0913311318,0.0011866966,-0.1349968448,0.1222793450,-0.9216808920,1.2095354864,-0.1524882501,0.2042590249,-0.0752902553,-0.2456201555,-0.1415498033,0.9724895622,1.2498526728,0.1299955670,0.2178872484,0.1874222929
-0.0105871569,-0.0158517199,0.8000464845,-0.0940994594,-0.0175794230,-0.7278634650,0.6790073873,0.1947585681,0.1211357302,-0.0074356145,0.1224880982,-0.1059902840,0.0079541935,0.2055130555,0.0014801401,-0.0669444087,0.1407042962,-0.0601561075,0.0736460869,0.0273681083,0.0894705494,0.0017885631,-0.1284236509,0.1271774036,-0.9038334687,1.2067408138,-0.1631273628,0.2016286594,-0.0678764231,-0.2453896065,-0.1374449922,1.0110917478,1.2234368295,0.0917863006,0.2169113909,0.2097952302
-0.0107586178,-0.0156628048,0.7999023112,-0.0934171535,-0.0179909104,-0.7260182175,0.6810632206,0.1925827240,0.1187957412,-0.0143549834,0.1223992557,-0.1062857819,0.0078484953,0.2059049785,-0.0004977202,-0.0723655726,0.1409209614,-0.0628151340,0.0743606495,0.0327541756,0.0885187725,0.0025944886,-0.1237991984,0.1315351526,-0.8876365426,1.2051263073,-0.1724855130,0.1989332192,-0.0607668087,-0.2484765687,-0.1350029284,1.0283378786,1.1899694287,0.0731725376,0.2148209869,0.2237310694
-0.0109977792,-0.0153360862,0.7997598987,-0.0927287540,-0.0183541766,-0.7241930914,0.6830877460,0.1903363692,0.1167087846,-0.0205513853,0.1222882430,-0.1062641085,0.0074854383,0.2061458853,-0.0024717292,-0.0777383229,0.1411127903,-0.0653296579,0.0750737382,0.0390572364,0.0875121925,0.0033532545,-0.1197851371,0.1356770220,-0.8722796897,1.2039456184,-0.1818676849,0.1961969643,-0.0538831829,-0.2519003310,-0.1331444139,1.0450809641,1.1562966594,0.0557904757,0.2127611523,0.2373339339
-0.0111412242,-0.0150815164,0.7996175828,-0.0920503889,-0.0187194619,-0.7223741502,0.6850926177,0.1881069407,0.1146244190,-0.0267097809,0.1221913617,-0.1062363673,0.0071294369,0.2063774191,-0.0044467911,-0.0830742092,0.1413257985,-0.0678283053,0.0757890644,0.0454425237,0.0865059428,0.0040363629,-0.1157810132,0.1397514674,-0.8569766278,1.2028757562,-0.1912498793,0.1934082797,-0.0470606819,-0.2556728988,-0.1317507022,1.0619891577,1.1225507591,0.0388429542,0.2104880430,0.2512560214
-0.0117214035,-0.0146738175,0.7996291961,-0.0910297517,-0.0187265459,-0.7211811640,0.6864842529,0.1849612693,0.1132787493,-0.0306624742,0.1219204894,-0.1049085382,0.0067091471,0.2051967998,-0.0058193038,-0.0879458861,0.1411920573,-0.0697951211,0.0755837408,0.0494984524,0.0836466365,0.0052414035,-0.1124014416,0.1394515840,-0.8424957628,1.1917614132,-0.2005339459,0.1895371938,-0.0428465008,-0.2566857545,-0.1286086666,1.0481681465,1.0672778687,0.0520239700,0.2067001880,0.2632462989
-0.0122082369,-0.0143720162,0.7996610233,-0.0900024650,-0.0186170460,-0.7200126146,0.6878479459,0.1817949960,0.1121635063,-0.0346656071,0.1215768336,-0.1036132296,0.0063335934,0.2037616136,-0.0069612837,-0.0925104209,0.1411484188,-0.0712576321,0.0751607229,0.0548921406,0.0808246079,0.0062816826,-0.1091458341,0.1394227744,-0.8295704627,1.1796691338,-0.2099937428,0.1863693272,-0.0384695588,-0.2572812279,-0.1259981495,1.0341263801,1.0106287587,0.0671568655,0.2038655248,0.2739041802
-0.0126996177,-0.0140032765,0.7996940647,-0.0889501391,-0.0184789886,-0.7188560823,0.6891968751,0.1785939669,0.1110690137,-0.0386339186,0.1212289995,-0.1023408092,0.0059447946,0.2022832295,-0.0080867063,-0.0970418523,0.1410838118,-0.0727199368,0.0747311831,0.0605506885,0.0780042450,0.0072403667,-0.1058653932,0.1393341510,-0.8169462346,1.1673725176,-0.2195240909,0.1833071740,-0.0339708891,-0.2577381677,-0.1233108004,1.0206805948,0.9535872235,0.0830589621,0.2012713457,0.2835480691
-0.0136860158,-0.0136712162,0.7998586261,-0.0877356090,-0.0183639232,-0.7181383336,0.6901032988,0.1753347068,0.1103232823,-0.0417451689,0.1207489883,-0.0991417178,0.0047010004,0.2001534596,-0.0085393067,-0.0989268067,0.1409660200,-0.0733993157,0.0744784865,0.0659173711,0.0760884621,0.0078817026,-0.1027998429,0.1402444748,-0.8094574634,1.1676365367,-0.2265890133,0.1816703229,-0.0289071034,-0.2561993337,-0.1132089792,1.0054043962,0.8930283759,0.1081012877,0.1972100689,0.2900500986
-0.0146348357,-0.0133567558,0.8000150361,-0.0863900386,-0.0182714305,-0.7174688354,0.6909713354,0.1720763286,0.1095367249,-0.0445180706,0.1202092374,-0.0963688087,0.0033599789,0.1979284989,-0.0092738018,-0.1016278400,0.1408015016,-0.0746834362,0.0735349076,0.0718807842,0.0738360464,0.0083489653,-0.1002476717,0.1410358605,-0.8023562844,1.1690575909,-0.2335516266,0.1793592252,-0.0242501126,-0.2544254522,-0.1025236917,0.9910677314,0.8323787036,0.1343545401,0.1930986071,0.2945738993
-0.0156922547,-0.0129799392,0.8000838612,-0.0850156026,-0.0181591843,-0.7167998192,0.6918385726,0.1687972575,0.1087624965,-0.0472944539,0.1196633797,-0.0936226678,0.0019916208,0.1956547877,-0.0100016914,-0.1043266831,0.1406824135,-0.0760279036,0.0725643146,0.0780058626,0.0716042178,0.0087950190,-0.0978259819,0.1417758610,-0.7953639952,1.1706807837,-0.2404827721,0.1768502396,-0.0197259952,-0.2525103272,-0.0915001546,0.9778431906,0.7715065685,0.1612107021,0.1888661048,0.2974504170
-0.0161624659,-0.0135145615,0.8002077060,-0.0851973128,-0.0192330418,-0.7166167340,0.6919768526,0.1706465917,0.1076610457,-0.0494553077,0.1216474102,-0.0935165095,0.0004554783,0.1971234559,-0.0110708734,-0.1056811756,0.1440149545,-0.0790423622,0.0722558805,0.0827519568,0.0707403911,0.0113751880,-0.0994609904,0.1390742783,-0.7833792672,1.1582155699,-0.2531793743,0.1722264874,-0.0145409326,-0.2426938860,-0.0855629099,0.9584369485,0.6878487104,0.1953321311,0.1854426437,0.2947319520
-0.0166823336,-0.0138087176,0.8004658448,-0.0841166557,-0.0190321253,-0.7165393250,0.6921947429,0.1691262298,0.1068014123,-0.0515550871,0.1210983839,-0.0913497173,-0.0011940323,0.1955645081,-0.0117877127,-0.1072543456,0.1440830911,-0.0797459861,0.0716207448,0.0865353790,0.0701881087,0.0109016893,-0.1022324779,0.1352604301,-0.7697367648,1.1459532177,-0.2656442301,0.1689991498,-0.0092043102,-0.2360319925,-0.0760285038,0.9405336031,0.6100276069,0.2280259432,0.1799771136,0.2908941340
-0.0172442949,-0.0141283580,0.8006431150,-0.0829003652,-0.0186997524,-0.7164732487,0.6924188997,0.1672016625,0.1059984335,-0.0536937211,0.1205707628,-0.0891768361,-0.0029011322,0.1936458429,-0.0124390511,-0.1088507667,0.1440827294,-0.0804065202,0.0709206594,0.0902976937,0.0696816284,0.0100673392,-0.1049659318,0.1313164933,-0.7560572717,1.1336552799,-0.2780175309,0.1657280112,-0.0038436299,-0.2294432286,-0.0657348878,0.9242598974,0.5323439563,0.2604221128,0.1734090937,0.2850348857
-0.0181878601,-0.0144389873,0.8010215446,-0.0815323906,-0.0187572416,-0.7153268756,0.6937637178,0.1647543855,0.1047078345,-0.0561471082,0.1201923976,-0.0843838595,-0.0050461813,0.1928130331,-0.0141314825,-0.1134846764,0.1443555331,-0.0787879651,0.0699494993,0.0934398256,0.0676823391,0.0097156651,-0.1090718559,0.1316852998,-0.7588087963,1.1348450423,-0.2776076157,0.1641383908,-0.0005330582,-0.2250397055,-0.0576156679,0.9249066936,0.4407218031,0.2823386571,0.1696197031,0.2859865476
-0.0190049494,-0.0147916025,0.8014192042,-0.0801927062,-0.0187998109,-0.7141382208,0.6951419269,0.1624978846,0.1033712127,-0.0587606302,0.1196980619,-0.0801123440,-0.0070762618,0.1920708729,-0.0154431338,-0.1170487687,0.1444970102,-0.0785016021,0.0689819410,0.0965855830,0.0657489016,0.0092454775,-0.1134509620,0.1317046963,-0.7615587952,1.1368866005,-0.2768217013,0.1619972525,0.0022833898,-0.2203547099,-0.0509033416,0.9274519306,0.3464553874,0.3039112113,0.1664015626,0.2845983255
-0.0198141044,-0.0151589725,0.8018134709,-0.0788575466,-0.0188437603,-0.7129507464,0.6965110431,0.1602773176,0.1020211299,-0.0613684236,0.1192255590,-0.0758784842,-0.0090896387,0.1913520453,-0.0167677910,-0.1205975834,0.1446603968,-0.0782438517,0.0680253254,0.0997462662,0.0638843379,0.0087698156,-0.1178569532,0.1316066408,-0.7642902506,1.1390652539,-0.2760041099,0.1597518341,0.0050290735,-0.2161410574,-0.0451462785,0.9317131049,0.2510581906,0.3250992696,0.1627381507,0.2811164604
-0.0201399379,-0.0153283931,0.8022234093,-0.0777663310,-0.0191726652,-0.7120180641,0.6975780121,0.1587665086,0.0999349363,-0.0631909432,0.1189708728,-0.0710485102,-0.0105396159,0.1911310120,-0.0189354166,-0.1238887901,0.1448040010,-0.0774078635,0.0675797235,0.1036045802,0.0618478950,0.0058762898,-0.1244419445,0.1323191360,-0.7546805024,1.1300745921,-0.2825757304,0.1557715713,0.0108840610,-0.2207613181,-0.0415347682,0.9412281774,0.1570086074,0.3399461704,0.1599135560,0.2805030158
-0.0205376070,-0.0154531687,0.8025505219,-0.0767182474,-0.0195647192,-0.7110626720,0.6986568605,0.1573662307,0.0978276638,-0.0650504094,0.1187397120,-0.0663837137,-0.0119323043,0.1910030972,-0.0211073776,-0.1269939816,0.1449785856,-0.0767150632,0.0671536773,0.1066083419,0.0597570220,0.0033938073,-0.1308671525,0.1331896188,-0.7443981238,1.1204399632,-0.2892552442,0.1521813654,0.0171344358,-0.2269298173,-0.0388596199,0.9522135139,0.0627085765,0.3541237416,0.1565993253,0.2787802717
-0.0209200627,-0.0156472119,0.8029638166,-0.0757005847,-0.0199841806,-0.7100997980,0.6997344717,0.1560313620,0.0956914215,-0.0669313011,0.1185301789,-0.0617112988,-0.0132947341,0.1909463969,-0.0233046070,-0.1301025981,0.1451640186,-0.0760078985,0.0667485360,0.1093723558,0.0576509618,0.0009795422,-0.1371915064,0.1340582426,-0.7339418801,1.1103993800,-0.2959031513,0.1490264868,0.0235902663,-0.2343277739,-0.0373196312,0.9638264419,-0.0322488532,0.3675218231,0.1531161710,0.2761484152
-0.0213217074,-0.0159229492,0.8034945044,-0.0755603367,-0.0198864974,-0.7098858187,0.6999694902,0.1561519568,0.0961534885,-0.0675265943,0.1181264592,-0.0575099926,-0.0146002185,0.1906184838,-0.0223023127,-0.1288750431,0.1458351542,-0.0719535923,0.0638308113,0.1105693442,0.0580134016,-0.0013635945,-0.1409751371,0.1345362430,-0.7364671821,1.1086553491,-0.2943037182,0.1477808073,0.0265731155,-0.2492364421,-0.0340255931,0.9772385607,-0.1066673058,0.3759224070,0.1522967025,0.2680883868
-0.0219351917,-0.0161007157,0.8040149104,-0.0751711525,-0.0200658403,-0.7097989799,0.7000943279,0.1561885664,0.0960486294,-0.0677383383,0.1179348539,-0.0533936773,-0.0159609221,0.1906188326,-0.0222097540,-0.1289530306,0.1459188479,-0.0695366068,0.0609300582,0.1124032375,0.0575530275,-0.0035862107,-0.1452264803,0.1351024008,-0.7391684839,1.1074403921,-0.2924445798,0.1462771410,0.0291622110,-0.2657324419,-0.0300052243,0.9897335209,-0.1786237587,0.3833385811,0.1502194866,0.2604277673
-0.0224639711,-0.0163326403,0.8044473350,-0.0748033308,-0.0202830515,-0.7097069527,0.7002207515,0.1562705650,0.0959122513,-0.0679691617,0.1177566950,-0.0492436032,-0.0173123663,0.1906242810,-0.0221499961,-0.1290345094,0.1461024741,-0.0671420597,0.0580239196,0.1142164528,0.0569889367,-0.0057326551,-0.1495791120,0.1357191878,-0.7418696968,1.1063714753,-0.2905811884,0.1447104882,0.0316671639,-0.2831809630,-0.0263081376,1.0019881312,-0.2501443924,0.3900098043,0.1476235836,0.2526837630
-0.0227402305,-0.0162951389,0.8050541603,-0.0732125897,-0.0187563808,-0.7097360839,0.7004018890,0.1524784656,0.0964813761,-0.0679707331,0.1146241798,-0.0423199375,-0.0185915674,0.1870063816,-0.0215252229,-0.1281779345,0.1426923889,-0.0614151609,0.0572285041,0.1166114250,0.0574883769,-0.0102886278,-0.1552609271,0.1365829597,-0.7466787357,1.1129368022,-0.2880600895,0.1469398422,0.0314585487,-0.2996452033,-0.0206231599,1.0080447683,-0.2810314912,0.4017875138,0.1480556192,0.2535449561
-0.0230440298,-0.0166744736,0.8056015925,-0.0725216799,-0.0184553244,-0.7097198877,0.7004981712,0.1515324902,0.0963136138,-0.0676449201,0.1143385143,-0.0381621771,-0.0196884260,0.1861443249,-0.0214613750,-0.1270689026,0.1423034044,-0.0583985781,0.0563193378,0.1183116734,0.0571337890,-0.0133754713,-0.1584851886,0.1384111561,-0.7514522376,1.1199624587,-0.2852344318,0.1478878655,0.0307415307,-0.3127692472,-0.0146892242,1.0158692942,-0.3127904986,0.4122242754,0.1467745661,0.2549130439
-0.0234361225,-0.0170980686,0.8060381928,-0.0720478829,-0.0184284464,-0.7096623054,0.7006060999,0.1513669208,0.0960316927,-0.0673561261,0.1142496284,-0.0342819317,-0.0207472145,0.1859643336,-0.0215312299,-0.1259956217,0.1423725805,-0.0558183404,0.0554642915,0.1196767352,0.0566815628,-0.0158814543,-0.1612999849,0.1404602597,-0.7560832848,1.1268936401,-0.2823206972,0.1484704736,0.0299719144,-0.3256391695,-0.0089538412,1.0243125549,-0.3448667180,0.4221082371,0.1450501817,0.2561122926
-0.0231554816,-0.0173061786,0.8064488506,-0.0716067543,-0.0185670298,-0.7091565312,0.7011595770,0.1511957314,0.0950515165,-0.0671514354,0.1142617679,-0.0305216949,-0.0219015355,0.1862218521,-0.0227407181,-0.1254921092,0.1425531905,-0.0531005422,0.0557028517,0.1219196654,0.0568508944,-0.0174345396,-0.1617736053,0.1431610941,-0.7591680251,1.1324844449,-0.2794558155,0.1493101311,0.0283849131,-0.3355804807,-0.0040840202,1.0309942951,-0.3716492565,0.4294589707,0.1443615298,0.2533258281
-0.0229657482,-0.0176364190,0.8069514326,-0.0712358427,-0.0187251548,-0.7086045867,0.7017509266,0.1510837507,0.0940298983,-0.0668934810,0.1142153221,-0.0267890895,-0.0230659908,0.1866070376,-0.0238885881,-0.1252778618,0.1427122734,-0.0505099525,0.0558931377,0.1241035912,0.0571042214,-0.0190955630,-0.1617999091,0.1460002080,-0.7623988607,1.1376313438,-0.2764501349,0.1502715684,0.0267480242,-0.3455459368,0.0011041982,1.0377207394,-0.3977290134,0.4362871641,0.1433180876,0.2504378936
-0.0226950902,-0.0178846122,0.8073671877,-0.0708671144,-0.0188845007,-0.7080496829,0.7023438433,0.1509945606,0.0930117148,-0.0666563706,0.1141544338,-0.0230563962,-0.0242352196,0.1870179111,-0.0250246343,-0.1250804972,0.1428582210,-0.0479259203,0.0560823580,0.1262414803,0.0573287965,-0.0207905760,-0.1617008093,0.1489172726,-0.7656339205,1.1426152417,-0.2734295416,0.1512984800,0.0251551216,-0.3556485260,0.0063088870,1.0444955830,-0.4236455168,0.4429263140,0.1420586501,0.2475190722
-0.0223925664,-0.0180505773,0.8077745322,-0.0705762572,-0.0189145289,-0.7075452485,0.7028804691,0.1502738233,0.0912095654,-0.0670035668,0.1140624669,-0.0198107143,-0.0243303052,0.1871384210,-0.0260301704,-0.1251583318,0.1429776308,-0.0451237780,0.0559374074,0.1267420112,0.0572170297,-0.0208829675,-0.1593841714,0.1511432217,-0.7684663024,1.1480636635,-0.2711995860,0.1524401446,0.0232205322,-0.3569652556,0.0050927329,1.0451954714,-0.4291629133,0.4470620778,0.1460425217,0.2448158050
-0.0220751439,-0.0182372020,0.8081852767,-0.0702484232,-0.0189160661,-0.7070146361,0.7034469744,0.1497050359,0.0900139553,-0.0676534346,0.1139825782,-0.0167322574,-0.0245354048,0.1872084625,-0.0270503108,-0.1254138169,0.1430092923,-0.0427563652,0.0558134086,0.1275053156,0.0575104557,-0.0215314196,-0.1565295366,0.1528801312,-0.7719223344,1.1534043563,-0.2690228448,0.1536870543,0.0212724198,-0.3582654458,0.0054583387,1.0446052558,-0.4306039985,0.4505244175,0.1486744304,0.2446999338
-0.0217867785,-0.0184259658,0.8085101012,-0.0699114774,-0.0188987671,-0.7064878412,0.7040100512,0.1490933876,0.0888763839,-0.0683135839,0.1139137060,-0.0136629436,-0.0247876240,0.1872310814,-0.0280142776,-0.1256772611,0.1430531074,-0.0403960695,0.0556422008,0.1283692901,0.0578044719,-0.0223410993,-0.1535704538,0.1546246801,-0.7755499983,1.1586931661,-0.2668925978,0.1549634869,0.0193708580,-0.3596646136,0.0065384108,1.0435297259,-0.4305065332,0.4537427836,0.1505818460,0.2456425919
-0.0218368482,-0.0187169380,0.8088269120,-0.0695673215,-0.0188949553,-0.7062040115,0.7043289448,0.1488423416,0.0883652569,-0.0684092743,0.1138928189,-0.0107081005,-0.0248489750,0.1873298961,-0.0285466764,-0.1260545128,0.1431850192,-0.0383061348,0.0553481085,0.1280963556,0.0582024865,-0.0229287449,-0.1483887720,0.1555687905,-0.7798957521,1.1657932166,-0.2650597991,0.1570125667,0.0166383418,-0.3626228794,0.0071299874,1.0453689309,-0.4330664905,0.4552416702,0.1520233132,0.2479650061
-0.0218516716,-0.0190166300,0.8092139105,-0.0693231840,-0.0188566272,-0.7059207548,0.7046379295,0.1487366475,0.0879902087,-0.0687185022,0.1138235062,-0.0082190951,-0.0249737441,0.1874398948,-0.0289938218,-0.1264199177,0.1433407259,-0.0361887211,0.0550920579,0.1275093208,0.0588826534,-0.0235226275,-0.1430874298,0.1564718816,-0.7839541971,1.1729092040,-0.2632345278,0.1590243946,0.0139006492,-0.3653406394,0.0073636006,1.0477865021,-0.4363079596,0.4564284268,0.1536055950,0.2501205973
-0.0218594925,-0.0193202407,0.8095131323,-0.0690895872,-0.0188182272,-0.7056341755,0.7049488730,0.1486437194,0.0876202438,-0.0690374350,0.1137802635,-0.0057537132,-0.0250876143,0.1875881143,-0.0294331485,-0.1267947866,0.1434689752,-0.0340630464,0.0548454009,0.1268278328,0.0596190655,-0.0241036289,-0.1377456663,0.1573607237,-0.7879181433,1.1800206498,-0.2613849108,0.1610202224,0.0111735696,-0.3679761593,0.0074627885,1.0504002554,-0.4398059114,0.4575571295,0.1552742534,0.2521455773
-0.0216393962,-0.0195739165,0.8097346939,-0.0688790276,-0.0187436903,-0.7057931566,0.7048122968,0.1485881289,0.0869786247,-0.0688251623,0.1137104742,-0.0041778092,-0.0249859021,0.1875161262,-0.0295167116,-0.1262261773,0.1434152826,-0.0332603762,0.0549602330,0.1261981853,0.0603694131,-0.0240213635,-0.1329390306,0.1579615917,-0.7907263395,1.1849434823,-0.2597444907,0.1624573956,0.0088864194,-0.3683719806,0.0080491748,1.0499162772,-0.4395689568,0.4578435112,0.1571422871,0.2494586973
-0.0215430641,-0.0198264109,0.8098592673,-0.0686659515,-0.0187030570,-0.7058607309,0.7047664942,0.1485658981,0.0864241942,-0.0684532727,0.1136969344,-0.0026580156,-0.0249154015,0.1874603111,-0.0299943063,-0.1256774179,0.1434280098,-0.0323592605,0.0550142158,0.1258250137,0.0610711813,-0.0239085901,-0.1280099556,0.1586757835,-0.7937000387,1.1894854597,-0.2581115950,0.1640738725,0.0067265150,-0.3690895369,0.0092548085,1.0491555218,-0.4382805093,0.4580755648,0.1586269485,0.2466728859
-0.0213686850,-0.0200774458,0.8100711560,-0.0684559975,-0.0186711432,-0.7059287272,0.7047196584,0.1485603382,0.0858730863,-0.0680831983,0.1136863679,-0.0011421858,-0.0248532209,0.1874133645,-0.0304705093,-0.1251281646,0.1434613345,-0.0314715471,0.0550551343,0.1254691932,0.0617325948,-0.0237776488,-0.1230462335,0.1594632893,-0.7967261834,1.1939009198,-0.2565008431,0.1657719757,0.0046156532,-0.3699026539,0.0106538897,1.0482845388,-0.4366547406,0.4582971838,0.1599594221,0.2439954142
-0.0213035943,-0.0201993696,0.8102348392,-0.0683168583,-0.0185865526,-0.7058090513,0.7048552546,0.1485656322,0.0858025109,-0.0673007743,0.1135651037,0.0001122186,-0.0249072271,0.1872876271,-0.0305297945,-0.1253636336,0.1437326378,-0.0297976590,0.0548602041,0.1253049516,0.0620828324,-0.0239027197,-0.1184434423,0.1605443846,-0.7985257905,1.1988755020,-0.2555162028,0.1673932829,0.0035763650,-0.3732184166,0.0103610351,1.0485912764,-0.4399498037,0.4558733986,0.1609264692,0.2422585327
-0.0212049394,-0.0203046176,0.8103926286,-0.0682736490,-0.0184870180,-0.7058149464,0.7048561559,0.1485096859,0.0856875826,-0.0665069456,0.1135060829,0.0014042233,-0.0249087957,0.1871821261,-0.0305971124,-0.1257850979,0.1439126417,-0.0286058285,0.0546929657,0.1251097539,0.0624190394,-0.0237727269,-0.1140254815,0.1615053127,-0.8001830054,1.2039896611,-0.2545974537,0.1689340161,0.0026541814,-0.3764266404,0.0096720243,1.0494119477,-0.4447167659,0.4531773498,0.1623546059,0.2400395889
-0.0210957966,-0.0204094458,0.8106368778,-0.0682400150,-0.0183966908,-0.7058200783,0.7048566374,0.1484797962,0.0855582784,-0.0657051508,0.1134571565,0.0026854730,-0.0248940413,0.1870962342,-0.0306789034,-0.1262017166,0.1441116380,-0.0274275862,0.0545452918,0.1248820272,0.0627780375,-0.0235837612,-0.1096472818,0.1624279030,-0.8018044369,1.2091457736,-0.2536867348,0.1704504365,0.0017512834,-0.3795642142,0.0087467138,1.0503832879,-0.4499728195,0.4504612741,0.1640256817,0.2375500702
-0.0206962267,-0.0203876617,0.8106767487,-0.0681713393,-0.0185925741,-0.7056115845,0.7050668596,0.1484875986,0.0847477343,-0.0652268002,0.1135600518,0.0038384987,-0.0243012319,0.1872528276,-0.0317027046,-0.1254254710,0.1441757837,-0.0262435678,0.0547899464,0.1246344936,0.0633812714,-0.0232704236,-0.1066544741,0.1621979127,-0.8034285389,1.2116769268,-0.2528206409,0.1711199499,0.0008132960,-0.3806903147,0.0086667389,1.0487415200,-0.4461478730,0.4468518248,0.1662112115,0.2310861773
-0.0203271694,-0.0203741272,0.8107863830,-0.0681432681,-0.0187753410,-0.7054200242,0.7052563868,0.1485222287,0.0837398444,-0.0645127763,0.1136246446,0.0051379836,-0.0237753984,0.1875274917,-0.0324747408,-0.1245279021,0.1442130069,-0.0255859746,0.0549277726,0.1245085637,0.0640598398,-0.0228934467,-0.1035278160,0.1619239101,-0.8052999618,1.2140340036,-0.2519974061,0.1718920214,-0.0000581188,-0.3822944938,0.0096727715,1.0465518794,-0.4402565160,0.4430867693,0.1676164365,0.2250797260
-0.0199735703,-0.0202616005,0.8108958954,-0.0681337928,-0.0189759193,-0.7052315913,0.7054403614,0.1486080402,0.0827554236,-0.0637887358,0.1136720700,0.0064495490,-0.0232682572,0.1878210790,-0.0332260493,-0.1236220856,0.1442920109,-0.0249436613,0.0550424866,0.1244086019,0.0646928107,-0.0224870112,-0.1003262830,0.1617527839,-0.8072378013,1.2165888218,-0.2512006470,0.1723521473,-0.0009554730,-0.3841223731,0.0109827988,1.0443994480,-0.4334826494,0.4392921448,0.1682989743,0.2191211637
-0.0199414133,-0.0203469259,0.8109963563,-0.0680834237,-0.0189412660,-0.7053083920,0.7053693699,0.1484343201,0.0829773200,-0.0630435868,0.1135276807,0.0066780792,-0.0233084844,0.1877620586,-0.0332853219,-0.1236744838,0.1443808513,-0.0243643782,0.0546808384,0.1243191066,0.0646675201,-0.0214425650,-0.0979449285,0.1618072401,-0.8091568822,1.2178654030,-0.2496889291,0.1729218208,-0.0012140391,-0.3826762547,0.0103138942,1.0468058537,-0.4323997459,0.4387052284,0.1684918924,0.2178084297
-0.0199695674,-0.0204640060,0.8110807141,-0.0680202681,-0.0188550422,-0.7053674415,0.7053187244,0.1481443175,0.0829100785,-0.0619630448,0.1135149134,0.0074366046,-0.0230024466,0.1876628177,-0.0332619978,-0.1237477313,0.1444120982,-0.0238814840,0.0543488886,0.1239406463,0.0647992261,-0.0205313800,-0.0951479753,0.1619745997,-0.8108457500,1.2188312012,-0.2480765181,0.1736662403,-0.0013249412,-0.3805404522,0.0086572111,1.0498663080,-0.4329088897,0.4382606805,0.1689861912,0.2164427564
-0.0198936884,-0.0205067656,0.8110775734,-0.0679353863,-0.0187481404,-0.7054266916,0.7052704966,0.1478191948,0.0828153255,-0.0608792193,0.1134807700,0.0081966411,-0.0226682552,0.1875231552,-0.0332620946,-0.1238174992,0.1444258197,-0.0233983775,0.0540423680,0.1235020613,0.0649654743,-0.0197175182,-0.0922160876,0.1621280998,-0.8124800501,1.2196576393,-0.2464312841,0.1744832758,-0.0013772332,-0.3782070289,0.0066886844,1.0531599706,-0.4339663501,0.4378341151,0.1696687954,0.2148632557
-0.0199864203,-0.0206286428,0.8111643572,-0.0679087919,-0.0188441693,-0.7052553066,0.7054418798,0.1486928630,0.0832488157,-0.0614532586,0.1134910371,0.0078476656,-0.0229782451,0.1876960946,-0.0332863821,-0.1234961551,0.1444511301,-0.0235309860,0.0538459664,0.1230419946,0.0654395539,-0.0206192441,-0.0926331548,0.1631090108,-0.8129650227,1.2195879723,-0.2450882804,0.1746896357,-0.0005908288,-0.3785990552,0.0049712097,1.0532195754,-0.4319949245,0.4343867919,0.1712034593,0.2121858141
-0.0202112955,-0.0207274000,0.8111560827,-0.0680135920,-0.0189601740,-0.7050996833,0.7055842258,0.1491694618,0.0835382485,-0.0607902348,0.1135810612,0.0082475079,-0.0230646716,0.1881779524,-0.0330658708,-0.1236212228,0.1445875261,-0.0235336659,0.0534727890,0.1226921087,0.0659803465,-0.0210136794,-0.0935063277,0.1640900472,-0.8135691400,1.2198616412,-0.2437953187,0.1748336047,0.0001210866,-0.3794576665,0.0038327933,1.0527597541,-0.4292323376,0.4306908975,0.1727099713,0.2097728491
-0.0203576883,-0.0208121441,0.8111481270,-0.0681421608,-0.0191002636,-0.7049475630,0.7057200290,0.1497141396,0.0838434978,-0.0601091815,0.1136493667,0.0086644424,-0.0231641745,0.1887119645,-0.0328301762,-0.1237326434,0.1447197564,-0.0235199487,0.0530820846,0.1224026565,0.0665041014,-0.0212772643,-0.0945335180,0.1650631106,-0.8142004115,1.2202577081,-0.2425170992,0.1749335261,0.0007828231,-0.3804711794,0.0028654737,1.0521401721,-0.4261565093,0.4269569536,0.1741261697,0.2075170371
-0.0203213837,-0.0207558313,0.8112328200,-0.0681641168,-0.0192541142,-0.7049233964,0.7057378674,0.1496247782,0.0839314022,-0.0588461657,0.1136273222,0.0084933242,-0.0233121138,0.1893148784,-0.0326031961,-0.1230343389,0.1446600081,-0.0238181923,0.0525153879,0.1220869710,0.0667595681,-0.0204170904,-0.0953870525,0.1654879402,-0.8127083698,1.2198066871,-0.2423419112,0.1745102565,0.0016401155,-0.3758434045,-0.0012448031,1.0498255850,-0.4158238720,0.4250488731,0.1759447327,0.2069455711
-0.0203515619,-0.0207936546,0.8112181098,-0.0682070003,-0.0193629419,-0.7048510941,0.7058029588,0.1498345170,0.0841598842,-0.0568812044,0.1136807491,0.0087012657,-0.0236369540,0.1897392481,-0.0323344217,-0.1224197818,0.1445992284,-0.0241172553,0.0519683605,0.1218376155,0.0673445217,-0.0197544600,-0.0961573147,0.1658319478,-0.8112165626,1.2192383956,-0.2422325996,0.1741120312,0.0025543376,-0.3712384600,-0.0046868351,1.0472745668,-0.4040224453,0.4230480366,0.1768552875,0.2074985430
-0.0203032193,-0.0207435942,0.8112039383,-0.0682514150,-0.0194680962,-0.7047851072,0.7058616651,0.1500619343,0.0844150033,-0.0549014696,0.1137005919,0.0089246133,-0.0239774840,0.1901480117,-0.0320380048,-0.1217874681,0.1445520449,-0.0244178718,0.0514087558,0.1215963836,0.0679443851,-0.0191247152,-0.0968833093,0.1661784138,-0.8097244601,1.2186516114,-0.2421352402,0.1737251888,0.0034803253,-0.3666949769,-0.0078924998,1.0446078435,-0.3916655924,0.4209224127,0.1774193051,0.2084152650
-0.0199544431,-0.0207858120,0.8111417920,-0.0685310775,-0.0193531899,-0.7049701027,0.7056529598,0.1503039481,0.0838758712,-0.0558707526,0.1136519349,0.0069660313,-0.0230191115,0.1898823409,-0.0333852404,-0.1229013509,0.1446055581,-0.0243660153,0.0522925900,0.1204233401,0.0682337628,-0.0188720757,-0.0968346346,0.1654730387,-0.8075498721,1.2179948282,-0.2424888687,0.1732661798,0.0047307023,-0.3612948067,-0.0129517717,1.0337207412,-0.3514031306,0.4148400592,0.1818380789,0.2059441119
-0.0196728378,-0.0207090408,0.8110654543,-0.0687128372,-0.0193904762,-0.7049837889,0.7056205870,0.1504744065,0.0837313234,-0.0540189302,0.1137692538,0.0055781519,-0.0228719585,0.1899723565,-0.0339602354,-0.1228284061,0.1446915431,-0.0252566931,0.0520012108,0.1192937110,0.0688005979,-0.0185147028,-0.0967240396,0.1645310247,-0.8057818312,1.2174143620,-0.2429517192,0.1728785063,0.0060862880,-0.3573377424,-0.0154238883,1.0211612867,-0.3052488476,0.4078236673,0.1839819110,0.2058002182
-0.0195194566,-0.0206067590,0.8109888568,-0.0689386102,-0.0194581893,-0.7050285771,0.7055519487,0.1507551979,0.0836839606,-0.0520923490,0.1138766879,0.0041997837,-0.0227991343,0.1900916256,-0.0344479769,-0.1226785829,0.1448480345,-0.0261557608,0.0516332288,0.1182552624,0.0693257126,-0.0180879669,-0.0966401546,0.1636738253,-0.8040585612,1.2168665722,-0.2434676107,0.1724942795,0.0074452072,-0.3542219965,-0.0171695017,1.0080844121,-0.2571360988,0.4002208079,0.1849164052,0.2065177355
-0.0193908183,-0.0208540305,0.8106406796,-0.0703564624,-0.0215828136,-0.7048844145,0.7054942328,0.1556198329,0.0828137185,-0.0530207661,0.1170975532,0.0021822699,-0.0224697349,0.1948446983,-0.0347775101,-0.1221921571,0.1488269767,-0.0289161713,0.0529923471,0.1154508286,0.0689364066,-0.0145194253,-0.0923325733,0.1627409168,-0.8021822574,1.2168619645,-0.2434941347,0.1718701690,0.0082455586,-0.3457507252,-0.0263761247,0.9918128095,-0.1618240618,0.3808462676,0.1877207065,0.2193422333
-0.0193851386,-0.0205727401,0.8105390232,-0.0708810564,-0.0220553947,-0.7048426017,0.7054688812,0.1567884707,0.0832461211,-0.0514026089,0.1171890396,0.0011019549,-0.0226335070,0.1959900546,-0.0345620222,-0.1217658768,0.1490626998,-0.0299471388,0.0528516495,0.1132734180,0.0689656699,-0.0134745556,-0.0911099167,0.1611336782,-0.8003584793,1.2176275507,-0.2437720361,0.1721161534,0.0093947006,-0.3430440099,-0.0359361333,0.9731499063,-0.0645452478,0.3628330685,0.1907409268,0.2319391123
-0.0193679910,-0.0202514143,0.8104495041,-0.0712623459,-0.0223353220,-0.7048450366,0.7054192270,0.1573195793,0.0837539782,-0.0497270101,0.1173675951,0.0000980013,-0.0228018731,0.1965719674,-0.0342606314,-0.1212619758,0.1491460733,-0.0307427723,0.0526854686,0.1114123018,0.0689801326,-0.0128710047,-0.0902176667,0.1594158487,-0.7986949212,1.2186716650,-0.2440843232,0.1723960446,0.0104680291,-0.3416363048,-0.0465093838,0.9548226019,0.0326136423,0.3438013443,0.1928944984,0.2432107177
-0.0192498594,-0.0198037385,0.8102809089,-0.0717378279,-0.0227403772,-0.7047948570,0.7054082286,0.1577712656,0.0832153629,-0.0502256301,0.1177449015,0.0013565235,-0.0219415884,0.1971040404,-0.0345420777,-0.1208530468,0.1494708044,-0.0305640331,0.0527896424,0.1098119497,0.0685291047,-0.0118814516,-0.0885386595,0.1584922554,-0.7985248778,1.2192775871,-0.2439549339,0.1728959087,0.0106340997,-0.3414391134,-0.0591975563,0.9450587420,0.1018424937,0.3207027727,0.1938384346,0.2535009025
-0.0190228618,-0.0193227014,0.8101977870,-0.0721843491,-0.0230475552,-0.7048111873,0.7053363879,0.1582605520,0.0831781995,-0.0495197394,0.1179749429,0.0010421713,-0.0214758756,0.1976301142,-0.0345616071,-0.1202237300,0.1496599460,-0.0310023882,0.0528912040,0.1078205290,0.0682558363,-0.0109395131,-0.0867569258,0.1573642917,-0.7981790084,1.2197568573,-0.2438249838,0.1734896092,0.0110180792,-0.3402517913,-0.0740186337,0.9374498344,0.1669709459,0.2975796691,0.1959736145,0.2607178085
-0.0188652971,-0.0189583614,0.8100241881,-0.0726188536,-0.0233336183,-0.7048330339,0.7052605466,0.1587236823,0.0831305426,-0.0487920422,0.1182474869,0.0006664318,-0.0209860953,0.1981541521,-0.0345897512,-0.1195753880,0.1498212744,-0.0314554009,0.0530214904,0.1058760967,0.0680787581,-0.0100175649,-0.0849555378,0.1561441717,-0.7978403267,1.2201895644,-0.2436868342,0.1740909812,0.0114403585,-0.3388868787,-0.0896354750,0.9311852782,0.2308903617,0.2742819789,0.1979212630,0.2661121471
-0.0180781135,-0.0186218615,0.8099234124,-0.0731249166,-0.0236025583,-0.7045739035,0.7054582060,0.1593441303,0.0827930963,-0.0469670639,0.1186085427,-0.0009444526,-0.0203288048,0.1988237390,-0.0353293611,-0.1189169027,0.1499030093,-0.0313242963,0.0557632015,0.1047820214,0.0685017538,-0.0092780311,-0.0834959388,0.1558860426,-0.7955592609,1.2209861298,-0.2452952968,0.1741581030,0.0124667318,-0.3409688108,-0.1038021453,0.9301284350,0.2942599858,0.2462574462,0.1992989478,0.2687420238
-0.0173599456,-0.0183955944,0.8097426934,-0.0737140614,-0.0237998171,-0.7044432895,0.7055206997,0.1600177182,0.0824991951,-0.0456772612,0.1189610594,-0.0020430600,-0.0197235425,0.1996698623,-0.0357401356,-0.1177219324,0.1500424939,-0.0314027436,0.0581532516,0.1031233515,0.0690860239,-0.0083921064,-0.0821468126,0.1556272015,-0.7930530440,1.2218589262,-0.2469356361,0.1741085727,0.0134574196,-0.3430006969,-0.1182428399,0.9307044238,0.3568606501,0.2182270216,0.2003070100,0.2694036879
-0.0166508380,-0.0181044985,0.8095591336,-0.0742978230,-0.0239988869,-0.7043110483,0.7055847463,0.1607186490,0.0822067980,-0.0443977217,0.1193149182,-0.0031766043,-0.0191273303,0.2005471477,-0.0361496295,-0.1165340610,0.1501782598,-0.0315193256,0.0605392150,0.1014831947,0.0697275701,-0.0074648308,-0.0807907916,0.1553599409,-0.7905405707,1.2231701068,-0.2485475854,0.1734461134,0.0143028328,-0.3448795235,-0.1329149340,0.9329530375,0.4192423200,0.1904647337,0.2003517003,0.2678946793
-0.0160047468,-0.0175747515,0.8096679519,-0.0736624830,-0.0226375324,-0.7047596202,0.7052483665,0.1575913903,0.0826560395,-0.0426729046,0.1172443971,-0.0016390202,-0.0185417005,0.1975082937,-0.0355996004,-0.1154604298,0.1468936780,-0.0274987289,0.0606987215,0.0998534957,0.0700385173,-0.0088064161,-0.0781713032,0.1531693854,-0.7912661510,1.2252821011,-0.2476441699,0.1746784441,0.0145415577,-0.3431776993,-0.1431653393,0.9378211623,0.4756605788,0.1728229706,0.2045303448,0.2645495190
-0.0154405181,-0.0173258677,0.8095621841,-0.0739592045,-0.0224680822,-0.7050018497,0.7049805765,0.1573198895,0.0826564459,-0.0408553994,0.1175330161,-0.0023918758,-0.0178775619,0.1971667227,-0.0357928221,-0.1141564475,0.1466618562,-0.0268485243,0.0614187820,0.0984487201,0.0702879316,-0.0080515333,-0.0737662649,0.1514439585,-0.7930503627,1.2263260779,-0.2465324246,0.1754991515,0.0144775014,-0.3396102080,-0.1530540854,0.9426970158,0.5340631811,0.1533502234,0.2051415119,0.2604429796
-0.0148132794,-0.0170046244,0.8094401912,-0.0744304655,-0.0225217899,-0.7052146403,0.7047163869,0.1577102931,0.0826106218,-0.0390504404,0.1178423194,-0.0032672536,-0.0172310112,0.1973565092,-0.0360551100,-0.1128770771,0.1467618691,-0.0265048494,0.0621332483,0.0970891629,0.0705041170,-0.0066726056,-0.0692635739,0.1498735140,-0.7949971793,1.2270658537,-0.2454553157,0.1763504588,0.0144637326,-0.3361557356,-0.1628559643,0.9481603942,0.5927832438,0.1338539260,0.2049147171,0.2552730390
-0.0142342128,-0.0167832554,0.8093357604,-0.0747912442,-0.0225616477,-0.7055440120,0.7043471367,0.1582337169,0.0826696566,-0.0369553024,0.1180901015,-0.0044156197,-0.0163570312,0.1974417281,-0.0358655147,-0.1111228215,0.1468351339,-0.0262977087,0.0629261413,0.0969703089,0.0711989907,-0.0058132592,-0.0658870960,0.1485021403,-0.7968022947,1.2274544526,-0.2456778973,0.1770481963,0.0138735055,-0.3349251530,-0.1702778228,0.9659405470,0.6544768096,0.1093163659,0.2062075861,0.2566113548
-0.0136728221,-0.0164868192,0.8092337465,-0.0752176912,-0.0225817536,-0.7058682002,0.7039761695,0.1586334224,0.0828709495,-0.0350155031,0.1183514773,-0.0055145738,-0.0155245739,0.1975210423,-0.0359480382,-0.1098648090,0.1469373255,-0.0261426191,0.0636357303,0.0962382427,0.0720139010,-0.0049363575,-0.0624511794,0.1470952224,-0.7979737300,1.2274679587,-0.2459636677,0.1781660894,0.0133493612,-0.3340677368,-0.1772792812,0.9848784475,0.7156268801,0.0846641611,0.2081451505,0.2572122003
-0.0131352402,-0.0162880472,0.8091325803,-0.0756294904,-0.0225946938,-0.7061820627,0.7036167667,0.1590072240,0.0830912498,-0.0331191899,0.1186083797,-0.0066175456,-0.0147247837,0.1975872516,-0.0360139143,-0.1086521455,0.1470442467,-0.0260129953,0.0643133770,0.0954203033,0.0728724795,-0.0040288180,-0.0589534974,0.1457315553,-0.7990721932,1.2277731454,-0.2462139395,0.1788077486,0.0127249467,-0.3331562532,-0.1840096931,1.0048930839,0.7768906519,0.0605161485,0.2096076456,0.2561419698
-0.0125436249,-0.0163689012,0.8087818155,-0.0760007199,-0.0223564404,-0.7061966108,0.7035697741,0.1594330989,0.0829568468,-0.0301957713,0.1187225449,-0.0094494406,-0.0135526909,0.1978089257,-0.0360069137,-0.1078241106,0.1470761631,-0.0269280133,0.0653996489,0.0946196726,0.0734874100,-0.0024238253,-0.0577540013,0.1444117723,-0.8015525318,1.2263508123,-0.2443458619,0.1791461588,0.0119027678,-0.3285850495,-0.1835084531,1.0205676856,0.8139568838,0.0483506146,0.2107098570,0.2570351449
-0.0118398928,-0.0165559762,0.8085259503,-0.0763130945,-0.0220969520,-0.7062870962,0.7034533205,0.1597505412,0.0831439249,-0.0278861244,0.1187546868,-0.0122640567,-0.0124190790,0.1980184104,-0.0360982724,-0.1069582528,0.1470472728,-0.0277852720,0.0665293229,0.0943749384,0.0739254459,-0.0009479575,-0.0567059553,0.1433169360,-0.8043396041,1.2248750567,-0.2424410441,0.1795763208,0.0110611290,-0.3235330195,-0.1840637753,1.0365489494,0.8484024825,0.0372958174,0.2136321543,0.2573429571
-0.0112210888,-0.0166602121,0.8082710249,-0.0766118298,-0.0218240135,-0.7063828554,0.7033332080,0.1600395645,0.0833248764,-0.0255728350,0.1187884197,-0.0150839008,-0.0112811241,0.1981943711,-0.0361952171,-0.1060858031,0.1470063502,-0.0286334507,0.0676620417,0.0942173010,0.0743842596,0.0004712391,-0.0556663200,0.1421978635,-0.8072138911,1.2233937524,-0.2405500573,0.1800192462,0.0102115337,-0.3183789219,-0.1848611218,1.0527528945,0.8822558965,0.0265833387,0.2170185640,0.2572466990
-0.0102182855,-0.0167469253,0.8078246889,-0.0771518676,-0.0215420537,-0.7067462237,0.7029177082,0.1607355831,0.0833838090,-0.0221649090,0.1188027867,-0.0197099240,-0.0096181938,0.1984920145,-0.0360204208,-0.1035927350,0.1468782232,-0.0303919958,0.0695674716,0.0932829021,0.0753998991,0.0021622838,-0.0553826088,0.1433080048,-0.8070300919,1.2221041632,-0.2400264333,0.1798780481,0.0109823476,-0.3110787755,-0.1887474677,1.0659477110,0.9216890092,0.0167752167,0.2190207572,0.2546375124
-0.0091413171,-0.0168294430,0.8073713046,-0.0777426161,-0.0212953529,-0.7070648675,0.7025395838,0.1615390667,0.0835722329,-0.0187725460,0.1188777364,-0.0241960631,-0.0080080501,0.1989091082,-0.0360797076,-0.1015706147,0.1468036594,-0.0318909136,0.0712577069,0.0924713489,0.0764421693,0.0039670200,-0.0552150585,0.1443766874,-0.8069068534,1.2209470313,-0.2395371575,0.1796281884,0.0117227444,-0.3039449499,-0.1924096502,1.0792931681,0.9617813562,0.0072195875,0.2204253214,0.2515493197
-0.0081600535,-0.0169104984,0.8069196251,-0.0783339570,-0.0210570637,-0.7073806463,0.7021630953,0.1623779243,0.0837527233,-0.0154054296,0.1189384148,-0.0286822755,-0.0064068084,0.1993549363,-0.0361409038,-0.0995614955,0.1467164814,-0.0333829411,0.0729349559,0.0916604080,0.0774775523,0.0058024468,-0.0550738403,0.1454407086,-0.8067896133,1.2198255553,-0.2390541116,0.1793544570,0.0124468563,-0.2969093119,-0.1960170527,1.0928721238,1.0019829694,-0.0020302987,0.2217721587,0.2480734313
-0.0075802298,-0.0171415663,0.8062506923,-0.0785522410,-0.0206618066,-0.7079730313,0.7015531499,0.1628662360,0.0839574900,-0.0139666533,0.1187860024,-0.0348452027,-0.0036253053,0.1992590137,-0.0360264560,-0.0976690724,0.1462858420,-0.0372409847,0.0759179792,0.0890376067,0.0786332125,0.0077369495,-0.0558057955,0.1447718212,-0.8043418464,1.2140828281,-0.2376773015,0.1778451208,0.0134411193,-0.2821853776,-0.2041101939,1.0842963220,1.0487151155,0.0053254724,0.2231593027,0.2349500851
-0.0069314899,-0.0174643456,0.8055819887,-0.0787692710,-0.0203179333,-0.7085891463,0.7009165466,0.1633457484,0.0842304680,-0.0120549170,0.1187683575,-0.0410412749,-0.0011941960,0.1991043418,-0.0360747266,-0.0960667695,0.1460617607,-0.0411142595,0.0780301287,0.0874713294,0.0796493553,0.0096240311,-0.0566212560,0.1442329744,-0.8029600527,1.2080294818,-0.2362878692,0.1765367814,0.0145521844,-0.2676528997,-0.2125013509,1.0750637218,1.0963192033,0.0138606921,0.2234618139,0.2212055586
-0.0063732372,-0.0176849402,0.8048270859,-0.0789914479,-0.0199851274,-0.7092153439,0.7002674787,0.1638374828,0.0844949601,-0.0101395482,0.1187702510,-0.0472368350,0.0012463155,0.1989236952,-0.0361284609,-0.0944366382,0.1458857186,-0.0449884156,0.0801357901,0.0859960315,0.0806510076,0.0114372708,-0.0574062474,0.1437161107,-0.8017090402,1.2019529043,-0.2349597830,0.1752851000,0.0156641230,-0.2535129043,-0.2212611302,1.0659484171,1.1439725977,0.0229144910,0.2234843331,0.2076346739
-0.0058305709,-0.0175701885,0.8043453901,-0.0794302371,-0.0196469514,-0.7100874507,0.6993430111,0.1644484067,0.0849947926,-0.0070785703,0.1187818324,-0.0526045703,0.0030017837,0.1982097542,-0.0353567917,-0.0917296560,0.1457907739,-0.0479812686,0.0816482883,0.0830099175,0.0817132316,0.0132478652,-0.0567593582,0.1429562536,-0.8024392719,1.1958976783,-0.2336466183,0.1745274295,0.0163923926,-0.2453160059,-0.2216833454,1.0518985950,1.1270200984,0.0344660622,0.2166995091,0.2037752296
-0.0053190037,-0.0174757932,0.8037791199,-0.0797245706,-0.0192739162,-0.7109998979,0.6983921922,0.1647620599,0.0857116466,-0.0040502814,0.1186678310,-0.0576331177,0.0048018698,0.1974655713,-0.0349091931,-0.0890693805,0.1454911612,-0.0505250259,0.0831911125,0.0802177456,0.0826785764,0.0149136077,-0.0561819399,0.1423607040,-0.8032260620,1.1896073326,-0.2323842429,0.1739187003,0.0171728709,-0.2359605414,-0.2245543514,1.0378966416,1.1042451372,0.0460961782,0.2136224506,0.2003870657
-0.0047976644,-0.0174839431,0.8032139622,-0.0799951163,-0.0188791559,-0.7119153754,0.6974387838,0.1650417914,0.0864002855,-0.0010323068,0.1185495185,-0.0626802994,0.0066251631,0.1966909828,-0.0344798447,-0.0864005684,0.1451546818,-0.0530611699,0.0847479496,0.0775402195,0.0836965341,0.0165080764,-0.0556118404,0.1417120750,-0.8041278860,1.1832879975,-0.2311242764,0.1733337905,0.0179564375,-0.2262049033,-0.2277793785,1.0238817321,1.0804189990,0.0577694090,0.2112869595,0.1968027319
-0.0040445388,-0.0176192055,0.8027422708,-0.0798780696,-0.0179947604,-0.7123999374,0.6969806394,0.1641025480,0.0863484893,0.0001448925,0.1182985034,-0.0681204330,0.0085634327,0.1950401644,-0.0343136419,-0.0848898442,0.1443956377,-0.0558655381,0.0866088630,0.0736172818,0.0843553943,0.0191060309,-0.0516362769,0.1372956383,-0.7961390681,1.1136877348,-0.2359802667,0.1666495437,0.0189229502,-0.2142696758,-0.2347788747,1.0059199695,1.0566313823,0.0707518717,0.2078790305,0.1929348777
-0.0033192088,-0.0178826949,0.8022675959,-0.0796182120,-0.0171818212,-0.7129322146,0.6964864555,0.1631081504,0.0863902543,0.0017321136,0.1181482306,-0.0729350030,0.0106203716,0.1936047900,-0.0344103770,-0.0836002839,0.1437096810,-0.0584376531,0.0884094856,0.0692532549,0.0849885000,0.0216706969,-0.0446371915,0.1349458287,-0.7895466059,1.0370949852,-0.2415586214,0.1634734694,0.0223221870,-0.2021467833,-0.2418075604,0.9885125523,1.0325007286,0.0837209129,0.2043513192,0.1889610554
-0.0026957629,-0.0181801793,0.8017929113,-0.0793262443,-0.0163547657,-0.7134611939,0.6959978401,0.1621159392,0.0864204685,0.0032881916,0.1179562832,-0.0777658700,0.0126707665,0.1921577928,-0.0345194937,-0.0823337695,0.1430131295,-0.0610569385,0.0902023216,0.0648196581,0.0855574324,0.0240903219,-0.0371882299,0.1331228040,-0.7841542705,0.9589771988,-0.2473837135,0.1610916525,0.0265280359,-0.1897482825,-0.2485782474,0.9711707190,1.0082751540,0.0966826741,0.2007781000,0.1847919967
-0.0023984302,-0.0189244403,0.8013789799,-0.0799878439,-0.0164533971,-0.7140763680,0.6952885525,0.1640758478,0.0868754559,0.0056870851,0.1198496695,-0.0840294773,0.0134630793,0.1930489320,-0.0342137168,-0.0809971420,0.1452759783,-0.0651916918,0.0914989125,0.0598694199,0.0866888666,0.0282519426,-0.0275499196,0.1344706947,-0.7580932618,0.8871708145,-0.2617620978,0.1592717662,0.0417993656,-0.1683216014,-0.2719532389,0.8514359499,1.0030747581,0.1745885878,0.1863480353,0.1183058996
-0.0021943241,-0.0193120485,0.8011858802,-0.0797138970,-0.0155407729,-0.7148155621,0.6945810904,0.1631654078,0.0878847498,0.0078946538,0.1200629910,-0.0878619338,0.0137402394,0.1912996473,-0.0334240185,-0.0797894932,0.1451011251,-0.0668481049,0.0924329783,0.0544360100,0.0876923834,0.0291284189,-0.0214845051,0.1328772295,-0.7307903094,0.8236537431,-0.2755377602,0.1535606766,0.0549834781,-0.1473265731,-0.2925535075,0.7321111578,1.0024564810,0.2509959475,0.1669137421,0.0526844319
-0.0020058888,-0.0195838306,0.8009097411,-0.0794633176,-0.0146545742,-0.7155522632,0.6938701486,0.1620596153,0.0889184172,0.0100732221,0.1204970366,-0.0916488785,0.0139902648,0.1893853058,-0.0326122195,-0.0785744443,0.1450819461,-0.0684282819,0.0933225995,0.0480452126,0.0887302415,0.0295406412,-0.0153737202,0.1303974465,-0.7032083004,0.7607875952,-0.2889151066,0.1474965397,0.0683503855,-0.1254591329,-0.3127635841,0.6132089968,1.0022032184,0.3254480571,0.1448399005,-0.0109885858
-0.0020657918,-0.0195760047,0.8008828986,-0.0791752444,-0.0136182701,-0.7169847611,0.6924439875,0.1604836647,0.0906647120,0.0112615007,0.1207524403,-0.0934204426,0.0139788930,0.1861502894,-0.0308566270,-0.0762540215,0.1450654858,-0.0675558073,0.0909064934,0.0403837839,0.0901002548,0.0285921926,-0.0144012731,0.1200449744,-0.7127107121,0.6984360971,-0.2924765195,0.1480755313,0.0571256437,-0.1192259915,-0.3222163423,0.5389623447,0.9536634427,0.3650169334,0.1202150518,-0.0720057538
-0.0021892352,-0.0195846598,0.8008702292,-0.0788009218,-0.0124156261,-0.7183826200,0.6910590990,0.1587052968,0.0925274921,0.0122891284,0.1208753142,-0.0949278177,0.0138915566,0.1826547704,-0.0289332272,-0.0742901687,0.1448635187,-0.0666451777,0.0895087920,0.0318647419,0.0918273983,0.0271119241,-0.0134392439,0.1103630434,-0.7223076299,0.6358824615,-0.2961910467,0.1488681270,0.0455344476,-0.1097979498,-0.3307929431,0.4651641568,0.9006652822,0.4005384984,0.0961952582,-0.1348477928
-0.0024609263,-0.0195578450,0.8008633010,-0.0784273765,-0.0112333123,-0.7197661301,0.6896808517,0.1569101226,0.0944529929,0.0132670158,0.1209944228,-0.0963782751,0.0137202106,0.1791378421,-0.0269453550,-0.0723819125,0.1447087586,-0.0657294443,0.0880212251,0.0230107011,0.0937776548,0.0254199303,-0.0127151654,0.1013531203,-0.7327374819,0.5733491338,-0.3003783573,0.1494983136,0.0341799511,-0.0984610130,-0.3376766035,0.3914917993,0.8460291685,0.4324529561,0.0707524562,-0.1984932320
-0.0024033037,-0.0192427078,0.8009015853,-0.0784970878,-0.0099712401,-0.7199118885,0.6895401761,0.1545338550,0.0965707404,0.0116103467,0.1210177760,-0.0981729963,0.0136426049,0.1767116280,-0.0247847598,-0.0723723274,0.1447039806,-0.0643083096,0.0887042878,0.0165065104,0.0978517221,0.0229841964,-0.0196219648,0.1000090329,-0.7607201902,0.5256466036,-0.2936770878,0.1538067142,0.0126254695,-0.0947170439,-0.3323532741,0.3448804553,0.7823681393,0.4517286241,0.0499500497,-0.2579104968
-0.0024216183,-0.0188540126,0.8009843995,-0.0786647986,-0.0087039366,-0.7199659722,0.6894817545,0.1521929754,0.0989734068,0.0100679167,0.1209908664,-0.0997265093,0.0134544487,0.1742920741,-0.0221029146,-0.0720834539,0.1447885620,-0.0617637062,0.0870913686,0.0090234316,0.1019924625,0.0206846056,-0.0275194878,0.0993312979,-0.7875983732,0.4796956230,-0.2867489751,0.1570303532,-0.0104461298,-0.0899924098,-0.3246344195,0.2990540691,0.7162356692,0.4668693976,0.0294066930,-0.3186725527
-0.0025892414,-0.0184004199,0.8009836165,-0.0788837928,-0.0074914707,-0.7200048228,0.6894304027,0.1499145754,0.1014551267,0.0084727519,0.1209750258,-0.1012085771,0.0131746850,0.1719618274,-0.0193317960,-0.0718563694,0.1448709885,-0.0591602736,0.0853754492,0.0013006447,0.1064234350,0.0184024916,-0.0360316159,0.0992543635,-0.8143019486,0.4342164021,-0.2801066689,0.1597685438,-0.0339768573,-0.0842923754,-0.3148960105,0.2537267500,0.6481401880,0.4779404914,0.0083567307,-0.3801099300
-0.0037812077,-0.0181501493,0.8011249858,-0.0784889345,-0.0068110002,-0.7199185824,0.6895725720,0.1476017640,0.1038453850,0.0073537305,0.1213058065,-0.1006227063,0.0117854091,0.1703326236,-0.0170063110,-0.0731966324,0.1444766760,-0.0599215373,0.0847140033,-0.0048162156,0.1076031140,0.0152294412,-0.0427301865,0.1010155723,-0.8284227476,0.4128250173,-0.2758710631,0.1669445567,-0.0562217176,-0.0803822782,-0.3073451828,0.2128841898,0.5478747076,0.4703058106,-0.0091325635,-0.4243419942
-0.0048338119,-0.0178842636,0.8013563214,-0.0782788362,-0.0060388813,-0.7197224304,0.6898083639,0.1454520978,0.1065031832,0.0055689028,0.1214022170,-0.0998419274,0.0101655205,0.1684749873,-0.0142734377,-0.0741158973,0.1447163327,-0.0584297415,0.0823825659,-0.0118454995,0.1094254126,0.0123093093,-0.0511698886,0.1011751193,-0.8407663058,0.3955075147,-0.2712184279,0.1723579718,-0.0801620304,-0.0739544038,-0.2974699140,0.1733063618,0.4409845685,0.4557547690,-0.0224983710,-0.4681932232
-0.0059923794,-0.0175766084,0.8015000275,-0.0781053274,-0.0052891836,-0.7195146893,0.6900508635,0.1433301100,0.1092083554,0.0037375604,0.1214962035,-0.0990077277,0.0085136767,0.1666921792,-0.0114801871,-0.0750798499,0.1448829391,-0.0568594807,0.0800126191,-0.0188715498,0.1116270060,0.0094217428,-0.0601537117,0.1007819340,-0.8527392141,0.3794025755,-0.2663315891,0.1769303290,-0.1047726711,-0.0667043494,-0.2853255127,0.1354670551,0.3304220298,0.4358757407,-0.0330807355,-0.5115907478
-0.0073181515,-0.0178235760,0.8019603966,-0.0777860997,-0.0042935962,-0.7194270537,0.6901851941,0.1414532043,0.1124457269,0.0023294145,0.1213219977,-0.0969789577,0.0060271384,0.1650281333,-0.0081855303,-0.0759211669,0.1450319905,-0.0541822373,0.0767301843,-0.0247415138,0.1159305646,0.0069175900,-0.0768456235,0.1014058218,-0.8829902179,0.3578276158,-0.2567629175,0.1808607942,-0.1362195365,-0.0595755883,-0.2655032415,0.1208381134,0.2229537728,0.4181327003,-0.0301211523,-0.5154062318
-0.0086282487,-0.0179789213,0.8023309203,-0.0774811927,-0.0032856154,-0.7193048190,0.6903524077,0.1396618855,0.1157252296,0.0010653982,0.1210605698,-0.0949562371,0.0036658075,0.1634597676,-0.0048455053,-0.0766103729,0.1450173137,-0.0514300426,0.0734935798,-0.0304935519,0.1199162967,0.0040234834,-0.0930082369,0.1033206133,-0.9135223355,0.3348210574,-0.2472081169,0.1850063404,-0.1677017209,-0.0534522876,-0.2465859147,0.1083713680,0.1164076101,0.4003841233,-0.0253795138,-0.5135930469
-0.0098980150,-0.0180911679,0.8026975405,-0.0772091437,-0.0023050042,-0.7191853703,0.6905112875,0.1378910747,0.1189529441,-0.0001866536,0.1208198895,-0.0928965753,0.0013673701,0.1619248762,-0.0015492980,-0.0772827320,0.1449902878,-0.0486087739,0.0703091838,-0.0360498921,0.1237616243,0.0009470083,-0.1093911826,0.1058211098,-0.9440702122,0.3108478167,-0.2377454583,0.1897279851,-0.1993195286,-0.0483800268,-0.2286526921,0.0989440682,0.0103240253,0.3822262088,-0.0196015856,-0.5097800901
-0.0109175100,-0.0184071176,0.8031808010,-0.0769093051,-0.0015082790,-0.7198138979,0.6898917569,0.1371074066,0.1213024493,-0.0007850565,0.1205026277,-0.0898507568,-0.0005459696,0.1603704329,0.0011607750,-0.0766157960,0.1446451451,-0.0452512246,0.0672869249,-0.0386803561,0.1236501166,-0.0042050518,-0.1246908746,0.1037265899,-0.9689763952,0.2966897663,-0.2312096116,0.1954124664,-0.2232646507,-0.0544827972,-0.2218881794,0.0924107655,-0.0681418013,0.3646988292,-0.0057746326,-0.5064625810
-0.0117039499,-0.0183728799,0.8036863586,-0.0766980334,-0.0007842296,-0.7204552238,0.6892467389,0.1362546697,0.1234813713,-0.0009696753,0.1201323286,-0.0867257015,-0.0018191963,0.1586009776,0.0036242754,-0.0751224974,0.1444850638,-0.0417219262,0.0646689191,-0.0421096273,0.1239345608,-0.0089869140,-0.1408274619,0.0999179012,-0.9927372913,0.2847781988,-0.2248172680,0.2001622383,-0.2467278636,-0.0663039890,-0.2180430926,0.0869246965,-0.1381427748,0.3496550776,0.0059679412,-0.5000678928
-0.0123866305,-0.0182921423,0.8041049244,-0.0765870464,-0.0001327238,-0.7211015435,0.6885833070,0.1354398643,0.1255576288,-0.0011154670,0.1198591242,-0.0834920638,-0.0029433971,0.1568486583,0.0059887558,-0.0735629975,0.1444177631,-0.0380382229,0.0621814509,-0.0459205524,0.1242661878,-0.0133342953,-0.1574556457,0.0956274494,-1.0158253888,0.2736235499,-0.2183460757,0.2044199960,-0.2703416147,-0.0804650629,-0.2159987040,0.0823263407,-0.2044745578,0.3357155104,0.0163833335,-0.4916951455
-0.0128309647,-0.0182841549,0.8045835676,-0.0764896825,0.0000769560,-0.7218468690,0.6878127799,0.1355128020,0.1265738623,-0.0007353438,0.1198654158,-0.0798079695,-0.0040652708,0.1559052844,0.0071827535,-0.0719844025,0.1445426826,-0.0344115364,0.0600121582,-0.0482480461,0.1255965389,-0.0178612247,-0.1664695909,0.0906869098,-1.0295284464,0.2693573801,-0.2127924883,0.2081038122,-0.2815454957,-0.1016849854,-0.2138435016,0.0756252271,-0.2605338140,0.3267445667,0.0263775872,-0.4856229904
-0.0132741270,-0.0181877193,0.8050663379,-0.0764897430,0.0001992608,-0.7225837593,0.6870385654,0.1357853065,0.1274431211,-0.0002637593,0.1198320742,-0.0760965355,-0.0050027069,0.1550990791,0.0082922518,-0.0703387349,0.1446831289,-0.0309779498,0.0580745151,-0.0514062329,0.1269008867,-0.0220492622,-0.1753617322,0.0851152866,-1.0427944088,0.2666093049,-0.2072113880,0.2104012139,-0.2916165673,-0.1251388943,-0.2132149171,0.0700941704,-0.3128942515,0.3189542535,0.0348869588,-0.4785045886
-0.0135786639,-0.0180379462,0.8056356929,-0.0765536897,0.0002645572,-0.7233093729,0.6862674505,0.1361575541,0.1282433752,0.0001988434,0.1198230806,-0.0723371285,-0.0058609761,0.1543923797,0.0093346435,-0.0686887588,0.1448499620,-0.0274895941,0.0562052243,-0.0548409842,0.1281649942,-0.0260143326,-0.1843196208,0.0793215837,-1.0557362396,0.2643079094,-0.2015914609,0.2122927161,-0.3016566144,-0.1495159873,-0.2138001480,0.0653600467,-0.3636460136,0.3116154867,0.0427020424,-0.4706488168
-0.0131160390,-0.0177305578,0.8061118843,-0.0756039739,0.0020463782,-0.7242184252,0.6854104785,0.1336520546,0.1295289047,0.0015147791,0.1158668075,-0.0663854476,-0.0060993424,0.1504992625,0.0107938267,-0.0662209967,0.1410497520,-0.0198700064,0.0551582465,-0.0580653460,0.1288109375,-0.0318041377,-0.1911691372,0.0781706066,-1.0590503797,0.2615083173,-0.2008239260,0.2145712280,-0.3094490107,-0.1748030075,-0.2243088908,0.0712441667,-0.4014753203,0.3046033116,0.0493463140,-0.4543957179
-0.0127196034,-0.0177487982,0.8065581588,-0.0754277719,0.0028207184,-0.7252759037,0.6843080873,0.1332394691,0.1301959616,0.0035530103,0.1152675061,-0.0636363549,-0.0061891700,0.1487280897,0.0116863626,-0.0629465422,0.1400242056,-0.0152490643,0.0544331927,-0.0610643710,0.1288394539,-0.0362744643,-0.1956234966,0.0768583166,-1.0629377511,0.2588429593,-0.1985612427,0.2159037462,-0.3171833666,-0.1980282698,-0.2340637663,0.0787869148,-0.4408416979,0.2941365149,0.0575104173,-0.4378545866
-0.0122319125,-0.0179082074,0.8068862937,-0.0755076629,0.0033064800,-0.7263242977,0.6831842172,0.1335614789,0.1307936542,0.0056561164,0.1152233731,-0.0614045142,-0.0062615642,0.1475971472,0.0124774245,-0.0596011120,0.1397081559,-0.0112092847,0.0537516160,-0.0641733110,0.1285858746,-0.0400917598,-0.1996346288,0.0756542990,-1.0668789514,0.2562321732,-0.1957823712,0.2168964422,-0.3249196373,-0.2203744178,-0.2441432363,0.0867875379,-0.4810419171,0.2828464380,0.0663415642,-0.4210274254
-0.0121907945,-0.0182886590,0.8072031180,-0.0754245343,0.0036415823,-0.7277680595,0.6816535264,0.1345038295,0.1315451352,0.0089785599,0.1153234535,-0.0597991897,-0.0066749930,0.1468314290,0.0132066622,-0.0562606756,0.1393622037,-0.0089285594,0.0530657059,-0.0661683930,0.1287447057,-0.0422587681,-0.2024916725,0.0715660213,-1.0691078305,0.2553526067,-0.1952034973,0.2177820747,-0.3313203402,-0.2371076415,-0.2452867545,0.0946556196,-0.5042524342,0.2762994160,0.0748711374,-0.4131461228
-0.0121402739,-0.0187593461,0.8075253548,-0.0754289107,0.0039264432,-0.7292209073,0.6800970010,0.1357677730,0.1323793251,0.0123881810,0.1153524683,-0.0582091993,-0.0070973674,0.1461630565,0.0140927358,-0.0524292061,0.1391534554,-0.0064259020,0.0522057892,-0.0683558311,0.1286056650,-0.0447013203,-0.2050353094,0.0673271958,-1.0713067809,0.2553673323,-0.1949296992,0.2183561858,-0.3375333648,-0.2547749149,-0.2466933918,0.1027814264,-0.5245888480,0.2708600991,0.0814773923,-0.4059568391
-0.0120712651,-0.0191258675,0.8078475009,-0.0754561703,0.0041896605,-0.7306773314,0.6785274132,0.1370948431,0.1331976700,0.0158301185,0.1153646273,-0.0565931274,-0.0074893316,0.1455443436,0.0149609592,-0.0485656276,0.1389378041,-0.0038940776,0.0513714338,-0.0706679899,0.1284510610,-0.0471330283,-0.2075453104,0.0630208567,-1.0733834186,0.2556440285,-0.1946872871,0.2187314027,-0.3437280330,-0.2729781344,-0.2484261169,0.1109476936,-0.5436732802,0.2658809319,0.0871870850,-0.3986478003
-0.0121099173,-0.0194334813,0.8080702578,-0.0754349209,0.0042203487,-0.7318450532,0.6772699458,0.1382952954,0.1336706715,0.0183382602,0.1154471652,-0.0542007668,-0.0075842173,0.1450941075,0.0153751971,-0.0466531067,0.1387974460,-0.0019201992,0.0505004192,-0.0711896113,0.1285594408,-0.0475206606,-0.2086578059,0.0597421137,-1.0741377712,0.2583545514,-0.1946957791,0.2193304443,-0.3467878977,-0.2837335337,-0.2493099979,0.1246701711,-0.5508109093,0.2668899703,0.0931296520,-0.3880710427
-0.0121462263,-0.0197152297,0.8083884699,-0.0754179204,0.0042140232,-0.7329727217,0.6760513062,0.1395757060,0.1339146833,0.0203006411,0.1153835338,-0.0522268531,-0.0075075031,0.1448375847,0.0156052276,-0.0451632472,0.1386366232,-0.0004062355,0.0497757270,-0.0721306425,0.1285587433,-0.0482650290,-0.2091660698,0.0563086821,-1.0747577163,0.2616044199,-0.1947687044,0.2195622895,-0.3494552171,-0.2945173237,-0.2504139309,0.1386382280,-0.5564138378,0.2690314743,0.0976347106,-0.3769131659
-0.0121720324,-0.0199966520,0.8086187603,-0.0753989921,0.0041966095,-0.7340780894,0.6748531241,0.1408475806,0.1341088135,0.0222141246,0.1153297728,-0.0502468373,-0.0074067547,0.1445961102,0.0157881809,-0.0437274241,0.1385008101,0.0010832654,0.0490723273,-0.0732517194,0.1285349871,-0.0490870642,-0.2095384134,0.0528186633,-1.0753114357,0.2650178583,-0.1948191969,0.2196393420,-0.3520700397,-0.3054810427,-0.2516190677,0.1526360986,-0.5613551479,0.2714605706,0.1015470249,-0.3655892439
-0.0121586558,-0.0200636757,0.8088183458,-0.0753129596,0.0041850002,-0.7348590567,0.6740123224,0.1416933932,0.1341759574,0.0235025041,0.1154054820,-0.0477644754,-0.0074866341,0.1440808722,0.0159719306,-0.0414790709,0.1385127182,0.0043186907,0.0471875863,-0.0734927806,0.1286510679,-0.0483634589,-0.2084907871,0.0488243296,-1.0727609018,0.2665756143,-0.1955857487,0.2194045442,-0.3534739785,-0.3059620453,-0.2449563082,0.1648990795,-0.5724582426,0.2729087628,0.1019118530,-0.3560578833
-0.0121221465,-0.0203576134,0.8091200368,-0.0751817742,0.0042891160,-0.7356692866,0.6731418907,0.1424809219,0.1343920286,0.0247958714,0.1153317008,-0.0454777891,-0.0077242510,0.1436691369,0.0162617886,-0.0399822227,0.1382313827,0.0062814918,0.0452307707,-0.0733533259,0.1283488631,-0.0481352618,-0.2070564747,0.0452496622,-1.0707012807,0.2680957704,-0.1963872531,0.2191720990,-0.3548287813,-0.3037207380,-0.2377257449,0.1775718134,-0.5865050106,0.2732270650,0.1025740523,-0.3468191081
-0.0121928316,-0.0207014455,0.8093340303,-0.0749978607,0.0044304621,-0.7364735771,0.6722814605,0.1432109040,0.1346086913,0.0260660727,0.1152250100,-0.0432224393,-0.0079819477,0.1431833793,0.0165526548,-0.0385207029,0.1379794401,0.0081669624,0.0432568969,-0.0730441889,0.1279319610,-0.0481989184,-0.2054234807,0.0417776258,-1.0689330826,0.2695323053,-0.1971940290,0.2189310097,-0.3561475636,-0.3004702352,-0.2304841686,0.1903953227,-0.6017246574,0.2731167195,0.1036975411,-0.3377637430
-0.0123803791,-0.0212911615,0.8095733757,-0.0746821520,0.0046756652,-0.7372292514,0.6714862212,0.1435525373,0.1347658991,0.0275934587,0.1149836228,-0.0428017595,-0.0088887242,0.1429891171,0.0167377576,-0.0375710752,0.1377518297,0.0090705763,0.0428005502,-0.0726884597,0.1278810216,-0.0485565656,-0.2039561648,0.0403887267,-1.0665508139,0.2706078984,-0.1973256433,0.2189150994,-0.3564971404,-0.2954628385,-0.2242178390,0.1977046033,-0.6068416796,0.2740470438,0.1060599699,-0.3365555218
-0.0125427330,-0.0218458298,0.8098818020,-0.0743248796,0.0049231926,-0.7379643749,0.6707161515,0.1440168246,0.1350593663,0.0295814624,0.1150237390,-0.0412417305,-0.0097920822,0.1426098645,0.0169811044,-0.0361262929,0.1375620302,0.0102849589,0.0424114233,-0.0722515263,0.1276543400,-0.0489744529,-0.2023467356,0.0390973635,-1.0645376244,0.2714109530,-0.1975090855,0.2190014091,-0.3567432739,-0.2915445603,-0.2183928983,0.2044674033,-0.6097939333,0.2760484735,0.1073530726,-0.3359425672
-0.0126114447,-0.0224700815,0.8101040748,-0.0739667180,0.0051692544,-0.7387117152,0.6699307466,0.1444843262,0.1353487013,0.0316089543,0.1150174647,-0.0396333059,-0.0106889992,0.1421921186,0.0172236408,-0.0346391972,0.1373764367,0.0115326826,0.0420285170,-0.0717638667,0.1274343503,-0.0493847958,-0.2007418381,0.0378449665,-1.0625813861,0.2721120594,-0.1977305111,0.2191452546,-0.3569289212,-0.2880527961,-0.2127120390,0.2110866527,-0.6119160757,0.2784306743,0.1081117742,-0.3353080432
-0.0123364895,-0.0226601891,0.8103136614,-0.0738002112,0.0052786138,-0.7391786496,0.6694330356,0.1445249023,0.1351252282,0.0328283800,0.1149205616,-0.0378479402,-0.0103629044,0.1416104819,0.0167711868,-0.0331866664,0.1372277285,0.0134276902,0.0422138543,-0.0710597909,0.1271149250,-0.0492969613,-0.2013744307,0.0353919010,-1.0629400557,0.2753512253,-0.1974658000,0.2196535631,-0.3559886576,-0.2862618234,-0.2072455930,0.2248828900,-0.6216196516,0.2772410630,0.1072452862,-0.3326022424
-0.0119703265,-0.0229615600,0.8106283861,-0.0735314729,0.0053682052,-0.7396600789,0.6689299459,0.1445369658,0.1346990153,0.0336688423,0.1148260908,-0.0361635574,-0.0100047790,0.1411840558,0.0161145568,-0.0322976975,0.1370149414,0.0148552776,0.0425968475,-0.0705788337,0.1268776610,-0.0489335312,-0.2023313220,0.0325012406,-1.0629556525,0.2791793053,-0.1972391809,0.2200164397,-0.3547877166,-0.2834984580,-0.2016733999,0.2396273863,-0.6333765870,0.2748115117,0.1072142829,-0.3302915151
-0.0115983578,-0.0232758838,0.8108543295,-0.0732617051,0.0054511307,-0.7401233381,0.6684462971,0.1445689080,0.1342410620,0.0344686148,0.1147321080,-0.0344958846,-0.0096280512,0.1407908908,0.0154251561,-0.0314507083,0.1368208957,0.0162419931,0.0429959916,-0.0702120218,0.1266417377,-0.0485482905,-0.2033336100,0.0294902684,-1.0628748921,0.2832217444,-0.1970005550,0.2202853281,-0.3535861250,-0.2803380990,-0.1961477145,0.2546667107,-0.6459039511,0.2720542110,0.1076659200,-0.3281715473
-0.0114768266,-0.0235541485,0.8109710246,-0.0730356952,0.0056847768,-0.7402469579,0.6683321868,0.1448577252,0.1329052539,0.0353829541,0.1146354193,-0.0324659793,-0.0093394554,0.1402784648,0.0150713432,-0.0308890841,0.1368338217,0.0183543987,0.0429935090,-0.0707830493,0.1289427632,-0.0476380257,-0.2029822239,0.0267288005,-1.0609456128,0.2845359533,-0.1975304397,0.2200267799,-0.3528381078,-0.2692368264,-0.1803229245,0.2562594793,-0.6469051474,0.2769818596,0.1069859900,-0.3402736098
-0.0112768956,-0.0237791587,0.8112008420,-0.0727931314,0.0058335311,-0.7404257211,0.6681593235,0.1449100946,0.1323899739,0.0357622785,0.1143996675,-0.0310256716,-0.0093445655,0.1399823605,0.0146560448,-0.0304597385,0.1367429237,0.0196200440,0.0428379280,-0.0706064507,0.1306196562,-0.0471674428,-0.2021228422,0.0245395468,-1.0598839785,0.2854606605,-0.1981786472,0.2198677177,-0.3522041087,-0.2586819504,-0.1646470597,0.2568529258,-0.6457661052,0.2837284284,0.1047416995,-0.3531734084
-0.0110801505,-0.0240887286,0.8113414706,-0.0725470555,0.0059848694,-0.7406100407,0.6679804441,0.1449244373,0.1318840591,0.0361527489,0.1142235140,-0.0296177371,-0.0093547969,0.1396439678,0.0142472573,-0.0300180092,0.1366987540,0.0208681680,0.0426756464,-0.0702502996,0.1322498539,-0.0467909040,-0.2011630653,0.0224869491,-1.0590941911,0.2861849803,-0.1988832428,0.2197639368,-0.3515124644,-0.2483498680,-0.1491096197,0.2571946060,-0.6438286586,0.2909616154,0.1018170547,-0.3660061461
-0.0111953522,-0.0245974885,0.8114972655,-0.0721508794,0.0061356269,-0.7408550958,0.6677502015,0.1451082518,0.1318710397,0.0350249127,0.1141091238,-0.0290101112,-0.0097134475,0.1394769345,0.0139107988,-0.0305911297,0.1367035835,0.0217574169,0.0427233788,-0.0701765453,0.1331603409,-0.0466896090,-0.1988867722,0.0219984293,-1.0570766123,0.2887513556,-0.1998817112,0.2198397901,-0.3501436978,-0.2421052279,-0.1373334688,0.2584285061,-0.6482150986,0.2949485594,0.0981367530,-0.3778456030
-0.0113258555,-0.0250939288,0.8116512362,-0.0717669313,0.0062562957,-0.7410250891,0.6676018152,0.1452394134,0.1316466280,0.0341729146,0.1141733673,-0.0276959881,-0.0099028120,0.1392834387,0.0133839294,-0.0312627101,0.1367407535,0.0229398658,0.0427912287,-0.0701228707,0.1342052510,-0.0463325143,-0.1969052650,0.0215481050,-1.0546746717,0.2914165843,-0.2006926451,0.2195499342,-0.3491251926,-0.2356279958,-0.1255327049,0.2602056616,-0.6534017547,0.2983338975,0.0949361416,-0.3899137347
-0.0113647048,-0.0255934671,0.8118051398,-0.0713809665,0.0063720034,-0.7411906828,0.6674582585,0.1453985491,0.1314031845,0.0333158928,0.1142025889,-0.0263644758,-0.0100808002,0.1391109373,0.0128384044,-0.0319452199,0.1367628255,0.0241231949,0.0428685082,-0.0701227609,0.1352620053,-0.0459179362,-0.1949944314,0.0210491544,-1.0521563099,0.2941979542,-0.2014476838,0.2191519921,-0.3482254040,-0.2289803765,-0.1137387544,0.2622379043,-0.6589658754,0.3014918640,0.0919553503,-0.4020953741
-0.0117271862,-0.0259132499,0.8119197055,-0.0710893822,0.0062539946,-0.7412902348,0.6673799330,0.1454700580,0.1307308488,0.0341010759,0.1141177102,-0.0254017490,-0.0112178716,0.1393973865,0.0129930084,-0.0315892575,0.1365763852,0.0229514320,0.0420208224,-0.0698034737,0.1351970176,-0.0461044534,-0.1952388561,0.0208520352,-1.0519025844,0.2980300891,-0.2010509065,0.2187561975,-0.3457279294,-0.2229111546,-0.1080352273,0.2666510838,-0.6608155457,0.3050736574,0.0906532002,-0.4098802790
-0.0119509154,-0.0262140331,0.8121345623,-0.0707974825,0.0060801281,-0.7413688410,0.6673252506,0.1458388094,0.1304399644,0.0349806219,0.1141512448,-0.0234601613,-0.0117608237,0.1395509957,0.0124755084,-0.0318385613,0.1367171086,0.0236939870,0.0417529982,-0.0692989157,0.1353374459,-0.0461884965,-0.1955111133,0.0202633243,-1.0517294554,0.3019239805,-0.2006736403,0.2183601157,-0.3429005792,-0.2172843164,-0.1027226536,0.2706162262,-0.6618344623,0.3090802597,0.0890155792,-0.4170352891
-0.0121600864,-0.0264163850,0.8123514969,-0.0705075723,0.0059012236,-0.7414468360,0.6672708949,0.1462351924,0.1301204934,0.0358699835,0.1141080811,-0.0214588728,-0.0122790528,0.1397406047,0.0119341231,-0.0320850694,0.1367568035,0.0245112808,0.0415028456,-0.0687409632,0.1355178169,-0.0462452474,-0.1958525209,0.0195595227,-1.0516015127,0.3058868019,-0.2003150036,0.2179643477,-0.3400057397,-0.2118417046,-0.0975110103,0.2744099090,-0.6624859703,0.3132443663,0.0871648320,-0.4240143090
-0.0123653768,-0.0267597386,0.8124459728,-0.0702824005,0.0059121898,-0.7416481461,0.6670708040,0.1462870227,0.1298521249,0.0354880798,0.1138238508,-0.0210758097,-0.0128912867,0.1397333355,0.0123020977,-0.0312407569,0.1366683950,0.0237433938,0.0414088441,-0.0674939471,0.1357840364,-0.0458863439,-0.1961085749,0.0186518095,-1.0489880681,0.3084575828,-0.2005349145,0.2174728451,-0.3385994606,-0.2020421802,-0.0914488589,0.2758199204,-0.6569982850,0.3191026462,0.0853075435,-0.4324694722
-0.0126215963,-0.0269760004,0.8125082194,-0.0699517874,0.0058070503,-0.7418532016,0.6668784393,0.1464900407,0.1294603103,0.0354274883,0.1137859690,-0.0204153059,-0.0135054292,0.1396823350,0.0120481478,-0.0311595235,0.1366466217,0.0234626219,0.0411450836,-0.0660955726,0.1361109183,-0.0460279946,-0.1961973304,0.0178451669,-1.0463099766,0.3110207478,-0.2007527804,0.2170496361,-0.3376239533,-0.1927059987,-0.0853466149,0.2768514560,-0.6502963027,0.3255572038,0.0825815500,-0.4406332478
-0.0128720616,-0.0272729557,0.8125712874,-0.0696060964,0.0057081278,-0.7420554987,0.6666903671,0.1466508238,0.1290420381,0.0353602793,0.1137391248,-0.0197329615,-0.0141083860,0.1395826043,0.0117683976,-0.0310820715,0.1366300337,0.0231941968,0.0408903075,-0.0647048560,0.1364156608,-0.0462461507,-0.1962536787,0.0170475518,-1.0436162566,0.3135814587,-0.2009476570,0.2166363698,-0.3367374997,-0.1835545111,-0.0793015408,0.2777102604,-0.6430430731,0.3322231957,0.0794798785,-0.4485822891
-0.0133907725,-0.0275814069,0.8126499056,-0.0694164876,0.0057076932,-0.7421435678,0.6666121048,0.1467091391,0.1294485705,0.0354254298,0.1135943094,-0.0189700854,-0.0148001043,0.1395078922,0.0119529422,-0.0312271492,0.1367310245,0.0228613267,0.0401904715,-0.0625691602,0.1368903985,-0.0452474879,-0.1932617653,0.0189452341,-1.0369455485,0.3194920570,-0.2015374542,0.2167462023,-0.3346132632,-0.1695435890,-0.0735314777,0.2738287058,-0.6239817145,0.3448615224,0.0764359384,-0.4565044255
-0.0138314648,-0.0278755155,0.8126268459,-0.0692155608,0.0056236693,-0.7422508137,0.6665142985,0.1468688197,0.1295773933,0.0353587608,0.1134609567,-0.0186786396,-0.0157157346,0.1396063032,0.0122230662,-0.0313885979,0.1367305724,0.0222241603,0.0394926571,-0.0605066977,0.1370665050,-0.0446836910,-0.1898076137,0.0207597890,-1.0301742721,0.3261364987,-0.2020451182,0.2163994688,-0.3327051741,-0.1566885719,-0.0678832874,0.2687659485,-0.6017632889,0.3594362120,0.0717030142,-0.4631358454
-0.0142531466,-0.0281434708,0.8126904139,-0.0690387662,0.0055161199,-0.7423554023,0.6664170450,0.1470385497,0.1296778762,0.0352996254,0.1133807168,-0.0183845539,-0.0166034175,0.1397249314,0.0124674340,-0.0315443366,0.1367540889,0.0216047698,0.0388174933,-0.0585249263,0.1371790698,-0.0441702216,-0.1862713066,0.0225118462,-1.0233312349,0.3330542253,-0.2024958880,0.2158394979,-0.3308897027,-0.1445279232,-0.0624093909,0.2629983467,-0.5779411256,0.3747431937,0.0661269833,-0.4688676403
-0.0148995390,-0.0291568518,0.8124733633,-0.0701686788,0.0036538593,-0.7420260685,0.6666785729,0.1526205171,0.1292063343,0.0345218784,0.1172362713,-0.0217705739,-0.0170337880,0.1451231394,0.0112230630,-0.0326187262,0.1410194575,0.0167871375,0.0385798665,-0.0577901778,0.1349086646,-0.0428709720,-0.1765572186,0.0258152141,-1.0147527773,0.3490198377,-0.2010810969,0.2128225454,-0.3266858660,-0.1203415829,-0.0586651842,0.2563292231,-0.5361803793,0.3899489995,0.0597722667,-0.4720322487
-0.0155286195,-0.0296362420,0.8124095264,-0.0703880632,0.0030039795,-0.7415805311,0.6671542645,0.1543849136,0.1291125490,0.0332550489,0.1174827520,-0.0216033730,-0.0173534261,0.1472390838,0.0109687518,-0.0344141313,0.1417095092,0.0150200801,0.0383212208,-0.0574628415,0.1346484490,-0.0419715811,-0.1707457503,0.0286596516,-1.0043871739,0.3641260864,-0.2009659900,0.2109630760,-0.3230667699,-0.1015006975,-0.0572239052,0.2468555973,-0.4916339071,0.4070590002,0.0538229900,-0.4721080801
-0.0160080977,-0.0299107970,0.8124588113,-0.0704336342,0.0025772772,-0.7411637369,0.6676142418,0.1553874553,0.1290635491,0.0320045789,0.1175722797,-0.0210808410,-0.0176054529,0.1487236242,0.0107717699,-0.0361705236,0.1419168952,0.0138143336,0.0381041548,-0.0571422889,0.1346280521,-0.0413815734,-0.1656006780,0.0313218492,-0.9936291927,0.3793378791,-0.2011660734,0.2094773130,-0.3195855343,-0.0842774984,-0.0565289751,0.2364057408,-0.4451323247,0.4249014080,0.0478243982,-0.4707293738
-0.0164186286,-0.0302722329,0.8124159927,-0.0705018994,0.0022470208,-0.7408382713,0.6679693772,0.1564509481,0.1292088952,0.0320179160,0.1175783455,-0.0218217657,-0.0188806701,0.1502108124,0.0109011581,-0.0362686358,0.1420420290,0.0131875796,0.0374517406,-0.0548172082,0.1344588005,-0.0412724587,-0.1548181649,0.0364392297,-0.9700672376,0.4109472519,-0.2041685932,0.2086512410,-0.3076092207,-0.0671005590,-0.0533551598,0.2243922799,-0.3922292681,0.4435283130,0.0415132949,-0.4731811577
-0.0167683233,-0.0306630085,0.8123678093,-0.0706260834,0.0019666844,-0.7405112646,0.6683196507,0.1574815565,0.1294351070,0.0318913536,0.1177634447,-0.0217618087,-0.0195804596,0.1516949631,0.0109487801,-0.0369236699,0.1421283231,0.0122967451,0.0368267626,-0.0532337157,0.1341447237,-0.0413370978,-0.1446651618,0.0407371532,-0.9453904327,0.4455671592,-0.2071508324,0.2059424109,-0.2956865754,-0.0507262941,-0.0507706908,0.2128597619,-0.3373949027,0.4624617044,0.0349410513,-0.4746520932
-0.0170653662,-0.0310044074,0.8123217235,-0.0707799378,0.0016630485,-0.7401682503,0.6686840778,0.1584983109,0.1295905472,0.0317349569,0.1179687213,-0.0216357528,-0.0202014928,0.1531744246,0.0109275786,-0.0375950168,0.1422409180,0.0114601116,0.0362739961,-0.0519135554,0.1337141085,-0.0414065966,-0.1349486096,0.0449365387,-0.9203038650,0.4811347114,-0.2100834836,0.2025227460,-0.2839993152,-0.0349081775,-0.0491594274,0.2012618140,-0.2813563652,0.4815743896,0.0284815020,-0.4749067768
-0.0169467357,-0.0315563293,0.8122287887,-0.0706953934,0.0014165259,-0.7396618504,0.6692536902,0.1590422300,0.1284940028,0.0297449098,0.1180866267,-0.0226682126,-0.0189002801,0.1546561107,0.0102303940,-0.0382632831,0.1418045546,0.0104857447,0.0376840153,-0.0504021760,0.1313221689,-0.0417888015,-0.1201891086,0.0529114123,-0.8888373378,0.5157812071,-0.2181486334,0.1978610167,-0.2661010916,-0.0218159309,-0.0621444035,0.1787906322,-0.1741596342,0.5005055496,0.0316951512,-0.4784759133
-0.0166408164,-0.0319282772,0.8121631257,-0.0708093334,0.0011785802,-0.7391164801,0.6698443685,0.1595285284,0.1274470084,0.0281145146,0.1184860392,-0.0229342818,-0.0179229191,0.1560591717,0.0092360233,-0.0392923806,0.1415854053,0.0098846630,0.0387731751,-0.0492107834,0.1287998609,-0.0426326504,-0.1050807390,0.0613199666,-0.8573712845,0.5499849784,-0.2269243521,0.1933710579,-0.2476083612,-0.0166957487,-0.0801373588,0.1547589138,-0.0531510428,0.5222777354,0.0323259430,-0.4753075947
-0.0160710764,-0.0321241880,0.8121056245,-0.0710321023,0.0008829856,-0.7385724295,0.6704210820,0.1599465512,0.1262360190,0.0265429507,0.1190205768,-0.0230341400,-0.0167009081,0.1574012222,0.0080832909,-0.0402278861,0.1414210931,0.0095396277,0.0400836303,-0.0478359217,0.1258198956,-0.0431558873,-0.0905934555,0.0702515178,-0.8259615866,0.5841339628,-0.2358530653,0.1889442848,-0.2290164255,-0.0153870782,-0.1026705871,0.1321759120,0.0745570628,0.5443669251,0.0321463807,-0.4670255615
-0.0153552972,-0.0319602396,0.8119239485,-0.0714093662,0.0004313741,-0.7380495704,0.6709570389,0.1603667888,0.1249908349,0.0253294731,0.1195417374,-0.0238088748,-0.0154349342,0.1589997163,0.0067558078,-0.0411518777,0.1412636541,0.0093100084,0.0414778039,-0.0422666170,0.1221072282,-0.0424497256,-0.0743358983,0.0757332266,-0.7865850677,0.6138635559,-0.2511698157,0.1833861225,-0.2031773252,-0.0174173905,-0.1241428250,0.1270259724,0.1690575451,0.5565634941,0.0292265277,-0.4408043628
-0.0147563800,-0.0319365629,0.8117299962,-0.0718019182,-0.0000059011,-0.7374514657,0.6715726470,0.1608891694,0.1238546500,0.0245098170,0.1200381555,-0.0247698616,-0.0141734274,0.1606326376,0.0055963824,-0.0414913025,0.1410447769,0.0089107164,0.0428618568,-0.0380182782,0.1188144456,-0.0411197230,-0.0587456792,0.0814252660,-0.7457580672,0.6425327865,-0.2673921589,0.1784530794,-0.1764845420,-0.0148549142,-0.1448751438,0.1273926419,0.2542110738,0.5639323909,0.0296368016,-0.4163709381
-0.0141977562,-0.0319797293,0.8116145902,-0.0721911337,-0.0004489042,-0.7368264124,0.6722165400,0.1615251596,0.1227466609,0.0236149213,0.1205091532,-0.0258145593,-0.0129580397,0.1624213450,0.0044660200,-0.0419176185,0.1407792216,0.0084028785,0.0442076620,-0.0340249113,0.1157010159,-0.0398723152,-0.0432224109,0.0874196771,-0.7045392633,0.6707662469,-0.2837977638,0.1735989615,-0.1499052931,-0.0102215143,-0.1652304480,0.1311807191,0.3349009956,0.5685401559,0.0318986351,-0.3937030929
-0.0137631288,-0.0320010555,0.8115106690,-0.0726192318,-0.0008765590,-0.7360325670,0.6730391810,0.1625279886,0.1218646474,0.0210841332,0.1209743742,-0.0260723794,-0.0119349176,0.1646113109,0.0036242373,-0.0445943222,0.1403572498,0.0064413762,0.0452182224,-0.0295116312,0.1138791258,-0.0389139262,-0.0271778536,0.0976435558,-0.6691906185,0.6928587786,-0.2984166539,0.1682615615,-0.1267482596,-0.0088712609,-0.1856950676,0.1413811392,0.4127814572,0.5697981895,0.0364510417,-0.3691998714
-0.0134804110,-0.0321338091,0.8113843568,-0.0730435185,-0.0014013284,-0.7351580944,0.6739475179,0.1633578659,0.1209608317,0.0189796841,0.1213874818,-0.0264005315,-0.0110035639,0.1668153006,0.0027629351,-0.0461341128,0.1401320501,0.0057872293,0.0460937849,-0.0251902791,0.1119154299,-0.0378547970,-0.0102032622,0.1087974305,-0.6340957716,0.7134069325,-0.3131424938,0.1628431443,-0.1037823393,-0.0073069654,-0.2054901465,0.1534595021,0.4894250187,0.5689118348,0.0413105013,-0.3449295074
-0.0132334537,-0.0321716927,0.8112587648,-0.0734671998,-0.0019372832,-0.7342896118,0.6748463406,0.1642117914,0.1200983130,0.0168885091,0.1217965893,-0.0267244223,-0.0101255217,0.1690615744,0.0019446812,-0.0476674865,0.1398417625,0.0051681307,0.0469182548,-0.0207705186,0.1100586878,-0.0369149005,0.0069686718,0.1201978255,-0.5988310253,0.7330291379,-0.3279262341,0.1580294291,-0.0810231062,-0.0057145137,-0.2246605394,0.1675153345,0.5644696391,0.5662415998,0.0466923721,-0.3214387599
-0.0134730732,-0.0321716588,0.8111524860,-0.0737428446,-0.0023576618,-0.7331725153,0.6760284736,0.1643514788,0.1198732851,0.0136509734,0.1220238455,-0.0271254364,-0.0103980905,0.1710834342,0.0017075403,-0.0505511493,0.1394230917,0.0033650175,0.0470587128,-0.0190140744,0.1075546502,-0.0360542064,0.0154267035,0.1332486678,-0.5814950627,0.7519966956,-0.3320937562,0.1552941165,-0.0676906399,-0.0076580729,-0.2437734807,0.1837707172,0.6269268267,0.5617241828,0.0515521589,-0.2947085861
-0.0137551783,-0.0320471620,0.8110466302,-0.0740891638,-0.0027565534,-0.7320194264,0.6772375924,0.1644138508,0.1199035417,0.0103995534,0.1222719088,-0.0277243828,-0.0105293656,0.1729065424,0.0017445485,-0.0534437866,0.1392392111,0.0020094770,0.0471252738,-0.0159756112,0.1052155858,-0.0348769994,0.0230553498,0.1464936791,-0.5651389594,0.7709027284,-0.3354477125,0.1531198366,-0.0554471852,-0.0084299671,-0.2620065656,0.1995249786,0.6863358593,0.5555192422,0.0572240106,-0.2690266609
-0.0140726058,-0.0320053263,0.8108532727,-0.0744392339,-0.0031569243,-0.7308830128,0.6784238026,0.1644848740,0.1200019822,0.0071886746,0.1225545364,-0.0283473831,-0.0107182673,0.1747182942,0.0018443982,-0.0562974744,0.1390826483,0.0006430986,0.0471367382,-0.0124761175,0.1030209728,-0.0337063637,0.0305772980,0.1597515866,-0.5491327187,0.7898732246,-0.3387507742,0.1510023746,-0.0434372347,-0.0086242135,-0.2795180930,0.2159032324,0.7440272887,0.5478585131,0.0631182663,-0.2441798566
-0.0145499690,-0.0318268687,0.8109171296,-0.0744529933,-0.0035793026,-0.7300668865,0.6792983746,0.1647308966,0.1198034578,0.0041679022,0.1229990969,-0.0267315938,-0.0099922984,0.1762582970,0.0016848155,-0.0587606457,0.1390070637,0.0003994038,0.0474228574,-0.0095839004,0.1023130850,-0.0323002465,0.0383375633,0.1663039286,-0.5463444087,0.7955067157,-0.3394167542,0.1494806214,-0.0419090106,-0.0134218032,-0.2899714626,0.2385698255,0.7971281654,0.5409159595,0.0688066006,-0.2202684263
-0.0149776323,-0.0317558696,0.8108790058,-0.0746685183,-0.0040198688,-0.7293007434,0.6800947572,0.1650450723,0.1197974083,0.0004473548,0.1231700493,-0.0257551559,-0.0101256176,0.1777310958,0.0017266153,-0.0616761347,0.1388770066,-0.0002143010,0.0474650927,-0.0062614552,0.1019690122,-0.0311022803,0.0473717466,0.1734295933,-0.5440871936,0.7983331369,-0.3400429428,0.1494334446,-0.0401288794,-0.0176348944,-0.2997335951,0.2617782958,0.8483859758,0.5331455661,0.0748498027,-0.1978649892
-0.0154413478,-0.0316160431,0.8108404278,-0.0748769035,-0.0044493169,-0.7285370726,0.6808872056,0.1653700706,0.1198595253,-0.0032765018,0.1233456256,-0.0248120432,-0.0103197998,0.1792136206,0.0018316334,-0.0645993068,0.1387556812,-0.0008627379,0.0474566281,-0.0029116459,0.1017065274,-0.0300358555,0.0569133126,0.1806984911,-0.5419391861,0.8002642377,-0.3407681957,0.1499279480,-0.0380712716,-0.0215195016,-0.3088104239,0.2856218470,0.8985174782,0.5244351342,0.0809042560,-0.1762060573
-0.0155616127,-0.0312768607,0.8110951471,-0.0735455255,-0.0030524004,-0.7269807886,0.6827010118,0.1608992776,0.1196778099,-0.0067030178,0.1197145845,-0.0219847186,-0.0100729921,0.1771407110,0.0020659032,-0.0677956540,0.1350441598,0.0025001384,0.0470832255,-0.0019010428,0.1013527078,-0.0315536456,0.0591395371,0.1850929300,-0.5366215651,0.8030881275,-0.3425620083,0.1519553265,-0.0373102847,-0.0273285138,-0.3129195257,0.2941520998,0.9271480167,0.5253086845,0.0833905086,-0.1677155631
-0.0155978708,-0.0313049874,0.8110987655,-0.0731454564,-0.0026377685,-0.7253320977,0.6844969923,0.1585776836,0.1193246425,-0.0109064100,0.1193556441,-0.0213074532,-0.0102326882,0.1774251245,0.0019361590,-0.0716817842,0.1341990545,0.0029122053,0.0466610979,0.0003124709,0.1008033012,-0.0324374498,0.0622328311,0.1886933836,-0.5331488295,0.8080861216,-0.3438313515,0.1531443229,-0.0363989223,-0.0314684310,-0.3164877652,0.3024600454,0.9566473533,0.5266081760,0.0859789436,-0.1608745371
-0.0157269622,-0.0313453854,0.8110735860,-0.0730152940,-0.0024994463,-0.7236437579,0.6862960230,0.1569294051,0.1189333093,-0.0151376423,0.1195217208,-0.0210583012,-0.0103932909,0.1783269564,0.0017436670,-0.0755813845,0.1340324913,0.0028046783,0.0462559816,0.0028692428,0.1002035559,-0.0326652112,0.0651291902,0.1921718392,-0.5301843618,0.8136800909,-0.3450283379,0.1537887655,-0.0355201950,-0.0352816493,-0.3199961637,0.3106709108,0.9859183571,0.5279338180,0.0885140357,-0.1543689760
-0.0160514492,-0.0311082935,0.8110612160,-0.0731879986,-0.0027748431,-0.7230289564,0.6869242646,0.1567309229,0.1194556995,-0.0164113990,0.1198028780,-0.0212413429,-0.0105938223,0.1789745386,0.0020778591,-0.0771169462,0.1339639497,0.0025673824,0.0458453257,0.0036751400,0.1007377933,-0.0321379056,0.0651716800,0.1954923074,-0.5373539148,0.8172584221,-0.3413765674,0.1542253800,-0.0393952555,-0.0417940444,-0.3212730019,0.3280531145,1.0098807067,0.5218953918,0.0913856103,-0.1435882619
-0.0164140349,-0.0308825561,0.8110366034,-0.0735176745,-0.0030746072,-0.7225033991,0.6874405695,0.1569234644,0.1198890228,-0.0185956761,0.1200507365,-0.0209883205,-0.0114199269,0.1799814277,0.0025827015,-0.0787151550,0.1339522663,0.0022451200,0.0451488404,0.0047533339,0.1015610630,-0.0312000875,0.0655313245,0.1990364018,-0.5442569167,0.8201300696,-0.3372672536,0.1549214291,-0.0436746165,-0.0479502221,-0.3222048868,0.3453430571,1.0326916632,0.5145805146,0.0946620377,-0.1329110546
-0.0167926511,-0.0305725391,0.8110100490,-0.0738932755,-0.0034134849,-0.7219659594,0.6879631425,0.1572952774,0.1203546545,-0.0207966141,0.1202271900,-0.0207216544,-0.0122743232,0.1811581926,0.0031216392,-0.0803381983,0.1339110059,0.0019053352,0.0444295649,0.0058111927,0.1024066624,-0.0301133231,0.0659680837,0.2026429032,-0.5511323645,0.8227537084,-0.3330322890,0.1557526318,-0.0480234306,-0.0538832581,-0.3228643628,0.3625946766,1.0549293360,0.5068286731,0.0980864831,-0.1224931720
-0.0171977371,-0.0305196913,0.8110087308,-0.0740444767,-0.0036317824,-0.7214502263,0.6884865987,0.1574955157,0.1207298168,-0.0215059205,0.1202717342,-0.0209473776,-0.0113916982,0.1820566072,0.0035575392,-0.0814866653,0.1338736075,0.0021261530,0.0450421116,0.0060634243,0.1027286266,-0.0292722952,0.0647048893,0.2054832958,-0.5577523741,0.8198245897,-0.3283574831,0.1561971026,-0.0547207024,-0.0588890146,-0.3259503557,0.3747711574,1.0697556581,0.4989443731,0.0996925174,-0.1133905272
-0.0175837297,-0.0303750840,0.8110027476,-0.0742249709,-0.0038251498,-0.7209696302,0.6889693856,0.1577127898,0.1211238391,-0.0231175944,0.1203669091,-0.0208204548,-0.0114952876,0.1829870976,0.0040295411,-0.0834599961,0.1338168613,0.0020493950,0.0449182221,0.0070355315,0.1032280570,-0.0284446901,0.0634082311,0.2084169374,-0.5648134490,0.8158436386,-0.3235438289,0.1572732037,-0.0615983399,-0.0627135728,-0.3293566689,0.3860963084,1.0825601963,0.4906998410,0.1016368407,-0.1050046080
-0.0179805898,-0.0303347732,0.8109961940,-0.0743975933,-0.0040026755,-0.7204794495,0.6894623554,0.1579174146,0.1215436042,-0.0247591034,0.1204506325,-0.0207032316,-0.0116164420,0.1839087159,0.0045292940,-0.0854673513,0.1337709925,0.0019436424,0.0447781013,0.0082680030,0.1037656306,-0.0276905022,0.0621383597,0.2114480704,-0.5722007289,0.8115288415,-0.3187469666,0.1586261463,-0.0684461662,-0.0659352783,-0.3327340049,0.3971325511,1.0944635810,0.4822883496,0.1038398429,-0.0970388051
-0.0180967532,-0.0303285897,0.8109185078,-0.0746067999,-0.0041369063,-0.7199855978,0.6899546727,0.1579213535,0.1218655411,-0.0256933169,0.1204423407,-0.0209341770,-0.0120017834,0.1846522312,0.0043755972,-0.0873205318,0.1336417849,0.0011292780,0.0443840773,0.0083893027,0.1038489127,-0.0275428122,0.0590247354,0.2100038535,-0.5778739300,0.8040326411,-0.3148754031,0.1596019835,-0.0747462581,-0.0686470107,-0.3348862682,0.4026060929,1.0994236938,0.4766671126,0.1046902672,-0.0881099479
-0.0181987804,-0.0303277480,0.8108373848,-0.0746599365,-0.0042651952,-0.7194671896,0.6904887147,0.1578387649,0.1219326883,-0.0263438017,0.1204834567,-0.0211779745,-0.0123432354,0.1853487703,0.0043199704,-0.0887359702,0.1336082173,0.0004198856,0.0442095943,0.0088065176,0.1040233092,-0.0271906349,0.0556074145,0.2083385710,-0.5839040846,0.7962397919,-0.3110128274,0.1609580731,-0.0806373265,-0.0704640363,-0.3373363502,0.4075222510,1.1027480122,0.4710997338,0.1059400658,-0.0796309872
-0.0183823910,-0.0303363238,0.8108430963,-0.0747053547,-0.0043865851,-0.7189597406,0.6910114032,0.1577470008,0.1219886184,-0.0269625067,0.1205285959,-0.0214396578,-0.0126765197,0.1860199799,0.0042563921,-0.0901174269,0.1335873719,-0.0002982663,0.0440462408,0.0094550640,0.1042333456,-0.0268706495,0.0521202336,0.2066581547,-0.5901569536,0.7883563524,-0.3071835165,0.1624544456,-0.0864277644,-0.0718310009,-0.3398919578,0.4122222875,1.1053752827,0.4654951745,0.1074516786,-0.0714376224
-0.0184998531,-0.0299812405,0.8107252825,-0.0749929782,-0.0044777954,-0.7186044540,0.6913491457,0.1574871539,0.1225564189,-0.0285041375,0.1203159378,-0.0227026160,-0.0130975073,0.1862962965,0.0047023628,-0.0920251664,0.1336312734,-0.0005333929,0.0438340558,0.0110781907,0.1046973981,-0.0269929261,0.0493214977,0.2061672629,-0.5869430890,0.7823797507,-0.3075469489,0.1627609347,-0.0867179679,-0.0762409514,-0.3407231338,0.4123155798,1.0941605458,0.4618813182,0.1062010715,-0.0661178897
-0.0187299441,-0.0296802560,0.8106731104,-0.0752297272,-0.0045925165,-0.7182522853,0.6916885510,0.1570498552,0.1232376294,-0.0294578290,0.1202839851,-0.0235407936,-0.0130962268,0.1865905290,0.0051591624,-0.0931997700,0.1336455461,-0.0010622814,0.0434972884,0.0123087768,0.1049796947,-0.0264774209,0.0458536986,0.2056973927,-0.5832311154,0.7771532444,-0.3082702884,0.1625121296,-0.0865566971,-0.0796093020,-0.3413102680,0.4127812867,1.0801382746,0.4583681744,0.1059979256,-0.0625067768
-0.0188762652,-0.0292949201,0.8106201103,-0.0754752730,-0.0047232331,-0.7179010919,0.6920254305,0.1566661627,0.1239123971,-0.0304019181,0.1202432645,-0.0243834524,-0.0130971005,0.1869218273,0.0056135835,-0.0943648714,0.1336796886,-0.0016112405,0.0431589070,0.0135307361,0.1052217101,-0.0258741299,0.0422205217,0.2051997869,-0.5794585410,0.7722136915,-0.3090238119,0.1620667821,-0.0864003081,-0.0825248160,-0.3419467213,0.4133790818,1.0650056560,0.4549363918,0.1063944031,-0.0595744413
-0.0188414626,-0.0292318409,0.8104837387,-0.0755878954,-0.0046746845,-0.7177865165,0.6921323097,0.1572165078,0.1234492465,-0.0301612551,0.1204369980,-0.0248113937,-0.0128439309,0.1869300098,0.0055971815,-0.0945085655,0.1336842138,-0.0017025996,0.0431167217,0.0131122814,0.1053976511,-0.0257572610,0.0394649524,0.2080095206,-0.5823901111,0.7758507603,-0.3047746934,0.1628542514,-0.0870106856,-0.0847385837,-0.3472138624,0.4150752383,1.0657501433,0.4497423748,0.1092890182,-0.0631804196
-0.0187489689,-0.0290846838,0.8104069976,-0.0757551067,-0.0046640303,-0.7177491357,0.6921528653,0.1573253475,0.1236317959,-0.0305633500,0.1204458504,-0.0255557094,-0.0126646554,0.1870918793,0.0056201235,-0.0950848357,0.1337378154,-0.0016745317,0.0429890026,0.0132516507,0.1057682321,-0.0260561921,0.0364877658,0.2103880211,-0.5855634134,0.7807653310,-0.2999750942,0.1629947885,-0.0880979988,-0.0881449028,-0.3521874604,0.4166784838,1.0697799033,0.4446057630,0.1110366456,-0.0662179327
-0.0186534725,-0.0290012169,0.8104197470,-0.0759245716,-0.0046384953,-0.7177169023,0.6921678929,0.1573419495,0.1238394219,-0.0309656729,0.1205288457,-0.0263053125,-0.0124859855,0.1871943027,0.0056668167,-0.0956503946,0.1337829822,-0.0015966193,0.0428543409,0.0134229282,0.1061801572,-0.0263878600,0.0333092986,0.2126158290,-0.5887123348,0.7861529274,-0.2950512733,0.1628148047,-0.0893597694,-0.0920789228,-0.3570686286,0.4183017813,1.0749454493,0.4394664446,0.1121608170,-0.0687977677
-0.0190695907,-0.0287229341,0.8104159507,-0.0760056126,-0.0046563571,-0.7174606449,0.6924245000,0.1569080204,0.1240652348,-0.0319366347,0.1204807738,-0.0254779797,-0.0135542452,0.1869805033,0.0062685545,-0.0969992138,0.1338497714,-0.0018036227,0.0422949220,0.0121124173,0.1074070398,-0.0257541864,0.0324122722,0.2276039397,-0.5913932910,0.7863982332,-0.2871793613,0.1627457532,-0.0958950202,-0.0952509534,-0.3702890451,0.4090359296,1.0639611971,0.4361922218,0.1103973546,-0.0659542529
-0.0194253402,-0.0284310690,0.8103544408,-0.0760888472,-0.0046127791,-0.7172732473,0.6926097734,0.1566045510,0.1245830633,-0.0334646522,0.1203835227,-0.0253793081,-0.0142884792,0.1868598941,0.0068852272,-0.0977269946,0.1339877895,-0.0018089634,0.0416127111,0.0117501660,0.1084234931,-0.0252038814,0.0315940951,0.2439582649,-0.5948802236,0.7850523409,-0.2790290512,0.1631038152,-0.1035122934,-0.0962929296,-0.3840506484,0.3981576097,1.0500245504,0.4325280862,0.1094631066,-0.0626894696
-0.0197900885,-0.0282579250,0.8103777521,-0.0761613668,-0.0045548735,-0.7171017370,0.6927797617,0.1563084261,0.1251285312,-0.0349483509,0.1203177822,-0.0253504488,-0.0150321506,0.1867530813,0.0075267954,-0.0984163412,0.1340903702,-0.0018318026,0.0409176361,0.0118612254,0.1093572192,-0.0247834039,0.0309303958,0.2606120443,-0.5988184802,0.7832819331,-0.2708986170,0.1636658260,-0.1112409322,-0.0963459230,-0.3979261876,0.3866971964,1.0350785827,0.4286766645,0.1089824123,-0.0595775729
-0.0202103279,-0.0281149892,0.8104484701,-0.0758054243,-0.0048251791,-0.7170638363,0.6928561972,0.1557281101,0.1252409395,-0.0334111542,0.1203328455,-0.0243307213,-0.0146741441,0.1862453577,0.0073454015,-0.0996520557,0.1340120620,-0.0022488846,0.0408655712,0.0124972695,0.1091569589,-0.0244401920,0.0341126928,0.2754073723,-0.5979970053,0.7862794426,-0.2653038313,0.1641936505,-0.1153954194,-0.0968647688,-0.4088182151,0.3778513819,1.0079066400,0.4233515645,0.1059877686,-0.0578489388
-0.0205635298,-0.0280401203,0.8105385324,-0.0754478107,-0.0048433329,-0.7170189308,0.6929415725,0.1551120882,0.1251311770,-0.0338764062,0.1201568633,-0.0232644153,-0.0151209731,0.1856081955,0.0072203960,-0.1006615580,0.1341657666,-0.0023338815,0.0406657122,0.0127124971,0.1093352843,-0.0242505586,0.0376098990,0.2899216016,-0.5964783347,0.7900159026,-0.2597261226,0.1640882283,-0.1190982113,-0.0961078576,-0.4196136324,0.3697363214,0.9781923773,0.4179186048,0.1039226360,-0.0574653745
-0.0209151508,-0.0279809672,0.8105413967,-0.0750587520,-0.0048317950,-0.7169544925,0.6930505705,0.1544010904,0.1250117360,-0.0344084843,0.1199829774,-0.0221956489,-0.0155601142,0.1849190067,0.0070902272,-0.1017328204,0.1342947877,-0.0024257465,0.0404729162,0.0127695447,0.1095055421,-0.0242061051,0.0412796790,0.3043375582,-0.5948004282,0.7939589561,-0.2540862797,0.1637409012,-0.1227729528,-0.0948318751,-0.4305236852,0.3618637192,0.9475989621,0.4125220406,0.1023987724,-0.0575093670
-0.0211134135,-0.0280488138,0.8107448694,-0.0747427804,-0.0046942656,-0.7170012196,0.6930373235,0.1538022074,0.1250360951,-0.0350562234,0.1197268433,-0.0213326733,-0.0159196532,0.1840394073,0.0070539167,-0.1012218902,0.1345145096,-0.0017086256,0.0401589283,0.0117889965,0.1104431595,-0.0243006096,0.0452261905,0.3168056875,-0.6012228504,0.8081221755,-0.2456788628,0.1643037117,-0.1233304701,-0.0976708822,-0.4285961398,0.3526450500,0.9081595693,0.4140763594,0.0978418354,-0.0610660585
-0.0213028278,-0.0280187649,0.8108433228,-0.0743819523,-0.0045825846,-0.7170545208,0.6930217452,0.1531779787,0.1249323569,-0.0358916612,0.1195055914,-0.0202542509,-0.0164180048,0.1832473171,0.0070017700,-0.1012980603,0.1347192330,-0.0011644136,0.0399553552,0.0113912059,0.1109373837,-0.0243667845,0.0481100046,0.3291453754,-0.6083426573,0.8237452395,-0.2371585811,0.1640987478,-0.1234084377,-0.0994040767,-0.4259162699,0.3434495909,0.8668295594,0.4161257510,0.0938879022,-0.0666532495
-0.0214982817,-0.0280757204,0.8109417852,-0.0740183319,-0.0044798866,-0.7171036818,0.6930104810,0.1525649912,0.1248182827,-0.0367390551,0.1192680377,-0.0191640638,-0.0169228703,0.1824546323,0.0069382071,-0.1013914122,0.1349524255,-0.0006383765,0.0397483310,0.0112186896,0.1113537556,-0.0244621442,0.0506499775,0.3413987728,-0.6157843988,0.8398172641,-0.2286423439,0.1635553353,-0.1233954341,-0.1006943535,-0.4231419733,0.3344377400,0.8246524390,0.4180456694,0.0902621606,-0.0728700269
-0.0219771135,-0.0282592720,0.8111096704,-0.0734036442,-0.0042821946,-0.7173395785,0.6928329503,0.1517509111,0.1246285027,-0.0368347603,0.1189497610,-0.0181787842,-0.0180855264,0.1810461401,0.0068393168,-0.1020779812,0.1350711167,-0.0008086135,0.0380478987,0.0103080792,0.1118885259,-0.0241507566,0.0568646712,0.3610959366,-0.6296154252,0.8594120421,-0.2132546673,0.1640602214,-0.1276114847,-0.1056321759,-0.4263999010,0.3225332688,0.7808456334,0.4197226838,0.0878206175,-0.0783913723
-0.0225385246,-0.0284352334,0.8112002680,-0.0727347351,-0.0040844929,-0.7175753331,0.6926605349,0.1508565356,0.1246938183,-0.0368786056,0.1186689255,-0.0171507866,-0.0190658653,0.1797074745,0.0068497960,-0.1024345024,0.1353377408,-0.0008822405,0.0372415947,0.0099387959,0.1122789700,-0.0240360529,0.0630745546,0.3810579305,-0.6437406838,0.8787479064,-0.1970626817,0.1643219604,-0.1323648582,-0.1105445110,-0.4297230591,0.3103672455,0.7373304492,0.4212320752,0.0855092958,-0.0834286438
-0.0230909416,-0.0286041559,0.8113781215,-0.0720656794,-0.0038865498,-0.7178229513,0.6924750127,0.1499492152,0.1247486768,-0.0368819769,0.1184124548,-0.0161285102,-0.0200350737,0.1783378234,0.0068496794,-0.1027523541,0.1356234251,-0.0009458565,0.0364469948,0.0097099654,0.1125991108,-0.0239886649,0.0692520320,0.4009831302,-0.6579718945,0.8980460415,-0.1806921934,0.1644194298,-0.1369401186,-0.1154639367,-0.4330414235,0.2984771407,0.6938391885,0.4225121567,0.0831528749,-0.0883921109
-0.0239812381,-0.0288458059,0.8112777756,-0.0729051897,-0.0053853413,-0.7178661853,0.6923322695,0.1528148614,0.1248481436,-0.0363341615,0.1216324345,-0.0170209858,-0.0213525556,0.1805134502,0.0067589492,-0.1025956280,0.1400167900,-0.0042485675,0.0355421833,0.0119289881,0.1127799663,-0.0207535191,0.0760364652,0.4125042712,-0.6791349501,0.9158156649,-0.1626834637,0.1632874549,-0.1441591220,-0.1160592668,-0.4232656480,0.2734637950,0.6360253854,0.4318258634,0.0800982411,-0.1059929794
-0.0248573591,-0.0287741964,0.8114192521,-0.0725286421,-0.0056072857,-0.7179993335,0.6922319781,0.1526195485,0.1252116768,-0.0361666264,0.1214228161,-0.0155721045,-0.0227749279,0.1798505414,0.0070924236,-0.1026014794,0.1407855658,-0.0048349294,0.0345435938,0.0124308412,0.1135072285,-0.0201383645,0.0835263346,0.4246905887,-0.6985855466,0.9294308263,-0.1465481527,0.1652336728,-0.1506701714,-0.1210526105,-0.4135897689,0.2509961665,0.5804820721,0.4413469718,0.0771393850,-0.1223155009
-0.0257422698,-0.0286915443,0.8114852302,-0.0719827752,-0.0056480877,-0.7181439236,0.6921386308,0.1518537048,0.1256200872,-0.0360355890,0.1211542064,-0.0139900483,-0.0242157796,0.1787066820,0.0074825160,-0.1026312230,0.1413199531,-0.0052015751,0.0335145760,0.0124949009,0.1143566430,-0.0201292143,0.0916123650,0.4369389076,-0.7177094229,0.9427498940,-0.1305435755,0.1670115667,-0.1568108635,-0.1266754362,-0.4033074094,0.2299166714,0.5256623616,0.4500592493,0.0731301928,-0.1387270625
-0.0260353605,-0.0288248612,0.8118054050,-0.0703124080,-0.0039237338,-0.7184285983,0.6920268194,0.1484163104,0.1263503881,-0.0361006785,0.1174616240,-0.0108509061,-0.0248941724,0.1747083794,0.0082778492,-0.1030542962,0.1380472182,-0.0018196313,0.0328661950,0.0115757917,0.1157668191,-0.0233583281,0.1009369601,0.4422121526,-0.7311658406,0.9503689955,-0.1222267318,0.1696915834,-0.1621647758,-0.1400289010,-0.3943885362,0.2217179766,0.5084653756,0.4573995180,0.0734138500,-0.1477790175
-0.0262620713,-0.0291030028,0.8119799627,-0.0695231164,-0.0032964725,-0.7187272114,0.6917997291,0.1470153228,0.1265891726,-0.0357841472,0.1170590201,-0.0100000754,-0.0255607291,0.1730718128,0.0085603984,-0.1028587239,0.1377478405,-0.0010324605,0.0323931700,0.0111641565,0.1166274820,-0.0249259351,0.1106309599,0.4467337331,-0.7456380344,0.9599899147,-0.1131668845,0.1719015951,-0.1668868374,-0.1530646219,-0.3842572779,0.2139556094,0.4935262710,0.4641451345,0.0720919559,-0.1581308302
-0.0265768404,-0.0294496237,0.8120458372,-0.0689771083,-0.0029415211,-0.7190096422,0.6915624631,0.1462788251,0.1267599305,-0.0354429774,0.1170026967,-0.0094292427,-0.0262149731,0.1719985971,0.0087566860,-0.1026303108,0.1379887071,-0.0006229283,0.0319424741,0.0107577460,0.1174223454,-0.0256603745,0.1200095218,0.4511308322,-0.7601869634,0.9700919541,-0.1040057369,0.1737448024,-0.1714418977,-0.1663201120,-0.3739188328,0.2062017845,0.4789837344,0.4706933221,0.0701778082,-0.1685952618
-0.0268697743,-0.0295090601,0.8122431835,-0.0687850565,-0.0029049722,-0.7193234218,0.6912553739,0.1462220521,0.1269874807,-0.0345398233,0.1170212369,-0.0078894459,-0.0268164258,0.1709098180,0.0087241588,-0.1025507240,0.1383498465,0.0002366620,0.0315053574,0.0099882369,0.1179728919,-0.0269559932,0.1262424353,0.4529449795,-0.7717198255,0.9710180165,-0.0967619224,0.1744723903,-0.1801192191,-0.1826610061,-0.3647593090,0.1967799307,0.4364384673,0.4718772728,0.0639368735,-0.1790519221
-0.0271940912,-0.0296689803,0.8123365574,-0.0685966928,-0.0028959101,-0.7195486186,0.6910397187,0.1463437169,0.1272331345,-0.0342984570,0.1168996190,-0.0071047559,-0.0273552473,0.1704326593,0.0089249714,-0.1025075782,0.1388066264,0.0009606240,0.0310074760,0.0094011972,0.1190463288,-0.0275611621,0.1321905842,0.4552163575,-0.7830279636,0.9706347650,-0.0895541995,0.1759571344,-0.1893115984,-0.1965570444,-0.3553560861,0.1875241081,0.3882375115,0.4711004551,0.0596825041,-0.1916578644
-0.0274518811,-0.0297758256,0.8125115851,-0.0684445689,-0.0029221986,-0.7197592048,0.6908353558,0.1466222804,0.1275030778,-0.0340890449,0.1167995552,-0.0063991000,-0.0279202737,0.1701603531,0.0091533190,-0.1025084198,0.1392114059,0.0016310770,0.0304906937,0.0089723946,0.1201491274,-0.0280592301,0.1380962899,0.4576762489,-0.7945052581,0.9698441083,-0.0823187656,0.1777313684,-0.1985987666,-0.2093426708,-0.3458093136,0.1786129887,0.3376879756,0.4692222578,0.0565789382,-0.2052437897
-0.0277102816,-0.0301733674,0.8124402748,-0.0698785421,-0.0046081532,-0.7202363033,0.6901850634,0.1511186570,0.1273491089,-0.0322959413,0.1203231394,-0.0081550206,-0.0279870086,0.1735219015,0.0087803820,-0.1010579420,0.1435538738,-0.0010902827,0.0300082747,0.0106099299,0.1191627923,-0.0247482993,0.1427131636,0.4618048808,-0.8088957902,0.9705925060,-0.0758195168,0.1788726242,-0.2089287309,-0.2240036454,-0.3438007107,0.1814871933,0.2098942910,0.4363980202,0.0539369042,-0.2300257001
-0.0277623525,-0.0303382841,0.8124441200,-0.0701308046,-0.0049247029,-0.7206599701,0.6897148868,0.1527994848,0.1275319870,-0.0311029459,0.1201144301,-0.0077764482,-0.0283180301,0.1741823663,0.0088918533,-0.1001004006,0.1441340640,-0.0008304729,0.0295061933,0.0098560660,0.1192499839,-0.0237701009,0.1486820765,0.4660297489,-0.8202817663,0.9689086175,-0.0703398990,0.1803017113,-0.2189234752,-0.2402061818,-0.3449777485,0.1874336988,0.0796555148,0.4014206824,0.0579436174,-0.2513142866
-0.0277872685,-0.0305021849,0.8125503302,-0.0701932051,-0.0050040914,-0.7210910567,0.6892572531,0.1538043877,0.1276395973,-0.0299184942,0.1198217005,-0.0072429298,-0.0284924354,0.1743444677,0.0089496012,-0.0991360895,0.1442625126,-0.0001996846,0.0291532551,0.0085343876,0.1193191426,-0.0236370806,0.1552736834,0.4703644211,-0.8309956691,0.9663061444,-0.0647282041,0.1826827889,-0.2289761905,-0.2569355312,-0.3484670600,0.1945767754,-0.0499111785,0.3646661854,0.0652897325,-0.2684334599
-0.0276154848,-0.0306226583,0.8125687077,-0.0705623507,-0.0052480668,-0.7216192846,0.6886646648,0.1552942141,0.1274439670,-0.0293629482,0.1196750670,-0.0073197176,-0.0289006314,0.1748096320,0.0088824300,-0.0983417328,0.1445349367,-0.0000775132,0.0291573438,0.0060228714,0.1205055854,-0.0238525958,0.1619845912,0.4696446136,-0.8364359022,0.9598420758,-0.0635306834,0.1833668630,-0.2358538250,-0.2681954377,-0.3471207965,0.1891473658,-0.1584242826,0.3396534361,0.0739248199,-0.2822731222
-0.0274455953,-0.0305725314,0.8126723437,-0.0709212715,-0.0055434991,-0.7221863323,0.6880307728,0.1568741326,0.1272764098,-0.0281735547,0.1195744720,-0.0071268064,-0.0288218450,0.1752593988,0.0087660147,-0.0974316815,0.1447979199,0.0003789769,0.0292399589,0.0034347862,0.1214965996,-0.0240572762,0.1687642985,0.4690861090,-0.8421431030,0.9532977960,-0.0626518637,0.1841063888,-0.2424239718,-0.2811213022,-0.3476544345,0.1839021605,-0.2631081722,0.3149717372,0.0816394225,-0.2919967864
-0.0271970238,-0.0305700304,0.8126872756,-0.0713225495,-0.0058622476,-0.7227607232,0.6873832010,0.1584878540,0.1270263325,-0.0269284903,0.1195171452,-0.0069105176,-0.0286311524,0.1757520601,0.0085701659,-0.0964612126,0.1450481789,0.0009130906,0.0294342646,0.0007806557,0.1224036560,-0.0242211561,0.1755806747,0.4685800638,-0.8478192820,0.9467623915,-0.0618279688,0.1848987477,-0.2489536993,-0.2947705574,-0.3498647983,0.1791324069,-0.3661411579,0.2899158574,0.0895596735,-0.2987100506
-0.0268888090,-0.0307027856,0.8126917589,-0.0703656899,-0.0042888748,-0.7235387627,0.6866745475,0.1566057734,0.1281588322,-0.0245664145,0.1161344990,-0.0056357822,-0.0279041166,0.1729748364,0.0094345152,-0.0944907969,0.1417845559,0.0032276093,0.0298600464,-0.0054407075,0.1245586835,-0.0271847684,0.1822522050,0.4666218953,-0.8466877436,0.9373734841,-0.0648100145,0.1848424654,-0.2517059053,-0.3095325286,-0.3536313981,0.1751495962,-0.4061145764,0.2872198782,0.0946648547,-0.2996385992
-0.0265805923,-0.0310261713,0.8126506190,-0.0704371929,-0.0039332770,-0.7243726044,0.6857896625,0.1573354382,0.1286103526,-0.0220880984,0.1160438835,-0.0068918687,-0.0271766723,0.1724107575,0.0098005787,-0.0924434625,0.1415534574,0.0032123341,0.0305957706,-0.0104599519,0.1263799651,-0.0277341052,0.1885314698,0.4638062393,-0.8472763447,0.9296738107,-0.0678469485,0.1846842618,-0.2537889320,-0.3229365690,-0.3579192645,0.1709042408,-0.4450525248,0.2836413255,0.0980973492,-0.3005233189
-0.0262460024,-0.0313286175,0.8125019757,-0.0707716534,-0.0038533211,-0.7251920548,0.6848890485,0.1588200495,0.1289796856,-0.0195663365,0.1161996836,-0.0083799058,-0.0264002957,0.1724839842,0.0100655459,-0.0903444056,0.1417797598,0.0028697407,0.0313888159,-0.0152444831,0.1281401088,-0.0274034794,0.1943520660,0.4608404012,-0.8482447120,0.9224100841,-0.0709968482,0.1843426712,-0.2557364406,-0.3362685034,-0.3629049692,0.1665541254,-0.4837573643,0.2800449185,0.1011222033,-0.3011693593
-0.0254124165,-0.0315283671,0.8122477334,-0.0712491149,-0.0040564029,-0.7261008989,0.6838746916,0.1608344309,0.1282662187,-0.0174345946,0.1164083109,-0.0117947643,-0.0248752051,0.1734959731,0.0095011519,-0.0867896907,0.1420476866,0.0017492675,0.0321494085,-0.0194467842,0.1302717688,-0.0258522393,0.1967069784,0.4614704577,-0.8470459766,0.9164371737,-0.0740125834,0.1840519213,-0.2573595567,-0.3414457039,-0.3656129310,0.1693703584,-0.5178804752,0.2751952290,0.1049935142,-0.2969091110
-0.0246698760,-0.0318667403,0.8118793881,-0.0717581409,-0.0043249398,-0.7270214462,0.6828410363,0.1631061254,0.1276267543,-0.0149344705,0.1166188016,-0.0145091750,-0.0233127266,0.1744063516,0.0089235589,-0.0834584969,0.1421996122,0.0003641534,0.0329491266,-0.0238805330,0.1321993269,-0.0242299805,0.1992874588,0.4622118183,-0.8455051746,0.9106539930,-0.0769536101,0.1835856018,-0.2591598650,-0.3459412914,-0.3682253236,0.1723964486,-0.5525078417,0.2698318912,0.1088153325,-0.2920595270
-0.0239202637,-0.0321254558,0.8115977463,-0.0722708316,-0.0046014421,-0.7279382473,0.6818076428,0.1654374843,0.1269632272,-0.0124402622,0.1167694909,-0.0172006826,-0.0217346550,0.1753455389,0.0083263487,-0.0801273265,0.1423614698,-0.0010430167,0.0337608755,-0.0283757451,0.1340563022,-0.0226203757,0.2019402400,0.4629881652,-0.8438920073,0.9049066700,-0.0798581372,0.1830631571,-0.2609748651,-0.3503240413,-0.3711194934,0.1754941138,-0.5871956083,0.2644005171,0.1126866024,-0.2869883083
-0.0232296082,-0.0324430711,0.8111730310,-0.0728616150,-0.0047802390,-0.7290657286,0.6805376534,0.1681032342,0.1268344806,-0.0089089260,0.1166355633,-0.0215322962,-0.0197155525,0.1762199123,0.0081433338,-0.0765303513,0.1425290247,-0.0037052711,0.0351150946,-0.0320995821,0.1357660935,-0.0225229207,0.2016604201,0.4601804885,-0.8426945995,0.9113507402,-0.0807838510,0.1845419315,-0.2571031160,-0.3583010126,-0.3751826925,0.1791082604,-0.6134949742,0.2622250479,0.1165523064,-0.2819476597
-0.0225462319,-0.0326790531,0.8108196002,-0.0734490386,-0.0049936444,-0.7302431984,0.6792092265,0.1706607294,0.1265997452,-0.0051329699,0.1166714309,-0.0254580186,-0.0176932910,0.1768756531,0.0078266543,-0.0730824171,0.1428308354,-0.0058903624,0.0363237851,-0.0357230572,0.1376954967,-0.0222557290,0.2004020423,0.4558978690,-0.8415319845,0.9203410716,-0.0814230538,0.1850255873,-0.2527781338,-0.3676155493,-0.3799589214,0.1827018065,-0.6376900528,0.2609003777,0.1194122115,-0.2766382612
-0.0218308524,-0.0328835964,0.8103812865,-0.0740511734,-0.0052141399,-0.7314253396,0.6778688731,0.1732140390,0.1263274546,-0.0013504046,0.1167289121,-0.0293612677,-0.0156237738,0.1775095973,0.0074763439,-0.0696057007,0.1431498678,-0.0080310955,0.0375670046,-0.0393662375,0.1397251470,-0.0218988593,0.1988474495,0.4511972346,-0.8403416662,0.9300854813,-0.0820074302,0.1850634030,-0.2484501624,-0.3773622115,-0.3851716545,0.1863484170,-0.6611628002,0.2598676929,0.1218377755,-0.2712024351
-0.0207617073,-0.0329365248,0.8100628371,-0.0743388862,-0.0054586889,-0.7330016331,0.6761305633,0.1751265221,0.1249295394,0.0026560675,0.1168896156,-0.0322424495,-0.0135943964,0.1771683140,0.0063003164,-0.0644275767,0.1431995723,-0.0100768723,0.0391506066,-0.0417052814,0.1419707902,-0.0198136316,0.1987142539,0.4463531296,-0.8374004737,0.9319590819,-0.0837429800,0.1833445525,-0.2446961609,-0.3755749385,-0.3816574964,0.1922028581,-0.6735906768,0.2595967025,0.1226071568,-0.2672761770
-0.0197390358,-0.0330648644,0.8096644331,-0.0745396708,-0.0056190333,-0.7345868391,0.6743844895,0.1769566381,0.1236132175,0.0067124560,0.1168867953,-0.0351716510,-0.0116067287,0.1766588599,0.0050926521,-0.0595203462,0.1432847195,-0.0119131186,0.0405644692,-0.0441103325,0.1438874647,-0.0184213257,0.1996086421,0.4424763713,-0.8343760407,0.9325311229,-0.0856412057,0.1820739205,-0.2409741558,-0.3732076932,-0.3776700810,0.1981745113,-0.6856169257,0.2591276584,0.1224364480,-0.2630835907
-0.0187280173,-0.0331212369,0.8093549664,-0.0746980679,-0.0057454309,-0.7361697824,0.6726375251,0.1787025759,0.1222942937,0.0107487653,0.1168656974,-0.0380981801,-0.0096294580,0.1760545586,0.0038824463,-0.0546255218,0.1433819015,-0.0137706224,0.0419631990,-0.0465517867,0.1457197634,-0.0172348652,0.2007746009,0.4388549155,-0.8313342014,0.9326802220,-0.0875827478,0.1810076839,-0.2372231549,-0.3707408188,-0.3736177699,0.2041949041,-0.6975271577,0.2586251579,0.1220688390,-0.2588044073
-0.0179476215,-0.0331856940,0.8090393391,-0.0747845659,-0.0058337848,-0.7371500401,0.6715527187,0.1797949883,0.1212895261,0.0144461767,0.1166901077,-0.0406088472,-0.0078597721,0.1756991202,0.0029110019,-0.0510716868,0.1433688129,-0.0157667630,0.0455492949,-0.0468496369,0.1470830122,-0.0175273622,0.1976063732,0.4329919143,-0.8272144376,0.9337751063,-0.0900339881,0.1808918162,-0.2328339371,-0.3715242751,-0.3670528198,0.2044745994,-0.7022936712,0.2573332411,0.1213207134,-0.2614199873
-0.0171544698,-0.0331786799,0.8088132395,-0.0748802060,-0.0059522405,-0.7381335992,0.6704597790,0.1807981936,0.1202436041,0.0181467663,0.1165945487,-0.0430367376,-0.0060882978,0.1752525167,0.0018414250,-0.0477452994,0.1434504142,-0.0176128683,0.0489795354,-0.0468382356,0.1484192026,-0.0175977963,0.1937229453,0.4268966784,-0.8235143539,0.9360620986,-0.0926143014,0.1800753170,-0.2283451931,-0.3732111380,-0.3606032061,0.2043319049,-0.7052037475,0.2563314022,0.1193522796,-0.2641187884
-0.0163548098,-0.0331465830,0.8085011813,-0.0749900571,-0.0060845716,-0.7391174279,0.6693615593,0.1818093447,0.1191877240,0.0218489221,0.1165133183,-0.0454434280,-0.0043078723,0.1747967529,0.0007613406,-0.0444114498,0.1435612365,-0.0194433461,0.0524113662,-0.0467909831,0.1497884329,-0.0176198828,0.1895180117,0.4206946249,-0.8197763831,0.9382563368,-0.0951696111,0.1796397811,-0.2240609566,-0.3752007182,-0.3541977120,0.2040576326,-0.7080217255,0.2555199886,0.1175670274,-0.2668000125
-0.0154764005,-0.0330602151,0.8082737647,-0.0751731170,-0.0064314669,-0.7398160761,0.6685654884,0.1828219405,0.1176424582,0.0234421780,0.1165571390,-0.0464245573,-0.0027476912,0.1746634608,-0.0008005698,-0.0431319225,0.1438277133,-0.0203404954,0.0530878798,-0.0452195494,0.1509992129,-0.0184153759,0.1837334411,0.4221942129,-0.8098699686,0.9351366061,-0.0987282597,0.1775961212,-0.2189372935,-0.3796874117,-0.3523355022,0.2052019449,-0.7182962031,0.2534812992,0.1163829910,-0.2662288013
-0.0147418401,-0.0328931477,0.8081238906,-0.0752833423,-0.0068245172,-0.7404771036,0.6678169685,0.1838198489,0.1159589321,0.0250205812,0.1165690314,-0.0476121852,-0.0011093445,0.1746015037,-0.0024261310,-0.0416184276,0.1440317870,-0.0216285350,0.0547407451,-0.0439708219,0.1518976289,-0.0188490038,0.1782527285,0.4244459211,-0.7996019734,0.9311359143,-0.1023152509,0.1756610176,-0.2140019196,-0.3839127144,-0.3501855952,0.2064575311,-0.7296836515,0.2511628555,0.1160622070,-0.2656745845
-0.0139261600,-0.0328203690,0.8078853602,-0.0753965466,-0.0072289560,-0.7411299659,0.6670753155,0.1848577555,0.1142620539,0.0265757926,0.1165649523,-0.0488057367,0.0005196262,0.1745737641,-0.0040625946,-0.0401242982,0.1442520380,-0.0229455406,0.0563886532,-0.0427986700,0.1527203992,-0.0192380462,0.1729136541,0.4269010718,-0.7892583529,0.9269032455,-0.1058866084,0.1738251491,-0.2090734091,-0.3880411441,-0.3479874929,0.2077483083,-0.7413651544,0.2487584664,0.1160047911,-0.2651359893
-0.0131515534,-0.0327787334,0.8079130381,-0.0752629359,-0.0073015351,-0.7408936788,0.6673520321,0.1844802269,0.1126339622,0.0267087653,0.1164013500,-0.0487560508,0.0012398235,0.1743983712,-0.0058013706,-0.0409222036,0.1443496562,-0.0228660750,0.0576521665,-0.0393673163,0.1549388680,-0.0210865164,0.1663472443,0.4278012322,-0.7703129515,0.8903962867,-0.1139496230,0.1697610437,-0.2056761958,-0.3894834255,-0.3403632382,0.2038009663,-0.7419386926,0.2496666547,0.1158936979,-0.2696040337
-0.0123387973,-0.0328482662,0.8079416934,-0.0750479794,-0.0073121964,-0.7406550720,0.6676409192,0.1838740818,0.1110151545,0.0266423476,0.1163540400,-0.0485863863,0.0017844500,0.1740946349,-0.0074547790,-0.0418561296,0.1444650716,-0.0227155541,0.0586026895,-0.0364764036,0.1567187016,-0.0230769597,0.1616391071,0.4306701853,-0.7511833492,0.8494665438,-0.1225693700,0.1681333369,-0.2017217644,-0.3917524945,-0.3325609440,0.1997981378,-0.7411178617,0.2512325003,0.1150051934,-0.2739189868
-0.0116280056,-0.0328406113,0.8079703060,-0.0748092783,-0.0073065761,-0.7404096754,0.6679398913,0.1832088656,0.1094030119,0.0265482170,0.1163206199,-0.0484248370,0.0023119449,0.1737446078,-0.0091048842,-0.0428180277,0.1445968441,-0.0225868786,0.0595366832,-0.0337690805,0.1583894736,-0.0251494563,0.1575743068,0.4341051592,-0.7319200483,0.8072624094,-0.1312790205,0.1673137233,-0.1972912363,-0.3942706120,-0.3246002185,0.1958464988,-0.7398620288,0.2529259683,0.1138203282,-0.2781382583
-0.0111387492,-0.0329165629,0.8080237770,-0.0761198283,-0.0091514296,-0.7392455053,0.6690576253,0.1863650082,0.1072899431,0.0241850873,0.1192038118,-0.0492406085,0.0031450670,0.1779937036,-0.0115888630,-0.0463823096,0.1484414495,-0.0243270580,0.0606592209,-0.0258591627,0.1566428480,-0.0240626983,0.1508810751,0.4332945667,-0.7034750099,0.7491523905,-0.1529416807,0.1634383296,-0.1771044083,-0.3840026182,-0.3263473424,0.1878348990,-0.7409313011,0.2488975430,0.1129392728,-0.2839572839
-0.0107197938,-0.0328360490,0.8081597662,-0.0761134710,-0.0095238983,-0.7380345856,0.6703886823,0.1858239610,0.1057155289,0.0209630643,0.1191584686,-0.0472184997,0.0034462648,0.1791372817,-0.0132534640,-0.0505448176,0.1485510254,-0.0232809234,0.0609010382,-0.0203897750,0.1551598582,-0.0262215678,0.1452509015,0.4328338532,-0.6724271173,0.6908898366,-0.1745384339,0.1583299424,-0.1566993131,-0.3774881796,-0.3269186599,0.1810622109,-0.7390583864,0.2467746190,0.1119507946,-0.2893091344
-0.0102767171,-0.0326612960,0.8083960973,-0.0759462236,-0.0097326621,-0.7368303408,0.6717279921,0.1847169815,0.1041352612,0.0177095917,0.1191553355,-0.0451260022,0.0037846389,0.1798253513,-0.0149176906,-0.0547231905,0.1484841635,-0.0220532781,0.0611687738,-0.0152020167,0.1536657127,-0.0289079642,0.1401347699,0.4320777497,-0.6412212474,0.6325592024,-0.1954280738,0.1527061358,-0.1354277584,-0.3713314257,-0.3273048982,0.1745381874,-0.7366039099,0.2447716459,0.1107235880,-0.2945887048
-0.0101255343,-0.0330277655,0.8087386750,-0.0751826884,-0.0096919318,-0.7352313464,0.6735640260,0.1826311724,0.1021874437,0.0125264048,0.1191726208,-0.0418507177,0.0034444851,0.1801719861,-0.0169564395,-0.0609302308,0.1483632936,-0.0205845363,0.0606657483,-0.0092823331,0.1514099676,-0.0315702574,0.1329616991,0.4182455137,-0.5942970243,0.5724263337,-0.2274323395,0.1436992963,-0.1032663127,-0.3600563087,-0.3189728940,0.1615451299,-0.7358417499,0.2437874311,0.1070938411,-0.3069809468
-0.0098983845,-0.0332822536,0.8090628776,-0.0744614834,-0.0096483743,-0.7336133535,0.6754064287,0.1805351750,0.1001661828,0.0073857246,0.1192868268,-0.0388311393,0.0032669351,0.1805314864,-0.0191080752,-0.0674172544,0.1483741918,-0.0192171363,0.0600402729,-0.0036390411,0.1490914791,-0.0341846940,0.1258633257,0.4033526705,-0.5475489984,0.5121316785,-0.2579377115,0.1338644127,-0.0693924445,-0.3489580030,-0.3104439634,0.1489373448,-0.7358366589,0.2427269669,0.1042758454,-0.3197484177
-0.0095173604,-0.0335162560,0.8092984913,-0.0737726452,-0.0096244945,-0.7319883305,0.6772429770,0.1784739724,0.0980596992,0.0022633116,0.1194719663,-0.0358309809,0.0031897999,0.1809461252,-0.0213446688,-0.0738749034,0.1483981974,-0.0178175880,0.0595038486,0.0020612807,0.1466350325,-0.0368335919,0.1188642342,0.3875772464,-0.5013196135,0.4516510971,-0.2865412683,0.1228413800,-0.0342239682,-0.3378269973,-0.3017919743,0.1363163643,-0.7359051085,0.2416028785,0.1015734209,-0.3325873808
-0.0098914358,-0.0336232208,0.8095591931,-0.0733147967,-0.0098689549,-0.7301642710,0.6792552405,0.1769253706,0.0967456662,-0.0039419564,0.1195833731,-0.0339030919,0.0023063564,0.1819562131,-0.0223363518,-0.0786737982,0.1485945466,-0.0177758913,0.0589980709,0.0060070576,0.1439532194,-0.0373800425,0.1116684437,0.3788942493,-0.4905804421,0.3850230720,-0.2945585123,0.1149099455,-0.0143742752,-0.3141780404,-0.2953861112,0.1284756462,-0.7188013304,0.2495723103,0.0993247381,-0.3406908244
-0.0101594862,-0.0338169045,0.8098070425,-0.0728179906,-0.0100322433,-0.7283990267,0.6811987612,0.1754374856,0.0955104641,-0.0099419947,0.1195770592,-0.0316532571,0.0015463056,0.1829625698,-0.0234210845,-0.0845839016,0.1486855168,-0.0175031322,0.0564041475,0.0115361345,0.1412324117,-0.0388272643,0.1049179625,0.3708670681,-0.4818318935,0.3167944624,-0.3012832153,0.1078177539,0.0058176422,-0.2895991976,-0.2897315116,0.1187719652,-0.7007912595,0.2585696129,0.0957942247,-0.3480964582
-0.0105027573,-0.0339304539,0.8099667491,-0.0722998463,-0.0101663239,-0.7266446025,0.6831229756,0.1739034830,0.0942774024,-0.0158971677,0.1195633443,-0.0294070208,0.0008009337,0.1839041538,-0.0245061437,-0.0904489942,0.1487606404,-0.0172165423,0.0538241422,0.0173640862,0.1384672627,-0.0405112642,0.0981456186,0.3631196118,-0.4737808271,0.2482215221,-0.3071344722,0.1007633725,0.0263540241,-0.2649155483,-0.2842624020,0.1085652626,-0.6824806207,0.2678350560,0.0919609425,-0.3552131127
-0.0113305307,-0.0341354645,0.8101539847,-0.0718050644,-0.0101249288,-0.7245481826,0.6853987522,0.1719886203,0.0945197836,-0.0201792054,0.1194707818,-0.0283177587,-0.0005651192,0.1849869614,-0.0241815170,-0.0942702964,0.1486744936,-0.0169706155,0.0551187270,0.0225159489,0.1366850308,-0.0409661463,0.0897224947,0.3495052200,-0.4806331267,0.1446375606,-0.3108246829,0.0948478840,0.0347215917,-0.2405009553,-0.2672025029,0.1044415390,-0.6669195261,0.2793991963,0.0861498093,-0.3633184743
-0.0122611471,-0.0344615161,0.8104120100,-0.0713265997,-0.0100732637,-0.7224704882,0.6876390326,0.1702542485,0.0947785994,-0.0247500091,0.1194460117,-0.0271013797,-0.0020742995,0.1862490178,-0.0237321162,-0.0983385020,0.1485314238,-0.0169287492,0.0544503972,0.0278313814,0.1348386566,-0.0415917931,0.0831164165,0.3379395140,-0.4887125408,0.0364002189,-0.3130087320,0.0915668643,0.0444560263,-0.2152361740,-0.2502285946,0.1003758214,-0.6521733299,0.2907300539,0.0806295351,-0.3714237829
-0.0131202170,-0.0347267597,0.8105763823,-0.0708446648,-0.0100147402,-0.7203831823,0.6898759374,0.1685602894,0.0950663352,-0.0293372952,0.1194128040,-0.0259201037,-0.0036113486,0.1875477916,-0.0232581491,-0.1024204435,0.1483775468,-0.0169260893,0.0537637911,0.0331689730,0.1329516514,-0.0423910838,0.0766428391,0.3277663786,-0.4976449324,-0.0729583715,-0.3137015075,0.0889400262,0.0546043763,-0.1896294908,-0.2333952158,0.0963468593,-0.6374980559,0.3020841774,0.0751225133,-0.3793667677
-0.0135547623,-0.0353063609,0.8105569866,-0.0704270412,-0.0097431718,-0.7190612496,0.6913002400,0.1673592242,0.0950487387,-0.0338061664,0.1193819967,-0.0253981511,-0.0048786029,0.1884807753,-0.0234213473,-0.1071139109,0.1479959271,-0.0178102901,0.0531214719,0.0382901094,0.1291949969,-0.0427055333,0.0761624977,0.3048246500,-0.4985775457,-0.1523383963,-0.3276681381,0.0904166863,0.0526980436,-0.1708362604,-0.2198113103,0.0991651278,-0.6348325055,0.3103356819,0.0699593052,-0.3794275758
-0.0138283748,-0.0357121260,0.8105523375,-0.0700478287,-0.0095356743,-0.7176980369,0.6927567397,0.1661595476,0.0948211884,-0.0383011696,0.1194038621,-0.0254769199,-0.0056243396,0.1893526277,-0.0235609945,-0.1112003135,0.1476684049,-0.0185052499,0.0531072715,0.0423807368,0.1259008352,-0.0426878015,0.0735696293,0.2806077871,-0.4990668000,-0.2274266096,-0.3410390335,0.0893030024,0.0487683387,-0.1518094676,-0.2064818461,0.1035350503,-0.6333132238,0.3178428580,0.0657721365,-0.3796510396
-0.0140782892,-0.0360951113,0.8105439404,-0.0697088312,-0.0093546412,-0.7163193329,0.6942188292,0.1650072695,0.0945784256,-0.0428188262,0.1194946453,-0.0255712857,-0.0063377586,0.1903069731,-0.0237182061,-0.1153035958,0.1473578915,-0.0191897819,0.0531282111,0.0462761417,0.1226734231,-0.0424784963,0.0702450904,0.2565139883,-0.5005995271,-0.3017510722,-0.3532443810,0.0870481200,0.0449284181,-0.1326749921,-0.1932661121,0.1083508416,-0.6320853832,0.3251939912,0.0618250601,-0.3800190412
-0.0150967900,-0.0362585556,0.8105426995,-0.0696751392,-0.0094131298,-0.7153785751,0.6951908099,0.1647080126,0.0957325315,-0.0458831458,0.1195411342,-0.0256979931,-0.0074432548,0.1915213770,-0.0224576264,-0.1178977456,0.1468976077,-0.0196461276,0.0524055193,0.0482672746,0.1171725291,-0.0420796082,0.0589573905,0.2360107904,-0.5208293061,-0.3863989291,-0.3644611208,0.0891217649,0.0167559917,-0.1109312553,-0.1946427517,0.1207921064,-0.6195454553,0.3351837990,0.0620361269,-0.3687747643
-0.0160005373,-0.0365076960,0.8105371164,-0.0697418898,-0.0094772805,-0.7144635790,0.6961235840,0.1646749754,0.0970254464,-0.0488693414,0.1196060720,-0.0258348047,-0.0087470719,0.1929888451,-0.0212145104,-0.1210396656,0.1463779346,-0.0202866346,0.0515645063,0.0511443523,0.1123208846,-0.0417936399,0.0475989999,0.2170731946,-0.5425740226,-0.4731574015,-0.3746082845,0.0927642975,-0.0120062962,-0.0896834101,-0.1970383970,0.1316656002,-0.6055542276,0.3462175884,0.0618340898,-0.3562432164
-0.0170123229,-0.0366594862,0.8105289504,-0.0698399062,-0.0095621429,-0.7135548454,0.6970440700,0.1647283749,0.0983728817,-0.0518323000,0.1196829134,-0.0259879562,-0.0100889809,0.1945259108,-0.0199166981,-0.1241637422,0.1458631321,-0.0209303277,0.0506902371,0.0542108733,0.1076244515,-0.0415175625,0.0355378008,0.2001824779,-0.5655788568,-0.5606749071,-0.3838557025,0.0963791584,-0.0400960660,-0.0685438498,-0.1997272346,0.1420527989,-0.5909483715,0.3574080294,0.0613528670,-0.3431751360
-0.0178405667,-0.0378061571,0.8104288951,-0.0696660555,-0.0093124129,-0.7127889287,0.6978480227,0.1652497178,0.0996187781,-0.0545297163,0.1197601416,-0.0269463561,-0.0110526780,0.1964736222,-0.0184781423,-0.1259590038,0.1452799202,-0.0223868781,0.0498726828,0.0567916076,0.1039786976,-0.0414716732,0.0359100701,0.1820218348,-0.5760860969,-0.6005675281,-0.3981438986,0.1012150361,-0.0497622822,-0.0562850732,-0.1928683557,0.1474088603,-0.5846203863,0.3665908041,0.0602686542,-0.3301669424
-0.0187469094,-0.0388891193,0.8103191999,-0.0695242795,-0.0090403774,-0.7119553806,0.6987160955,0.1656585665,0.1010255875,-0.0570831665,0.1197931673,-0.0282074546,-0.0118766558,0.1982629203,-0.0169761754,-0.1276307503,0.1447627185,-0.0236147244,0.0491757227,0.0586057062,0.1001711457,-0.0413283178,0.0328623297,0.1626016005,-0.5852055819,-0.6333947266,-0.4132691794,0.1020852898,-0.0609173783,-0.0441007229,-0.1852058234,0.1534402539,-0.5788659013,0.3750596431,0.0604732672,-0.3170409458
-0.0195624937,-0.0398308807,0.8102111730,-0.0694169415,-0.0087987462,-0.7111035769,0.6995967219,0.1660548870,0.1024292558,-0.0596810085,0.1198943838,-0.0294323341,-0.0126992619,0.2000676465,-0.0154754214,-0.1293369935,0.1442963872,-0.0248110531,0.0484748067,0.0602635258,0.0964230433,-0.0409501897,0.0286362421,0.1431002400,-0.5945812073,-0.6641013566,-0.4283707645,0.1009857354,-0.0723635979,-0.0319554378,-0.1775951191,0.1597632101,-0.5730399598,0.3832410583,0.0606431315,-0.3039245045
-0.0204879287,-0.0403294628,0.8101011426,-0.0694437180,-0.0089563998,-0.7103148622,0.7003928537,0.1665029987,0.1035219660,-0.0612093860,0.1199363573,-0.0299197579,-0.0150187447,0.2019095477,-0.0142454215,-0.1304660063,0.1437916267,-0.0264033726,0.0469049209,0.0612999947,0.0930042149,-0.0419983169,0.0156367788,0.1303816900,-0.5934663959,-0.6882883398,-0.4290532586,0.0987864518,-0.0636904997,-0.0196135697,-0.1796859525,0.1629329987,-0.5618272593,0.3888457363,0.0630143704,-0.2910463366
-0.0212818152,-0.0405914675,0.8100969075,-0.0695563224,-0.0091700249,-0.7094747526,0.7012299224,0.1669299042,0.1046749080,-0.0626963119,0.1200313300,-0.0300273428,-0.0168202171,0.2036592858,-0.0130104513,-0.1310377285,0.1435485155,-0.0273424829,0.0454893137,0.0618317321,0.0898450905,-0.0422635048,0.0010821003,0.1171318333,-0.5921518331,-0.7114303255,-0.4288524410,0.0962115456,-0.0530443944,-0.0088609681,-0.1820763312,0.1660228065,-0.5491236640,0.3948542920,0.0649246192,-0.2778281078
-0.0221533420,-0.0408915668,0.8100942162,-0.0697228694,-0.0094326658,-0.7086278642,0.7020657351,0.1674412483,0.1058204801,-0.0641872801,0.1201432235,-0.0300894917,-0.0186073649,0.2054922082,-0.0117808894,-0.1316025504,0.1433268458,-0.0282387842,0.0440778554,0.0622749487,0.0867412544,-0.0421928919,-0.0139489592,0.1037977271,-0.5906504287,-0.7343133056,-0.4283972360,0.0935650639,-0.0422221340,0.0013039826,-0.1845892247,0.1689346399,-0.5357968256,0.4009768990,0.0666135838,-0.2643595539
-0.0231301301,-0.0402443486,0.8103100891,-0.0684384303,-0.0079243475,-0.7076982205,0.7031476479,0.1628822415,0.1075951579,-0.0660318138,0.1163674201,-0.0258187238,-0.0194643642,0.2022681808,-0.0095346663,-0.1332790301,0.1394575470,-0.0250859469,0.0430054857,0.0621757646,0.0877702450,-0.0410623444,-0.0076258313,0.1043228538,-0.5828779724,-0.7378603593,-0.4314426928,0.0943507833,-0.0354058755,0.0017117930,-0.1845226721,0.1653326356,-0.5298497092,0.4089425297,0.0649586806,-0.2619120699
-0.0241377378,-0.0403055234,0.8102593206,-0.0679878349,-0.0075246086,-0.7067417293,0.7041570582,0.1611799700,0.1090834832,-0.0677573387,0.1158189188,-0.0248626719,-0.0208932258,0.2021598300,-0.0078907932,-0.1346707247,0.1384317578,-0.0250466448,0.0417302664,0.0626442961,0.0870951782,-0.0408469067,0.0027809893,0.1043755819,-0.5775063052,-0.7383085154,-0.4324608951,0.0938190985,-0.0306146328,0.0056216889,-0.1814739086,0.1633346933,-0.5226224016,0.4142273888,0.0633875918,-0.2610262161
-0.0253674692,-0.0413544700,0.8099847523,-0.0692847046,-0.0094036629,-0.7056781788,0.7050741158,0.1653026630,0.1097529484,-0.0691612191,0.1201668047,-0.0289543572,-0.0222269110,0.2078672723,-0.0072737021,-0.1357174210,0.1422891397,-0.0300641067,0.0407652428,0.0646141672,0.0844061241,-0.0394737230,0.0183285199,0.1033269386,-0.5767629060,-0.7353022485,-0.4286951620,0.0916708529,-0.0278924128,0.0151787706,-0.1741816938,0.1627725063,-0.5147173585,0.4138565122,0.0612907401,-0.2609157632
-0.0257855792,-0.0408164631,0.8101649311,-0.0681036836,-0.0079382855,-0.7049192664,0.7059657922,0.1613067715,0.1108378042,-0.0709562619,0.1164433175,-0.0256316020,-0.0225275175,0.2047972079,-0.0058481213,-0.1373127820,0.1388158828,-0.0272592999,0.0396632872,0.0639253700,0.0856486852,-0.0397925156,0.0199559916,0.1012334387,-0.5712353075,-0.7458632259,-0.4325482082,0.0898063799,-0.0327716271,0.0183683167,-0.1664042625,0.1609102038,-0.5142045737,0.4215081270,0.0570995793,-0.2646134580
-0.0262810427,-0.0409011111,0.8101922647,-0.0675499200,-0.0073413087,-0.7041345611,0.7068080598,0.1592343949,0.1115824060,-0.0726601546,0.1157308577,-0.0250103175,-0.0233936850,0.2039648631,-0.0048254543,-0.1382356812,0.1377768205,-0.0268531766,0.0386305455,0.0640336528,0.0858057019,-0.0402811339,0.0239948501,0.0984893345,-0.5676177688,-0.7555613547,-0.4349320804,0.0893325246,-0.0390455651,0.0241543751,-0.1563856243,0.1605472793,-0.5137383783,0.4265838580,0.0531057903,-0.2704241910
-0.0269303520,-0.0417966216,0.8099152962,-0.0685972918,-0.0088847317,-0.7032815739,0.7075383388,0.1624675645,0.1115439772,-0.0740015190,0.1200364249,-0.0294415116,-0.0242061693,0.2085075412,-0.0047750995,-0.1387692577,0.1415343124,-0.0313850433,0.0378598615,0.0658511965,0.0838830408,-0.0393720901,0.0328036967,0.0948060679,-0.5683386020,-0.7633598001,-0.4327520003,0.0894940073,-0.0480868786,0.0359798065,-0.1419559652,0.1623830326,-0.5147056767,0.4253903127,0.0491305577,-0.2788355546
-0.0269859628,-0.0414584735,0.8101038507,-0.0673908711,-0.0073242470,-0.7030664024,0.7078859087,0.1587827825,0.1122894083,-0.0745291209,0.1163217954,-0.0263477731,-0.0239604506,0.2050143046,-0.0040966367,-0.1399750623,0.1383236983,-0.0283741056,0.0370176069,0.0624299107,0.0872076127,-0.0396528428,0.0321556696,0.0965611113,-0.5753055297,-0.7689331650,-0.4363111593,0.0915400382,-0.0577297229,0.0354727946,-0.1343855577,0.1638016757,-0.5164094073,0.4308063710,0.0456302714,-0.2873499635
-0.0271742106,-0.0423965517,0.8098736363,-0.0682034226,-0.0085667463,-0.7027932907,0.7080653180,0.1618023586,0.1118948573,-0.0743778955,0.1198768480,-0.0303818044,-0.0238389597,0.2085417160,-0.0046615575,-0.1404359695,0.1414464994,-0.0320260963,0.0367518562,0.0623557101,0.0870747861,-0.0390820235,0.0373094276,0.0964604003,-0.5894830811,-0.7706675427,-0.4337015701,0.0954022205,-0.0710792857,0.0410788291,-0.1203540975,0.1672433307,-0.5172127629,0.4283463699,0.0425139650,-0.3011878252
-0.0272166561,-0.0419897434,0.8100609180,-0.0670052802,-0.0070157467,-0.7025992849,0.7083892409,0.1580868588,0.1126055217,-0.0747023005,0.1161538285,-0.0271460086,-0.0237749829,0.2049161803,-0.0038818138,-0.1414160986,0.1382590203,-0.0288956239,0.0361363186,0.0596392890,0.0902971323,-0.0391620840,0.0362483573,0.0981276908,-0.5973024592,-0.7765530844,-0.4366882355,0.0976096281,-0.0806862661,0.0401290586,-0.1129176462,0.1679748551,-0.5187450700,0.4335614009,0.0392642881,-0.3105098782
-0.0274348403,-0.0428821707,0.8098633174,-0.0676023001,-0.0080307068,-0.7025548288,0.7083658302,0.1608201416,0.1119525912,-0.0750694879,0.1194279958,-0.0310511006,-0.0253194639,0.2079763989,-0.0044229896,-0.1410565413,0.1411843322,-0.0318684176,0.0359953280,0.0590532886,0.0904922297,-0.0399943383,0.0323646780,0.1082848598,-0.6143418174,-0.7688006857,-0.4291923335,0.1037635643,-0.0923205103,0.0416258208,-0.1078698496,0.1718435302,-0.5232598209,0.4276618992,0.0377225773,-0.3202301112
-0.0273365252,-0.0424472781,0.8100807660,-0.0662925051,-0.0063179688,-0.7025543397,0.7085074360,0.1567772031,0.1126173393,-0.0748477921,0.1155151712,-0.0279182771,-0.0260984649,0.2038001733,-0.0035983837,-0.1413320266,0.1378908666,-0.0281313523,0.0353440976,0.0553756545,0.0943264003,-0.0411920958,0.0218597017,0.1196920222,-0.6244816434,-0.7651496620,-0.4275203887,0.1083238563,-0.1005716976,0.0361035867,-0.1092607243,0.1729068549,-0.5285058996,0.4293855445,0.0363547127,-0.3252397933
-0.0275545413,-0.0431861282,0.8099010096,-0.0669812284,-0.0074123586,-0.7025297590,0.7084564276,0.1591876173,0.1121329531,-0.0740272751,0.1189789435,-0.0318515710,-0.0268226281,0.2064620157,-0.0041619226,-0.1409406588,0.1409393217,-0.0308999196,0.0350134897,0.0551831723,0.0943877096,-0.0410560370,0.0146479956,0.1290939752,-0.6416427314,-0.7549911084,-0.4195889795,0.1135948488,-0.1115807847,0.0368036534,-0.1038901561,0.1757783656,-0.5335686108,0.4231839467,0.0357988138,-0.3343093729
-0.0272980497,-0.0431916917,0.8099214253,-0.0668962294,-0.0074873019,-0.7028006942,0.7081949018,0.1595203015,0.1116789006,-0.0738775709,0.1192444547,-0.0314238802,-0.0256881723,0.2062737724,-0.0047787803,-0.1392912994,0.1411614795,-0.0320301448,0.0374426679,0.0541117901,0.0956683026,-0.0413268053,-0.0048297346,0.1473123850,-0.6710744827,-0.7490724699,-0.4167913650,0.1198056123,-0.1385728794,0.0264295579,-0.1126998980,0.1932198414,-0.5480071537,0.4149741902,0.0385673063,-0.3308552118
-0.0270847665,-0.0431927729,0.8099793406,-0.0666707244,-0.0074203496,-0.7031873629,0.7078329503,0.1593432668,0.1111484420,-0.0721584324,0.1189725056,-0.0313378877,-0.0249752304,0.2054304317,-0.0053428370,-0.1371967629,0.1411566322,-0.0316130092,0.0395832795,0.0527813655,0.0972235803,-0.0411663083,-0.0252189278,0.1651125424,-0.6998807186,-0.7441448869,-0.4143757656,0.1264530122,-0.1664499735,0.0155998579,-0.1219435107,0.2108681101,-0.5641312929,0.4064784674,0.0428826160,-0.3273437747
-0.0267706270,-0.0431618671,0.8100407133,-0.0664504433,-0.0073284746,-0.7035983463,0.7074461104,0.1590894787,0.1106583565,-0.0703786615,0.1187187124,-0.0312220199,-0.0242529528,0.2045320178,-0.0058585937,-0.1350307384,0.1410493447,-0.0310739697,0.0417246203,0.0514324275,0.0987890779,-0.0410692990,-0.0459943085,0.1823144772,-0.7284882599,-0.7394658074,-0.4118237242,0.1334866523,-0.1948130751,0.0046325120,-0.1312025893,0.2284942763,-0.5807419355,0.3980316040,0.0479795570,-0.3238591920
-0.0272561848,-0.0435369964,0.8100045959,-0.0662105789,-0.0070344181,-0.7047078477,0.7063664244,0.1599568683,0.1116214285,-0.0692620379,0.1183898308,-0.0310511422,-0.0262809973,0.2038034903,-0.0050067207,-0.1351081973,0.1411060427,-0.0320467609,0.0380932474,0.0465517501,0.1024138400,-0.0412843301,-0.0723402349,0.1998972231,-0.7509746875,-0.7240270780,-0.4096508576,0.1396567321,-0.2101499898,0.0120918500,-0.1328052060,0.2264193859,-0.5465902613,0.4071157172,0.0538622234,-0.3309413266
-0.0277464801,-0.0437834198,0.8100160527,-0.0661014096,-0.0069270693,-0.7058016013,0.7052848495,0.1607500394,0.1125518941,-0.0674262482,0.1181649253,-0.0311033093,-0.0268664292,0.2029571096,-0.0041135800,-0.1335125300,0.1412215197,-0.0322936249,0.0356945346,0.0421626754,0.1052686475,-0.0423084586,-0.0994942773,0.2169505931,-0.7746260868,-0.7065218949,-0.4081227025,0.1448076669,-0.2244407086,0.0147181482,-0.1348651876,0.2202544776,-0.5011376279,0.4210071388,0.0540735086,-0.3340152494
-0.0281927976,-0.0437908805,0.8100379248,-0.0660743797,-0.0068819287,-0.7069285988,0.7041582006,0.1615166089,0.1134532765,-0.0654894474,0.1180570571,-0.0310338630,-0.0274010145,0.2020528529,-0.0032520498,-0.1317908242,0.1414015798,-0.0323452112,0.0333232944,0.0380527250,0.1078932335,-0.0432487400,-0.1273914396,0.2334159978,-0.7988636977,-0.6884739688,-0.4064551130,0.1495659912,-0.2387232694,0.0149289410,-0.1375324605,0.2122835585,-0.4508919016,0.4364478815,0.0520219846,-0.3345092439
-0.0279894772,-0.0433752058,0.8100454652,-0.0666369065,-0.0068835780,-0.7076342977,0.7033959338,0.1622333402,0.1143203877,-0.0623485600,0.1179697025,-0.0321274013,-0.0272374658,0.2015743653,-0.0027060259,-0.1285706989,0.1419193178,-0.0315408335,0.0358239832,0.0348816313,0.1121276850,-0.0433444093,-0.1473237799,0.2572198827,-0.8186078926,-0.6597354058,-0.4037017260,0.1570462328,-0.2573146511,0.0098438008,-0.1405196808,0.2044399681,-0.4155483135,0.4485562401,0.0467131177,-0.3329187104
-0.0277887207,-0.0429921815,0.8100536078,-0.0671913787,-0.0069779537,-0.7083485778,0.7026228854,0.1632354449,0.1148818641,-0.0597300789,0.1179642512,-0.0332944292,-0.0272475773,0.2013246694,-0.0019726017,-0.1246022255,0.1422965495,-0.0306562095,0.0375907535,0.0311403174,0.1159549064,-0.0432013337,-0.1675593382,0.2805723303,-0.8378031162,-0.6297070209,-0.4001268515,0.1635688263,-0.2778726601,0.0059841360,-0.1431790912,0.1979310377,-0.3825962760,0.4596113533,0.0426558566,-0.3318467655
-0.0275750164,-0.0425321106,0.8100572672,-0.0677755366,-0.0070979809,-0.7090482094,0.7018594817,0.1643473692,0.1154232443,-0.0571338361,0.1179615212,-0.0344895372,-0.0272356491,0.2012237677,-0.0012551378,-0.1206615312,0.1426151801,-0.0297745044,0.0393836643,0.0271723164,0.1196385733,-0.0430395721,-0.1880722314,0.3034423643,-0.8572639110,-0.5992120082,-0.3957647535,0.1696065559,-0.2991019497,0.0025979042,-0.1458857041,0.1919209674,-0.3505024278,0.4702664224,0.0392772861,-0.3309314652
-0.0275063496,-0.0416646139,0.8102257839,-0.0671462806,-0.0051564258,-0.7100653202,0.7009080034,0.1610889834,0.1182242762,-0.0546361731,0.1140531882,-0.0296743591,-0.0264045487,0.1963781908,0.0012908708,-0.1186959093,0.1393109535,-0.0254837478,0.0365621916,0.0239281585,0.1250265455,-0.0432819350,-0.1965426402,0.3224021647,-0.8572139416,-0.5690566070,-0.3964379268,0.1763384473,-0.3046826972,-0.0103694807,-0.1533174426,0.1861949862,-0.3528938302,0.4744098795,0.0337514337,-0.3262044854
-0.0276834582,-0.0420932315,0.8099744736,-0.0687370711,-0.0063541854,-0.7112396493,0.6995520000,0.1656506339,0.1193738044,-0.0508728766,0.1175104791,-0.0343658202,-0.0260718241,0.1991156267,0.0023443950,-0.1143296283,0.1426776114,-0.0279410502,0.0358524590,0.0209816834,0.1256440580,-0.0417683299,-0.2017088000,0.3361019884,-0.8598108078,-0.5247783217,-0.3902368994,0.1801273301,-0.3152380090,-0.0128780520,-0.1529612342,0.1870456785,-0.3608170546,0.4693390600,0.0296311947,-0.3259375362
-0.0277541018,-0.0420665697,0.8098691779,-0.0696012456,-0.0065261242,-0.7122447653,0.6984414583,0.1679193122,0.1208934049,-0.0478180648,0.1178279702,-0.0361118954,-0.0257117567,0.1995154017,0.0038696640,-0.1107025221,0.1435510923,-0.0279461674,0.0350805781,0.0169569855,0.1284002411,-0.0400995384,-0.2086208408,0.3507571959,-0.8601864019,-0.4837268890,-0.3854299653,0.1831383995,-0.3253985637,-0.0158694504,-0.1555809689,0.1880876928,-0.3734835677,0.4651005487,0.0276650274,-0.3265292701
-0.0276393091,-0.0412904728,0.8098180555,-0.0683186484,-0.0049290353,-0.7135303170,0.6972680644,0.1644624383,0.1218044483,-0.0447816446,0.1140469086,-0.0338703657,-0.0250242482,0.1951003898,0.0042134612,-0.1101393338,0.1392913143,-0.0263682183,0.0369004614,0.0142403877,0.1320098632,-0.0388469053,-0.2127320567,0.3659634777,-0.8495032112,-0.4543852634,-0.3866202595,0.1854464966,-0.3238084869,-0.0165314133,-0.1631060219,0.1877965846,-0.3707018751,0.4668519337,0.0314092290,-0.3238757620
-0.0275070660,-0.0419127045,0.8093857636,-0.0695992291,-0.0062712581,-0.7148594293,0.6957676444,0.1690575311,0.1217990422,-0.0402997524,0.1177204611,-0.0394044270,-0.0241298263,0.1980054603,0.0037600438,-0.1065597131,0.1425841236,-0.0302655747,0.0376602290,0.0103452617,0.1319123833,-0.0371247740,-0.2110466097,0.3763812198,-0.8413833586,-0.4121983671,-0.3811728182,0.1839427286,-0.3242921590,-0.0102152709,-0.1638034012,0.1926181248,-0.3648407627,0.4623988380,0.0345866544,-0.3217614224
-0.0272646072,-0.0412172455,0.8093538951,-0.0687380701,-0.0045927360,-0.7159652322,0.6947285591,0.1663439797,0.1232672627,-0.0373007789,0.1140739269,-0.0376427188,-0.0234849991,0.1936602881,0.0050480307,-0.1045059916,0.1393919969,-0.0275612873,0.0379094901,0.0061785294,0.1361908636,-0.0363915163,-0.2137606948,0.3918492751,-0.8305504453,-0.3822448600,-0.3818989548,0.1852680742,-0.3220356904,-0.0107734418,-0.1711797230,0.1931238086,-0.3597893746,0.4641735012,0.0372059899,-0.3177448042
-0.0270554470,-0.0410548388,0.8092855355,-0.0688755798,-0.0039180830,-0.7176529309,0.6929755219,0.1666529677,0.1246487668,-0.0337637598,0.1136061074,-0.0390467696,-0.0228877846,0.1916896384,0.0066791602,-0.0997729930,0.1385336378,-0.0275177287,0.0379485384,0.0020717969,0.1385696360,-0.0363118007,-0.2117551879,0.3963623000,-0.8157988842,-0.3558553655,-0.3815432735,0.1839879611,-0.3128629327,-0.0088490598,-0.1684502625,0.1917334022,-0.3577378846,0.4665744167,0.0366791015,-0.3181331134
-0.0268415151,-0.0409861621,0.8091474553,-0.0692975361,-0.0034935438,-0.7194068204,0.6911146601,0.1678097532,0.1261839339,-0.0296423837,0.1136820911,-0.0409984818,-0.0221860099,0.1904664272,0.0080938141,-0.0955347916,0.1384256475,-0.0273456128,0.0379435889,-0.0018608941,0.1410341570,-0.0358544935,-0.2093144590,0.4003978593,-0.8015252231,-0.3293095973,-0.3802363863,0.1826620868,-0.3024139984,-0.0057804506,-0.1653571600,0.1911407816,-0.3566796729,0.4681498440,0.0359196446,-0.3194687230
-0.0267154160,-0.0409479832,0.8089994164,-0.0698075680,-0.0031601235,-0.7211571149,0.6892382264,0.1693069875,0.1277091939,-0.0254876895,0.1138120358,-0.0430752329,-0.0214779844,0.1895582798,0.0094943307,-0.0912652014,0.1383888637,-0.0272993656,0.0379482986,-0.0057508285,0.1435192431,-0.0352028535,-0.2069035625,0.4044579494,-0.7874594043,-0.3028187676,-0.3786068070,0.1812875519,-0.2916073378,-0.0022088544,-0.1622463549,0.1908424756,-0.3562872623,0.4693721203,0.0352184526,-0.3212350047
-0.0264529008,-0.0409112801,0.8087664414,-0.0703073716,-0.0028365685,-0.7227892038,0.6874769772,0.1707713651,0.1291202375,-0.0206583847,0.1137719143,-0.0464409102,-0.0207760665,0.1886864322,0.0105574509,-0.0877548876,0.1382522177,-0.0282674755,0.0401443368,-0.0116195515,0.1455763445,-0.0353288369,-0.2107892176,0.4100124572,-0.7807323728,-0.2855367943,-0.3768820710,0.1780010701,-0.2841470698,-0.0035932300,-0.1644949202,0.1964359355,-0.3661509726,0.4659097623,0.0348347785,-0.3174146619
-0.0261981973,-0.0408797197,0.8084349431,-0.0707738393,-0.0025483235,-0.7243464415,0.6857891822,0.1721141766,0.1304364747,-0.0159900809,0.1138832661,-0.0496844157,-0.0200134217,0.1877949893,0.0116944029,-0.0834596639,0.1382423706,-0.0294850666,0.0421083408,-0.0173710448,0.1477366381,-0.0346048088,-0.2147923078,0.4166802774,-0.7744471098,-0.2709103982,-0.3754728016,0.1754045414,-0.2757988727,-0.0042489204,-0.1668803838,0.2022070333,-0.3788163351,0.4611213645,0.0356539850,-0.3137739778
-0.0259620953,-0.0407895930,0.8080982539,-0.0712489175,-0.0022724971,-0.7259036295,0.6840923535,0.1735525793,0.1317684030,-0.0113105941,0.1140102723,-0.0529958345,-0.0192688923,0.1869645411,0.0128479647,-0.0791527847,0.1382902637,-0.0307855385,0.0440455626,-0.0230655202,0.1498466609,-0.0336865981,-0.2186394066,0.4239749054,-0.7686345218,-0.2573301906,-0.3742697169,0.1730786329,-0.2665797179,-0.0043497558,-0.1692431372,0.2082146533,-0.3926121835,0.4558030064,0.0370004519,-0.3104851587
-0.0255790107,-0.0408682793,0.8077653656,-0.0718027863,-0.0017606662,-0.7275640837,0.6822695684,0.1751023594,0.1332968868,-0.0077550612,0.1139260613,-0.0574640849,-0.0179894387,0.1862480520,0.0142514794,-0.0761281645,0.1381092749,-0.0319155328,0.0415784873,-0.0262723661,0.1511229088,-0.0330271434,-0.2262240087,0.4267190009,-0.7641576706,-0.2465094206,-0.3739714208,0.1702395449,-0.2576855904,-0.0050604713,-0.1681187823,0.2173238665,-0.3979008798,0.4539094913,0.0396914944,-0.3083749190
-0.0251829434,-0.0409062404,0.8073858727,-0.0725480977,-0.0011177224,-0.7291904997,0.6804533337,0.1766094815,0.1352506595,-0.0043458029,0.1139397170,-0.0618973073,-0.0167608379,0.1854227079,0.0162405494,-0.0716895180,0.1379610249,-0.0326817441,0.0428389546,-0.0293296856,0.1526564341,-0.0323772378,-0.2344569544,0.4292448645,-0.7602212891,-0.2353115341,-0.3738016166,0.1676569206,-0.2485862321,-0.0069103352,-0.1668785362,0.2258749166,-0.4012869353,0.4527806381,0.0418740905,-0.3061248417
-0.0246833078,-0.0409144208,0.8070100444,-0.0733111985,-0.0004785355,-0.7308404542,0.6785996387,0.1781203230,0.1372117420,-0.0008650825,0.1140186713,-0.0663363635,-0.0155093650,0.1846043282,0.0182372624,-0.0671611436,0.1377499290,-0.0333548709,0.0441065023,-0.0322190271,0.1542205258,-0.0316639213,-0.2429544871,0.4316608802,-0.7564289523,-0.2239444382,-0.3736633768,0.1651085427,-0.2393983732,-0.0093326502,-0.1657104238,0.2340600634,-0.4037671989,0.4519737681,0.0436834926,-0.3035911492
-0.0242588406,-0.0410751885,0.8067249240,-0.0738895921,-0.0000453474,-0.7315292541,0.6777944205,0.1790442533,0.1386581554,0.0033238226,0.1142873585,-0.0697655031,-0.0142407023,0.1847165394,0.0190554659,-0.0663062196,0.1376976700,-0.0334852808,0.0429615092,-0.0363637782,0.1557439002,-0.0312930617,-0.2526352620,0.4318848364,-0.7551893443,-0.2153868197,-0.3759185805,0.1626595828,-0.2355057624,-0.0131664006,-0.1661257404,0.2410541873,-0.4044642469,0.4512905633,0.0454389135,-0.3014057448
-0.0238277357,-0.0412047195,0.8064420846,-0.0744443885,0.0003293066,-0.7320644407,0.6771555060,0.1799294875,0.1399084484,0.0069878271,0.1145144601,-0.0732009228,-0.0129504738,0.1849688106,0.0200248461,-0.0638951276,0.1374552382,-0.0338987075,0.0437339497,-0.0406760568,0.1572256820,-0.0308193965,-0.2625748017,0.4320395189,-0.7542626028,-0.2068096820,-0.3784951462,0.1602106695,-0.2321947343,-0.0174719305,-0.1667865672,0.2475390302,-0.4042534750,0.4508781494,0.0466971808,-0.2990693671
-0.0233853886,-0.0413210815,0.8061604895,-0.0750164087,0.0006771510,-0.7326006988,0.6765118595,0.1808761516,0.1411178113,0.0106568334,0.1147488186,-0.0766279391,-0.0116314831,0.1852871540,0.0209582556,-0.0614669510,0.1371821583,-0.0342807942,0.0445267337,-0.0449310300,0.1586833384,-0.0302981962,-0.2726535662,0.4320751790,-0.7531187470,-0.1982763891,-0.3811044728,0.1580807088,-0.2292655514,-0.0220573230,-0.1674548904,0.2537437749,-0.4037976981,0.4506787645,0.0479854721,-0.2965639945
-0.0226005253,-0.0415275343,0.8060599358,-0.0757390420,0.0012120525,-0.7338698218,0.6750534890,0.1824677984,0.1421101869,0.0137645086,0.1149071146,-0.0794767853,-0.0101519709,0.1851535013,0.0220924732,-0.0584087497,0.1368677529,-0.0346704268,0.0448419538,-0.0519694737,0.1594487854,-0.0314974803,-0.2936593743,0.4335174767,-0.7612196025,-0.1861763909,-0.3793663446,0.1583906294,-0.2314897914,-0.0279018307,-0.1705389650,0.2578920145,-0.4009501972,0.4509471028,0.0491674607,-0.2966536822
-0.0217224602,-0.0416039338,0.8058741320,-0.0764777050,0.0016956014,-0.7351563809,0.6735676516,0.1839977804,0.1430500277,0.0169271793,0.1150796334,-0.0821717174,-0.0086629663,0.1848502839,0.0227664817,-0.0562734886,0.1367677955,-0.0341747914,0.0453975038,-0.0574714564,0.1597742696,-0.0324347878,-0.3167045906,0.4339019582,-0.7707599169,-0.1727566609,-0.3770956991,0.1591862668,-0.2343935340,-0.0347806798,-0.1734845883,0.2602025830,-0.3968803811,0.4518102985,0.0497685057,-0.2968957672
-0.0209030661,-0.0416304347,0.8057792805,-0.0772348852,0.0021538007,-0.7364501861,0.6720649203,0.1855359643,0.1439358252,0.0201217746,0.1152693254,-0.0848157937,-0.0071337373,0.1845252781,0.0233877713,-0.0540930785,0.1367008813,-0.0336180943,0.0459856900,-0.0623022451,0.1599835105,-0.0332581513,-0.3405954415,0.4335679088,-0.7808894660,-0.1586218982,-0.3746467469,0.1599483630,-0.2374898565,-0.0420492761,-0.1763961431,0.2616062331,-0.3921987869,0.4529449793,0.0501028021,-0.2969144977
-0.0201428356,-0.0417122758,0.8057118518,-0.0776939369,0.0022768413,-0.7381503328,0.6701436818,0.1872206069,0.1439784869,0.0237117683,0.1157842081,-0.0856695429,-0.0061647040,0.1838699307,0.0241775322,-0.0481179771,0.1366928619,-0.0315954803,0.0472224449,-0.0646417549,0.1588460248,-0.0334525109,-0.3559486494,0.4314823247,-0.7856078222,-0.1535202413,-0.3738011427,0.1574408775,-0.2370028632,-0.0499356615,-0.1815057182,0.2620434508,-0.3913612199,0.4524986054,0.0501400720,-0.2954039725
-0.0193829930,-0.0418173121,0.8057344118,-0.0781296212,0.0025580930,-0.7400011965,0.6680474890,0.1890304344,0.1442395139,0.0276848257,0.1160143241,-0.0863542791,-0.0053246974,0.1831208523,0.0245102533,-0.0437977327,0.1364966321,-0.0303917451,0.0477367031,-0.0671630145,0.1583827332,-0.0339528457,-0.3692528828,0.4303795227,-0.7897676562,-0.1511596031,-0.3728994883,0.1550176093,-0.2354491342,-0.0572986810,-0.1870782613,0.2633411893,-0.3912961852,0.4517700650,0.0505374638,-0.2937865785
-0.0187276080,-0.0419764651,0.8057543700,-0.0785132439,0.0028879253,-0.7418405189,0.6659579378,0.1908078378,0.1445197430,0.0316306397,0.1161410733,-0.0870403070,-0.0045037769,0.1822908425,0.0248558433,-0.0395109172,0.1363380439,-0.0292783317,0.0482365840,-0.0700407247,0.1579909419,-0.0346532238,-0.3817127942,0.4297946920,-0.7937379987,-0.1500518968,-0.3720053282,0.1529574253,-0.2333983309,-0.0643860099,-0.1927183550,0.2651410699,-0.3916064619,0.4509444777,0.0510959315,-0.2922853463
-0.0181213060,-0.0418552498,0.8059404578,-0.0784814692,0.0029172046,-0.7428871878,0.6647937840,0.1911518872,0.1438656631,0.0348684384,0.1163239122,-0.0865698396,-0.0035916027,0.1812196979,0.0244090774,-0.0362420261,0.1362888350,-0.0276034322,0.0487621782,-0.0723787119,0.1572398322,-0.0343598769,-0.3922031685,0.4306721330,-0.7995210920,-0.1494056501,-0.3691949144,0.1526132783,-0.2349407195,-0.0668461272,-0.1972488521,0.2646520819,-0.3910968450,0.4503892081,0.0510539590,-0.2932395152
-0.0175438858,-0.0418766675,0.8060161742,-0.0783906915,0.0030698971,-0.7438816787,0.6636908341,0.1913236907,0.1432263125,0.0375001575,0.1163900331,-0.0856677759,-0.0028849774,0.1800547161,0.0238981426,-0.0338384735,0.1362394412,-0.0263064133,0.0490853495,-0.0743793875,0.1563291532,-0.0346607908,-0.4023704555,0.4315956329,-0.8056995712,-0.1491485026,-0.3658270094,0.1526390562,-0.2372088567,-0.0683096286,-0.2016192312,0.2638913233,-0.3912191376,0.4498091653,0.0508261868,-0.2945330632
-0.0169768253,-0.0418369238,0.8061801214,-0.0782361062,0.0032646989,-0.7448590141,0.6626111247,0.1913720502,0.1425702390,0.0400741027,0.1164052449,-0.0847469774,-0.0021832968,0.1787489173,0.0233727793,-0.0314967392,0.1362340677,-0.0250613783,0.0494054505,-0.0762825030,0.1553525158,-0.0352517651,-0.4124187057,0.4324484868,-0.8120168925,-0.1490169781,-0.3622947168,0.1527746093,-0.2396160563,-0.0693635684,-0.2059701039,0.2631003239,-0.3916787865,0.4491699098,0.0506234969,-0.2959358231
-0.0157720873,-0.0416687761,0.8062618465,-0.0778485649,0.0032955924,-0.7451136288,0.6623703044,0.1903659559,0.1404242145,0.0422889852,0.1165467394,-0.0836527260,-0.0004345111,0.1774123915,0.0213376625,-0.0283714315,0.1361982412,-0.0237864148,0.0513934756,-0.0767853792,0.1535111500,-0.0342064655,-0.4146633170,0.4279291685,-0.8122648452,-0.1514004721,-0.3632384529,0.1519221233,-0.2392939714,-0.0631106096,-0.2066684818,0.2610572156,-0.3892943241,0.4497766297,0.0508962604,-0.2966960873
-0.0146388912,-0.0417228424,0.8063409820,-0.0773656953,0.0033770361,-0.7453644081,0.6621442773,0.1893519135,0.1380375863,0.0442972916,0.1165184123,-0.0829137179,0.0010031057,0.1762011680,0.0191560949,-0.0260324746,0.1360409622,-0.0232379141,0.0531835486,-0.0775474973,0.1518430065,-0.0341498494,-0.4156589668,0.4232600120,-0.8121805245,-0.1539708318,-0.3644564740,0.1509513238,-0.2388194401,-0.0556245135,-0.2075664590,0.2595490916,-0.3872353567,0.4502815322,0.0510139081,-0.2969374357
-0.0134249705,-0.0417339098,0.8063314974,-0.0768202114,0.0035053923,-0.7455984066,0.6619436406,0.1882239137,0.1356342037,0.0462483637,0.1164611792,-0.0821978977,0.0024419843,0.1748859376,0.0169540208,-0.0237529091,0.1359046525,-0.0227632044,0.0549820644,-0.0784681889,0.1502252251,-0.0344581986,-0.4162425820,0.4186198723,-0.8120203816,-0.1566795569,-0.3656531714,0.1499525395,-0.2383229932,-0.0477062852,-0.2085121258,0.2582776967,-0.3853877002,0.4507146393,0.0510712194,-0.2971097961
-0.0122114224,-0.0417393476,0.8064994892,-0.0762448973,0.0036243951,-0.7456727903,0.6619257278,0.1867565232,0.1328811545,0.0464721077,0.1164161775,-0.0810714357,0.0035628546,0.1734456120,0.0142613575,-0.0223895042,0.1359670271,-0.0219389649,0.0572361894,-0.0784550222,0.1474644583,-0.0345359343,-0.4117945156,0.4075227498,-0.8066796962,-0.1642492983,-0.3679775787,0.1483773228,-0.2341549672,-0.0416767331,-0.2077125782,0.2573096673,-0.3949173468,0.4490470530,0.0491136135,-0.2970530944
-0.0108953276,-0.0418287584,0.8065704458,-0.0755430689,0.0037617966,-0.7457391485,0.6619306732,0.1851526114,0.1298870754,0.0468454531,0.1163581941,-0.0798748283,0.0051152167,0.1719715447,0.0114695062,-0.0212819773,0.1359415607,-0.0213790867,0.0597966836,-0.0788096185,0.1450245460,-0.0346329565,-0.4067953662,0.3962952732,-0.8009280863,-0.1726534689,-0.3698973373,0.1472334528,-0.2293693469,-0.0341550003,-0.2073280062,0.2574681185,-0.4072860660,0.4463545426,0.0482109029,-0.2979603279
-0.0096672538,-0.0418799175,0.8066387090,-0.0747967285,0.0039296488,-0.7457954944,0.6619509708,0.1835090736,0.1268644945,0.0471921808,0.1162699474,-0.0787168638,0.0066804430,0.1704589727,0.0086485462,-0.0202113026,0.1359087012,-0.0208816374,0.0623750347,-0.0793083147,0.1426682503,-0.0348684525,-0.4015240224,0.3850884686,-0.7951227340,-0.1814636185,-0.3716496650,0.1463172798,-0.2244007862,-0.0258902130,-0.2070837211,0.2581580947,-0.4210221524,0.4432566864,0.0479611390,-0.2994828076
-0.0089597751,-0.0429002341,0.8064858721,-0.0757021055,0.0023693535,-0.7453572158,0.6623490003,0.1871449575,0.1246029504,0.0477691437,0.1198824837,-0.0822979107,0.0068793453,0.1739740447,0.0061456291,-0.0206382960,0.1402810110,-0.0248308863,0.0613234545,-0.0753087161,0.1401306827,-0.0323646674,-0.3806475074,0.3686994854,-0.7796314869,-0.1898847135,-0.3704766286,0.1426626749,-0.2096237054,-0.0077463637,-0.2014800100,0.2642997550,-0.4184261603,0.4411766575,0.0499213980,-0.3038932875
-0.0085029909,-0.0432165009,0.8063881992,-0.0752464772,0.0020371869,-0.7450990419,0.6626924138,0.1869514466,0.1223908748,0.0481591194,0.1200035785,-0.0819347945,0.0073606389,0.1742475478,0.0038055945,-0.0213208614,0.1405623111,-0.0264862298,0.0624196576,-0.0720658383,0.1379637138,-0.0309990046,-0.3631587371,0.3553989032,-0.7623274657,-0.1995553295,-0.3738141416,0.1389513815,-0.1954807353,0.0043780331,-0.1971411610,0.2682165860,-0.4111330308,0.4440249489,0.0503958589,-0.3059960434
-0.0079271139,-0.0434279886,0.8064094801,-0.0745402413,0.0019360841,-0.7448643959,0.6630362251,0.1859098717,0.1201553732,0.0485306213,0.1198785707,-0.0811570121,0.0078849752,0.1737499428,0.0014562234,-0.0220060895,0.1404416538,-0.0276400585,0.0635308014,-0.0689908182,0.1357598299,-0.0300685395,-0.3461866070,0.3424107594,-0.7449636784,-0.2094499986,-0.3778529096,0.1353490412,-0.1812424280,0.0147869881,-0.1928452652,0.2716389072,-0.4014990939,0.4479303601,0.0500608241,-0.3071541440
-0.0074430948,-0.0427231944,0.8067509838,-0.0727328713,0.0032549532,-0.7441316449,0.6640537853,0.1805715200,0.1188049549,0.0454560208,0.1161502763,-0.0760170079,0.0078595870,0.1693252317,0.0002540094,-0.0251799830,0.1370182821,-0.0231959358,0.0643168344,-0.0634070412,0.1348744141,-0.0300996357,-0.3275066390,0.3324635648,-0.7292222316,-0.2218838412,-0.3854434571,0.1335943239,-0.1713521462,0.0120406058,-0.1915634819,0.2664708093,-0.4046603929,0.4522153177,0.0478583852,-0.3086259718
-0.0070915695,-0.0434259565,0.8066042489,-0.0731975457,0.0016565674,-0.7433905696,0.6648382030,0.1828421625,0.1157979764,0.0434250373,0.1195278426,-0.0780110622,0.0085687315,0.1725673724,-0.0029141916,-0.0275242873,0.1405306100,-0.0271841410,0.0653723818,-0.0592569825,0.1325290082,-0.0292057327,-0.2970343214,0.3180285782,-0.7163340598,-0.2353569641,-0.3831311838,0.1306674700,-0.1591023017,0.0173043759,-0.1880187464,0.2674404357,-0.4091048546,0.4496669296,0.0463682810,-0.3133157623
-0.0067621557,-0.0427381879,0.8068703558,-0.0714612181,0.0027039758,-0.7426618932,0.6658372889,0.1780306420,0.1140822307,0.0405754386,0.1161203854,-0.0729160185,0.0089368928,0.1689425352,-0.0045123647,-0.0307968149,0.1372629397,-0.0241835760,0.0657564287,-0.0538278001,0.1312338359,-0.0289247892,-0.2771934551,0.3078206048,-0.7011137007,-0.2493146765,-0.3891402187,0.1290640132,-0.1491481018,0.0158322962,-0.1866765167,0.2630216481,-0.4143645992,0.4531489221,0.0451210982,-0.3158558406
-0.0060666512,-0.0440270758,0.8066087810,-0.0718876995,0.0011482586,-0.7421059066,0.6664155337,0.1812167333,0.1105857437,0.0391666402,0.1194208412,-0.0761843731,0.0098426955,0.1727895764,-0.0082863196,-0.0329330273,0.1407535643,-0.0291716382,0.0682824151,-0.0499467479,0.1282665237,-0.0284866257,-0.2532840833,0.2899180797,-0.7011792469,-0.2616826910,-0.3858698599,0.1275513764,-0.1415131675,0.0167580748,-0.1805863228,0.2704957960,-0.4145074290,0.4513948500,0.0449207514,-0.3210088745
-0.0054742076,-0.0438598033,0.8066888399,-0.0701084605,0.0023042530,-0.7415890962,0.6671769680,0.1770912268,0.1084896225,0.0369961298,0.1159991396,-0.0724381722,0.0102551374,0.1695754758,-0.0103199595,-0.0357553157,0.1373349832,-0.0271064566,0.0693816483,-0.0448418824,0.1264264264,-0.0285468812,-0.2401556081,0.2764764916,-0.6987088654,-0.2740796064,-0.3911148338,0.1267445128,-0.1356550087,0.0101679260,-0.1767478300,0.2720806965,-0.4140522706,0.4560257551,0.0440846291,-0.3232300189
-0.0047609016,-0.0450458600,0.8064288418,-0.0706541100,0.0006119505,-0.7410423760,0.6677303491,0.1805141978,0.1049386999,0.0356423439,0.1193863654,-0.0758044885,0.0110603520,0.1735750621,-0.0141013733,-0.0376550610,0.1410167586,-0.0322236710,0.0712054411,-0.0399031980,0.1229557544,-0.0276249354,-0.2177538473,0.2581018741,-0.7006440645,-0.2853088186,-0.3877422303,0.1253533943,-0.1280316384,0.0099526853,-0.1699094193,0.2780926624,-0.4123412782,0.4544559492,0.0432768212,-0.3282633135
-0.0046071576,-0.0454641446,0.8062445174,-0.0703410040,-0.0002170893,-0.7406738221,0.6681724219,0.1815540593,0.1025086273,0.0340000788,0.1196521471,-0.0762750367,0.0119156540,0.1750717569,-0.0167311752,-0.0403513657,0.1416017422,-0.0353454851,0.0731273234,-0.0330655509,0.1196698252,-0.0260762097,-0.1921078026,0.2306346026,-0.6893834889,-0.2958571701,-0.3920635100,0.1221982172,-0.1108845012,0.0084175019,-0.1571307949,0.2821317825,-0.4089349550,0.4567725638,0.0412766572,-0.3370405974
-0.0043930948,-0.0458403401,0.8060779507,-0.0699253709,-0.0008383863,-0.7403049577,0.6686241913,0.1821388189,0.1001142233,0.0323010694,0.1196705588,-0.0764865820,0.0124693720,0.1761670492,-0.0192975207,-0.0430165888,0.1417598864,-0.0380932193,0.0744085843,-0.0267777837,0.1166858154,-0.0249282509,-0.1670321393,0.2025599437,-0.6779035718,-0.3053755719,-0.3970200604,0.1186381283,-0.0934722847,0.0063110776,-0.1447158542,0.2868238029,-0.4048954405,0.4595308849,0.0390928311,-0.3461650184
-0.0041611457,-0.0462923725,0.8059111528,-0.0694847582,-0.0014198755,-0.7399357259,0.6690777040,0.1825871101,0.0977249911,0.0305854958,0.1197235220,-0.0766890115,0.0130485452,0.1771746584,-0.0218557387,-0.0456936790,0.1418662482,-0.0407752419,0.0757108399,-0.0206218496,0.1136917764,-0.0238686288,-0.1421514430,0.1742494267,-0.6668284793,-0.3146186716,-0.4018918926,0.1148364883,-0.0761843062,0.0041420549,-0.1323424877,0.2916403007,-0.4006407951,0.4624128949,0.0367926758,-0.3553247538
-0.0042038890,-0.0463390833,0.8057263631,-0.0692443533,-0.0023244176,-0.7390613203,0.6700658038,0.1830463038,0.0955625510,0.0278497979,0.1198533311,-0.0761439721,0.0124438345,0.1789070020,-0.0243753865,-0.0498036193,0.1422393090,-0.0437454924,0.0769164187,-0.0152235295,0.1139176748,-0.0232053757,-0.1204386753,0.1596867398,-0.6782239853,-0.3198300944,-0.4033976236,0.1162954126,-0.0788933751,-0.0004190640,-0.1161245315,0.2964590026,-0.3939289373,0.4654681844,0.0332187663,-0.3679902806
-0.0042916660,-0.0464687766,0.8056023262,-0.0689556047,-0.0033048415,-0.7381912098,0.6710498792,0.1836432015,0.0933159149,0.0252394716,0.1199486277,-0.0756131351,0.0123142295,0.1808044885,-0.0269256121,-0.0540417206,0.1424925860,-0.0473146080,0.0777457993,-0.0084583754,0.1130051325,-0.0226269650,-0.0983742467,0.1464673510,-0.6914124475,-0.3258056129,-0.4044808370,0.1179295371,-0.0829206244,-0.0047422355,-0.0987663796,0.2996196428,-0.3868239224,0.4684028943,0.0294994751,-0.3807894782
-0.0043916581,-0.0465230582,0.8053882674,-0.0686550770,-0.0042996764,-0.7373335616,0.6720172707,0.1843031161,0.0910532011,0.0226760795,0.1199973329,-0.0750864200,0.0121755059,0.1827040829,-0.0294907002,-0.0582464576,0.1428033688,-0.0509329096,0.0785663855,-0.0013311337,0.1118400826,-0.0220970309,-0.0761613578,0.1336702511,-0.7053446536,-0.3319594902,-0.4055103340,0.1196051892,-0.0869816052,-0.0088506078,-0.0811486129,0.3022877593,-0.3795318702,0.4713075364,0.0257374739,-0.3934014027
-0.0049720424,-0.0470719792,0.8053137281,-0.0684875890,-0.0050395801,-0.7357810162,0.6737286910,0.1849801481,0.0893749351,0.0160472053,0.1197952028,-0.0755808807,0.0112749048,0.1849652995,-0.0308506389,-0.0637814582,0.1437683485,-0.0519148696,0.0787510878,0.0066346936,0.1094940988,-0.0210534381,-0.0601060859,0.1227178106,-0.7168969782,-0.3345117243,-0.4042055339,0.1224706527,-0.0915790099,-0.0073963418,-0.0752739257,0.3079903404,-0.3824508069,0.4695581329,0.0251946305,-0.3884533701
-0.0055059973,-0.0474947507,0.8050587550,-0.0679467105,-0.0060764118,-0.7342748434,0.6754160022,0.1854140024,0.0868057336,0.0103906447,0.1199341976,-0.0759840577,0.0111432890,0.1878063254,-0.0334535175,-0.0702356129,0.1437281843,-0.0569629174,0.0793611946,0.0147550534,0.1065853684,-0.0199334484,-0.0449047103,0.1108357683,-0.7279479770,-0.3357081010,-0.4029218946,0.1252208247,-0.0968144078,-0.0042842170,-0.0698088264,0.3139786033,-0.3878670877,0.4670249784,0.0256526462,-0.3821217927
-0.0061059392,-0.0479365554,0.8047972309,-0.0673927466,-0.0071561147,-0.7327460077,0.6771191150,0.1859377242,0.0841016479,0.0047065587,0.1200538516,-0.0764023871,0.0110724222,0.1906472692,-0.0361892272,-0.0767268440,0.1439308262,-0.0621809267,0.0800385261,0.0229028604,0.1036013532,-0.0187988580,-0.0298241719,0.0986624698,-0.7388374902,-0.3365213638,-0.4015924029,0.1282315167,-0.1025979729,-0.0006609117,-0.0643996799,0.3201032844,-0.3944261149,0.4643039845,0.0269197010,-0.3759983807
-0.0063339842,-0.0481530319,0.8046829684,-0.0676854235,-0.0078247798,-0.7318070381,0.6780972757,0.1873699751,0.0843011199,0.0032988252,0.1196310486,-0.0762286598,0.0096732012,0.1922897548,-0.0367918756,-0.0797692538,0.1451332541,-0.0614952576,0.0814230390,0.0317804906,0.1016620060,-0.0180709283,-0.0173458623,0.0979041945,-0.7431249660,-0.3339109335,-0.3979570109,0.1315440453,-0.1081390502,0.0048630508,-0.0702743706,0.3316946806,-0.3861209975,0.4656140635,0.0328330394,-0.3615503208
-0.0068218343,-0.0481400247,0.8045355258,-0.0675651615,-0.0088352487,-0.7311465796,0.6788089322,0.1884995905,0.0827300372,-0.0000746714,0.1194573027,-0.0764529968,0.0097667962,0.1943236574,-0.0385145774,-0.0835985113,0.1450754350,-0.0647039151,0.0824461274,0.0403606017,0.0986862346,-0.0174325874,-0.0048117426,0.0974281469,-0.7458675179,-0.3310507381,-0.3946871631,0.1345124783,-0.1141878694,0.0085291690,-0.0760657306,0.3433039602,-0.3746910584,0.4681850773,0.0374519054,-0.3451245661
-0.0073040309,-0.0480853482,0.8042998471,-0.0674434376,-0.0099178934,-0.7304381671,0.6795683205,0.1896292196,0.0810146314,-0.0035741420,0.1193361346,-0.0766312739,0.0098960196,0.1963282934,-0.0403829691,-0.0875500408,0.1452914498,-0.0680376447,0.0835002865,0.0485413022,0.0955078253,-0.0166375332,0.0076468837,0.0970061260,-0.7482616327,-0.3280052852,-0.3914626751,0.1373786171,-0.1204135201,0.0114108486,-0.0816783592,0.3547456659,-0.3619973491,0.4709473648,0.0414521856,-0.3279832468
-0.0083911902,-0.0484141011,0.8040661798,-0.0672486142,-0.0109908198,-0.7302288280,0.6797960609,0.1915384836,0.0801107819,-0.0066675036,0.1191194099,-0.0768513877,0.0087831124,0.1985948290,-0.0413792011,-0.0906349835,0.1452854381,-0.0726237731,0.0824738482,0.0559992351,0.0917627844,-0.0164528605,0.0137349067,0.0990628635,-0.7495186528,-0.3223256076,-0.3888752991,0.1387126500,-0.1216103350,0.0098096720,-0.0954700063,0.3709857498,-0.3509711107,0.4756061366,0.0482422772,-0.2949678468
-0.0093216752,-0.0486577014,0.8038816026,-0.0673026566,-0.0120333204,-0.7299867883,0.6800329702,0.1936506104,0.0795990424,-0.0098486951,0.1189427265,-0.0771132162,0.0079315244,0.2008780514,-0.0420278776,-0.0937422169,0.1456129805,-0.0760480990,0.0822856629,0.0629344701,0.0887175289,-0.0155592370,0.0189188092,0.1007123254,-0.7501170184,-0.3160573232,-0.3869039399,0.1398027866,-0.1221873964,0.0074918197,-0.1094830477,0.3869425434,-0.3393486408,0.4803602642,0.0551053748,-0.2600159252
-0.0103252945,-0.0487703759,0.8036973766,-0.0674289892,-0.0131228159,-0.7297369792,0.6802683767,0.1958746013,0.0791058727,-0.0130244349,0.1188219601,-0.0773684951,0.0070929469,0.2033286018,-0.0426463077,-0.0968478112,0.1458745024,-0.0793910383,0.0821076261,0.0697567917,0.0857925495,-0.0144034639,0.0238305043,0.1021986465,-0.7505133438,-0.3095522844,-0.3850604410,0.1408303586,-0.1227273254,0.0048550161,-0.1234889671,0.4028056553,-0.3274584508,0.4847420751,0.0618983506,-0.2246179929
-0.0107242055,-0.0479561856,0.8039384301,-0.0660502580,-0.0121224822,-0.7287228740,0.6815081670,0.1917100991,0.0791361695,-0.0165963102,0.1152007462,-0.0730855893,0.0063228284,0.2005401504,-0.0423316059,-0.0995266378,0.1423441934,-0.0771533523,0.0812534191,0.0726444085,0.0875307818,-0.0154887430,0.0234171765,0.1076059848,-0.7527872781,-0.3092930442,-0.3845898207,0.1445147280,-0.1280207128,-0.0036469819,-0.1283605408,0.4041869580,-0.3247704888,0.4878598299,0.0635986225,-0.2106147115
-0.0113088084,-0.0476395243,0.8038914285,-0.0656307164,-0.0123425222,-0.7276426629,0.6826979027,0.1904669243,0.0786926228,-0.0199142830,0.1147200874,-0.0719458281,0.0055950325,0.2008354831,-0.0426516863,-0.1019239907,0.1418696429,-0.0777571549,0.0805733167,0.0764600846,0.0879672284,-0.0161823904,0.0261323344,0.1126380607,-0.7574194517,-0.3075646299,-0.3819954614,0.1482271138,-0.1340497303,-0.0085855798,-0.1307043900,0.4064726525,-0.3220640157,0.4881102210,0.0654902449,-0.1982426636
-0.0118340094,-0.0475147949,0.8038873548,-0.0654962400,-0.0128989843,-0.7265347335,0.6838794775,0.1902060741,0.0781581846,-0.0232172399,0.1146874483,-0.0713565575,0.0048625845,0.2020060846,-0.0431027803,-0.1042999019,0.1420873839,-0.0790515135,0.0799196701,0.0805631587,0.0881364571,-0.0163874249,0.0295202261,0.1177112515,-0.7626807316,-0.3057123068,-0.3785452751,0.1516183066,-0.1403703451,-0.0123829125,-0.1325485220,0.4089280637,-0.3201373902,0.4873033523,0.0674761593,-0.1862661506
-0.0125607807,-0.0472711871,0.8038857660,-0.0647311569,-0.0136512417,-0.7260293628,0.6844741670,0.1894573077,0.0765437987,-0.0258598349,0.1146921265,-0.0694855250,0.0036860166,0.2025663828,-0.0447036198,-0.1071190488,0.1414448669,-0.0818004470,0.0793112525,0.0826149983,0.0833202917,-0.0171785008,0.0276606243,0.1221953089,-0.7665929363,-0.3000014973,-0.3758965499,0.1530862343,-0.1410082603,-0.0187997045,-0.1514525471,0.4086420474,-0.3088366695,0.4863833918,0.0742513547,-0.1695585919
-0.0131492375,-0.0468939286,0.8039794881,-0.0641691212,-0.0142621783,-0.7254081840,0.6851728838,0.1886056102,0.0752056616,-0.0286747599,0.1145332680,-0.0672529704,0.0027587760,0.2025470546,-0.0460332472,-0.1097374743,0.1415707778,-0.0829308199,0.0774900505,0.0842321066,0.0798332344,-0.0177144209,0.0245170960,0.1251237575,-0.7704184547,-0.2928813567,-0.3739694691,0.1539238306,-0.1405486328,-0.0274503964,-0.1715102974,0.4070896947,-0.2942565782,0.4870674179,0.0803224912,-0.1505162100
-0.0136129962,-0.0465174180,0.8041674038,-0.0636573641,-0.0148743298,-0.7247935511,0.6858577131,0.1876945284,0.0739015774,-0.0314732337,0.1144277975,-0.0649316094,0.0018630657,0.2024588541,-0.0473268995,-0.1123152672,0.1417189809,-0.0839290740,0.0756890875,0.0858607545,0.0766597226,-0.0180366781,0.0207825002,0.1274939808,-0.7741430439,-0.2850722434,-0.3722424329,0.1544970545,-0.1399243342,-0.0371733649,-0.1917839152,0.4050843998,-0.2779922927,0.4882275481,0.0857446706,-0.1303781777
-0.0136370380,-0.0460359768,0.8046359304,-0.0634872343,-0.0148994985,-0.7240480527,0.6866598819,0.1862728603,0.0734139588,-0.0335558079,0.1145133169,-0.0603288753,0.0006281468,0.2016333400,-0.0475563831,-0.1132337861,0.1426736631,-0.0800185298,0.0757698834,0.0848640075,0.0792741867,-0.0184759064,0.0196096288,0.1265496086,-0.7779640799,-0.2852126194,-0.3711540671,0.1549313327,-0.1451820377,-0.0436180784,-0.1895515872,0.3927167900,-0.2655466102,0.4899331104,0.0862900419,-0.1250430738
-0.0137410308,-0.0456916451,0.8051211851,-0.0632119619,-0.0148011495,-0.7233662412,0.6874055971,0.1846787911,0.0732962573,-0.0355494638,0.1144511427,-0.0560864516,-0.0008524047,0.2007881554,-0.0475307080,-0.1145723397,0.1430074546,-0.0763573733,0.0747520030,0.0847701137,0.0811027849,-0.0194281656,0.0192599929,0.1271215720,-0.7824972168,-0.2869883019,-0.3696979064,0.1562267491,-0.1512235065,-0.0498130720,-0.1858116186,0.3802744456,-0.2534971886,0.4904647664,0.0870562140,-0.1222244121
-0.0139736243,-0.0453820667,0.8056073716,-0.0628872013,-0.0146467048,-0.7227013768,0.6881376272,0.1829831988,0.0732544947,-0.0375298472,0.1143888125,-0.0518880348,-0.0023956437,0.1998736937,-0.0474208605,-0.1158959102,0.1432241380,-0.0726683275,0.0736696269,0.0848663752,0.0826978002,-0.0206367307,0.0192899330,0.1282744228,-0.7873043879,-0.2895066798,-0.3681637014,0.1578760889,-0.1572483144,-0.0557443538,-0.1818581342,0.3679015667,-0.2418430061,0.4906597965,0.0880620125,-0.1200328026
-0.0143282650,-0.0451453590,0.8060244162,-0.0624197486,-0.0143276100,-0.7221914717,0.6887219851,0.1809680214,0.0734699030,-0.0398067745,0.1142440426,-0.0479575067,-0.0041218984,0.1986451101,-0.0471150612,-0.1179860237,0.1432951710,-0.0698214947,0.0727804120,0.0851632053,0.0855935457,-0.0217360570,0.0214783954,0.1264918153,-0.7850002116,-0.2914545932,-0.3677508943,0.1583305778,-0.1575238394,-0.0585316054,-0.1646709222,0.3508638848,-0.2385647787,0.4940308101,0.0809520138,-0.1341765925
-0.0148610690,-0.0448654612,0.8064496437,-0.0618475650,-0.0140276865,-0.7217025776,0.6892920224,0.1788947435,0.0736099024,-0.0421003612,0.1142065839,-0.0438653023,-0.0054735174,0.1972869223,-0.0469027969,-0.1203766592,0.1434030007,-0.0668820899,0.0717430456,0.0854246047,0.0877092324,-0.0230165872,0.0232672566,0.1251475001,-0.7825586531,-0.2926804469,-0.3676348935,0.1584998601,-0.1572334603,-0.0600759595,-0.1470762616,0.3355558245,-0.2378245594,0.4970666926,0.0733310906,-0.1524617315
-0.0153092282,-0.0447005983,0.8069596171,-0.0612296247,-0.0137107827,-0.7212064665,0.6898725825,0.1767647270,0.0736990000,-0.0444272854,0.1141545815,-0.0397880453,-0.0068105290,0.1958648755,-0.0467366974,-0.1227973695,0.1435456283,-0.0639981387,0.0707186575,0.0855707778,0.0897117769,-0.0244159057,0.0250217606,0.1238763508,-0.7800437493,-0.2937314029,-0.3676564210,0.1585034119,-0.1568455381,-0.0609231969,-0.1295898067,0.3209888086,-0.2385183865,0.4997431404,0.0658768071,-0.1721773534
-0.0156394012,-0.0454379824,0.8070030486,-0.0622569600,-0.0148513676,-0.7209846795,0.6899888403,0.1797712478,0.0737842780,-0.0448942118,0.1176526212,-0.0417036757,-0.0079160323,0.1986312027,-0.0467496221,-0.1226121356,0.1481101793,-0.0654364219,0.0699657055,0.0844114682,0.0908622088,-0.0239508371,0.0268438861,0.1211250857,-0.7851259495,-0.2953400111,-0.3651359624,0.1562313480,-0.1587983743,-0.0553644179,-0.1072271567,0.3094204554,-0.2465398865,0.4968826444,0.0544782282,-0.2065962416
-0.0157536717,-0.0448354003,0.8075716920,-0.0609411312,-0.0128088916,-0.7209437002,0.6901900405,0.1748391688,0.0753598921,-0.0457661689,0.1141905221,-0.0361240623,-0.0092848316,0.1937297809,-0.0449130271,-0.1230741075,0.1450691185,-0.0593073210,0.0685978492,0.0811778567,0.0956990874,-0.0252486192,0.0231508096,0.1200519848,-0.7850885882,-0.3037700694,-0.3673914769,0.1557949234,-0.1598265830,-0.0587417464,-0.0918843299,0.2948234489,-0.2538547177,0.5011051858,0.0453902514,-0.2339907870
-0.0160821049,-0.0455131593,0.8076360215,-0.0615636276,-0.0134548764,-0.7208872467,0.6901814715,0.1764861832,0.0756350089,-0.0460120977,0.1174492304,-0.0373615899,-0.0104992028,0.1954421019,-0.0446743497,-0.1228548502,0.1484802612,-0.0598449064,0.0677042696,0.0804424682,0.0971533553,-0.0253892514,0.0245658576,0.1181313856,-0.7903047214,-0.3078930777,-0.3659187457,0.1549800731,-0.1607607212,-0.0532671641,-0.0704242810,0.2844757848,-0.2647387035,0.4979442631,0.0345865554,-0.2717600019
-0.0166016154,-0.0446572131,0.8080791913,-0.0601434968,-0.0115000440,-0.7208456972,0.6903853920,0.1713376706,0.0775382282,-0.0473562519,0.1136062902,-0.0332777162,-0.0110812229,0.1901916384,-0.0425690776,-0.1239479090,0.1450671825,-0.0554726995,0.0660358283,0.0752696704,0.1024514852,-0.0270707675,0.0164219486,0.1204010808,-0.7969836944,-0.3058530716,-0.3666727601,0.1574598745,-0.1617865777,-0.0580539336,-0.0631495922,0.2751180624,-0.2726497083,0.5011746557,0.0284961553,-0.2938931704
-0.0171269663,-0.0441576191,0.8082731773,-0.0594047627,-0.0104960775,-0.7207934738,0.6905198583,0.1681389169,0.0787908953,-0.0487115211,0.1127542493,-0.0316095674,-0.0116311311,0.1872086138,-0.0411587240,-0.1248590732,0.1441479235,-0.0534697178,0.0646053527,0.0711207481,0.1066317800,-0.0286164105,0.0091178603,0.1208215921,-0.8055421115,-0.2997927252,-0.3661514317,0.1596134433,-0.1627278399,-0.0604826119,-0.0539846223,0.2664374614,-0.2802728237,0.5026021986,0.0217907398,-0.3183303425
-0.0177274622,-0.0437912408,0.8084314713,-0.0589007738,-0.0097886322,-0.7207209888,0.6906490699,0.1656043092,0.0798781367,-0.0500511750,0.1124976778,-0.0304541228,-0.0121230167,0.1848289454,-0.0399412745,-0.1257422463,0.1439756689,-0.0520622395,0.0632450367,0.0673263771,0.1106540756,-0.0297174423,0.0017345538,0.1205582478,-0.8145633671,-0.2923750210,-0.3650106167,0.1611034833,-0.1639629996,-0.0620655083,-0.0444956450,0.2578895531,-0.2885555893,0.5030939033,0.0149034583,-0.3433960976
-0.0172107014,-0.0438655706,0.8083827863,-0.0587513671,-0.0088568135,-0.7210885105,0.6902906588,0.1642700103,0.0805461980,-0.0494640911,0.1122456281,-0.0317746450,-0.0113654586,0.1830013603,-0.0391310095,-0.1246601084,0.1436662332,-0.0509454085,0.0632154143,0.0676318826,0.1123950113,-0.0318923379,-0.0102732149,0.1178141832,-0.7993154947,-0.2984499060,-0.3665869950,0.1561499081,-0.1530508593,-0.0594839212,-0.0378136999,0.2508457277,-0.2970767035,0.5039009921,0.0094187770,-0.3645758826
-0.0167438432,-0.0438813638,0.8083293397,-0.0586275750,-0.0079778951,-0.7215869647,0.6897908473,0.1630515046,0.0811362553,-0.0483636703,0.1121565232,-0.0332670623,-0.0105241710,0.1810903051,-0.0385048005,-0.1233699198,0.1434477633,-0.0496485451,0.0630593850,0.0658762479,0.1144848367,-0.0331055100,-0.0226998473,0.1157281216,-0.7812053479,-0.3059104402,-0.3701060724,0.1514310678,-0.1398965594,-0.0572006699,-0.0315046055,0.2464140238,-0.3061152862,0.5048669952,0.0041500016,-0.3847081360
-0.0161927221,-0.0439614786,0.8082738091,-0.0585560684,-0.0071518682,-0.7220630126,0.6893076551,0.1619413560,0.0817178003,-0.0473289048,0.1121263778,-0.0347698932,-0.0096883848,0.1793142147,-0.0378854684,-0.1221292155,0.1432740278,-0.0483727351,0.0629027033,0.0631062627,0.1166391016,-0.0338966848,-0.0352317161,0.1140394121,-0.7621565861,-0.3140096841,-0.3742534263,0.1470377693,-0.1260499688,-0.0551142991,-0.0252068608,0.2430965150,-0.3153026601,0.5057438219,-0.0011189827,-0.4047945001
-0.0162796877,-0.0448529108,0.8075596015,-0.0600153559,-0.0079865370,-0.7227107110,0.6884937185,0.1659439974,0.0827537032,-0.0452705925,0.1160056376,-0.0439915539,-0.0086235406,0.1824301597,-0.0369256815,-0.1193957416,0.1469998925,-0.0556900993,0.0643278141,0.0603004110,0.1180222449,-0.0320619843,-0.0465171260,0.1109260962,-0.7404294012,-0.3210247504,-0.3752498731,0.1417381490,-0.1069805570,-0.0383133380,-0.0131535227,0.2400442028,-0.2944256720,0.5118663591,-0.0021667004,-0.4291927302
-0.0162178246,-0.0451335722,0.8070325217,-0.0606943047,-0.0076148119,-0.7232619349,0.6878592804,0.1670615756,0.0845509757,-0.0436938328,0.1165315821,-0.0496841153,-0.0076810298,0.1826331711,-0.0352127307,-0.1178177179,0.1476599044,-0.0588690160,0.0649528886,0.0563858105,0.1208623727,-0.0314608830,-0.0586437804,0.1089187150,-0.7167138826,-0.3308535294,-0.3774849800,0.1370171771,-0.0891339741,-0.0288654158,-0.0045314920,0.2319787068,-0.2642076132,0.5245135760,-0.0055127519,-0.4457150220
-0.0161073405,-0.0452290352,0.8065560801,-0.0611768252,-0.0069535636,-0.7238297707,0.6872259505,0.1672854436,0.0864666372,-0.0421594646,0.1166660959,-0.0547619837,-0.0067073383,0.1820962248,-0.0333362305,-0.1162603758,0.1475418226,-0.0612118008,0.0655476825,0.0522770151,0.1238114147,-0.0314326982,-0.0709915775,0.1071336371,-0.6926259174,-0.3410990058,-0.3798738056,0.1327734408,-0.0713322742,-0.0227940193,0.0030716226,0.2216153317,-0.2284917074,0.5395463731,-0.0104445268,-0.4587782018
-0.0164481949,-0.0440292022,0.8062732535,-0.0608209741,-0.0052110378,-0.7243781637,0.6866949324,0.1639908073,0.0897341128,-0.0413547976,0.1130565765,-0.0558388680,-0.0058254883,0.1781622729,-0.0300610213,-0.1151150273,0.1438307217,-0.0595494863,0.0648381308,0.0477092072,0.1274295855,-0.0328987632,-0.0799617801,0.1176942174,-0.6680568629,-0.3453765309,-0.3818825922,0.1314160788,-0.0563435981,-0.0272418986,-0.0062354571,0.2117645496,-0.2291222276,0.5412737049,-0.0152056760,-0.4538373449
-0.0168560102,-0.0435493956,0.8058308941,-0.0612776923,-0.0044695502,-0.7250098136,0.6859925931,0.1634431770,0.0925723151,-0.0401120394,0.1126230812,-0.0600707444,-0.0048437363,0.1770448427,-0.0271535678,-0.1130939327,0.1426409542,-0.0611836074,0.0643369180,0.0430631514,0.1300712854,-0.0336596945,-0.0869148280,0.1278176775,-0.6445863364,-0.3475722032,-0.3822568224,0.1292446920,-0.0401906229,-0.0248064464,-0.0126979958,0.2056461386,-0.2353734906,0.5376353089,-0.0182727995,-0.4496323629
-0.0173044211,-0.0431836861,0.8053326230,-0.0620397504,-0.0041018305,-0.7256190714,0.6852818453,0.1640226103,0.0952924169,-0.0388578508,0.1128793263,-0.0651554264,-0.0038524060,0.1769885201,-0.0243976833,-0.1110423595,0.1422826319,-0.0637484133,0.0638826807,0.0383712630,0.1323875957,-0.0339390958,-0.0930917306,0.1379207970,-0.6214230560,-0.3494575160,-0.3819301110,0.1268179027,-0.0240973450,-0.0189199236,-0.0181464744,0.2013803432,-0.2459671557,0.5314939778,-0.0199209472,-0.4468475605
-0.0176605404,-0.0430063392,0.8049022930,-0.0629171711,-0.0036933644,-0.7263081698,0.6844736891,0.1648767409,0.0982486040,-0.0376886091,0.1131863020,-0.0701887820,-0.0040546146,0.1770468214,-0.0214992857,-0.1087697025,0.1421101224,-0.0655911048,0.0646382408,0.0343977889,0.1341805992,-0.0341152538,-0.1066319322,0.1551761447,-0.6112560902,-0.3458493188,-0.3796033155,0.1276800455,-0.0169970114,-0.0123681785,-0.0293274605,0.2127934198,-0.2558561286,0.5254472714,-0.0148883916,-0.4344422975
-0.0180230328,-0.0427812214,0.8043818819,-0.0637994793,-0.0032837246,-0.7270049762,0.6836538657,0.1658615447,0.1012256849,-0.0364705154,0.1134601892,-0.0753578485,-0.0042633195,0.1772064462,-0.0185742968,-0.1063224671,0.1418333858,-0.0675655190,0.0653873330,0.0304357800,0.1356508297,-0.0342370826,-0.1205128835,0.1725379943,-0.6010188506,-0.3412345362,-0.3769371267,0.1284980453,-0.0114154214,-0.0042478497,-0.0405317191,0.2246799530,-0.2678527123,0.5193591389,-0.0086326815,-0.4209743759
-0.0183768978,-0.0426736710,0.8039459674,-0.0646820565,-0.0028820725,-0.7277027673,0.6828298527,0.1669257493,0.1041714851,-0.0352514950,0.1137250926,-0.0805739024,-0.0044414249,0.1774440509,-0.0156740116,-0.1038653872,0.1415269042,-0.0695689439,0.0661572159,0.0264899928,0.1370483477,-0.0344189938,-0.1343473943,0.1898464125,-0.5908367413,-0.3360585897,-0.3741379975,0.1291252434,-0.0064403788,0.0046153106,-0.0518197824,0.2366749473,-0.2808663025,0.5130785290,-0.0017985982,-0.4074423132
-0.0189399478,-0.0429896302,0.8036009656,-0.0656857103,-0.0023679523,-0.7288812738,0.6814777098,0.1691033441,0.1079042912,-0.0323793055,0.1140495451,-0.0851271066,-0.0048320733,0.1780492237,-0.0120578576,-0.1012693044,0.1414385459,-0.0708058221,0.0649059579,0.0201279170,0.1392131015,-0.0360006124,-0.1544676489,0.2108516329,-0.5831511921,-0.3231462480,-0.3717241879,0.1311678570,-0.0032845626,0.0149220774,-0.0589833246,0.2433838521,-0.2977588358,0.5085267259,0.0019068069,-0.3968915713
-0.0196456710,-0.0432255913,0.8032689806,-0.0667632434,-0.0018978829,-0.7300739059,0.6800964338,0.1714689300,0.1118782816,-0.0294683196,0.1142675503,-0.0897078802,-0.0053682746,0.1787663204,-0.0082481438,-0.0986125331,0.1412649402,-0.0718148921,0.0637007196,0.0148111134,0.1407154043,-0.0373192504,-0.1766525849,0.2319996424,-0.5763918827,-0.3076804326,-0.3699303271,0.1327145828,-0.0008671901,0.0254424094,-0.0655336620,0.2491433107,-0.3151007981,0.5041283870,0.0052118772,-0.3867963699
-0.0203482661,-0.0434318610,0.8029371395,-0.0678878605,-0.0014684066,-0.7312798570,0.6786890694,0.1739657735,0.1158582707,-0.0265007385,0.1144798646,-0.0942728709,-0.0059031671,0.1795907304,-0.0044251390,-0.0958972394,0.1410624551,-0.0727719555,0.0624859978,0.0099769202,0.1420427222,-0.0384287299,-0.1995938699,0.2531444075,-0.5704599361,-0.2906913707,-0.3683125796,0.1332960992,0.0012496381,0.0360464788,-0.0720311314,0.2544249446,-0.3322699985,0.4996556626,0.0081337543,-0.3766084806
-0.0212783944,-0.0445376143,0.8025764554,-0.0706091376,-0.0027480613,-0.7325480594,0.6770377674,0.1814748696,0.1197889701,-0.0239898770,0.1190243584,-0.1014328552,-0.0073035532,0.1851071912,-0.0007103761,-0.0919935213,0.1450589549,-0.0759590543,0.0612626638,0.0022834833,0.1428933397,-0.0368840698,-0.2246422005,0.2676092460,-0.5739528111,-0.2594856170,-0.3639928390,0.1338410312,-0.0021461656,0.0531283071,-0.0713834796,0.2610613669,-0.3327115516,0.4973102449,0.0129073599,-0.3741512652
-0.0219711646,-0.0441796155,0.8026653788,-0.0703510753,-0.0010207913,-0.7336886579,0.6758332911,0.1803716495,0.1237712616,-0.0224969007,0.1155778839,-0.1005330868,-0.0084046864,0.1822219979,0.0033681277,-0.0897076998,0.1417259770,-0.0721405615,0.0597633986,-0.0048263123,0.1463672463,-0.0385288685,-0.2536244566,0.2841875929,-0.5747891174,-0.2351582258,-0.3654946833,0.1363005789,-0.0067025685,0.0579239743,-0.0762214030,0.2599921084,-0.3262406915,0.5036117927,0.0162391659,-0.3694266099
-0.0227329070,-0.0443044976,0.8026137504,-0.0708821833,-0.0001050198,-0.7349335292,0.6744245048,0.1812783703,0.1277009889,-0.0204819668,0.1151310675,-0.1023745328,-0.0095387979,0.1814394383,0.0072977083,-0.0868497087,0.1407149313,-0.0705478975,0.0583195647,-0.0116439771,0.1487539877,-0.0404199441,-0.2821084289,0.2991954634,-0.5773435327,-0.2067155054,-0.3649955418,0.1384607406,-0.0113372190,0.0636415296,-0.0791764714,0.2594833465,-0.3160577905,0.5094705590,0.0184877596,-0.3640037696
-0.0236136467,-0.0449451812,0.8022285583,-0.0735525408,-0.0011710926,-0.7361224228,0.6728390825,0.1876021188,0.1320162046,-0.0158920279,0.1198870054,-0.1091029722,-0.0112702232,0.1865727983,0.0111598616,-0.0839691152,0.1439856170,-0.0740836476,0.0553153453,-0.0201882985,0.1486620835,-0.0417113389,-0.3090696295,0.3137902998,-0.5886627003,-0.1856173805,-0.3548959845,0.1362168674,-0.0223018003,0.0675889901,-0.0783707069,0.2566417186,-0.3087913910,0.5088396891,0.0173048056,-0.3644464587
-0.0242036608,-0.0444752327,0.8023751797,-0.0735326534,0.0008397567,-0.7371358790,0.6717313002,0.1861086662,0.1369259582,-0.0126322732,0.1165780236,-0.1080711892,-0.0127471358,0.1833929551,0.0160074014,-0.0815368867,0.1410023294,-0.0689334030,0.0527742838,-0.0281560522,0.1520121770,-0.0451391200,-0.3388284810,0.3319632344,-0.5977643840,-0.1753251134,-0.3511896578,0.1370886139,-0.0325250834,0.0639972982,-0.0827024532,0.2482726253,-0.3030701942,0.5133464830,0.0177150730,-0.3640276012
-0.0250758522,-0.0451997685,0.8021149206,-0.0761097117,0.0004618318,-0.7383451392,0.6701145827,0.1915344837,0.1423306781,-0.0080897931,0.1207311433,-0.1143113967,-0.0146832483,0.1873359913,0.0210931067,-0.0777597171,0.1437938392,-0.0697690270,0.0500567843,-0.0358708035,0.1525619530,-0.0465861460,-0.3637704436,0.3479722619,-0.6112790682,-0.1613861373,-0.3398775303,0.1372054006,-0.0422731517,0.0657347754,-0.0817993413,0.2439452988,-0.2951928948,0.5130373288,0.0170791660,-0.3656078045
-0.0253349102,-0.0445198993,0.8021680589,-0.0757006863,0.0025437624,-0.7385786376,0.6698988964,0.1883613586,0.1461325241,-0.0057078497,0.1174418670,-0.1131088789,-0.0138342023,0.1840020284,0.0247409755,-0.0776484115,0.1402830097,-0.0656936165,0.0488234075,-0.0433856738,0.1549446688,-0.0475845544,-0.3856386527,0.3600010402,-0.6196517247,-0.1528518767,-0.3404061493,0.1377778777,-0.0501064623,0.0649741598,-0.0881638806,0.2344435893,-0.2814225028,0.5163824672,0.0195023184,-0.3654588059
-0.0255384031,-0.0445114723,0.8022075400,-0.0761602900,0.0038744187,-0.7387824760,0.6696156003,0.1874261254,0.1499598337,-0.0034011315,0.1171838247,-0.1147330801,-0.0131975480,0.1830105644,0.0284675966,-0.0766014406,0.1393035665,-0.0631152496,0.0466187717,-0.0515179414,0.1568601165,-0.0492840863,-0.4043544900,0.3705387960,-0.6295769071,-0.1428977100,-0.3386518941,0.1379886677,-0.0572097288,0.0660290118,-0.0933324000,0.2265499457,-0.2645510596,0.5183689381,0.0212170340,-0.3651285978
-0.0258428568,-0.0445801195,0.8021255893,-0.0768535457,0.0049958337,-0.7389701178,0.6693218502,0.1870790825,0.1538053798,-0.0010877958,0.1175456787,-0.1169257255,-0.0125674817,0.1826605450,0.0321931294,-0.0755306735,0.1387961487,-0.0610159819,0.0444228676,-0.0598934812,0.1586308598,-0.0508099362,-0.4223330961,0.3807504430,-0.6398259141,-0.1328091406,-0.3359988968,0.1378183753,-0.0642205362,0.0674365235,-0.0983081968,0.2190577289,-0.2469635246,0.5199165087,0.0222940872,-0.3644589110
-0.0254338711,-0.0446335356,0.8020675788,-0.0773943302,0.0058877012,-0.7393621371,0.6688191705,0.1866352114,0.1559379282,0.0010380633,0.1182006130,-0.1193897408,-0.0121771351,0.1820844124,0.0343638001,-0.0729327102,0.1381758286,-0.0590715381,0.0432562306,-0.0648414498,0.1583576545,-0.0511365039,-0.4320563091,0.3791023002,-0.6448574340,-0.1284949857,-0.3368817251,0.1356849972,-0.0651860464,0.0654946969,-0.1009634181,0.2184342516,-0.2318720511,0.5202472119,0.0229294818,-0.3610632495
-0.0249483102,-0.0447051247,0.8019944512,-0.0778333048,0.0067655613,-0.7398305188,0.6682417282,0.1862807572,0.1577772892,0.0034454140,0.1188039307,-0.1218643802,-0.0115939563,0.1814712299,0.0362455888,-0.0700346661,0.1375769607,-0.0575694115,0.0432171488,-0.0703701725,0.1587318194,-0.0517086408,-0.4402378556,0.3771005399,-0.6490975802,-0.1255564248,-0.3375144544,0.1337826084,-0.0647249770,0.0642364272,-0.1042443093,0.2193184920,-0.2178944917,0.5196430448,0.0239064586,-0.3580988633
-0.0244541096,-0.0448321148,0.8019172717,-0.0782238961,0.0076728436,-0.7403033327,0.6676624335,0.1859250247,0.1595732945,0.0058719090,0.1193472624,-0.1243717497,-0.0109818463,0.1808068076,0.0380801864,-0.0671217336,0.1370144451,-0.0561547935,0.0432099490,-0.0762140776,0.1592953679,-0.0524617587,-0.4477393039,0.3751896834,-0.6530425463,-0.1233443661,-0.3380218845,0.1321598565,-0.0638393975,0.0634098124,-0.1077108965,0.2209622215,-0.2046165841,0.5186876648,0.0250680638,-0.3555471010
-0.0240966316,-0.0448924011,0.8018716291,-0.0784450872,0.0082925288,-0.7405439692,0.6673621445,0.1853180574,0.1607725444,0.0087728070,0.1197913002,-0.1261077666,-0.0102068268,0.1803165120,0.0389217934,-0.0662246054,0.1364285299,-0.0556617993,0.0437087221,-0.0779559223,0.1581519069,-0.0522945286,-0.4516135031,0.3706666548,-0.6524089638,-0.1261235935,-0.3378791516,0.1304455363,-0.0616321366,0.0604607461,-0.1112386898,0.2253257650,-0.2017653025,0.5179760227,0.0246827333,-0.3487092832
-0.0237197178,-0.0449387474,0.8017297339,-0.0786039483,0.0088742183,-0.7408035035,0.6670478520,0.1848762657,0.1617476398,0.0116686805,0.1200304445,-0.1279233109,-0.0093770292,0.1797718688,0.0396291466,-0.0651622415,0.1360678602,-0.0551565977,0.0440625144,-0.0799064299,0.1571858698,-0.0518574918,-0.4548418674,0.3662808934,-0.6512626097,-0.1302930151,-0.3371793098,0.1292751097,-0.0592482305,0.0590719281,-0.1151567405,0.2305463148,-0.2020077990,0.5167927334,0.0251886970,-0.3423184798
-0.0233493824,-0.0451211288,0.8016706431,-0.0787425682,0.0094600532,-0.7410610387,0.6667373188,0.1845152728,0.1627044132,0.0145725706,0.1201856620,-0.1297654336,-0.0085462934,0.1792482086,0.0403139903,-0.0641030916,0.1357459162,-0.0547435811,0.0444236860,-0.0819681471,0.1562971184,-0.0514634398,-0.4576857250,0.3620046278,-0.6499529634,-0.1350700279,-0.3363080833,0.1284550930,-0.0567620226,0.0584952070,-0.1191866430,0.2362905301,-0.2037014905,0.5153309676,0.0262723729,-0.3365086242
-0.0228413761,-0.0449726294,0.8016280410,-0.0785913602,0.0094518839,-0.7418222408,0.6659082692,0.1844646732,0.1617639571,0.0166941607,0.1203188471,-0.1298008997,-0.0074736177,0.1782726505,0.0397282105,-0.0615764266,0.1354003401,-0.0546187969,0.0451967237,-0.0807926397,0.1551493139,-0.0504582895,-0.4489397833,0.3567411395,-0.6460731800,-0.1368212155,-0.3386058894,0.1286728609,-0.0543860402,0.0506029010,-0.1234849413,0.2391979114,-0.2147520587,0.5118956543,0.0260410343,-0.3326355071
-0.0223124388,-0.0447766044,0.8016749542,-0.0783842613,0.0094407810,-0.7426945710,0.6649598134,0.1846240494,0.1606783857,0.0190644751,0.1201029937,-0.1298180599,-0.0063457566,0.1771590366,0.0387758491,-0.0593180077,0.1352521616,-0.0546648254,0.0459598292,-0.0795018393,0.1542178981,-0.0495230219,-0.4395499819,0.3514004433,-0.6418277908,-0.1390031321,-0.3409286639,0.1285681920,-0.0523387747,0.0430382631,-0.1280206179,0.2426510416,-0.2272818301,0.5079271038,0.0269553504,-0.3299853901
-0.0217819619,-0.0446894427,0.8016329513,-0.0781543060,0.0094366338,-0.7435733158,0.6640042006,0.1848291193,0.1595623415,0.0214715484,0.1197754199,-0.1298046350,-0.0052097932,0.1759820993,0.0377927729,-0.0570388685,0.1351941693,-0.0547793491,0.0467375402,-0.0782592204,0.1533310781,-0.0486550024,-0.4299735902,0.3460687855,-0.6374886555,-0.1413338686,-0.3431963433,0.1284063828,-0.0503784313,0.0358030702,-0.1326796757,0.2464250591,-0.2405832068,0.5037710892,0.0284149861,-0.3278642854
-0.0204999488,-0.0446025896,0.8017567186,-0.0776706105,0.0092082932,-0.7443198965,0.6632272426,0.1845952779,0.1566200241,0.0248012915,0.1196589116,-0.1286496184,-0.0040247748,0.1747496301,0.0349090371,-0.0534191840,0.1350369902,-0.0544382043,0.0499993854,-0.0758490620,0.1492249272,-0.0487811481,-0.4249711344,0.3435703539,-0.6350663343,-0.1467124364,-0.3425049830,0.1281772387,-0.0473426389,0.0255326615,-0.1477750435,0.2540310506,-0.2499745701,0.4992085759,0.0342445950,-0.3183286869
-0.0191180371,-0.0444518516,0.8018025761,-0.0771209829,0.0089414240,-0.7450894541,0.6624304569,0.1842719286,0.1533073710,0.0281257810,0.1193923201,-0.1272544762,-0.0026902439,0.1732727456,0.0317307765,-0.0501969859,0.1350036920,-0.0540345647,0.0533422865,-0.0735921641,0.1452100938,-0.0486527872,-0.4198685799,0.3410911340,-0.6324056459,-0.1527285560,-0.3415571421,0.1283097903,-0.0435738445,0.0139804462,-0.1635796719,0.2609444694,-0.2578627387,0.4955516114,0.0402520656,-0.3070099614
-0.0177983376,-0.0442712922,0.8019373009,-0.0765785516,0.0086541449,-0.7458502226,0.6616405948,0.1839512163,0.1499328338,0.0314353950,0.1191010801,-0.1258025338,-0.0013111536,0.1717510630,0.0284928272,-0.0469880970,0.1350576562,-0.0536345674,0.0567227013,-0.0714529688,0.1412140357,-0.0484353440,-0.4146976006,0.3386429313,-0.6296815451,-0.1590174682,-0.3405520215,0.1286667786,-0.0395914439,0.0018585620,-0.1795944210,0.2675982428,-0.2648207710,0.4922558819,0.0460496728,-0.2949683749
-0.0166763763,-0.0444220154,0.8020330330,-0.0757380983,0.0080250383,-0.7466554664,0.6608365560,0.1839806710,0.1456401685,0.0332486089,0.1191447091,-0.1235004527,-0.0000902217,0.1707418847,0.0243603789,-0.0448471459,0.1352852989,-0.0544658335,0.0592308204,-0.0677775442,0.1393848768,-0.0469289842,-0.3943002738,0.3366560719,-0.6222722217,-0.1628436198,-0.3421166396,0.1291258047,-0.0352612910,-0.0050441252,-0.1891781982,0.2624290668,-0.2573354382,0.4954969699,0.0493400609,-0.2925778092
-0.0155837643,-0.0446532985,0.8022097537,-0.0748681056,0.0073762962,-0.7474697242,0.6600222485,0.1842144975,0.1413385880,0.0354500460,0.1190269783,-0.1211206420,0.0013193929,0.1698280641,0.0202055726,-0.0427670222,0.1355354544,-0.0554667399,0.0618140849,-0.0640887594,0.1373364709,-0.0466605285,-0.3719176818,0.3348190180,-0.6152411509,-0.1673091284,-0.3435609139,0.1290366810,-0.0313966479,-0.0130336348,-0.1987464872,0.2566134684,-0.2456504214,0.5004566658,0.0507277436,-0.2897051528
-0.0144891685,-0.0448839859,0.8023026292,-0.0739620361,0.0067492654,-0.7482957305,0.6591946331,0.1843938522,0.1370216494,0.0376903067,0.1188385465,-0.1186924701,0.0027377460,0.1688001924,0.0160317395,-0.0406607954,0.1358026830,-0.0564598240,0.0644032647,-0.0604965916,0.1352147053,-0.0467242524,-0.3489975902,0.3330293892,-0.6082194993,-0.1720618316,-0.3448721134,0.1288214628,-0.0275687287,-0.0217071795,-0.2083468692,0.2506295420,-0.2321318106,0.5059892190,0.0511553773,-0.2860695887
-0.0132438257,-0.0459426018,0.8022604311,-0.0748196904,0.0049273966,-0.7486785597,0.6586790941,0.1890758364,0.1329004242,0.0387548578,0.1220461216,-0.1202463562,0.0038397980,0.1718944461,0.0120197591,-0.0384899431,0.1406997152,-0.0589037001,0.0660409067,-0.0557843222,0.1334016169,-0.0456416479,-0.3210957095,0.3201865357,-0.6023593584,-0.1801506353,-0.3416493345,0.1269428307,-0.0201137582,-0.0264351845,-0.2071744192,0.2564426262,-0.2083943693,0.5106916076,0.0506327664,-0.2818607381
-0.0120704473,-0.0463532678,0.8023567187,-0.0740607628,0.0041634288,-0.7490043758,0.6583996615,0.1895471047,0.1282173741,0.0392115670,0.1219531548,-0.1177488439,0.0051239225,0.1717263454,0.0075177887,-0.0373708711,0.1412933026,-0.0597375111,0.0689303648,-0.0502696125,0.1306167229,-0.0453620970,-0.2995899900,0.3091235099,-0.5961070319,-0.1870140341,-0.3426857119,0.1259566481,-0.0134994551,-0.0338542264,-0.2064000453,0.2596732248,-0.1860723342,0.5174571314,0.0506119302,-0.2771013460
-0.0108744645,-0.0466817526,0.8025722042,-0.0730123425,0.0036254168,-0.7493426076,0.6581350246,0.1891573594,0.1234500853,0.0396150094,0.1215870819,-0.1148415843,0.0064554947,0.1707329803,0.0029530756,-0.0362925419,0.1415568573,-0.0601508810,0.0718347594,-0.0443809521,0.1276565632,-0.0456292574,-0.2792417578,0.2980087297,-0.5902222228,-0.1931651828,-0.3445375627,0.1249923552,-0.0069673732,-0.0417853373,-0.2055605227,0.2622737485,-0.1634816456,0.5244543536,0.0509514550,-0.2720926722
-0.0100675553,-0.0465477522,0.8028572137,-0.0723738020,0.0030810899,-0.7492807334,0.6582787572,0.1884521928,0.1202313545,0.0395208096,0.1214532997,-0.1112710746,0.0066532684,0.1697194554,-0.0000770945,-0.0362647141,0.1423971800,-0.0587561383,0.0712917765,-0.0374348888,0.1254911132,-0.0437191646,-0.2455826556,0.2860209134,-0.5812248153,-0.1984484106,-0.3455355225,0.1246987317,-0.0013102742,-0.0436521559,-0.2010392443,0.2620067448,-0.1580611215,0.5260693535,0.0485160615,-0.2708649746
-0.0094926459,-0.0466722756,0.8029735501,-0.0714700259,0.0024486884,-0.7492561657,0.6584081087,0.1877016588,0.1165945880,0.0395590500,0.1213797812,-0.1077681255,0.0068814655,0.1690840275,-0.0037230481,-0.0365494866,0.1426494768,-0.0589253371,0.0728604806,-0.0303773398,0.1227707320,-0.0426132894,-0.2106721830,0.2740171220,-0.5726165005,-0.2045629742,-0.3459465311,0.1242824245,0.0039087838,-0.0423806391,-0.1962637577,0.2631417511,-0.1570185920,0.5262638446,0.0473453227,-0.2716689834
-0.0088449594,-0.0467850025,0.8031722813,-0.0704910212,0.0018488402,-0.7492237409,0.6585524912,0.1869173469,0.1128928181,0.0395706413,0.1212379205,-0.1043166137,0.0071147679,0.1683987140,-0.0074279181,-0.0368691520,0.1429174253,-0.0592082417,0.0744421720,-0.0233382577,0.1199252882,-0.0418867235,-0.1753728500,0.2618133451,-0.5644623651,-0.2109772092,-0.3462033326,0.1238738720,0.0090831430,-0.0399407232,-0.1914314901,0.2648116836,-0.1576779431,0.5260658101,0.0468159924,-0.2733758540
-0.0081621316,-0.0470633921,0.8033274481,-0.0699723727,0.0011384928,-0.7490614607,0.6587939731,0.1872634007,0.1095824950,0.0392345147,0.1211038940,-0.1013439912,0.0075696302,0.1686887271,-0.0106828293,-0.0370998558,0.1434542235,-0.0591072990,0.0745705196,-0.0164761379,0.1191087141,-0.0413724963,-0.1449828337,0.2481824630,-0.5635975929,-0.2139105717,-0.3465106201,0.1247913393,0.0118531450,-0.0375042561,-0.1808935300,0.2718815553,-0.1593145492,0.5243088185,0.0448228847,-0.2792028113
-0.0075418321,-0.0472336380,0.8034442137,-0.0694479242,0.0002563100,-0.7489611606,0.6589644148,0.1878038263,0.1059707769,0.0389332086,0.1210666430,-0.0983583555,0.0079867508,0.1694153825,-0.0143436210,-0.0376435352,0.1437292588,-0.0597641722,0.0754849101,-0.0092537047,0.1177495667,-0.0405650840,-0.1153010425,0.2344333188,-0.5633449955,-0.2161163761,-0.3468471466,0.1255319959,0.0144073155,-0.0344972773,-0.1700129187,0.2792434928,-0.1620830060,0.5219124640,0.0430489096,-0.2862230108
-0.0068302056,-0.0474929068,0.8036451794,-0.0689527329,-0.0006723407,-0.7488556170,0.6591360508,0.1884782505,0.1023155594,0.0386264902,0.1210033669,-0.0953738276,0.0084191169,0.1702606082,-0.0180466562,-0.0381990032,0.1440333423,-0.0604578071,0.0764135117,-0.0019714225,0.1162698955,-0.0396465841,-0.0858044617,0.2205824100,-0.5635239380,-0.2180743739,-0.3471990808,0.1261531654,0.0168858620,-0.0312010904,-0.1590576669,0.2866957121,-0.1653090556,0.5193502881,0.0414716960,-0.2935522636
-0.0070850814,-0.0476058285,0.8037181988,-0.0688539173,-0.0016805289,-0.7489031729,0.6590905488,0.1901464464,0.1004900836,0.0365862572,0.1207942100,-0.0927904732,0.0082965541,0.1712558864,-0.0197864894,-0.0405750492,0.1446479147,-0.0607700552,0.0777905799,0.0075767734,0.1143274635,-0.0381587950,-0.0534357941,0.2083255455,-0.5573116874,-0.2163469450,-0.3480729900,0.1268140643,0.0203509851,-0.0289994656,-0.1549496673,0.2959347337,-0.1748450590,0.5121228996,0.0442501554,-0.2870205046
-0.0074078058,-0.0476677792,0.8036589075,-0.0685168921,-0.0030156025,-0.7490320501,0.6589744529,0.1918019534,0.0977444565,0.0348183290,0.1208390137,-0.0903514704,0.0082863565,0.1728005113,-0.0227113640,-0.0434071558,0.1447525682,-0.0636410360,0.0781741630,0.0169000828,0.1116750507,-0.0365009234,-0.0213513405,0.1955826131,-0.5505789885,-0.2138778523,-0.3490668631,0.1270240071,0.0231978771,-0.0265739178,-0.1508928984,0.3053131283,-0.1850339606,0.5043628740,0.0478792825,-0.2792814578
-0.0076342140,-0.0477189607,0.8036820730,-0.0682030530,-0.0044111503,-0.7491404388,0.6588759278,0.1935767101,0.0949109883,0.0330040093,0.1208718472,-0.0879047644,0.0083046089,0.1743978911,-0.0257150580,-0.0462876153,0.1450467766,-0.0666257161,0.0785822173,0.0261078114,0.1088794546,-0.0347419579,0.0105925411,0.1825865535,-0.5440301022,-0.2111018836,-0.3500517146,0.1270546022,0.0258253682,-0.0241381551,-0.1467834193,0.3146891241,-0.1953050383,0.4964990682,0.0516862717,-0.2713868262
-0.0077123480,-0.0481894791,0.8036776390,-0.0680071440,-0.0054067997,-0.7482580331,0.6598906810,0.1950277388,0.0925351226,0.0295876667,0.1203127399,-0.0861960485,0.0084206092,0.1763660213,-0.0284482376,-0.0508428250,0.1459643874,-0.0667568469,0.0803917907,0.0342151034,0.1053501248,-0.0350745855,0.0301582800,0.1740724067,-0.5469992064,-0.2081080703,-0.3498745888,0.1274572941,0.0262263461,-0.0248571979,-0.1525270780,0.3344777537,-0.2017105040,0.4895971504,0.0584247566,-0.2563676286
-0.0077921766,-0.0485431838,0.8036800570,-0.0676159084,-0.0066078949,-0.7473897459,0.6609031641,0.1962516921,0.0894628953,0.0262148206,0.1200253897,-0.0841970388,0.0088246981,0.1785066226,-0.0317703052,-0.0555496834,0.1464550273,-0.0688092727,0.0813661804,0.0423346073,0.1013848185,-0.0351324788,0.0489340146,0.1653008568,-0.5499378772,-0.2047005145,-0.3499841498,0.1279636329,0.0268437240,-0.0264496178,-0.1587160870,0.3539046146,-0.2076612817,0.4831662731,0.0650035254,-0.2408362538
-0.0078592813,-0.0487773620,0.8036815270,-0.0672511293,-0.0078507540,-0.7465099467,0.6619203507,0.1975324339,0.0863413882,0.0228225977,0.1197568494,-0.0821719386,0.0092555845,0.1806556359,-0.0351422389,-0.0602669261,0.1471057837,-0.0709136661,0.0823635541,0.0503954340,0.0973627918,-0.0350896118,0.0675515776,0.1564593693,-0.5529473911,-0.2010917387,-0.3501310459,0.1284617055,0.0274613447,-0.0284213334,-0.1649813212,0.3731770156,-0.2133311455,0.4767783705,0.0714319721,-0.2251136650
-0.0079719265,-0.0492122102,0.8034426646,-0.0666608324,-0.0093846537,-0.7452280279,0.6634029305,0.1986926761,0.0823509071,0.0187666810,0.1195898141,-0.0812781922,0.0092675591,0.1839119290,-0.0391466749,-0.0641981943,0.1471035203,-0.0759023517,0.0840266374,0.0543857973,0.0943287144,-0.0337522720,0.0851653242,0.1516289205,-0.5611109543,-0.1606536820,-0.3483799417,0.1335516078,0.0266167987,-0.0328803556,-0.1680763128,0.3895873004,-0.2178738847,0.4716995504,0.0770574125,-0.2119360862
-0.0078932128,-0.0495470554,0.8034375501,-0.0665566538,-0.0108076078,-0.7438196996,0.6649704218,0.2003091674,0.0791393631,0.0141474818,0.1194097263,-0.0796942321,0.0094465868,0.1871935227,-0.0425160530,-0.0694162384,0.1478336231,-0.0781517572,0.0851048101,0.0585369646,0.0920711867,-0.0319917466,0.1000921603,0.1456936084,-0.5688757278,-0.1145565052,-0.3461609726,0.1359261658,0.0238073294,-0.0377069916,-0.1709499257,0.4052961716,-0.2216605210,0.4666287976,0.0824448273,-0.1985848513
-0.0078913576,-0.0497265156,0.8033505352,-0.0665355059,-0.0122812971,-0.7424008234,0.6665307297,0.2020467028,0.0759688549,0.0095138977,0.1192460098,-0.0780466208,0.0096271843,0.1906646525,-0.0458352896,-0.0746434171,0.1484382360,-0.0802506161,0.0861778246,0.0627563421,0.0899687250,-0.0299825677,0.1141140511,0.1395584029,-0.5764469688,-0.0672287464,-0.3435569285,0.1378614798,0.0204807864,-0.0429463078,-0.1738734699,0.4206543335,-0.2256056138,0.4615981159,0.0883468376,-0.1851344156
-0.0077079951,-0.0499738037,0.8033318857,-0.0665635479,-0.0136532174,-0.7412831918,0.6677440478,0.2040454508,0.0729326448,0.0060775551,0.1189137029,-0.0764420322,0.0097099446,0.1939033279,-0.0488939167,-0.0781223800,0.1488231813,-0.0820898653,0.0874036415,0.0645114576,0.0877655004,-0.0294585116,0.1216314146,0.1393584627,-0.5775932382,0.0038084596,-0.3395776853,0.1407646272,0.0188507278,-0.0497498040,-0.1839664315,0.4325847807,-0.2263664126,0.4561091701,0.0955376568,-0.1652809033
-0.0074981398,-0.0500444784,0.8033335550,-0.0666615163,-0.0151410859,-0.7401560132,0.6689514675,0.2059825336,0.0697875372,0.0024963652,0.1187203818,-0.0747336870,0.0095593900,0.1970910782,-0.0519596120,-0.0813622214,0.1493158489,-0.0835496176,0.0884828007,0.0661947978,0.0856400986,-0.0285084815,0.1263615612,0.1387645260,-0.5779534593,0.0791058983,-0.3353019180,0.1416174440,0.0158961596,-0.0576023249,-0.1939965363,0.4439746820,-0.2255655948,0.4507316904,0.1021165881,-0.1441699068
-0.0072940824,-0.0500415076,0.8033386840,-0.0668262561,-0.0166936740,-0.7390166855,0.6701566319,0.2079922720,0.0666582355,-0.0011056021,0.1185845226,-0.0729716738,0.0093961655,0.2003570545,-0.0550132021,-0.0846164521,0.1498723443,-0.0849618645,0.0895376388,0.0678926855,0.0836292672,-0.0273262577,0.1299607014,0.1386828596,-0.5784303343,0.1555263008,-0.3305855470,0.1416658783,0.0127299834,-0.0659053315,-0.2040068421,0.4552157410,-0.2242001741,0.4452658385,0.1083752255,-0.1227253470
-0.0075418613,-0.0500743806,0.8033283222,-0.0671252797,-0.0175048617,-0.7386769701,0.6704805072,0.2098705918,0.0658165028,-0.0029791826,0.1182947159,-0.0713218831,0.0091807883,0.2022483994,-0.0562570763,-0.0876911583,0.1504512432,-0.0853594728,0.0896994720,0.0677630455,0.0833153121,-0.0269212019,0.1238553353,0.1394425787,-0.5788434846,0.2382883821,-0.3251619820,0.1412179909,0.0118451842,-0.0709996266,-0.2080822417,0.4581078988,-0.2227610958,0.4432631740,0.1121799380,-0.1109278549
-0.0077366408,-0.0500043309,0.8034239681,-0.0674134126,-0.0183572139,-0.7383810447,0.6707547072,0.2115389942,0.0649069787,-0.0049855265,0.1181892387,-0.0697260687,0.0087043134,0.2039230617,-0.0571725547,-0.0900114661,0.1510192697,-0.0852600029,0.0894628721,0.0682730398,0.0828967121,-0.0264062375,0.1158350845,0.1410421749,-0.5802435457,0.3219119993,-0.3198400269,0.1406254416,0.0113299070,-0.0765209189,-0.2120029742,0.4602444580,-0.2212674139,0.4415145311,0.1163970480,-0.0994014516
-0.0079440822,-0.0498936186,0.8035213121,-0.0677277369,-0.0192310523,-0.7380884910,0.6710204913,0.2132059649,0.0640307306,-0.0069899737,0.1181394899,-0.0681150087,0.0082025919,0.2056015501,-0.0580586825,-0.0923206462,0.1516123222,-0.0851244652,0.0891895221,0.0690168502,0.0825075069,-0.0258619392,0.1069373849,0.1435955451,-0.5827020322,0.4059142372,-0.3144488186,0.1393388635,0.0111625071,-0.0820405785,-0.2159576306,0.4623669815,-0.2193336825,0.4397210340,0.1200910949,-0.0879441916
-0.0079727716,-0.0494324805,0.8039816925,-0.0663053940,-0.0177980612,-0.7377541788,0.6715695016,0.2087427006,0.0641155298,-0.0087833143,0.1151774936,-0.0628534027,0.0072960537,0.2021419273,-0.0580041253,-0.0940522436,0.1480622076,-0.0802196742,0.0890149230,0.0688065648,0.0839916803,-0.0278318940,0.0956589865,0.1457846970,-0.5790540632,0.4302812289,-0.3150554338,0.1370430205,0.0098563464,-0.0878911035,-0.2173242123,0.4571698951,-0.2223389164,0.4405273575,0.1209211955,-0.0860037624
-0.0079065136,-0.0494168222,0.8042425937,-0.0658559681,-0.0175390307,-0.7373587701,0.6720546243,0.2074286200,0.0635969011,-0.0102592327,0.1149871620,-0.0602326872,0.0067542085,0.2015167001,-0.0583309911,-0.0944316880,0.1476556616,-0.0782015607,0.0886636568,0.0688677500,0.0850812030,-0.0290238815,0.0876595983,0.1481032999,-0.5772849671,0.4533299726,-0.3153880321,0.1357081922,0.0102206830,-0.0898219032,-0.2178106817,0.4533788065,-0.2262799717,0.4389924811,0.1212400298,-0.0853223445
-0.0079415992,-0.0495754209,0.8044681219,-0.0656445520,-0.0175363901,-0.7369458649,0.6725281109,0.2069862574,0.0630125689,-0.0117111608,0.1149716905,-0.0579601614,0.0062205851,0.2015904734,-0.0587516408,-0.0947847925,0.1477770698,-0.0767176220,0.0883481764,0.0690173875,0.0860903856,-0.0297194499,0.0803610791,0.1507549717,-0.5760704052,0.4753914229,-0.3156959254,0.1347039120,0.0111790816,-0.0907941004,-0.2182499016,0.4498316505,-0.2310901885,0.4368188537,0.1215602144,-0.0850068461
-0.0082091554,-0.0497270368,0.8045097399,-0.0670413829,-0.0195552980,-0.7361664339,0.6731879566,0.2111027531,0.0623141732,-0.0129026916,0.1176946220,-0.0589193100,0.0052746936,0.2059124638,-0.0595688783,-0.0956208441,0.1523034336,-0.0783427293,0.0876563198,0.0643395549,0.0873748473,-0.0270922655,0.0704311752,0.1535732500,-0.6007458444,0.5442927756,-0.3043684297,0.1361248686,0.0052772128,-0.0857278323,-0.2093286906,0.4447710827,-0.2296334560,0.4351969597,0.1178597818,-0.1010234522
-0.0084749847,-0.0491967530,0.8048695626,-0.0672751635,-0.0199270454,-0.7354949013,0.6738873908,0.2109759196,0.0624530216,-0.0141256084,0.1174767322,-0.0562946701,0.0040862108,0.2063430394,-0.0593479081,-0.0966399275,0.1530391117,-0.0764273256,0.0865359546,0.0605140173,0.0889255730,-0.0264957361,0.0568164957,0.1567586019,-0.6254516153,0.6134154629,-0.2930842026,0.1370788235,-0.0019067765,-0.0851114048,-0.2011750169,0.4372855858,-0.2262892963,0.4369863110,0.1142372092,-0.1168173388
-0.0087160071,-0.0486792750,0.8051699405,-0.0672982344,-0.0200538376,-0.7348697926,0.6745629541,0.2099890736,0.0626574157,-0.0152981189,0.1172809089,-0.0534718001,0.0029035982,0.2060280561,-0.0590361817,-0.0975905555,0.1534511058,-0.0740936859,0.0853936394,0.0569592438,0.0904715634,-0.0265891419,0.0424651139,0.1595226209,-0.6509578162,0.6826707612,-0.2815772419,0.1377537495,-0.0087031029,-0.0850834256,-0.1930359560,0.4293825145,-0.2220846095,0.4392102671,0.1104136434,-0.1323262199
-0.0082422372,-0.0482198115,0.8054696360,-0.0669035256,-0.0195371481,-0.7348841830,0.6746017015,0.2079709375,0.0624622157,-0.0150312930,0.1171987883,-0.0514688140,0.0029276381,0.2039566236,-0.0592058625,-0.0969442894,0.1533616453,-0.0709479999,0.0849662089,0.0577544503,0.0927510796,-0.0273472799,0.0280951530,0.1484866040,-0.6288986487,0.6542381038,-0.2959313197,0.1268013909,-0.0017593275,-0.0797171598,-0.1794941239,0.4106310092,-0.2270421096,0.4426427910,0.1048184296,-0.1469192250
-0.0078795463,-0.0478728598,0.8058424788,-0.0664820605,-0.0189088876,-0.7349031239,0.6746406362,0.2056956197,0.0623074792,-0.0148124360,0.1172378960,-0.0495054784,0.0028831457,0.2017973396,-0.0592342968,-0.0963345711,0.1532625659,-0.0680926866,0.0845397766,0.0563933456,0.0951210436,-0.0279439236,0.0184424522,0.1399357896,-0.6065518290,0.6149206459,-0.3114590771,0.1216456723,0.0096488638,-0.0751742338,-0.1658400040,0.3941457488,-0.2325525007,0.4459123265,0.0996113911,-0.1616904443
-0.0074338689,-0.0475762162,0.8061221368,-0.0660295240,-0.0182552244,-0.7349033842,0.6747027972,0.2033900481,0.0621385571,-0.0146483246,0.1172823205,-0.0475974786,0.0028449432,0.1996475055,-0.0592746050,-0.0957890803,0.1531434125,-0.0653046513,0.0841257456,0.0545335128,0.0973472168,-0.0287322139,0.0101217379,0.1318594547,-0.5846114652,0.5727471511,-0.3268519449,0.1179166371,0.0226215289,-0.0706013218,-0.1519620039,0.3782708216,-0.2382175838,0.4489751621,0.0944048715,-0.1766067418
-0.0071399150,-0.0470972366,0.8064058254,-0.0654522607,-0.0174235775,-0.7347273068,0.6749727440,0.2000447991,0.0622508590,-0.0151546768,0.1172246465,-0.0454808650,0.0032262007,0.1967745048,-0.0590090156,-0.0960186824,0.1527510063,-0.0624041954,0.0836686060,0.0546599890,0.0987510260,-0.0295029615,-0.0049131617,0.1223674008,-0.5652618501,0.4911873378,-0.3385062273,0.1079363395,0.0433788042,-0.0642600169,-0.1412809617,0.3646051671,-0.2382060878,0.4535904843,0.0864728066,-0.2002466903
-0.0068281179,-0.0466551327,0.8066956541,-0.0648506180,-0.0165769554,-0.7345824058,0.6752098126,0.1968025216,0.0623584482,-0.0156973047,0.1172648705,-0.0440879388,0.0037483029,0.1939743331,-0.0587810920,-0.0960212486,0.1524232670,-0.0599492869,0.0832802813,0.0546184582,0.1001835141,-0.0302999509,-0.0175724128,0.1139939060,-0.5479682444,0.4033692775,-0.3489614380,0.1007362404,0.0676418085,-0.0584808572,-0.1308937784,0.3510874749,-0.2382626916,0.4585973231,0.0784372995,-0.2245645610
-0.0065084998,-0.0462320660,0.8069801185,-0.0642540250,-0.0157319463,-0.7344368623,0.6754453504,0.1935824781,0.0624518172,-0.0162333266,0.1173489907,-0.0427505264,0.0042855550,0.1912040255,-0.0585606762,-0.0960213644,0.1521226713,-0.0575383373,0.0829087703,0.0545627758,0.1015204552,-0.0312248326,-0.0295604442,0.1062151494,-0.5321125568,0.3134667824,-0.3579865188,0.0942474570,0.0933496770,-0.0526693720,-0.1204748472,0.3376477650,-0.2383299669,0.4635094042,0.0702894689,-0.2489329699
-0.0057999460,-0.0456245533,0.8072119739,-0.0638121963,-0.0150036844,-0.7344489320,0.6754906804,0.1904876550,0.0618369539,-0.0165952710,0.1175796928,-0.0400558606,0.0048431300,0.1884945611,-0.0589478311,-0.0957325299,0.1516632486,-0.0545265925,0.0826330643,0.0533738659,0.1037324613,-0.0318952082,-0.0508601036,0.0973351394,-0.5371876771,0.1671173647,-0.3569577657,0.0821110092,0.1078313980,-0.0456996137,-0.1065775617,0.3272299310,-0.2336676773,0.4721703651,0.0623292920,-0.2749471304
-0.0050909714,-0.0452034546,0.8075093367,-0.0634421157,-0.0143317156,-0.7344869322,0.6754988129,0.1878997468,0.0614334435,-0.0167822359,0.1177025703,-0.0385410494,0.0052836139,0.1861534329,-0.0592148659,-0.0952700482,0.1513048236,-0.0519723245,0.0822768260,0.0529694868,0.1060405680,-0.0325767518,-0.0687826351,0.0936665529,-0.5467339895,0.0113345448,-0.3524704159,0.0743179339,0.1246605101,-0.0389248883,-0.0930433983,0.3159514214,-0.2281672229,0.4809919558,0.0534472280,-0.3009743425
-0.0044848941,-0.0446975587,0.8077145469,-0.0631145097,-0.0137086923,-0.7345254246,0.6755005781,0.1854823710,0.0611644165,-0.0169926488,0.1178221679,-0.0370660108,0.0055697743,0.1839500664,-0.0593468407,-0.0948360002,0.1510159187,-0.0495157616,0.0817705001,0.0529492364,0.1084316107,-0.0336623636,-0.0867441728,0.0941018811,-0.5586346504,-0.1476178861,-0.3451584408,0.0690771562,0.1420223907,-0.0319465044,-0.0796106120,0.3041894416,-0.2226593501,0.4898322023,0.0448026020,-0.3268270694
-0.0049073076,-0.0448399765,0.8078630905,-0.0631434934,-0.0129713117,-0.7351708043,0.6748099975,0.1849763130,0.0631000484,-0.0160222923,0.1177223666,-0.0370809750,0.0045851517,0.1824887591,-0.0573671284,-0.0940585435,0.1510777111,-0.0478540900,0.0806769849,0.0526358750,0.1096572463,-0.0354018099,-0.0993979491,0.0961637539,-0.5766917467,-0.2455105064,-0.3415341304,0.0804109752,0.1407589156,-0.0285328745,-0.0745653422,0.2945607172,-0.1950002074,0.5000802853,0.0424083708,-0.3448450668
-0.0051926313,-0.0445866839,0.8079103671,-0.0632137550,-0.0124649680,-0.7358461808,0.6740764378,0.1843977850,0.0648020060,-0.0148362121,0.1176928851,-0.0370341063,0.0037128977,0.1811155446,-0.0557023045,-0.0933787663,0.1508206046,-0.0467445860,0.0785929064,0.0531104041,0.1109403708,-0.0378352198,-0.1174259284,0.0966036486,-0.5921899308,-0.3323731989,-0.3382762323,0.0878674647,0.1333533639,-0.0272575195,-0.0702139682,0.2825348002,-0.1617845380,0.5117894944,0.0384986288,-0.3594689153
-0.0055262587,-0.0442360840,0.8080567172,-0.0633955908,-0.0120515774,-0.7365214181,0.6733290127,0.1838137661,0.0664857258,-0.0136335775,0.1177894592,-0.0368168726,0.0028706100,0.1797147885,-0.0540546465,-0.0926526817,0.1506950861,-0.0454500936,0.0765145435,0.0538245723,0.1123790549,-0.0400352096,-0.1380911497,0.0973758114,-0.6067566987,-0.4152508345,-0.3348456305,0.0933873700,0.1237728197,-0.0273751006,-0.0666159431,0.2694178990,-0.1261438030,0.5240958798,0.0338295946,-0.3725088617
-0.0047779912,-0.0438317199,0.8080397637,-0.0638701497,-0.0112421589,-0.7369742525,0.6728024740,0.1830878953,0.0678159438,-0.0113507506,0.1176077564,-0.0380669296,0.0030280436,0.1782954584,-0.0527961234,-0.0908697260,0.1504352135,-0.0439383811,0.0770762821,0.0570296989,0.1131471624,-0.0407125734,-0.1555791190,0.1067328882,-0.6253262085,-0.4593053829,-0.3333162495,0.1053233867,0.1075226222,-0.0389360427,-0.0689686160,0.2851708560,-0.1367993119,0.5170141975,0.0292670615,-0.3666643690
-0.0041223674,-0.0434259702,0.8080139791,-0.0643222583,-0.0104762557,-0.7374076605,0.6722966885,0.1824785613,0.0690366935,-0.0092802652,0.1174182164,-0.0395098105,0.0034289311,0.1770314095,-0.0515754703,-0.0892741580,0.1501061716,-0.0424403785,0.0770264868,0.0591462056,0.1137707784,-0.0409622450,-0.1766420049,0.1148413272,-0.6406494160,-0.4964935661,-0.3324768288,0.1138437260,0.0881450030,-0.0438944566,-0.0704461263,0.3056236889,-0.1591465082,0.5051834316,0.0292507469,-0.3646670251
-0.0033692205,-0.0431545508,0.8078937004,-0.0647769931,-0.0097233387,-0.7378049635,0.6718282770,0.1819560183,0.0702069099,-0.0073017396,0.1172077161,-0.0410032014,0.0038592204,0.1759181553,-0.0504016261,-0.0877814788,0.1497220569,-0.0410021896,0.0770127274,0.0608643574,0.1144474793,-0.0413295000,-0.1987481030,0.1226120066,-0.6549580081,-0.5311859653,-0.3318595788,0.1207815568,0.0675236629,-0.0463939251,-0.0721743237,0.3278450409,-0.1860160612,0.4920070553,0.0314760786,-0.3648123437
-0.0035813581,-0.0439409682,0.8075410299,-0.0648031461,-0.0088109061,-0.7382308406,0.6713703495,0.1820832547,0.0721416550,-0.0059086495,0.1168416420,-0.0459283190,0.0041079559,0.1755128131,-0.0484347138,-0.0869154027,0.1494205004,-0.0411769628,0.0765191155,0.0547706244,0.1181638217,-0.0417107317,-0.2156865427,0.1267376928,-0.6726053005,-0.5607741322,-0.3352843609,0.1276092006,0.0393178734,-0.0353676434,-0.0682451737,0.3009258134,-0.1243421471,0.5096110183,0.0350071800,-0.3963607644
-0.0036789563,-0.0442452092,0.8072062872,-0.0651071539,-0.0080332933,-0.7387288667,0.6708026432,0.1822576636,0.0741241541,-0.0044745036,0.1169374082,-0.0499830672,0.0048616225,0.1751448777,-0.0465631292,-0.0863580645,0.1491511111,-0.0418190850,0.0764981943,0.0505551860,0.1211910227,-0.0432863719,-0.2319295630,0.1309201454,-0.6929053707,-0.5886976984,-0.3383890871,0.1331652654,0.0102419262,-0.0349251852,-0.0672084900,0.2661358779,-0.0417650730,0.5348387872,0.0309181899,-0.4196408383
-0.0037086653,-0.0443720097,0.8068897883,-0.0655583516,-0.0073562851,-0.7392681432,0.6701720675,0.1823795633,0.0759784687,-0.0028814158,0.1171969151,-0.0537815187,0.0058103515,0.1746359704,-0.0448118909,-0.0855775549,0.1490318263,-0.0421132572,0.0766212394,0.0467668283,0.1235731633,-0.0447373287,-0.2486818365,0.1354442244,-0.7136713057,-0.6162718814,-0.3412464547,0.1387354224,-0.0190020699,-0.0396611372,-0.0697651918,0.2285795305,0.0498297702,0.5629016580,0.0245742950,-0.4371937262
-0.0034445843,-0.0440019678,0.8064595805,-0.0664338140,-0.0068108508,-0.7399052828,0.6693880288,0.1826588095,0.0784827492,-0.0003837924,0.1174567810,-0.0590465634,0.0065269044,0.1740692180,-0.0424009500,-0.0834066283,0.1487575092,-0.0440991446,0.0780241900,0.0433211166,0.1248340128,-0.0445410175,-0.2604200800,0.1337162408,-0.7317776166,-0.6347979443,-0.3446275644,0.1424173362,-0.0331450365,-0.0505364103,-0.0707265599,0.2051808202,0.1159548707,0.5854589087,0.0144329359,-0.4393623309
-0.0030604400,-0.0436025136,0.8060787594,-0.0673454766,-0.0063086293,-0.7405673544,0.6685692047,0.1832069850,0.0806241702,0.0021579069,0.1178629447,-0.0638697396,0.0075265773,0.1737743342,-0.0403656477,-0.0809798835,0.1486811096,-0.0446396936,0.0796512452,0.0389825965,0.1261220839,-0.0439441537,-0.2732466766,0.1318126039,-0.7489621894,-0.6518032426,-0.3482331868,0.1450216671,-0.0456713764,-0.0582766902,-0.0727241128,0.1846683471,0.1771805776,0.6059559526,0.0062314069,-0.4416877348
-0.0027199727,-0.0433266621,0.8056951167,-0.0682626301,-0.0058133432,-0.7412114963,0.6677663784,0.1838698445,0.0826794837,0.0046621517,0.1181941472,-0.0687021503,0.0086136522,0.1736475532,-0.0384078782,-0.0785844590,0.1484287765,-0.0451371595,0.0813569917,0.0343527595,0.1273035000,-0.0433717139,-0.2862654101,0.1299684607,-0.7659022037,-0.6683477434,-0.3519941078,0.1472147583,-0.0580030857,-0.0649500537,-0.0759156593,0.1653620377,0.2369337395,0.6258557785,-0.0006507786,-0.4440960077
-0.0030830477,-0.0430026077,0.8052399392,-0.0692401371,-0.0052680877,-0.7416554135,0.6671771116,0.1845618448,0.0859635855,0.0057435588,0.1182757266,-0.0737922390,0.0094832411,0.1736367569,-0.0349293895,-0.0767143049,0.1481528802,-0.0474668448,0.0808521734,0.0299768333,0.1309161249,-0.0439605417,-0.3074657962,0.1394209831,-0.7865271187,-0.6769061825,-0.3527807181,0.1514026631,-0.0714756977,-0.0716639762,-0.0835563526,0.1531662199,0.2692118448,0.6356325056,-0.0085054759,-0.4365271622
-0.0035548128,-0.0427133869,0.8048266746,-0.0701621294,-0.0047270073,-0.7420991590,0.6665911560,0.1851424947,0.0892878559,0.0069337883,0.1185295449,-0.0788698703,0.0103332754,0.1736322796,-0.0316437585,-0.0756088959,0.1480550894,-0.0489975282,0.0793418930,0.0256728031,0.1341370049,-0.0438282959,-0.3302096692,0.1488862344,-0.8067635250,-0.6849276574,-0.3537412928,0.1553917560,-0.0850798569,-0.0744206019,-0.0899436584,0.1425079869,0.2936805263,0.6426679657,-0.0139314019,-0.4310302688
-0.0040606494,-0.0423918906,0.8044097256,-0.0710612073,-0.0041811150,-0.7425251403,0.6660249538,0.1857752317,0.0926195849,0.0080504930,0.1187956871,-0.0840283485,0.0111672951,0.1737219560,-0.0283449713,-0.0745686674,0.1478984363,-0.0505944873,0.0778066025,0.0213767888,0.1372650299,-0.0437163896,-0.3533316002,0.1582966126,-0.8272613033,-0.6925312686,-0.3548379573,0.1588154917,-0.0985412098,-0.0751440816,-0.0958844015,0.1326835815,0.3148313034,0.6485475025,-0.0182076323,-0.4270847086
-0.0040178000,-0.0422646666,0.8039730514,-0.0719345404,-0.0032674956,-0.7432735666,0.6651008575,0.1860942811,0.0958072146,0.0099729053,0.1188831768,-0.0899653109,0.0121302397,0.1730968274,-0.0250157519,-0.0717650275,0.1473091626,-0.0521287789,0.0783307515,0.0194025463,0.1363873675,-0.0418575425,-0.3692562645,0.1607851016,-0.8442077926,-0.6977312791,-0.3587258516,0.1617122761,-0.1079982935,-0.0748296115,-0.1101183482,0.1352973427,0.3373406569,0.6479198941,-0.0140195009,-0.4093683144
-0.0038539710,-0.0421524035,0.8034933094,-0.0727030486,-0.0022982333,-0.7440847006,0.6641136523,0.1863825952,0.0987180933,0.0121955599,0.1188825964,-0.0962241675,0.0133694153,0.1724158613,-0.0220714438,-0.0688283534,0.1466096701,-0.0536941218,0.0805098259,0.0163997337,0.1364054846,-0.0409116827,-0.3843226085,0.1620965010,-0.8595499195,-0.7020009933,-0.3628540245,0.1642491510,-0.1175505616,-0.0737952364,-0.1254057268,0.1390140356,0.3602635195,0.6466521325,-0.0090429386,-0.3891045802
-0.0036500719,-0.0421615736,0.8029257917,-0.0734132246,-0.0012876288,-0.7448913727,0.6631332320,0.1865593039,0.1015298285,0.0143827031,0.1188932138,-0.1025106859,0.0146915956,0.1716499603,-0.0192123235,-0.0658949882,0.1458621971,-0.0552538425,0.0827592397,0.0130885903,0.1366943355,-0.0402928042,-0.3991468387,0.1629529558,-0.8744259018,-0.7059231865,-0.3670023922,0.1666046588,-0.1273765981,-0.0725575754,-0.1409010283,0.1431643673,0.3832847812,0.6450520128,-0.0041365766,-0.3682436581
-0.0031707567,-0.0415784334,0.8027046274,-0.0724245824,0.0009121082,-0.7458082375,0.6622113868,0.1828289953,0.1032193647,0.0159398784,0.1153041300,-0.1035872561,0.0161578623,0.1669776527,-0.0174326415,-0.0649108292,0.1414769874,-0.0527874850,0.0825809771,0.0091841036,0.1388295376,-0.0409631805,-0.4105805085,0.1635461744,-0.8809388320,-0.7071694408,-0.3722630676,0.1683433552,-0.1327913489,-0.0790459425,-0.1476512271,0.1395275547,0.4042670481,0.6490759964,-0.0026608325,-0.3609109569
-0.0028059258,-0.0416634506,0.8024221155,-0.0722037610,0.0022035748,-0.7467984000,0.6611156562,0.1814887931,0.1046938035,0.0176489499,0.1146881879,-0.1076875780,0.0175702977,0.1646402469,-0.0159249240,-0.0629909834,0.1398100494,-0.0531801329,0.0834550751,0.0056809468,0.1398931856,-0.0416895089,-0.4191004402,0.1629110085,-0.8893986480,-0.7071077900,-0.3754444122,0.1701832894,-0.1390870565,-0.0839865904,-0.1524116815,0.1373485494,0.4266715927,0.6518592027,-0.0023660172,-0.3564279641
-0.0024752966,-0.0418404371,0.8020077711,-0.0722835298,0.0031714658,-0.7477820110,0.6599902251,0.1810005589,0.1061137236,0.0194135130,0.1148182339,-0.1124931608,0.0189730755,0.1630361122,-0.0145088473,-0.0609836769,0.1390665347,-0.0543583714,0.0843356106,0.0022703284,0.1406455110,-0.0420101088,-0.4267728856,0.1619281695,-0.8984420475,-0.7066733344,-0.3775476432,0.1718369884,-0.1459429226,-0.0882528646,-0.1566402997,0.1356484869,0.4489349233,0.6541173640,-0.0026396228,-0.3528668576
-0.0023231962,-0.0417015853,0.8016037997,-0.0724536108,0.0036703059,-0.7489140875,0.6586840613,0.1809683659,0.1071768000,0.0206549788,0.1150889766,-0.1161925395,0.0204677805,0.1615868998,-0.0131718985,-0.0587232607,0.1387405061,-0.0556702309,0.0847266578,0.0008685050,0.1421749539,-0.0428628951,-0.4295606861,0.1618000990,-0.9024507795,-0.7046524803,-0.3789457785,0.1731146075,-0.1501902912,-0.0959251573,-0.1591312933,0.1376081670,0.4474098992,0.6513864781,-0.0071317348,-0.3415610923
-0.0022233971,-0.0416527417,0.8012800341,-0.0725803270,0.0042130947,-0.7500823788,0.6573361172,0.1810821150,0.1082600239,0.0220084207,0.1151414449,-0.1199720341,0.0218995296,0.1600753044,-0.0119118752,-0.0565553310,0.1385838956,-0.0568675050,0.0851306232,-0.0011165167,0.1438724276,-0.0432480712,-0.4324802127,0.1620076614,-0.9054029478,-0.7026765355,-0.3801534365,0.1740315396,-0.1544830482,-0.0995384238,-0.1606796346,0.1412950956,0.4384552430,0.6462984955,-0.0104862487,-0.3316720915
-0.0021600242,-0.0416887326,0.8009517830,-0.0726721581,0.0047738162,-0.7512355147,0.6560039402,0.1812925816,0.1093547417,0.0233186027,0.1150768367,-0.1238073818,0.0232975404,0.1586383988,-0.0106356987,-0.0544390143,0.1384191917,-0.0581971074,0.0855073717,-0.0032731992,0.1455564284,-0.0437022518,-0.4352390956,0.1622211535,-0.9079506656,-0.7008627643,-0.3813835725,0.1751207352,-0.1590975295,-0.1008274109,-0.1617225819,0.1459146127,0.4253279776,0.6401691366,-0.0126399625,-0.3237039790
-0.0022679593,-0.0428230972,0.8005495737,-0.0741108177,0.0037499103,-0.7521112794,0.6548451331,0.1858005640,0.1099436697,0.0269560753,0.1196498686,-0.1301670433,0.0230717644,0.1618004393,-0.0103525066,-0.0513565339,0.1426065135,-0.0643744848,0.0859408480,-0.0039938128,0.1467667878,-0.0413237957,-0.4283368390,0.1578746659,-0.9101616406,-0.6987765937,-0.3780859907,0.1761897537,-0.1649043815,-0.0924886747,-0.1530489554,0.1472105970,0.4133948441,0.6384495175,-0.0152214190,-0.3246908706
-0.0020536860,-0.0424994999,0.8006531331,-0.0729056451,0.0049772518,-0.7528014758,0.6541788226,0.1830494476,0.1102027954,0.0292421603,0.1166994533,-0.1283352907,0.0230432709,0.1582384579,-0.0100821965,-0.0502822327,0.1395619409,-0.0620053306,0.0861693043,-0.0057576152,0.1482097361,-0.0411036031,-0.4288965701,0.1573253938,-0.9086294628,-0.6982024097,-0.3812984485,0.1767427787,-0.1682156749,-0.0938645685,-0.1477672067,0.1455003340,0.4072995509,0.6425742159,-0.0160464602,-0.3221610063
-0.0019182081,-0.0427026538,0.8005401638,-0.0722769852,0.0056383431,-0.7535894715,0.6533354077,0.1820826130,0.1104284348,0.0320346978,0.1160134066,-0.1289482672,0.0229797828,0.1563695580,-0.0099372051,-0.0486918854,0.1385455367,-0.0618243144,0.0864845580,-0.0071537410,0.1492469536,-0.0412159774,-0.4269164040,0.1556930159,-0.9083094151,-0.6970036632,-0.3831784363,0.1775882854,-0.1719652864,-0.0935164395,-0.1413697316,0.1447615439,0.4011998806,0.6460847246,-0.0175091482,-0.3205511969
-0.0017193575,-0.0438629152,0.8004437614,-0.0734969332,0.0047362950,-0.7544557126,0.6522057544,0.1862794139,0.1104631826,0.0350450161,0.1199782568,-0.1329128659,0.0226509509,0.1588728326,-0.0101075660,-0.0456938451,0.1425989726,-0.0645384463,0.0878128652,-0.0045629455,0.1472894725,-0.0402037812,-0.4102374694,0.1488421393,-0.9024667587,-0.6894038551,-0.3805366206,0.1772985377,-0.1684159456,-0.0894667485,-0.1366486928,0.1524040308,0.3930306902,0.6424224714,-0.0161720522,-0.3186433777
-0.0012094825,-0.0435364164,0.8006957861,-0.0722294882,0.0060754899,-0.7550860315,0.6516065335,0.1831846580,0.1102616122,0.0364951682,0.1168006186,-0.1292429558,0.0226338725,0.1548726149,-0.0101535286,-0.0444077328,0.1395221333,-0.0599510037,0.0890388739,-0.0037430281,0.1465375254,-0.0405163925,-0.4017181236,0.1454815134,-0.8918180449,-0.6834144449,-0.3844159888,0.1762835391,-0.1624397852,-0.0947715378,-0.1360980305,0.1574008329,0.3896331080,0.6428527025,-0.0130390831,-0.3119447756
-0.0008128618,-0.0445629202,0.8005550257,-0.0730239986,0.0054869282,-0.7559655245,0.6505025096,0.1864329488,0.1098653329,0.0394402247,0.1197305902,-0.1323883521,0.0226445569,0.1566064408,-0.0106639621,-0.0416073032,0.1425349402,-0.0617447436,0.0906547814,-0.0034693837,0.1454919633,-0.0410217958,-0.3851171550,0.1378968251,-0.8830711463,-0.6737180395,-0.3831553398,0.1744480755,-0.1572920962,-0.0928865944,-0.1328121320,0.1669104537,0.3844554269,0.6392966414,-0.0103929608,-0.3079230286
-0.0004366084,-0.0451651364,0.8007456983,-0.0729086404,0.0051897161,-0.7564575167,0.6499457073,0.1873730325,0.1085302617,0.0408967194,0.1205247055,-0.1303127335,0.0224474393,0.1572019372,-0.0118631815,-0.0400130930,0.1430253462,-0.0616855639,0.0880809291,-0.0033705652,0.1449092919,-0.0416748095,-0.3691456141,0.1372923074,-0.8692143472,-0.6562198771,-0.3826553934,0.1728513160,-0.1493704303,-0.0952870210,-0.1305782420,0.1675130384,0.3755229878,0.6367035467,-0.0111337784,-0.3104070820
-0.0000591851,-0.0456400210,0.8009862537,-0.0726908680,0.0050358214,-0.7568949405,0.6494618751,0.1879626018,0.1072744373,0.0418771994,0.1207345079,-0.1276417719,0.0222193513,0.1572447672,-0.0131033605,-0.0391145504,0.1432148403,-0.0601428971,0.0883277539,-0.0032492512,0.1440303946,-0.0421968027,-0.3546729317,0.1366326596,-0.8548426598,-0.6375923162,-0.3829469662,0.1706816895,-0.1417136136,-0.0986170670,-0.1278231579,0.1677859517,0.3667108186,0.6341304372,-0.0115880331,-0.3139206437
0.0003315058,-0.0460729747,0.8013231511,-0.0724346733,0.0048887502,-0.7573210054,0.6489947712,0.1884357394,0.1059544566,0.0428085374,0.1208498678,-0.1248267125,0.0220154994,0.1572121143,-0.0144002156,-0.0382540943,0.1432710951,-0.0584568861,0.0885894563,-0.0031457513,0.1430585712,-0.0426499965,-0.3407653064,0.1358697886,-0.8402163336,-0.6184684303,-0.3834708837,0.1682208528,-0.1341674050,-0.1022362271,-0.1249811168,0.1679636166,0.3579376215,0.6314952469,-0.0118882916,-0.3176358033
0.0006637499,-0.0462686468,0.8016708094,-0.0722829499,0.0048244909,-0.7574724499,0.6488354083,0.1889047617,0.1050984416,0.0439664641,0.1207906353,-0.1212138944,0.0214182301,0.1570751945,-0.0152723313,-0.0377490818,0.1433538034,-0.0554971522,0.0873193048,-0.0004135610,0.1411509690,-0.0431492794,-0.3232659467,0.1340167238,-0.8190173016,-0.5937066038,-0.3863232124,0.1648407540,-0.1217565398,-0.1082272191,-0.1220277437,0.1726118578,0.3479753993,0.6270282277,-0.0109991525,-0.3185730384
0.0010847822,-0.0464418477,0.8020939691,-0.0720699163,0.0046991001,-0.7576606814,0.6486402219,0.1892330122,0.1040102974,0.0450499673,0.1207427238,-0.1173831814,0.0208550891,0.1570340375,-0.0164923321,-0.0372374915,0.1431911034,-0.0528914098,0.0862739113,0.0017983702,0.1391480379,-0.0438636596,-0.3065346681,0.1317752078,-0.7963882307,-0.5673634193,-0.3898439075,0.1605652739,-0.1094590123,-0.1140575645,-0.1190433671,0.1783068327,0.3378312441,0.6222755969,-0.0098030443,-0.3195330702
0.0014353366,-0.0466843541,0.8024300710,-0.0718582545,0.0045567002,-0.7578333315,0.6484630055,0.1895431933,0.1028635789,0.0460852340,0.1206978079,-0.1135171146,0.0203311581,0.1569954016,-0.0177655990,-0.0367601037,0.1430384952,-0.0502711639,0.0852554587,0.0037822127,0.1371254757,-0.0446102151,-0.2903260129,0.1293653878,-0.7731161262,-0.5403756658,-0.3935584581,0.1558923144,-0.0974639446,-0.1198152383,-0.1160838489,0.1842622112,0.3275808648,0.6174943423,-0.0085223631,-0.3205879097
0.0018149194,-0.0471762746,0.8028333964,-0.0715382136,0.0044290283,-0.7576859308,0.6486714869,0.1894053474,0.1018194934,0.0470758515,0.1205688202,-0.1098631724,0.0198446466,0.1575818288,-0.0184135804,-0.0359867862,0.1429915844,-0.0475685634,0.0872745029,0.0067101556,0.1338635477,-0.0442829208,-0.2622274175,0.1174312963,-0.7471237739,-0.5012662509,-0.4041896297,0.1493127901,-0.0746633613,-0.1303686659,-0.1099839287,0.1974720208,0.3131667495,0.6100003831,-0.0069372980,-0.3204490244
0.0022413355,-0.0477870379,0.8032107543,-0.0712050615,0.0042871974,-0.7575174234,0.6489058579,0.1897614662,0.1004372443,0.0481577838,0.1205671506,-0.1059909770,0.0194798138,0.1582838429,-0.0199641994,-0.0362883109,0.1427002478,-0.0451658514,0.0868666622,0.0089789471,0.1307597485,-0.0447343784,-0.2352527263,0.1043810369,-0.7195246904,-0.4594091596,-0.4155571332,0.1414034345,-0.0519339496,-0.1396046093,-0.1038511206,0.2120101901,0.2974498852,0.6019418978,-0.0046169844,-0.3214999870
0.0026841968,-0.0482932812,0.8035856258,-0.0708945879,0.0041194212,-0.7573188151,0.6491727044,0.1901580102,0.0990100439,0.0491476074,0.1205529309,-0.1020805893,0.0191519986,0.1590531794,-0.0215614300,-0.0366719015,0.1424223178,-0.0427685503,0.0864845435,0.0111066596,0.1276591634,-0.0454256212,-0.2093373874,0.0911991440,-0.6910017115,-0.4163547153,-0.4270557240,0.1328765182,-0.0299218551,-0.1482088311,-0.0977937656,0.2268867511,0.2810357505,0.5937615852,-0.0019626853,-0.3230401281
0.0029786201,-0.0488853281,0.8040101498,-0.0705837770,0.0037523523,-0.7570899161,0.6494757187,0.1905990409,0.0971934695,0.0490170281,0.1203686780,-0.0982214616,0.0191132530,0.1600046724,-0.0231849844,-0.0369598779,0.1423992858,-0.0405879719,0.0874686048,0.0146580924,0.1267674789,-0.0473816316,-0.1805813495,0.0787137598,-0.6514225555,-0.3567925457,-0.4367169820,0.1265381181,0.0008692993,-0.1643978967,-0.0842294453,0.2325243243,0.2293730228,0.5819243927,-0.0100703318,-0.3345508769
0.0033203047,-0.0492914400,0.8043377604,-0.0703063578,0.0032872311,-0.7568286236,0.6498127767,0.1912331997,0.0953587969,0.0487931209,0.1203768087,-0.0942096359,0.0190524144,0.1609762169,-0.0250218763,-0.0376254892,0.1425693082,-0.0385767712,0.0871737047,0.0190210474,0.1253826893,-0.0487743162,-0.1562097319,0.0661742715,-0.6104901203,-0.2933768843,-0.4466423710,0.1193714202,0.0305091034,-0.1769492809,-0.0698920348,0.2398226602,0.1696150861,0.5669604378,-0.0152415619,-0.3513509011
0.0035533258,-0.0497446574,0.8047504533,-0.0700903166,0.0027464701,-0.7565474851,0.6501659075,0.1920141963,0.0935208781,0.0485139061,0.1204162766,-0.0901762295,0.0189693019,0.1620632837,-0.0268663886,-0.0383353558,0.1428697843,-0.0366198524,0.0868434911,0.0237466455,0.1240193704,-0.0501379910,-0.1341557122,0.0545815643,-0.5689066008,-0.2278207589,-0.4567679687,0.1110942073,0.0591795528,-0.1875933349,-0.0559112375,0.2480658634,0.1066337324,0.5500591315,-0.0184462124,-0.3696826471
0.0028140367,-0.0501755305,0.8049945771,-0.0696937046,0.0020364563,-0.7562832883,0.6505184303,0.1931225896,0.0924164187,0.0461481976,0.1201648852,-0.0867419832,0.0178639020,0.1636019780,-0.0280355380,-0.0413761968,0.1429008960,-0.0366369082,0.0855496774,0.0302617797,0.1217680156,-0.0510989282,-0.1192199399,0.0379525704,-0.5213655474,-0.1121522485,-0.4765635594,0.1091961468,0.0940839089,-0.1937450788,-0.0354169367,0.2704447852,0.0107719152,0.5293892553,-0.0209705484,-0.3713623406
0.0020970023,-0.0505055420,0.8052380405,-0.0695094382,0.0010863666,-0.7558226573,0.6510755475,0.1945020830,0.0912157806,0.0434463185,0.1201364255,-0.0832053863,0.0168063581,0.1655310926,-0.0293421913,-0.0447350702,0.1432856716,-0.0366656054,0.0836020470,0.0369800572,0.1196422539,-0.0527232870,-0.1147310386,0.0239517910,-0.4687712827,0.0182219821,-0.4984428677,0.1039484320,0.1236127286,-0.1932201624,-0.0177987541,0.2968380854,-0.0937581656,0.5052531293,-0.0191274243,-0.3732842560
0.0013606403,-0.0505297182,0.8054951940,-0.0694799033,-0.0000312220,-0.7553067460,0.6516780352,0.1960096565,0.0900242988,0.0405823242,0.1202135769,-0.0794445442,0.0157032979,0.1675994886,-0.0306409788,-0.0482195776,0.1438659288,-0.0365718693,0.0815719218,0.0438880743,0.1180165625,-0.0546644931,-0.1165219531,0.0155022336,-0.4138282824,0.1563200031,-0.5205379556,0.0970746199,0.1482384368,-0.1907701893,-0.0040265388,0.3256379115,-0.2011264923,0.4793669576,-0.0141070538,-0.3747465672
0.0004847024,-0.0503257657,0.8057359892,-0.0694795398,-0.0016529632,-0.7540073076,0.6531790271,0.1973686586,0.0882067450,0.0363284819,0.1203289151,-0.0752778523,0.0144169225,0.1706005401,-0.0326907843,-0.0527877904,0.1445631612,-0.0374873838,0.0820996306,0.0467713268,0.1128208897,-0.0538239671,-0.1254930672,0.0158738314,-0.4024129530,0.2423251747,-0.5235873987,0.0888062952,0.1422269513,-0.1941616610,-0.0143472726,0.3779065796,-0.2768715137,0.4612636196,0.0091315267,-0.3299891196
-0.0001977998,-0.0502223784,0.8059463931,-0.0696014866,-0.0034108684,-0.7526108544,0.6547678221,0.1992875754,0.0860368929,0.0320311896,0.1202421076,-0.0714821903,0.0134611757,0.1742423616,-0.0350542138,-0.0574946047,0.1451948531,-0.0386700207,0.0823448482,0.0493209093,0.1078988865,-0.0528921827,-0.1237310322,0.0179423711,-0.3967455531,0.3109195961,-0.5218022614,0.0859607969,0.1401457592,-0.2039752940,-0.0294318787,0.4239656055,-0.3428921398,0.4486108720,0.0309034236,-0.2742847104
-0.0008883258,-0.0501276290,0.8061449579,-0.0698183458,-0.0052294779,-0.7512274334,0.6563195825,0.2015147386,0.0837933984,0.0278379834,0.1201242743,-0.0677334403,0.0126216725,0.1781712563,-0.0374797644,-0.0620989841,0.1457483633,-0.0398190052,0.0827081712,0.0518556036,0.1027148293,-0.0523594469,-0.1173123475,0.0213028387,-0.3945705979,0.3721620067,-0.5183541294,0.0856050703,0.1418581255,-0.2173544331,-0.0473711666,0.4669880885,-0.4024528439,0.4383570170,0.0496784489,-0.2141375983
-0.0022634274,-0.0500611882,0.8060983110,-0.0697915355,-0.0069890043,-0.7501702989,0.6575141201,0.2040176806,0.0823890949,0.0235699629,0.1193183557,-0.0652344429,0.0108888946,0.1818555097,-0.0391956283,-0.0673555207,0.1457220883,-0.0432811218,0.0821624681,0.0575646049,0.0957961133,-0.0525279459,-0.1061421727,0.0568979165,-0.4046708977,0.5113860225,-0.4990014464,0.1082983861,0.1329863426,-0.2469978427,-0.0880711118,0.5407970517,-0.4519414217,0.4328422432,0.0827552357,-0.0656731698
-0.0035656778,-0.0495390131,0.8060414041,-0.0701494347,-0.0091203582,-0.7490267161,0.6587524986,0.2068711292,0.0809440362,0.0192722216,0.1190472877,-0.0629857329,0.0092302886,0.1858336674,-0.0409302868,-0.0724423662,0.1465487111,-0.0466055743,0.0815477830,0.0615688924,0.0884030243,-0.0535045523,-0.1038405031,0.0934861843,-0.4153283273,0.6661541582,-0.4755760176,0.1240619322,0.1159490718,-0.2775944018,-0.1292244866,0.6114424160,-0.4958310483,0.4253233542,0.1111181065,0.0973584571
-0.0047988238,-0.0488153792,0.8059704866,-0.0708085375,-0.0115304803,-0.7478339529,0.6599981651,0.2100234213,0.0794222609,0.0148943412,0.1192011779,-0.0606482785,0.0076338778,0.1901065290,-0.0427470778,-0.0775312978,0.1478589480,-0.0498730561,0.0809687542,0.0648523511,0.0809985841,-0.0541522468,-0.1056885872,0.1305847073,-0.4322957219,0.8249844784,-0.4490623540,0.1351342727,0.0982380373,-0.3114663423,-0.1715954548,0.6807864692,-0.5369267621,0.4155375692,0.1343671273,0.2646152173
-0.0051391293,-0.0480294256,0.8056519496,-0.0717478661,-0.0139507467,-0.7455581842,0.6624202702,0.2127940972,0.0766786530,0.0088924005,0.1194084248,-0.0607927186,0.0068545827,0.1952615775,-0.0455591948,-0.0822212053,0.1495433608,-0.0538328248,0.0828152623,0.0645159476,0.0772151615,-0.0492919998,-0.1038324193,0.1473709275,-0.4798579981,0.9256503816,-0.4151892217,0.1413845716,0.0614295049,-0.3372136095,-0.1924891803,0.7280370584,-0.5565549424,0.4125734695,0.1518580164,0.3481629865
-0.0053940233,-0.0474882076,0.8053924525,-0.0726736196,-0.0163086939,-0.7433791516,0.6647104697,0.2158380120,0.0741278030,0.0034576415,0.1194076390,-0.0611605214,0.0061532631,0.2006692712,-0.0482064113,-0.0865781162,0.1507968775,-0.0576690571,0.0846796094,0.0662552302,0.0729712257,-0.0451254134,-0.0953375301,0.1642243136,-0.5346858950,1.0113163895,-0.3801922532,0.1515123754,0.0319674196,-0.3661932817,-0.2139393212,0.7744947105,-0.5750563542,0.4119095991,0.1684875615,0.4237472535
-0.0056606074,-0.0468374683,0.8051186981,-0.0735882318,-0.0186388268,-0.7412389274,0.6669349435,0.2189400756,0.0715093724,-0.0018012370,0.1194231213,-0.0616435130,0.0055703520,0.2061242186,-0.0509048886,-0.0907647914,0.1519442715,-0.0614845742,0.0866783269,0.0683970218,0.0684814961,-0.0415385713,-0.0849490115,0.1801374716,-0.5928711887,1.0908641798,-0.3448158270,0.1629704724,0.0071274134,-0.3959267642,-0.2358963058,0.8213629780,-0.5940850511,0.4110031445,0.1842404337,0.4980589477
-0.0067846465,-0.0467016819,0.8048718534,-0.0744524539,-0.0204572375,-0.7403472212,0.6677756552,0.2226546165,0.0710805496,-0.0058539658,0.1195266733,-0.0623377607,0.0046761999,0.2104718870,-0.0515847291,-0.0949129164,0.1530841055,-0.0649564854,0.0852853016,0.0687591627,0.0648084699,-0.0373059654,-0.0750989989,0.1818834960,-0.6277466144,1.1408352146,-0.3247795733,0.1725734267,-0.0091935687,-0.4063325407,-0.2444402048,0.8400279120,-0.6053016102,0.4104532082,0.1931934789,0.5246291419
-0.0079437040,-0.0464968266,0.8046350787,-0.0752043742,-0.0221318877,-0.7395175105,0.6685569036,0.2260350039,0.0708194124,-0.0097613248,0.1195555404,-0.0631205052,0.0037428804,0.2144944699,-0.0520936568,-0.0989461865,0.1539664460,-0.0682594499,0.0841648414,0.0689121054,0.0610334948,-0.0336100851,-0.0631487641,0.1842281824,-0.6638504318,1.1854941212,-0.3058019115,0.1848902742,-0.0221309794,-0.4183353617,-0.2523343416,0.8596775097,-0.6148985740,0.4109742950,0.2007730824,0.5483811317
-0.0091797462,-0.0463052873,0.8043974656,-0.0759170785,-0.0237710002,-0.7386889982,0.6693355666,0.2293050241,0.0705515363,-0.0136537118,0.1196156007,-0.0639294407,0.0028315754,0.2184293690,-0.0526025566,-0.1029682483,0.1548246313,-0.0715488872,0.0830761815,0.0689224315,0.0571866616,-0.0301281492,-0.0505500702,0.1865452803,-0.7006697887,1.2286448861,-0.2869905145,0.1977208060,-0.0338439712,-0.4306386446,-0.2600797454,0.8795422045,-0.6243202640,0.4115413716,0.2080769013,0.5719166404
-0.0103080006,-0.0454959628,0.8042418257,-0.0738227883,-0.0230726956,-0.7385216510,0.6697787826,0.2246410578,0.0706611550,-0.0147874253,0.1166164973,-0.0605307460,0.0010802215,0.2153756948,-0.0521918679,-0.1027839941,0.1499434655,-0.0743240721,0.0842862458,0.0697559372,0.0521226693,-0.0289039924,-0.0504986469,0.1817273535,-0.7129718662,1.2420853840,-0.2804930354,0.2028730630,-0.0388719868,-0.4337858214,-0.2649316447,0.8823469906,-0.6261046274,0.4181389764,0.2128619080,0.5807194506
-0.0112581563,-0.0452559171,0.8041704577,-0.0732292054,-0.0232174290,-0.7382417691,0.6701473903,0.2235866793,0.0709654521,-0.0169271319,0.1163330837,-0.0611072940,-0.0002846256,0.2147775564,-0.0520878571,-0.1048568980,0.1496447246,-0.0769227085,0.0836236835,0.0708136896,0.0483752017,-0.0266117301,-0.0472634801,0.1763950190,-0.7264341354,1.2545353318,-0.2738689662,0.2083691912,-0.0434221951,-0.4325185660,-0.2701238288,0.8862874571,-0.6285234356,0.4221634893,0.2168597623,0.5906783669
-0.0122042718,-0.0450774472,0.8039776500,-0.0729049474,-0.0236002041,-0.7379146951,0.6705294935,0.2233189516,0.0712587944,-0.0191211198,0.1163558759,-0.0620564521,-0.0016293049,0.2149465987,-0.0520160141,-0.1069834628,0.1497485440,-0.0799617204,0.0830125042,0.0718983616,0.0447770291,-0.0237987102,-0.0434006403,0.1710478658,-0.7402361435,1.2663507258,-0.2673222399,0.2140296327,-0.0476385945,-0.4305150646,-0.2755627870,0.8903518651,-0.6312888505,0.4253718484,0.2206629244,0.6009929731
-0.0122899378,-0.0449285250,0.8040909234,-0.0728284646,-0.0232923414,-0.7375782453,0.6709186342,0.2222066192,0.0715327786,-0.0203266376,0.1162554020,-0.0607056538,-0.0010397415,0.2142290918,-0.0513980844,-0.1071061875,0.1501263148,-0.0785411042,0.0827734159,0.0708624209,0.0437009765,-0.0214448835,-0.0373021166,0.1719180239,-0.7408608063,1.2627766841,-0.2661090947,0.2117966375,-0.0500271995,-0.4207367773,-0.2926451460,0.8829730026,-0.6185806169,0.4283468183,0.2262482323,0.6017985878
-0.0125043987,-0.0448800415,0.8041681265,-0.0725200046,-0.0229315294,-0.7373244418,0.6712433697,0.2209185419,0.0718737956,-0.0214407886,0.1160322947,-0.0603548745,-0.0016089146,0.2134070122,-0.0510783079,-0.1077788372,0.1498909257,-0.0780433841,0.0823544054,0.0699122477,0.0425714289,-0.0195967007,-0.0294250921,0.1736882510,-0.7415377004,1.2563919459,-0.2652063767,0.2096082000,-0.0516998567,-0.4117027573,-0.3091140089,0.8751041338,-0.6034754527,0.4319640326,0.2303615006,0.6030217049
-0.0126531396,-0.0447622637,0.8042454395,-0.0721778457,-0.0225337242,-0.7370731723,0.6715696007,0.2195166334,0.0722515260,-0.0225652499,0.1158693431,-0.0600546147,-0.0022108656,0.2125012407,-0.0507200421,-0.1084650870,0.1496574108,-0.0775676438,0.0819023798,0.0688192458,0.0413968873,-0.0179600149,-0.0209918325,0.1758303277,-0.7421794688,1.2488411998,-0.2644370196,0.2078382717,-0.0529920887,-0.4027894244,-0.3250920745,0.8669067082,-0.5874421373,0.4356379661,0.2339480386,0.6046680934
-0.0126763892,-0.0446766610,0.8045216387,-0.0720300150,-0.0218561935,-0.7366789728,0.6720402330,0.2178322971,0.0733275992,-0.0235929741,0.1157979995,-0.0584341887,-0.0030167655,0.2112542375,-0.0493099705,-0.1089920851,0.1495711221,-0.0747195484,0.0793051492,0.0670461418,0.0398025063,-0.0179155007,-0.0177236588,0.1776617905,-0.7467899829,1.2410005361,-0.2621979024,0.2053485912,-0.0521134054,-0.3987720171,-0.3411450144,0.8682309876,-0.5733500525,0.4370678407,0.2388568085,0.6128578756
-0.0127554536,-0.0445623373,0.8049052147,-0.0718280410,-0.0211081299,-0.7363017122,0.6724990469,0.2158330515,0.0744265561,-0.0246299366,0.1157773116,-0.0567018377,-0.0037692197,0.2099524440,-0.0479996053,-0.1091524639,0.1492804468,-0.0716609012,0.0766332460,0.0646778021,0.0384527443,-0.0176780487,-0.0148979450,0.1791156279,-0.7507794405,1.2334311552,-0.2600884936,0.2027985339,-0.0509337034,-0.3948679982,-0.3573625238,0.8701855072,-0.5601139985,0.4376090205,0.2443852205,0.6212591244
-0.0127347360,-0.0443592706,0.8052017299,-0.0716206914,-0.0203467069,-0.7359214863,0.6729606631,0.2137790460,0.0755182314,-0.0256781703,0.1157895449,-0.0549809677,-0.0045038687,0.2086479066,-0.0466928212,-0.1093225473,0.1489302037,-0.0685646273,0.0739752708,0.0621560941,0.0371717783,-0.0174033489,-0.0121472041,0.1804578461,-0.7545647389,1.2259863074,-0.2579667889,0.2002104894,-0.0497208009,-0.3909533893,-0.3736395887,0.8722713013,-0.5471249990,0.4378089173,0.2501263048,0.6296587951
-0.0131411407,-0.0441294881,0.8054220704,-0.0713691053,-0.0195217889,-0.7366009218,0.6722681255,0.2120546226,0.0774041720,-0.0241319115,0.1157831446,-0.0535488604,-0.0051815402,0.2063452895,-0.0449451540,-0.1081172388,0.1481893413,-0.0664154738,0.0740493116,0.0606370805,0.0361892535,-0.0186733044,-0.0123256962,0.1834718965,-0.7613356769,1.2243088970,-0.2546502641,0.1995658560,-0.0480058601,-0.3953412075,-0.3863045849,0.8765373482,-0.5261798887,0.4346055454,0.2575364195,0.6373446133
-0.0135688219,-0.0437009249,0.8057211062,-0.0711729636,-0.0186154843,-0.7373987616,0.6714394533,0.2102065371,0.0796114253,-0.0223721937,0.1157818852,-0.0522739729,-0.0058632265,0.2036367450,-0.0428368953,-0.1069553503,0.1477637848,-0.0638778884,0.0733776761,0.0591245240,0.0353260750,-0.0196908649,-0.0135735905,0.1861294797,-0.7677177247,1.2240283451,-0.2513612545,0.1986618154,-0.0466916762,-0.4011566662,-0.3972873641,0.8808592864,-0.5026855412,0.4306533833,0.2646106526,0.6456133088
-0.0140166692,-0.0432356694,0.8060234121,-0.0709904603,-0.0177122376,-0.7382062294,0.6705954027,0.2083169399,0.0818740967,-0.0205989772,0.1158405390,-0.0509849284,-0.0065842901,0.2008607776,-0.0406775883,-0.1057790101,0.1474133419,-0.0613237913,0.0726605695,0.0574951716,0.0344818572,-0.0205897306,-0.0151547997,0.1886662749,-0.7738714709,1.2242731946,-0.2480331903,0.1975199427,-0.0455900820,-0.4075004951,-0.4076365045,0.8852500971,-0.4781763817,0.4261551184,0.2713123894,0.6543741704
-0.0139004549,-0.0433489575,0.8059811916,-0.0728439921,-0.0186500538,-0.7389457708,0.6695558798,0.2119646746,0.0831650752,-0.0173651280,0.1194824016,-0.0532361737,-0.0066553171,0.2030931640,-0.0394688917,-0.1027058836,0.1513174306,-0.0617316285,0.0722770571,0.0542080584,0.0349832433,-0.0190120397,-0.0124503857,0.1870146915,-0.7821262289,1.2220883495,-0.2420463225,0.1958346597,-0.0472760095,-0.4113624064,-0.4184012092,0.8773575707,-0.4148018844,0.4098050171,0.2764015128,0.6584080190
-0.0137644863,-0.0428190003,0.8061731047,-0.0733178606,-0.0181487854,-0.7397327704,0.6686482942,0.2117157365,0.0849364514,-0.0145693687,0.1196098540,-0.0523006348,-0.0067817503,0.2017457601,-0.0376939117,-0.1000322236,0.1513103288,-0.0587788393,0.0714730618,0.0512384273,0.0350713587,-0.0194824624,-0.0127804987,0.1855640645,-0.7902505207,1.2199257547,-0.2363136692,0.1953449376,-0.0482899524,-0.4204441283,-0.4290432623,0.8678047893,-0.3484935207,0.3965006061,0.2797733597,0.6622228518
-0.0136259139,-0.0423499337,0.8064745215,-0.0735503917,-0.0174070770,-0.7405522309,0.6677347728,0.2106756116,0.0867508975,-0.0117586288,0.1196583494,-0.0511709309,-0.0069148088,0.1997051207,-0.0358576127,-0.0973467635,0.1509844542,-0.0554930895,0.0706416784,0.0483168757,0.0351581160,-0.0205738526,-0.0133539878,0.1840643715,-0.7983388132,1.2178915387,-0.2306428500,0.1950161120,-0.0493647177,-0.4305161231,-0.4399612229,0.8587201208,-0.2816881701,0.3825713193,0.2823453344,0.6656023728
-0.0125551362,-0.0421042329,0.8066540667,-0.0738334252,-0.0162371517,-0.7418195234,0.6663248269,0.2097605124,0.0882234654,-0.0065019706,0.1194656331,-0.0501940656,-0.0066978781,0.1972000361,-0.0339549606,-0.0916039598,0.1500620601,-0.0507864884,0.0704537373,0.0453395553,0.0388304405,-0.0242911062,-0.0368723919,0.1835406648,-0.7644223026,1.1846076125,-0.2476320784,0.1859766777,-0.0314127886,-0.4168661222,-0.4418702353,0.8129508855,-0.1640097325,0.3628191806,0.2890837533,0.6541204056
-0.0116277861,-0.0417695498,0.8069356219,-0.0743118080,-0.0152536474,-0.7431361034,0.6648261527,0.2092004433,0.0898036045,-0.0013911598,0.1195411524,-0.0495954612,-0.0064131778,0.1949294007,-0.0321394550,-0.0861458682,0.1495179957,-0.0462684646,0.0699839859,0.0421185081,0.0415339643,-0.0275231316,-0.0596762243,0.1845530124,-0.7311108836,1.1499004829,-0.2657159202,0.1778854410,-0.0116889922,-0.4087040912,-0.4421090998,0.7673399685,-0.0382122612,0.3395910501,0.2903578397,0.6450521319
-0.0106574554,-0.0413106159,0.8071186845,-0.0748722850,-0.0143526830,-0.7444405890,0.6633222074,0.2088237343,0.0913097890,0.0037336327,0.1196904221,-0.0490197049,-0.0060631838,0.1928201380,-0.0304026998,-0.0806647619,0.1490932086,-0.0417813798,0.0695863995,0.0386025172,0.0439519193,-0.0305494208,-0.0821739555,0.1860532642,-0.6979455371,1.1143559167,-0.2837156510,0.1699241969,0.0087161611,-0.4036556534,-0.4454382064,0.7243462913,0.0880697120,0.3156624170,0.2889222158,0.6335636368
-0.0096909744,-0.0409501653,0.8072918338,-0.0747259907,-0.0130483896,-0.7454520596,0.6622288069,0.2066660728,0.0923044190,0.0083963547,0.1192693314,-0.0489589245,-0.0043304178,0.1895577558,-0.0292711764,-0.0764411498,0.1478984456,-0.0380383256,0.0700590849,0.0365650411,0.0494346706,-0.0325818711,-0.1279271932,0.1836732661,-0.6449937749,0.9098707714,-0.2897065861,0.1462884602,0.0474402746,-0.3748425720,-0.4298694699,0.6643592140,0.1535256389,0.3271285511,0.2738859808,0.5642273855
-0.0087799897,-0.0408128915,0.8075086902,-0.0746800588,-0.0119128370,-0.7464625623,0.6611161897,0.2051908294,0.0931974701,0.0130397377,0.1191384858,-0.0490811511,-0.0030124127,0.1868975509,-0.0281841648,-0.0720214892,0.1471077609,-0.0347990294,0.0705229307,0.0343615871,0.0544090772,-0.0348251364,-0.1659669379,0.1901768825,-0.5990110775,0.6855209328,-0.2912908977,0.1335283312,0.0924530560,-0.3447463747,-0.4185591935,0.6080419076,0.2107246979,0.3436482224,0.2604461420,0.4865832336
-0.0078863403,-0.0406136662,0.8076278377,-0.0747417036,-0.0108915694,-0.7474368458,0.6600251609,0.2039560417,0.0940925744,0.0176017641,0.1190692431,-0.0491955077,-0.0017213484,0.1844691730,-0.0270979765,-0.0676713963,0.1464682220,-0.0316239033,0.0709569014,0.0324924704,0.0593937543,-0.0378596864,-0.2029332197,0.2020338955,-0.5592292252,0.4571660539,-0.2882632278,0.1238716857,0.1378306725,-0.3143862239,-0.4096288647,0.5526101567,0.2656582048,0.3610785447,0.2470864020,0.4080288313
-0.0071577607,-0.0407141349,0.8075753343,-0.0748699147,-0.0095374337,-0.7478487558,0.6595648350,0.2025099800,0.0958391413,0.0189399428,0.1188912049,-0.0516923504,0.0004765843,0.1824614898,-0.0254386306,-0.0663274473,0.1460270976,-0.0300842400,0.0714894492,0.0282549572,0.0672112216,-0.0390771353,-0.2331862726,0.2159348686,-0.5695287235,0.2380523936,-0.2731143571,0.1195963683,0.1551578463,-0.2842313434,-0.3953382261,0.4966948127,0.3162701668,0.3931267371,0.2153263777,0.2808715390
-0.0066509138,-0.0406525392,0.8075022548,-0.0751335028,-0.0082528360,-0.7482804159,0.6590624148,0.2012577731,0.0977848286,0.0201261820,0.1188543422,-0.0543740563,0.0019996201,0.1806126867,-0.0234916209,-0.0649889009,0.1458059635,-0.0287359610,0.0718189611,0.0263358615,0.0748731094,-0.0416703635,-0.2655895211,0.2357785622,-0.5845932481,0.0210395959,-0.2557022538,0.1151013522,0.1682530338,-0.2515409586,-0.3846772999,0.4414929335,0.3649260400,0.4243965206,0.1791031918,0.1511276699
-0.0062079878,-0.0405159543,0.8074174253,-0.0755605937,-0.0071249292,-0.7487045578,0.6585448483,0.2002017288,0.0998367763,0.0212862097,0.1190425014,-0.0570252018,0.0034050809,0.1789064995,-0.0214453950,-0.0636539158,0.1458975786,-0.0274028286,0.0720118465,0.0250631728,0.0825386047,-0.0450075462,-0.3005550766,0.2613894014,-0.6011995421,-0.1933506355,-0.2365523049,0.1103379074,0.1771352368,-0.2180892577,-0.3769611779,0.3867882953,0.4131975985,0.4520483101,0.1402151739,0.0234908341
-0.0057529770,-0.0409601917,0.8069662694,-0.0760159596,-0.0057789421,-0.7486476083,0.6585703731,0.1994233628,0.1021461760,0.0208192002,0.1192258034,-0.0633862704,0.0048698690,0.1782275478,-0.0186645108,-0.0629492894,0.1459087862,-0.0273913416,0.0726245429,0.0180916706,0.0891944767,-0.0469277033,-0.3201379025,0.2722015256,-0.6393207634,-0.2803373988,-0.2427747616,0.1257798327,0.1548879445,-0.1950421797,-0.3632408425,0.3541422915,0.4312434681,0.4675782098,0.1158395180,-0.0299011016
-0.0051716347,-0.0411302433,0.8065365662,-0.0765457300,-0.0043388353,-0.7484723869,0.6587192208,0.1982109823,0.1044577696,0.0202650294,0.1193874220,-0.0694399768,0.0066227225,0.1773684316,-0.0162308860,-0.0629563105,0.1456090704,-0.0275342482,0.0727724630,0.0112996209,0.0965795141,-0.0495277680,-0.3467099971,0.2799523169,-0.6763167985,-0.3524911464,-0.2508608113,0.1326874746,0.1278843442,-0.1708926854,-0.3512508724,0.3201378873,0.4481185981,0.4802274754,0.0938754637,-0.0787446919
-0.0044366544,-0.0412811073,0.8061074472,-0.0771531005,-0.0029608327,-0.7482934286,0.6588593000,0.1969969617,0.1067019978,0.0197034320,0.1196981682,-0.0754404884,0.0084663815,0.1765366407,-0.0138551117,-0.0629273885,0.1453791411,-0.0275637296,0.0729851951,0.0048662507,0.1041328750,-0.0521286292,-0.3752941536,0.2878379380,-0.7139368783,-0.4217153347,-0.2593359838,0.1372585358,0.1005037222,-0.1465320775,-0.3402919432,0.2860957442,0.4650018067,0.4917971716,0.0719215976,-0.1268480800
-0.0041074624,-0.0415483196,0.8054290043,-0.0775167382,-0.0014094997,-0.7485859159,0.6584894040,0.1958113300,0.1096529517,0.0204738030,0.1198772279,-0.0838305565,0.0103347289,0.1752772048,-0.0110552341,-0.0622804648,0.1447066852,-0.0304968938,0.0736049925,0.0005912359,0.1091995792,-0.0525486023,-0.3950586846,0.2879472861,-0.7519558181,-0.4769634120,-0.2657631798,0.1462354940,0.0608231830,-0.1302180059,-0.3404610323,0.2725052951,0.4988597279,0.4949787582,0.0624742671,-0.1374454618
-0.0036192538,-0.0418293332,0.8047541384,-0.0779634922,0.0001446538,-0.7488848431,0.6580981422,0.1946157798,0.1124690833,0.0212602037,0.1202242852,-0.0920999840,0.0124545573,0.1739612197,-0.0082534486,-0.0611337745,0.1441666219,-0.0328170471,0.0744271479,-0.0047745263,0.1150666628,-0.0531354966,-0.4148542099,0.2874139412,-0.7883720027,-0.5306872095,-0.2711462818,0.1542099177,0.0196131208,-0.1164342844,-0.3423655054,0.2597700451,0.5370311416,0.4982772032,0.0524422796,-0.1436879200
-0.0030860873,-0.0420617363,0.8040812065,-0.0784488297,0.0016685660,-0.7491798635,0.6577024625,0.1934356104,0.1152266438,0.0220139101,0.1206616345,-0.1003541622,0.0146614877,0.1726864742,-0.0054947776,-0.0599745904,0.1436200838,-0.0350596744,0.0753038137,-0.0104143271,0.1209963534,-0.0536884803,-0.4351695700,0.2872404874,-0.8245290672,-0.5846691546,-0.2762154714,0.1622223743,-0.0215956174,-0.1035302138,-0.3452896086,0.2477738600,0.5765027162,0.5018735838,0.0422098411,-0.1489389584
-0.0024176662,-0.0423887360,0.8033340842,-0.0791471130,0.0030132113,-0.7487382825,0.6581167369,0.1927120939,0.1176573731,0.0218721539,0.1211200148,-0.1088000144,0.0164263001,0.1726858692,-0.0031129872,-0.0599266416,0.1431941031,-0.0371440865,0.0756025480,-0.0147833693,0.1255751170,-0.0533198409,-0.4355490866,0.2838504487,-0.8534066023,-0.6099846127,-0.2821044434,0.1722638723,-0.0548145546,-0.0987004062,-0.3526886201,0.2475715384,0.6183587372,0.4986730223,0.0377138911,-0.1474152268
-0.0016496322,-0.0428111259,0.8025984831,-0.0798769762,0.0043375337,-0.7482193030,0.6586112124,0.1919832092,0.1200336985,0.0214688648,0.1214909793,-0.1173181280,0.0183327817,0.1728823101,-0.0007854596,-0.0599660611,0.1425599005,-0.0392008307,0.0760801715,-0.0207695232,0.1306134072,-0.0532834609,-0.4356632997,0.2794218582,-0.8804732705,-0.6324155997,-0.2874002448,0.1804137227,-0.0892844282,-0.0949073968,-0.3606516075,0.2498124266,0.6611696682,0.4954839784,0.0336437845,-0.1454171417
-0.0008683871,-0.0431303481,0.8019510415,-0.0806217763,0.0056425232,-0.7476818827,0.6591206972,0.1912616381,0.1223662076,0.0209753389,0.1219039209,-0.1258386760,0.0202809294,0.1731466077,0.0015176118,-0.0600496680,0.1418930166,-0.0412304418,0.0765792739,-0.0271450773,0.1357948420,-0.0532383436,-0.4358140262,0.2751196973,-0.9073095032,-0.6538906422,-0.2924130797,0.1872834063,-0.1239466076,-0.0916134986,-0.3689886837,0.2532734049,0.7041296900,0.4923955150,0.0293402370,-0.1435640187
-0.0002914803,-0.0433692700,0.8013241591,-0.0812235451,0.0065735298,-0.7481076991,0.6585547775,0.1912652423,0.1236838487,0.0203269942,0.1223020360,-0.1323979691,0.0225668120,0.1730170865,0.0032027790,-0.0577668328,0.1412292212,-0.0432741371,0.0795462943,-0.0283758841,0.1383665481,-0.0522588786,-0.4366343253,0.2745472260,-0.9236558291,-0.6637842862,-0.2967155336,0.1903846150,-0.1448783957,-0.0883321999,-0.3741303269,0.2653865904,0.7510346464,0.4871821882,0.0286442153,-0.1349249826
0.0003135413,-0.0434607228,0.8007131857,-0.0818357683,0.0073933924,-0.7484194460,0.6581159302,0.1913513981,0.1250455565,0.0196431075,0.1225022866,-0.1390568278,0.0248736021,0.1728676840,0.0048692236,-0.0556202244,0.1407019283,-0.0455559554,0.0825797567,-0.0303555371,0.1407380203,-0.0510453164,-0.4379441196,0.2740754730,-0.9392959734,-0.6719546474,-0.3016561942,0.1918481335,-0.1652701823,-0.0860711098,-0.3789488973,0.2790889787,0.7983764666,0.4817433331,0.0279014532,-0.1260507253
0.0008298252,-0.0435286482,0.8001046998,-0.0824723617,0.0081738919,-0.7487188659,0.6576865187,0.1914941703,0.1263673885,0.0189008482,0.1227020596,-0.1456851530,0.0271960882,0.1727675542,0.0065047616,-0.0535010398,0.1402317480,-0.0478542201,0.0856115507,-0.0325791579,0.1430846755,-0.0496911050,-0.4393103329,0.2735610176,-0.9545100977,-0.6800187834,-0.3066955161,0.1933371841,-0.1859633149,-0.0842664221,-0.3835545929,0.2937880108,0.8457298461,0.4761586773,0.0270488063,-0.1173441357
0.0007181083,-0.0429374814,0.8001993820,-0.0811196158,0.0093699017,-0.7491264645,0.6573745911,0.1866542665,0.1267645252,0.0195017503,0.1224503516,-0.1444338265,0.0273858500,0.1691721178,0.0069772614,-0.0522955736,0.1363124193,-0.0450319559,0.0849903698,-0.0353148268,0.1425003525,-0.0517028061,-0.4451114587,0.2755042016,-0.9573739981,-0.6851792638,-0.3131340880,0.1938032212,-0.1933620437,-0.0868682885,-0.3877276202,0.2956649643,0.8615586021,0.4755159740,0.0262019169,-0.1076810046
0.0005361095,-0.0428183231,0.8001446912,-0.0808489517,0.0097564938,-0.7496302506,0.6568277896,0.1841642440,0.1275642241,0.0201856009,0.1257272551,-0.1463798740,0.0274044013,0.1679217204,0.0078502327,-0.0503567238,0.1354664457,-0.0451618024,0.0854123913,-0.0370128343,0.1425134790,-0.0528934363,-0.4481998366,0.2759978742,-0.9617597340,-0.6903789856,-0.3177481540,0.1940654201,-0.2012898065,-0.0860198888,-0.3925822262,0.2971170223,0.8754124584,0.4744060065,0.0259858239,-0.0986567621
0.0002605558,-0.0427662534,0.7999707331,-0.0808429583,0.0099402653,-0.7501428543,0.6562402802,0.1822940160,0.1284291720,0.0209791584,0.1296055235,-0.1488884534,0.0274116336,0.1672790997,0.0087653613,-0.0483127061,0.1351480190,-0.0457696829,0.0858341344,-0.0382346012,0.1426578723,-0.0536280225,-0.4509918622,0.2760621145,-0.9666476208,-0.6955971567,-0.3217091902,0.1942635647,-0.2094695969,-0.0839771257,-0.3975476389,0.2982121910,0.8881921644,0.4731291060,0.0260276546,-0.0899632385
0.0008539456,-0.0428876640,0.7998940660,-0.0804445415,0.0102222204,-0.7508447043,0.6554818167,0.1814816309,0.1275450017,0.0235372558,0.1301791589,-0.1501061577,0.0280892802,0.1661579592,0.0076750320,-0.0472847405,0.1346953739,-0.0468145905,0.0854651148,-0.0364091260,0.1423025793,-0.0539903165,-0.4500130627,0.2741145661,-0.9664163332,-0.6981936941,-0.3254622951,0.1940111876,-0.2080803981,-0.0835906151,-0.3956334593,0.3004438053,0.8955231165,0.4761483108,0.0258885639,-0.0776601328
0.0015008731,-0.0430460279,0.7998068684,-0.0801806116,0.0106055876,-0.7514576812,0.6548052721,0.1812180958,0.1269985555,0.0260436472,0.1297540690,-0.1509206234,0.0287892551,0.1647830475,0.0071262613,-0.0454134046,0.1347064680,-0.0466294813,0.0862735980,-0.0351143363,0.1421908605,-0.0544730319,-0.4492110953,0.2720723122,-0.9662201167,-0.7000529709,-0.3294907223,0.1933629818,-0.2055199154,-0.0824124890,-0.3936853034,0.3031178837,0.9015973400,0.4796720358,0.0263586166,-0.0657611038
0.0020603664,-0.0432144356,0.7998087040,-0.0799167347,0.0109878138,-0.7520751428,0.6541219787,0.1810810303,0.1264486305,0.0285850605,0.1291010860,-0.1516344744,0.0294876019,0.1634506539,0.0065778531,-0.0435219282,0.1346551251,-0.0464254240,0.0870827970,-0.0338318211,0.1420979339,-0.0549898083,-0.4484722426,0.2699872283,-0.9660397653,-0.7017559127,-0.3336304060,0.1925480668,-0.2027549635,-0.0809550954,-0.3917952780,0.3058851420,0.9071539111,0.4832864984,0.0271294420,-0.0541244897
0.0020130189,-0.0432582054,0.7998542019,-0.0793045696,0.0111233017,-0.7528640400,0.6532861506,0.1815460228,0.1261264816,0.0313991463,0.1266419722,-0.1494193781,0.0287029506,0.1616192957,0.0062250555,-0.0415005496,0.1346586113,-0.0461273582,0.0870913143,-0.0348445684,0.1428910672,-0.0550866441,-0.4420604576,0.2683282753,-0.9669412125,-0.6984674316,-0.3396634135,0.1934959757,-0.2032765852,-0.0836654001,-0.3879904936,0.2980551001,0.8983482067,0.4910220570,0.0217835153,-0.0496515135
0.0018238419,-0.0432148348,0.7999850417,-0.0787106009,0.0112533020,-0.7535815111,0.6525280918,0.1823431228,0.1258600539,0.0345054877,0.1235426236,-0.1471941156,0.0279801629,0.1598931736,0.0058828125,-0.0400759825,0.1347354070,-0.0460498833,0.0869329912,-0.0351558466,0.1434426852,-0.0550502884,-0.4361351111,0.2663143462,-0.9681679144,-0.6945310091,-0.3455919866,0.1942891325,-0.2048425791,-0.0846281807,-0.3838126665,0.2896858547,0.8865482919,0.4987851287,0.0168083184,-0.0475782898
0.0017067763,-0.0432749705,0.8001156740,-0.0781234225,0.0113618000,-0.7542981463,0.6517683230,0.1832805177,0.1255848402,0.0376267731,0.1202973647,-0.1449208466,0.0272365482,0.1582269697,0.0055356639,-0.0386523278,0.1348342675,-0.0460166757,0.0867597461,-0.0351561165,0.1439203161,-0.0550331597,-0.4303368101,0.2640376198,-0.9696115217,-0.6902619490,-0.3514568396,0.1949457612,-0.2067001233,-0.0848053372,-0.3795659555,0.2810512307,0.8733173689,0.5064351998,0.0122768723,-0.0464802820
0.0021755805,-0.0429837671,0.8002416068,-0.0776790368,0.0111555596,-0.7551025539,0.6508929665,0.1831239211,0.1239332505,0.0395758525,0.1194754373,-0.1428665307,0.0272108389,0.1566821148,0.0040046993,-0.0363651415,0.1349056565,-0.0451761938,0.0877606954,-0.0353747718,0.1443766628,-0.0547723433,-0.4237401672,0.2593715310,-0.9699165716,-0.6834348904,-0.3558251359,0.1955805798,-0.2086725818,-0.0894234633,-0.3716728279,0.2744200712,0.8515586038,0.5122335116,0.0071223155,-0.0451447746
0.0026563088,-0.0426602973,0.8004655643,-0.0772076744,0.0108967773,-0.7558613040,0.6500722455,0.1826518967,0.1221401536,0.0416678741,0.1192470340,-0.1402602926,0.0271474218,0.1551584429,0.0023159614,-0.0341553870,0.1349522809,-0.0443034060,0.0887845395,-0.0361833094,0.1445958484,-0.0542304816,-0.4173672406,0.2543534765,-0.9696467490,-0.6756258939,-0.3597097412,0.1959504710,-0.2111473565,-0.0938803875,-0.3637460287,0.2682130517,0.8278952595,0.5174584794,0.0028636776,-0.0450512036
0.0031361513,-0.0424173512,0.8006034846,-0.0767332496,0.0106306983,-0.7566025072,0.6492700846,0.1821271624,0.1203264541,0.0436972115,0.1190865985,-0.1376688321,0.0270921626,0.1536410819,0.0006046220,-0.0319980461,0.1350008526,-0.0434345625,0.0898120816,-0.0371084143,0.1448363509,-0.0536167361,-0.4110722594,0.2491370362,-0.9692016836,-0.6674255679,-0.3634636826,0.1961417771,-0.2139190807,-0.0981191510,-0.3556052688,0.2624543507,0.8034256253,0.5224819553,-0.0009975215,-0.0455393519
0.0031797737,-0.0429948899,0.8007891755,-0.0782177325,0.0089166767,-0.7572585482,0.6483532759,0.1871369085,0.1196076223,0.0458290130,0.1226667687,-0.1379795009,0.0258708138,0.1569627875,-0.0001742844,-0.0299815832,0.1396756401,-0.0449766302,0.0880399029,-0.0334754353,0.1445612559,-0.0521454113,-0.3993851678,0.2460285422,-0.9657363350,-0.6480304348,-0.3582700978,0.1962383437,-0.2186612452,-0.0952762099,-0.3482675745,0.2589075090,0.7691140727,0.5247773445,-0.0017445518,-0.0481284865
0.0033552793,-0.0423117789,0.8013377557,-0.0767198671,0.0093689606,-0.7578418999,0.6478440702,0.1844623533,0.1179107738,0.0469229201,0.1194561092,-0.1308146436,0.0250439033,0.1537954990,-0.0017026290,-0.0289762035,0.1363880243,-0.0402805309,0.0877676444,-0.0324050620,0.1434742209,-0.0530686669,-0.3949440521,0.2485640170,-0.9579604093,-0.6317262981,-0.3602935920,0.1970255250,-0.2199481050,-0.1027922960,-0.3416177610,0.2557723030,0.7409493804,0.5282925830,-0.0022156346,-0.0462773867
0.0034578715,-0.0420918583,0.8016604996,-0.0760560926,0.0091224051,-0.7584735706,0.6471862909,0.1839691724,0.1163334439,0.0484107519,0.1188042255,-0.1262230880,0.0241458051,0.1525553571,-0.0032178653,-0.0275423562,0.1358044653,-0.0381112878,0.0875408841,-0.0311989096,0.1423200062,-0.0537272189,-0.3877236174,0.2494392478,-0.9509017776,-0.6137336355,-0.3602197220,0.1972582517,-0.2223433901,-0.1075452909,-0.3344600191,0.2538695094,0.7113648061,0.5313192356,-0.0024278284,-0.0456364723
0.0039710477,-0.0431223941,0.8018761966,-0.0775438878,0.0075862853,-0.7589803707,0.6464349856,0.1891779442,0.1151491832,0.0501830871,0.1221551394,-0.1257130174,0.0239000548,0.1562383090,-0.0041908747,-0.0255775333,0.1402304889,-0.0385021621,0.0873131890,-0.0263400601,0.1406944696,-0.0513704349,-0.3641471916,0.2440442688,-0.9379742553,-0.5706230928,-0.3546354098,0.1965966004,-0.2213825272,-0.1032656220,-0.3259820408,0.2679048371,0.6992722529,0.5237928402,0.0070953880,-0.0470556489
0.0045167758,-0.0434429641,0.8022078582,-0.0775886997,0.0068982069,-0.7594499926,0.6458855295,0.1909660910,0.1130334939,0.0513702070,0.1222594809,-0.1219956265,0.0239350733,0.1573432260,-0.0062320687,-0.0245522973,0.1404676211,-0.0370851811,0.0874238398,-0.0237618800,0.1388234685,-0.0506371570,-0.3437123639,0.2398750944,-0.9213405926,-0.5259682578,-0.3519660371,0.1945573621,-0.2201208973,-0.1057766440,-0.3180395457,0.2833803467,0.6939744725,0.5169314247,0.0157029201,-0.0449152653
0.0051078360,-0.0436525829,0.8025690645,-0.0773957620,0.0063790830,-0.7598985945,0.6453861863,0.1919719942,0.1107904741,0.0524069566,0.1221196686,-0.1178456775,0.0240547481,0.1577914902,-0.0083857255,-0.0236452781,0.1403324180,-0.0352135666,0.0875819232,-0.0220427296,0.1369431192,-0.0502602036,-0.3240073473,0.2361270972,-0.9035922022,-0.4808619804,-0.3497895435,0.1921372946,-0.2188215895,-0.1103917437,-0.3101187254,0.2994482692,0.6915176955,0.5104075770,0.0234567447,-0.0413785207
0.0051599533,-0.0439915363,0.8029752204,-0.0775759687,0.0063054958,-0.7595349445,0.6457932160,0.1928428482,0.1109505171,0.0520998185,0.1214331543,-0.1143226725,0.0227196365,0.1583925411,-0.0080435419,-0.0234588623,0.1408243145,-0.0304863468,0.0866066720,-0.0196417272,0.1356045204,-0.0502963709,-0.2870687136,0.2303099500,-0.8637136908,-0.3946807577,-0.3533610817,0.1876273308,-0.1955275401,-0.1198481646,-0.3003537245,0.3058386693,0.6849663005,0.5089009070,0.0252939169,-0.0452078892
0.0052162588,-0.0441952763,0.8032511611,-0.0775184127,0.0058392600,-0.7592050129,0.6461923453,0.1935329224,0.1099622461,0.0518604090,0.1213068398,-0.1107965076,0.0216101413,0.1595282250,-0.0090886959,-0.0240932738,0.1406602359,-0.0283599892,0.0854634896,-0.0177684094,0.1334794151,-0.0508919022,-0.2536786284,0.2224065339,-0.8211924746,-0.3014139862,-0.3570546946,0.1790657015,-0.1739984019,-0.1292061391,-0.2905237102,0.3135882323,0.6787183246,0.5078280426,0.0269493084,-0.0497951645
0.0052993356,-0.0443095788,0.8036123146,-0.0775294775,0.0052710201,-0.7588348299,0.6466305726,0.1942834242,0.1088651520,0.0515042972,0.1212811847,-0.1072052935,0.0205544448,0.1607173533,-0.0102427566,-0.0248129743,0.1407209266,-0.0262719623,0.0843583076,-0.0159201309,0.1313876426,-0.0515132087,-0.2228472723,0.2148877815,-0.7779847997,-0.2058282242,-0.3601560263,0.1685295681,-0.1531459606,-0.1384015498,-0.2807058060,0.3214957354,0.6726576880,0.5069072721,0.0284044326,-0.0546610835
0.0047156171,-0.0439746227,0.8039645841,-0.0774978222,0.0043419054,-0.7589577410,0.6464970091,0.1951539580,0.1079857402,0.0506223573,0.1212876272,-0.1027108580,0.0191284892,0.1616739099,-0.0112487151,-0.0267666318,0.1409398634,-0.0258135715,0.0856504052,-0.0141759108,0.1310057575,-0.0516308155,-0.1913194633,0.2167541174,-0.7359859224,-0.1017373305,-0.3559692631,0.1659018574,-0.1314708120,-0.1576904117,-0.2590537509,0.3118083203,0.5654342615,0.5058634414,0.0144346230,-0.0646202711
0.0038845340,-0.0436729040,0.8044455052,-0.0776739992,0.0033491556,-0.7588537173,0.6466038731,0.1966650678,0.1075528537,0.0494803064,0.1212226519,-0.0981096963,0.0174236169,0.1629838230,-0.0117440189,-0.0283414062,0.1418522699,-0.0239938740,0.0839680083,-0.0106887104,0.1300870009,-0.0508674924,-0.1626333134,0.2203227550,-0.6963531399,0.0028492945,-0.3504010596,0.1625988441,-0.1092009955,-0.1680758976,-0.2377791949,0.3042929741,0.4402321331,0.4995873342,0.0073671746,-0.0833419733
0.0030820733,-0.0435368457,0.8048288222,-0.0778677397,0.0023459764,-0.7587520764,0.6467042586,0.1984252373,0.1071926397,0.0483401800,0.1210339746,-0.0935875991,0.0156378862,0.1645117409,-0.0121610854,-0.0299296501,0.1426865182,-0.0222830509,0.0822171061,-0.0063791373,0.1291941359,-0.0503867682,-0.1350653915,0.2253098590,-0.6582880198,0.1075859924,-0.3439845336,0.1584185304,-0.0862137781,-0.1755671802,-0.2178261739,0.2998014556,0.3085630173,0.4889846300,0.0039541666,-0.1047546965
0.0021133972,-0.0440336100,0.8052384359,-0.0775095786,0.0017127851,-0.7584624979,0.6470888431,0.1997218844,0.1067127529,0.0463401750,0.1206239271,-0.0895902841,0.0137557449,0.1658558329,-0.0125117565,-0.0315541453,0.1428807565,-0.0218803119,0.0802991351,-0.0011808092,0.1259652487,-0.0476723622,-0.1053943305,0.2010739351,-0.6199804826,0.1651261884,-0.3652874558,0.1462373633,-0.0613125465,-0.1782101615,-0.1840778364,0.3208255988,0.1440446186,0.4743310223,0.0099929133,-0.0716407232
0.0012764287,-0.0447089196,0.8055200634,-0.0771251589,0.0011607428,-0.7581339052,0.6475209219,0.2010420897,0.1061186097,0.0443120537,0.1202131717,-0.0862291159,0.0120737226,0.1675532724,-0.0130900482,-0.0332739250,0.1429477559,-0.0218399329,0.0786600798,0.0028376904,0.1228708546,-0.0458414299,-0.0736058914,0.1795588863,-0.5817182635,0.2167257963,-0.3888549340,0.1371011678,-0.0338178217,-0.1784645815,-0.1576630967,0.3484457415,-0.0258230386,0.4562024670,0.0202397766,-0.0346618862
0.0005115519,-0.0454133571,0.8057817727,-0.0767766589,0.0006111869,-0.7577976252,0.6479565805,0.2023781146,0.1053377742,0.0423084903,0.1199305306,-0.0829775282,0.0106356567,0.1693487418,-0.0138529406,-0.0349418034,0.1429460536,-0.0217692293,0.0772627154,0.0065247896,0.1193354814,-0.0447277260,-0.0417036411,0.1594349341,-0.5434504829,0.2670374271,-0.4127080997,0.1290095436,-0.0061364254,-0.1794468783,-0.1382601740,0.3808700288,-0.1963218947,0.4355032627,0.0324656115,0.0044338470
0.0000397307,-0.0464745408,0.8060102468,-0.0761750794,0.0000882427,-0.7579673122,0.6478293782,0.2042494533,0.1039732193,0.0423844212,0.1193523109,-0.0805005829,0.0098950146,0.1709463710,-0.0152133807,-0.0348822603,0.1425117088,-0.0225560633,0.0764817383,0.0130961321,0.1140405618,-0.0455174362,-0.0180490538,0.1438591313,-0.5039474967,0.3279840787,-0.4371401525,0.1240531439,0.0221103834,-0.1893648143,-0.1361802491,0.4385987315,-0.3001910414,0.4373759381,0.0604030147,0.1071580502
-0.0002892304,-0.0470546288,0.8062287468,-0.0757622623,-0.0007094536,-0.7581883497,0.6476187170,0.2059045360,0.1021518830,0.0426270154,0.1192122614,-0.0775041452,0.0094667619,0.1724222796,-0.0170550632,-0.0350921020,0.1423347610,-0.0232923322,0.0748772508,0.0179865761,0.1086888191,-0.0463966674,0.0040002581,0.1298498267,-0.4617708373,0.3919414416,-0.4619499519,0.1184636889,0.0484705643,-0.2078664576,-0.1393428810,0.4947608816,-0.3892423456,0.4433821917,0.0809828074,0.2199292323
-0.0004465688,-0.0473200058,0.8063702554,-0.0755849988,-0.0017248067,-0.7583854436,0.6474067129,0.2076594218,0.1002493624,0.0428229337,0.1193736342,-0.0742746324,0.0091189514,0.1739982347,-0.0189737926,-0.0352809890,0.1424612768,-0.0237924958,0.0733148803,0.0223882168,0.1031261645,-0.0471028555,0.0245384814,0.1184039806,-0.4186665358,0.4575259535,-0.4869844736,0.1126816487,0.0732221476,-0.2305137902,-0.1472813678,0.5508276911,-0.4732342313,0.4499709713,0.0970221024,0.3347013970
-0.0007053212,-0.0472520769,0.8063663950,-0.0755036529,-0.0031959218,-0.7576978285,0.6482152306,0.2090835740,0.0978204641,0.0414939948,0.1193244324,-0.0730214811,0.0087860144,0.1763231266,-0.0215393049,-0.0373513340,0.1424763520,-0.0269586792,0.0756633228,0.0258829099,0.0972436347,-0.0474452034,0.0254527197,0.1213909453,-0.3894230706,0.5354787744,-0.5032884247,0.1096489641,0.0890739217,-0.2439422703,-0.1631840979,0.6029371987,-0.5172337690,0.4507370370,0.1144324187,0.4053075830
-0.0010501034,-0.0467571626,0.8063570277,-0.0755270875,-0.0049159016,-0.7569675657,0.6490543871,0.2105635987,0.0952928836,0.0401883243,0.1194789799,-0.0710421651,0.0083649794,0.1787108451,-0.0242637584,-0.0388246023,0.1429892916,-0.0295797775,0.0774241520,0.0308936137,0.0910550111,-0.0476836678,0.0227888116,0.1274432643,-0.3617774759,0.6183779314,-0.5197630378,0.1060960441,0.1016036180,-0.2610689209,-0.1799001617,0.6532872730,-0.5572449948,0.4514013640,0.1288889719,0.4727205204
-0.0014399090,-0.0461600188,0.8063541853,-0.0756766751,-0.0067790183,-0.7562444645,0.6498625975,0.2121887321,0.0928217813,0.0389090238,0.1197082240,-0.0688858099,0.0078513532,0.1811419145,-0.0269269535,-0.0402476809,0.1437415009,-0.0321044672,0.0790684400,0.0362039275,0.0850104543,-0.0478029198,0.0182575655,0.1365305892,-0.3352968140,0.7033852642,-0.5365252145,0.1023441106,0.1123747255,-0.2802156697,-0.1980249783,0.7033317192,-0.5962552602,0.4520166565,0.1417544660,0.5396040203
-0.0016096298,-0.0457732652,0.8062208160,-0.0759497580,-0.0083727205,-0.7559087242,0.6502026858,0.2140980300,0.0905115512,0.0373494009,0.1200189437,-0.0680082685,0.0079481790,0.1832817481,-0.0294576602,-0.0429477040,0.1445651635,-0.0348765545,0.0799133490,0.0411071484,0.0801099457,-0.0474187176,0.0103849274,0.1451741752,-0.3117328811,0.7464856276,-0.5452877512,0.0922835007,0.1183659304,-0.2966805145,-0.2142896390,0.7403483921,-0.6222986691,0.4515986323,0.1561663438,0.5826274837
-0.0018193234,-0.0453286353,0.8060965422,-0.0762730849,-0.0099054492,-0.7556129754,0.6504869945,0.2160741769,0.0884793840,0.0359591511,0.1203814479,-0.0672834610,0.0079457457,0.1854115974,-0.0318238905,-0.0456057637,0.1454854583,-0.0374323168,0.0795871832,0.0467231180,0.0752301461,-0.0468331998,0.0071197428,0.1551102800,-0.2909062459,0.7808264886,-0.5530887874,0.0850766467,0.1276916408,-0.3159349830,-0.2304591568,0.7763521602,-0.6464566003,0.4518265991,0.1699354172,0.6236443453
-0.0019758027,-0.0450056288,0.8059650070,-0.0765964172,-0.0114293709,-0.7553397399,0.6507412971,0.2181123115,0.0865141151,0.0346373013,0.1207503107,-0.0666348626,0.0078909164,0.1875889745,-0.0341152900,-0.0482102609,0.1463993176,-0.0400364633,0.0792098464,0.0523719703,0.0704177077,-0.0464593697,0.0058525321,0.1658438208,-0.2712926114,0.8118699153,-0.5610545609,0.0792836778,0.1387412349,-0.3361688304,-0.2467406439,0.8119981898,-0.6701795400,0.4519899851,0.1834048147,0.6649467786
-0.0024429368,-0.0448522188,0.8057947655,-0.0765324481,-0.0127693263,-0.7545777802,0.6516073222,0.2193474974,0.0843897562,0.0315543988,0.1208950757,-0.0659568978,0.0081483451,0.1895418218,-0.0360840949,-0.0509482915,0.1471585544,-0.0430747143,0.0798577683,0.0527084050,0.0694257480,-0.0439250172,0.0039810994,0.1701597146,-0.2550779253,0.8407279816,-0.5693895215,0.0752978448,0.1465117886,-0.3367629968,-0.2528586531,0.8226551631,-0.6776198505,0.4538479573,0.1907640443,0.6732409682
-0.0030373232,-0.0446471336,0.8056300734,-0.0764396303,-0.0140693753,-0.7537729954,0.6525222655,0.2205148672,0.0825157513,0.0282790122,0.1209536605,-0.0653954479,0.0078692818,0.1916187246,-0.0380618580,-0.0536364995,0.1477554694,-0.0461999206,0.0814560810,0.0548845534,0.0680435341,-0.0425757003,0.0026833279,0.1753746337,-0.2418036947,0.8688810468,-0.5778098347,0.0719126633,0.1544474336,-0.3377856417,-0.2577337317,0.8313293048,-0.6810272454,0.4568188925,0.1957148527,0.6798680911
-0.0036739026,-0.0445313225,0.8055560304,-0.0763006867,-0.0153368065,-0.7529956817,0.6534068342,0.2215922406,0.0806949947,0.0250636391,0.1209969249,-0.0648306229,0.0075250048,0.1935721182,-0.0399795606,-0.0562680409,0.1483375568,-0.0493045583,0.0829893391,0.0576425678,0.0665511004,-0.0415729611,0.0016370806,0.1812750300,-0.2295792843,0.8970809076,-0.5865196444,0.0687395244,0.1624418755,-0.3389509246,-0.2622560819,0.8393131036,-0.6831630018,0.4600666531,0.1998360880,0.6867433567
-0.0037137654,-0.0444239590,0.8054421502,-0.0762280142,-0.0162223301,-0.7521173632,0.6544047661,0.2220729752,0.0788629390,0.0223690365,0.1209135867,-0.0642986744,0.0076350086,0.1949637232,-0.0419673843,-0.0592875741,0.1491050737,-0.0512063478,0.0848593193,0.0546263843,0.0659592165,-0.0376674363,0.0015906422,0.1860788293,-0.2455165154,0.9379064706,-0.5806333787,0.0739008646,0.1587180170,-0.3368854777,-0.2609432362,0.8459443229,-0.6853972795,0.4646979148,0.2019254460,0.6847254929
-0.0037841248,-0.0442957992,0.8053410938,-0.0761960443,-0.0170930358,-0.7511884479,0.6554524443,0.2227018435,0.0771501712,0.0194580161,0.1207292315,-0.0639343052,0.0074764914,0.1965717017,-0.0437610113,-0.0623131019,0.1497621204,-0.0528670197,0.0852471746,0.0538348679,0.0650381589,-0.0347227325,0.0005123046,0.1912459930,-0.2642778799,0.9805335901,-0.5732880355,0.0787536622,0.1529294102,-0.3334470344,-0.2600108891,0.8506518755,-0.6874252095,0.4696510586,0.2037182034,0.6814572608
-0.0038567210,-0.0441668943,0.8052432145,-0.0761577856,-0.0179368343,-0.7502890997,0.6564636536,0.2233003333,0.0754887293,0.0166330389,0.1205357257,-0.0635741302,0.0073002701,0.1981397668,-0.0454986442,-0.0652605012,0.1503426542,-0.0544567503,0.0856195102,0.0539364715,0.0640166151,-0.0320971094,-0.0014384715,0.1962916803,-0.2845477862,1.0234478716,-0.5656660789,0.0833577455,0.1469114961,-0.3294818506,-0.2593457045,0.8546050735,-0.6896156905,0.4747374606,0.2054770803,0.6780621980
-0.0042536521,-0.0429762246,0.8054668683,-0.0746612854,-0.0167951970,-0.7499574568,0.6570444633,0.2186725623,0.0756710063,0.0142264773,0.1166037332,-0.0596850208,0.0068179560,0.1941006392,-0.0452033064,-0.0678497027,0.1466904633,-0.0515434432,0.0852469122,0.0529455310,0.0641681669,-0.0315317001,-0.0077034329,0.2013959189,-0.3054710715,1.0425096758,-0.5581277581,0.0866670542,0.1351383360,-0.3341101412,-0.2568418888,0.8590348449,-0.6926349530,0.4800419439,0.2093332423,0.6759514971
-0.0043443048,-0.0433080831,0.8051857053,-0.0756695763,-0.0183937202,-0.7494656080,0.6574474038,0.2218431481,0.0743378922,0.0124651375,0.1195425686,-0.0631620960,0.0071881791,0.1976142954,-0.0466493212,-0.0692638189,0.1502514840,-0.0559165365,0.0857489499,0.0527457445,0.0657186841,-0.0301918310,-0.0081830586,0.2031811644,-0.3294382169,1.0644120371,-0.5487466235,0.0889905452,0.1220197219,-0.3290520496,-0.2534522125,0.8678138670,-0.6954813943,0.4783526247,0.2149489316,0.6743651359
-0.0046277819,-0.0422439775,0.8053693865,-0.0743513631,-0.0173519801,-0.7491623344,0.6579715649,0.2176348570,0.0746252798,0.0102558170,0.1161742581,-0.0598581330,0.0067840332,0.1939379590,-0.0461516811,-0.0712387501,0.1471027701,-0.0533044735,0.0851002552,0.0515458749,0.0662489826,-0.0294538931,-0.0116612160,0.2077173781,-0.3506555720,1.0792962571,-0.5406272126,0.0930792876,0.1115007468,-0.3332178342,-0.2508125948,0.8729016061,-0.6988190994,0.4821847561,0.2195893738,0.6725629083
-0.0047176104,-0.0422215798,0.8053971827,-0.0738097256,-0.0170623253,-0.7487979633,0.6584547149,0.2161948695,0.0743657453,0.0096295402,0.1156277384,-0.0588715465,0.0065197003,0.1932323218,-0.0468291379,-0.0725043161,0.1461553271,-0.0537301715,0.0852459700,0.0532824550,0.0653174118,-0.0314534749,-0.0185145544,0.2076083229,-0.3538574318,1.0830004726,-0.5391969228,0.0908014820,0.1058441804,-0.3315837492,-0.2504322166,0.8721772972,-0.6995383774,0.4819635651,0.2234692899,0.6687063821
-0.0047160056,-0.0421302206,0.8053821188,-0.0734825049,-0.0170528584,-0.7485111587,0.6588175519,0.2153903580,0.0738590008,0.0092738320,0.1156298978,-0.0583657725,0.0064547721,0.1928923485,-0.0475557562,-0.0730549490,0.1460495587,-0.0541145928,0.0853521099,0.0542707629,0.0645739161,-0.0322873585,-0.0241952313,0.2066599220,-0.3559785457,1.0843868805,-0.5380159230,0.0884541949,0.1025543666,-0.3301170009,-0.2500268001,0.8722898482,-0.7000615599,0.4806985595,0.2268569121,0.6656121445
-0.0046046211,-0.0421332206,0.8054424115,-0.0732715435,-0.0171493442,-0.7482266107,0.6591616796,0.2149196505,0.0733119591,0.0089726541,0.1157328726,-0.0579795462,0.0064280455,0.1928251782,-0.0483316433,-0.0735486365,0.1461316478,-0.0546445639,0.0855003526,0.0548292445,0.0639555129,-0.0326259757,-0.0291586036,0.2054636143,-0.3577305701,1.0844722675,-0.5368456706,0.0863987151,0.1003658904,-0.3288685695,-0.2494957848,0.8728732091,-0.7003721341,0.4790448906,0.2300046605,0.6628286270
-0.0049288993,-0.0420324444,0.8054575378,-0.0729450864,-0.0173821772,-0.7482019318,0.6592197991,0.2144081025,0.0727553089,0.0083038039,0.1157895186,-0.0572661569,0.0061824958,0.1924944339,-0.0483923583,-0.0729856839,0.1461744201,-0.0553499574,0.0855377564,0.0533383389,0.0640799884,-0.0312532072,-0.0305852094,0.2074501836,-0.3683915320,1.0946508359,-0.5294484840,0.0893892147,0.0970218245,-0.3262305113,-0.2490492751,0.8723697523,-0.7008206915,0.4786737417,0.2307349036,0.6566993105
-0.0053714474,-0.0419552384,0.8054723124,-0.0727218513,-0.0175640718,-0.7481209928,0.6593314917,0.2142234887,0.0726008218,0.0082372504,0.1158031477,-0.0565813328,0.0059204663,0.1923776941,-0.0486876533,-0.0732908709,0.1462043806,-0.0562965155,0.0852663279,0.0526283078,0.0638463880,-0.0305781699,-0.0330584692,0.2097103410,-0.3801960283,1.1068818441,-0.5210773558,0.0925206835,0.0923140758,-0.3227452771,-0.2488784976,0.8712096580,-0.7010642439,0.4789070087,0.2304304515,0.6493618651
-0.0057387682,-0.0417952256,0.8054872177,-0.0724997928,-0.0177463537,-0.7480429568,0.6594395968,0.2140765130,0.0724651897,0.0081813809,0.1157645920,-0.0558798017,0.0056398678,0.1922714297,-0.0489607173,-0.0735906315,0.1462333886,-0.0572540334,0.0849741468,0.0523936256,0.0635565979,-0.0300576040,-0.0361661484,0.2119213184,-0.3924186548,1.1200945631,-0.5124685602,0.0953835935,0.0869298611,-0.3189027484,-0.2488320307,0.8694572486,-0.7013605421,0.4793410801,0.2299610765,0.6420234731
-0.0057424140,-0.0417263170,0.8056017971,-0.0722760455,-0.0179761568,-0.7480809457,0.6594148389,0.2137990171,0.0718896935,0.0073630482,0.1156314780,-0.0547641599,0.0053273789,0.1921280456,-0.0491855942,-0.0734408318,0.1462688300,-0.0563814590,0.0846032213,0.0577381665,0.0625964905,-0.0318900191,-0.0458394179,0.2130512944,-0.3828083974,1.1107889684,-0.5156619613,0.0888985226,0.0865336626,-0.3156945369,-0.2499347276,0.8677199438,-0.6992487176,0.4813784058,0.2302780525,0.6390590382
-0.0056555140,-0.0414600468,0.8057415394,-0.0721077188,-0.0180178835,-0.7481387854,0.6593665070,0.2132659042,0.0715953616,0.0078492652,0.1155637903,-0.0535306871,0.0053684999,0.1915538498,-0.0495584684,-0.0733573236,0.1461995679,-0.0555383164,0.0843507029,0.0609706611,0.0618758998,-0.0326928467,-0.0535376955,0.2141140875,-0.3711435380,1.0967501900,-0.5203198788,0.0826865524,0.0891931790,-0.3146055566,-0.2506521397,0.8672803948,-0.6966896383,0.4837064923,0.2306432938,0.6374860644
-0.0056437989,-0.0412736802,0.8059685661,-0.0719468855,-0.0180617202,-0.7481910823,0.6593235354,0.2127123371,0.0712956074,0.0083250330,0.1155408367,-0.0523068604,0.0054268045,0.1909773607,-0.0499374711,-0.0732810707,0.1461496905,-0.0546917869,0.0841156678,0.0631779897,0.0612432888,-0.0331458193,-0.0599172635,0.2151670922,-0.3587532939,1.0803310161,-0.5252143554,0.0771140622,0.0934244965,-0.3143181847,-0.2509326489,0.8676268834,-0.6936506058,0.4861197510,0.2309332544,0.6362425760
-0.0055356333,-0.0419501917,0.8058348562,-0.0735814654,-0.0195826645,-0.7481431393,0.6591541021,0.2171821075,0.0711032430,0.0098724837,0.1193456512,-0.0545808496,0.0054536251,0.1950674120,-0.0504275999,-0.0732766231,0.1507437889,-0.0573320200,0.0837371705,0.0626682937,0.0617261286,-0.0306253015,-0.0574451413,0.2082688862,-0.3420691832,1.0491563978,-0.5309637111,0.0694396699,0.1001606046,-0.3067567848,-0.2497106594,0.8648871146,-0.6848783823,0.4827826189,0.2301812552,0.6319593320
-0.0055686982,-0.0419295375,0.8059470387,-0.0740535923,-0.0197497056,-0.7480579928,0.6591928807,0.2181869162,0.0718915944,0.0105791982,0.1196073673,-0.0540988928,0.0050861431,0.1959885898,-0.0499126129,-0.0739573648,0.1514909403,-0.0565722530,0.0827601349,0.0625443306,0.0619453371,-0.0292395890,-0.0563202690,0.2025165876,-0.3263309851,1.0146732163,-0.5364022224,0.0633282726,0.1074199539,-0.3032348277,-0.2487087457,0.8593263810,-0.6752539987,0.4822086254,0.2289691210,0.6272706108
-0.0058716521,-0.0411403565,0.8062883697,-0.0727215714,-0.0179896167,-0.7480214321,0.6594330017,0.2135283838,0.0736817210,0.0106724858,0.1158903770,-0.0492062828,0.0041749865,0.1917560559,-0.0481671547,-0.0753237927,0.1474989894,-0.0511301656,0.0809836764,0.0639054317,0.0610289990,-0.0304296804,-0.0619929471,0.1990689233,-0.3114027605,0.9841845465,-0.5423638344,0.0577874134,0.1115566092,-0.3039840227,-0.2488481195,0.8499081926,-0.6670487446,0.4860920338,0.2284215829,0.6212105345
-0.0057274863,-0.0417196830,0.8063833558,-0.0738582291,-0.0188662270,-0.7479173007,0.6594002872,0.2162979439,0.0735696736,0.0121415282,0.1192044359,-0.0511903948,0.0043055605,0.1944818770,-0.0482258053,-0.0740786804,0.1502687036,-0.0521889835,0.0818766886,0.0628232419,0.0600269523,-0.0285623962,-0.0589906481,0.1835304237,-0.2955007662,0.9288205205,-0.5500700488,0.0483353787,0.1211180640,-0.2911382598,-0.2484378700,0.8446721215,-0.6480457786,0.4848975235,0.2283029178,0.6160965633
-0.0054927033,-0.0418362816,0.8066684356,-0.0743788017,-0.0187450906,-0.7477778390,0.6595033881,0.2168731183,0.0745920308,0.0131287128,0.1196933232,-0.0500621074,0.0039226062,0.1950763542,-0.0473493576,-0.0738913419,0.1507063452,-0.0495556177,0.0811205617,0.0614785433,0.0592499752,-0.0269777958,-0.0565469694,0.1686164551,-0.2815955248,0.8695320450,-0.5575775526,0.0401243880,0.1322472631,-0.2807995007,-0.2489629509,0.8375683063,-0.6292142277,0.4851360528,0.2276065661,0.6116865754
-0.0053381350,-0.0419165736,0.8068970067,-0.0746919353,-0.0183764563,-0.7476592014,0.6596128707,0.2168521553,0.0757251959,0.0141102612,0.1197463296,-0.0485392224,0.0035229188,0.1952041650,-0.0463295233,-0.0737371589,0.1504094790,-0.0463600618,0.0803234819,0.0602899079,0.0584361543,-0.0259396401,-0.0541109147,0.1536286868,-0.2693057638,0.8087304056,-0.5646565757,0.0325981827,0.1445013001,-0.2709178420,-0.2495570991,0.8300031937,-0.6101132428,0.4858328522,0.2267833322,0.6073640842
-0.0051437739,-0.0421600962,0.8070059115,-0.0742446794,-0.0176267710,-0.7479049603,0.6594051826,0.2153812538,0.0759875514,0.0153496004,0.1194560464,-0.0484012417,0.0043507926,0.1943332340,-0.0458410162,-0.0730706892,0.1488202488,-0.0459973933,0.0795538195,0.0514421478,0.0551617887,-0.0219090088,-0.0517500229,0.1212355916,-0.2732031093,0.7117206521,-0.5661781895,0.0229859465,0.1423522415,-0.2429674911,-0.2568266562,0.7948264308,-0.5419077089,0.4836895767,0.2302846623,0.5775949880
-0.0048002688,-0.0425403520,0.8070486199,-0.0739865258,-0.0167962303,-0.7479613434,0.6593919240,0.2142253824,0.0767582348,0.0167094700,0.1192854843,-0.0484367587,0.0051112768,0.1934286029,-0.0450777316,-0.0726467229,0.1478974794,-0.0446671016,0.0783121870,0.0454307631,0.0534009798,-0.0194097280,-0.0431408469,0.0890445078,-0.2866716710,0.6046447849,-0.5654244919,0.0163338735,0.1439208385,-0.2188003996,-0.2631541294,0.7544229691,-0.4628012750,0.4816754651,0.2291946923,0.5504355679
-0.0044948162,-0.0428538168,0.8071724699,-0.0737359256,-0.0159134096,-0.7480916448,0.6592940677,0.2130708718,0.0777075186,0.0182700479,0.1191697601,-0.0485789031,0.0057867674,0.1924425226,-0.0441353498,-0.0720294330,0.1469712718,-0.0433357523,0.0769859445,0.0402352844,0.0516903456,-0.0177618418,-0.0320194906,0.0593777520,-0.3066470662,0.4924765837,-0.5635669529,0.0115887470,0.1483971630,-0.1972540559,-0.2703108243,0.7120307455,-0.3795186791,0.4791563887,0.2254869350,0.5254097048
-0.0036110517,-0.0434087650,0.8072238207,-0.0735700444,-0.0147591527,-0.7482552034,0.6591538261,0.2118768385,0.0781155847,0.0197123744,0.1187684918,-0.0490951295,0.0060184274,0.1914357186,-0.0435582171,-0.0705784264,0.1459437076,-0.0413590688,0.0771667229,0.0315000687,0.0549169268,-0.0175916506,-0.0273336906,0.0535418889,-0.3479876912,0.3865420117,-0.5460048470,0.0169915393,0.1414742635,-0.1777832098,-0.2743235488,0.6519835778,-0.2632910093,0.4749845577,0.2180952851,0.4473039294
-0.0030329826,-0.0435561507,0.8072136705,-0.0735300379,-0.0138714719,-0.7484030998,0.6590096479,0.2107606614,0.0788351764,0.0212726990,0.1185860197,-0.0496561818,0.0062211485,0.1904087547,-0.0426980563,-0.0690700851,0.1451011294,-0.0393304465,0.0771708240,0.0261328967,0.0563807814,-0.0179363681,-0.0244818730,0.0545399536,-0.3936906909,0.2829924616,-0.5279203963,0.0241141139,0.1310567508,-0.1650067571,-0.2805083857,0.5904425208,-0.1409007121,0.4722966702,0.2061475483,0.3620798418
-0.0024088945,-0.0435688191,0.8072991525,-0.0736219892,-0.0131367263,-0.7485927985,0.6587989459,0.2097491901,0.0796044713,0.0229561166,0.1185341341,-0.0500433471,0.0063295135,0.1893389551,-0.0417909233,-0.0674084605,0.1445477505,-0.0371771346,0.0770447547,0.0216809246,0.0574738965,-0.0181964763,-0.0236495095,0.0608629913,-0.4408060216,0.1815540107,-0.5103698116,0.0316388680,0.1185306739,-0.1557940933,-0.2924480997,0.5301605651,-0.0174181282,0.4691537333,0.1913970376,0.2752522036
-0.0020912538,-0.0438514430,0.8071622504,-0.0734051753,-0.0118922751,-0.7485628489,0.6588808051,0.2082558343,0.0810449405,0.0242154197,0.1178428166,-0.0527273713,0.0073307732,0.1879937670,-0.0405504190,-0.0669932323,0.1436530497,-0.0372112355,0.0787095317,0.0184736635,0.0627033903,-0.0203208446,-0.0430282075,0.0709922639,-0.4961254406,0.0769219703,-0.4949899847,0.0400326028,0.0976321906,-0.1560225955,-0.2899513561,0.4821211425,0.1035493087,0.4770469329,0.1704107943,0.1772159512
-0.0018348453,-0.0437689146,0.8069507828,-0.0733509980,-0.0108818284,-0.7484958569,0.6589804012,0.2064743052,0.0824771379,0.0251068651,0.1177003018,-0.0552928173,0.0078753254,0.1864279612,-0.0390976481,-0.0663398938,0.1432378302,-0.0368163912,0.0800475313,0.0147980622,0.0672993633,-0.0215563179,-0.0665018350,0.0861730347,-0.5502392458,-0.0248244946,-0.4807282183,0.0489172367,0.0747941695,-0.1599441129,-0.2930253027,0.4369591631,0.2242869318,0.4850422374,0.1482855735,0.0764864301
-0.0015424252,-0.0435401392,0.8068277461,-0.0734919009,-0.0100636491,-0.7483956353,0.6590915237,0.2048289234,0.0838669148,0.0259226400,0.1178277315,-0.0577246818,0.0084482054,0.1850163184,-0.0376979897,-0.0657111567,0.1430983525,-0.0362981420,0.0813812521,0.0110000786,0.0718824235,-0.0225584262,-0.0931727900,0.1052990647,-0.6035577711,-0.1241263016,-0.4670091152,0.0573108814,0.0502610134,-0.1654337243,-0.3021859472,0.3948687666,0.3451074802,0.4916856521,0.1247637173,-0.0244212902
-0.0009506237,-0.0430687613,0.8065316495,-0.0740296313,-0.0087693444,-0.7486368160,0.6587758572,0.2032350665,0.0862467143,0.0265054656,0.1178009920,-0.0619372568,0.0094923321,0.1828060454,-0.0353112492,-0.0640286159,0.1432296296,-0.0350832521,0.0830459645,0.0070159894,0.0775858962,-0.0211674774,-0.1231955732,0.1178915018,-0.6675107501,-0.2263853397,-0.4590682269,0.0729911853,0.0040606634,-0.1649057375,-0.3050013261,0.3841644268,0.4117017693,0.4907234789,0.1046946748,-0.0522551988
-0.0003766272,-0.0427517613,0.8062079867,-0.0744393190,-0.0074758569,-0.7488190234,0.6585385103,0.2015261324,0.0884145895,0.0267532004,0.1177755194,-0.0664824558,0.0105160319,0.1808612344,-0.0329676024,-0.0628150242,0.1429164367,-0.0345427385,0.0837385196,0.0025707576,0.0835639174,-0.0209523905,-0.1554295073,0.1337630778,-0.7289071134,-0.3287751020,-0.4510364967,0.0900320712,-0.0451905814,-0.1579012164,-0.3111389855,0.3741978569,0.4684332963,0.4866332009,0.0891443316,-0.0764343339
0.0001578121,-0.0423900676,0.8059720734,-0.0748650045,-0.0062113662,-0.7489638125,0.6583387104,0.1997791078,0.0906113903,0.0268593484,0.1178281005,-0.0710014489,0.0114930843,0.1789508372,-0.0305940664,-0.0617273426,0.1426282678,-0.0339931488,0.0843660764,-0.0013390144,0.0896626464,-0.0215825153,-0.1908074101,0.1524529431,-0.7894733714,-0.4307011563,-0.4426357890,0.1068397959,-0.0956268525,-0.1486363700,-0.3188165098,0.3652539349,0.5221790424,0.4819634968,0.0748892864,-0.1015587346
0.0002598699,-0.0426378062,0.8053673850,-0.0751059555,-0.0048816696,-0.7490617610,0.6582110171,0.1985939777,0.0932093924,0.0270652630,0.1182032475,-0.0774092886,0.0127571042,0.1780203709,-0.0282172661,-0.0622950712,0.1419915465,-0.0360598658,0.0842335737,-0.0038264682,0.0930705942,-0.0235842756,-0.2163974300,0.1591166752,-0.8148735636,-0.4808181023,-0.4428472862,0.1196958947,-0.1072538788,-0.1452542960,-0.3280491122,0.3549932609,0.5919939524,0.4765057622,0.0692857761,-0.1173133536
0.0006628441,-0.0425953438,0.8048313124,-0.0756298791,-0.0035461359,-0.7490224162,0.6582043499,0.1970879671,0.0959161181,0.0269027543,0.1187897168,-0.0836641275,0.0143288048,0.1768567215,-0.0255854973,-0.0625859202,0.1416204834,-0.0369645074,0.0850220274,-0.0086154258,0.0974627029,-0.0254240290,-0.2467766501,0.1616148659,-0.8362511546,-0.5195528360,-0.4447837397,0.1272087239,-0.1201746274,-0.1454102996,-0.3388587514,0.3485108041,0.6660854143,0.4713365608,0.0629776164,-0.1306282994
0.0010845714,-0.0424924050,0.8043863037,-0.0762783129,-0.0022940011,-0.7489560334,0.6582106171,0.1955764858,0.0985311545,0.0266613200,0.1196134304,-0.0898445536,0.0160617554,0.1757915837,-0.0230371127,-0.0628958839,0.1412600828,-0.0376627736,0.0859227398,-0.0139310438,0.1020919451,-0.0268580873,-0.2789661793,0.1629920812,-0.8561212004,-0.5547640005,-0.4470144373,0.1327528022,-0.1345160624,-0.1472146494,-0.3510504159,0.3448321128,0.7410960860,0.4666754558,0.0560203030,-0.1437811268
0.0012004895,-0.0422018411,0.8039736354,-0.0768572671,-0.0017464012,-0.7486288254,0.6585171163,0.1946832261,0.1002271997,0.0249963454,0.1206262396,-0.0939912051,0.0176117162,0.1760104694,-0.0214740544,-0.0639057351,0.1409349847,-0.0394287141,0.0860655190,-0.0170717586,0.1068700293,-0.0260791461,-0.3025795714,0.1701917226,-0.8828689589,-0.5890392164,-0.4509674413,0.1422269910,-0.1676624278,-0.1451981839,-0.3602598748,0.3516380238,0.7952805192,0.4645947685,0.0520278602,-0.1290455351
0.0012162940,-0.0420833700,0.8036135831,-0.0775831581,-0.0011011003,-0.7482072442,0.6589124076,0.1943104215,0.1023066976,0.0230114858,0.1211447021,-0.0982133019,0.0190865240,0.1764725358,-0.0193141926,-0.0647102341,0.1407347434,-0.0401724371,0.0862064296,-0.0205942153,0.1116777223,-0.0259585122,-0.3251102938,0.1784604269,-0.9096855569,-0.6237818276,-0.4541291507,0.1509977820,-0.2025967898,-0.1406645557,-0.3701994375,0.3590888829,0.8458980233,0.4624025370,0.0496482211,-0.1132013837
0.0013050124,-0.0419972781,0.8032535158,-0.0782997091,-0.0004411678,-0.7477836937,0.6593091145,0.1939940471,0.1044090806,0.0210039250,0.1215799903,-0.1024327188,0.0205499870,0.1770213965,-0.0171213617,-0.0655298249,0.1404004802,-0.0408917465,0.0863354903,-0.0240371015,0.1164801779,-0.0261729239,-0.3477289081,0.1870117583,-0.9364465027,-0.6589476005,-0.4568350274,0.1596425078,-0.2379894594,-0.1355815460,-0.3804444026,0.3673422753,0.8953451426,0.4601324481,0.0477054775,-0.0977147004
0.0018922763,-0.0422429699,0.8029060327,-0.0787960769,0.0004377578,-0.7477855653,0.6592478555,0.1935396734,0.1058638324,0.0204131420,0.1221931081,-0.1069557613,0.0216359597,0.1768745601,-0.0155966718,-0.0649270162,0.1399074693,-0.0413221944,0.0870219511,-0.0245453720,0.1169291462,-0.0258551895,-0.3464382670,0.1844432905,-0.9394712738,-0.6866936075,-0.4591631156,0.1609112419,-0.2421895392,-0.1274856882,-0.3888387398,0.3826714620,0.9534706530,0.4501712448,0.0567274791,-0.0772462433
0.0024755294,-0.0425093171,0.8026458720,-0.0791385799,0.0014763409,-0.7478080528,0.6591798099,0.1927921468,0.1072086675,0.0199285368,0.1226347254,-0.1114000396,0.0228270183,0.1764054929,-0.0141609705,-0.0643565407,0.1393492661,-0.0416664374,0.0878922194,-0.0269776341,0.1180877150,-0.0271202641,-0.3441275431,0.1807920234,-0.9407943288,-0.7122221616,-0.4615145490,0.1605777282,-0.2453981805,-0.1201429272,-0.3972261176,0.4018194925,1.0121272316,0.4393110542,0.0661449612,-0.0565175279
0.0031438374,-0.0427711207,0.8023029030,-0.0794097829,0.0025776944,-0.7478194842,0.6591308375,0.1918024411,0.1085436628,0.0193645600,0.1230970260,-0.1158069919,0.0240234285,0.1757260050,-0.0127264341,-0.0638434917,0.1388000404,-0.0419882678,0.0887593862,-0.0299494702,0.1194297398,-0.0287825830,-0.3417195470,0.1769939506,-0.9415375093,-0.7372206788,-0.4637447358,0.1598083606,-0.2488115453,-0.1134281095,-0.4053856002,0.4230177486,1.0704795662,0.4282630347,0.0754577234,-0.0363405335
0.0035461710,-0.0428819353,0.8020819539,-0.0795685675,0.0032625115,-0.7477649186,0.6591705588,0.1908130671,0.1095258606,0.0199163009,0.1236471890,-0.1183524964,0.0245889565,0.1753340758,-0.0117003987,-0.0626704871,0.1383316909,-0.0421694234,0.0898688629,-0.0282603556,0.1194481459,-0.0281604429,-0.3345898126,0.1670250200,-0.9465510667,-0.7542854342,-0.4674809408,0.1599845908,-0.2544258673,-0.1103546885,-0.4009547040,0.4610585948,1.1273496188,0.4150715688,0.0883384338,-0.0157491656
0.0039054621,-0.0429737880,0.8018633571,-0.0797647482,0.0038743255,-0.7476528714,0.6592706261,0.1900879123,0.1105281266,0.0205348583,0.1239489154,-0.1208867239,0.0250886991,0.1750548441,-0.0106530599,-0.0615834791,0.1379079870,-0.0423855801,0.0909640290,-0.0273510893,0.1191222825,-0.0277390485,-0.3271826575,0.1566672738,-0.9507454940,-0.7694202277,-0.4707760442,0.1593588386,-0.2612908042,-0.1075521263,-0.3950941401,0.5011139518,1.1832845286,0.4017113860,0.1018753688,0.0031835681
0.0041490318,-0.0430394055,0.8016487642,-0.0799798629,0.0044534262,-0.7475265663,0.6593841226,0.1894234763,0.1115460151,0.0211023129,0.1241969054,-0.1233652758,0.0255493041,0.1748200314,-0.0095920233,-0.0605430029,0.1375138192,-0.0426077915,0.0920144785,-0.0267716127,0.1187859175,-0.0272978980,-0.3197783942,0.1461869546,-0.9546601330,-0.7840068254,-0.4739248493,0.1583486193,-0.2685845864,-0.1046639126,-0.3882679389,0.5423729730,1.2387840810,0.3880087111,0.1153630124,0.0212854750
0.0036921969,-0.0426619710,0.8019506539,-0.0783652245,0.0059349064,-0.7479151733,0.6591256041,0.1854866965,0.1123748410,0.0205445420,0.1207105367,-0.1198991464,0.0254354683,0.1707209474,-0.0084821346,-0.0606773468,0.1336729194,-0.0387491342,0.0876525260,-0.0314411449,0.1187538095,-0.0285858160,-0.3208642353,0.1508399428,-0.9520799492,-0.7896211289,-0.4790937350,0.1593882074,-0.2776126124,-0.1058222979,-0.3854289997,0.5569110816,1.2391892688,0.3810537287,0.1154016955,0.0414107381
0.0031021136,-0.0427549323,0.8019801559,-0.0780023586,0.0065876808,-0.7482009751,0.6588380190,0.1846200039,0.1139049258,0.0202036801,0.1200918443,-0.1199904634,0.0249822814,0.1694334197,-0.0066371604,-0.0593750270,0.1330367106,-0.0381063285,0.0853096654,-0.0339725313,0.1191056737,-0.0288018551,-0.3187926743,0.1544848553,-0.9533191551,-0.7959267336,-0.4819197783,0.1602872622,-0.2885083846,-0.1008171062,-0.3848967006,0.5684735788,1.2341344812,0.3732021222,0.1172054649,0.0622136193
0.0024233001,-0.0429709133,0.8019664528,-0.0779800928,0.0069814038,-0.7485144981,0.6584803803,0.1847455756,0.1155116135,0.0200685846,0.1199824708,-0.1207228919,0.0245251280,0.1690364597,-0.0047468818,-0.0578848149,0.1329361446,-0.0380504655,0.0829970570,-0.0351461914,0.1195515533,-0.0285445626,-0.3161799397,0.1576100706,-0.9561122208,-0.8024523260,-0.4837423838,0.1611126127,-0.2998717532,-0.0934065653,-0.3853562920,0.5784814142,1.2263651162,0.3648906587,0.1199395676,0.0826644402
0.0023593519,-0.0431374951,0.8018792793,-0.0776795942,0.0070602708,-0.7490276112,0.6579313572,0.1846090786,0.1154984222,0.0221689762,0.1200813843,-0.1208039348,0.0246751232,0.1687781007,-0.0052407450,-0.0567085319,0.1321929389,-0.0393156432,0.0876524876,-0.0385331481,0.1193290879,-0.0299863700,-0.3100121644,0.1618246358,-0.9570526900,-0.8029361230,-0.4846823466,0.1633091798,-0.3105953192,-0.0999867736,-0.3868195944,0.5592744152,1.2067575491,0.3744553569,0.1131548081,0.0888854827
0.0023329870,-0.0438500995,0.8016668298,-0.0796616592,0.0058178006,-0.7493872225,0.6572967093,0.1897075176,0.1165578158,0.0241237946,0.1239480258,-0.1252722940,0.0242614785,0.1727667430,-0.0043948919,-0.0547741743,0.1365382311,-0.0427231668,0.0881290379,-0.0353765926,0.1202061859,-0.0277606600,-0.3017358647,0.1614923884,-0.9657589774,-0.8020694792,-0.4802995915,0.1657322563,-0.3256405407,-0.0998877407,-0.3898933034,0.5334569305,1.1842456239,0.3868525343,0.1053556727,0.0923283047
0.0024196851,-0.0433517711,0.8018145788,-0.0784408551,0.0069849986,-0.7498427740,0.6569125180,0.1867771582,0.1166583217,0.0254703161,0.1204733863,-0.1223095221,0.0241969469,0.1693018983,-0.0041330616,-0.0535032428,0.1330597834,-0.0387370274,0.0885840431,-0.0382227602,0.1200331190,-0.0287757937,-0.3020847227,0.1656821734,-0.9652660587,-0.8003444785,-0.4840019552,0.1670588689,-0.3348479903,-0.1085021322,-0.3899466466,0.5133186618,1.1631806038,0.3979586263,0.0981188346,0.0940049929
0.0015925134,-0.0438397092,0.8017109337,-0.0796704981,0.0057180156,-0.7501135785,0.6564674671,0.1904947829,0.1177117866,0.0266322163,0.1238844834,-0.1247408539,0.0231056639,0.1726894516,-0.0032883691,-0.0535501651,0.1363962510,-0.0429823797,0.0854824673,-0.0358699786,0.1199526250,-0.0280522209,-0.3012286599,0.1672227239,-0.9756623880,-0.7914377810,-0.4787899845,0.1703523546,-0.3463181940,-0.1086056595,-0.3925109550,0.4855034123,1.1309841073,0.4110841965,0.0867664278,0.0904128090
0.0008732266,-0.0438412030,0.8018165517,-0.0798474851,0.0053728717,-0.7503691342,0.6561567448,0.1914611391,0.1185674176,0.0273056226,0.1241782375,-0.1240906604,0.0221583406,0.1731574334,-0.0023807920,-0.0527884651,0.1368905226,-0.0433554754,0.0840174700,-0.0353951116,0.1195184911,-0.0279737788,-0.3043621506,0.1700860866,-0.9833296422,-0.7817536084,-0.4760356939,0.1730039622,-0.3554035688,-0.1106300634,-0.3939192492,0.4591585861,1.0970047955,0.4231633679,0.0758769597,0.0851137336
0.0002336554,-0.0436941689,0.8019502503,-0.0797877748,0.0052096768,-0.7506217583,0.6558763194,0.1917800275,0.1193896639,0.0278914864,0.1241248681,-0.1230444910,0.0212051876,0.1730505076,-0.0014883684,-0.0521167272,0.1369778034,-0.0433381641,0.0825273334,-0.0354170129,0.1190477005,-0.0282966334,-0.3079833288,0.1732091184,-0.9903339706,-0.7719797141,-0.4739672951,0.1755463151,-0.3640514843,-0.1131287383,-0.3947783799,0.4336520395,1.0626496788,0.4350045269,0.0651972933,0.0791876095
-0.0002068012,-0.0435803737,0.8021156193,-0.0796663453,0.0048927983,-0.7509012841,0.6555734860,0.1921900606,0.1195107250,0.0290577521,0.1240990096,-0.1215056399,0.0201282982,0.1731002508,-0.0016977953,-0.0517833048,0.1372191648,-0.0430153388,0.0827908781,-0.0346592688,0.1196670707,-0.0280637143,-0.3047358881,0.1764401692,-0.9870052996,-0.7591768702,-0.4707335700,0.1774995733,-0.3645100218,-0.1156441056,-0.3906904294,0.4086103481,1.0165071550,0.4468754912,0.0529760583,0.0726255606
-0.0006408871,-0.0435966169,0.8023126214,-0.0795851915,0.0045776838,-0.7511317465,0.6553215559,0.1927207800,0.1195865567,0.0299317284,0.1239454984,-0.1197130213,0.0191484273,0.1731708521,-0.0016414938,-0.0513069423,0.1374709304,-0.0422850237,0.0819704019,-0.0347714198,0.1202802003,-0.0279885796,-0.3012704833,0.1795940699,-0.9828318584,-0.7456662529,-0.4676624332,0.1790820668,-0.3649513992,-0.1172620527,-0.3861468585,0.3854257514,0.9676802590,0.4585242767,0.0415930350,0.0643908851
-0.0010969170,-0.0435233984,0.8025119657,-0.0795050291,0.0042600259,-0.7513490580,0.6550842660,0.1932653808,0.1196880672,0.0307591040,0.1237491864,-0.1178890390,0.0181384843,0.1732783211,-0.0015575843,-0.0508785563,0.1376777387,-0.0415400563,0.0811204901,-0.0351068234,0.1209353348,-0.0280049262,-0.2977344109,0.1827413857,-0.9784249052,-0.7319840176,-0.4645943388,0.1805168627,-0.3654968604,-0.1187588083,-0.3812193242,0.3635070655,0.9177110609,0.4700049033,0.0304656588,0.0551981997
-0.0015903781,-0.0434076512,0.8027631060,-0.0791945285,0.0041971836,-0.7516622179,0.6547629499,0.1930591652,0.1198126231,0.0313067434,0.1234205599,-0.1151604224,0.0172128423,0.1724748850,-0.0014292193,-0.0502448385,0.1378003289,-0.0404098179,0.0799827477,-0.0342824134,0.1214012685,-0.0268648544,-0.2899335238,0.1832117050,-0.9741502215,-0.7153126044,-0.4616430164,0.1824135445,-0.3667078191,-0.1174605632,-0.3671815825,0.3474673079,0.8575333841,0.4809423780,0.0219169276,0.0512961470
-0.0020609018,-0.0432767094,0.8030316459,-0.0787455952,0.0041474747,-0.7519925038,0.6544380826,0.1927082690,0.1198890269,0.0314749365,0.1229661264,-0.1128813144,0.0161742711,0.1715210820,-0.0013479900,-0.0499090510,0.1378856754,-0.0394953467,0.0788721066,-0.0335424877,0.1216015993,-0.0264592889,-0.2817340156,0.1836472488,-0.9697299751,-0.6978094698,-0.4583511510,0.1839260978,-0.3686443549,-0.1146914382,-0.3524708232,0.3333073281,0.7941407556,0.4912966505,0.0144848050,0.0459029628
-0.0026449449,-0.0432538079,0.8032132526,-0.0782431351,0.0041317797,-0.7523175769,0.6541247615,0.1922379911,0.1199696752,0.0316009054,0.1225240113,-0.1106192028,0.0151072933,0.1704549522,-0.0012624634,-0.0496116361,0.1380092613,-0.0386276812,0.0777323645,-0.0328157170,0.1218182103,-0.0263679300,-0.2733906200,0.1840354277,-0.9653334554,-0.6800879869,-0.4548978014,0.1852149410,-0.3708017651,-0.1115835123,-0.3376659778,0.3207354329,0.7291855102,0.5011380851,0.0073362089,0.0393393117
-0.0031600231,-0.0433630333,0.8033978557,-0.0776645875,0.0038809220,-0.7522948966,0.6542213225,0.1919492179,0.1191726189,0.0317459278,0.1222135019,-0.1078776514,0.0143185023,0.1702731786,-0.0018224563,-0.0492675666,0.1380540215,-0.0388530923,0.0770156269,-0.0294110914,0.1209175833,-0.0257790252,-0.2524081972,0.1864784978,-0.9475319303,-0.6321107579,-0.4517750728,0.1884907467,-0.3616681746,-0.1107848742,-0.3219982663,0.3107418082,0.6688607824,0.5085725291,0.0023262335,0.0303992249
-0.0036108953,-0.0435279353,0.8035926765,-0.0770796819,0.0034929697,-0.7522344930,0.6543621240,0.1918330363,0.1181106568,0.0314173091,0.1218615146,-0.1051982663,0.0137463133,0.1702940573,-0.0028325611,-0.0491046117,0.1381350617,-0.0391547543,0.0762821634,-0.0271740567,0.1197965588,-0.0256759561,-0.2326783266,0.1866940151,-0.9273180490,-0.5780118609,-0.4483986783,0.1889800322,-0.3546495923,-0.1106769965,-0.3058085430,0.3035192075,0.6091834168,0.5153366171,-0.0027925592,0.0209566401
-0.0040319157,-0.0435609213,0.8038747444,-0.0765287424,0.0030559448,-0.7521413917,0.6545359728,0.1917525581,0.1169694991,0.0310022552,0.1215280682,-0.1024611534,0.0132269861,0.1703698255,-0.0039229357,-0.0490103683,0.1382665522,-0.0394430730,0.0755921706,-0.0253200067,0.1188209741,-0.0255720957,-0.2140068938,0.1864280275,-0.9060948467,-0.5218390048,-0.4444937104,0.1881680486,-0.3487279231,-0.1110116028,-0.2898319189,0.2978558924,0.5494458336,0.5215863296,-0.0081663728,0.0110544598
-0.0042864851,-0.0437264070,0.8042101280,-0.0764552899,0.0029460501,-0.7516436744,0.6551165516,0.1919460584,0.1168096234,0.0298344038,0.1210322361,-0.0996795731,0.0120003220,0.1704562252,-0.0038288983,-0.0502641366,0.1392279333,-0.0367620636,0.0755310146,-0.0220239781,0.1184153732,-0.0256500519,-0.1907753448,0.1952162507,-0.8807387336,-0.4408048176,-0.4352025759,0.1923465033,-0.3396614044,-0.1109133913,-0.2804008572,0.2957550630,0.4895573852,0.5203962606,-0.0046831774,0.0126356988
-0.0045419175,-0.0438149968,0.8044075081,-0.0759809836,0.0024112630,-0.7512188580,0.6556609667,0.1918599498,0.1153371461,0.0287993126,0.1208987289,-0.0966808015,0.0110320393,0.1710503468,-0.0053075790,-0.0518410733,0.1393795364,-0.0367150502,0.0756896350,-0.0190484204,0.1168452518,-0.0262435218,-0.1689625708,0.2033224419,-0.8541291363,-0.3560145814,-0.4237806194,0.1944403952,-0.3324492026,-0.1110416368,-0.2713215930,0.2943333365,0.4296075384,0.5180527411,0.0002899770,0.0160389325
-0.0048672637,-0.0438689307,0.8046051017,-0.0755025855,0.0018111027,-0.7507622011,0.6562409595,0.1917877226,0.1137037096,0.0276762509,0.1207536958,-0.0936140191,0.0101203131,0.1715984375,-0.0069480731,-0.0534889315,0.1397460948,-0.0367600648,0.0758957559,-0.0162424407,0.1152455934,-0.0268251748,-0.1483810792,0.2119865456,-0.8276492781,-0.2701749812,-0.4106788997,0.1950595498,-0.3253451697,-0.1114419208,-0.2627976993,0.2936962937,0.3696550686,0.5151163490,0.0055493068,0.0197503485
-0.0050334254,-0.0437265607,0.8050880005,-0.0754845766,0.0015077229,-0.7502754578,0.6568002306,0.1918467008,0.1136210618,0.0263455871,0.1201734975,-0.0897867568,0.0088747854,0.1713541287,-0.0069373664,-0.0535477758,0.1408733336,-0.0330607324,0.0727064013,-0.0109967885,0.1162916398,-0.0262028004,-0.1190775710,0.2175465347,-0.7850705803,-0.1688621874,-0.4024367144,0.1933696615,-0.3003234591,-0.1104295443,-0.2416522176,0.3044421023,0.2549299477,0.5059335978,0.0049194063,0.0461081987
-0.0053498203,-0.0436246479,0.8053900866,-0.0751117056,0.0009196641,-0.7498477367,0.6573323039,0.1918747182,0.1123143265,0.0252706897,0.1198584707,-0.0860938483,0.0078524219,0.1718449815,-0.0081798193,-0.0546053809,0.1411900152,-0.0321097532,0.0717597249,-0.0068328786,0.1162008153,-0.0260966046,-0.0921510768,0.2243252568,-0.7407313378,-0.0643609746,-0.3938857381,0.1891665215,-0.2747213193,-0.1033758874,-0.2232399477,0.3205864209,0.1286145851,0.4922828444,0.0090681249,0.0701914843
-0.0056215213,-0.0436700909,0.8056796227,-0.0747107881,0.0002968683,-0.7493658999,0.6579277757,0.1919811575,0.1107992870,0.0240542314,0.1194876428,-0.0824343726,0.0069406638,0.1724097549,-0.0096328180,-0.0557998596,0.1416306604,-0.0313358635,0.0709309764,-0.0029567888,0.1159860952,-0.0263349490,-0.0666211682,0.2329291716,-0.6968556384,0.0408635402,-0.3843155378,0.1833135537,-0.2484458257,-0.0947430278,-0.2083226054,0.3401774356,-0.0017349265,0.4756134683,0.0161446888,0.0934016113
-0.0063788142,-0.0438518930,0.8059553639,-0.0742436124,-0.0001752859,-0.7489447237,0.6584600642,0.1921825348,0.1102124771,0.0221775997,0.1189962206,-0.0795636574,0.0057972507,0.1727055306,-0.0102958662,-0.0577842242,0.1422830348,-0.0309022886,0.0705095719,0.0026540380,0.1156461049,-0.0257432402,-0.0517487307,0.2361258606,-0.6590589421,0.0952811831,-0.3733030701,0.1722013405,-0.2205857596,-0.0789219332,-0.1899192848,0.3642171855,-0.1187326848,0.4690318844,0.0289677416,0.1387240954
-0.0071632451,-0.0440791884,0.8061630268,-0.0736064583,-0.0007087798,-0.7486056326,0.6589166820,0.1922699404,0.1092161045,0.0204994362,0.1186067317,-0.0768278775,0.0046903753,0.1730913205,-0.0113502245,-0.0596351342,0.1426417854,-0.0315807310,0.0696827777,0.0086449727,0.1147436704,-0.0251477967,-0.0336052609,0.2433197733,-0.6240564084,0.1401166762,-0.3633203296,0.1652593826,-0.1877442958,-0.0656419497,-0.1751498247,0.3889554503,-0.2327451837,0.4622813817,0.0408335917,0.1882547666
-0.0078996841,-0.0443269901,0.8063620083,-0.0729637648,-0.0012379608,-0.7482796409,0.6593575172,0.1923688698,0.1081459938,0.0188729811,0.1182341732,-0.0741346823,0.0036595666,0.1734484713,-0.0124768544,-0.0614212075,0.1430517468,-0.0322963722,0.0689324450,0.0145948838,0.1134765046,-0.0246710459,-0.0140277839,0.2524107454,-0.5906442614,0.1815836341,-0.3540697436,0.1596209741,-0.1524013976,-0.0540005846,-0.1637266316,0.4156227529,-0.3455416323,0.4542115173,0.0519232750,0.2387944932
-0.0078989237,-0.0450855022,0.8063935936,-0.0721057691,-0.0014736850,-0.7477367196,0.6600669545,0.1921540634,0.1059470868,0.0167738107,0.1179429792,-0.0727768225,0.0039634372,0.1740126379,-0.0145587998,-0.0636052325,0.1430027635,-0.0340408749,0.0693910159,0.0167136330,0.1120035607,-0.0233975227,0.0100756142,0.2338012363,-0.5804509731,0.1838323601,-0.3731276848,0.1548887209,-0.1552320495,-0.0486965502,-0.1480907986,0.4455384277,-0.4358769017,0.4542732413,0.0637997693,0.2873529801
-0.0078126078,-0.0459259618,0.8063938359,-0.0712092431,-0.0017231959,-0.7472388492,0.6607271574,0.1918513341,0.1035539373,0.0148346709,0.1177803752,-0.0717484756,0.0043389228,0.1746351899,-0.0170113169,-0.0658511122,0.1427573481,-0.0360498583,0.0700981787,0.0193884987,0.1106697012,-0.0226023694,0.0363402416,0.2165505169,-0.5715626523,0.1805279970,-0.3938917761,0.1534161518,-0.1578768606,-0.0466357669,-0.1358745549,0.4755081416,-0.5220369486,0.4550787489,0.0733066496,0.3366788959
-0.0076620610,-0.0466620405,0.8063881358,-0.0703339081,-0.0019718112,-0.7467592260,0.6613621638,0.1915300615,0.1011068644,0.0129647271,0.1177045299,-0.0707553817,0.0048037989,0.1752408103,-0.0195109575,-0.0680175079,0.1425192018,-0.0380050832,0.0708885454,0.0219881752,0.1090271809,-0.0219578160,0.0631449925,0.1996997943,-0.5632413017,0.1756672392,-0.4149353410,0.1530805062,-0.1598927748,-0.0463092721,-0.1262417265,0.5058992850,-0.6070923082,0.4554266017,0.0818291161,0.3867372134
-0.0069057506,-0.0476469025,0.8065485950,-0.0698749411,-0.0018723698,-0.7460659751,0.6621929837,0.1915817583,0.0990846164,0.0110769532,0.1174890257,-0.0700914116,0.0057479808,0.1759183238,-0.0213859006,-0.0686782911,0.1426996626,-0.0368018133,0.0727144360,0.0221648783,0.1077113575,-0.0227957750,0.0820736284,0.1875564454,-0.5666570186,0.1511385530,-0.4279594344,0.1475857892,-0.1529425779,-0.0510883576,-0.1237148324,0.5296622053,-0.6575036293,0.4532500159,0.0925925466,0.4051105636
-0.0061222465,-0.0483474442,0.8065465059,-0.0692445542,-0.0020119017,-0.7455062720,0.6628887858,0.1913946987,0.0964167194,0.0094420390,0.1175263520,-0.0691067147,0.0068154284,0.1767922131,-0.0239996487,-0.0699507856,0.1422650910,-0.0374136582,0.0742423891,0.0232989892,0.1056999900,-0.0231931768,0.1022721842,0.1765846999,-0.5726312235,0.1220726910,-0.4410860201,0.1432952395,-0.1422718040,-0.0608305492,-0.1211201763,0.5514479704,-0.7021490786,0.4524426925,0.1010350269,0.4219560908
-0.0054231159,-0.0490793985,0.8066304022,-0.0686598193,-0.0022164622,-0.7449511729,0.6635726535,0.1912972340,0.0937119085,0.0078388400,0.1175997309,-0.0680850299,0.0078911251,0.1776771169,-0.0266552118,-0.0711919421,0.1419984696,-0.0380479517,0.0757687052,0.0244767809,0.1034063452,-0.0233498169,0.1229772180,0.1663902917,-0.5797897225,0.0914199772,-0.4543454048,0.1395735608,-0.1302355819,-0.0722770590,-0.1187980520,0.5723490914,-0.7448571755,0.4521031580,0.1085707554,0.4392502123
-0.0052373597,-0.0495240761,0.8066356353,-0.0683147805,-0.0023286866,-0.7446987927,0.6638910876,0.1914398427,0.0925099827,0.0064800690,0.1173409491,-0.0672256890,0.0078151415,0.1781199633,-0.0279782574,-0.0725574301,0.1418738586,-0.0380641795,0.0760408533,0.0252034417,0.1026888598,-0.0253719064,0.1220380347,0.1658052940,-0.5911449852,0.0486778950,-0.4545379134,0.1370525841,-0.1313039763,-0.0824967725,-0.1188248409,0.5888583276,-0.7671721604,0.4524525293,0.1138085722,0.4346532541
-0.0051225398,-0.0497233000,0.8067197449,-0.0680249366,-0.0025530863,-0.7445347396,0.6641039913,0.1914516504,0.0913337531,0.0054330805,0.1173336984,-0.0660367265,0.0078382198,0.1784507768,-0.0293182165,-0.0739050575,0.1417712226,-0.0382970051,0.0763612866,0.0268216107,0.1016125350,-0.0264114007,0.1198779154,0.1658757345,-0.6024839686,0.0056102124,-0.4534729756,0.1357327696,-0.1336382888,-0.0961085375,-0.1182962276,0.6035306374,-0.7861054527,0.4540890641,0.1171473644,0.4285875311
-0.0050176740,-0.0499239070,0.8067208405,-0.0678097269,-0.0028519692,-0.7443808599,0.6642972547,0.1915605820,0.0901736580,0.0044225434,0.1173819002,-0.0647872964,0.0078360368,0.1788249464,-0.0306418049,-0.0752068734,0.1417902896,-0.0384875613,0.0766434785,0.0285627209,0.1004750545,-0.0270283576,0.1171527869,0.1662261167,-0.6137555431,-0.0372986741,-0.4519205991,0.1347669590,-0.1363247463,-0.1108561725,-0.1175739673,0.6174959031,-0.8037295460,0.4562462378,0.1198489366,0.4226822429
-0.0048738478,-0.0497927399,0.8069366471,-0.0678962914,-0.0032594560,-0.7436971873,0.6650518500,0.1919066995,0.0892005381,0.0026857271,0.1171471334,-0.0638506311,0.0070688576,0.1798589396,-0.0311693323,-0.0754544982,0.1420471467,-0.0380249668,0.0771794311,0.0277625334,0.1022339306,-0.0294967455,0.0994047747,0.1792325993,-0.6362043844,-0.0801836656,-0.4426846444,0.1395928038,-0.1551568949,-0.1220058824,-0.1188482033,0.6166027145,-0.8047470679,0.4557360671,0.1177454196,0.3925943353
-0.0047966258,-0.0495673265,0.8070745122,-0.0681381300,-0.0037417622,-0.7430454747,0.6657526696,0.1923239723,0.0885712314,0.0012927012,0.1170632017,-0.0623503817,0.0064536034,0.1809805220,-0.0317110748,-0.0761291426,0.1423506401,-0.0372743659,0.0769345718,0.0291420445,0.1037622706,-0.0315798260,0.0797688373,0.1933348168,-0.6597438714,-0.1225598302,-0.4330851491,0.1451662756,-0.1759245541,-0.1352567083,-0.1194673581,0.6125892835,-0.8024840630,0.4563319299,0.1134668247,0.3613574118
-0.0048262282,-0.0491642335,0.8072169666,-0.0684637435,-0.0042969398,-0.7424136991,0.6664204015,0.1928659311,0.0879943182,-0.0000342011,0.1170078265,-0.0607798962,0.0057938068,0.1821689463,-0.0321970632,-0.0767319793,0.1427146842,-0.0364432202,0.0766279590,0.0311499374,0.1052096800,-0.0334559473,0.0590311070,0.2079210320,-0.6837007618,-0.1642968889,-0.4234242975,0.1505422709,-0.1971556215,-0.1492692569,-0.1199678207,0.6077887580,-0.7989956221,0.4572741130,0.1082567877,0.3300425856
-0.0049112784,-0.0491497328,0.8073349041,-0.0687007941,-0.0049284893,-0.7422194432,0.6666079875,0.1939534266,0.0873633629,-0.0012651024,0.1170318194,-0.0594144134,0.0056062742,0.1835925488,-0.0327333920,-0.0773776150,0.1429016612,-0.0353355924,0.0761801814,0.0347138492,0.1042990503,-0.0355105722,0.0372828615,0.2160528732,-0.7009832831,-0.1976404779,-0.4182182659,0.1550814153,-0.2099906821,-0.1654523717,-0.1249977365,0.6216022915,-0.7978587450,0.4666810334,0.1050888079,0.3261527691
-0.0049145442,-0.0491106233,0.8075409269,-0.0689904492,-0.0055452941,-0.7419663361,0.6668549495,0.1951382046,0.0866128153,-0.0025981479,0.1170837055,-0.0579138457,0.0055798880,0.1850950592,-0.0334079265,-0.0784393173,0.1430526087,-0.0345122085,0.0758116667,0.0366343836,0.1039375425,-0.0374730850,0.0146898317,0.2227383268,-0.7162765605,-0.2287334169,-0.4133618040,0.1589453501,-0.2229379188,-0.1808075491,-0.1304938161,0.6370764940,-0.7973190793,0.4759298506,0.1020278362,0.3245213769
-0.0049034551,-0.0490479328,0.8076591801,-0.0693134289,-0.0061918708,-0.7416831859,0.6671306927,0.1963626392,0.0858370559,-0.0040085560,0.1171578865,-0.0563847064,0.0055787303,0.1866741960,-0.0341071037,-0.0795790850,0.1432181447,-0.0336831663,0.0754662342,0.0381368290,0.1036993298,-0.0393891133,-0.0082936935,0.2290580505,-0.7309512430,-0.2589975601,-0.4084044961,0.1624834433,-0.2363494513,-0.1960354397,-0.1360902711,0.6530481151,-0.7968820056,0.4850327654,0.0990042195,0.3231047921
-0.0047657059,-0.0484568694,0.8081017471,-0.0680797210,-0.0047733496,-0.7416768248,0.6672764451,0.1925654737,0.0861218727,-0.0049048190,0.1136442650,-0.0511800514,0.0052506341,0.1830519021,-0.0336539946,-0.0799487873,0.1395403788,-0.0286823229,0.0758127836,0.0350536820,0.1056253328,-0.0422148058,-0.0318422727,0.2356763705,-0.7370062838,-0.2759811834,-0.4081250105,0.1670113947,-0.2464144740,-0.2106394268,-0.1351835074,0.6434318844,-0.7988182997,0.4816095717,0.0921599045,0.2932371938
-0.0045346486,-0.0484145173,0.8082576163,-0.0679123277,-0.0046193522,-0.7416191498,0.6673586846,0.1919130731,0.0857251240,-0.0056208232,0.1133115035,-0.0495801827,0.0048361660,0.1827037272,-0.0338587284,-0.0795468784,0.1389936974,-0.0265778124,0.0757654619,0.0338808462,0.1066520029,-0.0447460051,-0.0538478026,0.2400472681,-0.7464109832,-0.2892871797,-0.4057015280,0.1709957827,-0.2575122034,-0.2220174484,-0.1334342493,0.6348813195,-0.8004188238,0.4747328056,0.0845719399,0.2579136311
-0.0042843134,-0.0484505547,0.8084566036,-0.0680960369,-0.0048189715,-0.7415620681,0.6674019826,0.1923210007,0.0852288386,-0.0062123154,0.1134979782,-0.0485621132,0.0044747182,0.1832854829,-0.0341947475,-0.0790215877,0.1391537530,-0.0251198865,0.0757999173,0.0333525730,0.1076521347,-0.0466474923,-0.0759220428,0.2435538281,-0.7563518871,-0.3014193714,-0.4023449101,0.1743988383,-0.2693522524,-0.2323212142,-0.1318946913,0.6262764026,-0.8029060800,0.4665789368,0.0771459212,0.2217830350
-0.0048835397,-0.0483774405,0.8086074556,-0.0681478625,-0.0050803509,-0.7413881136,0.6675879897,0.1929936656,0.0858448816,-0.0058170123,0.1136472655,-0.0465878109,0.0043498461,0.1837063255,-0.0336661763,-0.0794030714,0.1393291007,-0.0249789494,0.0743708834,0.0339784833,0.1088384199,-0.0467007067,-0.0898921668,0.2430737047,-0.7562398646,-0.3040910248,-0.4002432072,0.1762977463,-0.2703721494,-0.2326315359,-0.1266688357,0.6116932921,-0.7930653586,0.4625483326,0.0723336505,0.1764844060
-0.0055084701,-0.0483475159,0.8086784067,-0.0682376395,-0.0053941302,-0.7413279689,0.6676431461,0.1937287266,0.0863055871,-0.0060317977,0.1135371195,-0.0453500584,0.0038308434,0.1842995016,-0.0331680320,-0.0795719807,0.1395260239,-0.0248359977,0.0733205950,0.0340526100,0.1100032054,-0.0478593680,-0.1035048584,0.2414266509,-0.7559164264,-0.3037294255,-0.3982837970,0.1764663874,-0.2706636681,-0.2336394801,-0.1205479407,0.5972784059,-0.7802669295,0.4597050166,0.0666428888,0.1307808585
-0.0061274212,-0.0483934793,0.8088381967,-0.0683157056,-0.0057005697,-0.7412607790,0.6677072153,0.1943891342,0.0867508332,-0.0062765868,0.1134641042,-0.0441067839,0.0033184443,0.1848465843,-0.0326828309,-0.0797634529,0.1397205260,-0.0246721727,0.0722778738,0.0339208322,0.1112122902,-0.0492407515,-0.1171716523,0.2392952585,-0.7551459375,-0.3023650827,-0.3962694844,0.1760482443,-0.2713538133,-0.2351187602,-0.1141555764,0.5825061814,-0.7662926360,0.4570613409,0.0605458014,0.0856827795
-0.0060781732,-0.0482785816,0.8089425064,-0.0685710473,-0.0057676772,-0.7411720545,0.6677789537,0.1948046408,0.0870144751,-0.0058162966,0.1135235912,-0.0424328998,0.0027589926,0.1853324394,-0.0324362636,-0.0798527575,0.1402484033,-0.0225216622,0.0725632524,0.0321034309,0.1133405866,-0.0495436212,-0.1277770572,0.2377268198,-0.7658172658,-0.2999011913,-0.3937408922,0.1778529272,-0.2819487434,-0.2424868842,-0.1062516121,0.5763473629,-0.7676938186,0.4568879131,0.0531857617,0.0636219538
-0.0059342367,-0.0482980310,0.8091336678,-0.0688311812,-0.0057430458,-0.7410721163,0.6678633126,0.1952457458,0.0871550087,-0.0054046735,0.1134988881,-0.0411236723,0.0022335442,0.1856233560,-0.0321538201,-0.0795303797,0.1405345044,-0.0203562580,0.0728650053,0.0304893016,0.1152871059,-0.0495663055,-0.1377052989,0.2362935607,-0.7757960115,-0.2985678946,-0.3902240274,0.1804414510,-0.2944691866,-0.2474587713,-0.0984142026,0.5697413588,-0.7718464830,0.4558581929,0.0472540059,0.0455608252
-0.0057888407,-0.0482657224,0.8093225411,-0.0690740446,-0.0056986826,-0.7409802258,0.6679405710,0.1956919168,0.0872961519,-0.0049695601,0.1134625991,-0.0398572225,0.0017171596,0.1859377807,-0.0318692688,-0.0791888825,0.1407504576,-0.0181949500,0.0731769143,0.0289662493,0.1171696846,-0.0497741549,-0.1473202557,0.2349095103,-0.7859622570,-0.2974095998,-0.3863618912,0.1830148196,-0.3071940307,-0.2516824026,-0.0907256752,0.5633410300,-0.7768515757,0.4543049195,0.0417155345,0.0279697713
-0.0060051161,-0.0483799003,0.8093291246,-0.0688580193,-0.0059388459,-0.7411113038,0.6678153477,0.1954808934,0.0877243553,-0.0047848523,0.1134382372,-0.0395493010,0.0014330172,0.1861559093,-0.0321339689,-0.0804562881,0.1405233406,-0.0186606296,0.0687583620,0.0294295193,0.1171767246,-0.0476825773,-0.1427986216,0.2299751889,-0.7857605711,-0.2848341239,-0.3865630483,0.1853291733,-0.3090320440,-0.2481517865,-0.0845829927,0.5544180716,-0.7735413569,0.4518694382,0.0394197763,0.0086959611
-0.0062673207,-0.0485329000,0.8094717400,-0.0688473765,-0.0059080789,-0.7411477118,0.6677763119,0.1956393856,0.0882958661,-0.0043752888,0.1133931755,-0.0386075652,0.0010408571,0.1862036171,-0.0318497687,-0.0810196901,0.1408770884,-0.0169445234,0.0663905098,0.0288915589,0.1181727716,-0.0469112098,-0.1374864500,0.2237761497,-0.7849101685,-0.2694728869,-0.3871464907,0.1860990838,-0.3104673732,-0.2437396443,-0.0778291292,0.5463409858,-0.7687692981,0.4494990757,0.0368206649,-0.0098638184
-0.0064245622,-0.0486961408,0.8095311647,-0.0687920693,-0.0058113520,-0.7411961774,0.6677290663,0.1956759433,0.0888877256,-0.0039381245,0.1132678888,-0.0376167772,0.0006685660,0.1861723527,-0.0315328178,-0.0815586328,0.1410280019,-0.0151042268,0.0640395460,0.0281340146,0.1193500771,-0.0465731066,-0.1321025380,0.2171344521,-0.7837403430,-0.2530490416,-0.3876749357,0.1861260358,-0.3121761932,-0.2392143090,-0.0710063431,0.5385529384,-0.7634687343,0.4470599636,0.0339327020,-0.0280814314
-0.0063926476,-0.0498222444,0.8093998485,-0.0702239589,-0.0075964801,-0.7409419477,0.6678442328,0.2012456522,0.0871799879,-0.0029642493,0.1169507579,-0.0411089626,0.0005712512,0.1915924640,-0.0326219788,-0.0789386111,0.1445962190,-0.0217085757,0.0688608078,0.0288584512,0.1190016097,-0.0445352806,-0.1166091484,0.2078689480,-0.7826529858,-0.2333728252,-0.3837441242,0.1830426182,-0.3153852092,-0.2228559191,-0.0610646242,0.5350666384,-0.7617991810,0.4414254485,0.0301434283,-0.0460811225
-0.0063135509,-0.0494161725,0.8097534756,-0.0689301888,-0.0059020519,-0.7408309826,0.6681191885,0.1970813215,0.0881542462,-0.0025194631,0.1136010071,-0.0362551726,-0.0000216415,0.1874205624,-0.0315176508,-0.0791346538,0.1416305163,-0.0162548084,0.0674316229,0.0280008447,0.1211277352,-0.0427349176,-0.1091956920,0.2048467294,-0.7765842438,-0.2231426383,-0.3873790699,0.1838717187,-0.3166919665,-0.2192858221,-0.0538540391,0.5270638002,-0.7583038296,0.4425375186,0.0272193404,-0.0607593192
-0.0062148481,-0.0506058404,0.8097197074,-0.0700229651,-0.0070135782,-0.7406749305,0.6681678243,0.2010812846,0.0877120058,-0.0012292740,0.1165945721,-0.0386310401,-0.0001040750,0.1912496172,-0.0321153569,-0.0784301726,0.1449875901,-0.0179223373,0.0668938817,0.0278091139,0.1214425884,-0.0419444007,-0.0928426709,0.1970241797,-0.7746833011,-0.2057908447,-0.3846352564,0.1819336714,-0.3192352774,-0.2032348825,-0.0437937683,0.5240943261,-0.7564017205,0.4378843838,0.0234924327,-0.0780735988
-0.0064900907,-0.0495868423,0.8101206377,-0.0684289456,-0.0056252611,-0.7411755523,0.6677908628,0.1963297382,0.0882760976,-0.0014808561,0.1135959993,-0.0336098832,-0.0005344106,0.1868270103,-0.0313792677,-0.0780091818,0.1410817890,-0.0148656572,0.0661272583,0.0274935089,0.1216360807,-0.0398579132,-0.0838451948,0.1955186925,-0.7672852392,-0.2026294254,-0.3884840483,0.1827590556,-0.3210817459,-0.1972789135,-0.0448434910,0.5222462840,-0.7539660824,0.4399834326,0.0258684710,-0.0694953118
-0.0065602669,-0.0493496599,0.8103623658,-0.0679227986,-0.0050789531,-0.7414307021,0.6675636386,0.1945114915,0.0888281068,-0.0004765719,0.1132874818,-0.0312484063,-0.0007191185,0.1849727490,-0.0308788027,-0.0776901590,0.1404966266,-0.0127465072,0.0641285740,0.0267929634,0.1220813856,-0.0385088177,-0.0702056632,0.1925070480,-0.7613478026,-0.1988520676,-0.3904642553,0.1838851108,-0.3225597498,-0.1852377561,-0.0445426471,0.5220239932,-0.7519306452,0.4403299884,0.0285605580,-0.0572953547
-0.0067302807,-0.0493539100,0.8105647670,-0.0676286761,-0.0047273485,-0.7416691252,0.6673311944,0.1934585385,0.0893713771,0.0005584162,0.1132944281,-0.0293961969,-0.0008957837,0.1838304101,-0.0304093324,-0.0773531865,0.1403399399,-0.0111950726,0.0621742221,0.0259747958,0.1225530944,-0.0373031670,-0.0553213657,0.1892268766,-0.7557320196,-0.1952545640,-0.3916158379,0.1849116586,-0.3240580590,-0.1713806746,-0.0440207529,0.5224597242,-0.7505216239,0.4397645538,0.0312384308,-0.0440684987
-0.0067175842,-0.0504027305,0.8104043002,-0.0689398703,-0.0062338450,-0.7416526321,0.6672029726,0.1982560850,0.0884833362,0.0006854235,0.1168055618,-0.0332396069,-0.0008881985,0.1882571428,-0.0311627979,-0.0762398031,0.1440500541,-0.0151600382,0.0627495343,0.0258116713,0.1209136725,-0.0349209105,-0.0298295794,0.1825076533,-0.7432810944,-0.1834257034,-0.3907301547,0.1816398010,-0.3198855946,-0.1358329586,-0.0471757945,0.5228690413,-0.7439404730,0.4377712702,0.0358514792,-0.0268095800
-0.0066902085,-0.0507143427,0.8104596735,-0.0689818225,-0.0062051389,-0.7416872193,0.6671604553,0.1987168450,0.0885634040,0.0009129580,0.1169133119,-0.0327068149,-0.0012082303,0.1887203883,-0.0310918805,-0.0757232889,0.1442711736,-0.0149927245,0.0627758057,0.0250078269,0.1202678634,-0.0328166493,-0.0088199526,0.1773543011,-0.7286137519,-0.1733370177,-0.3934199435,0.1785472740,-0.3153458547,-0.1062373444,-0.0520955773,0.5214026336,-0.7363105673,0.4390999439,0.0397611125,-0.0105820430
-0.0065694859,-0.0509105638,0.8105523469,-0.0687668575,-0.0058945628,-0.7417533253,0.6671119680,0.1982047734,0.0887440016,0.0011287119,0.1168325988,-0.0317715916,-0.0015553506,0.1883360780,-0.0308972784,-0.0752072989,0.1440057793,-0.0142489863,0.0627428468,0.0242627106,0.1197298559,-0.0310910896,0.0113067236,0.1721991045,-0.7136596988,-0.1633395399,-0.3969472759,0.1757607167,-0.3106014250,-0.0779588848,-0.0569606856,0.5192853136,-0.7276913215,0.4412029100,0.0434300255,0.0055496797
-0.0066336192,-0.0513834343,0.8106520267,-0.0681507172,-0.0053816266,-0.7417044657,0.6672338446,0.1972680225,0.0885567060,0.0009572210,0.1167031313,-0.0316912501,-0.0016394955,0.1874368963,-0.0309517975,-0.0751353962,0.1435838667,-0.0134169623,0.0623532270,0.0240785727,0.1194392442,-0.0301798790,0.0316194311,0.1621756576,-0.6992012517,-0.1549092023,-0.4020888325,0.1726176348,-0.3022897828,-0.0564973665,-0.0524249299,0.5170993253,-0.7235708867,0.4443854395,0.0427679578,0.0124271840
-0.0066147537,-0.0518036624,0.8107517195,-0.0675311254,-0.0048443011,-0.7417058705,0.6672993942,0.1959811458,0.0885236128,0.0008749189,0.1167232755,-0.0311293446,-0.0018954262,0.1864352620,-0.0309842278,-0.0751303816,0.1432796173,-0.0128459365,0.0621018183,0.0239082423,0.1190016380,-0.0291458284,0.0514112874,0.1522989282,-0.6849001368,-0.1466631837,-0.4074502158,0.1696151602,-0.2933834078,-0.0357362150,-0.0477333852,0.5151469297,-0.7195074843,0.4476212806,0.0422815926,0.0179312924
-0.0066806273,-0.0521972710,0.8108515113,-0.0669166090,-0.0043158921,-0.7417055826,0.6673652442,0.1946611850,0.0884846999,0.0007907738,0.1167824918,-0.0305517957,-0.0021499741,0.1853843388,-0.0310276892,-0.0751257385,0.1430523977,-0.0122797383,0.0618469228,0.0237338967,0.1185054936,-0.0280700826,0.0710325481,0.1424385764,-0.6709965745,-0.1384011522,-0.4129420038,0.1663622111,-0.2840418891,-0.0151472403,-0.0431354579,0.5135057229,-0.7154423106,0.4508798508,0.0416610734,0.0228330101
-0.0070075544,-0.0517156778,0.8112981161,-0.0650913267,-0.0022374882,-0.7417856941,0.6674669257,0.1889461684,0.0899324823,0.0010568496,0.1134524751,-0.0252491639,-0.0031697286,0.1797575566,-0.0293330976,-0.0754896157,0.1391475142,-0.0072919937,0.0607741049,0.0229374447,0.1184449285,-0.0268927636,0.0813860011,0.1412946053,-0.6604645295,-0.1384246105,-0.4176983447,0.1662831643,-0.2789678020,-0.0050880073,-0.0460294827,0.5088295263,-0.7085077324,0.4546864256,0.0459247555,0.0285606022
-0.0072664071,-0.0526660741,0.8111812812,-0.0657040555,-0.0030058766,-0.7418619146,0.6673191451,0.1914136256,0.0899610628,0.0022272730,0.1166425607,-0.0274631008,-0.0035463672,0.1821566552,-0.0294343250,-0.0749090202,0.1420219109,-0.0095716844,0.0606477392,0.0223567525,0.1173376110,-0.0273238347,0.1008226236,0.1353522997,-0.6537920166,-0.1327848514,-0.4167828846,0.1646342417,-0.2732414685,0.0150265336,-0.0448800238,0.5064625474,-0.6975192716,0.4541676434,0.0505905421,0.0380186443
-0.0076065336,-0.0521747656,0.8116068469,-0.0641324455,-0.0011958319,-0.7419521786,0.6673773776,0.1864891786,0.0914065676,0.0025526113,0.1135646073,-0.0226821900,-0.0044932854,0.1773629585,-0.0278303431,-0.0752461483,0.1385949043,-0.0049544627,0.0595788312,0.0219141816,0.1170738720,-0.0259422493,0.1119253631,0.1343477821,-0.6441583019,-0.1340362245,-0.4207441136,0.1648717569,-0.2681760369,0.0250866753,-0.0473459787,0.5008762707,-0.6900569725,0.4577067085,0.0549789991,0.0447394483
-0.0081172251,-0.0530768878,0.8115034028,-0.0647351777,-0.0020009325,-0.7420627727,0.6671942704,0.1889105341,0.0917381145,0.0034541268,0.1165605612,-0.0254771545,-0.0048329319,0.1799337357,-0.0279758307,-0.0748109855,0.1415290269,-0.0082608512,0.0593372714,0.0219813758,0.1163824884,-0.0274641929,0.1292776517,0.1347226708,-0.6305499501,-0.1057216053,-0.4192333008,0.1654050841,-0.2549971564,0.0499906116,-0.0480961490,0.4916729525,-0.6665259480,0.4586412460,0.0577877183,0.0465046305
-0.0086578118,-0.0531120347,0.8116002757,-0.0644237961,-0.0017764615,-0.7421024400,0.6671809254,0.1882161104,0.0926362459,0.0038184673,0.1167559531,-0.0248852383,-0.0053855315,0.1791857479,-0.0272371773,-0.0751247612,0.1418247940,-0.0081882779,0.0585627129,0.0221285127,0.1158923940,-0.0281974372,0.1410738322,0.1362154327,-0.6146380072,-0.0756565252,-0.4198241837,0.1643965035,-0.2438970292,0.0700377249,-0.0501484526,0.4803263438,-0.6425626827,0.4618508652,0.0588350079,0.0478147454
-0.0091858954,-0.0530778962,0.8117337942,-0.0639552015,-0.0013798711,-0.7421581921,0.6671649317,0.1868298512,0.0935916724,0.0041606849,0.1167436147,-0.0238593336,-0.0059541374,0.1778191513,-0.0264150407,-0.0754477304,0.1417504198,-0.0075867307,0.0577380580,0.0223517914,0.1154596083,-0.0289540963,0.1513697987,0.1376821554,-0.5981442203,-0.0442848712,-0.4208608136,0.1629358963,-0.2334106903,0.0886549766,-0.0523592622,0.4682186173,-0.6176204876,0.4657411107,0.0595959684,0.0492006854
-0.0097045705,-0.0532468717,0.8118585273,-0.0633746236,-0.0008754243,-0.7420783827,0.6673099464,0.1851982093,0.0942384948,0.0048321143,0.1167197131,-0.0227976782,-0.0070714778,0.1767075173,-0.0256372178,-0.0749312355,0.1414471969,-0.0073564673,0.0570500512,0.0209699166,0.1138134648,-0.0300897230,0.1615236392,0.1308311927,-0.5850140387,-0.0128815456,-0.4242392545,0.1607703505,-0.2224672877,0.1026192388,-0.0541060334,0.4496927709,-0.5740589626,0.4692436335,0.0618715943,0.0387178303
-0.0100751898,-0.0532570198,0.8119979363,-0.0628602334,-0.0004326913,-0.7419505082,0.6675011965,0.1835384405,0.0949964651,0.0053541873,0.1167885374,-0.0219133725,-0.0079049461,0.1754926577,-0.0249513213,-0.0746036290,0.1412020150,-0.0068325482,0.0562724190,0.0198390735,0.1123057754,-0.0310546300,0.1711693966,0.1236838459,-0.5723039562,0.0189184784,-0.4274950514,0.1585637382,-0.2111592302,0.1132239863,-0.0563956663,0.4292672936,-0.5259872229,0.4738285089,0.0628615168,0.0286262986
-0.0104143971,-0.0530840268,0.8121449458,-0.0624144385,-0.0000382000,-0.7418252167,0.6676823977,0.1818792490,0.0957477840,0.0058905949,0.1169509987,-0.0209603496,-0.0087093363,0.1742916848,-0.0242671796,-0.0742417890,0.1409991628,-0.0061968866,0.0555092428,0.0187944080,0.1107319000,-0.0318073776,0.1803865200,0.1168101894,-0.5598563705,0.0510382819,-0.4306910798,0.1560690306,-0.1995868411,0.1222710065,-0.0595430470,0.4082598624,-0.4760207392,0.4788713802,0.0630198776,0.0190084141
-0.0104491029,-0.0536241267,0.8121297174,-0.0618245864,0.0005667798,-0.7415616669,0.6680297101,0.1803607217,0.0957770413,0.0062063815,0.1169319207,-0.0202122364,-0.0097230760,0.1733606245,-0.0242021772,-0.0748903543,0.1406331630,-0.0054704120,0.0546665955,0.0187838554,0.1108216191,-0.0347948323,0.1879785990,0.1080544453,-0.5360715637,0.1013047642,-0.4387617662,0.1532368498,-0.1733479927,0.1264365909,-0.0514372012,0.3807410685,-0.4141169142,0.4893098557,0.0569676370,-0.0204943127
-0.0104742950,-0.0538024607,0.8122398545,-0.0612445217,0.0010631161,-0.7412941665,0.6683793362,0.1786054668,0.0958143488,0.0067097339,0.1170887300,-0.0193715371,-0.0106411874,0.1722090193,-0.0242862091,-0.0754358969,0.1404298186,-0.0045565200,0.0538322586,0.0183611307,0.1103023543,-0.0373352723,0.1923577598,0.1000475795,-0.5113849095,0.1561964033,-0.4477253295,0.1484071248,-0.1469352028,0.1270610932,-0.0449944492,0.3533366708,-0.3487049581,0.5011692507,0.0493963935,-0.0628788743
-0.0103667161,-0.0538159568,0.8123632936,-0.0607646406,0.0014630585,-0.7410180629,0.6687284564,0.1768470955,0.0957972379,0.0071952042,0.1173769852,-0.0183839524,-0.0115105576,0.1710453888,-0.0244252420,-0.0759680698,0.1403740381,-0.0034972925,0.0530228025,0.0177074246,0.1096301037,-0.0396057354,0.1950940598,0.0931724136,-0.4858220803,0.2126837875,-0.4567814478,0.1430584009,-0.1214159920,0.1258898256,-0.0407727917,0.3252023150,-0.2816042592,0.5136320182,0.0416840624,-0.1044890074
-0.0107363217,-0.0534270892,0.8125417759,-0.0603537894,0.0016777836,-0.7409226858,0.6688708237,0.1750951406,0.0962374685,0.0077063860,0.1175899116,-0.0174299702,-0.0118795852,0.1698964863,-0.0239865591,-0.0759823041,0.1399953473,-0.0035045515,0.0531055599,0.0163933240,0.1070063328,-0.0422873298,0.1918877575,0.0951313205,-0.4725549581,0.2828484012,-0.4591755290,0.1412844976,-0.1005849577,0.1199078884,-0.0556105821,0.3057474509,-0.1936691835,0.5202348616,0.0417220014,-0.1330998258
-0.0108926271,-0.0528555974,0.8126286024,-0.0600717361,0.0018078283,-0.7407708251,0.6690640499,0.1732783080,0.0965824239,0.0085785963,0.1179486933,-0.0157061001,-0.0123495746,0.1685922106,-0.0237597402,-0.0761844405,0.1397976379,-0.0025405982,0.0527482337,0.0152983518,0.1047243632,-0.0451632903,0.1870601793,0.0973424255,-0.4594990523,0.3555931860,-0.4606748766,0.1385720098,-0.0810520678,0.1108555725,-0.0731172059,0.2855446930,-0.1005852951,0.5264882350,0.0407049711,-0.1574661800
-0.0110660124,-0.0521595984,0.8128130121,-0.0598619809,0.0018956084,-0.7406253653,0.6692436164,0.1714317591,0.0968811001,0.0094844413,0.1183566582,-0.0138408642,-0.0127349136,0.1672568210,-0.0235739281,-0.0763368336,0.1396038239,-0.0013833337,0.0524564145,0.0144076857,0.1025054040,-0.0478980645,0.1808930999,0.1007240709,-0.4468060336,0.4292260837,-0.4616558816,0.1356343955,-0.0621567478,0.0998561067,-0.0931735620,0.2660640295,-0.0051950398,0.5320634452,0.0394305426,-0.1795298243
-0.0103914362,-0.0515017483,0.8128929374,-0.0598311238,0.0021894301,-0.7408512925,0.6689953703,0.1697595907,0.0965320626,0.0102789955,0.1187080399,-0.0135778523,-0.0119660599,0.1658099195,-0.0240691406,-0.0761926142,0.1390215029,0.0000556645,0.0530146618,0.0188540080,0.0996237878,-0.0503709912,0.1712459149,0.1053536115,-0.4308728013,0.5009592025,-0.4670442774,0.1303044012,-0.0412341609,0.0849299658,-0.1166532452,0.2749182809,0.0955686038,0.5297948336,0.0497616341,-0.1750857396
-0.0096686690,-0.0508912936,0.8128865591,-0.0598308365,0.0024130659,-0.7409626691,0.6688712665,0.1680326929,0.0962537323,0.0119056526,0.1192669429,-0.0127064607,-0.0115861225,0.1644136354,-0.0245489631,-0.0759715171,0.1385344293,0.0017739110,0.0531215191,0.0209269288,0.0969471783,-0.0528302998,0.1612286562,0.1112064419,-0.4131746947,0.5727199354,-0.4731986187,0.1251102280,-0.0203133747,0.0692796841,-0.1399907206,0.2888390509,0.1948314336,0.5232249994,0.0611074820,-0.1681030423
-0.0090960890,-0.0501535105,0.8129650740,-0.0598636073,0.0025823386,-0.7410317561,0.6687911607,0.1663610859,0.0960208612,0.0133864176,0.1198421950,-0.0117910895,-0.0112952568,0.1631115234,-0.0249878100,-0.0758913921,0.1381082505,0.0034532763,0.0531364593,0.0222360637,0.0945823760,-0.0551904624,0.1508182342,0.1184462235,-0.3957735694,0.6445905122,-0.4794069282,0.1199426886,0.0003471463,0.0530863644,-0.1628663441,0.3070322165,0.2922755996,0.5133130165,0.0721050592,-0.1620089601
-0.0092061418,-0.0494372474,0.8129977893,-0.0597394145,0.0024786773,-0.7407219559,0.6691457558,0.1648999836,0.0959094330,0.0129813615,0.1205085052,-0.0111982149,-0.0112259639,0.1623844831,-0.0250413099,-0.0763997437,0.1378844556,0.0031033868,0.0539156450,0.0181008990,0.0933194392,-0.0563041764,0.1428016352,0.1232016839,-0.3941729462,0.7120589378,-0.4765015631,0.1190422880,0.0063186949,0.0404569877,-0.1789161614,0.3083886347,0.3820700317,0.5115759604,0.0731708547,-0.1615018807
-0.0092904294,-0.0488798665,0.8130850953,-0.0597676094,0.0023792944,-0.7404527876,0.6694414396,0.1637406817,0.0961728437,0.0133262917,0.1210894183,-0.0105176027,-0.0115805071,0.1618436680,-0.0249434413,-0.0769610372,0.1378196116,0.0034997956,0.0531981043,0.0163908261,0.0920418368,-0.0578094174,0.1351693915,0.1291694144,-0.3961843752,0.7772253961,-0.4722217060,0.1195006180,0.0116647093,0.0287456576,-0.1960705817,0.3095700089,0.4705946706,0.5096180940,0.0738114542,-0.1614429721
-0.0093677146,-0.0483376287,0.8130812664,-0.0598143987,0.0022944492,-0.7402329386,0.6696806476,0.1626608730,0.0964914600,0.0138242272,0.1216348317,-0.0098703204,-0.0119398274,0.1613356661,-0.0247838664,-0.0773808806,0.1376780941,0.0039404468,0.0524764507,0.0155527639,0.0908413979,-0.0595780181,0.1275717866,0.1357268451,-0.4002974766,0.8414214061,-0.4678590257,0.1202689915,0.0175695695,0.0171862539,-0.2139572274,0.3125997326,0.5583400147,0.5068636325,0.0743897080,-0.1617264659
-0.0092714390,-0.0478431271,0.8130816698,-0.0597495143,0.0021832678,-0.7398896623,0.6700660538,0.1615831648,0.0962678459,0.0140503271,0.1222148438,-0.0089721581,-0.0122407348,0.1612408234,-0.0252220257,-0.0784392420,0.1376377200,0.0044359299,0.0533137421,0.0151834045,0.0896838044,-0.0615088312,0.1179553763,0.1434073433,-0.4127827728,0.8978106050,-0.4589995978,0.1226337787,0.0171513349,0.0042088593,-0.2308874220,0.3234687712,0.6352085927,0.5007048132,0.0757049865,-0.1535444594
-0.0091919375,-0.0475168981,0.8130889592,-0.0596945737,0.0020695176,-0.7394616983,0.6705435644,0.1605514504,0.0960931750,0.0139088668,0.1226940896,-0.0082391119,-0.0122876112,0.1611183818,-0.0256673963,-0.0796796404,0.1375440252,0.0048152955,0.0532219198,0.0150278004,0.0885740621,-0.0633806326,0.1089294764,0.1512870436,-0.4265240792,0.9522297545,-0.4497074576,0.1257728047,0.0170362026,-0.0076296866,-0.2476193425,0.3360488367,0.7092987103,0.4932626090,0.0777500462,-0.1459208288
-0.0092144641,-0.0471253477,0.8130925641,-0.0596367654,0.0019573668,-0.7390297718,0.6710250527,0.1595513275,0.0959330194,0.0137539230,0.1231690640,-0.0075380658,-0.0123485344,0.1610338383,-0.0260997603,-0.0809392385,0.1374499668,0.0051552904,0.0531140525,0.0149545807,0.0875176428,-0.0654288034,0.1000294012,0.1589982915,-0.4414587992,1.0057347347,-0.4404087392,0.1290946299,0.0175547662,-0.0191396266,-0.2640059425,0.3505494678,0.7819207567,0.4850342423,0.0799471883,-0.1392354725
-0.0091692248,-0.0467697829,0.8131633688,-0.0597518347,0.0017730152,-0.7388235364,0.6712423979,0.1591863443,0.0954484389,0.0137147101,0.1237933820,-0.0069989766,-0.0126502463,0.1610958828,-0.0262696412,-0.0815671896,0.1373698755,0.0053502071,0.0531026851,0.0159722922,0.0871603244,-0.0672844330,0.0936842157,0.1640363240,-0.4452772657,1.0479594276,-0.4371677541,0.1307372211,0.0189022409,-0.0258591068,-0.2750098458,0.3675879871,0.8566591525,0.4776157106,0.0871724889,-0.1291635398
-0.0091476202,-0.0465489017,0.8131523678,-0.0598912814,0.0015734943,-0.7386223402,0.6714518576,0.1589938953,0.0954000340,0.0139478159,0.1243488397,-0.0065230849,-0.0127359991,0.1613668008,-0.0264293701,-0.0821888671,0.1373241175,0.0056312747,0.0530323883,0.0159768877,0.0868840230,-0.0691675966,0.0889305968,0.1693830434,-0.4490402825,1.0884322790,-0.4342442494,0.1325099309,0.0210637755,-0.0327789086,-0.2853528901,0.3874765525,0.9307141956,0.4694131707,0.0942519854,-0.1195687280
-0.0092451574,-0.0462490655,0.8131409611,-0.0600392399,0.0013605266,-0.7384103254,0.6716722638,0.1588590358,0.0953836341,0.0141423796,0.1248799864,-0.0060515513,-0.0128650513,0.1617080880,-0.0265541501,-0.0828551263,0.1372578247,0.0058847058,0.0529215283,0.0156314052,0.0866963617,-0.0711381283,0.0846211341,0.1747936762,-0.4531913036,1.1282021818,-0.4314704594,0.1344679153,0.0235992392,-0.0399196951,-0.2950098972,0.4094531016,1.0041161960,0.4606286578,0.1011048941,-0.1107200825
-0.0092246247,-0.0459168790,0.8131379460,-0.0601016522,0.0010968888,-0.7379780911,0.6721420425,0.1580413311,0.0953587838,0.0136351106,0.1253594906,-0.0052406827,-0.0126217223,0.1618427461,-0.0269533281,-0.0847802436,0.1372345077,0.0055862203,0.0526959647,0.0144880253,0.0865202811,-0.0713745914,0.0845589792,0.1750435183,-0.4658933582,1.1571392859,-0.4244949451,0.1372538670,0.0197119940,-0.0461050960,-0.2997351054,0.4294663701,1.0661517921,0.4561054407,0.1068042058,-0.0981594198
-0.0093104702,-0.0456640014,0.8131319019,-0.0601857060,0.0008841966,-0.7375459111,0.6726090455,0.1575065831,0.0952884649,0.0131737831,0.1257481230,-0.0045193962,-0.0123983151,0.1620051801,-0.0273582502,-0.0868829868,0.1372656489,0.0053124479,0.0524352279,0.0139984062,0.0864315725,-0.0720803191,0.0858351209,0.1754809157,-0.4797625296,1.1833598639,-0.4173509475,0.1411122718,0.0165850127,-0.0508054243,-0.3044064885,0.4498294789,1.1257233970,0.4513044805,0.1132347455,-0.0864838046
-0.0093226061,-0.0453537755,0.8131254227,-0.0602419539,0.0006956657,-0.7371235467,0.6730670843,0.1569648008,0.0952388457,0.0127359996,0.1260874985,-0.0038119942,-0.0121927268,0.1621392446,-0.0277462006,-0.0889644054,0.1372724478,0.0050202029,0.0521602935,0.0136922632,0.0863787672,-0.0730505475,0.0875738889,0.1758638595,-0.4941995549,1.2086907441,-0.4103225356,0.1453687821,0.0139453423,-0.0550338901,-0.3087190760,0.4709529468,1.1843003540,0.4460978781,0.1199152505,-0.0753782459
-0.0098694317,-0.0449678512,0.8132903839,-0.0589662451,0.0017868723,-0.7369291690,0.6733908144,0.1540851349,0.0955886076,0.0107802586,0.1228363905,-0.0008499850,-0.0131362080,0.1599283472,-0.0267512758,-0.0895257862,0.1338106170,0.0085795178,0.0520690049,0.0123670032,0.0866423739,-0.0744818002,0.0895177813,0.1748930556,-0.5054919142,1.2202985502,-0.4039591010,0.1485817621,0.0111028102,-0.0577402054,-0.3089336008,0.4911737347,1.2149455632,0.4386446190,0.1258774477,-0.0652991215
-0.0102750317,-0.0450998689,0.8133114682,-0.0585577788,0.0020604803,-0.7366432121,0.6737384649,0.1530888264,0.0961573391,0.0098212635,0.1225360088,0.0000009923,-0.0138094377,0.1596539605,-0.0262809491,-0.0908616288,0.1329249319,0.0085840104,0.0514817604,0.0114006618,0.0871492943,-0.0759652757,0.0937914695,0.1735177616,-0.5180503633,1.2315958680,-0.3971572002,0.1525934100,0.0080880360,-0.0583023988,-0.3096240391,0.5115871433,1.2453980701,0.4306941241,0.1331713040,-0.0546138370
-0.0107714071,-0.0451891611,0.8133062983,-0.0583426008,0.0021427162,-0.7363441541,0.6740837014,0.1525991346,0.0967050925,0.0088701194,0.1226555736,0.0004596272,-0.0144792874,0.1597824931,-0.0258685736,-0.0921756822,0.1326818119,0.0080815783,0.0509183883,0.0105785729,0.0877316909,-0.0770923647,0.0986267035,0.1720822727,-0.5310381051,1.2427786135,-0.3903301654,0.1562009969,0.0051374989,-0.0582256136,-0.3102231833,0.5320847096,1.2756394197,0.4224646000,0.1401018887,-0.0439736334
-0.0108511511,-0.0450974813,0.8133957498,-0.0582643397,0.0020674154,-0.7360269340,0.6744370579,0.1522813570,0.0961292487,0.0084528583,0.1228614208,0.0003021933,-0.0134747055,0.1598153610,-0.0261164289,-0.0925722550,0.1326759289,0.0088041658,0.0512517248,0.0114867858,0.0878764314,-0.0773287952,0.1007358052,0.1721238586,-0.5390393699,1.2501413718,-0.3856559044,0.1579997660,0.0031917521,-0.0551342555,-0.3062272673,0.5553195723,1.2972372291,0.4094155078,0.1461193430,-0.0286378580
-0.0109253817,-0.0451184441,0.8134696533,-0.0582609709,0.0020445817,-0.7356560427,0.6748419561,0.1520459374,0.0960591466,0.0080045685,0.1229745319,0.0005655600,-0.0134630819,0.1599628979,-0.0261574857,-0.0935776714,0.1326890923,0.0091311921,0.0510548715,0.0119981977,0.0878902123,-0.0772502518,0.1029252547,0.1724798730,-0.5465732110,1.2571808408,-0.3810918413,0.1598285681,0.0015280966,-0.0509034182,-0.3021093195,0.5785321807,1.3164608590,0.3952672706,0.1526927444,-0.0135785262
-0.0109300189,-0.0450664829,0.8135425269,-0.0582674796,0.0020166330,-0.7352687131,0.6752634697,0.1518797365,0.0960149256,0.0075098915,0.1230313238,0.0008407272,-0.0134777753,0.1601746320,-0.0261704115,-0.0946381387,0.1327022457,0.0094186053,0.0508379323,0.0124368482,0.0878760353,-0.0771557633,0.1050874432,0.1729191322,-0.5540610484,1.2637077215,-0.3765454480,0.1622285238,-0.0000233099,-0.0462917656,-0.2979784545,0.6017051624,1.3344322282,0.3807775360,0.1600887635,0.0011434384
-0.0114715183,-0.0450915326,0.8135971660,-0.0580160847,0.0020002585,-0.7350764372,0.6754944592,0.1510523884,0.0967261480,0.0076360249,0.1230698295,0.0029227489,-0.0142631353,0.1602052102,-0.0258626369,-0.0957702824,0.1326270763,0.0103340996,0.0495141741,0.0114930662,0.0872758980,-0.0772980462,0.1078747293,0.1731393564,-0.5543205430,1.2666122602,-0.3738083632,0.1626269583,-0.0002437153,-0.0427809061,-0.2996262787,0.6084420189,1.3426837032,0.3737468451,0.1613398967,0.0103819449
-0.0119800334,-0.0451719024,0.8136663209,-0.0578333608,0.0020407109,-0.7349157929,0.6756847751,0.1505769726,0.0973247022,0.0075039316,0.1230242935,0.0040300244,-0.0147815402,0.1599991677,-0.0253626597,-0.0964415549,0.1324679305,0.0108772183,0.0488230742,0.0112937401,0.0868901847,-0.0771706779,0.1104019492,0.1732178390,-0.5552708490,1.2689626222,-0.3709595544,0.1631376616,-0.0000964281,-0.0382109426,-0.3017673272,0.6141335932,1.3490200863,0.3671510784,0.1625257441,0.0183034403
-0.0124834498,-0.0451792104,0.8137327728,-0.0576636628,0.0020781412,-0.7347702597,0.6758574175,0.1501460851,0.0979354521,0.0074232029,0.1230123915,0.0050828757,-0.0152935745,0.1598237834,-0.0248516120,-0.0970655053,0.1323209888,0.0113971277,0.0481393978,0.0114460321,0.0865428013,-0.0770290826,0.1128863313,0.1732673807,-0.5565584025,1.2711804172,-0.3681535239,0.1637555245,0.0001700236,-0.0331326481,-0.3040627043,0.6195088333,1.3546436179,0.3606005972,0.1639150470,0.0257977525
-0.0129000728,-0.0451009981,0.8138352309,-0.0573308628,0.0021293642,-0.7347303795,0.6759289218,0.1496246882,0.0980376585,0.0070225991,0.1229456923,0.0052674650,-0.0155063102,0.1597028453,-0.0247799816,-0.0979500627,0.1321808591,0.0109172954,0.0487406862,0.0129119312,0.0862988232,-0.0761805918,0.1140393964,0.1747122387,-0.5584065544,1.2729211653,-0.3657275884,0.1638053078,0.0007600165,-0.0267658496,-0.3018742523,0.6342579933,1.3505501886,0.3452969543,0.1645754871,0.0335589043
-0.0132361625,-0.0449792907,0.8139157106,-0.0570500783,0.0021549964,-0.7345437138,0.6761554385,0.1490136513,0.0983279484,0.0066701697,0.1228625389,0.0055366217,-0.0157970964,0.1595343817,-0.0246435458,-0.0989583989,0.1321441018,0.0107825560,0.0484129406,0.0137590991,0.0858393114,-0.0753635429,0.1154713449,0.1764039031,-0.5596733514,1.2746934389,-0.3633593977,0.1637437396,0.0013595116,-0.0194265069,-0.2998099644,0.6493147149,1.3443225432,0.3292190837,0.1661572445,0.0406153873
-0.0136634253,-0.0449588463,0.8139079654,-0.0567561300,0.0021915147,-0.7343449424,0.6763959230,0.1483833365,0.0986183222,0.0062814330,0.1227685195,0.0058014807,-0.0160886729,0.1593737774,-0.0245074524,-0.1000042824,0.1320777978,0.0106380617,0.0480854289,0.0144766515,0.0853506210,-0.0746170303,0.1170087257,0.1781332601,-0.5608390456,1.2764417218,-0.3609589522,0.1636520026,0.0019486488,-0.0117777357,-0.2979119291,0.6644719107,1.3374372149,0.3130779106,0.1681330964,0.0474576388
-0.0142113372,-0.0449648788,0.8138802817,-0.0566522168,0.0022715220,-0.7342358614,0.6765227760,0.1479603804,0.0990995559,0.0056515300,0.1226820241,0.0068323776,-0.0169663921,0.1587444560,-0.0239496845,-0.1012741711,0.1319914012,0.0100752285,0.0469529899,0.0138560198,0.0853219481,-0.0745812703,0.1189350816,0.1796411811,-0.5612713362,1.2775449183,-0.3588369493,0.1633003373,0.0028326235,-0.0062152364,-0.2995224059,0.6700278176,1.3350348523,0.3052596442,0.1699669159,0.0504309221
-0.0147558902,-0.0448386746,0.8139570164,-0.0564227819,0.0023281215,-0.7341423610,0.6766432172,0.1474447039,0.0996526738,0.0055722580,0.1225756838,0.0071400813,-0.0173552070,0.1584490925,-0.0235744480,-0.1021513791,0.1319730447,0.0096342068,0.0465858786,0.0138500739,0.0853855840,-0.0744561587,0.1205212019,0.1809805058,-0.5622498000,1.2785967128,-0.3567633176,0.1630224345,0.0036869810,-0.0011149320,-0.3010271098,0.6752218947,1.3335306740,0.2981954051,0.1713263846,0.0531524939
-0.0152950800,-0.0447048271,0.8139458645,-0.0562085359,0.0023725500,-0.7340624829,0.6767475472,0.1469511738,0.1002055091,0.0055356304,0.1225135019,0.0074247671,-0.0177378514,0.1581782127,-0.0231949512,-0.1029835514,0.1319487110,0.0092108690,0.0462227470,0.0139995378,0.0854616420,-0.0742765172,0.1220117132,0.1822963436,-0.5633507729,1.2796852228,-0.3547300269,0.1627638543,0.0045510116,0.0039133683,-0.3024894536,0.6803156497,1.3322598651,0.2912153313,0.1725062475,0.0558923187
-0.0154481214,-0.0446463469,0.8139371574,-0.0559930611,0.0024239388,-0.7336736271,0.6771867619,0.1459663506,0.1000663348,0.0052028766,0.1224527108,0.0077084687,-0.0182574687,0.1575350221,-0.0230394835,-0.1042349541,0.1316822754,0.0090438089,0.0459311649,0.0148240665,0.0854066804,-0.0739650618,0.1229065637,0.1839986018,-0.5629971219,1.2801512228,-0.3537530721,0.1619809481,0.0062312793,0.0069681685,-0.3040563827,0.6845945327,1.3300437812,0.2858986636,0.1729206955,0.0563043114
-0.0155981603,-0.0444769620,0.8139198816,-0.0557509697,0.0025721485,-0.7333531076,0.6775532695,0.1450479467,0.0999536131,0.0048579637,0.1223904027,0.0077089460,-0.0186730667,0.1570018464,-0.0229824974,-0.1049429323,0.1316048582,0.0089077470,0.0455556210,0.0154769062,0.0851899126,-0.0734015085,0.1235158629,0.1855340084,-0.5626845887,1.2806580398,-0.3528601553,0.1611695468,0.0080189208,0.0097680574,-0.3055225669,0.6889844044,1.3278515459,0.2808377914,0.1733205880,0.0564234453
-0.0157471344,-0.0443901264,0.8139024613,-0.0555210483,0.0027076820,-0.7330348708,0.6779158944,0.1441562492,0.0998406868,0.0045243536,0.1223463653,0.0077039575,-0.0190875999,0.1564878078,-0.0229298371,-0.1056418868,0.1315518860,0.0087607942,0.0451826758,0.0161173960,0.0849696488,-0.0727687438,0.1240945675,0.1870624760,-0.5623413878,1.2811641826,-0.3519810572,0.1603685056,0.0098309022,0.0125133017,-0.3069744451,0.6934020108,1.3256858699,0.2758274508,0.1737201390,0.0565129364
-0.0159717357,-0.0442263383,0.8140397152,-0.0552910533,0.0027756193,-0.7329358163,0.6780415065,0.1431199185,0.1007598443,0.0056657116,0.1223244940,0.0090230874,-0.0192415656,0.1557624228,-0.0227347976,-0.1060672912,0.1313789568,0.0096393685,0.0448449804,0.0159783550,0.0846122389,-0.0725010026,0.1258992702,0.1888529290,-0.5612250112,1.2823265748,-0.3509876062,0.1597402309,0.0111892223,0.0144823792,-0.3100652197,0.6924351871,1.3247651540,0.2746697280,0.1734227348,0.0550497504
-0.0162095091,-0.0440360261,0.8141695112,-0.0550983243,0.0029158847,-0.7328718512,0.6781257420,0.1422917684,0.1011765195,0.0061499251,0.1222717086,0.0100834009,-0.0196436583,0.1549552538,-0.0223297919,-0.1063625218,0.1311642837,0.0106033577,0.0444374636,0.0161269101,0.0844057234,-0.0723281388,0.1275338708,0.1906674902,-0.5603599964,1.2835431810,-0.3499137623,0.1591158055,0.0124008887,0.0163617990,-0.3131362389,0.6912800639,1.3241193839,0.2737747643,0.1728914905,0.0534491471
-0.0164477503,-0.0437562444,0.8142993417,-0.0549093916,0.0030573861,-0.7328093504,0.6782079821,0.1414643826,0.1016008532,0.0066379137,0.1222249894,0.0111443342,-0.0200481239,0.1541523192,-0.0219170472,-0.1066563943,0.1309362417,0.0115765414,0.0440252215,0.0163338781,0.0842080093,-0.0721534034,0.1291269611,0.1924788016,-0.5595535593,1.2848014431,-0.3488394420,0.1584823018,0.0135823715,0.0182452316,-0.3161867680,0.6900700339,1.3235485763,0.2729026609,0.1722914998,0.0518445723
-0.0166717717,-0.0433911820,0.8143856128,-0.0546308147,0.0032101428,-0.7325437163,0.6785166709,0.1398576420,0.1016848166,0.0057667856,0.1221439281,0.0119415961,-0.0202046994,0.1534976004,-0.0220662856,-0.1076210336,0.1308652717,0.0116191310,0.0439941375,0.0170153887,0.0840835385,-0.0719798726,0.1287770603,0.1933007455,-0.5593535474,1.2853532183,-0.3481492421,0.1575781929,0.0149333393,0.0184427275,-0.3183406251,0.6880365683,1.3223939492,0.2740268450,0.1715204026,0.0496661607
-0.0168005037,-0.0429966951,0.8144480364,-0.0543626145,0.0033727214,-0.7322197225,0.6788870369,0.1383573224,0.1018349916,0.0054995370,0.1221011768,0.0126277932,-0.0203655776,0.1525436481,-0.0220893595,-0.1089533607,0.1307965887,0.0120600336,0.0438075466,0.0174841801,0.0840666483,-0.0716251208,0.1281108119,0.1940463770,-0.5592878007,1.2860149742,-0.3475616282,0.1567349368,0.0163008163,0.0185138411,-0.3205338760,0.6858088936,1.3212944849,0.2753723600,0.1707642824,0.0473424048
-0.0169283668,-0.0426842944,0.8144234068,-0.0540998547,0.0035363379,-0.7318967911,0.6792553182,0.1368519637,0.1019963659,0.0052353250,0.1220705426,0.0133136665,-0.0205290904,0.1515946087,-0.0221039005,-0.1102832083,0.1307149858,0.0125175690,0.0436165880,0.0179694101,0.0840685773,-0.0712393651,0.1273802243,0.1947679549,-0.5592287686,1.2867264342,-0.3469912641,0.1558911964,0.0176605951,0.0185582200,-0.3227256950,0.6835690905,1.3202016778,0.2767423137,0.1700140066,0.0450022650
-0.0172649506,-0.0422342895,0.8145072569,-0.0539519270,0.0036220056,-0.7318415663,0.6793261312,0.1358217151,0.1023783755,0.0051212101,0.1220687490,0.0135790426,-0.0209205497,0.1506931127,-0.0217430469,-0.1111636423,0.1305583382,0.0120860162,0.0430756171,0.0183963381,0.0840505159,-0.0711303386,0.1283383212,0.1950205881,-0.5593185491,1.2880308204,-0.3463804208,0.1554495173,0.0187294749,0.0191712088,-0.3240220647,0.6819580009,1.3208003852,0.2774798738,0.1696226266,0.0430562420
-0.0176099222,-0.0418867395,0.8144930244,-0.0537447249,0.0037435456,-0.7317990488,0.6793876968,0.1347839377,0.1028925174,0.0051857904,0.1220543901,0.0139565008,-0.0212723054,0.1497746010,-0.0215223290,-0.1124727135,0.1304502738,0.0121409260,0.0424086833,0.0188033460,0.0838525002,-0.0710468388,0.1295443246,0.1952827615,-0.5593419554,1.2891765461,-0.3457856775,0.1550297863,0.0197839957,0.0196660301,-0.3252597442,0.6804928480,1.3216465707,0.2781374905,0.1691403793,0.0412425740
-0.0179558234,-0.0415406994,0.8144792096,-0.0535314553,0.0038705800,-0.7317556493,0.6794505660,0.1337280789,0.1034059041,0.0052467336,0.1220322949,0.0143415696,-0.0216224093,0.1488457756,-0.0213023125,-0.1137876131,0.1303251315,0.0122061797,0.0417395739,0.0191732259,0.0836443067,-0.0709894342,0.1308149181,0.1955671395,-0.5593385988,1.2902472963,-0.3451918001,0.1546366500,0.0208613775,0.0201220948,-0.3264718201,0.6790634307,1.3225712334,0.2787859957,0.1686131456,0.0394676327
-0.0179550708,-0.0412894615,0.8146189847,-0.0534461272,0.0039782317,-0.7314601514,0.6797747657,0.1325348829,0.1033556990,0.0054869980,0.1220210006,0.0147974931,-0.0216846126,0.1480632175,-0.0209408352,-0.1130403720,0.1303612329,0.0132816043,0.0428491245,0.0198583686,0.0834596152,-0.0706660215,0.1306372079,0.1956065250,-0.5602944845,1.2901658550,-0.3448967743,0.1540837297,0.0219639601,0.0200394894,-0.3260313645,0.6805134697,1.3205518881,0.2774037182,0.1681158524,0.0383643266
-0.0178879198,-0.0409698791,0.8146706487,-0.0532763183,0.0041375023,-0.7311840086,0.6800841569,0.1313134599,0.1034272286,0.0057600502,0.1219961232,0.0153425326,-0.0218460657,0.1472616746,-0.0210210277,-0.1140821533,0.1302411072,0.0144655470,0.0425657444,0.0203867318,0.0831314625,-0.0701292482,0.1304226089,0.1957001836,-0.5612409923,1.2900365153,-0.3446784073,0.1535967970,0.0231287521,0.0200211853,-0.3256430741,0.6820070087,1.3181439767,0.2758997375,0.1679303025,0.0372970485
-0.0179107695,-0.0406502124,0.8147225671,-0.0531038333,0.0042972778,-0.7308941198,0.6804081877,0.1300807847,0.1034904721,0.0059886583,0.1219667728,0.0158993604,-0.0220098935,0.1464682715,-0.0211050762,-0.1151664112,0.1301142368,0.0156478085,0.0422790794,0.0208607758,0.0827910492,-0.0695858446,0.1302203994,0.1958117943,-0.5621704012,1.2898697892,-0.3444717431,0.1531344131,0.0243076139,0.0200202090,-0.3252671868,0.6835054880,1.3156272596,0.2743817574,0.1678404307,0.0362092115
-0.0180950188,-0.0403091618,0.8147899981,-0.0529550232,0.0044808796,-0.7306647475,0.6806649058,0.1290167290,0.1037697055,0.0054584376,0.1219005123,0.0168393481,-0.0223026550,0.1459279438,-0.0205102695,-0.1148949181,0.1299897580,0.0146164612,0.0424442419,0.0212876789,0.0829465541,-0.0689707568,0.1307072660,0.1968085154,-0.5628843833,1.2910159152,-0.3441095661,0.1531046797,0.0250732190,0.0206225801,-0.3261398132,0.6840330572,1.3145639771,0.2738304975,0.1677663595,0.0351818889
-0.0183842058,-0.0400595582,0.8148347256,-0.0527711322,0.0045918267,-0.7304313147,0.6809289370,0.1279521604,0.1038958030,0.0051052652,0.1218454125,0.0177200338,-0.0226078174,0.1451889828,-0.0202937341,-0.1156951030,0.1299544733,0.0153263522,0.0421883599,0.0217945017,0.0831140932,-0.0684357488,0.1312053303,0.1979174793,-0.5636888917,1.2923475958,-0.3437402556,0.1529892536,0.0256548578,0.0211262574,-0.3269596453,0.6845530525,1.3136395664,0.2733279351,0.1675768544,0.0343219310
-0.0185855405,-0.0397208530,0.8149684346,-0.0525767143,0.0047128197,-0.7301943442,0.6811972535,0.1268496480,0.1040188185,0.0047390799,0.1217877242,0.0186149722,-0.0229168062,0.1444460756,-0.0200720495,-0.1165073016,0.1298511041,0.0160782191,0.0419318372,0.0223028582,0.0832776710,-0.0679374939,0.1316717198,0.1990261123,-0.5645015909,1.2937486373,-0.3433695428,0.1528311742,0.0261929424,0.0216144124,-0.3277655107,0.6850658869,1.3127668981,0.2728258292,0.1673536975,0.0334931599
-0.0187458499,-0.0392924121,0.8149572567,-0.0524937387,0.0047691492,-0.7300622902,0.6813447843,0.1258400707,0.1046852228,0.0053568639,0.1217688352,0.0188760323,-0.0226854032,0.1437032722,-0.0200112381,-0.1176349794,0.1297140664,0.0162086224,0.0418778492,0.0222406215,0.0831946707,-0.0674234018,0.1318030990,0.1984061863,-0.5661430159,1.2946475712,-0.3430113027,0.1524616265,0.0264222097,0.0220838246,-0.3277880756,0.6858716812,1.3113794874,0.2721184138,0.1672008083,0.0326346721
-0.0189216954,-0.0389598371,0.8150155648,-0.0523702976,0.0048691286,-0.7299413770,0.6814831104,0.1248682101,0.1049533335,0.0053538053,0.1217556057,0.0192671411,-0.0227483330,0.1429137730,-0.0199136745,-0.1188868641,0.1296542713,0.0168672245,0.0416215846,0.0221626716,0.0832087764,-0.0668498758,0.1320066899,0.1979846151,-0.5679169588,1.2954195401,-0.3426985145,0.1521378950,0.0267271078,0.0224793231,-0.3279694297,0.6865725877,1.3099016836,0.2713837099,0.1671228120,0.0317733580
-0.0190971506,-0.0386277370,0.8150741517,-0.0522426015,0.0049730243,-0.7298161226,0.6816262956,0.1238854642,0.1052218880,0.0053366753,0.1217297140,0.0196658652,-0.0228114647,0.1421261850,-0.0198149847,-0.1201521175,0.1295743585,0.0175354485,0.0413646361,0.0220834260,0.0832230875,-0.0662853411,0.1322220640,0.1975690179,-0.5697101271,1.2961549120,-0.3424020152,0.1518338788,0.0270483629,0.0228841597,-0.3281619745,0.6872576270,1.3083961053,0.2706408732,0.1670665816,0.0309162090
-0.0190718976,-0.0381284817,0.8150567270,-0.0521974537,0.0051260569,-0.7296533089,0.6818029028,0.1226544631,0.1054849154,0.0053771138,0.1216564071,0.0198910766,-0.0229909325,0.1412678073,-0.0194037391,-0.1195622812,0.1293391730,0.0171468630,0.0414468437,0.0224755626,0.0831195960,-0.0660417976,0.1319636534,0.1971606700,-0.5704835058,1.2967738887,-0.3419277973,0.1519625994,0.0272322113,0.0230362463,-0.3278468765,0.6884501858,1.3072516503,0.2700231897,0.1669493198,0.0301285927
-0.0190733900,-0.0375399722,0.8150256373,-0.0520895600,0.0052656438,-0.7295876298,0.6818803717,0.1214575142,0.1056480650,0.0055022979,0.1216445295,0.0202215588,-0.0232070433,0.1401941568,-0.0193641277,-0.1204293872,0.1291423597,0.0180615874,0.0410341486,0.0228717477,0.0829224061,-0.0658451137,0.1316308684,0.1967573994,-0.5712159444,1.2973905961,-0.3415681077,0.1518169888,0.0277118071,0.0230089022,-0.3271846239,0.6897981486,1.3062550012,0.2694228043,0.1667887096,0.0294434072
-0.0191639114,-0.0370366626,0.8149957315,-0.0519679742,0.0054167134,-0.7295159960,0.6819651020,0.1202166392,0.1058057013,0.0056030982,0.1216242971,0.0205675553,-0.0234279825,0.1391010231,-0.0193231720,-0.1213187613,0.1289014998,0.0190017197,0.0406204979,0.0232237455,0.0827070020,-0.0656775357,0.1313003811,0.1963587307,-0.5719287993,1.2980261168,-0.3412312047,0.1516343349,0.0282229624,0.0229326149,-0.3264843027,0.6911741217,1.3053190404,0.2688257232,0.1666133289,0.0287685468
-0.0189026280,-0.0365956390,0.8150845051,-0.0520367698,0.0055518019,-0.7293127856,0.6821760864,0.1191133238,0.1059449744,0.0064413658,0.1215529026,0.0203183430,-0.0233584396,0.1384672420,-0.0191404967,-0.1203116440,0.1289311269,0.0176613802,0.0414195223,0.0234456166,0.0828987528,-0.0656213900,0.1305798997,0.1965345804,-0.5723422510,1.2987324107,-0.3412501344,0.1516000002,0.0286714878,0.0220682246,-0.3254592686,0.6934982946,1.3035465298,0.2674736995,0.1663946583,0.0285880174
-0.0186651174,-0.0360705675,0.8150525646,-0.0520371679,0.0056864332,-0.7292088965,0.6822859978,0.1181508370,0.1059116830,0.0070508656,0.1215479978,0.0204690634,-0.0234783454,0.1376017082,-0.0192850474,-0.1205660753,0.1289295241,0.0181258150,0.0413761728,0.0236854752,0.0828913899,-0.0653012641,0.1299087738,0.1968042323,-0.5727266743,1.2995464994,-0.3413017703,0.1514712288,0.0291717390,0.0214171347,-0.3246850092,0.6958568277,1.3018230142,0.2661335472,0.1661886885,0.0283972063
-0.0184272915,-0.0356329868,0.8150221132,-0.0520305567,0.0058294902,-0.7290988341,0.6824029076,0.1171742564,0.1058790931,0.0076412411,0.1215109844,0.0206398596,-0.0235976818,0.1367564737,-0.0194219566,-0.1208432182,0.1288389583,0.0186386886,0.0413316163,0.0239084870,0.0828870457,-0.0649992060,0.1292403362,0.1970710765,-0.5731160197,1.3003667253,-0.3413570635,0.1513322408,0.0296758248,0.0207719999,-0.3239198072,0.6982203214,1.3000760988,0.2647940851,0.1659867548,0.0282092610
-0.0183786870,-0.0351746167,0.8150307887,-0.0520142987,0.0057617685,-0.7289991302,0.6825112328,0.1162975304,0.1057508350,0.0076744838,0.1214601915,0.0198653659,-0.0231380078,0.1362280954,-0.0194705179,-0.1208447017,0.1288577129,0.0183414111,0.0414832945,0.0238308883,0.0830566446,-0.0645382232,0.1292348088,0.1967637984,-0.5736635060,1.3007625729,-0.3414803871,0.1510982830,0.0301027601,0.0206714107,-0.3237364364,0.6993553870,1.2993059931,0.2644037700,0.1660686698,0.0275674955
-0.0182244640,-0.0348154382,0.8150148324,-0.0519919502,0.0058153425,-0.7289142220,0.6826031613,0.1154577379,0.1057224608,0.0080571026,0.1214669380,0.0198807459,-0.0229583402,0.1356393812,-0.0195603335,-0.1212794593,0.1288468814,0.0184803217,0.0416527941,0.0236005266,0.0832970031,-0.0641358435,0.1292734860,0.1964985322,-0.5740965101,1.3011204761,-0.3416587347,0.1508513866,0.0307485033,0.0206397462,-0.3236850249,0.7003802829,1.2985416619,0.2641080979,0.1659227846,0.0266597545
-0.0181575580,-0.0343703966,0.8149997603,-0.0519599242,0.0058787284,-0.7288295785,0.6826954316,0.1146050872,0.1056968509,0.0084411248,0.1214391068,0.0199179435,-0.0227786410,0.1350352463,-0.0196472356,-0.1217194784,0.1288075886,0.0186326499,0.0418211280,0.0233578684,0.0835445599,-0.0637661922,0.1293342644,0.1962239887,-0.5745257398,1.3014526605,-0.3418434848,0.1506153605,0.0314231674,0.0206170984,-0.3236362098,0.7014262815,1.2977825464,0.2638255701,0.1657445498,0.0257255322
-0.0181708991,-0.0340964014,0.8149768257,-0.0518727120,0.0060014826,-0.7288206668,0.6827105094,0.1139253622,0.1058454653,0.0086104056,0.1213969175,0.0197737259,-0.0226780882,0.1343963454,-0.0196184247,-0.1219485400,0.1287267855,0.0186696991,0.0418257998,0.0233464603,0.0836527114,-0.0634143040,0.1287793858,0.1961507648,-0.5753622806,1.3015424067,-0.3416254231,0.1506128701,0.0320619967,0.0206197980,-0.3237130406,0.7026590212,1.2968381555,0.2632274532,0.1657214962,0.0249970361
-0.0181834769,-0.0337976924,0.8149567268,-0.0518119376,0.0060849507,-0.7288471462,0.6826861167,0.1133103016,0.1059701718,0.0090594705,0.1213979546,0.0197401550,-0.0226347382,0.1340891316,-0.0195706544,-0.1222208364,0.1286661834,0.0187004145,0.0418293175,0.0234526953,0.0837172467,-0.0631387170,0.1280858755,0.1962503346,-0.5760948904,1.3016921698,-0.3414258168,0.1506447243,0.0328127033,0.0205394036,-0.3237985128,0.7039220903,1.2958752719,0.2625922193,0.1657619344,0.0243527231
