-0.0338983088,-0.0307270836,0.8132932389,-0.0614900847,-0.0012526971,-0.6877606438,0.7233275172,0.0914086468,0.1449309724,0.0487504881,0.1243831347,0.0421968413,-0.0295044734,0.1313431925,0.0055968710,-0.2125888739,0.1373602524,0.0426604252,0.0171605673,0.0360725420,0.1057830150,-0.0082088241,0.0517693111,0.1880774223,-0.6710441142,1.2410779448,-0.2748472386,0.1704650775,0.0753330606,-0.0658718192,-0.3259869277,0.8052634617,1.2230204462,0.1539791761,0.1994972409,0.0114713040
-0.0337126116,-0.0305091646,0.8134009336,-0.0606802410,-0.0001147410,-0.6878803328,0.7232831692,0.0893757341,0.1449342825,0.0499270598,0.1215182604,0.0439108893,-0.0288598295,0.1297440021,0.0060231171,-0.2120494478,0.1333936366,0.0462718596,0.0177998708,0.0346158941,0.1070492449,-0.0109549724,0.0508313180,0.1862746770,-0.6693958770,1.2445602030,-0.2748076812,0.1680921462,0.0753176304,-0.0680795620,-0.3250237737,0.8080489486,1.2262926118,0.1547809395,0.1971676901,0.0110333941
-0.0336729449,-0.0307159348,0.8134158462,-0.0606670312,0.0001020632,-0.6880106079,0.7231603587,0.0892886955,0.1451727872,0.0475209492,0.1214367108,0.0446119574,-0.0300316260,0.1297133632,0.0068931510,-0.2126441653,0.1323714679,0.0446230836,0.0155621105,0.0342602155,0.1069643074,-0.0117445453,0.0516696470,0.1852018658,-0.6691303644,1.2454596216,-0.2744262184,0.1677258918,0.0747091906,-0.0681085067,-0.3249788328,0.8084741944,1.2267828394,0.1547437019,0.1969093773,0.0114353396
-0.0335915722,-0.0308580083,0.8134248979,-0.0606432551,0.0001741741,-0.6881228552,0.7230555313,0.0895955586,0.1450022301,0.0477576759,0.1214478700,0.0439330904,-0.0297846674,0.1299451982,0.0071475596,-0.2118132431,0.1321410330,0.0444520752,0.0152897098,0.0340549727,0.1068638155,-0.0119630097,0.0523185787,0.1846455621,-0.6693992257,1.2456461042,-0.2741816688,0.1677632597,0.0745039744,-0.0678888848,-0.3250450424,0.8084137984,1.2268605540,0.1546698691,0.1970882188,0.0116620297
-0.0335927790,-0.0310878224,0.8134331768,-0.0606405155,0.0002135254,-0.6882498162,0.7229349022,0.0900086066,0.1448130005,0.0480537821,0.1214527410,0.0432334842,-0.0295293510,0.1302523887,0.0073804412,-0.2109319991,0.1319160175,0.0442788483,0.0150312260,0.0339733743,0.1067331084,-0.0120903623,0.0529531318,0.1841155526,-0.6697650876,1.2457288153,-0.2739772285,0.1678957323,0.0743601318,-0.0676090827,-0.3251482731,0.8082460764,1.2268104491,0.1545818965,0.1973499856,0.0118691326
-0.0336636189,-0.0312520913,0.8134027241,-0.0605242731,0.0002273621,-0.6879360231,0.7232432432,0.0899739147,0.1453755750,0.0474353860,0.1215344955,0.0437997222,-0.0305507405,0.1303810114,0.0068353497,-0.2128074527,0.1323096451,0.0441611976,0.0158677163,0.0341359825,0.1066112202,-0.0119164122,0.0531056778,0.1840686363,-0.6699986040,1.2454624620,-0.2739501201,0.1681021892,0.0745250662,-0.0679175253,-0.3251980074,0.8083122417,1.2267359778,0.1547593504,0.1970924048,0.0115041763
-0.0336640010,-0.0313983037,0.8133994374,-0.0604123201,0.0002823959,-0.6879017994,0.7232851348,0.0903042687,0.1452968888,0.0474255207,0.1215525910,0.0429227374,-0.0310996485,0.1305733476,0.0068273248,-0.2127760441,0.1323243017,0.0436152991,0.0161246680,0.0341247234,0.1064108397,-0.0119074518,0.0532696459,0.1839805619,-0.6702208206,1.2452158273,-0.2739620235,0.1683132506,0.0747219840,-0.0683484219,-0.3251552901,0.8084402726,1.2267533272,0.1549210785,0.1972456900,0.0113432543
-0.0337522850,-0.0316327249,0.8133960146,-0.0603103377,0.0003342117,-0.6878803686,0.7233140051,0.0906564625,0.1452362701,0.0474492877,0.1215964163,0.0420230384,-0.0316546178,0.1307976484,0.0068396631,-0.2127094312,0.1323023856,0.0430915524,0.0163779172,0.0341430794,0.1062221500,-0.0118792952,0.0534468412,0.1838952591,-0.6704356630,1.2449553463,-0.2739752146,0.1685268382,0.0749253006,-0.0687926189,-0.3251003758,0.8085782912,1.2267734105,0.1550806250,0.1974316578,0.0111977776
-0.0335670877,-0.0315707228,0.8133873531,-0.0605396131,0.0002316860,-0.6880339158,0.7231488313,0.0903325559,0.1452951264,0.0482797038,0.1215799285,0.0431582235,-0.0297693278,0.1306669365,0.0066724285,-0.2125352715,0.1324855916,0.0448808245,0.0162198116,0.0342901345,0.1063577602,-0.0115933244,0.0535363797,0.1841042131,-0.6700945618,1.2449088737,-0.2739203522,0.1681905965,0.0750520893,-0.0684018702,-0.3250695719,0.8085354067,1.2269423715,0.1548918003,0.1970489708,0.0111352495
-0.0334064037,-0.0315623524,0.8133794403,-0.0605310580,0.0002453787,-0.6880708515,0.7231143990,0.0904714515,0.1449311376,0.0490681853,0.1215297514,0.0420761288,-0.0293305280,0.1306788949,0.0063646831,-0.2121335843,0.1324647748,0.0456533691,0.0165719354,0.0344682901,0.1061249363,-0.0114264887,0.0534899566,0.1843554125,-0.6696937366,1.2450907854,-0.2739248252,0.1679064422,0.0753059513,-0.0682188010,-0.3249281375,0.8084968343,1.2271769767,0.1548701632,0.1969930392,0.0109237513
-0.0332485212,-0.0315534972,0.8133700707,-0.0605332188,0.0002465531,-0.6881067208,0.7230800851,0.0906228260,0.1445739828,0.0498477743,0.1215324934,0.0409630834,-0.0288966813,0.1307182021,0.0060611093,-0.2117344008,0.1324741582,0.0464056311,0.0169228501,0.0346391282,0.1058781077,-0.0112162834,0.0534319156,0.1846225956,-0.6692934247,1.2452801037,-0.2739347737,0.1676204510,0.0755561038,-0.0680466864,-0.3247577921,0.8084612264,1.2274085362,0.1548629936,0.1969691949,0.0106987776
-0.0331062432,-0.0314197353,0.8133845791,-0.0607396775,0.0003247930,-0.6880417458,0.7231245689,0.0901801351,0.1452150601,0.0481191648,0.1215493309,0.0438637649,-0.0298283255,0.1302934027,0.0065951470,-0.2114541582,0.1324260476,0.0454826069,0.0157779650,0.0340699829,0.1065662073,-0.0113648277,0.0534587224,0.1848872332,-0.6694048038,1.2451782247,-0.2740513682,0.1679309855,0.0756469449,-0.0682947917,-0.3242741592,0.8085486761,1.2273327651,0.1548738271,0.1969029011,0.0104973206
-0.0329272269,-0.0312790269,0.8133823214,-0.0607430128,0.0003535343,-0.6880222244,0.7231428490,0.0899250389,0.1450767786,0.0483687371,0.1214908981,0.0440621037,-0.0296808059,0.1297885186,0.0065062140,-0.2104075972,0.1324443403,0.0463104407,0.0154500684,0.0335895493,0.1065712522,-0.0113546434,0.0534382136,0.1852715063,-0.6695308899,1.2450850485,-0.2741455765,0.1680012566,0.0759272905,-0.0686178688,-0.3236671578,0.8087019584,1.2271940231,0.1549111380,0.1968614180,0.0102952724
-0.0328338451,-0.0311392771,0.8133801667,-0.0607483780,0.0003751394,-0.6880144962,0.7231497403,0.0896787978,0.1449367663,0.0486530925,0.1214727207,0.0442296485,-0.0295312148,0.1293083208,0.0064132083,-0.2093270779,0.1324304516,0.0471597731,0.0151241764,0.0331520210,0.1065496289,-0.0113273622,0.0534195957,0.1856784130,-0.6696688379,1.2449824822,-0.2742411263,0.1680590919,0.0762281174,-0.0689402691,-0.3230466013,0.8088438981,1.2270466715,0.1549520116,0.1968237150,0.0100933554
-0.0328717557,-0.0311906724,0.8133878942,-0.0607244324,0.0004250692,-0.6880969586,0.7230732592,0.0897141409,0.1451527910,0.0489154876,0.1214869407,0.0438051322,-0.0298204741,0.1299580662,0.0064913284,-0.2114806423,0.1323359200,0.0450966385,0.0159493195,0.0338022703,0.1065442429,-0.0115928005,0.0535741897,0.1854104804,-0.6692060998,1.2452122041,-0.2740025074,0.1679734745,0.0758307678,-0.0689849262,-0.3234628203,0.8083573546,1.2272409824,0.1551126871,0.1969249050,0.0099121870
-0.0329491041,-0.0312673351,0.8133867575,-0.0607310306,0.0004279116,-0.6881288002,0.7230424007,0.0898752326,0.1452542719,0.0491146849,0.1215088091,0.0437104057,-0.0297982042,0.1299991180,0.0065644477,-0.2112224261,0.1323886712,0.0450140858,0.0159279190,0.0337192088,0.1063995152,-0.0116787658,0.0535812880,0.1856823402,-0.6689842234,1.2455433060,-0.2739289947,0.1679768391,0.0759985788,-0.0689980539,-0.3239608369,0.8078273557,1.2273766986,0.1552435874,0.1969861376,0.0096809866
-0.0329388172,-0.0313431812,0.8133865028,-0.0607347663,0.0004367621,-0.6881675936,0.7230051594,0.0900301739,0.1453659227,0.0493306651,0.1215086637,0.0436262730,-0.0297789558,0.1300494015,0.0066553893,-0.2109492183,0.1323701847,0.0449756568,0.0159045933,0.0336494273,0.1062516662,-0.0117757981,0.0535876462,0.1859568049,-0.6687600084,1.2458745470,-0.2738853523,0.1679834722,0.0761979131,-0.0690200998,-0.3244491786,0.8073067427,1.2275151001,0.1553761680,0.1970479126,0.0094502333
-0.0328471975,-0.0313196814,0.8133854181,-0.0607627762,0.0004420477,-0.6882327196,0.7229408090,0.0902211125,0.1453278021,0.0492604412,0.1215435941,0.0435546444,-0.0297073938,0.1301243183,0.0066045233,-0.2113473599,0.1324602792,0.0449839049,0.0159842072,0.0334155040,0.1065774361,-0.0114040778,0.0538887838,0.1858006821,-0.6690754274,1.2454964372,-0.2738442293,0.1679260291,0.0758424799,-0.0689210902,-0.3244158892,0.8069838711,1.2274836962,0.1554185503,0.1969964627,0.0093016956
-0.0328400235,-0.0313820388,0.8133841565,-0.0607947449,0.0004401999,-0.6882847345,0.7228886010,0.0905341838,0.1453384401,0.0492147957,0.1215705568,0.0434778628,-0.0296401777,0.1301850903,0.0065643140,-0.2114220272,0.1325174557,0.0449909343,0.0160577977,0.0332438421,0.1066080659,-0.0112479449,0.0541328941,0.1855791219,-0.6693784676,1.2451257848,-0.2737588552,0.1679415328,0.0758408140,-0.0688942755,-0.3245702751,0.8065921490,1.2274256421,0.1555250902,0.1970444863,0.0089231914
-0.0327452244,-0.0314449950,0.8133829384,-0.0608263428,0.0004401263,-0.6883386854,0.7228345706,0.0908482740,0.1453474089,0.0491731509,0.1215920191,0.0434028509,-0.0295764351,0.1302451184,0.0065225511,-0.2114907813,0.1325708634,0.0450011353,0.0161308086,0.0330858990,0.1066381434,-0.0110971306,0.0543833374,0.1853506969,-0.6696982056,1.2447433309,-0.2736788924,0.1679708109,0.0758651679,-0.0688577928,-0.3247231455,0.8061972376,1.2273623754,0.1556374718,0.1971001085,0.0085301247
-0.0326678416,-0.0314700624,0.8133882438,-0.0608236067,0.0004767813,-0.6883717270,0.7228033115,0.0904797375,0.1451619269,0.0491840032,0.1215677051,0.0433718555,-0.0294527414,0.1302448328,0.0064158395,-0.2106989710,0.1325444743,0.0451792615,0.0163643504,0.0330905039,0.1065315659,-0.0111471053,0.0546506941,0.1854230822,-0.6692523679,1.2449814983,-0.2736984148,0.1680121943,0.0759427271,-0.0682280744,-0.3245654860,0.8063121732,1.2277077378,0.1555261296,0.1972842338,0.0089144619
-0.0325859690,-0.0314754272,0.8133935150,-0.0607819728,0.0005608107,-0.6883728595,0.7228056748,0.0904168890,0.1450858154,0.0493016899,0.1215726427,0.0433303672,-0.0293412390,0.1300950418,0.0062958824,-0.2100069348,0.1325181703,0.0453895902,0.0166041130,0.0329013598,0.1064047595,-0.0112657215,0.0548906973,0.1853221042,-0.6690684213,1.2452870350,-0.2736735458,0.1679994577,0.0759706186,-0.0677053534,-0.3246483549,0.8061018183,1.2280288217,0.1555655396,0.1975365918,0.0087649983
-0.0325035650,-0.0315681545,0.8133988860,-0.0607413585,0.0006431115,-0.6883742898,0.7228076583,0.0903557294,0.1450131064,0.0494235158,0.1215759832,0.0432948629,-0.0292274068,0.1299449084,0.0061762175,-0.2093137464,0.1324951482,0.0455992806,0.0168415395,0.0327340903,0.1062889097,-0.0113813043,0.0551180720,0.1852076929,-0.6689090274,1.2455998149,-0.2736540455,0.1679847790,0.0759966357,-0.0671649497,-0.3247416359,0.8058732275,1.2283319064,0.1556175509,0.1978006627,0.0085827734
-0.0324115182,-0.0314425771,0.8133829637,-0.0608151307,0.0006617280,-0.6885083875,0.7226737039,0.0900468332,0.1448920523,0.0498831029,0.1215641652,0.0429128984,-0.0293980018,0.1297919631,0.0062405394,-0.2101800895,0.1324964874,0.0458349529,0.0165354004,0.0332516996,0.1064968570,-0.0110383794,0.0549546801,0.1854092301,-0.6688993568,1.2453992257,-0.2738101915,0.1679221682,0.0762160316,-0.0675803373,-0.3242526120,0.8064339902,1.2283168784,0.1552922805,0.1973392466,0.0088396895
-0.0323142847,-0.0313858657,0.8133779619,-0.0608766490,0.0007664404,-0.6886214999,0.7225606383,0.0898155267,0.1448615713,0.0502075973,0.1215630715,0.0425662675,-0.0295736379,0.1294412927,0.0061966790,-0.2098313596,0.1325366872,0.0464733545,0.0166811027,0.0334641642,0.1066274963,-0.0109181912,0.0547997318,0.1854718449,-0.6687101253,1.2451904051,-0.2739943019,0.1678709499,0.0764648089,-0.0677947886,-0.3237567272,0.8068765440,1.2283378800,0.1550454819,0.1973318619,0.0088596119
-0.0322161206,-0.0313307240,0.8133734235,-0.0609307957,0.0008793838,-0.6887380968,0.7224448067,0.0895617453,0.1448331429,0.0505366640,0.1215653245,0.0422193970,-0.0297475552,0.1290737637,0.0061547257,-0.2094723215,0.1325593652,0.0471254825,0.0168250649,0.0336773142,0.1067630228,-0.0108331711,0.0546606278,0.1855284945,-0.6685092537,1.2449749160,-0.2741758368,0.1678281939,0.0767212440,-0.0679923407,-0.3232669559,0.8073353571,1.2283204337,0.1548063161,0.1973766065,0.0088562476
-0.0322621510,-0.0313384632,0.8133843608,-0.0607978370,0.0007829247,-0.6886087256,0.7225794303,0.0894612908,0.1446394381,0.0486888438,0.1215632384,0.0432627265,-0.0287604207,0.1292242010,0.0061244267,-0.2097791071,0.1325229338,0.0449698432,0.0172598664,0.0332324773,0.1070413718,-0.0109285200,0.0546314757,0.1854557457,-0.6686542647,1.2451579422,-0.2740172357,0.1678615874,0.0767426379,-0.0676953046,-0.3235021714,0.8073639108,1.2285438996,0.1548999384,0.1974513169,0.0086241572
-0.0321978511,-0.0313933705,0.8133863863,-0.0607597699,0.0008284252,-0.6886247696,0.7225672915,0.0890988817,0.1443017412,0.0474322648,0.1214967900,0.0435142056,-0.0282276004,0.1289763697,0.0059130973,-0.2096230315,0.1326434814,0.0441532958,0.0180499871,0.0328546482,0.1072280581,-0.0108636898,0.0546130428,0.1853970424,-0.6686901447,1.2452392081,-0.2739559925,0.1677823552,0.0767898078,-0.0673709102,-0.3235935279,0.8075027384,1.2287056032,0.1549587307,0.1975256929,0.0083844736
-0.0322203396,-0.0313618159,0.8133890643,-0.0607104102,0.0008919055,-0.6886500373,0.7225472834,0.0886881108,0.1439735815,0.0461923875,0.1214516765,0.0437566935,-0.0276950198,0.1286920301,0.0057140505,-0.2094471374,0.1327289052,0.0433651284,0.0188345696,0.0324921995,0.1074162554,-0.0108458795,0.0546189156,0.1853504207,-0.6687234968,1.2452837945,-0.2739003533,0.1677205250,0.0768546293,-0.0670481621,-0.3236804635,0.8076528281,1.2288644737,0.1550182161,0.1976034296,0.0081387394
-0.0321102075,-0.0313054212,0.8133743047,-0.0606284464,0.0008715644,-0.6883948075,0.7227973581,0.0891564937,0.1444431810,0.0488193148,0.1215126853,0.0434212960,-0.0294098119,0.1289430455,0.0059850741,-0.2102654223,0.1326222264,0.0452936145,0.0159913835,0.0328204110,0.1072891997,-0.0108650812,0.0545979745,0.1849130743,-0.6690083432,1.2449875138,-0.2738775932,0.1678332793,0.0770395632,-0.0670872079,-0.3232264011,0.8076021910,1.2283438194,0.1550845878,0.1977345774,0.0084148819
-0.0321419119,-0.0313426826,0.8133709559,-0.0606299816,0.0008935335,-0.6882622271,0.7229234494,0.0889942349,0.1442554761,0.0481740647,0.1215097852,0.0437958506,-0.0297511379,0.1290516218,0.0059308551,-0.2106140862,0.1324472177,0.0451374776,0.0154562878,0.0329374185,0.1074558324,-0.0106482239,0.0546125578,0.1846340961,-0.6694315975,1.2446251315,-0.2738705077,0.1679889344,0.0772224255,-0.0668626886,-0.3227350364,0.8076812460,1.2282364396,0.1551860866,0.1979005135,0.0084781725
-0.0320856246,-0.0312938812,0.8133677164,-0.0606086626,0.0009259878,-0.6881140907,0.7230662008,0.0887817820,0.1440335778,0.0474897913,0.1214813450,0.0441983309,-0.0300847906,0.1290858637,0.0058389003,-0.2110081428,0.1323488856,0.0449359617,0.0149267814,0.0329889637,0.1076002527,-0.0104837669,0.0546601300,0.1843578434,-0.6698390134,1.2442386849,-0.2738703802,0.1681549107,0.0774182044,-0.0666368230,-0.3222301691,0.8077918063,1.2281427635,0.1553004340,0.1980514923,0.0085194738
-0.0319896332,-0.0312801243,0.8133729385,-0.0605135616,0.0008531509,-0.6880728935,0.7231134588,0.0888290866,0.1440060043,0.0490577980,0.1214919624,0.0430941412,-0.0292604848,0.1291126613,0.0055485504,-0.2101008005,0.1324248503,0.0453259867,0.0165083098,0.0328117531,0.1071276661,-0.0104185627,0.0543905929,0.1843144723,-0.6700227721,1.2443085215,-0.2737801773,0.1679227345,0.0773358004,-0.0666173221,-0.3231656671,0.8074291191,1.2286267649,0.1552520670,0.1980375061,0.0082150989
-0.0318245050,-0.0312756207,0.8133653105,-0.0605105123,0.0008354246,-0.6880742905,0.7231124053,0.0888453458,0.1437743619,0.0492021409,0.1215354194,0.0429881931,-0.0292435282,0.1291568905,0.0053406538,-0.2098724655,0.1324107294,0.0452053946,0.0165074429,0.0328066303,0.1068915591,-0.0102749232,0.0540432580,0.1844593416,-0.6700648478,1.2443965218,-0.2737084442,0.1678455473,0.0776325295,-0.0664902586,-0.3236895444,0.8072496451,1.2290883385,0.1552697311,0.1979563283,0.0080906357
-0.0316628745,-0.0312708978,0.8133580775,-0.0605039317,0.0008231108,-0.6880667828,0.7231201139,0.0888533387,0.1435460251,0.0493214891,0.1215543431,0.0429020140,-0.0292316554,0.1291955626,0.0051349407,-0.2096743352,0.1323972588,0.0450843817,0.0165016315,0.0327644750,0.1066518119,-0.0101383333,0.0537041005,0.1846170412,-0.6700942587,1.2444721766,-0.2736450946,0.1677840613,0.0779457370,-0.0663769256,-0.3241881204,0.8070888372,1.2295655212,0.1552933846,0.1978781972,0.0079606335
-0.0317292605,-0.0310405364,0.8133670163,-0.0606407762,0.0008012742,-0.6880509836,0.7231237088,0.0886740269,0.1436792032,0.0492029392,0.1215163411,0.0430377365,-0.0292519126,0.1289130886,0.0052429879,-0.2098247609,0.1324536608,0.0455231640,0.0165184870,0.0326420263,0.1069678458,-0.0101366237,0.0535331090,0.1842370140,-0.6706214926,1.2443136391,-0.2734976319,0.1679706124,0.0773319488,-0.0667469325,-0.3229825622,0.8076348581,1.2289144120,0.1549719497,0.1979282903,0.0080295598
-0.0317296701,-0.0308876865,0.8133554543,-0.0606964228,0.0007399352,-0.6880441511,0.7231256066,0.0884025829,0.1436382925,0.0491120565,0.1215183960,0.0431778558,-0.0292690316,0.1286420761,0.0052281765,-0.2097264839,0.1324026294,0.0454433726,0.0165317156,0.0324770910,0.1070436789,-0.0101626433,0.0535454819,0.1838797537,-0.6711114490,1.2441446870,-0.2733761958,0.1680664808,0.0772074786,-0.0669808208,-0.3222271727,0.8080841967,1.2282939610,0.1546639227,0.1980697407,0.0080452863
-0.0317285699,-0.0306497600,0.8133438461,-0.0607472811,0.0006797569,-0.6880367982,0.7231283912,0.0881258761,0.1435901244,0.0490239794,0.1215214000,0.0433157639,-0.0292807358,0.1283529312,0.0052044861,-0.2096313613,0.1323749072,0.0453493977,0.0165468186,0.0323176760,0.1071177579,-0.0102029425,0.0535867619,0.1835168143,-0.6716182076,1.2439490145,-0.2732659934,0.1681632254,0.0771264718,-0.0671916933,-0.3214897027,0.8085327930,1.2276466796,0.1543530489,0.1982180298,0.0080641698
-0.0317140908,-0.0306079305,0.8133745907,-0.0606784245,0.0008724722,-0.6881785775,0.7229990409,0.0881243529,0.1438729812,0.0488837639,0.1214559313,0.0433155499,-0.0291973512,0.1282079837,0.0054158992,-0.2100959520,0.1324992051,0.0461640683,0.0164713091,0.0326174740,0.1072371185,-0.0101052096,0.0536448822,0.1830057008,-0.6716592802,1.2438467531,-0.2734354624,0.1680938478,0.0772759931,-0.0669443784,-0.3211869131,0.8086210394,1.2276086613,0.1544721360,0.1983417195,0.0079106734
-0.0317083319,-0.0306314022,0.8133815027,-0.0606984235,0.0009188130,-0.6881870555,0.7229892349,0.0880571344,0.1439562167,0.0488021876,0.1214413711,0.0432954844,-0.0290936685,0.1280992113,0.0054818041,-0.2102614287,0.1325163943,0.0464086493,0.0165509555,0.0328658985,0.1073626699,-0.0101854386,0.0536042480,0.1827221142,-0.6716203863,1.2437214279,-0.2736399177,0.1680509155,0.0774371511,-0.0666819941,-0.3209735868,0.8086198099,1.2276398615,0.1546620106,0.1985236795,0.0075713178
-0.0317034858,-0.0305666557,0.8133882319,-0.0607208167,0.0009595743,-0.6881941569,0.7229805420,0.0880022396,0.1440359026,0.0487183419,0.1214218049,0.0432773384,-0.0289945874,0.1279973799,0.0055400879,-0.2104305041,0.1325442119,0.0466490374,0.0166313001,0.0331084243,0.1074831118,-0.0102563170,0.0535455649,0.1824383178,-0.6715795467,1.2436309608,-0.2738466247,0.1679900436,0.0775841844,-0.0664184537,-0.3207475428,0.8086181224,1.2276781110,0.1548572828,0.1987032479,0.0072203957
-0.0317192592,-0.0305146670,0.8133487693,-0.0607084843,0.0008562467,-0.6882610829,0.7229179957,0.0881160980,0.1438188632,0.0487419258,0.1214614602,0.0431631828,-0.0295339574,0.1280622079,0.0054939624,-0.2099203747,0.1324674550,0.0459260376,0.0166209178,0.0327045080,0.1074688001,-0.0102349525,0.0537859600,0.1824339983,-0.6720603007,1.2436362333,-0.2732688157,0.1678975767,0.0775353746,-0.0667300875,-0.3210493919,0.8084019412,1.2275600788,0.1547264530,0.1986956629,0.0074017828
-0.0317305907,-0.0304884635,0.8133281378,-0.0607620320,0.0007939874,-0.6883158786,0.7228613949,0.0883224825,0.1437777248,0.0487262594,0.1214418497,0.0430458014,-0.0301051642,0.1281258993,0.0055623524,-0.2097776853,0.1324878656,0.0456609720,0.0165559486,0.0326537844,0.1077115646,-0.0103229957,0.0539292543,0.1823769676,-0.6722056501,1.2435084371,-0.2729076559,0.1677778154,0.0775446599,-0.0669117671,-0.3212113135,0.8082442580,1.2274979001,0.1546074404,0.1988219819,0.0073290736
-0.0318292015,-0.0304622503,0.8133077895,-0.0608165312,0.0007357299,-0.6883719084,0.7228035169,0.0885252111,0.1437424970,0.0487115141,0.1214248034,0.0429220194,-0.0306738294,0.1281914970,0.0056391630,-0.2096324578,0.1324881567,0.0454074053,0.0164895313,0.0326118837,0.1079659902,-0.0104209115,0.0540659427,0.1823093255,-0.6723522392,1.2433905895,-0.2725571173,0.1676563375,0.0775604635,-0.0670887637,-0.3213763328,0.8080917880,1.2274240108,0.1544957111,0.1989648943,0.0072287399
-0.0316268764,-0.0305112195,0.8133472059,-0.0608109034,0.0008642042,-0.6882972187,0.7228749726,0.0882503132,0.1438451581,0.0493232576,0.1214443998,0.0429592933,-0.0289657616,0.1281304408,0.0054024287,-0.2093577842,0.1325271126,0.0464320874,0.0166633649,0.0327205300,0.1077196701,-0.0101372214,0.0539268343,0.1822211974,-0.6723436240,1.2434076258,-0.2730671481,0.1678848086,0.0773673221,-0.0670476088,-0.3213753033,0.8086641154,1.2275874128,0.1544139509,0.1989125660,0.0072918762
-0.0314427183,-0.0304457621,0.8133343439,-0.0608555913,0.0009854280,-0.6882560348,0.7229102687,0.0881223635,0.1437525202,0.0493728511,0.1214274812,0.0426502592,-0.0288474660,0.1280112402,0.0053398756,-0.2089103040,0.1325091609,0.0470046262,0.0167273651,0.0327987820,0.1076451490,-0.0099705725,0.0537093122,0.1822969874,-0.6723717527,1.2433849290,-0.2731870333,0.1678739412,0.0774289458,-0.0672417382,-0.3216029051,0.8089861961,1.2278106814,0.1544226311,0.1989347996,0.0072191376
-0.0312597474,-0.0304663660,0.8133214311,-0.0609054739,0.0011051400,-0.6882141699,0.7229457505,0.0879961978,0.1436679092,0.0494188662,0.1214244253,0.0423328519,-0.0287300902,0.1278939864,0.0052906770,-0.2084637339,0.1325022660,0.0475730052,0.0167902948,0.0328824130,0.1075839547,-0.0097905126,0.0534795577,0.1823579026,-0.6723973685,1.2433881175,-0.2732831960,0.1678298196,0.0774875108,-0.0674486271,-0.3218281991,0.8092981807,1.2280466542,0.1544328907,0.1989575541,0.0071419003
-0.0313441763,-0.0303050373,0.8133351492,-0.0609495566,0.0009279349,-0.6881553895,0.7229982368,0.0878488415,0.1438650235,0.0496418956,0.1214384582,0.0426033348,-0.0291892479,0.1278791551,0.0054248849,-0.2093498026,0.1325038293,0.0464703205,0.0167048117,0.0329031043,0.1078172293,-0.0096329849,0.0536615146,0.1819744753,-0.6726892860,1.2433062652,-0.2730857229,0.1678874160,0.0776099068,-0.0673584950,-0.3211437153,0.8092557533,1.2281756562,0.1544793947,0.1989763590,0.0071813251
-0.0314196279,-0.0301487474,0.8133169013,-0.0610643139,0.0008911522,-0.6880936254,0.7230473830,0.0877169019,0.1440668346,0.0497768824,0.1213920786,0.0424681850,-0.0293375272,0.1277134263,0.0056032188,-0.2093693785,0.1326221741,0.0464606642,0.0167300166,0.0328843771,0.1080898313,-0.0095001206,0.0536182899,0.1815543492,-0.6730085577,1.2432154621,-0.2729939607,0.1679917369,0.0775186355,-0.0674641570,-0.3206783226,0.8094789440,1.2284345489,0.1545250845,0.1990201298,0.0071357608
-0.0314062307,-0.0299905791,0.8132990645,-0.0611778699,0.0008585577,-0.6880359247,0.7230927308,0.0875709583,0.1442747328,0.0499232003,0.1213626264,0.0423248273,-0.0294860654,0.1275548098,0.0057922816,-0.2093782843,0.1326917751,0.0464859753,0.0167536408,0.0328659789,0.1083802118,-0.0093698036,0.0535628742,0.1811245410,-0.6733150064,1.2431323825,-0.2729073850,0.1681041946,0.0774127161,-0.0675925054,-0.3202238406,0.8097185748,1.2287138367,0.1545842894,0.1990512447,0.0070985511
-0.0315766923,-0.0299538211,0.8133392643,-0.0610488263,0.0007421309,-0.6880882854,0.7230539410,0.0876102001,0.1440491741,0.0498011453,0.1214952415,0.0432287362,-0.0290432661,0.1278454426,0.0058332625,-0.2085861799,0.1325895049,0.0461181165,0.0166277854,0.0328720255,0.1079155970,-0.0096985440,0.0534202292,0.1813153046,-0.6731843556,1.2433746309,-0.2730385568,0.1680756645,0.0776159238,-0.0673067343,-0.3203506444,0.8099182004,1.2287637245,0.1545158701,0.1991175799,0.0069817964
-0.0317369064,-0.0299331218,0.8133405888,-0.0610964384,0.0006582458,-0.6881298578,0.7230104361,0.0877201603,0.1441269921,0.0498787656,0.1214745923,0.0433331419,-0.0288920355,0.1279885438,0.0061659921,-0.2078984726,0.1325484175,0.0456808483,0.0164742944,0.0328142403,0.1078988197,-0.0097763860,0.0535100208,0.1813692190,-0.6731907333,1.2435651935,-0.2731084922,0.1680266520,0.0775490051,-0.0670060242,-0.3203461853,0.8101613273,1.2288519855,0.1544630709,0.1992047706,0.0069002959
-0.0318099658,-0.0299126879,0.8133414339,-0.0611537684,0.0005743185,-0.6881736013,0.7229640249,0.0878366246,0.1442200670,0.0499585705,0.1214778854,0.0434170086,-0.0287432177,0.1281526769,0.0065167703,-0.2071999819,0.1324958629,0.0452501064,0.0163176624,0.0327553570,0.1079063524,-0.0098369920,0.0536125751,0.1814181900,-0.6731892391,1.2437342794,-0.2731715278,0.1679810679,0.0774722237,-0.0667134686,-0.3203535597,0.8104141604,1.2289414411,0.1544125644,0.1992949006,0.0068189223
-0.0320444739,-0.0299464334,0.8133302727,-0.0611847754,0.0005346349,-0.6882069966,0.7229296419,0.0883224041,0.1446755504,0.0493380358,0.1214752150,0.0432464887,-0.0299881312,0.1283812290,0.0064966017,-0.2086672907,0.1325540857,0.0453309902,0.0165262868,0.0327460959,0.1078174513,-0.0100423480,0.0536309766,0.1814404952,-0.6731062493,1.2437017900,-0.2732129617,0.1680392146,0.0776918044,-0.0670750970,-0.3207234422,0.8100345371,1.2291546570,0.1546935822,0.1992764162,0.0066954076
-0.0321894340,-0.0299841500,0.8133273156,-0.0613012664,0.0004287505,-0.6882480515,0.7228807582,0.0886770393,0.1449896091,0.0492123625,0.1214724466,0.0431656140,-0.0308112430,0.1287421153,0.0070229299,-0.2086138367,0.1325053375,0.0444979311,0.0163483671,0.0326774258,0.1077636243,-0.0102053462,0.0537106784,0.1814388967,-0.6731694093,1.2435316654,-0.2732045139,0.1681203624,0.0779276840,-0.0673952439,-0.3210850905,0.8096822801,1.2293735572,0.1550184955,0.1992159556,0.0065580611
-0.0323345055,-0.0301102026,0.8133239977,-0.0614254100,0.0003188115,-0.6882960947,0.7228245315,0.0890593343,0.1453100393,0.0491046032,0.1214653104,0.0430814646,-0.0316368894,0.1291203877,0.0075557861,-0.2085395299,0.1324534310,0.0436658818,0.0161718419,0.0326331242,0.1077131747,-0.0103550153,0.0537993971,0.1814388248,-0.6732433233,1.2433378619,-0.2731991733,0.1682118899,0.0781726494,-0.0677123778,-0.3214424997,0.8093266074,1.2295977066,0.1553497620,0.1991502774,0.0064192972
-0.0323235909,-0.0301826162,0.8133226011,-0.0612129327,0.0005390917,-0.6881544516,0.7229772728,0.0887725524,0.1452824869,0.0497077113,0.1215097085,0.0430042996,-0.0300835146,0.1286439245,0.0067193595,-0.2090369841,0.1330423162,0.0453936464,0.0166499837,0.0324740926,0.1078599490,-0.0100029415,0.0537228752,0.1815273084,-0.6733092414,1.2428563471,-0.2731231874,0.1680853559,0.0781453152,-0.0679134983,-0.3212412013,0.8094248079,1.2296585198,0.1552243304,0.1991481975,0.0064620617
-0.0322072439,-0.0302198265,0.8133262091,-0.0611949089,0.0006595795,-0.6880522343,0.7230759787,0.0885352404,0.1453463499,0.0498940820,0.1215436993,0.0428722828,-0.0306588288,0.1283319084,0.0066301594,-0.2093878632,0.1335428964,0.0452414086,0.0167533452,0.0322900981,0.1081338689,-0.0098143330,0.0536510699,0.1815931536,-0.6733565354,1.2422443354,-0.2730144188,0.1679935620,0.0781764624,-0.0681431335,-0.3211065152,0.8094454869,1.2297142400,0.1551574770,0.1991893854,0.0064881770
-0.0321820551,-0.0303447452,0.8133290494,-0.0611870111,0.0007755349,-0.6879483746,0.7231753467,0.0883139811,0.1454248078,0.0500705040,0.1215848199,0.0427319960,-0.0312419854,0.1280292630,0.0065528614,-0.2097448407,0.1340811678,0.0450647729,0.0168475695,0.0321014216,0.1084250051,-0.0096036073,0.0535837202,0.1816620429,-0.6734016688,1.2416225953,-0.2729054982,0.1679008997,0.0782089931,-0.0683785382,-0.3209660751,0.8094704755,1.2297810363,0.1550961987,0.1992310471,0.0065058115
-0.0323535570,-0.0301306240,0.8133185187,-0.0612358111,0.0005003089,-0.6876457449,0.7234592280,0.0883941487,0.1453209105,0.0497726469,0.1215996688,0.0433288230,-0.0306753008,0.1284003114,0.0066645195,-0.2092743995,0.1342395875,0.0447852153,0.0165720692,0.0329551682,0.1083415625,-0.0094500992,0.0531457867,0.1816413361,-0.6734026123,1.2412657949,-0.2728311119,0.1679514319,0.0782876350,-0.0690625411,-0.3204233116,0.8100741355,1.2297735931,0.1548471070,0.1993873311,0.0065819167
-0.0325261161,-0.0300101557,0.8133078099,-0.0613483261,0.0002803355,-0.6873914954,0.7236913958,0.0885013191,0.1453408980,0.0492846748,0.1215995107,0.0436387196,-0.0312280875,0.1287638056,0.0066365321,-0.2099293308,0.1343790256,0.0444224401,0.0166142740,0.0337466912,0.1081482047,-0.0091707382,0.0525116940,0.1815648951,-0.6731877612,1.2409757481,-0.2727555004,0.1679659462,0.0783319830,-0.0697310949,-0.3198517736,0.8106654809,1.2298086416,0.1545654337,0.1995513135,0.0067018795
-0.0327004197,-0.0298005674,0.8132969447,-0.0614624270,0.0000587183,-0.6871324437,0.7239277391,0.0886043054,0.1453626137,0.0487799265,0.1216082154,0.0439474555,-0.0317806015,0.1291297189,0.0066094845,-0.2105999006,0.1345272630,0.0440504166,0.0166546322,0.0345045482,0.1079561786,-0.0088735088,0.0518658494,0.1814919388,-0.6729482394,1.2406924247,-0.2726746489,0.1679784758,0.0783676520,-0.0704228472,-0.3192700730,0.8112673926,1.2298570537,0.1542800084,0.1997129609,0.0068220140
-0.0333370184,-0.0298138570,0.8133259817,-0.0615219903,-0.0000403754,-0.6868477344,0.7241928147,0.0885326647,0.1459630633,0.0481737953,0.1215874149,0.0443373602,-0.0321898277,0.1292397509,0.0073843486,-0.2115743542,0.1349482062,0.0441289838,0.0165409332,0.0355126894,0.1080555857,-0.0086361646,0.0507916397,0.1819399959,-0.6734705693,1.2404312349,-0.2724015187,0.1678964557,0.0783501972,-0.0715896155,-0.3185358954,0.8126768410,1.2294203694,0.1537417681,0.1998393015,0.0071818525
-0.0338938696,-0.0298424386,0.8133375720,-0.0614936210,-0.0001198954,-0.6865527601,0.7244748635,0.0883681719,0.1464574731,0.0480738220,0.1216083178,0.0446839139,-0.0326416075,0.1292483710,0.0079586709,-0.2125060012,0.1352112295,0.0437886745,0.0164934286,0.0367255596,0.1079152851,-0.0082469737,0.0497005649,0.1824140529,-0.6739728215,1.2402916135,-0.2721454308,0.1677783744,0.0782798425,-0.0729085415,-0.3177682034,0.8140918721,1.2289646446,0.1531811450,0.1999999741,0.0075578691
-0.0345387846,-0.0298699462,0.8133492153,-0.0614625327,-0.0002002617,-0.6862601031,0.7247547087,0.0882010088,0.1469502965,0.0479820454,0.1216298194,0.0450335977,-0.0330933334,0.1292429958,0.0085262694,-0.2134308075,0.1354973021,0.0434409824,0.0164431662,0.0379532149,0.1077602014,-0.0078540436,0.0485998403,0.1828943358,-0.6744794216,1.2401566386,-0.2718877480,0.1676575085,0.0782012847,-0.0742327364,-0.3169896476,0.8154899383,1.2285105878,0.1526203404,0.2001648108,0.0079394070
-0.0346762198,-0.0297513055,0.8133359761,-0.0614330963,-0.0003330663,-0.6856052999,0.7253766170,0.0876444257,0.1472086862,0.0445893166,0.1215640840,0.0459693109,-0.0343260977,0.1297518109,0.0083164963,-0.2158245432,0.1359374737,0.0430095966,0.0164214136,0.0404983634,0.1069332243,-0.0084889226,0.0472427556,0.1838996064,-0.6758564883,1.2401609547,-0.2714463203,0.1682736081,0.0776101562,-0.0866195597,-0.3215365482,0.8158982810,1.2276383446,0.1512193245,0.2005344219,0.0101476605
-0.0349313130,-0.0296767077,0.8133447746,-0.0614344041,-0.0005247404,-0.6849169797,0.7260263559,0.0872534315,0.1469047190,0.0427068971,0.1215719482,0.0465371181,-0.0344586046,0.1302222859,0.0080342557,-0.2180130701,0.1361360813,0.0427858067,0.0166094782,0.0429594150,0.1061210242,-0.0086935923,0.0456479202,0.1848003622,-0.6770290065,1.2403141987,-0.2708525150,0.1686971659,0.0769963385,-0.0998039428,-0.3260387418,0.8164167476,1.2272974263,0.1496485698,0.2007845453,0.0129767828
-0.0350983661,-0.0295943410,0.8133533908,-0.0614552859,-0.0007358625,-0.6842313322,0.7266706203,0.0869258823,0.1466020788,0.0408411517,0.1215713404,0.0471066810,-0.0345870628,0.1307522686,0.0077539483,-0.2201858142,0.1363189631,0.0425752795,0.0167978655,0.0453942049,0.1053204503,-0.0088011906,0.0439916870,0.1856721125,-0.6781398021,1.2405208377,-0.2702351735,0.1690910264,0.0763647047,-0.1131185151,-0.3305091770,0.8170083840,1.2270849636,0.1480557139,0.2009665120,0.0158912278
-0.0354875258,-0.0295475195,0.8134587812,-0.0612770955,-0.0007933354,-0.6836445174,0.7272376930,0.0863512027,0.1462717462,0.0381780336,0.1212654408,0.0485526721,-0.0350809944,0.1309663750,0.0076895992,-0.2219747448,0.1361718543,0.0429474207,0.0165581730,0.0471425412,0.1012153138,-0.0124572971,0.0462556195,0.1892849321,-0.6779439292,1.2412913826,-0.2677672992,0.1698835518,0.0747896651,-0.1690156825,-0.3535219166,0.7884937661,1.2114755791,0.1482845673,0.1996276314,0.0113607367
-0.0358550376,-0.0294116950,0.8135545346,-0.0613188886,-0.0010951028,-0.6830528982,0.7277894839,0.0860863878,0.1459477343,0.0357720357,0.1213784076,0.0499199295,-0.0355279516,0.1313864351,0.0075363002,-0.2237542865,0.1365401129,0.0432341228,0.0163298413,0.0496488526,0.0975304361,-0.0144261379,0.0469877161,0.1924648242,-0.6779367454,1.2421357937,-0.2651779413,0.1706895070,0.0731278072,-0.2257960475,-0.3781793863,0.7596777009,1.1963621822,0.1480071863,0.1985677033,0.0076914016
-0.0361316714,-0.0291789445,0.8135574463,-0.0614218922,-0.0014610909,-0.6824619466,0.7283343380,0.0860116541,0.1456249555,0.0333846326,0.1215114573,0.0512571908,-0.0359732951,0.1319707902,0.0073763164,-0.2255171979,0.1369629129,0.0434807536,0.0161064511,0.0523166213,0.0939713549,-0.0160595021,0.0474242401,0.1955122983,-0.6780297440,1.2431137857,-0.2625830884,0.1714830005,0.0714121020,-0.2823233185,-0.4040548455,0.7319097536,1.1814557937,0.1476553295,0.1974999533,0.0040917671
-0.0360405905,-0.0292480281,0.8136977553,-0.0618043474,-0.0019270215,-0.6823904961,0.7283678466,0.0873739143,0.1453336543,0.0324643690,0.1217271487,0.0521948079,-0.0366076927,0.1332873828,0.0068710303,-0.2261410498,0.1371333192,0.0443390144,0.0162553099,0.0598771142,0.0914869278,-0.0189320886,0.0503611586,0.1989095900,-0.6774367373,1.2449679703,-0.2625592653,0.1724288158,0.0699959388,-0.3419787574,-0.4195904237,0.7232429217,1.1685729694,0.1324166686,0.1996354829,0.0012952305
-0.0359605862,-0.0292729884,0.8137507424,-0.0621810514,-0.0023433961,-0.6823584414,0.7283645947,0.0887708871,0.1450694925,0.0316672106,0.1218491707,0.0529525629,-0.0371950996,0.1345818840,0.0067181196,-0.2256449769,0.1371383587,0.0450757598,0.0161281384,0.0664082337,0.0889485202,-0.0218693304,0.0539330507,0.2023199970,-0.6758493904,1.2466132216,-0.2626677646,0.1731520129,0.0688107530,-0.4022655079,-0.4353049898,0.7163110367,1.1564084307,0.1165746535,0.2018410881,-0.0012357294
-0.0358821335,-0.0293263741,0.8137997106,-0.0625465894,-0.0027480782,-0.6823198098,0.7283680728,0.0901648764,0.1448099608,0.0308540255,0.1219796440,0.0536682172,-0.0377900193,0.1358955959,0.0065702492,-0.2251653749,0.1371204922,0.0457821138,0.0160066351,0.0727745107,0.0864793564,-0.0247652395,0.0576145779,0.2057019414,-0.6740704151,1.2481260748,-0.2627359537,0.1738532955,0.0676627000,-0.4625418731,-0.4518887349,0.7103641879,1.1443754690,0.1007491556,0.2038500410,-0.0036508594
-0.0360384126,-0.0296204123,0.8138789024,-0.0627309335,-0.0030676967,-0.6827688727,0.7279300005,0.0916819852,0.1449979142,0.0318166609,0.1221351213,0.0530595588,-0.0378861541,0.1368400221,0.0070760579,-0.2231978221,0.1378367431,0.0456316963,0.0158324361,0.0778934328,0.0850765201,-0.0268855887,0.0621851497,0.2080544291,-0.6712997724,1.2498147793,-0.2629776790,0.1746885578,0.0666644677,-0.5114958206,-0.4674801177,0.7027955909,1.1346904527,0.0920907156,0.2060935851,-0.0116919598
-0.0361983573,-0.0299892687,0.8139386021,-0.0628455404,-0.0032950999,-0.6832322673,0.7274841918,0.0931367260,0.1451780666,0.0324009203,0.1222382617,0.0530449808,-0.0386091177,0.1375989124,0.0075380366,-0.2208641929,0.1379728658,0.0456076303,0.0155866596,0.0833448921,0.0836334567,-0.0294956781,0.0670278672,0.2104803418,-0.6688561744,1.2513730646,-0.2632518729,0.1753964508,0.0658080592,-0.5595719959,-0.4837061961,0.6958118648,1.1245953365,0.0840052347,0.2082555723,-0.0205333281
-0.0362687153,-0.0303889687,0.8139101937,-0.0629261698,-0.0034826863,-0.6836988890,0.7270378238,0.0945275012,0.1453669927,0.0329922375,0.1223194817,0.0530093872,-0.0393361300,0.1383192193,0.0080147946,-0.2185243675,0.1380393930,0.0455880608,0.0153461894,0.0889187931,0.0822097467,-0.0322047248,0.0718920778,0.2128997233,-0.6665177286,1.2528670065,-0.2635364702,0.1760937776,0.0649816293,-0.6073535243,-0.5005567446,0.6893846397,1.1143715942,0.0759965414,0.2103635000,-0.0294750286
-0.0370390006,-0.0309659413,0.8138924210,-0.0629141619,-0.0035699408,-0.6846247002,0.7261667051,0.0961523834,0.1470442162,0.0357093993,0.1224361119,0.0527056886,-0.0392917091,0.1384842774,0.0087451157,-0.2182274521,0.1384235474,0.0449988216,0.0148749554,0.0932207533,0.0806194256,-0.0349731720,0.0770154822,0.2156995452,-0.6648004858,1.2553122968,-0.2642511680,0.1768585670,0.0644738666,-0.6517608915,-0.5150776514,0.6832497107,1.1027599149,0.0725376274,0.2125933349,-0.0340966146
-0.0378027655,-0.0315781673,0.8139558274,-0.0628523103,-0.0035982412,-0.6855577740,0.7252910990,0.0976740907,0.1485252267,0.0380152931,0.1225120387,0.0524000575,-0.0402683502,0.1385510715,0.0100484763,-0.2157895048,0.1388101930,0.0443388416,0.0139858826,0.0975035241,0.0789615859,-0.0379623909,0.0822545090,0.2185377483,-0.6631048367,1.2577543068,-0.2650143553,0.1775956887,0.0639711687,-0.6959938133,-0.5298919936,0.6777010447,1.0909625922,0.0692999481,0.2148713422,-0.0386860435
-0.0384794134,-0.0322106229,0.8139312505,-0.0627719388,-0.0036024231,-0.6864952781,0.7244107532,0.0991604131,0.1500180335,0.0403329843,0.1225884186,0.0520680524,-0.0412483674,0.1385920039,0.0113658785,-0.2133383068,0.1391624844,0.0436748319,0.0130938518,0.1018552722,0.0773042200,-0.0409799048,0.0874835899,0.2213912142,-0.6614359861,1.2601586409,-0.2657713945,0.1783206542,0.0634769270,-0.7401786114,-0.5449545216,0.6726840959,1.0791215063,0.0660874469,0.2171247487,-0.0433325783
-0.0386296164,-0.0328814884,0.8140024225,-0.0626418236,-0.0034321889,-0.6867567380,0.7241749822,0.0998229867,0.1505460126,0.0417788779,0.1226459409,0.0521246460,-0.0421165379,0.1387998316,0.0119434813,-0.2115815311,0.1392816621,0.0442492640,0.0129370405,0.1069244740,0.0763775820,-0.0426790391,0.0934062110,0.2240793701,-0.6600994203,1.2638515803,-0.2664143554,0.1789077763,0.0627478231,-0.7769187170,-0.5552677250,0.6644407162,1.0644954098,0.0689154829,0.2178074794,-0.0492032594
-0.0387913384,-0.0335939669,0.8140694902,-0.0624980721,-0.0032047027,-0.6870047041,0.7239532149,0.1004755192,0.1511284403,0.0429783710,0.1226032680,0.0520202511,-0.0427327404,0.1390180287,0.0125539871,-0.2099134320,0.1392800051,0.0446258743,0.0125137834,0.1122305733,0.0752915319,-0.0446417988,0.0993850182,0.2270421110,-0.6590311984,1.2676095250,-0.2670593715,0.1794565312,0.0619605738,-0.8129477537,-0.5657645186,0.6561726603,1.0494694860,0.0719932298,0.2184420662,-0.0555632994
-0.0389559394,-0.0342336401,0.8141366269,-0.0623370899,-0.0029618078,-0.6872527377,0.7237326782,0.1010960774,0.1517143128,0.0441731137,0.1225531942,0.0519034668,-0.0433519583,0.1392133514,0.0131729560,-0.2082502409,0.1392658344,0.0449957670,0.0120868132,0.1176258068,0.0741615588,-0.0466580636,0.1053489107,0.2300600252,-0.6580350623,1.2713571759,-0.2677113709,0.1799944654,0.0611632536,-0.8488139587,-0.5763963390,0.6481102876,1.0343613257,0.0750632544,0.2190599821,-0.0620606390
-0.0392482526,-0.0350812024,0.8142161660,-0.0620325392,-0.0026117477,-0.6875652529,0.7234633134,0.1016850154,0.1523585125,0.0442670301,0.1225034893,0.0520047467,-0.0438214037,0.1393274794,0.0137371657,-0.2079111793,0.1394273106,0.0454190087,0.0116507387,0.1211372699,0.0722426123,-0.0493725022,0.1123438204,0.2319939170,-0.6573219042,1.2740562621,-0.2681656677,0.1811782368,0.0602152801,-0.8951850213,-0.5884026407,0.6351263656,1.0152957523,0.0803662267,0.2205445352,-0.0702609700
-0.0395472769,-0.0359283667,0.8143776789,-0.0617650436,-0.0022777751,-0.6879792625,0.7230936492,0.1022679125,0.1530313440,0.0442181350,0.1224964189,0.0519731911,-0.0442936249,0.1392498485,0.0142511284,-0.2078368660,0.1397276750,0.0457743941,0.0112201626,0.1246350200,0.0703462400,-0.0517278707,0.1192424819,0.2340491379,-0.6564202330,1.2768959346,-0.2685690842,0.1819776203,0.0591621945,-0.9418401623,-0.6006481842,0.6225898952,0.9966060367,0.0856524250,0.2215908652,-0.0783315472
-0.0398501501,-0.0367844945,0.8144511322,-0.0614888277,-0.0019367915,-0.6883927876,0.7227245277,0.1028419093,0.1537068841,0.0441653685,0.1224809525,0.0519351188,-0.0447747424,0.1391530215,0.0147674602,-0.2077682196,0.1400383179,0.0461107691,0.0107836509,0.1281312075,0.0684468977,-0.0540374467,0.1260897183,0.2361090412,-0.6554796489,1.2797637777,-0.2689530792,0.1827194426,0.0580924926,-0.9885230406,-0.6129267340,0.6105124197,0.9780242576,0.0908558792,0.2224795549,-0.0865280746
-0.0403852123,-0.0381572858,0.8145148645,-0.0608097811,-0.0012786549,-0.6882305687,0.7229379087,0.1028809157,0.1543271517,0.0436549874,0.1221536126,0.0519871605,-0.0464895146,0.1390360241,0.0158833614,-0.2077986220,0.1400430368,0.0456943549,0.0103262789,0.1312399133,0.0633919643,-0.0572669858,0.1326226001,0.2409164177,-0.6544890506,1.2791255627,-0.2684009784,0.1830640354,0.0568637873,-1.0478332094,-0.6474940875,0.6239595112,0.9657363530,0.0845219649,0.2234781916,-0.0888187754
-0.0408632528,-0.0394074741,0.8145017219,-0.0602067508,-0.0006440344,-0.6881163704,0.7230979139,0.1027807464,0.1548292403,0.0428099217,0.1220044903,0.0516093964,-0.0469973414,0.1389832329,0.0165280784,-0.2081285799,0.1401101545,0.0453559880,0.0100335469,0.1344233044,0.0592643383,-0.0599976476,0.1389777172,0.2449188224,-0.6534206622,1.2780864200,-0.2677988410,0.1836230248,0.0557016668,-1.1099052903,-0.6816928932,0.6409626826,0.9544658470,0.0783853869,0.2240688119,-0.0902996264
-0.0413392794,-0.0406708501,0.8145741962,-0.0596038571,-0.0000066638,-0.6880003125,0.7232585639,0.1026872693,0.1553358526,0.0419664496,0.1218684480,0.0512038069,-0.0475082236,0.1389578299,0.0171791148,-0.2084591494,0.1401551172,0.0450096650,0.0097459151,0.1375343034,0.0552365678,-0.0625730032,0.1452603283,0.2488047228,-0.6522336899,1.2769869758,-0.2671906055,0.1842079530,0.0545963813,-1.1735863027,-0.7148461929,0.6604896217,0.9433825661,0.0723000841,0.2244533440,-0.0918240646
-0.0414766044,-0.0423296507,0.8147199586,-0.0585234397,0.0009443772,-0.6875153074,0.7238071685,0.1018036919,0.1558212049,0.0409399723,0.1215424705,0.0513058004,-0.0481853115,0.1386555757,0.0176515173,-0.2089044914,0.1398767933,0.0449962604,0.0093467056,0.1402879878,0.0499410304,-0.0662022968,0.1529425322,0.2529394466,-0.6511463033,1.2772443901,-0.2669009692,0.1850796424,0.0536748303,-1.2415999996,-0.7536451213,0.6831418522,0.9340165198,0.0717773938,0.2246291657,-0.0940567546
-0.0416496945,-0.0439991534,0.8148692712,-0.0574803832,0.0019626597,-0.6870702864,0.7243111037,0.1008228491,0.1559597343,0.0400098621,0.1212326006,0.0513915482,-0.0488706681,0.1381903475,0.0179081735,-0.2095770551,0.1396590855,0.0450956055,0.0089256871,0.1433274824,0.0447023796,-0.0699345597,0.1604512438,0.2571907886,-0.6502917243,1.2774898088,-0.2666545660,0.1859946121,0.0526884918,-1.3117953356,-0.7908810023,0.7090998112,0.9245476264,0.0717801739,0.2246353217,-0.0965812168
-0.0418288081,-0.0455942979,0.8150186454,-0.0564138169,0.0030029468,-0.6866292269,0.7248094704,0.0997977811,0.1561066987,0.0390918567,0.1209011679,0.0514760997,-0.0495715201,0.1376709771,0.0181724966,-0.2102408650,0.1394377820,0.0451900228,0.0084960254,0.1463094355,0.0393890101,-0.0737006842,0.1679444647,0.2615008515,-0.6493696530,1.2777292566,-0.2664292611,0.1869035660,0.0517108494,-1.3843762556,-0.8259129330,0.7383185382,0.9150158771,0.0717815974,0.2245552600,-0.0993785153
-0.0417911137,-0.0471415165,0.8152480144,-0.0553695626,0.0040240104,-0.6861116699,0.7253749343,0.0983578269,0.1555735182,0.0375795420,0.1206562452,0.0522896834,-0.0502218623,0.1369725466,0.0180526612,-0.2108730089,0.1394075158,0.0469396921,0.0084661111,0.1491775127,0.0342751737,-0.0771586554,0.1723825258,0.2646636232,-0.6461752165,1.2779930679,-0.2670250172,0.1875295234,0.0516152778,-1.4480424685,-0.8544598958,0.7641878024,0.9117565158,0.0770496195,0.2233931314,-0.1061973067
-0.0417775967,-0.0487084123,0.8154814863,-0.0542625872,0.0050985457,-0.6855829500,0.7259515102,0.0969495636,0.1552331533,0.0361364575,0.1202845604,0.0531173399,-0.0508659066,0.1361889784,0.0179722150,-0.2115003946,0.1392500287,0.0480190115,0.0082279154,0.1518249962,0.0286946281,-0.0810516581,0.1769165828,0.2681377478,-0.6428409587,1.2784845305,-0.2676703398,0.1880183010,0.0516103727,-1.5128402403,-0.8805838935,0.7918936095,0.9086821775,0.0823098798,0.2215717055,-0.1137467287
-0.0417683579,-0.0502811779,0.8156279970,-0.0531342975,0.0061893357,-0.6850548508,0.7265248033,0.0954940133,0.1548926095,0.0346925435,0.1198964643,0.0539542836,-0.0515141872,0.1353425972,0.0178908750,-0.2121253444,0.1391050850,0.0490919600,0.0079797082,0.1542943941,0.0230293755,-0.0850566131,0.1815425775,0.2716765559,-0.6393746160,1.2789832425,-0.2683303072,0.1884727985,0.0516019907,-1.5794770757,-0.9043243798,0.8218993897,0.9056240202,0.0874717977,0.2196081070,-0.1215575442
-0.0413732917,-0.0514815639,0.8158033305,-0.0524217577,0.0070575081,-0.6843294511,0.7272519187,0.0943943929,0.1543794976,0.0329232611,0.1197318403,0.0528123840,-0.0513650695,0.1350010703,0.0175412258,-0.2130174425,0.1390329223,0.0491837494,0.0079713057,0.1574243455,0.0191147469,-0.0881146938,0.1862943102,0.2733032464,-0.6358537928,1.2807039881,-0.2695759036,0.1889302143,0.0518800731,-1.6323107541,-0.9244371046,0.8455982541,0.9074369551,0.0950990318,0.2171089763,-0.1281522100
-0.0410085989,-0.0527373568,0.8158830837,-0.0516982079,0.0079564087,-0.6836686558,0.7279156269,0.0933308057,0.1539399995,0.0312829804,0.1194857780,0.0522349585,-0.0511940498,0.1345989148,0.0172081206,-0.2139864967,0.1388652425,0.0501364349,0.0081867940,0.1604751042,0.0145663384,-0.0916659163,0.1913627375,0.2754863010,-0.6324339804,1.2825551814,-0.2708703503,0.1892541716,0.0522616727,-1.6847712020,-0.9432358739,0.8694023209,0.9088232501,0.1022597585,0.2141207475,-0.1350210970
-0.0407358560,-0.0540024801,0.8159642203,-0.0509513290,0.0088734294,-0.6830099197,0.7285757846,0.0922302538,0.1534953537,0.0296517727,0.1192057813,0.0516703720,-0.0510272570,0.1341577902,0.0168757468,-0.2149569168,0.1386533334,0.0511057600,0.0083975413,0.1634498581,0.0098542861,-0.0953853176,0.1965448704,0.2778279660,-0.6289772035,1.2843838932,-0.2721874539,0.1895661424,0.0526418949,-1.7381853968,-0.9605022225,0.8944132299,0.9100333901,0.1092479484,0.2110647652,-0.1420324177
-0.0409084340,-0.0550010758,0.8160540727,-0.0502271496,0.0097379958,-0.6824132860,0.7291738558,0.0908137683,0.1534919974,0.0269382533,0.1190627294,0.0526610172,-0.0521306016,0.1340165537,0.0174009655,-0.2174556945,0.1387255211,0.0504758128,0.0074694663,0.1651962390,0.0065502616,-0.0980968006,0.1966801471,0.2785274616,-0.6269397066,1.2822990985,-0.2731054202,0.1892745401,0.0528709249,-1.7815644222,-0.9732695803,0.9154265728,0.9129601013,0.1183750021,0.2078913204,-0.1469724835
-0.0410219360,-0.0561151698,0.8162320399,-0.0494482434,0.0105356788,-0.6817031171,0.7298799428,0.0894287788,0.1534454551,0.0242775371,0.1188552915,0.0531167306,-0.0525355111,0.1334647862,0.0174541872,-0.2200894735,0.1387997273,0.0511372508,0.0073768111,0.1666721277,0.0026513120,-0.1010328725,0.1970567355,0.2796175595,-0.6248030037,1.2802030689,-0.2740514113,0.1890090174,0.0532015662,-1.8245716268,-0.9850170836,0.9362146410,0.9154999685,0.1271627051,0.2045378955,-0.1520886526
-0.0412217042,-0.0572330750,0.8163231270,-0.0486519219,0.0113493430,-0.6809903589,0.7305862810,0.0879973042,0.1533860630,0.0216114478,0.1186416376,0.0535778444,-0.0529393947,0.1328800711,0.0174981234,-0.2227257487,0.1388454255,0.0518151050,0.0072884009,0.1680525932,-0.0013431882,-0.1040929360,0.1975365291,0.2807958297,-0.6226121193,1.2780739557,-0.2750002589,0.1887524802,0.0535495745,-1.8680822470,-0.9956349279,0.9576104450,0.9179046102,0.1358215464,0.2011460086,-0.1572834674
-0.0413940518,-0.0583255830,0.8164806695,-0.0480165394,0.0120509758,-0.6801489877,0.7314003968,0.0869627568,0.1534253247,0.0191047188,0.1184007195,0.0539822160,-0.0530729459,0.1329326861,0.0178826392,-0.2242157887,0.1386836881,0.0515933037,0.0069681948,0.1694160968,-0.0059638696,-0.1072825468,0.1987151836,0.2802688039,-0.6216815200,1.2791653382,-0.2760977356,0.1890504244,0.0541726568,-1.9127758386,-1.0076659168,0.9862913901,0.9239025142,0.1417081262,0.1977616578,-0.1600770585
-0.0415376633,-0.0593122753,0.8165565394,-0.0474214925,0.0127108209,-0.6793127709,0.7322047503,0.0860120709,0.1534235789,0.0166209316,0.1181820158,0.0543252632,-0.0532811228,0.1330551003,0.0180862515,-0.2262722407,0.1385285216,0.0519253436,0.0069105700,0.1710860517,-0.0102440889,-0.1103451819,0.1996494163,0.2793918073,-0.6209671039,1.2804763575,-0.2774416280,0.1890881038,0.0546992139,-1.9593055160,-1.0182499573,1.0169492796,0.9304934816,0.1476397354,0.1942031713,-0.1626225653
-0.0416652260,-0.0603733566,0.8167197822,-0.0468443693,0.0133568225,-0.6784764350,0.7330054076,0.0850887036,0.1534057937,0.0141461882,0.1179776616,0.0546721960,-0.0534644187,0.1332157852,0.0182749524,-0.2283159627,0.1383525215,0.0522833742,0.0068758268,0.1727711341,-0.0143455023,-0.1133256580,0.2004969066,0.2783543413,-0.6202923182,1.2818608732,-0.2788105740,0.1890768085,0.0552026500,-2.0071175272,-1.0272839191,1.0489256367,0.9372999739,0.1536256377,0.1905911409,-0.1651557741
-0.0414055564,-0.0608557744,0.8168111857,-0.0465615238,0.0138105356,-0.6782832748,0.7331937621,0.0843843361,0.1531383497,0.0137599490,0.1179420634,0.0545692990,-0.0531177255,0.1326675501,0.0180769186,-0.2285577908,0.1383777211,0.0538275431,0.0073023271,0.1706879205,-0.0165207087,-0.1144451130,0.2000584478,0.2765554999,-0.6211643906,1.2815332952,-0.2793153464,0.1889001628,0.0553493098,-2.0508327057,-1.0347194419,1.0792579516,0.9418714690,0.1568954254,0.1869359655,-0.1680983820
-0.0410599204,-0.0612592129,0.8168220596,-0.0463003875,0.0142644391,-0.6780633798,0.7334049720,0.0837817757,0.1529108167,0.0131821643,0.1178675279,0.0544933335,-0.0528623906,0.1321648320,0.0179113492,-0.2285756573,0.1383304558,0.0550369720,0.0074253609,0.1683627901,-0.0187883301,-0.1156582483,0.1998426028,0.2748350811,-0.6218285097,1.2811012325,-0.2797555370,0.1887815211,0.0555412577,-2.0942914533,-1.0410852890,1.1092907122,0.9459290503,0.1597557635,0.1834998488,-0.1712390713
-0.0408029190,-0.0617520124,0.8169204561,-0.0460375780,0.0147188120,-0.6778392988,0.7336196447,0.0831820885,0.1526797035,0.0125967136,0.1177838873,0.0544233479,-0.0526118517,0.1316669924,0.0177417228,-0.2286056543,0.1382829059,0.0562442503,0.0075473194,0.1659686721,-0.0211058863,-0.1169052803,0.1997032223,0.2731770447,-0.6224302383,1.2806210577,-0.2801805587,0.1886741952,0.0557456879,-2.1380160974,-1.0463698114,1.1395910173,0.9498505221,0.1625220186,0.1801242359,-0.1744635290
-0.0407431708,-0.0619137691,0.8169653924,-0.0459458503,0.0152342474,-0.6784234496,0.7330747026,0.0829884575,0.1535866037,0.0140280158,0.1177574866,0.0552991455,-0.0532352164,0.1311339674,0.0188411453,-0.2267435332,0.1381971218,0.0561730689,0.0073745120,0.1640098563,-0.0230440132,-0.1174794070,0.1971247138,0.2727243898,-0.6254998599,1.2794353864,-0.2794251789,0.1886871680,0.0558193518,-2.1749019783,-1.0503280446,1.1670790219,0.9566094701,0.1649211194,0.1770385051,-0.1764159191
-0.0407094945,-0.0622070810,0.8170274196,-0.0458071778,0.0156336224,-0.6787919887,0.7327337364,0.0827041807,0.1543151461,0.0152576462,0.1176980987,0.0562194561,-0.0536257739,0.1303156528,0.0196009489,-0.2249099317,0.1381202777,0.0574443245,0.0074608573,0.1619830132,-0.0255226462,-0.1182688668,0.1947358898,0.2727022265,-0.6285605560,1.2783369748,-0.2786806184,0.1887112408,0.0558624923,-2.2108066916,-1.0538319958,1.1936908116,0.9631286436,0.1669453043,0.1737733432,-0.1785262045
-0.0406803546,-0.0624179781,0.8171780572,-0.0456486479,0.0160452927,-0.6791559289,0.7323974152,0.0823825789,0.1550352488,0.0164733353,0.1176231517,0.0571504072,-0.0540192866,0.1294736049,0.0203580491,-0.2230942809,0.1380092087,0.0587275921,0.0075448371,0.1598854821,-0.0281373889,-0.1191696344,0.1924224313,0.2727923814,-0.6315759526,1.2772381281,-0.2779365875,0.1887270675,0.0558937019,-2.2465589423,-1.0566973626,1.2201355650,0.9694907392,0.1688558258,0.1704965443,-0.1807150773
-0.0411637387,-0.0625923114,0.8172918940,-0.0455510949,0.0164154443,-0.6796880608,0.7319014763,0.0822101704,0.1559549751,0.0168967642,0.1174904429,0.0564424311,-0.0534163343,0.1287424190,0.0212460767,-0.2221687759,0.1379966209,0.0588187144,0.0071903982,0.1558490694,-0.0290174291,-0.1197789996,0.1910232475,0.2708878565,-0.6356490610,1.2770224487,-0.2777333929,0.1889288215,0.0552319568,-2.2799397421,-1.0573538885,1.2447748102,0.9749279455,0.1689822983,0.1676893221,-0.1838878078
-0.0415149774,-0.0626782631,0.8173633873,-0.0453418465,0.0167009856,-0.6802053169,0.7314273176,0.0819208171,0.1570463615,0.0184076196,0.1174898010,0.0575646698,-0.0535613821,0.1277952041,0.0223189710,-0.2199949293,0.1379583570,0.0598597091,0.0070326087,0.1513732161,-0.0301376814,-0.1204284597,0.1898815230,0.2688080602,-0.6394240673,1.2768527163,-0.2775560263,0.1890883094,0.0546773162,-2.3128131341,-1.0571107535,1.2688417294,0.9801994319,0.1688473488,0.1650616582,-0.1872454125
-0.0419540961,-0.0628535289,0.8175239578,-0.0451202782,0.0169980893,-0.6807291392,0.7309466906,0.0816261769,0.1581394934,0.0199377266,0.1174386526,0.0587182780,-0.0537082190,0.1268231137,0.0233976772,-0.2178044277,0.1378933130,0.0609221680,0.0068694796,0.1468452976,-0.0313006054,-0.1211418989,0.1888101374,0.2667568854,-0.6431302105,1.2766676787,-0.2773664570,0.1892422050,0.0541379803,-2.3454469826,-1.0562822344,1.2926436144,0.9853945528,0.1686515039,0.1624593278,-0.1906708779
-0.0422389844,-0.0627179367,0.8176843439,-0.0452012756,0.0171500917,-0.6810855617,0.7306060338,0.0815474457,0.1587002037,0.0208843372,0.1174602791,0.0592986549,-0.0536743277,0.1263458525,0.0240736530,-0.2168843338,0.1379327817,0.0617149945,0.0066823013,0.1426760619,-0.0309718404,-0.1213567342,0.1858301701,0.2643770270,-0.6473562403,1.2746295050,-0.2761521138,0.1891426371,0.0538083289,-2.3711691835,-1.0569196590,1.3128487343,0.9888984752,0.1703965735,0.1596219052,-0.1920901336
-0.0424332748,-0.0626869456,0.8179322208,-0.0452382797,0.0172027000,-0.6814284103,0.7302827445,0.0814961681,0.1593916401,0.0222280890,0.1174937176,0.0609188460,-0.0537115071,0.1259312538,0.0248054193,-0.2151753245,0.1379273998,0.0633888847,0.0064641657,0.1382009517,-0.0311514720,-0.1217251055,0.1831361097,0.2623276737,-0.6513333647,1.2726765655,-0.2749303053,0.1890733409,0.0534891094,-2.3956618675,-1.0576589079,1.3318345335,0.9917156487,0.1719090691,0.1568686462,-0.1937392306
-0.0426336545,-0.0625753238,0.8180937483,-0.0452651286,0.0172602525,-0.6817731308,0.7299579097,0.0814532262,0.1600808409,0.0235723966,0.1174790805,0.0625617430,-0.0537561796,0.1255257156,0.0255460559,-0.2134620383,0.1378699213,0.0650857631,0.0062388181,0.1336092684,-0.0314715044,-0.1221979900,0.1805701488,0.2603936513,-0.6552004732,1.2707058827,-0.2736964568,0.1890034303,0.0531685737,-2.4197331064,-1.0581851672,1.3503723804,0.9943244964,0.1733051878,0.1541625443,-0.1954936001
-0.0426961078,-0.0624717415,0.8181548767,-0.0454358262,0.0174562103,-0.6822526335,0.7294944897,0.0817934935,0.1610021376,0.0260037210,0.1173768929,0.0625865814,-0.0536574484,0.1249869066,0.0264611079,-0.2110154375,0.1376517939,0.0655615644,0.0059571276,0.1282230255,-0.0305591895,-0.1228911624,0.1782614066,0.2587475789,-0.6581132505,1.2698028852,-0.2730441678,0.1891501221,0.0529698693,-2.4439660333,-1.0616512675,1.3679920895,0.9943527489,0.1742377721,0.1513785493,-0.2030406663
-0.0426795905,-0.0622814286,0.8182286209,-0.0455578510,0.0175838874,-0.6828866176,0.7288903598,0.0821246716,0.1618748873,0.0287014173,0.1173679058,0.0629997981,-0.0536401388,0.1244666917,0.0273631976,-0.2077435666,0.1374443293,0.0667861695,0.0055915467,0.1227393693,-0.0299814643,-0.1235659880,0.1758835490,0.2572468416,-0.6610236779,1.2690881027,-0.2724032751,0.1892795149,0.0527758171,-2.4678674618,-1.0651731757,1.3854023843,0.9938068055,0.1751796393,0.1488058675,-0.2110787352
-0.0427950846,-0.0621568723,0.8183929763,-0.0456949101,0.0177088468,-0.6835668668,0.7282408327,0.0824825872,0.1628480738,0.0315024832,0.1173504217,0.0634372678,-0.0536955294,0.1239136160,0.0283620317,-0.2043685106,0.1372307743,0.0680582553,0.0051450310,0.1163824809,-0.0298677617,-0.1241417340,0.1736753230,0.2560445376,-0.6631514957,1.2684345979,-0.2718864655,0.1893712000,0.0526673243,-2.4902386155,-1.0684687396,1.3996281824,0.9929958519,0.1753613714,0.1462704239,-0.2191576639
-0.0426931968,-0.0618125210,0.8184140935,-0.0459580129,0.0176311433,-0.6842028271,0.7276286795,0.0829750281,0.1631020346,0.0330412363,0.1174206304,0.0631893342,-0.0535274793,0.1236348800,0.0285005786,-0.2033307317,0.1371249548,0.0679792067,0.0051278362,0.1083853710,-0.0318843209,-0.1242888863,0.1742072242,0.2572249858,-0.6597165967,1.2678921647,-0.2719273542,0.1890690947,0.0530228473,-2.5005632576,-1.0703591293,1.3999867951,0.9882580933,0.1737206463,0.1436663307,-0.2228717472
-0.0425621090,-0.0614818727,0.8185117778,-0.0461245449,0.0175659322,-0.6846863037,0.7271647886,0.0835041245,0.1633670773,0.0348745956,0.1173282438,0.0633443583,-0.0533726640,0.1233311725,0.0287370188,-0.2013583842,0.1370387612,0.0685347299,0.0049143358,0.0993141876,-0.0340980589,-0.1256415070,0.1761957730,0.2587451544,-0.6554286819,1.2669996927,-0.2715986079,0.1887439033,0.0533237130,-2.5086871262,-1.0723070937,1.3999999983,0.9826176836,0.1717301426,0.1412496113,-0.2272447906
-0.0424217675,-0.0611906347,0.8185217994,-0.0462249227,0.0175452262,-0.6851293080,0.7267415310,0.0839138887,0.1635600455,0.0366031837,0.1171765711,0.0635106053,-0.0531976201,0.1229721709,0.0289207545,-0.1994914076,0.1368845022,0.0690657102,0.0047354072,0.0899966148,-0.0363435306,-0.1275055174,0.1787109817,0.2603588583,-0.6509330313,1.2659094197,-0.2710701711,0.1884255778,0.0535829956,-2.5161923198,-1.0742391589,1.4000000000,0.9767014276,0.1697730757,0.1389044003,-0.2319457991
-0.0425331508,-0.0611101912,0.8185244260,-0.0463197493,0.0176007320,-0.6854914773,0.7263925451,0.0836733408,0.1640912193,0.0372417934,0.1171590466,0.0637152170,-0.0532192022,0.1228008617,0.0293451647,-0.1989559153,0.1368092373,0.0692697563,0.0047967469,0.0888811456,-0.0352564818,-0.1280972853,0.1776161245,0.2598446468,-0.6536489479,1.2651010405,-0.2702824676,0.1886540667,0.0533858020,-2.5253899012,-1.0741663939,1.4000000000,0.9671849659,0.1752392097,0.1365255491,-0.2384567544
-0.0426315814,-0.0609761262,0.8185225511,-0.0464091950,0.0176142979,-0.6858569964,0.7260413925,0.0839136630,0.1648022964,0.0388682927,0.1172127722,0.0637669183,-0.0529120477,0.1225779173,0.0298455800,-0.1976450260,0.1366553827,0.0696761367,0.0048507903,0.0880133144,-0.0342586526,-0.1285171577,0.1760793821,0.2592219827,-0.6566468325,1.2647081945,-0.2697202527,0.1887021815,0.0532556316,-2.5344644839,-1.0744357074,1.4000000000,0.9571750705,0.1807713805,0.1343979876,-0.2452750711
-0.0426439656,-0.0608383210,0.8186082789,-0.0465175860,0.0176107485,-0.6862322915,0.7256798315,0.0842195622,0.1655254470,0.0405235056,0.1172605794,0.0638155446,-0.0526068218,0.1224045568,0.0303577694,-0.1963001702,0.1364899906,0.0700892703,0.0049001619,0.0872578759,-0.0332937037,-0.1288816364,0.1744521496,0.2586162009,-0.6597315523,1.2644202515,-0.2691875799,0.1887045926,0.0531037265,-2.5434775261,-1.0748267504,1.4000000000,0.9470302974,0.1862503641,0.1323005905,-0.2521757458
-0.0421190975,-0.0602096721,0.8186067277,-0.0469348190,0.0175411372,-0.6868827213,0.7250390048,0.0844292267,0.1649000116,0.0415939468,0.1176153738,0.0635533596,-0.0518169789,0.1220584964,0.0301399412,-0.1943757492,0.1362456579,0.0704178268,0.0052894992,0.0902305429,-0.0281385951,-0.1270204532,0.1741479343,0.2563510255,-0.6665822553,1.2656693843,-0.2690814330,0.1891543037,0.0511730733,-2.5466092844,-1.0794508924,1.3999893734,0.9252429690,0.1992571073,0.1286951869,-0.2571938199
-0.0415590311,-0.0595973804,0.8186056944,-0.0473179490,0.0174108110,-0.6874942767,0.7244373644,0.0849260183,0.1647731473,0.0436726193,0.1179327274,0.0632792250,-0.0507889835,0.1218377220,0.0299091620,-0.1921546513,0.1359742365,0.0710285556,0.0057054860,0.0932635457,-0.0233586404,-0.1255802297,0.1741081611,0.2543474088,-0.6735435252,1.2671367970,-0.2690072614,0.1894764585,0.0492656333,-2.5484577010,-1.0854397178,1.3998462227,0.9016223774,0.2122980159,0.1256143122,-0.2631929785
-0.0410304482,-0.0590159844,0.8186100211,-0.0477628625,0.0172317148,-0.6882004279,0.7237416307,0.0855803340,0.1648808688,0.0459528559,0.1182524134,0.0630465997,-0.0499554132,0.1216217268,0.0298945729,-0.1897485465,0.1357612447,0.0716957337,0.0059052704,0.0935223156,-0.0196331873,-0.1241664849,0.1749430431,0.2530884978,-0.6779672830,1.2687272359,-0.2692815971,0.1897064170,0.0476236033,-2.5447437040,-1.0916320341,1.3905607885,0.8771349678,0.2228808192,0.1225492510,-0.2694634086
-0.0405026811,-0.0580992514,0.8185227372,-0.0483441283,0.0169660484,-0.6886421142,0.7232890412,0.0853234321,0.1643467059,0.0467466227,0.1184945530,0.0625745750,-0.0492534152,0.1213371413,0.0296695492,-0.1880151482,0.1356941381,0.0723291285,0.0063327715,0.0961250245,-0.0132802390,-0.1211691239,0.1757654718,0.2559235020,-0.6771037645,1.2698326292,-0.2698062509,0.1899252924,0.0464992459,-2.5358043992,-1.0995464181,1.3702421397,0.8224330123,0.2279134891,0.1163551436,-0.2875957212
-0.0400209922,-0.0572049048,0.8184383634,-0.0488926716,0.0166182022,-0.6890159422,0.7229041246,0.0855521967,0.1640631607,0.0485524581,0.1188695347,0.0618519819,-0.0482511774,0.1212432010,0.0292725557,-0.1868757808,0.1356850796,0.0725194838,0.0066704081,0.0975846819,-0.0078756687,-0.1184029233,0.1768985290,0.2594516814,-0.6753176448,1.2712269650,-0.2701781606,0.1900670012,0.0453319582,-2.5216795965,-1.1098174522,1.3446192681,0.7631141049,0.2305661778,0.1122899179,-0.3077107565
-0.0395661666,-0.0563010237,0.8183547416,-0.0494533976,0.0162368722,-0.6893816423,0.7225259004,0.0858454944,0.1637786319,0.0503325128,0.1192220135,0.0611518646,-0.0472797780,0.1211867355,0.0288742398,-0.1857676665,0.1357351612,0.0726688968,0.0069707947,0.0984866582,-0.0027934574,-0.1158993005,0.1784302429,0.2632582346,-0.6730812008,1.2726646559,-0.2705142219,0.1901890645,0.0441239886,-2.5042769909,-1.1204568324,1.3157089147,0.7023365529,0.2315125117,0.1089092074,-0.3282406195
-0.0390736639,-0.0546983075,0.8182699741,-0.0502769064,0.0155959647,-0.6896694704,0.7222084326,0.0856832757,0.1638460502,0.0498497594,0.1198136377,0.0617663633,-0.0468094542,0.1206022963,0.0286208638,-0.1838946895,0.1360239955,0.0730468006,0.0076485869,0.1007971107,0.0050401553,-0.1117093792,0.1664236253,0.2696570233,-0.6704563781,1.2733873499,-0.2712000643,0.1901883278,0.0440604331,-2.4572294361,-1.1329513808,1.2713948216,0.6550306898,0.2348257981,0.1084603733,-0.3401524676
-0.0386855895,-0.0531115020,0.8181934938,-0.0510360504,0.0149111474,-0.6900106104,0.7218437066,0.0856519255,0.1638319967,0.0509553774,0.1203314511,0.0615667039,-0.0455535619,0.1201310709,0.0281579709,-0.1825607006,0.1362369713,0.0731259090,0.0080483296,0.1009716889,0.0117750569,-0.1086286009,0.1552389312,0.2765335275,-0.6661775587,1.2755186993,-0.2721336355,0.1900707806,0.0432381176,-2.4021223972,-1.1438664289,1.2186325047,0.6070915498,0.2358521823,0.1075697242,-0.3523083729
-0.0383216713,-0.0515351369,0.8180309189,-0.0517602988,0.0142381046,-0.6903419196,0.7214888647,0.0855626838,0.1638052122,0.0520224926,0.1208170122,0.0613906850,-0.0443286267,0.1195925437,0.0276883815,-0.1812670414,0.1364717110,0.0731779088,0.0084221611,0.0998727045,0.0182325241,-0.1061625459,0.1449032685,0.2835998418,-0.6608579133,1.2778487562,-0.2730039354,0.1897865990,0.0422969365,-2.3421131642,-1.1524226822,1.1608263814,0.5586280555,0.2353400811,0.1067534467,-0.3647534651
-0.0383610256,-0.0498098444,0.8179228430,-0.0535899780,0.0117470394,-0.6906155956,0.7211381424,0.0886225437,0.1618169315,0.0524903299,0.1241001050,0.0603587279,-0.0451525085,0.1222682812,0.0266172598,-0.1794371574,0.1403217981,0.0708763747,0.0083952670,0.0987007041,0.0208574892,-0.1053703565,0.0836428606,0.3137529449,-0.6495570417,1.2704553395,-0.2624353739,0.1911254107,0.0401566378,-2.2062414856,-1.1786349814,1.0453088818,0.4724306862,0.2247649497,0.1097678158,-0.3891802955
-0.0381484378,-0.0478735081,0.8177937960,-0.0546451141,0.0104250636,-0.6907205227,0.7209787716,0.0893595966,0.1610229168,0.0533145293,0.1246718036,0.0610417263,-0.0443458664,0.1226835339,0.0258283957,-0.1783939626,0.1411214731,0.0706840996,0.0085492827,0.0936544019,0.0284925995,-0.1057922495,0.0233728273,0.3403197224,-0.6351959345,1.2627353848,-0.2508342908,0.1923724551,0.0384438596,-2.0777266851,-1.1847126722,0.9332795503,0.3968895675,0.2140010352,0.1110764691,-0.4087485517
-0.0378891668,-0.0459190257,0.8177518804,-0.0556384500,0.0092135472,-0.6908016370,0.7208415718,0.0897306526,0.1602259980,0.0540586776,0.1253153083,0.0617538937,-0.0434687454,0.1229059353,0.0250588263,-0.1774123466,0.1416999767,0.0706772285,0.0087568487,0.0881467939,0.0369079199,-0.1060632940,-0.0360775870,0.3678034724,-0.6214424036,1.2548847893,-0.2389318081,0.1934542964,0.0367380233,-1.9504155859,-1.1810087403,0.8226243010,0.3227482107,0.2023091395,0.1120222628,-0.4270346688
-0.0364330585,-0.0438964012,0.8176905508,-0.0570876506,0.0077150527,-0.6907012804,0.7208420211,0.0911388916,0.1581422309,0.0543921314,0.1262307425,0.0623520229,-0.0414296081,0.1242990968,0.0227971352,-0.1758150872,0.1426978237,0.0717778481,0.0104539646,0.0802452848,0.0516180073,-0.1065444341,-0.1241229958,0.3833314644,-0.6017733360,1.2572031888,-0.2266048060,0.1975839268,0.0412213260,-1.7894125846,-1.1732400877,0.7078907156,0.2189040420,0.1775978795,0.1115947865,-0.4478023478
-0.0351081581,-0.0420059770,0.8177185117,-0.0585273181,0.0061213499,-0.6905867684,0.7208515780,0.0927426977,0.1557788640,0.0546226313,0.1271470357,0.0631235406,-0.0394911606,0.1259538426,0.0205159628,-0.1745440664,0.1434721920,0.0726652263,0.0121234745,0.0709993290,0.0635166582,-0.1073404195,-0.2115749483,0.4034483356,-0.5825618496,1.2617358448,-0.2139271491,0.2007842742,0.0456032561,-1.6203676221,-1.1533054495,0.5866925028,0.1078167026,0.1476750311,0.1144550318,-0.4659883541
-0.0339232422,-0.0401678383,0.8176580789,-0.0598166816,0.0045964835,-0.6904486104,0.7208894182,0.0942773462,0.1534654560,0.0547508679,0.1278303658,0.0639019320,-0.0377594613,0.1275210986,0.0183108912,-0.1734070666,0.1441808407,0.0733680438,0.0136245875,0.0611136588,0.0728505997,-0.1084666913,-0.2978005692,0.4285927220,-0.5653002959,1.2660964527,-0.2011271832,0.2036100198,0.0500777709,-1.4516341310,-1.1202883521,0.4674565827,-0.0080502138,0.1142937763,0.1190055269,-0.4798572169
-0.0336603505,-0.0388467878,0.8177980091,-0.0604449644,0.0033789733,-0.6900689577,0.7212071980,0.0951415484,0.1517820910,0.0531272687,0.1277999084,0.0660814621,-0.0373171993,0.1286791886,0.0166616331,-0.1744200397,0.1445194803,0.0739014868,0.0142945307,0.0515069265,0.0778597606,-0.1094367198,-0.3775677472,0.4595137089,-0.5497518459,1.2592001914,-0.1973516915,0.2021333988,0.0586070057,-1.2821356728,-1.0776812618,0.3820406361,-0.0607141391,0.0995931129,0.1235124747,-0.4769566805
-0.0333233269,-0.0377518866,0.8178359334,-0.0608854719,0.0023035777,-0.6897297800,0.7214987758,0.0957390941,0.1498850770,0.0516897312,0.1277198416,0.0682034217,-0.0362688626,0.1294782243,0.0149379610,-0.1747264595,0.1449733413,0.0742989222,0.0157508146,0.0435140018,0.0838282127,-0.1103540859,-0.4575233157,0.4903323323,-0.5381818294,1.2506202974,-0.1943713872,0.2010025860,0.0676415259,-1.1311237573,-1.0279214077,0.3166550738,-0.1083041788,0.0874471074,0.1241399730,-0.4736392179
-0.0328777088,-0.0367116577,0.8179501666,-0.0612952954,0.0012947080,-0.6894408602,0.7217426902,0.0962813423,0.1479154131,0.0504461582,0.1276978037,0.0701865208,-0.0350799322,0.1301788553,0.0131368592,-0.1748439960,0.1454254898,0.0746824092,0.0173671016,0.0366855439,0.0911216555,-0.1106640693,-0.5384111877,0.5200453487,-0.5293531804,1.2413794986,-0.1916154776,0.2003895467,0.0771709723,-0.9954869737,-0.9729137513,0.2688342812,-0.1543523644,0.0764944772,0.1243463475,-0.4708218832
-0.0322713447,-0.0360284136,0.8179746287,-0.0616615763,0.0006904624,-0.6889768691,0.7221552791,0.0965382466,0.1462077133,0.0481471317,0.1275156285,0.0706794070,-0.0340294311,0.1311212870,0.0114500831,-0.1770075837,0.1451311943,0.0749081144,0.0170357856,0.0322101032,0.0948663227,-0.1118972657,-0.6210120162,0.5416643767,-0.5144843490,1.2243475650,-0.2035765348,0.1966486073,0.0920918394,-0.8918035007,-0.9175629703,0.2445586266,-0.1213492600,0.0811863889,0.1294657821,-0.4676247698
-0.0314722993,-0.0351582354,0.8179773113,-0.0621503575,0.0000243808,-0.6884907942,0.7225771646,0.0968840503,0.1443117733,0.0459983999,0.1276593908,0.0715842256,-0.0323948109,0.1321852045,0.0096252537,-0.1782060698,0.1453116396,0.0753704743,0.0187422601,0.0265862424,0.1012383632,-0.1121856982,-0.7028606662,0.5621214372,-0.4989799272,1.2072408284,-0.2159766373,0.1923340055,0.1076200501,-0.8036587189,-0.8605350417,0.2363213137,-0.0797305517,0.0880637621,0.1301146839,-0.4650596584
-0.0306022260,-0.0343771729,0.8180604732,-0.0626795432,-0.0006501655,-0.6880126197,0.7229865056,0.0972962599,0.1423767684,0.0439167732,0.1278676992,0.0724239686,-0.0306624867,0.1333394111,0.0077588110,-0.1793405476,0.1454636665,0.0758563346,0.0205500610,0.0202979701,0.1086367042,-0.1119910081,-0.7842801184,0.5821486810,-0.4839232256,1.1894768243,-0.2281977565,0.1881968568,0.1238715846,-0.7225712288,-0.8020963762,0.2375193683,-0.0363270732,0.0952333445,0.1302110852,-0.4632850228
-0.0293335463,-0.0347495330,0.8180685421,-0.0627021739,-0.0005581968,-0.6883510995,0.7226623621,0.0981501581,0.1406208700,0.0448355495,0.1277544427,0.0715369853,-0.0291880592,0.1335754878,0.0065578372,-0.1774814151,0.1446832058,0.0758214618,0.0209210907,0.0141544778,0.1203025025,-0.1130410724,-0.8737865832,0.6121010838,-0.4960990383,1.1905539143,-0.2348575713,0.1875197693,0.1304736916,-0.6755423948,-0.7587209301,0.2606601615,0.0202994674,0.1057851814,0.1353986413,-0.4446053673
-0.0280064462,-0.0349993845,0.8180722651,-0.0628216397,-0.0004968121,-0.6887562840,0.7222658624,0.0990159845,0.1388773907,0.0458607072,0.1278875452,0.0710218877,-0.0272715042,0.1340230146,0.0049373115,-0.1763577253,0.1442888941,0.0762943193,0.0222479163,0.0073242530,0.1330118168,-0.1131586690,-0.9652572411,0.6398817834,-0.5100103849,1.1932208486,-0.2413697657,0.1857635465,0.1364361970,-0.6334117627,-0.7150141868,0.2886188115,0.0806279811,0.1167586070,0.1395065471,-0.4254324667
-0.0265777269,-0.0352740787,0.8180719186,-0.0629453609,-0.0004396851,-0.6891548002,0.7218748850,0.0999360441,0.1371156672,0.0468799683,0.1280182801,0.0704698371,-0.0253362270,0.1345398596,0.0032976800,-0.1752394319,0.1438635179,0.0767441168,0.0236042565,0.0002370703,0.1460158781,-0.1130290892,-1.0577285514,0.6654241919,-0.5262373061,1.1957036630,-0.2477540990,0.1836539957,0.1425240634,-0.5921031184,-0.6708547185,0.3187859280,0.1415211817,0.1271730712,0.1434277010,-0.4058153840
-0.0252830394,-0.0351663311,0.8181963313,-0.0629605480,0.0000027646,-0.6896636235,0.7213875906,0.0995114314,0.1362558471,0.0477199703,0.1280521875,0.0703384902,-0.0240169005,0.1338674172,0.0024198070,-0.1731583211,0.1432442612,0.0785157159,0.0258537120,-0.0033412972,0.1577035125,-0.1128531318,-1.1470261492,0.6984819641,-0.5464177559,1.1871382188,-0.2569821116,0.1777783052,0.1471490700,-0.5348591378,-0.6343504858,0.3436426264,0.2243780023,0.1379110681,0.1438656349,-0.3939750492
-0.0240239204,-0.0351202080,0.8183503189,-0.0628579744,0.0004640003,-0.6902006612,0.7208825889,0.0989212888,0.1350716344,0.0490954591,0.1281653031,0.0705433378,-0.0227226224,0.1329338675,0.0013915353,-0.1713283284,0.1426084077,0.0798149908,0.0271577696,-0.0063644827,0.1692377080,-0.1132545084,-1.2377860097,0.7280969311,-0.5705094469,1.1776479874,-0.2664194122,0.1719766623,0.1522727525,-0.4770280023,-0.5980936072,0.3705679642,0.3080145284,0.1483540048,0.1431495319,-0.3814023627
-0.0228614980,-0.0350961035,0.8185025062,-0.0627250902,0.0009503816,-0.6907344998,0.7203821976,0.0982755072,0.1338869159,0.0504586100,0.1282616572,0.0707381802,-0.0214423722,0.1319294783,0.0003606098,-0.1695147359,0.1420066645,0.0810675993,0.0284529768,-0.0091192009,0.1808602012,-0.1137939309,-1.3303879383,0.7540036852,-0.5979759192,1.1678490314,-0.2758598024,0.1660236221,0.1577172797,-0.4187828166,-0.5621688176,0.3995474665,0.3917807561,0.1582782751,0.1423699030,-0.3680514777
-0.0219312935,-0.0357018089,0.8185311291,-0.0621777096,0.0018457174,-0.6913623134,0.7198254492,0.0974013519,0.1334778776,0.0525049916,0.1281448091,0.0711325638,-0.0201463319,0.1304008135,-0.0002840077,-0.1681170781,0.1412989683,0.0831851845,0.0300339985,-0.0063914301,0.1879995620,-0.1161392938,-1.4093182835,0.7714481173,-0.6275891218,1.1698636767,-0.2849518909,0.1611816021,0.1603728602,-0.3957231946,-0.5367400540,0.4460862785,0.5186095741,0.1710173818,0.1451913802,-0.3399738227
-0.0209840222,-0.0361599674,0.8186668225,-0.0617256319,0.0027250709,-0.6920124422,0.7192366093,0.0963990520,0.1329805594,0.0539172569,0.1282051765,0.0711297702,-0.0188927103,0.1288810545,-0.0008340216,-0.1670137387,0.1407169758,0.0842639219,0.0315044795,-0.0052475562,0.1961995679,-0.1179558855,-1.4879950420,0.7873395588,-0.6575139223,1.1711780221,-0.2938576753,0.1564087100,0.1635523849,-0.3754401848,-0.5095600890,0.4960103072,0.6500807377,0.1829768069,0.1463790330,-0.3096681145
-0.0201564695,-0.0365889346,0.8188025719,-0.0613090248,0.0035668330,-0.6926454939,0.7186589601,0.0954393468,0.1325184668,0.0552723719,0.1283021922,0.0711487148,-0.0176803654,0.1274158865,-0.0013546080,-0.1659598745,0.1401918077,0.0853291801,0.0329294910,-0.0045619739,0.2045749656,-0.1195792422,-1.5673409602,0.8006650272,-0.6888441215,1.1721526877,-0.3027372776,0.1515727598,0.1668822251,-0.3538065339,-0.4811834640,0.5462045621,0.7818161731,0.1926401632,0.1477341897,-0.2774293045
-0.0198083847,-0.0369485357,0.8189532074,-0.0607278595,0.0039710053,-0.6923748386,0.7189669262,0.0940192513,0.1316067425,0.0543515899,0.1284424144,0.0720879295,-0.0168590334,0.1265254952,-0.0021129008,-0.1666389568,0.1401194468,0.0862582713,0.0339255877,-0.0022622189,0.2094615779,-0.1211956705,-1.6415325219,0.8081889829,-0.7304361075,1.1702455993,-0.3075775635,0.1471446629,0.1669977339,-0.3452757682,-0.4772673146,0.5881726462,0.8633837695,0.1942287464,0.1461726472,-0.2469738755
-0.0195615456,-0.0372424249,0.8190258197,-0.0601547275,0.0044276605,-0.6921340445,0.7192442346,0.0926557424,0.1307251019,0.0530791947,0.1284428616,0.0731007185,-0.0160746218,0.1256721724,-0.0028902825,-0.1676924534,0.1399288422,0.0865979950,0.0346605776,0.0008314771,0.2143185768,-0.1227935694,-1.7163912751,0.8117279426,-0.7727492249,1.1681034105,-0.3123470775,0.1429117180,0.1671934420,-0.3343105420,-0.4741781859,0.6284057490,0.9413943820,0.1942303557,0.1467381908,-0.2163296634
-0.0192615664,-0.0376210268,0.8191876461,-0.0595749395,0.0048890971,-0.6918954201,0.7195190414,0.0912786527,0.1298878932,0.0517999840,0.1284297090,0.0741321078,-0.0153402666,0.1247864118,-0.0036273167,-0.1687569228,0.1397543582,0.0869312829,0.0353438541,0.0040988062,0.2190353088,-0.1244055052,-1.7913484878,0.8117099042,-0.8155929799,1.1659553733,-0.3171586135,0.1386285733,0.1675066549,-0.3223665957,-0.4710956566,0.6678994183,1.0186837950,0.1930175322,0.1475744465,-0.1853595668
-0.0193309750,-0.0381738134,0.8193373725,-0.0587757534,0.0053825889,-0.6916325176,0.7198339386,0.0898524686,0.1292236928,0.0504360201,0.1284299394,0.0758599082,-0.0153564500,0.1238250218,-0.0041289814,-0.1700567001,0.1396069729,0.0883395469,0.0361408112,0.0079190846,0.2220687989,-0.1251140002,-1.8476264384,0.8149849058,-0.8495808017,1.1689694926,-0.3190978836,0.1362156151,0.1656516499,-0.2993741290,-0.4427758807,0.7063731616,1.1095290734,0.1984820170,0.1521625113,-0.1560357286
-0.0194078249,-0.0386867672,0.8195779979,-0.0579311694,0.0059507395,-0.6913622832,0.7201574562,0.0882290963,0.1285565833,0.0488644186,0.1283599579,0.0778218308,-0.0153134560,0.1227026505,-0.0046588881,-0.1715431345,0.1394416672,0.0894173123,0.0366962132,0.0113936696,0.2252964528,-0.1264451985,-1.9026140873,0.8170556460,-0.8833434475,1.1710396482,-0.3208145637,0.1339033156,0.1641411732,-0.2750540873,-0.4149859905,0.7456387205,1.2008543217,0.2029155180,0.1566243324,-0.1261119941
-0.0193974522,-0.0392879471,0.8198186150,-0.0570721546,0.0065369839,-0.6910926712,0.7204796713,0.0865500186,0.1278906026,0.0472874337,0.1282991851,0.0797838727,-0.0152684497,0.1215195278,-0.0051895384,-0.1730299497,0.1392917336,0.0904960352,0.0372484470,0.0147751046,0.2285351121,-0.1278385506,-1.9574293818,0.8174608417,-0.9172943093,1.1729262813,-0.3225286973,0.1316217521,0.1627462273,-0.2494839455,-0.3881610288,0.7850858492,1.2921591794,0.2060671833,0.1611455052,-0.0953495493
-0.0195755791,-0.0395487855,0.8201139131,-0.0556367083,0.0075950537,-0.6893843053,0.7222161390,0.0831035272,0.1264871217,0.0428043433,0.1252432298,0.0826575427,-0.0158582379,0.1205137062,-0.0060916967,-0.1776141606,0.1362858993,0.0917066524,0.0363680592,0.0198983395,0.2267081723,-0.1299354880,-2.0121479420,0.8127380888,-0.9486670250,1.1738858723,-0.3262827574,0.1282085805,0.1597294411,-0.2307699663,-0.3743792991,0.7969439774,1.3239019317,0.2120749850,0.1632377420,-0.0771398528
-0.0194334334,-0.0400026661,0.8203039998,-0.0547946239,0.0078911548,-0.6875681694,0.7240064166,0.0808446521,0.1245362412,0.0381303546,0.1249595941,0.0848530381,-0.0161006625,0.1206994266,-0.0077238732,-0.1819902431,0.1361588957,0.0921436302,0.0364694119,0.0255292742,0.2268473407,-0.1314231505,-2.0601400763,0.8085149507,-0.9750204549,1.1704987644,-0.3304379181,0.1242382295,0.1595428320,-0.2089717009,-0.3654740092,0.8090024242,1.3524213152,0.2181062953,0.1655740112,-0.0579985373
-0.0193085927,-0.0405689889,0.8204879105,-0.0540208969,0.0081263040,-0.6857468344,0.7257871485,0.0787913245,0.1224942178,0.0335153124,0.1248060556,0.0868987197,-0.0162444458,0.1210358097,-0.0094723858,-0.1863026172,0.1362533238,0.0924182324,0.0366889736,0.0314293122,0.2277133034,-0.1331207585,-2.1058043885,0.8037707847,-0.9994270196,1.1655241169,-0.3343460215,0.1204839284,0.1601659569,-0.1864502464,-0.3583145880,0.8211948356,1.3800975121,0.2239337556,0.1682713358,-0.0386063243
-0.0193562854,-0.0407885223,0.8206873598,-0.0533870898,0.0081906444,-0.6846641117,0.7268547215,0.0773676171,0.1209001164,0.0292732920,0.1246822683,0.0873032466,-0.0163266275,0.1209783403,-0.0105741262,-0.1896409683,0.1363358394,0.0923452022,0.0364930314,0.0353300365,0.2270333125,-0.1357897823,-2.1390228187,0.8044107273,-1.0231893112,1.1606102091,-0.3398216326,0.1164900838,0.1600273314,-0.1753536083,-0.3591497248,0.8178359561,1.4031630378,0.2312951898,0.1691484266,-0.0242181250
-0.0193759532,-0.0409731666,0.8208076401,-0.0527608016,0.0082197941,-0.6836213148,0.7278809180,0.0759265547,0.1192320291,0.0251516698,0.1246660416,0.0884109850,-0.0164101850,0.1209565119,-0.0119176853,-0.1933845903,0.1364266083,0.0926609233,0.0366939221,0.0397722437,0.2269180556,-0.1384431322,-2.1709744529,0.8050499302,-1.0456063641,1.1542836057,-0.3452704733,0.1125758281,0.1602740418,-0.1643252025,-0.3608240246,0.8140266885,1.4261869270,0.2382567458,0.1702034008,-0.0097408610
-0.0194689668,-0.0412411427,0.8210163755,-0.0521384605,0.0082527680,-0.6825831742,0.7288989525,0.0744997404,0.1175562826,0.0210557332,0.1246309129,0.0895312834,-0.0164759751,0.1209357563,-0.0132698606,-0.1971022546,0.1364993218,0.0929981137,0.0369150399,0.0443187162,0.2269823883,-0.1412013915,-2.2023751002,0.8050776245,-1.0676315168,1.1475038909,-0.3506055349,0.1087477103,0.1607349449,-0.1532899926,-0.3628793145,0.8101639705,1.4491857742,0.2450807835,0.1713148804,0.0049466312
-0.0200849642,-0.0410930204,0.8210946975,-0.0519135439,0.0079374923,-0.6811852893,0.7302250214,0.0734980155,0.1169780684,0.0167437883,0.1247496460,0.0924948489,-0.0163865015,0.1215589030,-0.0137063149,-0.2010950006,0.1368437570,0.0926229711,0.0364775983,0.0512710252,0.2258953343,-0.1420765922,-2.2285323318,0.8088328907,-1.0823129766,1.1353765921,-0.3593076710,0.1030901077,0.1604202705,-0.1346896255,-0.3538487940,0.8170541885,1.4502656040,0.2425852859,0.1705395382,0.0175281793
-0.0207110354,-0.0410565428,0.8212113954,-0.0515816043,0.0074978923,-0.6797379385,0.7316006114,0.0727350910,0.1159318851,0.0122665254,0.1246081713,0.0934505280,-0.0166726273,0.1225071576,-0.0142741899,-0.2047675881,0.1369989653,0.0921650017,0.0360827891,0.0579490652,0.2247044108,-0.1435325145,-2.2527109228,0.8127109538,-1.0965732389,1.1209828421,-0.3680816526,0.0981997522,0.1615469391,-0.1142494293,-0.3459721306,0.8241049577,1.4469677178,0.2396240890,0.1728339844,0.0287115879
-0.0214098962,-0.0410544398,0.8213259889,-0.0512402998,0.0070674761,-0.6782827181,0.7329781967,0.0719740140,0.1148621532,0.0077857928,0.1245039795,0.0943399423,-0.0169399706,0.1235104081,-0.0148580735,-0.2084415045,0.1370938317,0.0916909343,0.0357206127,0.0647648578,0.2236693229,-0.1452278884,-2.2763823572,0.8164241941,-1.1105418671,1.1061597784,-0.3767159280,0.0932179438,0.1627325976,-0.0929229621,-0.3386652626,0.8311702188,1.4428094109,0.2366528071,0.1754554302,0.0394067583
-0.0219140607,-0.0412644454,0.8213272758,-0.0509485790,0.0069696236,-0.6771672389,0.7340301065,0.0712185614,0.1143078012,0.0035590136,0.1244934938,0.0974891729,-0.0174083932,0.1245394128,-0.0157406613,-0.2142144272,0.1372092058,0.0903684149,0.0353331326,0.0706712526,0.2215326634,-0.1469283755,-2.2962280672,0.8185311256,-1.1199692170,1.0921799051,-0.3866836272,0.0884655936,0.1644071653,-0.0789602781,-0.3374775471,0.8306984411,1.4379829562,0.2366555767,0.1765955948,0.0438845768
-0.0224687655,-0.0414454728,0.8213477955,-0.0505902315,0.0067422711,-0.6759828757,0.7351478232,0.0705900604,0.1134696174,-0.0003331407,0.1243209748,0.0986342235,-0.0179477516,0.1252821190,-0.0162488054,-0.2176498115,0.1373666129,0.0898957795,0.0349844306,0.0771548443,0.2194291414,-0.1485395449,-2.3154244938,0.8202636512,-1.1281454989,1.0777386159,-0.3963344285,0.0835817092,0.1663814558,-0.0648990010,-0.3366473032,0.8294437375,1.4334134882,0.2368350453,0.1775160842,0.0479726597
-0.0229284318,-0.0416264599,0.8214553061,-0.0502447411,0.0065163853,-0.6748296956,0.7362322220,0.0699614506,0.1126589919,-0.0041379778,0.1242375102,0.0997140571,-0.0184847264,0.1260468305,-0.0167247412,-0.2209965756,0.1374760174,0.0894627688,0.0346376528,0.0839699250,0.2174278123,-0.1502407557,-2.3342269144,0.8216123663,-1.1359607731,1.0630648070,-0.4057617683,0.0786218890,0.1685424659,-0.0506820665,-0.3359242813,0.8279654667,1.4288535746,0.2370203935,0.1783712311,0.0520161909
-0.0229969005,-0.0416274614,0.8214950770,-0.0500592800,0.0062575303,-0.6740410301,0.7369691999,0.0695966292,0.1114829597,-0.0071802337,0.1242182149,0.1006251210,-0.0186026661,0.1268191335,-0.0183165829,-0.2259407140,0.1376324042,0.0883766902,0.0341522710,0.0897602195,0.2154861200,-0.1513569189,-2.3494096355,0.8235671613,-1.1389695357,1.0524737931,-0.4164939452,0.0751208038,0.1695976229,-0.0372438856,-0.3375106320,0.8269440620,1.4233705589,0.2367684732,0.1791702682,0.0534771340
-0.0230093485,-0.0416345973,0.8215214337,-0.0498642599,0.0059457244,-0.6731990817,0.7377541598,0.0693682330,0.1101371884,-0.0103008238,0.1241834008,0.1017497447,-0.0187121879,0.1275797396,-0.0196445806,-0.2295084969,0.1378722901,0.0879104141,0.0338413048,0.0956724978,0.2138804360,-0.1526014351,-2.3638967232,0.8255438546,-1.1411166435,1.0418671423,-0.4269278469,0.0713059452,0.1704962869,-0.0234212899,-0.3396118561,0.8257799304,1.4176208852,0.2365957720,0.1800608849,0.0546959813
-0.0230107251,-0.0417334634,0.8215483662,-0.0496716788,0.0056384830,-0.6723706826,0.7385246082,0.0691669506,0.1087955500,-0.0133792883,0.1241276022,0.1028704374,-0.0188124257,0.1283651307,-0.0209663509,-0.2330371832,0.1380551793,0.0874777641,0.0335433885,0.1017502743,0.2123846497,-0.1539551067,-2.3780539925,0.8273712523,-1.1429799636,1.0311320048,-0.4371768030,0.0673300841,0.1714603914,-0.0094202284,-0.3418610522,0.8244940102,1.4117331648,0.2364524289,0.1810020786,0.0558696739
-0.0233719647,-0.0415503823,0.8215304281,-0.0497274020,0.0054042992,-0.6721927703,0.7386845460,0.0693992853,0.1087802188,-0.0147425456,0.1239366845,0.1021449692,-0.0193657881,0.1286986105,-0.0208718133,-0.2349723378,0.1382913529,0.0870692020,0.0332138350,0.1050732790,0.2103430594,-0.1545232968,-2.3889575437,0.8313355999,-1.1403298509,1.0207320793,-0.4474885031,0.0635539951,0.1740707282,0.0037448937,-0.3449327251,0.8214468270,1.4075474007,0.2367903723,0.1818864294,0.0567880713
-0.0237153170,-0.0413499713,0.8215275674,-0.0498372691,0.0051074938,-0.6720441999,0.7388144242,0.0697126468,0.1088420958,-0.0159984909,0.1239969268,0.1026129885,-0.0196926723,0.1292574908,-0.0210268013,-0.2373382194,0.1384819527,0.0865718105,0.0329172449,0.1086754196,0.2087375447,-0.1551227643,-2.3988156836,0.8357827513,-1.1367554322,1.0095457163,-0.4573723847,0.0596273717,0.1770920900,0.0168989385,-0.3482120071,0.8182828516,1.4038340364,0.2371155385,0.1825974301,0.0577888686
-0.0240489073,-0.0412319838,0.8215252349,-0.0499600326,0.0047995388,-0.6718925622,0.7389461039,0.0700833761,0.1088915914,-0.0172482626,0.1239985243,0.1031127284,-0.0200031915,0.1298576794,-0.0211892458,-0.2396976806,0.1386541279,0.0860875200,0.0326363189,0.1123781090,0.2072700113,-0.1558004189,-2.4082004969,0.8403288402,-1.1328217479,0.9979370889,-0.4669991480,0.0556380934,0.1803445596,0.0301229190,-0.3515558981,0.8150038998,1.4002462792,0.2374388949,0.1832232170,0.0588388783
-0.0240305267,-0.0410786523,0.8215428580,-0.0499378675,0.0045831354,-0.6727024453,0.7382117747,0.0706835068,0.1085222812,-0.0167343947,0.1239220520,0.1025738337,-0.0199961022,0.1292905994,-0.0212073016,-0.2375666696,0.1385333391,0.0863918335,0.0324179000,0.1122678899,0.2071441444,-0.1560556692,-2.4134315974,0.8489790352,-1.1322926425,0.9898148792,-0.4755416524,0.0524983185,0.1823894827,0.0401675831,-0.3556809844,0.8090465645,1.3951339837,0.2374811831,0.1833362515,0.0585085170
-0.0238962452,-0.0408951503,0.8215383549,-0.0499958001,0.0044945951,-0.6734617061,0.7375157957,0.0711981106,0.1085621420,-0.0156274560,0.1239052273,0.1023553649,-0.0201376131,0.1289247343,-0.0212918715,-0.2364498877,0.1384603057,0.0864127619,0.0321122358,0.1117746454,0.2076949424,-0.1562040581,-2.4188068500,0.8586025859,-1.1322731869,0.9814312734,-0.4840275080,0.0491477250,0.1842224078,0.0498427112,-0.3600773162,0.8036980129,1.3899778660,0.2373732638,0.1836097745,0.0581552251
-0.0238485802,-0.0407905144,0.8215336363,-0.0500706580,0.0043995634,-0.6742092009,0.7368280169,0.0717249494,0.1086145034,-0.0145481430,0.1239014480,0.1021395793,-0.0202798651,0.1285899971,-0.0213633439,-0.2353614870,0.1383875557,0.0864416478,0.0318058954,0.1110297513,0.2083877075,-0.1562546225,-2.4242839512,0.8684933538,-1.1324963520,0.9728842692,-0.4924818266,0.0456971461,0.1860367697,0.0593929052,-0.3645146981,0.7985549988,1.3848203647,0.2372846482,0.1839399304,0.0578321514
-0.0240553313,-0.0404236844,0.8215363506,-0.0501463085,0.0042898849,-0.6749942522,0.7361044111,0.0720651882,0.1091708874,-0.0133391400,0.1240969880,0.1023238697,-0.0207481769,0.1279126871,-0.0208273342,-0.2342623020,0.1383356227,0.0866076184,0.0314541305,0.1098990412,0.2063285891,-0.1544102764,-2.4217127686,0.8741362554,-1.1288288838,0.9531607868,-0.4979251286,0.0403891942,0.1879908494,0.0650779496,-0.3661480847,0.7945766032,1.3814429043,0.2387725430,0.1845515750,0.0571820660
-0.0244044499,-0.0400484537,0.8215315349,-0.0502776793,0.0041534170,-0.6757707293,0.7353834548,0.0724935781,0.1098049123,-0.0122379447,0.1241758569,0.1023031355,-0.0210324390,0.1274533599,-0.0203190902,-0.2335480705,0.1384146348,0.0866883199,0.0309487220,0.1092693285,0.2043999878,-0.1530116274,-2.4162228510,0.8805255099,-1.1231326069,0.9299902543,-0.5019256762,0.0359900096,0.1918315021,0.0706487961,-0.3670792853,0.7904712619,1.3793346843,0.2406527781,0.1850990538,0.0564956928
-0.0246633645,-0.0397562163,0.8215286365,-0.0504150260,0.0040094057,-0.6765440507,0.7346634586,0.0729436210,0.1104295125,-0.0111427362,0.1242392014,0.1022946219,-0.0213146647,0.1270089776,-0.0198194173,-0.2328420871,0.1384975129,0.0867704377,0.0304487351,0.1089248526,0.2026640702,-0.1519290311,-2.4092084059,0.8873168505,-1.1163227203,0.9052744747,-0.5052461678,0.0321192590,0.1965973688,0.0763620368,-0.3679931351,0.7862270466,1.3776832713,0.2426063569,0.1854862259,0.0558206478
-0.0250596221,-0.0395761919,0.8215260453,-0.0506925805,0.0039072225,-0.6777478507,0.7335344891,0.0738285398,0.1120678699,-0.0078077360,0.1242755306,0.1021840055,-0.0218239128,0.1260969986,-0.0186909325,-0.2307871624,0.1383508633,0.0867761512,0.0297753395,0.1072835704,0.2010291182,-0.1517047012,-2.4006051677,0.8965249449,-1.1072480288,0.8848778419,-0.5084574921,0.0294454336,0.2030555519,0.0803800985,-0.3693744666,0.7821803736,1.3753498618,0.2439150958,0.1857671285,0.0556406395
-0.0255487633,-0.0394917153,0.8215267774,-0.0507954871,0.0038897785,-0.6789778198,0.7323891099,0.0745740539,0.1134509431,-0.0047773951,0.1242973859,0.1020656735,-0.0223493033,0.1253595021,-0.0175944121,-0.2286027962,0.1381681582,0.0868514213,0.0290917992,0.1059152794,0.1997994266,-0.1515626028,-2.3916289289,0.9058802278,-1.0978969449,0.8648481019,-0.5113881889,0.0264259522,0.2093697043,0.0842136484,-0.3710018976,0.7783299294,1.3731418043,0.2451224474,0.1860943946,0.0556592552
-0.0259414741,-0.0393167361,0.8215285935,-0.0508920094,0.0038846205,-0.6802079795,0.7312400548,0.0752770383,0.1148328768,-0.0017452666,0.1243361020,0.1019453704,-0.0228646641,0.1245959219,-0.0164997660,-0.2264130642,0.1379650007,0.0869524811,0.0284161608,0.1045585677,0.1986330140,-0.1514740244,-2.3823507340,0.9152296245,-1.0883157818,0.8447991899,-0.5140975306,0.0232570011,0.2156507789,0.0880381625,-0.3726965071,0.7744862249,1.3709584138,0.2463188557,0.1864215519,0.0557465830
-0.0265625475,-0.0391596518,0.8214555402,-0.0509323169,0.0038692427,-0.6805962040,0.7308760053,0.0752327241,0.1160343528,-0.0012314435,0.1243516400,0.1018305472,-0.0234478518,0.1241294212,-0.0153074293,-0.2258992576,0.1378648061,0.0862727765,0.0275909313,0.1054812175,0.1953423638,-0.1491784406,-2.3693907068,0.9214065280,-1.0784333088,0.8321811412,-0.5139453230,0.0227575923,0.2201141060,0.0928360583,-0.3748078639,0.7753202768,1.3690276165,0.2460309360,0.1870422511,0.0568561416
-0.0271774661,-0.0389553630,0.8214641960,-0.0509717267,0.0038206213,-0.6809044265,0.7305863726,0.0752578961,0.1171789546,-0.0007645879,0.1243749461,0.1016367805,-0.0241409199,0.1238245354,-0.0142767789,-0.2258891516,0.1378436155,0.0854495113,0.0270697948,0.1063029079,0.1917130770,-0.1472069292,-2.3561993747,0.9265045447,-1.0681313388,0.8206437561,-0.5129601246,0.0221886323,0.2239907500,0.0979626784,-0.3768276860,0.7762929360,1.3670585636,0.2457716783,0.1876679999,0.0582102922
-0.0278793159,-0.0388502661,0.8213846021,-0.0509996567,0.0037711232,-0.6811975681,0.7303113629,0.0752797127,0.1182989992,-0.0003348109,0.1243799950,0.1014460561,-0.0248260018,0.1235211250,-0.0132733059,-0.2259168967,0.1378399562,0.0845952620,0.0265606996,0.1071826869,0.1879764105,-0.1453316996,-2.3429179607,0.9311320447,-1.0576239588,0.8095046670,-0.5117283254,0.0214872410,0.2276445113,0.1032268734,-0.3787864265,0.7771840733,1.3650639685,0.2455245750,0.1882811441,0.0595970712
-0.0285226306,-0.0385123644,0.8212137447,-0.0510045935,0.0037013540,-0.6818261055,0.7297246009,0.0752310930,0.1194955264,0.0005286296,0.1244510921,0.1011942793,-0.0256649576,0.1229020185,-0.0124272820,-0.2258239207,0.1378124661,0.0839929191,0.0259116735,0.1060798244,0.1837617545,-0.1428331165,-2.3227273117,0.9347308833,-1.0413641083,0.7946015747,-0.5099380940,0.0202333253,0.2322088762,0.1023130918,-0.3771818593,0.7795250161,1.3611091674,0.2452902017,0.1884940393,0.0602086312
-0.0292624706,-0.0381421190,0.8211343012,-0.0510189843,0.0035554819,-0.6824081291,0.7291800650,0.0752720577,0.1206362778,0.0013406289,0.1245314047,0.1010380266,-0.0263266549,0.1223553004,-0.0115114035,-0.2255965735,0.1378010878,0.0831134729,0.0251008898,0.1050354219,0.1798409796,-0.1405533372,-2.3000283016,0.9388213843,-1.0232038728,0.7775036077,-0.5070171842,0.0193715646,0.2377125494,0.1011519345,-0.3754323932,0.7819460711,1.3578950348,0.2452401043,0.1889887577,0.0607461724
-0.0299054515,-0.0377696213,0.8210565478,-0.0510420345,0.0034003467,-0.6829864204,0.7286375627,0.0753449645,0.1217632723,0.0021501695,0.1245908297,0.1008986499,-0.0269741709,0.1218279827,-0.0106102775,-0.2253656496,0.1378035148,0.0822300066,0.0243040843,0.1041415489,0.1761629820,-0.1384799997,-2.2759000654,0.9429075172,-1.0038945718,0.7593113673,-0.5035521201,0.0188714060,0.2437218950,0.1000639981,-0.3738012077,0.7843274889,1.3549369627,0.2452459083,0.1894749963,0.0612928885
-0.0303147061,-0.0374805000,0.8208149567,-0.0514765405,0.0034265253,-0.6827410128,0.7288368364,0.0750615867,0.1229885621,0.0018824384,0.1245629486,0.0996202740,-0.0285574250,0.1215387420,-0.0094160303,-0.2259426430,0.1380718795,0.0812772947,0.0232090204,0.1028836594,0.1712469552,-0.1348268203,-2.2428164910,0.9414908749,-0.9778357662,0.7376303335,-0.5000561385,0.0179308034,0.2487482273,0.0948818801,-0.3720297159,0.7901715693,1.3504715293,0.2437097642,0.1899037651,0.0622900960
-0.0308095585,-0.0372023366,0.8206578670,-0.0517825295,0.0033472802,-0.6824970037,0.7290440352,0.0749318020,0.1240469098,0.0014450256,0.1246849739,0.0985543579,-0.0296730080,0.1216738718,-0.0084516210,-0.2266075326,0.1382705901,0.0800966127,0.0222289466,0.1020766476,0.1666676198,-0.1316674252,-2.2064768296,0.9395124164,-0.9490549395,0.7137024840,-0.4951323079,0.0173625608,0.2546468557,0.0900984188,-0.3704950620,0.7956478963,1.3464894230,0.2421565432,0.1905252755,0.0635463877
-0.0311850379,-0.0369370117,0.8205028922,-0.0520865190,0.0032658750,-0.6822487582,0.7292550724,0.0748396660,0.1250513150,0.0010246913,0.1247709258,0.0974897859,-0.0307388563,0.1218506590,-0.0075335098,-0.2272598238,0.1384277198,0.0789264345,0.0213032059,0.1017039862,0.1624305439,-0.1289090860,-2.1684808764,0.9367132683,-0.9188641509,0.6884906420,-0.4893853253,0.0171889393,0.2610553557,0.0857160001,-0.3692845697,0.8008000990,1.3426132929,0.2405796016,0.1911247300,0.0648589923
-0.0314338137,-0.0369688343,0.8202633938,-0.0532584510,0.0016084603,-0.6815021961,0.7298737610,0.0770058383,0.1245902986,-0.0005789463,0.1291502455,0.0938655595,-0.0310385058,0.1249525586,-0.0084000903,-0.2281859123,0.1430885056,0.0748338396,0.0214944421,0.0982696560,0.1641914515,-0.1261425343,-2.0994150772,0.9420972751,-0.8704339687,0.6492200657,-0.4775838065,0.0221984784,0.2769022144,0.0812812465,-0.3735195813,0.8105395120,1.3412759841,0.2397343110,0.1922198054,0.0669308326
-0.0319837939,-0.0366679288,0.8202192461,-0.0526806249,0.0026538707,-0.6812601991,0.7301385142,0.0752932529,0.1260172018,-0.0011987867,0.1254636990,0.0961127445,-0.0319435649,0.1235941951,-0.0065151995,-0.2287025105,0.1393555545,0.0766937969,0.0203398818,0.1012660047,0.1591978827,-0.1249584705,-2.0692965496,0.9279903250,-0.8429982823,0.6447390385,-0.4763617247,0.0244435747,0.2751930822,0.0761015154,-0.3720490869,0.8131104748,1.3380873257,0.2386925481,0.1922170550,0.0678839941
-0.0325357856,-0.0366547930,0.8200945301,-0.0525991134,0.0028428510,-0.6808957329,0.7304835743,0.0746014707,0.1269080443,-0.0020397103,0.1249489736,0.0960486076,-0.0327699520,0.1235705258,-0.0054612308,-0.2292726717,0.1384750968,0.0763244866,0.0194384382,0.1025410877,0.1546919409,-0.1229324140,-2.0326157597,0.9158498170,-0.8136696208,0.6345247008,-0.4727618690,0.0249611739,0.2766856034,0.0711499683,-0.3708381341,0.8173589038,1.3354014722,0.2374250429,0.1924562817,0.0691882690
-0.0325232630,-0.0361454252,0.8198227065,-0.0541995819,0.0013602860,-0.6805498646,0.7306931208,0.0767822126,0.1273387218,-0.0022646013,0.1291950592,0.0917277008,-0.0329742872,0.1262154032,-0.0057643109,-0.2296099776,0.1427490946,0.0729158449,0.0194107200,0.0996680987,0.1544202626,-0.1206135189,-1.9605460768,0.9097789271,-0.7671437436,0.5851320527,-0.4583520796,0.0271378601,0.2891883460,0.0575964881,-0.3776978480,0.8269620480,1.3377302370,0.2348014156,0.1949506047,0.0752835987
-0.0328453308,-0.0353564945,0.8197614271,-0.0540489124,0.0023691211,-0.6806830294,0.7305776590,0.0752207591,0.1292447937,-0.0017582233,0.1256249955,0.0938895685,-0.0340369120,0.1246037591,-0.0036128670,-0.2290902869,0.1389591385,0.0757074006,0.0183947662,0.1024055226,0.1476203947,-0.1195501051,-1.9273651637,0.8884629545,-0.7425135146,0.5674910944,-0.4548446837,0.0276612593,0.2865416619,0.0429655139,-0.3794880583,0.8303111989,1.3380370119,0.2320005281,0.1963957545,0.0802890873
-0.0328801832,-0.0348829169,0.8195363693,-0.0554630054,0.0010008469,-0.6804480360,0.7306937276,0.0770937064,0.1295348342,-0.0017593046,0.1294655762,0.0907122204,-0.0344658935,0.1269245047,-0.0038216362,-0.2286828466,0.1424224244,0.0731375459,0.0184093243,0.0998585480,0.1470684186,-0.1170374962,-1.8581877900,0.8784674406,-0.6993432744,0.5161687744,-0.4395083504,0.0318282103,0.2988566025,0.0275380598,-0.3853176033,0.8397387912,1.3423890284,0.2285875239,0.1983565092,0.0878651926
-0.0331698102,-0.0341766979,0.8195519318,-0.0562130827,0.0007866780,-0.6807241229,0.7303794486,0.0776407579,0.1312580679,-0.0011223569,0.1294995963,0.0899484289,-0.0343336570,0.1270425152,-0.0019692410,-0.2275528491,0.1422679800,0.0735854212,0.0174789167,0.1016168925,0.1421690675,-0.1180763848,-1.7913992158,0.8656755404,-0.6687809329,0.4592418364,-0.4234848463,0.0391913136,0.3007298659,-0.0230854004,-0.4045495443,0.8349867807,1.3434981679,0.2165229703,0.1996314352,0.0981290660
-0.0335220764,-0.0332566993,0.8194980104,-0.0569333092,0.0006055346,-0.6810661775,0.7300048585,0.0778767903,0.1329406187,-0.0007236361,0.1295900173,0.0901319946,-0.0345967212,0.1269302542,-0.0005025318,-0.2271461067,0.1420642075,0.0745509553,0.0168130487,0.1031455873,0.1370963541,-0.1178340892,-1.7285452064,0.8519249211,-0.6411081508,0.4026063552,-0.4077734097,0.0475474386,0.3014537369,-0.0761079131,-0.4237767874,0.8306720208,1.3464965905,0.2029201700,0.2003424687,0.1102709273
-0.0339011283,-0.0324466921,0.8194367902,-0.0576552250,0.0004154717,-0.6814006181,0.7296361423,0.0781772917,0.1346490819,-0.0003485489,0.1296514169,0.0902952573,-0.0348972949,0.1268690629,0.0009880014,-0.2267675287,0.1418725778,0.0754603641,0.0161162627,0.1042757116,0.1318415766,-0.1171094484,-1.6685232034,0.8369368887,-0.6161563912,0.3466904415,-0.3922840382,0.0561799848,0.3012392429,-0.1296392778,-0.4432573285,0.8275099357,1.3498720258,0.1890916753,0.2006480611,0.1226688198
-0.0340596412,-0.0316120701,0.8194468477,-0.0586710676,0.0000293538,-0.6822491308,0.7287618462,0.0797179429,0.1361048859,0.0005367422,0.1297856780,0.0900333788,-0.0366987596,0.1275322559,0.0027076567,-0.2248112850,0.1414298159,0.0765901836,0.0156310312,0.1046027593,0.1248548398,-0.1168699160,-1.6089220004,0.8129008306,-0.5969534029,0.2388469495,-0.3641908885,0.0590678523,0.3065891776,-0.1860684480,-0.4638605965,0.8289794816,1.3342624379,0.1624099627,0.2010906149,0.1385692624
-0.0341835181,-0.0309918819,0.8193728468,-0.0596826030,-0.0003350013,-0.6830857821,0.7278953833,0.0814965719,0.1378254810,0.0022518646,0.1297802873,0.0901401642,-0.0369566863,0.1283497636,0.0042857777,-0.2228832278,0.1409631181,0.0778406067,0.0151638591,0.1046376892,0.1184375177,-0.1168558324,-1.5486340338,0.7895631557,-0.5795456260,0.1250945285,-0.3335859852,0.0670485345,0.3122838784,-0.2419797386,-0.4865992947,0.8316458986,1.3164814704,0.1349726367,0.2031168293,0.1550550368
-0.0343355414,-0.0303910706,0.8193731840,-0.0606358607,-0.0006422223,-0.6839270332,0.7270259234,0.0832737504,0.1395913520,0.0039764305,0.1297212688,0.0901392005,-0.0372735015,0.1291652396,0.0059119942,-0.2209570873,0.1404482793,0.0789680002,0.0146725781,0.1043017361,0.1121123964,-0.1168663297,-1.4914337740,0.7666485123,-0.5649920127,0.0119182911,-0.3021652589,0.0763154835,0.3145423471,-0.2976833821,-0.5104864343,0.8358743607,1.2986033044,0.1076841153,0.2043968256,0.1716019980
-0.0344828958,-0.0302432953,0.8192748077,-0.0615431066,-0.0011326530,-0.6850547977,0.7258864148,0.0862242618,0.1412783427,0.0073582357,0.1296679704,0.0881505289,-0.0387754477,0.1307001181,0.0077448608,-0.2162029684,0.1398475066,0.0794612931,0.0133643259,0.1014276051,0.1073629284,-0.1172706649,-1.4280700377,0.7448984286,-0.5336554329,0.0147364947,-0.2980053212,0.0876681913,0.3128860664,-0.3521331113,-0.5288651325,0.8208984020,1.2841332842,0.0998774788,0.2043345769,0.1677003720
-0.0347428637,-0.0300701846,0.8191577736,-0.0625366561,-0.0016053877,-0.6861936028,0.7247240363,0.0891781781,0.1432039062,0.0107851429,0.1297399107,0.0868398507,-0.0396676102,0.1323084344,0.0096097711,-0.2119803210,0.1392949170,0.0797049399,0.0124587133,0.0995019551,0.1020619418,-0.1173439271,-1.3716602179,0.7194090671,-0.5066267281,0.0256492270,-0.2957934559,0.0936389625,0.3087637137,-0.4060238946,-0.5481433306,0.8058884941,1.2689642431,0.0928680657,0.2046644141,0.1632571840
-0.0349412897,-0.0299906630,0.8190352415,-0.0635396909,-0.0020931758,-0.6873246593,0.7235628093,0.0921825208,0.1451532303,0.0141902712,0.1298100048,0.0855222915,-0.0405967927,0.1339578626,0.0114953951,-0.2077811303,0.1387788881,0.0799066654,0.0115154721,0.0978294431,0.0964385951,-0.1172161617,-1.3178689001,0.6918177636,-0.4822989277,0.0377185398,-0.2936575637,0.0988015626,0.3044606612,-0.4595955483,-0.5682316606,0.7912610118,1.2536755427,0.0859033237,0.2049859193,0.1587799657
-0.0359158942,-0.0303610713,0.8188499814,-0.0641625776,-0.0022539917,-0.6887970942,0.7221057029,0.0951941642,0.1483126735,0.0184016319,0.1296626002,0.0844276767,-0.0421351661,0.1350667664,0.0142459974,-0.2043865199,0.1383111382,0.0798014129,0.0109308653,0.0995868826,0.0895644172,-0.1175840337,-1.2563308170,0.6609385888,-0.4578839038,0.0815516269,-0.2960141769,0.1051554221,0.3006711043,-0.5208140504,-0.5714959302,0.7968606831,1.2520951392,0.0696630883,0.2077334926,0.1540808381
-0.0369301844,-0.0307373539,0.8187448065,-0.0647469630,-0.0024093664,-0.6902360265,0.7206776349,0.0980768195,0.1514871824,0.0226737538,0.1295946565,0.0831010804,-0.0438959449,0.1360862655,0.0171699398,-0.2001469305,0.1379069742,0.0795069202,0.0097036211,0.1003499805,0.0826963697,-0.1179302718,-1.1961102331,0.6291800690,-0.4358858096,0.1262998308,-0.2981102749,0.1103508951,0.2964204175,-0.5832009604,-0.5738876427,0.8038029694,1.2518571643,0.0534902941,0.2098903080,0.1493948467
-0.0379631863,-0.0312217691,0.8186363973,-0.0653228238,-0.0025584905,-0.6916617237,0.7192568685,0.1009576981,0.1546771287,0.0269103564,0.1295387466,0.0817491036,-0.0456845917,0.1371192645,0.0201088433,-0.1959428291,0.1375189340,0.0791679399,0.0084504542,0.1010093171,0.0758056670,-0.1181967184,-1.1371347737,0.5958824721,-0.4164645538,0.1708783555,-0.2996702575,0.1153936565,0.2921913882,-0.6456769143,-0.5763196480,0.8109851095,1.2517078054,0.0373463942,0.2118388677,0.1446332217
-0.0387618926,-0.0317563024,0.8185252083,-0.0653310811,-0.0026181329,-0.6921590280,0.7187773474,0.1023197363,0.1561313417,0.0288935759,0.1293441538,0.0810920029,-0.0469612557,0.1379887889,0.0216002109,-0.1938373811,0.1370713315,0.0784147282,0.0075312367,0.1026933219,0.0702294657,-0.1169691041,-1.0999088148,0.5713382599,-0.4090232871,0.2254132717,-0.3041216900,0.1186664163,0.2819880290,-0.6878823273,-0.5788499927,0.8011508778,1.2458713750,0.0461055788,0.2106727455,0.1298467225
-0.0395210589,-0.0322883622,0.8184237590,-0.0653858548,-0.0026453443,-0.6926418158,0.7183070424,0.1037109176,0.1577423024,0.0305893468,0.1290388130,0.0805968785,-0.0485189690,0.1387714868,0.0232792292,-0.1917038984,0.1367484158,0.0779937192,0.0064249011,0.1054011017,0.0638704569,-0.1156661217,-1.0654251783,0.5452204006,-0.4044910187,0.2820750809,-0.3083176176,0.1211765244,0.2713127866,-0.7287510621,-0.5817352433,0.7898354472,1.2392572420,0.0552358921,0.2095115769,0.1142889801
-0.0403810225,-0.0328201495,0.8184080928,-0.0654419940,-0.0026768446,-0.6931255273,0.7178350669,0.1051141868,0.1593682025,0.0322865869,0.1287281079,0.0801035080,-0.0500971859,0.1395537440,0.0249681896,-0.1895737977,0.1364463956,0.0775571529,0.0052976433,0.1083132897,0.0573665191,-0.1143593396,-1.0315329348,0.5183178670,-0.4012816321,0.3389505477,-0.3117004899,0.1236268901,0.2604192245,-0.7693742363,-0.5847071189,0.7783488109,1.2325211036,0.0643154437,0.2083087100,0.0986208164
-0.0410876531,-0.0332710494,0.8183948391,-0.0655836514,-0.0026079024,-0.6933852135,0.7175715498,0.1062834180,0.1612894140,0.0339952301,0.1285757694,0.0796375156,-0.0508548046,0.1400948420,0.0266612703,-0.1879303004,0.1363309928,0.0772571304,0.0036756593,0.1096203866,0.0505898140,-0.1132379085,-0.9922156904,0.4872949148,-0.3904495499,0.3735465808,-0.3149926094,0.1207081783,0.2615292791,-0.8023903834,-0.5865154470,0.7696638056,1.2260439105,0.0705972721,0.2067888399,0.0843862719
-0.0417905337,-0.0336943329,0.8182976357,-0.0656364834,-0.0024873740,-0.6936420406,0.7173188862,0.1071497729,0.1629820395,0.0356165624,0.1284028818,0.0792796148,-0.0519111096,0.1405655204,0.0283315545,-0.1862693588,0.1361398405,0.0772303895,0.0026740671,0.1108036893,0.0439631212,-0.1124808348,-0.9520774288,0.4561091096,-0.3806843213,0.4065506046,-0.3179841909,0.1184415250,0.2632226186,-0.8353155861,-0.5883444758,0.7614166426,1.2194564575,0.0768529582,0.2052509891,0.0701225440
-0.0425014407,-0.0342198080,0.8182866074,-0.0656732188,-0.0023484281,-0.6938980339,0.7170683592,0.1079839964,0.1646822710,0.0372301254,0.1282293923,0.0789083928,-0.0529855804,0.1410062383,0.0300136981,-0.1846171779,0.1359484385,0.0771868355,0.0016572161,0.1119266724,0.0373430383,-0.1117890899,-0.9121373343,0.4247165210,-0.3722733652,0.4393523081,-0.3208492244,0.1162032819,0.2649301949,-0.8682441223,-0.5901675001,0.7533080730,1.2128551537,0.0830958182,0.2036639254,0.0558244186
-0.0427353064,-0.0348350521,0.8182763918,-0.0652438142,-0.0020610292,-0.6936915830,0.7173081518,0.1077811331,0.1646659889,0.0370496408,0.1279914734,0.0781730479,-0.0547989855,0.1409139906,0.0301350338,-0.1843068955,0.1358724831,0.0766345264,0.0006582489,0.1139077311,0.0351834439,-0.1127668132,-0.8940231083,0.4044220889,-0.3741488944,0.4880046725,-0.3240713153,0.1167121477,0.2634365379,-0.9038684595,-0.5904318123,0.7423638402,1.2065149981,0.0917234020,0.2026890695,0.0424956078
-0.0429249422,-0.0354774804,0.8182598583,-0.0648349231,-0.0018314782,-0.6934690467,0.7175609798,0.1075720563,0.1647190948,0.0369729300,0.1277999090,0.0777878763,-0.0558621143,0.1408162619,0.0303595258,-0.1838889377,0.1359428417,0.0761557579,-0.0000398190,0.1161513862,0.0327220089,-0.1133078821,-0.8776013039,0.3843034807,-0.3770602581,0.5387252188,-0.3274984108,0.1164077474,0.2612144564,-0.9396053406,-0.5908386338,0.7309264071,1.2003235225,0.1002563181,0.2015985488,0.0291791020
-0.0432173043,-0.0360272270,0.8182415906,-0.0644373490,-0.0016188208,-0.6932446328,0.7178141031,0.1074012112,0.1647848309,0.0368860797,0.1276074223,0.0774090284,-0.0569475288,0.1407479458,0.0305956447,-0.1834818889,0.1360332552,0.0756645832,-0.0007619201,0.1184680838,0.0302296627,-0.1138019779,-0.8613200112,0.3643871383,-0.3805880066,0.5897225999,-0.3307163110,0.1159968837,0.2587756551,-0.9752854561,-0.5913637412,0.7194683769,1.1941439536,0.1087506845,0.2004278745,0.0158123169
-0.0433152268,-0.0361439659,0.8183173727,-0.0635974385,-0.0005389709,-0.6930195545,0.7181079114,0.1053233794,0.1651798545,0.0367483348,0.1249718076,0.0789447111,-0.0577578959,0.1391741747,0.0310563419,-0.1845093349,0.1332363216,0.0773785039,-0.0017757169,0.1217421231,0.0287406478,-0.1151801519,-0.8379651727,0.3424836436,-0.3817984297,0.6200088061,-0.3338845519,0.1133866585,0.2581910870,-1.0193528185,-0.5975347393,0.7092556094,1.1880020113,0.1171097309,0.1989650996,0.0072983558
-0.0436836991,-0.0372229915,0.8182276499,-0.0637784391,-0.0011790280,-0.6925163836,0.7185763557,0.1068110687,0.1647986277,0.0357904611,0.1273305092,0.0756707861,-0.0590777633,0.1411901780,0.0305628810,-0.1851231798,0.1357808567,0.0742801638,-0.0022761435,0.1235789107,0.0232254097,-0.1156935970,-0.7992839624,0.3247504772,-0.3885576229,0.6332244692,-0.3348006566,0.1110698940,0.2641975792,-1.0533347348,-0.6018838101,0.6938521624,1.1757549714,0.1251587917,0.1969347698,-0.0071642163
-0.0437333255,-0.0374210532,0.8182177853,-0.0629302729,-0.0000349600,-0.6922720766,0.7188874401,0.1047809534,0.1651736927,0.0352946414,0.1246229840,0.0770266340,-0.0601154713,0.1395122129,0.0313515625,-0.1855046111,0.1329709673,0.0762476192,-0.0029999034,0.1264453666,0.0222574853,-0.1174051672,-0.7736133680,0.3033482216,-0.3907282768,0.6602381286,-0.3375775163,0.1099106141,0.2649748112,-1.0976146236,-0.6079114391,0.6849732275,1.1695993340,0.1334023781,0.1954671084,-0.0158631349
-0.0443103661,-0.0388696371,0.8181214228,-0.0628322038,-0.0004275595,-0.6919418278,0.7192137640,0.1063865572,0.1656194627,0.0362271631,0.1269249590,0.0754046793,-0.0604571031,0.1414181076,0.0313332274,-0.1847321578,0.1356558160,0.0732857474,-0.0033888028,0.1276826554,0.0170856422,-0.1175410001,-0.7287508592,0.2903570648,-0.4108182653,0.6954025307,-0.3385083296,0.1133929514,0.2568430312,-1.1309771947,-0.6177970714,0.6791150742,1.1569556007,0.1374763981,0.1936459581,-0.0273811567
-0.0448268061,-0.0399208231,0.8181181539,-0.0622073298,0.0000208030,-0.6916465654,0.7195521359,0.1061551554,0.1660944031,0.0361401197,0.1265651399,0.0745445739,-0.0618220449,0.1415366437,0.0318648816,-0.1848685773,0.1354732086,0.0721098297,-0.0041852630,0.1294100371,0.0138697361,-0.1183800177,-0.6902217323,0.2759961000,-0.4291900288,0.7379722036,-0.3399624320,0.1169776961,0.2455973812,-1.1690340801,-0.6283401638,0.6765184111,1.1469521029,0.1415552091,0.1922857597,-0.0361809684
-0.0453377007,-0.0409374210,0.8181152857,-0.0615885461,0.0004932416,-0.6913560364,0.7198843231,0.1058192987,0.1666149898,0.0360491767,0.1262602362,0.0737067486,-0.0631826261,0.1416149619,0.0324495560,-0.1849986116,0.1351865996,0.0710530659,-0.0049915452,0.1311782348,0.0108486298,-0.1190912481,-0.6520310568,0.2620691058,-0.4480337898,0.7814591816,-0.3409504976,0.1201676765,0.2338359825,-1.2077270821,-0.6387392253,0.6746741156,1.1373179542,0.1456971501,0.1907805351,-0.0448492017
-0.0458180169,-0.0420549723,0.8180873292,-0.0609225039,0.0009162692,-0.6912903710,0.7200036333,0.1058820885,0.1670329002,0.0368438098,0.1259443741,0.0735769967,-0.0623252900,0.1414823556,0.0328326438,-0.1848621537,0.1353560533,0.0712856907,-0.0050059433,0.1319394978,0.0075855984,-0.1210419095,-0.6173953588,0.2538288073,-0.4618215192,0.8329566297,-0.3414238024,0.1229426779,0.2222939379,-1.2509510446,-0.6531373746,0.6789890158,1.1279078235,0.1461572924,0.1902879900,-0.0512476480
-0.0463163627,-0.0430576062,0.8180754037,-0.0603003230,0.0013117414,-0.6911290274,0.7202102595,0.1057960868,0.1674397748,0.0375029188,0.1256470764,0.0722965922,-0.0630333361,0.1414945047,0.0331873143,-0.1852178570,0.1353847519,0.0704103083,-0.0056399833,0.1323454222,0.0044797397,-0.1227295908,-0.5832370055,0.2461123900,-0.4760173022,0.8854106955,-0.3414960376,0.1252144730,0.2101850128,-1.2949369830,-0.6670476407,0.6843178580,1.1187341414,0.1466348411,0.1897956103,-0.0575476926
-0.0468206622,-0.0441395339,0.8180621836,-0.0596910251,0.0016956408,-0.6909616754,0.7204207587,0.1057213086,0.1678550319,0.0381422819,0.1253771642,0.0710112639,-0.0637481601,0.1415251745,0.0335493469,-0.1855864399,0.1354340909,0.0695266306,-0.0062843375,0.1327545278,0.0013769700,-0.1243702736,-0.5490955428,0.2389802454,-0.4909301135,0.9380319409,-0.3412191123,0.1273773330,0.1979359287,-1.3392888113,-0.6805517552,0.6904140782,1.1095960839,0.1471169729,0.1892583298,-0.0638860849
-0.0469664558,-0.0451856891,0.8180460475,-0.0589816150,0.0022672000,-0.6907834488,0.7206484966,0.1052364039,0.1679788790,0.0377189886,0.1250679579,0.0732254231,-0.0643146796,0.1410421327,0.0337381868,-0.1850551403,0.1355361368,0.0693561740,-0.0066728161,0.1337991182,-0.0016687908,-0.1260430640,-0.5156046645,0.2388374313,-0.4986194239,0.9891240364,-0.3439196699,0.1308865053,0.1825492401,-1.3785165202,-0.6981497627,0.6989633912,1.1078677877,0.1505456584,0.1888737894,-0.0696559029
-0.0472315098,-0.0461387939,0.8180307834,-0.0582335429,0.0028235929,-0.6905886522,0.7208940250,0.1046946415,0.1679784386,0.0379354644,0.1247112976,0.0725934397,-0.0647804863,0.1405420999,0.0338090478,-0.1847149224,0.1356143226,0.0686968790,-0.0070843697,0.1346840061,-0.0048307124,-0.1277680259,-0.4822828234,0.2394203358,-0.5065505786,1.0405278946,-0.3462379271,0.1343358238,0.1666588101,-1.4183397580,-0.7150085611,0.7084495397,1.1063563424,0.1540689089,0.1882660546,-0.0754755859
-0.0474178442,-0.0471762640,0.8180143814,-0.0574875463,0.0033759938,-0.6903923011,0.7211395532,0.1041347911,0.1679924091,0.0381441325,0.1243992210,0.0719439609,-0.0652606308,0.1400373758,0.0338929657,-0.1843814208,0.1357126572,0.0680329452,-0.0075120849,0.1355678775,-0.0080003463,-0.1295079892,-0.4490554259,0.2406186658,-0.5148042444,1.0920944748,-0.3481586347,0.1377622379,0.1505036755,-1.4586902618,-0.7312146379,0.7188219567,1.1048674662,0.1575932680,0.1876086525,-0.0813542942
-0.0476798866,-0.0475533823,0.8181254582,-0.0564755534,0.0047694119,-0.6905186543,0.7210906688,0.1019484577,0.1688840829,0.0390039678,0.1219743371,0.0743246212,-0.0656801431,0.1378890411,0.0349980795,-0.1837707229,0.1330870709,0.0702867090,-0.0078120417,0.1374382300,-0.0050243620,-0.1322480020,-0.4299564762,0.2382784677,-0.5090756938,1.1344642226,-0.3537928586,0.1420181117,0.1421512008,-1.5031318861,-0.7419452790,0.7345233900,1.1038827797,0.1623408626,0.1868163151,-0.0845424892
-0.0481380633,-0.0483598674,0.8181271731,-0.0559475299,0.0053261387,-0.6905296491,0.7211174036,0.1014562604,0.1696188239,0.0393568000,0.1218527395,0.0741344625,-0.0662832751,0.1374897469,0.0357445465,-0.1833230772,0.1328624864,0.0702391255,-0.0081734003,0.1387387057,-0.0051522050,-0.1343235926,-0.4076946671,0.2401576809,-0.5056468561,1.1750945795,-0.3594968379,0.1446277779,0.1328428388,-1.5416505059,-0.7524270511,0.7457629209,1.0995630554,0.1673169342,0.1854185281,-0.0902539444
-0.0485736394,-0.0492218157,0.8181191461,-0.0554571359,0.0057709890,-0.6905060877,0.7211744203,0.1012577917,0.1703212857,0.0396238785,0.1217690104,0.0738301146,-0.0669707298,0.1372962456,0.0364370725,-0.1829724765,0.1329638764,0.0698684655,-0.0085925318,0.1399922330,-0.0060973021,-0.1364809108,-0.3850086896,0.2432577326,-0.5031527927,1.2153874999,-0.3652546874,0.1472133467,0.1232609210,-1.5787458157,-0.7626943123,0.7560910694,1.0940246372,0.1720154285,0.1841483602,-0.0964979531
-0.0487204253,-0.0500160237,0.8181258296,-0.0549276996,0.0062432137,-0.6904572137,0.7212577945,0.1007831026,0.1708188619,0.0415154315,0.1217008011,0.0734619917,-0.0670993551,0.1365461026,0.0368875712,-0.1817217330,0.1329427206,0.0696000953,-0.0087006419,0.1391184991,-0.0074299083,-0.1380742144,-0.3657634436,0.2423908361,-0.5069692754,1.2427365482,-0.3679943411,0.1484562223,0.1167937058,-1.6108296341,-0.7727670099,0.7667008560,1.0893649834,0.1773669221,0.1827977191,-0.1011410767
-0.0488598361,-0.0508256973,0.8181286475,-0.0543745163,0.0068188989,-0.6904960607,0.7212573083,0.1004194577,0.1711464649,0.0423363436,0.1215183452,0.0729449643,-0.0672765333,0.1359409516,0.0372277585,-0.1807195224,0.1328866050,0.0693921663,-0.0087852702,0.1390587878,-0.0088004290,-0.1399924115,-0.3456170417,0.2417118580,-0.5115973610,1.2679933458,-0.3708015852,0.1508829554,0.1116391185,-1.6428137715,-0.7829185890,0.7776651971,1.0844523819,0.1827022674,0.1813408433,-0.1057304919
-0.0489092139,-0.0516446970,0.8181316585,-0.0538086374,0.0074051628,-0.6905366951,0.7212550637,0.1000341347,0.1714702251,0.0431667800,0.1213276732,0.0724201836,-0.0674509182,0.1353180369,0.0375680947,-0.1797117843,0.1328060677,0.0691880166,-0.0088666725,0.1390963963,-0.0102084078,-0.1420142015,-0.3252113571,0.2413327138,-0.5166003808,1.2926831199,-0.3736699563,0.1537178215,0.1067616853,-1.6749466999,-0.7926648041,0.7890750908,1.0794301268,0.1880192946,0.1798598813,-0.1103509540
-0.0491068847,-0.0519855615,0.8181323198,-0.0534209235,0.0078660410,-0.6911322826,0.7207083310,0.0992881359,0.1719541231,0.0451133969,0.1212943601,0.0722295726,-0.0677256478,0.1340309259,0.0379421106,-0.1788042063,0.1330059555,0.0695760701,-0.0085417292,0.1388338574,-0.0093676500,-0.1425646741,-0.3041705519,0.2440938085,-0.5143076385,1.3076183812,-0.3770065983,0.1546034478,0.1048574224,-1.7029659092,-0.8007310346,0.7965989570,1.0712820688,0.1943110058,0.1775429411,-0.1156601781
-0.0493034184,-0.0522530268,0.8181348746,-0.0530110910,0.0083401494,-0.6916709044,0.7202163746,0.0987765487,0.1725342286,0.0466992910,0.1212093670,0.0720282707,-0.0680109006,0.1326782100,0.0384018308,-0.1775668506,0.1331521703,0.0699095054,-0.0078896870,0.1378451217,-0.0086797155,-0.1431941144,-0.2820216889,0.2475317324,-0.5112758577,1.3210139641,-0.3801788532,0.1559882219,0.1036861524,-1.7306177282,-0.8078955969,0.8036962119,1.0623496422,0.2004094394,0.1753928642,-0.1213054281
-0.0495064492,-0.0525331457,0.8181373334,-0.0525898120,0.0088189628,-0.6921993221,0.7197337258,0.0982640498,0.1731108909,0.0482625398,0.1211026025,0.0718300061,-0.0683088009,0.1313334144,0.0388600247,-0.1763557993,0.1332814942,0.0702354094,-0.0072419628,0.1366111066,-0.0080478665,-0.1438989846,-0.2594814842,0.2512302784,-0.5080689411,1.3339269824,-0.3833306644,0.1576010298,0.1026811188,-1.7582372138,-0.8144711349,0.8108551570,1.0532174792,0.2064043069,0.1733036840,-0.1270888598
-0.0494971496,-0.0526682044,0.8181568874,-0.0524772192,0.0091385599,-0.6926436038,0.7193104103,0.0980637700,0.1737659336,0.0504916578,0.1210520868,0.0714688502,-0.0682779854,0.1306350535,0.0396020612,-0.1737090667,0.1331259180,0.0697663836,-0.0093559062,0.1333389928,-0.0080522926,-0.1448031909,-0.2362859015,0.2528724320,-0.5114298193,1.3464760426,-0.3839288117,0.1613820412,0.0969116099,-1.7822289629,-0.8240965168,0.8228247768,1.0480190921,0.2097942974,0.1718609305,-0.1312823736
-0.0494064892,-0.0529161016,0.8181603334,-0.0523147132,0.0094710340,-0.6931176909,0.7188611388,0.0980340302,0.1742535635,0.0525086449,0.1209832344,0.0710592715,-0.0682459911,0.1299867236,0.0400930225,-0.1717915575,0.1329803505,0.0702179529,-0.0092800262,0.1308677954,-0.0082478550,-0.1459380070,-0.2131136998,0.2545415829,-0.5155607158,1.3587507795,-0.3843737658,0.1655146321,0.0907938154,-1.8063065503,-0.8339828898,0.8353892361,1.0430803050,0.2130765078,0.1701492638,-0.1352443480
-0.0493993427,-0.0531664923,0.8181645619,-0.0521435172,0.0098053669,-0.6935953713,0.7184082192,0.0980069348,0.1747265177,0.0545402747,0.1208960747,0.0706597910,-0.0682085481,0.1293450847,0.0405738736,-0.1698546995,0.1327928263,0.0706932826,-0.0091945534,0.1285629743,-0.0084853821,-0.1471096340,-0.1899782538,0.2563086725,-0.5198746042,1.3709961014,-0.3847987834,0.1697193858,0.0846530867,-1.8306350500,-0.8436815290,0.8483588502,1.0381516193,0.2163461217,0.1683462167,-0.1391726309
-0.0496429486,-0.0534286921,0.8182547756,-0.0520673353,0.0100595083,-0.6942337086,0.7177933942,0.0982899589,0.1756120605,0.0562050161,0.1208948922,0.0711740967,-0.0681918084,0.1287960020,0.0412235339,-0.1687386955,0.1328457032,0.0708076530,-0.0093522400,0.1252610632,-0.0088877807,-0.1477141821,-0.1679647003,0.2554888623,-0.5253337065,1.3751805426,-0.3829824425,0.1719868701,0.0779066079,-1.8536847444,-0.8529526364,0.8618495325,1.0313181128,0.2197397784,0.1660920750,-0.1416962316
-0.0498667222,-0.0537075120,0.8183392918,-0.0519612071,0.0103105172,-0.6948430177,0.7172077153,0.0986584001,0.1764017498,0.0579935030,0.1208280502,0.0715316689,-0.0680864140,0.1282981826,0.0419803145,-0.1668473356,0.1329030689,0.0714458197,-0.0091321006,0.1218915807,-0.0092249779,-0.1482387635,-0.1452568715,0.2547965407,-0.5307203976,1.3780781213,-0.3809758566,0.1747184454,0.0717451849,-1.8770171939,-0.8619981702,0.8757181316,1.0241933528,0.2231079676,0.1639506333,-0.1441778921
-0.0500861635,-0.0539948125,0.8184236086,-0.0518557113,0.0105609449,-0.6954580856,0.7166153102,0.0990507768,0.1771900434,0.0598084330,0.1207554441,0.0718736473,-0.0679763880,0.1278387284,0.0427428719,-0.1649306940,0.1329066692,0.0721057829,-0.0089080838,0.1184960967,-0.0095592686,-0.1487699973,-0.1223005814,0.2542268290,-0.5360580299,1.3805729184,-0.3789517062,0.1776456331,0.0657946463,-1.9006050624,-0.8706547198,0.8898878567,1.0169958617,0.2264635473,0.1618426644,-0.1466940080
-0.0502638635,-0.0541333517,0.8184316716,-0.0517189879,0.0106947056,-0.6961046548,0.7159951670,0.0992851034,0.1778251251,0.0619783302,0.1206597977,0.0720861041,-0.0679431738,0.1273039647,0.0434534773,-0.1626234770,0.1326628430,0.0722102775,-0.0091148638,0.1148399264,-0.0103872023,-0.1491573413,-0.1004703456,0.2535602874,-0.5384670471,1.3815900359,-0.3767828748,0.1804657623,0.0605672053,-1.9242925143,-0.8804754250,0.9070773569,1.0150130837,0.2277228301,0.1605819424,-0.1488599171
-0.0504278495,-0.0542629513,0.8185209686,-0.0516012578,0.0108735291,-0.6967874310,0.7153365310,0.0995422893,0.1783982432,0.0640931035,0.1205899390,0.0722931483,-0.0678890041,0.1267630062,0.0441319803,-0.1602149492,0.1324829903,0.0726994680,-0.0090990926,0.1111595539,-0.0110633455,-0.1493646911,-0.0786511398,0.2527434746,-0.5407004477,1.3824282452,-0.3744852117,0.1833940624,0.0554586812,-1.9490285884,-0.8895119711,0.9250566175,1.0138100643,0.2288815840,0.1589876818,-0.1507828087
-0.0505859272,-0.0543893497,0.8185224734,-0.0514894870,0.0110490595,-0.6974714820,0.7146749491,0.0998086296,0.1789711627,0.0662174459,0.1205255434,0.0725004630,-0.0678248090,0.1262424589,0.0448096617,-0.1577949066,0.1322843548,0.0732039065,-0.0090746619,0.1074491704,-0.0116387947,-0.1495061395,-0.0568159548,0.2518452217,-0.5428495544,1.3831960367,-0.3721510540,0.1863542771,0.0503887743,-1.9743901954,-0.8979469354,0.9436042209,1.0128794601,0.2300473199,0.1572695899,-0.1526411432
-0.0506066570,-0.0543383340,0.8185240679,-0.0516445547,0.0110247628,-0.6976113557,0.7145275998,0.1001727899,0.1795912219,0.0677989933,0.1205396836,0.0725137634,-0.0675501753,0.1263496583,0.0449537128,-0.1575139948,0.1321619449,0.0732682757,-0.0091698375,0.1039971146,-0.0124945025,-0.1496814466,-0.0385253309,0.2509588486,-0.5458405606,1.3821179208,-0.3694550144,0.1882854344,0.0463801522,-1.9968274194,-0.9068206471,0.9609621017,1.0161746744,0.2306475832,0.1560217440,-0.1543293272
-0.0505630946,-0.0542085541,0.8186047653,-0.0518330753,0.0109536158,-0.6977624025,0.7143675386,0.1005281471,0.1799251861,0.0689699139,0.1205150128,0.0725454437,-0.0672602581,0.1265958290,0.0452419304,-0.1567011337,0.1320594175,0.0737329797,-0.0092505398,0.1006141513,-0.0136518248,-0.1497492060,-0.0203935911,0.2502094937,-0.5490509001,1.3812753307,-0.3668290087,0.1901731884,0.0424625772,-2.0193245396,-0.9155428989,0.9783145045,1.0196827561,0.2310238550,0.1544545061,-0.1559187020
-0.0506096108,-0.0541668978,0.8185977171,-0.0520274170,0.0108757416,-0.6979124260,0.7142080311,0.1009140516,0.1802585976,0.0701451735,0.1204709721,0.0725834751,-0.0669699323,0.1268807764,0.0455364933,-0.1558893033,0.1319201867,0.0742135161,-0.0093314962,0.0972442812,-0.0148598966,-0.1498055425,-0.0022931857,0.2495050806,-0.5522980081,1.3804862389,-0.3642195149,0.1920365402,0.0385435135,-2.0420823791,-0.9239727012,0.9959201101,1.0232086844,0.2313376108,0.1528088701,-0.1575014680
-0.0507670544,-0.0540275668,0.8185816251,-0.0522388808,0.0108294908,-0.6978358924,0.7142680790,0.1012565155,0.1807291819,0.0694612471,0.1204496049,0.0726455743,-0.0669795055,0.1272897660,0.0461458327,-0.1559564203,0.1316829563,0.0736993660,-0.0093241738,0.0964016820,-0.0137198568,-0.1496166448,0.0101552644,0.2475847291,-0.5553915632,1.3794087474,-0.3614546380,0.1943539022,0.0350174781,-2.0596921122,-0.9325945931,1.0044877339,1.0230377919,0.2353353084,0.1497588772,-0.1627789468
-0.0508933635,-0.0538689687,0.8185688416,-0.0524840133,0.0106887395,-0.6977205366,0.7143649152,0.1015076198,0.1811365644,0.0693358355,0.1204985176,0.0728490581,-0.0666914365,0.1278720399,0.0465381924,-0.1565577653,0.1314892508,0.0739390627,-0.0094599639,0.0953717317,-0.0133694840,-0.1494814313,0.0221509699,0.2460435512,-0.5584570287,1.3792046214,-0.3586785927,0.1966327657,0.0313730996,-2.0757177474,-0.9418858877,1.0117218505,1.0215046026,0.2391990233,0.1468000129,-0.1688592752
-0.0511211416,-0.0538004264,0.8185570247,-0.0527212499,0.0105416866,-0.6975995943,0.7144677381,0.1017734222,0.1815370748,0.0691945899,0.1205157573,0.0730708012,-0.0664209133,0.1284788354,0.0469336709,-0.1571798887,0.1312582511,0.0741851216,-0.0096137627,0.0942742573,-0.0132827292,-0.1494462030,0.0341002925,0.2447003177,-0.5615401694,1.3792285526,-0.3558829575,0.1988341755,0.0276449997,-2.0912983356,-0.9513404473,1.0186063325,1.0194560851,0.2429134977,0.1439542782,-0.1751452499
-0.0514067506,-0.0538858339,0.8185617028,-0.0527994708,0.0104793512,-0.6975211260,0.7145394866,0.1021734806,0.1820609690,0.0690657175,0.1204620658,0.0729631739,-0.0666843078,0.1288339086,0.0475871606,-0.1557820172,0.1313059134,0.0738202778,-0.0095751160,0.0938602523,-0.0127238863,-0.1491054643,0.0419485487,0.2445938724,-0.5649871099,1.3771872073,-0.3524446003,0.1998805616,0.0250766243,-2.1041569458,-0.9566778934,1.0253949287,1.0233207827,0.2446645272,0.1430444537,-0.1800981557
-0.0517027423,-0.0539635723,0.8185542940,-0.0529196782,0.0103886204,-0.6975249953,0.7145281416,0.1025584441,0.1826010429,0.0692311087,0.1204507567,0.0730568079,-0.0667113313,0.1292952906,0.0482002007,-0.1552906605,0.1312693026,0.0736603506,-0.0097297188,0.0933941963,-0.0121480145,-0.1488520566,0.0497337924,0.2444864471,-0.5682869991,1.3753807408,-0.3489895291,0.2008355833,0.0224731850,-2.1172370191,-0.9614204386,1.0320859601,1.0278214917,0.2460207316,0.1419244726,-0.1849081867
-0.0520867165,-0.0540403891,0.8185471721,-0.0530388643,0.0102987986,-0.6975247683,0.7145208263,0.1029441177,0.1831433122,0.0693846609,0.1204274640,0.0731593861,-0.0667386217,0.1297649915,0.0488144236,-0.1548111789,0.1312139299,0.0735066908,-0.0098861997,0.0928592773,-0.0115358957,-0.1485977617,0.0575110885,0.2443495937,-0.5715134945,1.3736359118,-0.3455206238,0.2017456591,0.0198412698,-2.1304885480,-0.9659288408,1.0388929848,1.0324941277,0.2473117629,0.1407028887,-0.1896701083
-0.0520393574,-0.0538895354,0.8185378642,-0.0531701468,0.0101343744,-0.6969694887,0.7150550761,0.1029041812,0.1830933014,0.0685437254,0.1205019645,0.0731995573,-0.0664197230,0.1303465006,0.0486061899,-0.1562663276,0.1310823292,0.0735283596,-0.0097642085,0.0921688675,-0.0111052416,-0.1476779402,0.0612268375,0.2412967383,-0.5759035205,1.3711908544,-0.3427877907,0.2021728579,0.0183333935,-2.1381591908,-0.9727561879,1.0411646185,1.0277190110,0.2521920756,0.1371660081,-0.1960941168
-0.0519260861,-0.0537388853,0.8185309304,-0.0533354765,0.0099424046,-0.6964847910,0.7155175829,0.1028213042,0.1828856642,0.0675878871,0.1205616746,0.0732671222,-0.0661050378,0.1309876894,0.0483693448,-0.1575994439,0.1309314478,0.0735196954,-0.0096778847,0.0913625133,-0.0110291083,-0.1468192751,0.0647641576,0.2386103393,-0.5804509812,1.3691149116,-0.3402442047,0.2026641834,0.0170717498,-2.1439769535,-0.9808715192,1.0420274044,1.0208827193,0.2570991880,0.1341361836,-0.2032937865
-0.0519135588,-0.0535928398,0.8185248625,-0.0534920322,0.0097480308,-0.6959987997,0.7159813190,0.1027453149,0.1826779681,0.0666239398,0.1206021709,0.0733458553,-0.0658052183,0.1316298485,0.0481363048,-0.1589388863,0.1307740254,0.0735070973,-0.0096098835,0.0905161313,-0.0112063150,-0.1460831258,0.0683481279,0.2361455881,-0.5850440984,1.3671294322,-0.3377408721,0.2031460544,0.0158166426,-2.1490948853,-0.9893565141,1.0423290340,1.0133606279,0.2618560991,0.1313285652,-0.2107435893
-0.0522461365,-0.0535208451,0.8185123174,-0.0534782183,0.0096249092,-0.6956824168,0.7162914325,0.1027191169,0.1825760568,0.0653971700,0.1205766278,0.0736003599,-0.0655201875,0.1321458207,0.0482647444,-0.1594907363,0.1306788144,0.0731092403,-0.0095095155,0.0893959610,-0.0101783809,-0.1452765403,0.0707304186,0.2356659059,-0.5904236457,1.3641316072,-0.3341419342,0.2033919791,0.0149401926,-2.1538515357,-0.9957284257,1.0438303743,1.0024539497,0.2640896890,0.1285017229,-0.2187115622
-0.0525674312,-0.0535270479,0.8185013952,-0.0534737836,0.0094920070,-0.6953530338,0.7166132950,0.1026908349,0.1826225609,0.0646437983,0.1205671679,0.0738379308,-0.0651658204,0.1325747063,0.0483877797,-0.1600242684,0.1305988386,0.0727172410,-0.0093945497,0.0881575291,-0.0091511153,-0.1443786457,0.0729908658,0.2351180491,-0.5957647704,1.3612351232,-0.3304596181,0.2036473410,0.0138579532,-2.1584235508,-1.0021520612,1.0452293635,0.9911109992,0.2660008079,0.1260292178,-0.2268658039
-0.0528006844,-0.0535272512,0.8184910975,-0.0534742288,0.0093562490,-0.6950269983,0.7169312653,0.1026685015,0.1826760550,0.0638994340,0.1205574831,0.0740804970,-0.0648145471,0.1330012211,0.0485123096,-0.1605467825,0.1305314614,0.0723299065,-0.0092790528,0.0869119454,-0.0081307444,-0.1434737946,0.0751345906,0.2345857277,-0.6010746578,1.3579653092,-0.3267833157,0.2044768579,0.0128313347,-2.1627654768,-1.0084524708,1.0465841048,0.9792734119,0.2678587088,0.1240323688,-0.2355074110
-0.0525559965,-0.0528741888,0.8184099213,-0.0537094562,0.0090761413,-0.6946392562,0.7172929818,0.1023627270,0.1821997552,0.0626088776,0.1207119572,0.0738872861,-0.0644379803,0.1331502837,0.0480696069,-0.1608800695,0.1305640407,0.0719788185,-0.0091673842,0.0870952718,-0.0054683825,-0.1412072137,0.0752501218,0.2337148790,-0.6058355204,1.3549470891,-0.3236009482,0.2045353668,0.0123900375,-2.1525411030,-1.0123891570,1.0425062759,0.9748839324,0.2708787010,0.1246518021,-0.2363609006
-0.0523601198,-0.0522729638,0.8183255053,-0.0539111905,0.0088665956,-0.6942275181,0.7176789813,0.1021256186,0.1817790817,0.0621345053,0.1208246448,0.0736459268,-0.0640501406,0.1332878648,0.0475834676,-0.1615078542,0.1305225457,0.0715800696,-0.0091318354,0.0863711678,-0.0033864716,-0.1395863750,0.0759481878,0.2333864224,-0.6101834568,1.3523484299,-0.3205753603,0.2043863119,0.0117350439,-2.1396610434,-1.0163884013,1.0356888608,0.9700350204,0.2731382138,0.1249650963,-0.2370049677
-0.0521869971,-0.0516934689,0.8182412408,-0.0540750548,0.0086817378,-0.6938097723,0.7180727789,0.1018320304,0.1813636652,0.0616318443,0.1208965892,0.0734139731,-0.0636946900,0.1333676821,0.0471108195,-0.1621685513,0.1304718484,0.0711569132,-0.0091233024,0.0852935525,-0.0016005228,-0.1382704976,0.0770452617,0.2333695763,-0.6142931163,1.3501977531,-0.3175210643,0.2035772493,0.0109482567,-2.1257609416,-1.0204976165,1.0276172622,0.9651849749,0.2749954688,0.1248355299,-0.2373424594
-0.0523519290,-0.0513697910,0.8182270734,-0.0542584617,0.0082135037,-0.6940135801,0.7178674727,0.1014245327,0.1810581197,0.0616457285,0.1208808313,0.0733315319,-0.0634812487,0.1334338290,0.0470712516,-0.1617512335,0.1305011029,0.0708363621,-0.0091268036,0.0837127075,0.0017265427,-0.1375679666,0.0729364125,0.2346605956,-0.6189808534,1.3474516228,-0.3148771039,0.2041053234,0.0113846364,-2.1179998371,-1.0213731495,1.0148761300,0.9357331046,0.2751522975,0.1197262004,-0.2511765267
-0.0523731009,-0.0509334359,0.8182162597,-0.0544866297,0.0079507226,-0.6940968182,0.7177726661,0.1015940712,0.1811762893,0.0618242436,0.1209881362,0.0732948490,-0.0632566365,0.1335172395,0.0471372688,-0.1618079595,0.1305336780,0.0706207803,-0.0091203646,0.0819847708,0.0050107627,-0.1364307236,0.0680824692,0.2356053100,-0.6234916373,1.3457911983,-0.3122634411,0.2041863825,0.0117124076,-2.1089967815,-1.0231659520,1.0009684078,0.9037525856,0.2746780960,0.1157877353,-0.2665120335
-0.0524890077,-0.0503970851,0.8181180944,-0.0547462578,0.0076581246,-0.6941755659,0.7176799315,0.1018385374,0.1813053630,0.0619919011,0.1210948017,0.0732666388,-0.0630417650,0.1336905688,0.0472206089,-0.1618765675,0.1305467188,0.0704179360,-0.0091237163,0.0802257139,0.0081825528,-0.1352368109,0.0630899198,0.2365881971,-0.6279864190,1.3444304577,-0.3096315220,0.2041260863,0.0119529698,-2.0991978930,-1.0251645526,0.9863002195,0.8709760319,0.2736677100,0.1123243576,-0.2820884277
-0.0524878854,-0.0497464638,0.8181118179,-0.0551204139,0.0071163755,-0.6942742110,0.7175614378,0.1021064758,0.1808240345,0.0619631628,0.1213761552,0.0736473500,-0.0620791064,0.1338604337,0.0469092620,-0.1618790228,0.1307352350,0.0703391784,-0.0086709093,0.0790895809,0.0128409371,-0.1331735021,0.0548805846,0.2369674077,-0.6336419249,1.3420878943,-0.3067383515,0.2038845015,0.0121272690,-2.0774408399,-1.0248842631,0.9667754619,0.8406470394,0.2727486108,0.1105873857,-0.2933599850
-0.0524330525,-0.0491312239,0.8181055649,-0.0554428769,0.0066319372,-0.6943539026,0.7174641195,0.1024736299,0.1803565992,0.0619376105,0.1215688016,0.0740358012,-0.0611703770,0.1341057200,0.0466198609,-0.1618911338,0.1308892770,0.0702230773,-0.0082594785,0.0774447183,0.0168505869,-0.1316096649,0.0470789666,0.2378015528,-0.6390086637,1.3401044887,-0.3038955601,0.2035887622,0.0122711277,-2.0530878522,-1.0244913026,0.9447050182,0.8092543098,0.2708008822,0.1089737881,-0.3046539163
-0.0523979331,-0.0485281038,0.8181002067,-0.0557404441,0.0061596020,-0.6944276075,0.7173739333,0.1028098982,0.1798925787,0.0618873321,0.1217234366,0.0744420085,-0.0602855013,0.1343189367,0.0463359454,-0.1619300715,0.1310338524,0.0700939059,-0.0078732402,0.0755130416,0.0205611236,-0.1302891529,0.0395267579,0.2389167513,-0.6442030667,1.3381377143,-0.3010473634,0.2032542640,0.0123961593,-2.0274966652,-1.0237804193,0.9214001988,0.7772745813,0.2682027742,0.1075133345,-0.3160022460
-0.0519592987,-0.0477760335,0.8181094654,-0.0561580089,0.0056673987,-0.6944048844,0.7173674200,0.1030348466,0.1794477329,0.0625143689,0.1218633790,0.0744304672,-0.0601395883,0.1345687077,0.0453181818,-0.1613875108,0.1311877020,0.0702952132,-0.0073949350,0.0734080492,0.0256072407,-0.1300401535,0.0135533830,0.2466604345,-0.6350880860,1.3353416932,-0.3014951943,0.2029158424,0.0148282767,-1.9932208823,-1.0260070585,0.8980590446,0.7355339157,0.2653708398,0.1043129175,-0.3283788004
-0.0515671160,-0.0469063166,0.8181155532,-0.0566688166,0.0050829980,-0.6943919720,0.7173441278,0.1033756614,0.1787518106,0.0628859959,0.1221898583,0.0747580479,-0.0596457058,0.1348815937,0.0446334356,-0.1608775436,0.1314517142,0.0705580892,-0.0070405041,0.0707992321,0.0298160193,-0.1291458633,-0.0140942771,0.2548261322,-0.6253930479,1.3348968312,-0.3016631496,0.2021519006,0.0165523610,-1.9563344748,-1.0287785192,0.8718014129,0.6912747189,0.2617129714,0.1018822827,-0.3412954175
-0.0511089226,-0.0460208335,0.8181218222,-0.0572062033,0.0044565913,-0.6943650652,0.7173316843,0.1038047434,0.1780564081,0.0632157108,0.1224949560,0.0751161852,-0.0591757063,0.1352767205,0.0439504989,-0.1604064278,0.1317476516,0.0708016714,-0.0067124858,0.0680084218,0.0336735177,-0.1281767449,-0.0419282781,0.2634648802,-0.6157415278,1.3351208037,-0.3017039301,0.2010933848,0.0180054348,-1.9179589970,-1.0311177899,0.8440821075,0.6460342955,0.2572737866,0.0999066367,-0.3541983269
-0.0507653790,-0.0451286022,0.8180364522,-0.0577520530,0.0037185428,-0.6942832845,0.7173713081,0.1043568421,0.1770932425,0.0632414636,0.1226705072,0.0753306522,-0.0587867572,0.1359309855,0.0429926855,-0.1594011283,0.1320784777,0.0708616701,-0.0062340238,0.0661762160,0.0369920989,-0.1280932792,-0.0805597311,0.2702539844,-0.6053596159,1.3314528408,-0.2999272226,0.1997291855,0.0218042110,-1.8748865943,-1.0318238187,0.8122686328,0.6305290419,0.2543127385,0.1032551813,-0.3658335085
-0.0504475409,-0.0441407760,0.8180298592,-0.0582740856,0.0029356544,-0.6942296151,0.7173846628,0.1049392595,0.1761970769,0.0632266035,0.1228518129,0.0755478293,-0.0584361687,0.1365258222,0.0420993348,-0.1589964875,0.1323672089,0.0708460433,-0.0058268477,0.0642708832,0.0400577304,-0.1278268649,-0.1195309179,0.2775610785,-0.5951008113,1.3283203913,-0.2980746413,0.1985171732,0.0256290520,-1.8330648308,-1.0307408017,0.7810356386,0.6181099689,0.2514194306,0.1046186455,-0.3765135504
-0.0501241007,-0.0432362520,0.8180206074,-0.0588038378,0.0021456220,-0.6941695723,0.7174023347,0.1055332080,0.1752913733,0.0632016368,0.1230434035,0.0757648032,-0.0580735417,0.1371318627,0.0411945247,-0.1586111269,0.1326814738,0.0708166410,-0.0054126930,0.0622990876,0.0432033171,-0.1274522021,-0.1584919426,0.2852277615,-0.5850322258,1.3252742559,-0.2961962951,0.1972542567,0.0294080682,-1.7919507247,-1.0284914506,0.7504062141,0.6065009835,0.2485397429,0.1053697798,-0.3869021486
-0.0501150871,-0.0424126309,0.8180235241,-0.0593765559,0.0013832646,-0.6939669908,0.7175530133,0.1062521144,0.1745712484,0.0623167665,0.1232609850,0.0771402697,-0.0566636034,0.1379381243,0.0407043879,-0.1588919257,0.1330175982,0.0709983835,-0.0050607950,0.0613328323,0.0460578966,-0.1283515891,-0.1999148108,0.2910503795,-0.5713584629,1.3189222752,-0.2967138071,0.1950056224,0.0365040384,-1.7575477726,-1.0181835701,0.7205306749,0.5889409879,0.2470629311,0.1046443099,-0.3962046087
-0.0501472779,-0.0415721356,0.8180215247,-0.0598899529,0.0005672727,-0.6937992507,0.7176736525,0.1069062505,0.1739458631,0.0615776134,0.1234126206,0.0777183866,-0.0562664848,0.1387073341,0.0401632215,-0.1592137031,0.1333035480,0.0709264949,-0.0046524013,0.0597743265,0.0492313310,-0.1288826131,-0.2410822957,0.2969520480,-0.5571822367,1.3122527958,-0.2974077399,0.1928511465,0.0442225406,-1.7250360531,-1.0064159226,0.6921253796,0.5713844725,0.2454864588,0.1043702230,-0.4054834655
-0.0501712443,-0.0407355619,0.8180163920,-0.0604153927,-0.0002540523,-0.6936284447,0.7177948846,0.1075688731,0.1733198306,0.0608244969,0.1236162759,0.0782581025,-0.0558614828,0.1395057532,0.0396232607,-0.1595385641,0.1336009840,0.0708391501,-0.0042302635,0.0580815621,0.0525646872,-0.1292817256,-0.2820697505,0.3032400538,-0.5430713245,1.3054420682,-0.2980856604,0.1907129802,0.0520832420,-1.6937131500,-0.9937796660,0.6648108777,0.5539536665,0.2438707065,0.1041876443,-0.4147268220
-0.0499949165,-0.0401661716,0.8180024589,-0.0610625701,-0.0011011373,-0.6933557333,0.7180027696,0.1088902574,0.1725805522,0.0600520521,0.1240384119,0.0792988920,-0.0550087694,0.1411384414,0.0388378215,-0.1599642098,0.1340471370,0.0707098923,-0.0037909476,0.0569519812,0.0576637884,-0.1283374466,-0.3196925097,0.3188058140,-0.5243671714,1.3068254110,-0.3012528469,0.1902029809,0.0602825178,-1.6497270483,-0.9836190469,0.6431285225,0.5460276925,0.2411656510,0.1059075723,-0.4175070878
-0.0499516809,-0.0395821379,0.8179869932,-0.0617089799,-0.0020156571,-0.6930960724,0.7181961942,0.1103751537,0.1719024430,0.0594250846,0.1243315178,0.0798061879,-0.0548037430,0.1428206434,0.0382216628,-0.1603657400,0.1343831955,0.0705153251,-0.0034178968,0.0554827136,0.0619619155,-0.1277064485,-0.3570416877,0.3354012499,-0.5063744171,1.3089789775,-0.3044577280,0.1893871444,0.0680950380,-1.6045272117,-0.9723137632,0.6206588311,0.5376685850,0.2382091043,0.1072951127,-0.4202340708
-0.0499292634,-0.0391116342,0.8179695494,-0.0623364559,-0.0029196987,-0.6928327002,0.7183929921,0.1118584977,0.1712398691,0.0587871370,0.1245993412,0.0803010717,-0.0546304553,0.1445053629,0.0376268970,-0.1607853603,0.1347024721,0.0702863318,-0.0030692902,0.0539187470,0.0659667628,-0.1271876728,-0.3940781406,0.3527246967,-0.4890051653,1.3116048901,-0.3076111035,0.1880067096,0.0756853806,-1.5593951249,-0.9602117333,0.5981534981,0.5292462898,0.2349557558,0.1083425317,-0.4225032176
-0.0494034642,-0.0382738164,0.8179693680,-0.0631611397,-0.0038160422,-0.6928216921,0.7183273705,0.1133626784,0.1705392793,0.0590902070,0.1248394990,0.0805468459,-0.0536196153,0.1460242757,0.0367567765,-0.1606720919,0.1349073452,0.0706474815,-0.0024689967,0.0497578605,0.0698298911,-0.1269690536,-0.4382797745,0.3577241398,-0.4842149621,1.3059469201,-0.3080151750,0.1853988559,0.0814800532,-1.5126081715,-0.9388281578,0.5719031741,0.5306699824,0.2353849631,0.1095714537,-0.4257704229
-0.0489666568,-0.0374711127,0.8179599467,-0.0639731815,-0.0046812138,-0.6928554488,0.7182178259,0.1149287467,0.1696870962,0.0587273767,0.1250423901,0.0808237096,-0.0526415997,0.1474068127,0.0359895339,-0.1605340033,0.1350470185,0.0710071311,-0.0018804569,0.0462584332,0.0735326302,-0.1270082456,-0.4823313928,0.3625774658,-0.4806276911,1.2994815325,-0.3087271729,0.1835918246,0.0879886393,-1.4670493638,-0.9168230712,0.5472396773,0.5329119095,0.2357961002,0.1099392138,-0.4289670193
-0.0485259950,-0.0367747087,0.8179492503,-0.0647620241,-0.0055217840,-0.6928958050,0.7181022166,0.1164544024,0.1688353139,0.0583818116,0.1252358756,0.0810837576,-0.0516619629,0.1487410789,0.0352190806,-0.1603767902,0.1351777304,0.0713588033,-0.0012860409,0.0429433606,0.0771968609,-0.1270944239,-0.5263076781,0.3674092891,-0.4775382431,1.2927290886,-0.3095549993,0.1819710798,0.0947083168,-1.4228916074,-0.8940268798,0.5241727807,0.5352927733,0.2362194875,0.1100562853,-0.4321400780
-0.0482428445,-0.0362968024,0.8179348284,-0.0654492260,-0.0062029675,-0.6929853652,0.7179479129,0.1181087635,0.1685483024,0.0588783205,0.1253987875,0.0810241953,-0.0514516766,0.1503235994,0.0347888406,-0.1600829957,0.1353659641,0.0715453682,-0.0008722381,0.0398811664,0.0809415663,-0.1263039687,-0.5605556444,0.3767204583,-0.4729216776,1.2938972661,-0.3124827901,0.1820648237,0.1002207088,-1.3781816029,-0.8699415968,0.5106008423,0.5391732257,0.2363686855,0.1111007174,-0.4270652206
-0.0480279410,-0.0359707690,0.8179201834,-0.0660980738,-0.0068554123,-0.6930484046,0.7178216748,0.1197981257,0.1681896589,0.0591906367,0.1255414106,0.0809670080,-0.0507786949,0.1517570761,0.0344328108,-0.1597751044,0.1354493247,0.0717207397,-0.0004331924,0.0362865494,0.0850065246,-0.1258537535,-0.5940506148,0.3861820291,-0.4680226998,1.2951182301,-0.3154926522,0.1816240015,0.1053831819,-1.3353721054,-0.8443519651,0.4992548430,0.5436519681,0.2365048303,0.1120361225,-0.4213906829
-0.0477184203,-0.0356608977,0.8179049930,-0.0667258928,-0.0074812122,-0.6931074600,0.7177003104,0.1214266629,0.1678233137,0.0594923114,0.1256823339,0.0808967375,-0.0500962632,0.1531447316,0.0340716862,-0.1594797588,0.1355161596,0.0718911207,0.0000172695,0.0325193153,0.0892114454,-0.1254182337,-0.6273705367,0.3956512963,-0.4631745061,1.2962827462,-0.3184653067,0.1810389329,0.1105282193,-1.2940978902,-0.8178669339,0.4896865952,0.5483969837,0.2366171577,0.1128740272,-0.4157108949
-0.0473409746,-0.0361293412,0.8178243793,-0.0678946802,-0.0092892960,-0.6932075592,0.7174728575,0.1258149355,0.1663914514,0.0602242832,0.1285670118,0.0784431163,-0.0501416154,0.1574276826,0.0323060017,-0.1584991116,0.1386250563,0.0691610002,0.0006697217,0.0283237933,0.0866179788,-0.1238683812,-0.6557500948,0.4072132599,-0.4501420594,1.2817683623,-0.3272104749,0.1752879734,0.1256865210,-1.2291673753,-0.7954803452,0.4638563151,0.5322165408,0.2312464828,0.1135562986,-0.4151934940
-0.0464796779,-0.0355999651,0.8179312647,-0.0676816265,-0.0085858927,-0.6935279914,0.7171920280,0.1250677767,0.1658445636,0.0612064906,0.1259869530,0.0807435382,-0.0491169306,0.1561516483,0.0320542742,-0.1574855191,0.1360197072,0.0720410262,0.0013769755,0.0239087821,0.0937479769,-0.1239988027,-0.6907831988,0.4136147461,-0.4301546569,1.2735331281,-0.3356352093,0.1704528781,0.1372333432,-1.1937561111,-0.7717147909,0.4602169635,0.5364595718,0.2327275326,0.1127636522,-0.4095427405
-0.0458212082,-0.0360857335,0.8178494540,-0.0687224444,-0.0100764825,-0.6936646837,0.7169414179,0.1288545769,0.1644369521,0.0620464428,0.1288692690,0.0779617480,-0.0484640414,0.1596642193,0.0304202791,-0.1563706683,0.1387049329,0.0696916312,0.0022536447,0.0191432252,0.0935233301,-0.1225347678,-0.7169845005,0.4243093712,-0.4151047343,1.2564509200,-0.3439995543,0.1648285094,0.1541781568,-1.1355405426,-0.7468586907,0.4422451792,0.5222308125,0.2282815532,0.1129892892,-0.4090177718
-0.0452289958,-0.0358678821,0.8178384096,-0.0691848037,-0.0103801502,-0.6939613094,0.7166054818,0.1301196085,0.1640088733,0.0633967519,0.1288831920,0.0773507824,-0.0479569885,0.1604194791,0.0299284964,-0.1555056162,0.1387621061,0.0699368611,0.0029876451,0.0172526076,0.0969873596,-0.1218206361,-0.7428450800,0.4325538089,-0.4066641411,1.2388038332,-0.3504646602,0.1607953677,0.1643678469,-1.0869374282,-0.7190945632,0.4334887776,0.5261370075,0.2288004185,0.1132575319,-0.4074202497
-0.0446893734,-0.0357313376,0.8178530255,-0.0695041361,-0.0105917630,-0.6942937476,0.7162493851,0.1309479467,0.1634182822,0.0641284286,0.1289995761,0.0772007885,-0.0472643505,0.1607186082,0.0294765679,-0.1545807877,0.1386062466,0.0704076542,0.0037500780,0.0154553410,0.1009642372,-0.1212487746,-0.7686162317,0.4405452296,-0.3978916851,1.2211680313,-0.3567829658,0.1567060955,0.1744196225,-1.0411728086,-0.6906998492,0.4279112784,0.5323020814,0.2300208115,0.1123484952,-0.4056509329
-0.0440532048,-0.0355966204,0.8178678497,-0.0698072149,-0.0107788145,-0.6946293178,0.7158916684,0.1316959346,0.1628280133,0.0648640695,0.1291435327,0.0770441129,-0.0465605580,0.1609524307,0.0290236669,-0.1536500744,0.1384428350,0.0708912495,0.0045240652,0.0136048411,0.1050936767,-0.1206558074,-0.7943186739,0.4484924653,-0.3891669995,1.2034773273,-0.3629595671,0.1525203715,0.1845286107,-0.9965989745,-0.6618363040,0.4241579272,0.5389039691,0.2313355584,0.1111540878,-0.4038927685
-0.0429720168,-0.0353770256,0.8178804660,-0.0699492125,-0.0107058951,-0.6946195536,0.7158883762,0.1318048331,0.1619219730,0.0663691414,0.1291767983,0.0764116938,-0.0452452530,0.1615202424,0.0275739889,-0.1525875607,0.1382530250,0.0714478816,0.0055676895,0.0116099457,0.1085387443,-0.1204458928,-0.8267531900,0.4554584199,-0.3793654765,1.1616068715,-0.3695444993,0.1461267085,0.1978550302,-0.9541506452,-0.6399996348,0.4253809514,0.5526236654,0.2333403774,0.1129338626,-0.3948126899
-0.0419282629,-0.0351840191,0.8179054583,-0.0700463845,-0.0107054271,-0.6946594416,0.7158401763,0.1317701408,0.1608147891,0.0670091044,0.1293015655,0.0760374495,-0.0439172893,0.1615000213,0.0264148527,-0.1517670808,0.1380239401,0.0720606735,0.0066508220,0.0099829355,0.1121649715,-0.1199826850,-0.8583201396,0.4621024566,-0.3698158615,1.1177254562,-0.3758350579,0.1407286810,0.2123426400,-0.9127673527,-0.6183400722,0.4279256984,0.5671918563,0.2355588187,0.1142864108,-0.3852098674
-0.0407909987,-0.0349939844,0.8179302143,-0.0701347504,-0.0106901628,-0.6947005180,0.7157918884,0.1316950785,0.1597070156,0.0676458661,0.1294331961,0.0756599649,-0.0425829281,0.1614344029,0.0252543465,-0.1509489075,0.1378121637,0.0726708342,0.0077442214,0.0083927150,0.1158497427,-0.1195425875,-0.8896613795,0.4686256868,-0.3607762190,1.0734066005,-0.3817186278,0.1353968088,0.2271226339,-0.8717663554,-0.5965501671,0.4314331282,0.5819267997,0.2377468482,0.1155158122,-0.3755617008
-0.0404660187,-0.0351136740,0.8179634743,-0.0701770911,-0.0103280936,-0.6948496854,0.7156482523,0.1314426866,0.1586793624,0.0680936841,0.1294058152,0.0756420888,-0.0420489111,0.1612154463,0.0245197161,-0.1508890537,0.1375193688,0.0731156082,0.0084992169,0.0089881436,0.1183342758,-0.1198577269,-0.9248889720,0.4861316735,-0.3513612671,1.0204563473,-0.3860813362,0.1290301456,0.2463755785,-0.8314376722,-0.5806546427,0.4404381743,0.6107908531,0.2389309814,0.1183568363,-0.3601201231
-0.0400114658,-0.0352753017,0.8179922281,-0.0700562351,-0.0101013907,-0.6948395630,0.7156731569,0.1310838526,0.1580981423,0.0676757359,0.1295060293,0.0756371962,-0.0413349404,0.1610489434,0.0240446565,-0.1508062725,0.1372609156,0.0732909394,0.0092746247,0.0093450374,0.1207228125,-0.1199807027,-0.9598216895,0.5036893651,-0.3425167445,0.9669816589,-0.3897875051,0.1227925565,0.2658890260,-0.7923557658,-0.5645110362,0.4506455055,0.6412757791,0.2401035363,0.1202633949,-0.3440314658
-0.0395579063,-0.0354235766,0.8180201754,-0.0699511642,-0.0098894317,-0.6948218151,0.7157036251,0.1307347815,0.1575171412,0.0672329186,0.1296356410,0.0756323451,-0.0406199546,0.1609033665,0.0235696896,-0.1507459557,0.1370284253,0.0734644749,0.0100473955,0.0096368973,0.1231588805,-0.1200551976,-0.9946226256,0.5211458052,-0.3344858081,0.9133308362,-0.3927413958,0.1164833286,0.2854452765,-0.7535221584,-0.5482911854,0.4616388976,0.6720798358,0.2411033627,0.1219540488,-0.3278153227
-0.0386530539,-0.0358524280,0.8180430228,-0.0696162486,-0.0093560848,-0.6946374401,0.7159223899,0.1298459542,0.1566198321,0.0678857550,0.1294525716,0.0745114570,-0.0391282269,0.1603861310,0.0223372907,-0.1515996935,0.1365593626,0.0740809418,0.0118252319,0.0103059381,0.1288604753,-0.1215534795,-1.0463522746,0.5478339548,-0.3455265511,0.8897154961,-0.3927858991,0.1177715338,0.2914685109,-0.7143602324,-0.5295019146,0.4844335219,0.7232543452,0.2418378423,0.1246559100,-0.3116908897
-0.0377567965,-0.0361759255,0.8180701209,-0.0692741674,-0.0089022165,-0.6944345335,0.7161581661,0.1288378634,0.1554543144,0.0677738906,0.1295158997,0.0738101427,-0.0378595488,0.1598409566,0.0210825402,-0.1521002691,0.1362079331,0.0746322645,0.0134506282,0.0108557011,0.1338996225,-0.1225225486,-1.1020255166,0.5741114494,-0.3593927303,0.8709264975,-0.3932990696,0.1170881166,0.2950959227,-0.6761759402,-0.5102118565,0.5078348955,0.7764983112,0.2423825019,0.1260573060,-0.2952257891
-0.0369699410,-0.0363841522,0.8180947982,-0.0689620134,-0.0084870792,-0.6942218350,0.7163995073,0.1278860697,0.1542994639,0.0676293942,0.1295968567,0.0731362214,-0.0366195271,0.1593396905,0.0198375357,-0.1526297085,0.1359185517,0.0751691015,0.0150426319,0.0114208424,0.1388494128,-0.1232732219,-1.1590061795,0.5995068595,-0.3752430615,0.8530196957,-0.3938864575,0.1157792698,0.2983307763,-0.6379272262,-0.4910547797,0.5318277800,0.8300900756,0.2424338953,0.1271836499,-0.2785485444
-0.0362135769,-0.0366751226,0.8181829874,-0.0686546206,-0.0080058734,-0.6936405796,0.7169973469,0.1266210506,0.1531881754,0.0660074958,0.1296182325,0.0744112548,-0.0366138813,0.1590172591,0.0191727477,-0.1534493653,0.1357581932,0.0750705309,0.0143824373,0.0111441658,0.1442232324,-0.1236610528,-1.2175872990,0.6249887291,-0.3988682477,0.8427106150,-0.3945129300,0.1151045656,0.2979966983,-0.5887740613,-0.4756078260,0.5650677452,0.8959042334,0.2405824897,0.1310481345,-0.2515036693
-0.0354952616,-0.0370027208,0.8182879161,-0.0682125116,-0.0075537693,-0.6930762663,0.7175899127,0.1252115286,0.1518992865,0.0645960861,0.1296693905,0.0748369631,-0.0357520406,0.1584995314,0.0179302739,-0.1550414012,0.1356027299,0.0756954484,0.0154532718,0.0110359205,0.1493274926,-0.1242990873,-1.2772396312,0.6488584174,-0.4244957732,0.8330435269,-0.3952186016,0.1138008190,0.2973370008,-0.5390076978,-0.4606595821,0.5989194716,0.9623783768,0.2378029974,0.1341238488,-0.2238417917
-0.0347937982,-0.0374200291,0.8183928110,-0.0677530177,-0.0070912787,-0.6925091573,0.7181854283,0.1237513328,0.1506187216,0.0631615377,0.1297310466,0.0752677040,-0.0349167859,0.1579362803,0.0166945083,-0.1566475702,0.1354592944,0.0763110011,0.0164987304,0.0109724720,0.1544306362,-0.1249788508,-1.3378788935,0.6710594208,-0.4519134021,0.8233714474,-0.3959064926,0.1122979453,0.2967106496,-0.4886257864,-0.4463838835,0.6332895772,1.0289072262,0.2341345483,0.1369569524,-0.1961091780
-0.0342880766,-0.0377388336,0.8184747046,-0.0673070357,-0.0064992594,-0.6919582244,0.7187637569,0.1222077897,0.1497583394,0.0616321469,0.1297894499,0.0754694602,-0.0343497454,0.1572207454,0.0161016349,-0.1573248507,0.1353427158,0.0764163409,0.0168911637,0.0108116241,0.1594127714,-0.1266079372,-1.3920526564,0.6953428580,-0.4781381566,0.8211528699,-0.3983776439,0.1101918049,0.2973562877,-0.4536818511,-0.4387104807,0.6556366154,1.0865646248,0.2346771474,0.1396087307,-0.1756221729
-0.0336967073,-0.0380198307,0.8186491391,-0.0668619186,-0.0059401279,-0.6914251237,0.7193229435,0.1206189523,0.1488793870,0.0603108449,0.1299028795,0.0758704499,-0.0337867063,0.1564693736,0.0153515997,-0.1583137425,0.1352333064,0.0769172338,0.0176161159,0.0106626848,0.1644706136,-0.1279270550,-1.4476899229,0.7180721351,-0.5059419566,0.8192561020,-0.4008524375,0.1077075368,0.2977854564,-0.4189149152,-0.4317957245,0.6784100335,1.1439422004,0.2350188914,0.1427646833,-0.1550912510
-0.0331979241,-0.0383830297,0.8187352632,-0.0664247912,-0.0053888929,-0.6908896043,0.7198821165,0.1190480529,0.1480056885,0.0589792340,0.1300163408,0.0762794578,-0.0332336400,0.1557419102,0.0146040874,-0.1593150734,0.1351122205,0.0774249976,0.0183340043,0.0105222826,0.1695168344,-0.1292122157,-1.5045234356,0.7389910640,-0.5354678998,0.8173414552,-0.4032819047,0.1050974255,0.2982699128,-0.3840082367,-0.4254955021,0.7014308310,1.2012992928,0.2349457192,0.1459486717,-0.1343791148
-0.0330032782,-0.0382947548,0.8189495152,-0.0651174310,-0.0039419115,-0.6901934408,0.7206782887,0.1152193078,0.1474747423,0.0567734045,0.1268328970,0.0796747067,-0.0328967913,0.1529875626,0.0145535453,-0.1612855109,0.1319535774,0.0807706160,0.0187557859,0.0137665527,0.1719507949,-0.1308358629,-1.5590895319,0.7589258463,-0.5635777405,0.8136639831,-0.4091136526,0.0987091719,0.2950710441,-0.3563545254,-0.4146684392,0.7145075183,1.2413791337,0.2390772149,0.1501648021,-0.1173473075
-0.0327302451,-0.0388200771,0.8188687628,-0.0652708767,-0.0045956013,-0.6892046438,0.7216062307,0.1152063072,0.1459601419,0.0544389799,0.1302354180,0.0776237368,-0.0322938463,0.1542846684,0.0128667712,-0.1630209447,0.1353953642,0.0780253141,0.0197231777,0.0144660113,0.1758690219,-0.1311036268,-1.5958722364,0.7808360150,-0.5871010428,0.7929512636,-0.4149053556,0.0923136439,0.3018791310,-0.3241615876,-0.4060606010,0.7310409121,1.2820625162,0.2434225243,0.1501968851,-0.0990580032
-0.0324955537,-0.0387939776,0.8190875273,-0.0639981518,-0.0031585017,-0.6885042654,0.7223961081,0.1116210713,0.1454398692,0.0525121843,0.1269176939,0.0809723880,-0.0319139916,0.1516552022,0.0128404378,-0.1647005358,0.1322802394,0.0807266163,0.0199956442,0.0177620822,0.1788458822,-0.1332083833,-1.6497662546,0.7979470433,-0.6164886236,0.7865886328,-0.4202630485,0.0862744860,0.2992914806,-0.2952803154,-0.3970763492,0.7448584836,1.3212217641,0.2471254088,0.1546726588,-0.0822145950
-0.0325818691,-0.0391091929,0.8192003067,-0.0633236575,-0.0027414220,-0.6873236858,0.7235805069,0.1094217979,0.1445369517,0.0492879118,0.1267286900,0.0823085566,-0.0321217300,0.1511081334,0.0121359153,-0.1679413733,0.1321285040,0.0811218551,0.0199353371,0.0228301098,0.1767562928,-0.1330220659,-1.6876130909,0.8065609403,-0.6335718363,0.7808969239,-0.4268885551,0.0810153525,0.2992700544,-0.2664755827,-0.3797033640,0.7668782930,1.3445206884,0.2443429168,0.1586018564,-0.0590042741
-0.0325857595,-0.0394417294,0.8192991017,-0.0627158199,-0.0024586778,-0.6860622778,0.7248304849,0.1076486317,0.1433931433,0.0459760592,0.1266641463,0.0835594782,-0.0320537092,0.1509658563,0.0111934890,-0.1711823734,0.1323503382,0.0810853866,0.0200937145,0.0274870360,0.1755431956,-0.1332935356,-1.7218506717,0.8151082686,-0.6485802206,0.7724798246,-0.4324047772,0.0759555727,0.3001769509,-0.2360188672,-0.3641255540,0.7897833498,1.3657683297,0.2405897806,0.1639173959,-0.0357374415
-0.0325500372,-0.0398925869,0.8193975012,-0.0621081697,-0.0021742006,-0.6847892092,0.7260864873,0.1059369849,0.1421851730,0.0426706140,0.1265617850,0.0847806836,-0.0319282215,0.1508740527,0.0101903369,-0.1744191639,0.1325813792,0.0810018471,0.0203223019,0.0321079723,0.1747831178,-0.1338100218,-1.7548353483,0.8233114588,-0.6629181070,0.7627810711,-0.4374464227,0.0711315733,0.3015002906,-0.2047781004,-0.3497671181,0.8132363643,1.3863067132,0.2365271792,0.1696707363,-0.0125423641
-0.0327009803,-0.0400832713,0.8195851537,-0.0615092020,-0.0021130010,-0.6832822913,0.7275558148,0.1040179037,0.1409909366,0.0389038297,0.1265277276,0.0857145259,-0.0325085370,0.1508619636,0.0091749461,-0.1785056760,0.1329272780,0.0808069012,0.0200531631,0.0364859936,0.1716444263,-0.1344462944,-1.7769764698,0.8319491380,-0.6713256334,0.7353440025,-0.4432513154,0.0626613838,0.3060976582,-0.1856187035,-0.3430261546,0.8203231068,1.3926820356,0.2356080566,0.1706596773,0.0066853841
-0.0328664368,-0.0402030115,0.8196877199,-0.0609713293,-0.0020881926,-0.6817703322,0.7290180729,0.1021742339,0.1397141141,0.0350914444,0.1265395985,0.0872375346,-0.0328369492,0.1509149279,0.0080635401,-0.1826620280,0.1333419521,0.0807117768,0.0200731159,0.0420368062,0.1694967941,-0.1348138712,-1.7956893837,0.8405180461,-0.6769082940,0.7028978326,-0.4480410977,0.0552599728,0.3127686501,-0.1657176291,-0.3382256512,0.8260522727,1.3974548145,0.2342837630,0.1722635698,0.0254962993
-0.0329873049,-0.0403229956,0.8197930677,-0.0604503775,-0.0020624398,-0.6802716839,0.7304600840,0.1003960825,0.1383978996,0.0313505186,0.1265120321,0.0887586827,-0.0331017456,0.1510088357,0.0069142620,-0.1867455795,0.1337177427,0.0806554659,0.0201523168,0.0480017150,0.1678347569,-0.1353951556,-1.8126699826,0.8487900232,-0.6813526335,0.6684387621,-0.4518781573,0.0485010314,0.3203297527,-0.1453022196,-0.3342884378,0.8315773035,1.4016374159,0.2327848976,0.1741506118,0.0442213220
-0.0331431264,-0.0403030396,0.8198924946,-0.0601899825,-0.0022063122,-0.6794100858,0.7312825949,0.0993797276,0.1372672915,0.0280806447,0.1266419788,0.0901576528,-0.0329150454,0.1510718666,0.0058049430,-0.1904897990,0.1341130355,0.0803580008,0.0204723095,0.0540337167,0.1644716121,-0.1349526484,-1.8195104869,0.8521615108,-0.6795469313,0.6292774921,-0.4543270733,0.0418605306,0.3279439456,-0.1304205375,-0.3295515761,0.8388248422,1.3980834216,0.2280512468,0.1745939345,0.0562949397
-0.0331658100,-0.0402061822,0.8199982828,-0.0599633218,-0.0024165169,-0.6785714905,0.7320787477,0.0986437985,0.1360598880,0.0249953220,0.1266636781,0.0913353809,-0.0326433167,0.1513226360,0.0045723165,-0.1941882968,0.1345150415,0.0800485291,0.0209137597,0.0604408254,0.1618203188,-0.1347305958,-1.8230770917,0.8558154104,-0.6753883281,0.5870745894,-0.4549645863,0.0359085595,0.3364187935,-0.1147767744,-0.3255658555,0.8460255143,1.3936615490,0.2231530506,0.1757020329,0.0672553282
-0.0331541408,-0.0401182057,0.8200188682,-0.0597454065,-0.0026288680,-0.6777412951,0.7328644570,0.0979673779,0.1348217894,0.0219618989,0.1266556525,0.0925024959,-0.0323230314,0.1516275575,0.0033096441,-0.1978388651,0.1348697417,0.0797578347,0.0214035452,0.0670363014,0.1595728462,-0.1347462702,-1.8249371479,0.8594721881,-0.6701786851,0.5433369763,-0.4543812374,0.0304454787,0.3453470306,-0.0987338297,-0.3221131610,0.8532813170,1.3888511315,0.2182651035,0.1770692021,0.0779823835
-0.0331034627,-0.0401312173,0.8200762747,-0.0594241958,-0.0026707282,-0.6773421389,0.7332593396,0.0973187419,0.1338181705,0.0200832923,0.1264783836,0.0911571812,-0.0326398621,0.1514985728,0.0024997160,-0.1995781556,0.1349030830,0.0790257628,0.0210027999,0.0713305023,0.1565911900,-0.1344862512,-1.8249645977,0.8582549448,-0.6612137373,0.4855702111,-0.4488599920,0.0226841834,0.3576812123,-0.0875124671,-0.3186982983,0.8570145346,1.3840816210,0.2149403018,0.1786708568,0.0844333535
-0.0329790704,-0.0400793723,0.8200471379,-0.0592404826,-0.0027319411,-0.6769987345,0.7335910408,0.0966942924,0.1329717327,0.0182606716,0.1265570140,0.0901602094,-0.0327301036,0.1514459870,0.0013984460,-0.2024552302,0.1350406479,0.0780649152,0.0214592907,0.0763870614,0.1539985875,-0.1340422874,-1.8222798490,0.8568240653,-0.6506768136,0.4238323953,-0.4404690643,0.0166660861,0.3716588896,-0.0764835291,-0.3151669188,0.8602062087,1.3797494390,0.2118080598,0.1804112313,0.0903048454
-0.0329207438,-0.0401076317,0.8200197765,-0.0590703191,-0.0028059854,-0.6766544663,0.7339220374,0.0961045791,0.1320908935,0.0164512148,0.1266392030,0.0891671080,-0.0327896041,0.1514177512,0.0002607489,-0.2053194604,0.1352084240,0.0771029209,0.0219481508,0.0816316134,0.1516564004,-0.1336956898,-1.8179997116,0.8552265345,-0.6394050960,0.3601629531,-0.4300521812,0.0119543341,0.3860080705,-0.0653634963,-0.3118115148,0.8633279829,1.3755424738,0.2086813916,0.1821368902,0.0960906797
-0.0329675846,-0.0398414079,0.8199097169,-0.0590844049,-0.0029061959,-0.6765035954,0.7340595837,0.0958910603,0.1316231210,0.0145647890,0.1270593449,0.0917235822,-0.0331527622,0.1511646984,0.0004978453,-0.2043218878,0.1355352801,0.0777062108,0.0207880517,0.0843937483,0.1488039617,-0.1328105796,-1.8077567283,0.8539313284,-0.6309656619,0.2905420649,-0.4144978057,0.0096495608,0.3979999438,-0.0551105108,-0.3123615040,0.8646099015,1.3680257822,0.2050184125,0.1830385956,0.0984583259
-0.0330564282,-0.0397125712,0.8198719473,-0.0590595348,-0.0030316569,-0.6764459066,0.7341142389,0.0957201029,0.1311980524,0.0136614955,0.1269735627,0.0910879473,-0.0337362014,0.1511151036,-0.0000894743,-0.2055603514,0.1354861044,0.0765994846,0.0205324419,0.0872698325,0.1462642934,-0.1320400784,-1.7952934372,0.8532795415,-0.6216880012,0.2180111723,-0.3965705857,0.0094393614,0.4097693341,-0.0444214029,-0.3133607363,0.8661523083,1.3596604114,0.2012845604,0.1842477251,0.1003057729
-0.0331271691,-0.0396111082,0.8198300388,-0.0590398002,-0.0031702101,-0.6763784091,0.7341774305,0.0955490763,0.1307356895,0.0127409785,0.1270282333,0.0903310484,-0.0342921513,0.1510999298,-0.0007263521,-0.2068073820,0.1355283576,0.0753944125,0.0203189242,0.0900751574,0.1440009007,-0.1313553413,-1.7816609279,0.8528710770,-0.6120807511,0.1440494969,-0.3769757779,0.0107987000,0.4208167973,-0.0335098993,-0.3146763486,0.8678298513,1.3509786536,0.1975895687,0.1856468275,0.1020084384
-0.0333367904,-0.0396667346,0.8196302827,-0.0599425205,-0.0050122163,-0.6760568622,0.7343901491,0.0983187066,0.1303190892,0.0118536103,0.1314148795,0.0889459882,-0.0334517673,0.1539905829,-0.0011360943,-0.2066436860,0.1402828793,0.0727395388,0.0208877672,0.0868257688,0.1461404904,-0.1295555375,-1.7354515632,0.8595889644,-0.5905104729,0.0401762966,-0.3444433768,0.0269421580,0.4407969802,-0.0255683657,-0.3232004446,0.8675442188,1.3455488350,0.1984825512,0.1877644935,0.1006286512
-0.0338423580,-0.0394332602,0.8197429827,-0.0592691604,-0.0040729172,-0.6762323902,0.7342889979,0.0969604797,0.1314684043,0.0116058351,0.1276827204,0.0918077368,-0.0341609192,0.1524336838,0.0003290742,-0.2073746545,0.1365880413,0.0749707846,0.0201910661,0.0908632684,0.1439592550,-0.1313129027,-1.7305811986,0.8539487047,-0.5855115160,-0.0166633460,-0.3293498904,0.0288558526,0.4398251845,-0.0198545785,-0.3266439212,0.8603315008,1.3437701322,0.2000875446,0.1885301770,0.0998449190
-0.0343436697,-0.0393975409,0.8196835864,-0.0590994211,-0.0040594715,-0.6762967063,0.7342435183,0.0966629910,0.1321512207,0.0111260926,0.1273004439,0.0922681724,-0.0349206359,0.1522426708,0.0010275005,-0.2081667718,0.1359027919,0.0748579757,0.0196152509,0.0934260222,0.1413356675,-0.1312318828,-1.7182200077,0.8507149822,-0.5798226419,-0.0834752111,-0.3088885622,0.0327779222,0.4423220637,-0.0135640462,-0.3298361830,0.8538802069,1.3414399065,0.2014210226,0.1888506294,0.0988107444
-0.0345835544,-0.0394966988,0.8196180954,-0.0591027776,-0.0038386357,-0.6766273406,0.7339397581,0.0969228300,0.1327067650,0.0124123568,0.1272912665,0.0915321571,-0.0343856178,0.1521405744,0.0013496590,-0.2077444387,0.1357290716,0.0746025193,0.0194431214,0.0936902887,0.1384237909,-0.1305311848,-1.7038903047,0.8478624063,-0.5704106299,-0.1377231650,-0.2900315323,0.0423888380,0.4451929303,-0.0078518124,-0.3328140841,0.8507594568,1.3381177951,0.2014474701,0.1887919039,0.0978501506
-0.0347958498,-0.0397038334,0.8195454015,-0.0590886082,-0.0037813207,-0.6769815656,0.7336144750,0.0973115692,0.1332752572,0.0134093862,0.1273317551,0.0906261380,-0.0346484464,0.1521279758,0.0016986789,-0.2073090349,0.1355997162,0.0743056830,0.0193470679,0.0935453388,0.1359306927,-0.1297901576,-1.6904509959,0.8455042154,-0.5612222090,-0.1903011100,-0.2716396909,0.0519024982,0.4463845678,-0.0022455496,-0.3361159328,0.8483047146,1.3346907444,0.2015186253,0.1887549629,0.0969500167
-0.0350175167,-0.0398389166,0.8194685452,-0.0590855467,-0.0037302389,-0.6773290124,0.7332942060,0.0977406779,0.1338634058,0.0143808268,0.1273877975,0.0896905303,-0.0349314005,0.1521731316,0.0020707636,-0.2068943308,0.1354680331,0.0739759435,0.0192385362,0.0932043999,0.1334583960,-0.1289223984,-1.6776471817,0.8434327562,-0.5523985681,-0.2421967390,-0.2533475486,0.0613564131,0.4463215765,0.0032540259,-0.3394265904,0.8460253417,1.3312064198,0.2016448704,0.1887342289,0.0960594273
-0.0353590447,-0.0400887703,0.8194095700,-0.0589132183,-0.0038168150,-0.6776981117,0.7329665300,0.0981404355,0.1342370366,0.0149056533,0.1274114086,0.0897836869,-0.0349824629,0.1522269505,0.0026045949,-0.2063444630,0.1353720410,0.0721900791,0.0182909878,0.0938764024,0.1317308977,-0.1278928234,-1.6615579458,0.8423599552,-0.5424659343,-0.2890270332,-0.2377467076,0.0702481275,0.4461655131,0.0070303275,-0.3414952482,0.8435672311,1.3279623293,0.2021263436,0.1887093786,0.0940054832
-0.0356030470,-0.0403484180,0.8192591563,-0.0587431505,-0.0038384961,-0.6780828192,0.7326241864,0.0986722662,0.1346768309,0.0159107283,0.1273413532,0.0891218365,-0.0352854857,0.1521687836,0.0028611717,-0.2059964789,0.1354464003,0.0712312186,0.0179142131,0.0944368981,0.1300314196,-0.1269347182,-1.6455299098,0.8415892909,-0.5324212759,-0.3352143907,-0.2225869879,0.0785024846,0.4450890602,0.0106916707,-0.3435660502,0.8413249514,1.3249498554,0.2026934183,0.1886769764,0.0917668298
-0.0359389558,-0.0406225936,0.8191942955,-0.0585629384,-0.0038495468,-0.6784735394,0.7322767370,0.0991853318,0.1351260612,0.0169213298,0.1272952361,0.0884248700,-0.0356020575,0.1521087451,0.0031291223,-0.2056366636,0.1354923000,0.0702685002,0.0175315625,0.0949221598,0.1283723644,-0.1259757995,-1.6296995951,0.8409664835,-0.5225071955,-0.3810993315,-0.2074964861,0.0866275279,0.4431831673,0.0142953527,-0.3456346279,0.8391840364,1.3219896767,0.2032917447,0.1886158403,0.0895035185
-0.0361808250,-0.0406929318,0.8191056589,-0.0586593078,-0.0037567003,-0.6788234492,0.7319451466,0.0993365045,0.1356280891,0.0175272744,0.1272028039,0.0879192563,-0.0358211100,0.1518172743,0.0037447893,-0.2052544734,0.1353125517,0.0694553537,0.0171651667,0.0958731080,0.1262118982,-0.1245647675,-1.6096877343,0.8400464194,-0.5125097636,-0.4197142359,-0.1953040198,0.0959104999,0.4403379273,0.0167181424,-0.3469653541,0.8395116877,1.3167585355,0.2016715197,0.1885786050,0.0888490737
-0.0365183828,-0.0408827024,0.8190213087,-0.0585673677,-0.0036499700,-0.6791896709,0.7316132394,0.0995519632,0.1361984364,0.0182627773,0.1270934887,0.0873120603,-0.0360690067,0.1514977395,0.0043467847,-0.2049893445,0.1350265539,0.0686964680,0.0168141407,0.0965743799,0.1242651166,-0.1233494950,-1.5898670134,0.8393948231,-0.5025052651,-0.4574437299,-0.1837086212,0.1045587899,0.4367359344,0.0191445890,-0.3484869618,0.8401123432,1.3112926841,0.1998181011,0.1887653189,0.0884435531
-0.0367738856,-0.0409987109,0.8190227931,-0.0584620794,-0.0035274574,-0.6795550146,0.7312829305,0.0997352450,0.1367780454,0.0189908462,0.1269889245,0.0866908809,-0.0363278731,0.1511568923,0.0049599425,-0.2047303560,0.1347347580,0.0679237095,0.0164569704,0.0971749444,0.1223517461,-0.1221616406,-1.5702752403,0.8388424845,-0.4925902859,-0.4948083921,-0.1723344714,0.1129574512,0.4325669474,0.0215480034,-0.3500699933,0.8408183138,1.3057360523,0.1979416027,0.1890252429,0.0880738183
-0.0371756739,-0.0410278015,0.8190249291,-0.0583806716,-0.0035712424,-0.6799459910,0.7309257094,0.0998180473,0.1373143219,0.0192714580,0.1269597864,0.0872960101,-0.0365992659,0.1509777392,0.0049435353,-0.2043875368,0.1354348569,0.0687417293,0.0164307901,0.0983005385,0.1206474692,-0.1201233259,-1.5411982998,0.8363369165,-0.4792833840,-0.5208673852,-0.1666490529,0.1195610313,0.4289338137,0.0219997278,-0.3509978880,0.8404070924,1.3014797018,0.1970883006,0.1894347193,0.0869836716
-0.0374443568,-0.0411126558,0.8189457465,-0.0582603368,-0.0035488491,-0.6803158625,0.7305911758,0.0999876436,0.1377553044,0.0201413629,0.1267755648,0.0872999639,-0.0368202601,0.1506240951,0.0052386261,-0.2037914610,0.1355131500,0.0685969774,0.0162551418,0.0994742032,0.1194980658,-0.1184148267,-1.5112358932,0.8336301539,-0.4649243243,-0.5462277469,-0.1617608322,0.1247218419,0.4247537586,0.0225277546,-0.3522466143,0.8401796582,1.2976331834,0.1963371680,0.1897189550,0.0858021965
-0.0377052414,-0.0412106835,0.8189535682,-0.0581329200,-0.0035021330,-0.6806977563,0.7302457553,0.1001279031,0.1382197062,0.0210402364,0.1266163060,0.0872703965,-0.0370393440,0.1502466225,0.0055587799,-0.2031636217,0.1355568516,0.0684672262,0.0160844490,0.1006199651,0.1185342825,-0.1168141092,-1.4811249021,0.8306262141,-0.4504064759,-0.5714366423,-0.1570631888,0.1294791400,0.4202656609,0.0230723377,-0.3536458239,0.8400640081,1.2938474990,0.1956118556,0.1899391749,0.0846205064
-0.0382345330,-0.0412153103,0.8188762584,-0.0581195867,-0.0034745086,-0.6811825885,0.7297947126,0.1003124497,0.1387629325,0.0218059498,0.1264319194,0.0869136718,-0.0373940518,0.1496910626,0.0066378484,-0.2016059717,0.1355135361,0.0676262552,0.0156044992,0.1017642346,0.1165625375,-0.1149642073,-1.4488350585,0.8252218362,-0.4334721555,-0.5954087870,-0.1511878533,0.1340518610,0.4175272347,0.0232638261,-0.3550691221,0.8414810480,1.2889013320,0.1936728976,0.1898341363,0.0839019642
-0.0386701724,-0.0412276845,0.8187946463,-0.0580925433,-0.0034371883,-0.6817008824,0.7293129295,0.1004857289,0.1392971685,0.0226071070,0.1262756226,0.0865204464,-0.0377446408,0.1492706731,0.0074710579,-0.2006797505,0.1355211095,0.0671578726,0.0152421266,0.1029483687,0.1148119291,-0.1132628089,-1.4161848519,0.8193098106,-0.4163866916,-0.6196202145,-0.1451805397,0.1385054916,0.4145916078,0.0235205542,-0.3567612532,0.8429968480,1.2838526039,0.1916362046,0.1897599905,0.0833069235
-0.0391047148,-0.0412478881,0.8187127407,-0.0580577371,-0.0033926606,-0.6822173777,0.7288327919,0.1006457077,0.1398277884,0.0234025870,0.1261167054,0.0861201310,-0.0380925704,0.1488502274,0.0083070022,-0.1997550611,0.1355048605,0.0666916240,0.0148838554,0.1040859340,0.1131365615,-0.1116061274,-1.3836372915,0.8129025054,-0.3994614158,-0.6439095565,-0.1392196111,0.1429250750,0.4114384291,0.0237899982,-0.3585564994,0.8445647121,1.2787676258,0.1895866624,0.1897017826,0.0827310028
-0.0393818583,-0.0410711299,0.8186603179,-0.0579393821,-0.0035459098,-0.6825017746,0.7285751727,0.1010924123,0.1411954968,0.0250532805,0.1260262963,0.0853701644,-0.0384510090,0.1483428518,0.0083451931,-0.1991581678,0.1354583824,0.0650822029,0.0143227323,0.1050097811,0.1114684167,-0.1091117508,-1.3412697280,0.8013418409,-0.3811352990,-0.6626499489,-0.1362948532,0.1456933858,0.4083723226,0.0230717385,-0.3598879787,0.8467807948,1.2735383314,0.1867168557,0.1897826602,0.0826982504
-0.0396549016,-0.0410624308,0.8185200129,-0.0579277187,-0.0036413651,-0.6828633923,0.7282367111,0.1013666879,0.1416793778,0.0260136617,0.1258486445,0.0845845358,-0.0387319774,0.1478494143,0.0087236820,-0.1983173087,0.1355274492,0.0640699233,0.0140336833,0.1059270438,0.1105687603,-0.1069759684,-1.2976471249,0.7890403405,-0.3622618339,-0.6821811412,-0.1334108524,0.1480130839,0.4049011367,0.0225694447,-0.3617204638,0.8493407723,1.2683791048,0.1837558290,0.1898903336,0.0828017891
-0.0399131406,-0.0409817489,0.8184680703,-0.0578960445,-0.0037079286,-0.6832271642,0.7278976174,0.1015883519,0.1421549714,0.0269823453,0.1256679850,0.0837830799,-0.0389927471,0.1473253752,0.0091000094,-0.1974654800,0.1355407394,0.0630768943,0.0137651889,0.1067129157,0.1098634200,-0.1049652970,-1.2540890777,0.7759219934,-0.3437579517,-0.7020623946,-0.1305417213,0.1502972329,0.4012317861,0.0220737133,-0.3637747249,0.8520802184,1.2631910079,0.1807976333,0.1899936279,0.0829381058
-0.0398259842,-0.0413082752,0.8183164920,-0.0584705376,-0.0047232237,-0.6832554271,0.7278192830,0.1037655023,0.1412028351,0.0278174201,0.1284050793,0.0813812973,-0.0390846662,0.1498134636,0.0076136251,-0.1971822906,0.1387373509,0.0603690212,0.0138634003,0.1008525427,0.1129276927,-0.0996542727,-1.1582157377,0.7557186765,-0.3139448989,-0.7386145013,-0.1286323818,0.1577403723,0.3951014085,0.0173312557,-0.3671764640,0.8601907237,1.2597436244,0.1798631889,0.1909742988,0.0825243343
-0.0397627555,-0.0415617959,0.8183686708,-0.0583242688,-0.0046306840,-0.6834848876,0.7276161384,0.1041499593,0.1412941471,0.0295440322,0.1279586445,0.0803236238,-0.0395155679,0.1498450105,0.0075161092,-0.1959019617,0.1383830345,0.0596013588,0.0133691887,0.1000921660,0.1133149940,-0.0968255269,-1.0805458267,0.7281710003,-0.2954859434,-0.7594510371,-0.1316694460,0.1592821548,0.3889952696,0.0143937773,-0.3687948684,0.8634265782,1.2561940593,0.1791791244,0.1908121159,0.0819501775
-0.0397578591,-0.0418114338,0.8183300810,-0.0581159064,-0.0044642366,-0.6837456060,0.7273888632,0.1043177313,0.1414871075,0.0312981660,0.1275157755,0.0793007349,-0.0400410173,0.1496563791,0.0075257276,-0.1945905709,0.1379706492,0.0588962704,0.0127697451,0.1003847275,0.1127325411,-0.0939870164,-1.0080679301,0.6978895006,-0.2822608915,-0.7776747805,-0.1352940479,0.1595362851,0.3832139259,0.0117548688,-0.3695764401,0.8654619691,1.2526024524,0.1783447546,0.1905402116,0.0812951463
-0.0396850910,-0.0420282831,0.8182524702,-0.0579474033,-0.0042551038,-0.6834425977,0.7276882630,0.1040321610,0.1409279227,0.0282200255,0.1271352007,0.0804973500,-0.0391847320,0.1495784334,0.0073342331,-0.1981572332,0.1380538368,0.0593539122,0.0135949706,0.0986450504,0.1116405956,-0.0899996036,-0.9426328160,0.6439088353,-0.2847192537,-0.7960188191,-0.1421796382,0.1580036361,0.3769723484,0.0077296197,-0.3706489961,0.8714988735,1.2441564693,0.1744626302,0.1903389184,0.0827655100
-0.0395466960,-0.0423585886,0.8182140704,-0.0577654814,-0.0041155589,-0.6833069611,0.7278308926,0.1041923497,0.1406212945,0.0275094614,0.1267128020,0.0793482765,-0.0391549794,0.1497358052,0.0070216936,-0.1988255126,0.1379854676,0.0582497522,0.0135680551,0.0972281757,0.1103095676,-0.0859786138,-0.8797875665,0.5886970811,-0.2917984569,-0.8144425434,-0.1487631179,0.1567893216,0.3707786138,0.0039889262,-0.3716552236,0.8769563719,1.2353873174,0.1704426509,0.1901943388,0.0840842967
-0.0395061975,-0.0426339714,0.8180810707,-0.0575773699,-0.0039717223,-0.6831801234,0.7279656523,0.1043852851,0.1403366780,0.0268199112,0.1263090123,0.0781392593,-0.0391494190,0.1499153447,0.0067301600,-0.1994715369,0.1379326976,0.0570904768,0.0135305456,0.0958598005,0.1088281396,-0.0818697617,-0.8188550441,0.5329760525,-0.3028764782,-0.8327332966,-0.1553506328,0.1555677409,0.3646577842,0.0002177029,-0.3725590083,0.8823408259,1.2265694907,0.1663913886,0.1900456256,0.0853793555
-0.0394745265,-0.0427666071,0.8180154614,-0.0573385646,-0.0037513165,-0.6831498351,0.7280140929,0.1035187933,0.1405518128,0.0266033021,0.1257692690,0.0789193184,-0.0393131649,0.1494932797,0.0069289465,-0.1996566183,0.1367501283,0.0579346301,0.0138713657,0.0951419987,0.1077066348,-0.0772992487,-0.7672092430,0.4928518150,-0.3536711704,-0.8507609782,-0.1809027451,0.1527259544,0.3418806890,-0.0042480977,-0.3829247296,0.8993823588,1.2018703087,0.1461980801,0.1912265990,0.0937329816
-0.0395135307,-0.0429356096,0.8179802563,-0.0570781502,-0.0035305371,-0.6829601815,0.7282135748,0.1029910947,0.1406517835,0.0259562138,0.1252941436,0.0778517717,-0.0394264697,0.1492679247,0.0069055885,-0.2002799997,0.1362191387,0.0573189305,0.0139292773,0.0944394810,0.1061467713,-0.0726338416,-0.7155120026,0.4544646973,-0.4068260796,-0.8681349978,-0.2066230728,0.1494773091,0.3191858627,-0.0086864244,-0.3932298051,0.9163531132,1.1772165603,0.1257872516,0.1920252767,0.1020578145
-0.0395786516,-0.0430579684,0.8178446199,-0.0568239501,-0.0033270802,-0.6827740458,0.7284089316,0.1025222224,0.1407783258,0.0253049252,0.1249143554,0.0766670324,-0.0395849073,0.1490925713,0.0068960877,-0.2009010186,0.1358044977,0.0565654879,0.0139603848,0.0935605923,0.1044894667,-0.0678999280,-0.6634731419,0.4179744403,-0.4621972361,-0.8859847892,-0.2324805941,0.1470026847,0.2972027364,-0.0136220132,-0.4037474164,0.9334867040,1.1521598697,0.1053414813,0.1933810188,0.1108100482
-0.0396499454,-0.0436012825,0.8178472654,-0.0564957759,-0.0029209342,-0.6826095389,0.7285903602,0.1021855215,0.1404291658,0.0248308489,0.1244834059,0.0772350879,-0.0396439522,0.1490473533,0.0071386836,-0.2015320977,0.1352723212,0.0557109269,0.0138803247,0.0920314359,0.1031351582,-0.0633274642,-0.6034075595,0.3851074595,-0.5107398253,-0.8767994125,-0.2497629904,0.1487923401,0.2718526090,-0.0190358784,-0.4081341259,0.9452613088,1.1413194329,0.0947690666,0.1956611436,0.1223203505
-0.0397204647,-0.0440960123,0.8177725198,-0.0561074658,-0.0025850883,-0.6824466537,0.7287741999,0.1018639921,0.1403630139,0.0238430828,0.1240993610,0.0765300162,-0.0401268942,0.1490503873,0.0071915433,-0.2020695293,0.1347604596,0.0549588874,0.0138823580,0.0902726771,0.1014744822,-0.0586415295,-0.5425985835,0.3537010770,-0.5608983665,-0.8666844941,-0.2666227443,0.1501240569,0.2457153356,-0.0248114850,-0.4122840292,0.9574091554,1.1310447299,0.0842898528,0.1975117821,0.1338903769
-0.0398113561,-0.0446446719,0.8176860644,-0.0557073389,-0.0022400593,-0.6822865596,0.7289559144,0.1015738108,0.1403317470,0.0228552573,0.1237571987,0.0757239924,-0.0406480521,0.1490929207,0.0072751700,-0.2026101873,0.1342749081,0.0541078158,0.0138635406,0.0883023833,0.0996838837,-0.0538947211,-0.4807262064,0.3240932367,-0.6127883133,-0.8564086378,-0.2830473662,0.1516043343,0.2191806949,-0.0307676247,-0.4163840722,0.9697517722,1.1208003988,0.0737906537,0.1992679350,0.1454917891
-0.0395655003,-0.0448241885,0.8176986032,-0.0554364186,-0.0019717522,-0.6821835867,0.7290737067,0.1008900964,0.1398636755,0.0231011674,0.1234924994,0.0757305235,-0.0400044544,0.1485644484,0.0068116321,-0.2032938648,0.1340991267,0.0541712668,0.0139292960,0.0849645501,0.0975348395,-0.0499541480,-0.4443684546,0.3249384138,-0.6721774294,-0.8094643333,-0.2977914819,0.1600721375,0.1662604563,-0.0476670877,-0.4489042060,0.9966528163,1.0505032959,0.0364646132,0.1993414334,0.1808398330
-0.0393464544,-0.0448759129,0.8177035662,-0.0553461749,-0.0018901937,-0.6820810049,0.7291767487,0.1005739298,0.1392810192,0.0225366457,0.1235067861,0.0753835886,-0.0400647774,0.1484540350,0.0063138410,-0.2039858142,0.1341405626,0.0540843139,0.0139640775,0.0814741821,0.0955351993,-0.0456373415,-0.4078576728,0.3259980550,-0.7307375316,-0.7602476279,-0.3109962511,0.1674493047,0.1110511227,-0.0657798308,-0.4840227488,1.0245501291,0.9782897571,-0.0004174031,0.1994387918,0.2181799585
-0.0391209242,-0.0449492262,0.8176126568,-0.0553576825,-0.0019028297,-0.6819834131,0.7292671188,0.1004087517,0.1387148646,0.0219971916,0.1236869026,0.0749910409,-0.0401138729,0.1484984423,0.0058161626,-0.2046407162,0.1343112200,0.0539884270,0.0139999160,0.0777008869,0.0935353076,-0.0414250947,-0.3704051446,0.3279060782,-0.7889673101,-0.7106290568,-0.3224496899,0.1749846779,0.0546679255,-0.0856330327,-0.5205405953,1.0536398343,0.9058273727,-0.0364107860,0.1985728850,0.2570407207
-0.0395088181,-0.0451545076,0.8175732364,-0.0552979846,-0.0019106073,-0.6817197187,0.7295181338,0.1007743382,0.1393925027,0.0208657732,0.1234133749,0.0745908552,-0.0407398130,0.1488083163,0.0062605231,-0.2050296078,0.1342739630,0.0533683657,0.0135110930,0.0772723691,0.0942242742,-0.0400849766,-0.3238503491,0.3463134955,-0.8086529013,-0.6094729228,-0.3216205497,0.1889107155,-0.0074276033,-0.1010396503,-0.5416625426,1.0475365442,0.8572471449,-0.0409639276,0.2051171108,0.2866214788
-0.0399004301,-0.0452776550,0.8175472214,-0.0553051453,-0.0020007062,-0.6815313616,0.7296933200,0.1010820100,0.1398357829,0.0198859625,0.1232730050,0.0744923129,-0.0413470195,0.1491770940,0.0066919520,-0.2055761561,0.1343479005,0.0528995210,0.0129718982,0.0767865057,0.0945343228,-0.0386369502,-0.2778917770,0.3636266083,-0.8273359388,-0.5035953636,-0.3160241409,0.1995908635,-0.0728961003,-0.1168406529,-0.5618661546,1.0423099716,0.8106758423,-0.0446683874,0.2102958405,0.3153250317
-0.0402696545,-0.0453780189,0.8175188620,-0.0553423823,-0.0021130256,-0.6813439861,0.7298651440,0.1014241292,0.1402602512,0.0189175675,0.1231811118,0.0743799108,-0.0419221498,0.1495824313,0.0071006129,-0.2061008234,0.1344539412,0.0524393176,0.0124624324,0.0762616259,0.0946973444,-0.0371325063,-0.2315063050,0.3809681894,-0.8453176036,-0.3967307290,-0.3058634851,0.2091769771,-0.1393844117,-0.1327976164,-0.5822744877,1.0375636285,0.7641696620,-0.0480010048,0.2151771216,0.3439594702
-0.0409162111,-0.0452657394,0.8174528421,-0.0555102596,-0.0023101172,-0.6812370052,0.7299516540,0.1015371813,0.1410727199,0.0177593789,0.1231136933,0.0742685429,-0.0425718403,0.1500117709,0.0081057555,-0.2061021787,0.1346829126,0.0520836863,0.0114592329,0.0748164845,0.0946305786,-0.0367086538,-0.1977891194,0.4036663425,-0.8605948252,-0.2579690031,-0.2758087103,0.2231555411,-0.2069607519,-0.1419132211,-0.6123795812,1.0244218464,0.7292834058,-0.0511281625,0.2199118918,0.3725938523
-0.0415350292,-0.0450166150,0.8173948305,-0.0557331973,-0.0025488687,-0.6810917678,0.7300693925,0.1018258756,0.1419888160,0.0173298737,0.1232044175,0.0741538852,-0.0434200216,0.1503189608,0.0088519881,-0.2062526754,0.1350029989,0.0518178133,0.0106519029,0.0740821074,0.0944321629,-0.0359420399,-0.1643941364,0.4245847191,-0.8769654607,-0.1165720873,-0.2381752875,0.2333859901,-0.2736007672,-0.1505040652,-0.6428036137,1.0103306146,0.6942387444,-0.0545743483,0.2245207278,0.4017160117
-0.0419896333,-0.0447790447,0.8173356285,-0.0559665506,-0.0027787781,-0.6809584729,0.7301750350,0.1021252600,0.1428330500,0.0169721798,0.1233545918,0.0739661755,-0.0441580345,0.1506479019,0.0095226253,-0.2063293719,0.1353143683,0.0515656051,0.0099581210,0.0734615752,0.0940434208,-0.0350025514,-0.1302158333,0.4451445017,-0.8941169521,0.0257688665,-0.1946524127,0.2397853769,-0.3368312521,-0.1584681075,-0.6733837847,0.9962000037,0.6594571196,-0.0578804942,0.2284088282,0.4304009662
-0.0424032143,-0.0446536200,0.8173228165,-0.0562293949,-0.0030093815,-0.6810768315,0.7300435250,0.1024335250,0.1430724907,0.0165898287,0.1237130779,0.0743166154,-0.0444435104,0.1509546225,0.0101383399,-0.2060190738,0.1357892830,0.0513590037,0.0096552098,0.0734731813,0.0943797980,-0.0347775812,-0.1200815288,0.4492269582,-0.9075733618,0.0988373343,-0.1620006083,0.2406749714,-0.3766017466,-0.1667509909,-0.6843089984,0.9941562150,0.6424058354,-0.0622443988,0.2325570584,0.4477537990
-0.0428906818,-0.0446384092,0.8172967302,-0.0564010218,-0.0031113054,-0.6810758619,0.7300307629,0.1026879928,0.1438897786,0.0162519507,0.1238719128,0.0742987088,-0.0448333803,0.1511357089,0.0107929078,-0.2060255821,0.1360874863,0.0512323414,0.0092482879,0.0729318965,0.0944760152,-0.0344573515,-0.1089909664,0.4561215168,-0.9218068966,0.1662607167,-0.1310421731,0.2446187909,-0.4119527373,-0.1763336667,-0.6939543542,0.9931348658,0.6274550436,-0.0662964782,0.2354638237,0.4644120287
-0.0433734567,-0.0445501486,0.8172696296,-0.0565627765,-0.0032025851,-0.6810717998,0.7300216430,0.1029243327,0.1446988931,0.0159032570,0.1240414108,0.0742561282,-0.0452158846,0.1513142512,0.0114383524,-0.2060364895,0.1363683011,0.0510948098,0.0088525475,0.0722305997,0.0944198363,-0.0341161612,-0.0975053740,0.4634247075,-0.9363859607,0.2328828033,-0.0995703777,0.2482435785,-0.4455263581,-0.1861151196,-0.7034157961,0.9923554902,0.6127539781,-0.0703156461,0.2381397639,0.4810266527
-0.0431466605,-0.0446415123,0.8172287053,-0.0565597761,-0.0029886823,-0.6814042705,0.7297124637,0.1029490396,0.1449665151,0.0165324650,0.1239346612,0.0735852055,-0.0451948655,0.1511920733,0.0121598590,-0.2057357920,0.1362528541,0.0512977061,0.0087343920,0.0703646295,0.0946722921,-0.0334928668,-0.0869574907,0.4590454750,-0.9419175422,0.3179050773,-0.0723567267,0.2531541815,-0.4654527950,-0.1884700667,-0.7028148335,0.9803535826,0.6243657644,-0.0673909483,0.2416957386,0.4842796476
-0.0430227745,-0.0446929563,0.8171979086,-0.0565924065,-0.0027573762,-0.6816930414,0.7294410831,0.1029519330,0.1452426841,0.0172352834,0.1238474023,0.0729470265,-0.0451953204,0.1510906516,0.0123955944,-0.2055263292,0.1361732363,0.0515508899,0.0086424746,0.0688167769,0.0948186319,-0.0329647437,-0.0772824741,0.4541519450,-0.9477899095,0.4043559630,-0.0447253443,0.2571401269,-0.4838179792,-0.1912703149,-0.7013263569,0.9681886260,0.6376928457,-0.0645871789,0.2442919781,0.4873921658
-0.0428017436,-0.0447407450,0.8171672131,-0.0566288984,-0.0025286168,-0.6819823400,0.7291686100,0.1029561063,0.1455056260,0.0179451831,0.1237706025,0.0723049795,-0.0451810274,0.1509928161,0.0126210660,-0.2053076642,0.1360962895,0.0518114387,0.0085667323,0.0672718127,0.0949213938,-0.0324055292,-0.0677147904,0.4495072266,-0.9541247597,0.4911469437,-0.0172127621,0.2602995229,-0.4999366535,-0.1940285992,-0.6997551361,0.9561943574,0.6515385179,-0.0616137116,0.2462625814,0.4900617664
-0.0430495628,-0.0450524284,0.8171374754,-0.0563707953,-0.0021767346,-0.6819828703,0.7291892484,0.1028158394,0.1457895202,0.0179495923,0.1234320247,0.0721468096,-0.0454959479,0.1498492135,0.0130055145,-0.2041093100,0.1358853076,0.0515034399,0.0084082942,0.0663178226,0.0946363498,-0.0314491924,-0.0581464304,0.4455603084,-0.9439872797,0.5918358949,0.0010254413,0.2602347054,-0.4878734131,-0.1927776121,-0.6882011201,0.9450624098,0.6721571466,-0.0525963112,0.2453402558,0.4802928197
-0.0432203555,-0.0453061428,0.8170974069,-0.0561333342,-0.0018213029,-0.6821224135,0.7290780100,0.1026704111,0.1461946253,0.0182284619,0.1231261121,0.0717675667,-0.0457909144,0.1493632977,0.0135157636,-0.2037988908,0.1358064568,0.0512529471,0.0082258210,0.0651553531,0.0943281884,-0.0305444748,-0.0494885364,0.4424142918,-0.9344764839,0.6930340243,0.0174478295,0.2594308246,-0.4730925759,-0.1923822504,-0.6760746083,0.9347824258,0.6938331508,-0.0431949397,0.2438021913,0.4701675515
-0.0434838741,-0.0454502119,0.8170561515,-0.0559231022,-0.0014956833,-0.6822557063,0.7289701783,0.1025695461,0.1466064433,0.0184948431,0.1228432030,0.0713983943,-0.0460873698,0.1489307199,0.0140313272,-0.2034977868,0.1357456505,0.0510120164,0.0080371195,0.0639802648,0.0940197230,-0.0296455567,-0.0415525700,0.4403494765,-0.9261189054,0.7939264269,0.0319302167,0.2584247000,-0.4558750704,-0.1920232685,-0.6639202007,0.9247626699,0.7159660700,-0.0335742950,0.2416642598,0.4597030847
-0.0435437749,-0.0459976028,0.8170944405,-0.0554000260,-0.0011176191,-0.6823366525,0.7289350319,0.1013117003,0.1471590107,0.0193253914,0.1224233072,0.0718695144,-0.0466306584,0.1477954747,0.0143268753,-0.2023129873,0.1352672966,0.0510571446,0.0078070489,0.0630492869,0.0939264668,-0.0282794432,-0.0343021206,0.4423229900,-0.9155894425,0.8577229335,0.0348317530,0.2549138226,-0.4361449090,-0.1848778286,-0.6542086966,0.8892945814,0.7564053354,-0.0034320233,0.2378621152,0.4301232995
-0.0436785031,-0.0463838134,0.8170930256,-0.0550028373,-0.0006184782,-0.6824413155,0.7288677220,0.1007392505,0.1476069043,0.0199697299,0.1219792856,0.0716698331,-0.0471236110,0.1470061656,0.0147825873,-0.2017819284,0.1349690354,0.0511406566,0.0076109105,0.0627296906,0.0940226463,-0.0272447425,-0.0273453316,0.4457797284,-0.9062044416,0.9195899587,0.0363535673,0.2526145371,-0.4159378551,-0.1783722726,-0.6448687757,0.8537287616,0.7973189353,0.0269456325,0.2328329451,0.4010153228
-0.0436881943,-0.0468508313,0.8171540082,-0.0538827964,0.0009160246,-0.6826197265,0.7287839969,0.0981840184,0.1482848612,0.0207207647,0.1195958355,0.0729030464,-0.0474902797,0.1444518161,0.0157311209,-0.2012326803,0.1321150071,0.0530581104,0.0074347625,0.0609212945,0.0956761603,-0.0290525729,-0.0179482998,0.4510435498,-0.8954146931,0.9745610751,0.0367799757,0.2550120505,-0.3963290674,-0.1729395338,-0.6398943569,0.8201305122,0.8323509158,0.0568491273,0.2315282604,0.3751011307
-0.0437232733,-0.0468831883,0.8170611153,-0.0542591745,0.0002260608,-0.6828397504,0.7285504555,0.0992698114,0.1479924892,0.0208954221,0.1214972138,0.0713057266,-0.0478027445,0.1452948318,0.0151945600,-0.2009730995,0.1343996583,0.0508115271,0.0073424281,0.0618701985,0.0934626476,-0.0259452456,-0.0025427691,0.4630415587,-0.8470820492,1.0411313914,0.0167276128,0.2490534413,-0.3709330481,-0.1736128360,-0.6516947541,0.7865320830,0.8519812766,0.0742104766,0.2206447904,0.3458367545
-0.0437147097,-0.0469662918,0.8170517647,-0.0541067023,0.0004761380,-0.6830664899,0.7283490979,0.0987791903,0.1481060239,0.0213673942,0.1214178252,0.0711931646,-0.0480284908,0.1446194986,0.0153019165,-0.2006901246,0.1343315127,0.0508895432,0.0074645270,0.0610389176,0.0930131022,-0.0252183157,0.0148359443,0.4767061802,-0.7966214557,1.1018429458,-0.0039671704,0.2465440655,-0.3473158051,-0.1745606199,-0.6676135787,0.7549914945,0.8656601505,0.0910325393,0.2139397484,0.3192020291
-0.0437267075,-0.0470144038,0.8170412881,-0.0539715569,0.0007143587,-0.6832868385,0.7281522211,0.0982276454,0.1482539750,0.0218003036,0.1214483276,0.0710734357,-0.0482826017,0.1439301759,0.0154411559,-0.2004294870,0.1342853811,0.0509970815,0.0075481806,0.0602960498,0.0926072682,-0.0247248763,0.0320589252,0.4912433499,-0.7465230044,1.1625270897,-0.0251696166,0.2433685075,-0.3243053964,-0.1749039405,-0.6837847584,0.7236513334,0.8795432278,0.1078827217,0.2066726529,0.2924480113
-0.0436446192,-0.0474047642,0.8170324376,-0.0535977283,0.0011268687,-0.6832432625,0.7282201988,0.0977572337,0.1484134383,0.0221592971,0.1215532765,0.0707751962,-0.0475924781,0.1433764348,0.0154549112,-0.1999905907,0.1341928403,0.0508740309,0.0076929573,0.0620146468,0.0937460374,-0.0255660905,0.0399485937,0.5071481797,-0.6469503242,1.2007965938,-0.0887607613,0.2362631189,-0.2670189486,-0.1636295208,-0.7008020411,0.6706268834,0.9306626735,0.1376552101,0.1997587792,0.2480280067
-0.0436090863,-0.0477120506,0.8170195231,-0.0534223784,0.0013347449,-0.6832203897,0.7282541912,0.0972999232,0.1484446634,0.0220993630,0.1220522141,0.0704057443,-0.0475883061,0.1431052967,0.0154145742,-0.2001911137,0.1345398780,0.0506932311,0.0078334468,0.0637478546,0.0947800194,-0.0265655965,0.0484655472,0.5254550595,-0.5483142481,1.2398210254,-0.1524352214,0.2263291814,-0.2110886953,-0.1524862003,-0.7183471000,0.6184335843,0.9833303529,0.1676472109,0.1912048056,0.2043541714
-0.0436065883,-0.0479417277,0.8169984737,-0.0533500514,0.0014271565,-0.6831925641,0.7282854218,0.0969609292,0.1485106552,0.0220111035,0.1228080933,0.0699694439,-0.0476239265,0.1429775745,0.0153870615,-0.2004038056,0.1350924449,0.0504641197,0.0079176120,0.0657269812,0.0959515943,-0.0278633775,0.0577634495,0.5464236953,-0.4505734477,1.2788398592,-0.2154748568,0.2153606124,-0.1575627641,-0.1411142485,-0.7372746345,0.5665553786,1.0359405234,0.1975613928,0.1828781158,0.1622778147
-0.0437574214,-0.0481127510,0.8169692361,-0.0533191133,0.0014188713,-0.6828622306,0.7285974423,0.0968307258,0.1486499656,0.0216258519,0.1236612147,0.0696642076,-0.0479743064,0.1431471264,0.0154531443,-0.2010614407,0.1357896835,0.0500666025,0.0078779885,0.0666583919,0.0974340813,-0.0289141525,0.0691155186,0.5678669040,-0.3794738243,1.3231570171,-0.2640558991,0.2042603487,-0.0946946313,-0.1350618378,-0.7512485995,0.5201587029,1.0779018266,0.2288778757,0.1731497238,0.1046013453
-0.0439411370,-0.0482675277,0.8169355568,-0.0533292217,0.0013629878,-0.6825420760,0.7288967354,0.0966679482,0.1488363606,0.0212223198,0.1245142891,0.0693778310,-0.0483734043,0.1434777271,0.0155510260,-0.2016584536,0.1364596085,0.0496816450,0.0077891430,0.0680167146,0.0990316513,-0.0303875757,0.0812808784,0.5912654145,-0.3096456730,1.3675953244,-0.3121787896,0.1929243804,-0.0336514092,-0.1280389621,-0.7667880829,0.4738768596,1.1190923324,0.2602050480,0.1636238209,0.0477838251
-0.0441597934,-0.0485017060,0.8168945864,-0.0533610993,0.0012800451,-0.6822226915,0.7291934954,0.0965607646,0.1490655954,0.0208059559,0.1253921944,0.0690832944,-0.0488229901,0.1438663365,0.0156913272,-0.2022637646,0.1371449686,0.0492770976,0.0076469391,0.0694870388,0.1007474861,-0.0320412694,0.0948410375,0.6164563055,-0.2406998858,1.4133997518,-0.3597809234,0.1799838447,0.0253100225,-0.1202647453,-0.7835837109,0.4281069159,1.1609464613,0.2913786752,0.1528045231,-0.0080204854
-0.0445456163,-0.0486068251,0.8168846433,-0.0532881898,0.0011108227,-0.6816631632,0.7297221847,0.0958133881,0.1491658841,0.0197202548,0.1260330582,0.0690702361,-0.0489580954,0.1440526889,0.0157449728,-0.2033134454,0.1377201855,0.0488133630,0.0074744657,0.0707028056,0.1011407170,-0.0320574693,0.1070258591,0.6324523891,-0.1988038147,1.4217609336,-0.3879877588,0.1674973129,0.0477913361,-0.1052981339,-0.7992351020,0.4020731300,1.1915722251,0.3081663602,0.1478311544,-0.0301704037
-0.0448760144,-0.0487896184,0.8168799492,-0.0531078445,0.0011520411,-0.6811419893,0.7302217609,0.0951495268,0.1493251088,0.0187220602,0.1264570055,0.0690729087,-0.0490453441,0.1441707462,0.0158199826,-0.2044612201,0.1380630184,0.0486235532,0.0074563388,0.0722368184,0.1019734521,-0.0328777235,0.1213123535,0.6485826398,-0.1563377080,1.4273998622,-0.4150105431,0.1569113283,0.0693998227,-0.0889381535,-0.8161318237,0.3749240643,1.2212578267,0.3239358574,0.1438386644,-0.0502416224
-0.0451100102,-0.0489915385,0.8168744939,-0.0528991629,0.0012317663,-0.6806281026,0.7307157774,0.0944222864,0.1494883623,0.0177442125,0.1268560157,0.0690715730,-0.0491271438,0.1442362218,0.0159037785,-0.2055881215,0.1383431241,0.0484582746,0.0074481435,0.0738308757,0.1028573638,-0.0338884680,0.1364961676,0.6645968786,-0.1135720872,1.4326914497,-0.4417417858,0.1464608097,0.0909146788,-0.0719647474,-0.8332598733,0.3474727442,1.2508911407,0.3395407036,0.1400064067,-0.0698331323
-0.0449863966,-0.0490463407,0.8169570680,-0.0519415886,0.0026099203,-0.6804424713,0.7309536941,0.0920626921,0.1494048582,0.0159862816,0.1232113778,0.0719213787,-0.0500008064,0.1422903482,0.0167822028,-0.2063281488,0.1346271515,0.0503812991,0.0070554578,0.0744521971,0.1050740124,-0.0379192109,0.1465925536,0.6698729879,-0.0910266889,1.4374762841,-0.4590524272,0.1420270521,0.1025602476,-0.0604453002,-0.8391761428,0.3350004530,1.2795644371,0.3510268269,0.1423837139,-0.0734501591
-0.0449504900,-0.0492324177,0.8169664162,-0.0514922304,0.0031292562,-0.6802094798,0.7312002609,0.0907998095,0.1491585953,0.0150515328,0.1228050818,0.0721284516,-0.0501331240,0.1417727517,0.0168053039,-0.2071226193,0.1337657278,0.0509080972,0.0071036655,0.0754171961,0.1063177632,-0.0405954411,0.1556949597,0.6752512192,-0.0700992396,1.4438501311,-0.4772779326,0.1371567814,0.1164982700,-0.0499632252,-0.8434401725,0.3236441837,1.3119219211,0.3630005638,0.1437564086,-0.0778716878
-0.0448404650,-0.0494591530,0.8169595726,-0.0512217768,0.0034118377,-0.6799701529,0.7314405513,0.0899132955,0.1488616580,0.0141169649,0.1229183207,0.0720302696,-0.0502678455,0.1415704517,0.0167101718,-0.2078896644,0.1335557345,0.0510637165,0.0071585285,0.0764457527,0.1073898145,-0.0425802753,0.1643320257,0.6807968028,-0.0495638431,1.4507381977,-0.4958137820,0.1320960155,0.1306708384,-0.0401772018,-0.8476160970,0.3128590928,1.3454980356,0.3751544455,0.1445775353,-0.0820247940
-0.0449378820,-0.0497707795,0.8169722475,-0.0509738840,0.0037055365,-0.6797597761,0.7316519520,0.0892336446,0.1489754455,0.0128450511,0.1230992167,0.0721858454,-0.0500513609,0.1407675480,0.0165173169,-0.2092185022,0.1334355671,0.0510894102,0.0073970560,0.0764474314,0.1077957134,-0.0426026146,0.1703699343,0.6802400221,-0.0522535016,1.4515967224,-0.4991856907,0.1305069708,0.1337704254,-0.0349179022,-0.8431308984,0.3175401006,1.3638765094,0.3785010564,0.1429738412,-0.0782154531
-0.0451123828,-0.0500870140,0.8169820599,-0.0507258973,0.0039836542,-0.6794985163,0.7319103635,0.0885535894,0.1489025406,0.0110598212,0.1231705073,0.0723644652,-0.0503141943,0.1405239383,0.0166131220,-0.2102671190,0.1334875770,0.0511524128,0.0075612085,0.0765270190,0.1083298579,-0.0429416764,0.1758839095,0.6800266828,-0.0553080205,1.4526224748,-0.5008976910,0.1304276505,0.1354112869,-0.0291849740,-0.8389874747,0.3221537900,1.3812348743,0.3809312702,0.1426954701,-0.0740088844
-0.0452038643,-0.0504047659,0.8169909446,-0.0504917922,0.0042514405,-0.6792284702,0.7321756547,0.0879164252,0.1488396206,0.0092480740,0.1232322601,0.0725459338,-0.0505828305,0.1403455173,0.0167211228,-0.2113376169,0.1335006781,0.0512222364,0.0077207822,0.0767180629,0.1088701137,-0.0432860713,0.1811445607,0.6800006890,-0.0584466026,1.4537974844,-0.5022237867,0.1306743484,0.1366601526,-0.0231305514,-0.8349622034,0.3265134007,1.3981504974,0.3831658094,0.1428811312,-0.0697524086
-0.0450375989,-0.0506200490,0.8169931816,-0.0502535953,0.0043628781,-0.6788806440,0.7325138992,0.0875445593,0.1484721074,0.0105324597,0.1232014912,0.0713440144,-0.0491476918,0.1405304990,0.0159583190,-0.2128316180,0.1333520507,0.0509732325,0.0085144116,0.0767822742,0.1085374457,-0.0439866490,0.1798154012,0.6724937703,-0.0694683721,1.4503195550,-0.4999509812,0.1306676663,0.1345180591,-0.0232913429,-0.8239262881,0.3391133135,1.4001648584,0.3789802032,0.1408389755,-0.0602109634
-0.0447471468,-0.0507892281,0.8170117480,-0.0501737334,0.0044478333,-0.6785393452,0.7328350226,0.0872434879,0.1477743994,0.0099313596,0.1232167601,0.0704709847,-0.0485352655,0.1408350854,0.0152489278,-0.2141045070,0.1334846107,0.0512324877,0.0093924055,0.0765812532,0.1085480720,-0.0439948354,0.1783112851,0.6644374762,-0.0800551905,1.4466218469,-0.4975000551,0.1311532649,0.1328665371,-0.0235389413,-0.8131326271,0.3515562234,1.4006704426,0.3739005939,0.1401364570,-0.0508142364
-0.0444515798,-0.0508575350,0.8170298998,-0.0501342746,0.0044945385,-0.6781652826,0.7331836081,0.0870263543,0.1470627328,0.0092577515,0.1232367116,0.0696130836,-0.0479110120,0.1412756121,0.0145324853,-0.2154525015,0.1335930788,0.0514967627,0.0102829292,0.0762024201,0.1086456990,-0.0437480883,0.1768831824,0.6562243166,-0.0904288302,1.4427519949,-0.4949982093,0.1318069434,0.1313965388,-0.0236789472,-0.8024534705,0.3637917399,1.4006156059,0.3686320264,0.1399918360,-0.0415570708
-0.0443929210,-0.0509960549,0.8170059499,-0.0501083176,0.0045447572,-0.6778991727,0.7334311238,0.0871262688,0.1475628909,0.0092598138,0.1233411256,0.0715006637,-0.0489593751,0.1411929730,0.0151615587,-0.2144846050,0.1334838450,0.0503527788,0.0086878936,0.0744962903,0.1085149904,-0.0435325964,0.1730385769,0.6460340610,-0.1039963310,1.4403713924,-0.4913884997,0.1332511769,0.1262159773,-0.0258582618,-0.7936765770,0.3751711506,1.4013776325,0.3633541135,0.1400930041,-0.0345661115
-0.0444158890,-0.0510805994,0.8170207668,-0.0500895072,0.0045907662,-0.6777717775,0.7335498509,0.0872355287,0.1475210154,0.0086581303,0.1231923516,0.0715091917,-0.0486837242,0.1413846907,0.0151589052,-0.2151244189,0.1335971235,0.0498077272,0.0093579586,0.0733135055,0.1087264246,-0.0431260107,0.1682083376,0.6358233041,-0.1180820060,1.4390685794,-0.4876440748,0.1347216644,0.1201988843,-0.0282361445,-0.7849164787,0.3863681925,1.4025871884,0.3581175567,0.1402291413,-0.0278352086
-0.0444297303,-0.0512344986,0.8170347160,-0.0500936695,0.0045914463,-0.6776230020,0.7336869973,0.0873640353,0.1474222123,0.0080082622,0.1231598520,0.0714777462,-0.0483835208,0.1416715783,0.0150990681,-0.2158040609,0.1337193311,0.0492636991,0.0100539946,0.0722438366,0.1089579331,-0.0425911265,0.1629658368,0.6255872482,-0.1324044809,1.4383589568,-0.4838656504,0.1360622509,0.1138637351,-0.0304958491,-0.7761855123,0.3973316264,1.4039161808,0.3528993700,0.1403184509,-0.0211084435
-0.0445025202,-0.0510380326,0.8169406959,-0.0502174439,0.0043887542,-0.6778090213,0.7335079262,0.0875133234,0.1474901923,0.0083055843,0.1231083965,0.0712816582,-0.0486381272,0.1413649627,0.0151084062,-0.2149306189,0.1338075793,0.0503601135,0.0079352984,0.0704478386,0.1093780392,-0.0429206016,0.1570471467,0.6201688916,-0.1386743415,1.4392135896,-0.4816929616,0.1367562476,0.1100686942,-0.0348079064,-0.7697549926,0.4015200690,1.3997503620,0.3496887195,0.1380248500,-0.0157057232
-0.0446199064,-0.0508824166,0.8168669541,-0.0503437160,0.0042831723,-0.6780017580,0.7333217444,0.0877052826,0.1477631263,0.0086427802,0.1230896692,0.0709253836,-0.0484424469,0.1413051174,0.0153619506,-0.2144740394,0.1337766740,0.0500073727,0.0077676864,0.0687458097,0.1096971073,-0.0429512183,0.1507921139,0.6149666761,-0.1442356696,1.4404664439,-0.4792159727,0.1371013470,0.1061286614,-0.0386132982,-0.7631239949,0.4050430965,1.3942171278,0.3464110866,0.1358934416,-0.0108030726
-0.0447419756,-0.0506430990,0.8167907147,-0.0504857467,0.0041444943,-0.6781827841,0.7331453634,0.0879661724,0.1480167110,0.0089539496,0.1230933774,0.0705417026,-0.0482507442,0.1412935635,0.0155880785,-0.2140437513,0.1338483046,0.0495732033,0.0076012230,0.0670804608,0.1099518864,-0.0428567345,0.1444256944,0.6098056286,-0.1497460480,1.4418764841,-0.4766055232,0.1373122720,0.1020729684,-0.0420614761,-0.7564828489,0.4082365739,1.3881787623,0.3430908333,0.1339759460,-0.0061269643
-0.0446122881,-0.0506365661,0.8167287976,-0.0505567313,0.0040885938,-0.6782831618,0.7330479198,0.0882799823,0.1480081519,0.0094863026,0.1231364874,0.0699171349,-0.0486022016,0.1414199079,0.0155280134,-0.2134579112,0.1339456475,0.0490271106,0.0075758058,0.0660503155,0.1095182010,-0.0424996349,0.1402370103,0.6065472541,-0.1527436121,1.4398164695,-0.4748226575,0.1346513805,0.1022622252,-0.0441759373,-0.7550174916,0.4077981590,1.3840668426,0.3422527240,0.1324442462,-0.0088899127
-0.0445439640,-0.0505690496,0.8165733422,-0.0506531106,0.0040300202,-0.6783803083,0.7329516892,0.0886198593,0.1480005064,0.0100404954,0.1231424891,0.0691188339,-0.0484051458,0.1415205820,0.0154835497,-0.2128112478,0.1340419806,0.0484552150,0.0075860146,0.0651112011,0.1091685584,-0.0421110835,0.1368386345,0.6028816686,-0.1556198548,1.4364785272,-0.4731779850,0.1318059238,0.1035166343,-0.0456479859,-0.7534932174,0.4069559896,1.3795374909,0.3418486226,0.1308078519,-0.0127190900
-0.0443794467,-0.0506073980,0.8165048919,-0.0507389855,0.0039806175,-0.6784827625,0.7328511793,0.0889646963,0.1479830877,0.0106136982,0.1231441017,0.0682971748,-0.0481992385,0.1416236898,0.0154301362,-0.2121515642,0.1341244231,0.0478717385,0.0076107256,0.0642160431,0.1088288010,-0.0417644429,0.1337815161,0.5991025030,-0.1584274015,1.4325891554,-0.4715897746,0.1290847510,0.1051707067,-0.0468481644,-0.7519741413,0.4059891945,1.3747183529,0.3415191522,0.1292072681,-0.0168199613
-0.0439919411,-0.0505116300,0.8165167055,-0.0508491586,0.0039495677,-0.6787538198,0.7325926672,0.0892340180,0.1476374605,0.0112358351,0.1231621597,0.0677097216,-0.0478978246,0.1416583740,0.0149265689,-0.2115240611,0.1342509210,0.0478234061,0.0076422541,0.0639475902,0.1087209089,-0.0415577771,0.1317363846,0.5990575656,-0.1584584065,1.4309226384,-0.4712365465,0.1274862237,0.1076474565,-0.0479792042,-0.7536031027,0.4050716551,1.3699143709,0.3400381545,0.1282717957,-0.0214590406
-0.0435241059,-0.0504207723,0.8164416148,-0.0509313366,0.0039355845,-0.6789330821,0.7324209037,0.0894529299,0.1473008198,0.0118977719,0.1231393039,0.0671436745,-0.0476112156,0.1416186472,0.0144301569,-0.2108684275,0.1343590611,0.0477909476,0.0076599271,0.0633952019,0.1086787012,-0.0413696998,0.1296541846,0.5990488815,-0.1582846079,1.4296870094,-0.4709250214,0.1258667956,0.1097585698,-0.0492513433,-0.7552226866,0.4043466092,1.3650419702,0.3383524338,0.1275023033,-0.0259283834
-0.0430578772,-0.0502398115,0.8163668304,-0.0510099818,0.0039239980,-0.6791060609,0.7322551072,0.0896533174,0.1469609439,0.0125369089,0.1231198584,0.0665826912,-0.0473211568,0.1415662522,0.0139312740,-0.2102294545,0.1344707576,0.0477576658,0.0076759189,0.0627492322,0.1086355382,-0.0411837613,0.1275550039,0.5990597365,-0.1580418281,1.4286024641,-0.4705877888,0.1241764311,0.1117435589,-0.0506181670,-0.7568499284,0.4037180432,1.3601713393,0.3366234616,0.1267916813,-0.0303592290
-0.0432651192,-0.0503211285,0.8163690649,-0.0510464233,0.0038675332,-0.6794264263,0.7319556244,0.0900203420,0.1467363151,0.0132019364,0.1231063400,0.0663042583,-0.0471049402,0.1413627634,0.0141231685,-0.2095619213,0.1343792723,0.0474200970,0.0076229225,0.0624800785,0.1084409700,-0.0413713632,0.1247117449,0.6013420598,-0.1545223632,1.4267570189,-0.4722518851,0.1220431309,0.1147000148,-0.0509290245,-0.7604731370,0.4024349171,1.3563131294,0.3353123551,0.1265558705,-0.0355171387
-0.0433628676,-0.0504136943,0.8163769390,-0.0510050764,0.0038598247,-0.6797263607,0.7316800247,0.0902540116,0.1468758514,0.0136405243,0.1230547529,0.0660415865,-0.0469047749,0.1411946819,0.0143377465,-0.2086526162,0.1343560594,0.0470976623,0.0075164419,0.0623102919,0.1083240014,-0.0414929228,0.1221468688,0.6036928144,-0.1509335533,1.4248786746,-0.4740823419,0.1198993400,0.1177014901,-0.0512247459,-0.7640196993,0.4011967745,1.3524263253,0.3340585548,0.1262855871,-0.0406932767
-0.0435492818,-0.0505087699,0.8163847791,-0.0509577659,0.0038612141,-0.6800287960,0.7314022379,0.0904586664,0.1470237269,0.0140854239,0.1230187712,0.0657707797,-0.0467114083,0.1410061865,0.0145630566,-0.2077393201,0.1343279023,0.0467753143,0.0074068554,0.0621291227,0.1082043973,-0.0416486343,0.1196482334,0.6060526527,-0.1473253499,1.4229551241,-0.4759348512,0.1177442608,0.1207171443,-0.0515160157,-0.7675550863,0.3999875156,1.3485291188,0.3328138102,0.1260133964,-0.0458772855
-0.0436448121,-0.0505078428,0.8163789955,-0.0508369239,0.0038594523,-0.6804655276,0.7310043622,0.0908362571,0.1474131374,0.0153824997,0.1230673576,0.0655014344,-0.0467171202,0.1407564295,0.0144885519,-0.2080358420,0.1343690053,0.0467722192,0.0074280187,0.0615333772,0.1081199657,-0.0416240812,0.1185397243,0.6081137401,-0.1442859431,1.4251464963,-0.4782496215,0.1172407163,0.1230906487,-0.0506640565,-0.7693065829,0.3998771997,1.3468562133,0.3313681329,0.1266646487,-0.0475612196
-0.0436789036,-0.0505287982,0.8162933809,-0.0507492678,0.0038402221,-0.6807756425,0.7307217590,0.0910715387,0.1475334272,0.0162545306,0.1230258607,0.0648085663,-0.0464195050,0.1405347083,0.0145155793,-0.2074468219,0.1343472287,0.0464656924,0.0073316876,0.0608290498,0.1080207943,-0.0417913785,0.1173421570,0.6103797190,-0.1414446343,1.4280864546,-0.4806671423,0.1166323510,0.1250141465,-0.0500457410,-0.7709698072,0.4001435405,1.3456737491,0.3298632818,0.1272247578,-0.0485945700
-0.0438027908,-0.0505468410,0.8162949599,-0.0506606083,0.0038201575,-0.6810835924,0.7304409965,0.0912836535,0.1476528999,0.0171172792,0.1230204210,0.0641054697,-0.0461236491,0.1403050103,0.0145400282,-0.2068601915,0.1343382303,0.0461549478,0.0072317419,0.0600845753,0.1079059724,-0.0419911049,0.1160583275,0.6127021709,-0.1386386482,1.4313060548,-0.4831014948,0.1159063198,0.1267471020,-0.0495817838,-0.7726173922,0.4005469066,1.3447313631,0.3283541428,0.1276893956,-0.0494610017
-0.0439203719,-0.0506286590,0.8162830473,-0.0508293122,0.0038840442,-0.6813069885,0.7302205713,0.0916545134,0.1481175635,0.0169486156,0.1231286041,0.0655308464,-0.0466045514,0.1405050660,0.0151410375,-0.2067932862,0.1345763229,0.0464552111,0.0075896356,0.0597262177,0.1082017484,-0.0424611931,0.1132532260,0.6126212947,-0.1387023938,1.4333338145,-0.4847620928,0.1151781329,0.1282784961,-0.0500225044,-0.7699110098,0.4026576518,1.3478388438,0.3280396013,0.1292128972,-0.0501078052
-0.0440813209,-0.0507618915,0.8162841415,-0.0508823182,0.0038307547,-0.6814946509,0.7300420233,0.0921201608,0.1484180144,0.0172647203,0.1230575970,0.0654261762,-0.0463065302,0.1407728820,0.0154966713,-0.2066641805,0.1345868073,0.0463176012,0.0075996595,0.0592642101,0.1083158307,-0.0428948506,0.1101300132,0.6126637105,-0.1390590250,1.4352385986,-0.4865249431,0.1146634309,0.1301521550,-0.0510905394,-0.7667064548,0.4051988089,1.3520776614,0.3280364143,0.1305145036,-0.0507602965
-0.0442457726,-0.0507993013,0.8162842022,-0.0509541255,0.0037507458,-0.6816867983,0.7298580122,0.0926154854,0.1487131775,0.0175893600,0.1230632234,0.0652848359,-0.0460136654,0.1410877074,0.0158445629,-0.2065173453,0.1346287088,0.0461663526,0.0076063212,0.0587586993,0.1083822820,-0.0432491193,0.1069819116,0.6127363221,-0.1394068053,1.4371560070,-0.4883420493,0.1142207303,0.1320999180,-0.0524504394,-0.7633748726,0.4079547170,1.3567264163,0.3281167620,0.1316400034,-0.0513598044
-0.0441931942,-0.0508097948,0.8162901726,-0.0510757959,0.0036759698,-0.6817420029,0.7297983227,0.0928064216,0.1488647647,0.0181359831,0.1230506342,0.0654841330,-0.0468240234,0.1409509090,0.0156052291,-0.2063152924,0.1346321423,0.0465205456,0.0074451372,0.0585941753,0.1081352925,-0.0433470322,0.1021651981,0.6044608466,-0.1473554958,1.4376782458,-0.4904404982,0.1128766604,0.1334177290,-0.0581282658,-0.7526828442,0.4144674358,1.3536671774,0.3300411662,0.1296322337,-0.0523971038
-0.0441294879,-0.0507875071,0.8162978215,-0.0511639667,0.0036277569,-0.6818519444,0.7296896696,0.0929647903,0.1489581348,0.0187974824,0.1230227778,0.0654420677,-0.0469544628,0.1409880305,0.0156199781,-0.2059910803,0.1346689233,0.0466732820,0.0073085861,0.0581045555,0.1081155449,-0.0433277607,0.0971912060,0.5956492898,-0.1556287437,1.4377850635,-0.4931483946,0.1116164381,0.1355691262,-0.0634498554,-0.7418297597,0.4209284007,1.3500863452,0.3325855321,0.1278813273,-0.0543572492
-0.0440596136,-0.0507663442,0.8163050439,-0.0512612213,0.0035716823,-0.6819618403,0.7295804128,0.0931415350,0.1490426421,0.0194636970,0.1230214082,0.0653804503,-0.0470785950,0.1410553353,0.0156291599,-0.2056664338,0.1347030982,0.0468244081,0.0071815284,0.0576498500,0.1081382992,-0.0432635068,0.0923299462,0.5866739555,-0.1639109095,1.4377459277,-0.4960261308,0.1104401104,0.1379915758,-0.0684907916,-0.7309579251,0.4272376764,1.3462459609,0.3352815837,0.1262763057,-0.0565864329
-0.0440224429,-0.0507792432,0.8163072846,-0.0512665938,0.0036512602,-0.6817942888,0.7297362212,0.0933780491,0.1491377758,0.0193330890,0.1229321030,0.0652090774,-0.0469773686,0.1412224375,0.0157996669,-0.2056677809,0.1346853928,0.0470324251,0.0070443457,0.0573152216,0.1080246940,-0.0432382129,0.0835505080,0.5705611017,-0.1829827244,1.4366357613,-0.4958423215,0.1107479322,0.1358642585,-0.0748929297,-0.7110286842,0.4435562586,1.3439522833,0.3350638642,0.1269903820,-0.0548407193
-0.0440901898,-0.0507680641,0.8163117934,-0.0513783333,0.0036223471,-0.6817118258,0.7298055440,0.0935320758,0.1492477377,0.0191561043,0.1228652477,0.0650651269,-0.0468975389,0.1414045180,0.0159548688,-0.2055400088,0.1347008589,0.0472546445,0.0068977127,0.0567984311,0.1080215752,-0.0432230247,0.0746282167,0.5542888742,-0.2024832031,1.4361055955,-0.4958298453,0.1115868023,0.1335276787,-0.0819252749,-0.6906191063,0.4604193353,1.3430808742,0.3349038766,0.1281243468,-0.0527138161
-0.0440764181,-0.0507386540,0.8163164129,-0.0515064469,0.0035774824,-0.6816322047,0.7298711017,0.0937039885,0.1493703166,0.0189792229,0.1228182683,0.0649298026,-0.0468253071,0.1415997430,0.0161186526,-0.2054038942,0.1347301550,0.0474895823,0.0067405257,0.0561956208,0.1080301708,-0.0431320867,0.0658984094,0.5378765641,-0.2217610522,1.4358384564,-0.4959042559,0.1125015878,0.1310835564,-0.0890116207,-0.6700025433,0.4772892194,1.3427617083,0.3348114242,0.1292049425,-0.0504072689
-0.0442533295,-0.0507074596,0.8162012237,-0.0525444685,0.0019151320,-0.6817155661,0.7297254950,0.0963058412,0.1487042329,0.0190104974,0.1270177800,0.0624439375,-0.0468440553,0.1443721462,0.0150653192,-0.2052126065,0.1387876675,0.0443622803,0.0070883680,0.0567579260,0.1063051562,-0.0396389091,0.0488873378,0.5140598165,-0.2538123023,1.4328921811,-0.4919851590,0.1131612797,0.1282496912,-0.1017594614,-0.6398202430,0.5042695049,1.3354635722,0.3286407162,0.1298965570,-0.0473561536
-0.0442847390,-0.0505281198,0.8162000187,-0.0529324187,0.0014867214,-0.6817958333,0.7296234580,0.0972614128,0.1487357113,0.0188573327,0.1271957277,0.0624203003,-0.0466552832,0.1451417640,0.0150858918,-0.2053301598,0.1394762918,0.0442099669,0.0070671787,0.0564179846,0.1059602692,-0.0381594152,0.0339360299,0.4896456057,-0.2835947435,1.4281773930,-0.4874466430,0.1139239466,0.1242295839,-0.1132391354,-0.6118118326,0.5302590909,1.3253952645,0.3216868096,0.1310037334,-0.0428663604
-0.0443759373,-0.0503088924,0.8162121573,-0.0531371564,0.0013072718,-0.6818915635,0.7295194509,0.0977323652,0.1488179978,0.0187233988,0.1270548319,0.0625877178,-0.0464445743,0.1455521380,0.0152161180,-0.2054463590,0.1395507523,0.0444181110,0.0070594342,0.0559931453,0.1058328861,-0.0374684071,0.0202752306,0.4647521485,-0.3126922771,1.4231129176,-0.4827317334,0.1147942952,0.1202028707,-0.1236960020,-0.5840302572,0.5559333310,1.3148170298,0.3146310552,0.1324278393,-0.0382016433
-0.0444965596,-0.0503987037,0.8162376253,-0.0531227658,0.0011953536,-0.6816027538,0.7297905377,0.0982111388,0.1489638181,0.0180555592,0.1267180053,0.0631666843,-0.0470905513,0.1457745832,0.0152489837,-0.2056303229,0.1392436422,0.0443771938,0.0070132210,0.0557148718,0.1056229114,-0.0367298706,-0.0020658661,0.4322624349,-0.3639509880,1.4070811978,-0.4648692483,0.1159050910,0.1138398512,-0.1408621340,-0.5488753397,0.5948951946,1.3041383223,0.3009110179,0.1351260502,-0.0293613346
-0.0447133853,-0.0504729156,0.8162670931,-0.0531010819,0.0011579828,-0.6815102195,0.7298785891,0.0984990738,0.1490598040,0.0178307388,0.1264387859,0.0637600676,-0.0471637764,0.1461078349,0.0153701067,-0.2057343717,0.1390467023,0.0444873567,0.0068942976,0.0557228442,0.1055987640,-0.0356651802,-0.0234604243,0.3991925883,-0.4149393834,1.3907530790,-0.4467767886,0.1179934483,0.1077192345,-0.1575687705,-0.5134117760,0.6328732302,1.2947741272,0.2870087864,0.1376522143,-0.0197921675
