2.8659956455,-0.3734847605,0.8025591969,-0.1083644778,-0.0007340744,-0.9931892753,0.0427979343,0.2001323104,0.1162346900,0.4624660611,0.0677808225,-0.3001049459,0.0547721758,0.1358448416,-0.3809955120,-0.5089700222,0.1763937026,0.0268527996,-0.0217446648,-0.2945683599,0.0604862012,0.0432789177,0.2696496248,0.3311315775,-0.4151044786,0.6639144421,-0.0013872517,0.1200265512,-0.1692233831,-0.3009248972,-0.4494313300,-0.3466804624,-0.2783456743,0.2894616127,-0.2159428149,-0.5883111358
2.8768408298,-0.3700510561,0.8014494777,-0.1024826467,-0.0122369146,-0.9937305450,0.0429793298,0.1538260281,0.1010285467,0.4277169108,0.0913042650,-0.2695810497,0.0738583133,0.0228036307,-0.4498632848,-0.4437738955,0.3304935694,-0.0114630740,0.0069377315,-0.1784647703,0.0163390804,0.0832624435,0.0207713228,0.3350902498,-0.5035982132,0.9745324254,-0.0359879434,-0.0535892397,-0.2207154036,-0.3783337176,-0.5807511806,-0.3423087299,-0.3121329844,0.2779002488,-0.3028205633,-0.8228496313
2.8746645451,-0.3628032207,0.8048743010,-0.1015427709,-0.0131685305,-0.9935314655,0.0491006300,0.1521244943,0.1034837514,0.4136686921,0.0843719691,-0.2622643113,0.0712240413,0.0433795676,-0.4435660839,-0.4693520069,0.3184050024,-0.0246792324,0.0145754693,-0.1300856918,0.0121481679,0.0837514848,0.0033890787,0.3387586772,-0.5364450812,0.9809991121,-0.0282400195,-0.0687826797,-0.2179412693,-0.4291728735,-0.6145002246,-0.3184312582,-0.3830709159,0.2396446615,-0.3111585677,-0.8094867468
2.8734025955,-0.3569461107,0.8046698570,-0.0987395346,-0.0146205230,-0.9932284951,0.0594462976,0.1432521194,0.1042186543,0.3962943256,0.0734357089,-0.2500983477,0.0664928406,0.0633222088,-0.4398042262,-0.5011107326,0.3033892214,-0.0308501162,0.0238957629,-0.0787524134,0.0053361114,0.0845247656,-0.0111841643,0.3440397978,-0.5659660101,0.9755368829,-0.0219573285,-0.0839537755,-0.2210302055,-0.4800943136,-0.6391412020,-0.2728674114,-0.4773684144,0.2159464508,-0.3238541782,-0.7798154354
2.8736956120,-0.3496932089,0.8069470525,-0.0966504514,-0.0153605426,-0.9927703142,0.0694967881,0.1356063783,0.1083840802,0.3816090524,0.0605718419,-0.2331160009,0.0585956164,0.0851834118,-0.4324150085,-0.5368928313,0.2857278585,-0.0402122624,0.0362180062,-0.0302598998,-0.0014477976,0.0913662240,-0.0269253869,0.3484360278,-0.5879240632,0.9651486874,-0.0181749854,-0.0995823145,-0.2253291905,-0.5143551230,-0.6510027051,-0.2097459882,-0.5637809038,0.2213107049,-0.3398148417,-0.7305447459
2.8719158173,-0.3416892886,0.8072804213,-0.0935551897,-0.0156999975,-0.9922712445,0.0799922422,0.1254077107,0.1154098138,0.3638773561,0.0472226329,-0.2090379596,0.0482733510,0.1035726219,-0.4196019173,-0.5670223236,0.2624019384,-0.0460844599,0.0525129735,0.0041403570,-0.0089720562,0.0939002931,-0.0321658477,0.3530962467,-0.5948924422,0.9525915980,-0.0158591326,-0.1122566909,-0.2269642651,-0.5424334407,-0.6681336164,-0.1596806943,-0.6374328136,0.2053274363,-0.3394035995,-0.6638602614
2.8722021580,-0.3328390121,0.8086982369,-0.0911955386,-0.0148698008,-0.9916016459,0.0904898420,0.1175495014,0.1288382858,0.3589378297,0.0366758741,-0.1842128634,0.0392917432,0.1203114837,-0.4019807279,-0.5913408995,0.2413323075,-0.0553971827,0.0600718372,0.0319050141,-0.0149206752,0.0995982811,-0.0333329700,0.3559968472,-0.5955566764,0.9408476353,-0.0163342692,-0.1228519306,-0.2247398198,-0.5584383011,-0.6755947471,-0.1035228148,-0.6934593916,0.2176168859,-0.3389832973,-0.5918626189
2.8690717220,-0.3240781128,0.8098499179,-0.0894775912,-0.0131235905,-0.9910588861,0.0981010497,0.1118442193,0.1490671486,0.3645978868,0.0283241607,-0.1578252465,0.0294951405,0.1358121037,-0.3775731027,-0.6121063828,0.2145466655,-0.0691486746,0.0654276311,0.0497328229,-0.0192946084,0.1060967371,-0.0337308571,0.3560723662,-0.5832480788,0.9304080009,-0.0094744032,-0.1299058050,-0.2205167413,-0.5573209524,-0.6778025031,-0.0545643866,-0.7263376713,0.2190550268,-0.3320783377,-0.5309900045
2.8677237034,-0.3138215542,0.8090969920,-0.0883393437,-0.0108810756,-0.9901492596,0.1080842167,0.1052494943,0.1713892817,0.3696383834,0.0229767542,-0.1329159290,0.0239813477,0.1530176699,-0.3554794192,-0.6406573653,0.2027450800,-0.0847404003,0.0597663149,0.0633210689,-0.0220573638,0.1145588607,-0.0338196941,0.3536722362,-0.5718811750,0.9220319390,-0.0050200662,-0.1328713447,-0.2134637535,-0.5465096235,-0.6709800959,-0.0012117338,-0.7394829988,0.2541858256,-0.3309293389,-0.4756929874
2.8634037971,-0.3041533828,0.8104874492,-0.0880394503,-0.0081702629,-0.9893348217,0.1157538518,0.0979788452,0.1955531687,0.3774097562,0.0236171801,-0.1036307216,0.0190862976,0.1696983129,-0.3327481151,-0.6632534862,0.1917399317,-0.0992151648,0.0520043410,0.0695027858,-0.0231667776,0.1230834499,-0.0324016064,0.3467605412,-0.5565513968,0.9199035168,0.0011173737,-0.1308897585,-0.2039419115,-0.5236169696,-0.6600114703,0.0460052900,-0.7267507911,0.2907037735,-0.3237099648,-0.4301495850
2.8603498936,-0.2947479486,0.8109969497,-0.0885429233,-0.0055101961,-0.9883326888,0.1238072440,0.0899368897,0.2212683856,0.3858988583,0.0297897942,-0.0708426014,0.0156909786,0.1892625540,-0.3111892939,-0.6905909181,0.1876757145,-0.1138054803,0.0393551327,0.0765681714,-0.0233796295,0.1338170022,-0.0314397402,0.3406579196,-0.5449618101,0.9165760279,0.0051235794,-0.1300083399,-0.2011301219,-0.4927931726,-0.6463765502,0.0942234173,-0.6784949303,0.3228321075,-0.3131109476,-0.3994381428
2.8564283848,-0.2860468924,0.8136270046,-0.0913798660,-0.0036327757,-0.9872564673,0.1302350163,0.0830990970,0.2443409860,0.3912113607,0.0435446016,-0.0433568545,0.0151258791,0.2099956721,-0.2928607464,-0.7110373378,0.1863323003,-0.1273317188,0.0278546326,0.0854484290,-0.0230649412,0.1459187269,-0.0291320067,0.3338919580,-0.5390298367,0.9094584584,0.0007995139,-0.1304231286,-0.1977585256,-0.4635461271,-0.6320202947,0.1412857920,-0.5696647763,0.3550175130,-0.2921312451,-0.3711630106
2.8549716473,-0.2781600952,0.8137272596,-0.0964635536,-0.0023827176,-0.9861490726,0.1349041909,0.0746515244,0.2662695348,0.3948287666,0.0711420700,-0.0198800694,0.0135122072,0.2252660394,-0.2751102149,-0.7105684280,0.1947849244,-0.1463066041,0.0185989663,0.1011585146,-0.0262314789,0.1552036852,-0.0263577104,0.3295660019,-0.5437625051,0.8951114416,-0.0149539392,-0.1229390651,-0.1933508068,-0.4547555149,-0.6270542145,0.1908928305,-0.3806942403,0.3576555550,-0.2513063550,-0.3660910130
2.8526329994,-0.2690157890,0.8142496943,-0.1035166457,-0.0015794979,-0.9842551947,0.1432601362,0.0585970096,0.2932019532,0.3848041892,0.1182257906,0.0017850944,0.0134376818,0.2406012714,-0.2619881928,-0.7140530944,0.2119597644,-0.1573110223,0.0059742737,0.1232286617,-0.0223162193,0.1623231769,-0.0212348085,0.3335709572,-0.5606753826,0.8691575527,-0.0782779455,-0.1107090786,-0.1802034229,-0.5129248500,-0.6122005582,0.2447931617,0.0497634560,0.3963066041,-0.2015386224,-0.3537856042
2.8528559208,-0.2629311383,0.8136045337,-0.1127910018,-0.0024155739,-0.9826591611,0.1471506208,0.0455088019,0.3108124435,0.3566101491,0.1768541932,0.0072359103,0.0061057378,0.2565737069,-0.2528367341,-0.7162509561,0.2293694913,-0.1765108258,0.0026708669,0.1480769217,-0.0163684618,0.1760172099,-0.0263258368,0.3420739770,-0.5760672688,0.8329108357,-0.1475487798,-0.0945342779,-0.1360849291,-0.6263800859,-0.5938820243,0.2997847199,0.5565309525,0.4146699011,-0.1303200573,-0.3167469800
2.8514850140,-0.2558391690,0.8135746717,-0.1200112849,-0.0015900719,-0.9816079140,0.1484610587,0.0304035824,0.3283842504,0.3314955235,0.2287591249,0.0138600664,0.0023640378,0.2654304802,-0.2353475094,-0.7005968690,0.2404818386,-0.1876958609,-0.0044031255,0.1584579498,-0.0074707940,0.1892577708,-0.0301448945,0.3453975320,-0.5749901533,0.7896055579,-0.2020395994,-0.0860148296,-0.1287505180,-0.6945185661,-0.5836272240,0.3288565278,0.8082925081,0.3539435267,-0.0761942565,-0.2930688858
2.8522608280,-0.2515673935,0.8127605915,-0.1255596727,-0.0006257147,-0.9813217521,0.1457464397,0.0198232457,0.3425608575,0.3102376759,0.2698938251,0.0134392725,0.0005717202,0.2667505145,-0.2200698256,-0.6795852184,0.2535622418,-0.1980457157,-0.0074773803,0.1612270623,0.0052670236,0.2054305077,-0.0366296619,0.3492882252,-0.5649217963,0.7171912193,-0.2597910464,-0.0777472928,-0.1319104433,-0.7554693818,-0.5682820082,0.3410397470,0.9431501627,0.3264332712,-0.0562141836,-0.2836848795
2.8538804054,-0.2460950166,0.8127519488,-0.1320422292,0.0025149207,-0.9815899134,0.1379844695,0.0196651686,0.3576303124,0.2955989540,0.2889431715,0.0235054344,0.0038066711,0.2618612051,-0.2007903606,-0.6475307941,0.2673837543,-0.2062640488,-0.0104125859,0.1588384062,0.0188634358,0.2175915539,-0.0438100472,0.3464532793,-0.5445523858,0.6222882867,-0.3316686451,-0.0801852793,-0.1361008435,-0.7780042291,-0.5454003215,0.3422273993,0.9801027775,0.3296356201,-0.0521743931,-0.2822611332
2.8542098999,-0.2439485490,0.8117917180,-0.1350688934,0.0048030973,-0.9818745852,0.1328743398,0.0207655560,0.3644596636,0.2831584811,0.2950266898,0.0332982540,0.0086789522,0.2574551105,-0.1879478395,-0.6294288635,0.2744691074,-0.2048084587,-0.0113708181,0.1533805281,0.0265082382,0.2243717015,-0.0594549254,0.3539201617,-0.5323912501,0.5184592605,-0.4133487940,-0.0825266466,-0.1302674562,-0.7991194129,-0.5300729275,0.3521673381,0.9987132549,0.3360603750,-0.0499934778,-0.2857683301
2.8575062752,-0.2415871471,0.8121702075,-0.1365368366,0.0078432439,-0.9827137589,0.1247791126,0.0225981940,0.3702259362,0.2663325071,0.2914179564,0.0486060046,0.0132626127,0.2457423657,-0.1728710383,-0.5987321734,0.2806414366,-0.1991628557,-0.0113309454,0.1472296417,0.0344492719,0.2245204002,-0.0890099853,0.3650417924,-0.5220173597,0.3743240535,-0.5107321739,-0.0893011913,-0.1106285229,-0.8167191744,-0.5135050416,0.3672337532,1.0064839125,0.3380757570,-0.0414228737,-0.2850423157
2.8583600521,-0.2397184372,0.8122981787,-0.1371247917,0.0087531731,-0.9838931561,0.1143436879,0.0285159089,0.3718353510,0.2590997219,0.2864018679,0.0637748018,0.0123766195,0.2301186323,-0.1644315273,-0.5631695986,0.2878535390,-0.1906990558,-0.0117032500,0.1437759995,0.0367764309,0.2169950008,-0.1395010799,0.3730949461,-0.5114148259,0.2113905996,-0.6199179888,-0.1032229960,-0.0828778446,-0.8344593644,-0.4933792055,0.3888716996,1.0146139860,0.3401568830,-0.0330404602,-0.2854132056
2.8608512878,-0.2405212075,0.8132334352,-0.1353665888,0.0086060548,-0.9854385257,0.1025316194,0.0303118154,0.3715355098,0.2466403991,0.2914256752,0.0690479577,0.0022353802,0.2125079334,-0.1552406251,-0.5193457603,0.2864267826,-0.1749979407,-0.0030137720,0.1373514086,0.0320398286,0.2097535431,-0.2160141915,0.3743606806,-0.5063513517,0.0337189324,-0.8008532524,-0.1409506202,-0.0058487211,-0.8775544167,-0.4716441035,0.4222550094,1.0452702045,0.3370134234,-0.0355903208,-0.2787630856
2.8605217934,-0.2407643795,0.8123865724,-0.1350630075,0.0071112690,-0.9868316054,0.0887172222,0.0392831229,0.3692202270,0.2483130842,0.3009700477,0.0616199002,-0.0097822826,0.1980602145,-0.1513904184,-0.4724316001,0.2866391540,-0.1612532586,0.0093170712,0.1239688471,0.0266500190,0.1911714822,-0.3207892478,0.3678603470,-0.5121654272,-0.0800654590,-0.8811725974,-0.1890790612,0.0580171049,-0.8983011842,-0.4416041076,0.4600704014,1.0574901104,0.3317763805,-0.0443280227,-0.2825889587
2.8614916801,-0.2442680597,0.8130087852,-0.1344333142,0.0052363235,-0.9883882999,0.0706318095,0.0494873524,0.3690601587,0.2584528923,0.3196094632,0.0514776073,-0.0202868190,0.1845844537,-0.1464806944,-0.4201528728,0.2806906104,-0.1523557901,0.0222490579,0.1075406820,0.0228455029,0.1799833030,-0.4331150949,0.3724905252,-0.5189208388,-0.1477893144,-0.8861631155,-0.2249781638,0.1226038858,-0.9239877462,-0.4140377343,0.5026950240,1.0602002144,0.3235306144,-0.0481280237,-0.2802668810
2.8614900112,-0.2484754026,0.8131507039,-0.1339138895,0.0040972005,-0.9895085692,0.0540651754,0.0658706650,0.3703544438,0.2819291353,0.3328186274,0.0327965915,-0.0259547774,0.1743986160,-0.1427489370,-0.3691202104,0.2706872821,-0.1486349851,0.0330821685,0.0803147182,0.0221938379,0.1748463213,-0.5447255969,0.3857454062,-0.5282029510,-0.1318508685,-0.8484842181,-0.2433496863,0.1664100438,-0.9410940409,-0.3847847283,0.5380005240,1.0379027128,0.3190248013,-0.0570025370,-0.2838343978
2.8619694710,-0.2531982660,0.8141638041,-0.1320060641,0.0034281698,-0.9905741215,0.0364087522,0.0872406438,0.3721001446,0.3249225616,0.3343357146,0.0128102815,-0.0201412104,0.1670341045,-0.1397991627,-0.3212207258,0.2478026748,-0.1439084113,0.0441718511,0.0470735021,0.0212146807,0.1705373526,-0.6477022767,0.3984434307,-0.5419477820,-0.0292429868,-0.7973089814,-0.2441554666,0.2036800683,-0.9530639648,-0.3566046953,0.5657690763,1.0090911388,0.3206293583,-0.0601081401,-0.2775717080
2.8638844490,-0.2610485256,0.8131625056,-0.1288018674,0.0040563555,-0.9914979339,0.0180416368,0.1156592369,0.3799399137,0.3995501399,0.3181759417,-0.0083787022,-0.0089482060,0.1588449031,-0.1363876760,-0.2749916017,0.2118152529,-0.1334240139,0.0603611767,0.0098115886,0.0192522053,0.1631850898,-0.7450128198,0.3983285427,-0.5539518595,0.1686634719,-0.7907774448,-0.2304010540,0.2089799643,-0.9520964026,-0.3206233084,0.5848727822,0.9735320210,0.3562792540,-0.0644652396,-0.2733635604
2.8660795689,-0.2677918077,0.8130122423,-0.1247387156,0.0055538751,-0.9921737313,0.0008643512,0.1483923644,0.3820133507,0.4823510945,0.2857254148,-0.0318094976,0.0035087371,0.1476777494,-0.1365874112,-0.2412416041,0.1755609959,-0.1137415394,0.0721853748,-0.0265562590,0.0190645047,0.1537298411,-0.8346969485,0.3844377995,-0.5564673543,0.4274897575,-0.8085151315,-0.2045346648,0.1888498217,-0.9482607245,-0.2817777693,0.5945197940,0.9515536427,0.4214668870,-0.0708573163,-0.2691887915
2.8696131706,-0.2760559022,0.8131208420,-0.1191621050,0.0074675255,-0.9927052855,-0.0167591032,0.1769748628,0.3792918324,0.5575192571,0.2498704344,-0.0623733588,0.0079565039,0.1274997294,-0.1359729618,-0.2021398842,0.1486923695,-0.0876050740,0.0780361295,-0.0631189719,0.0204249918,0.1470448375,-0.9339929223,0.3640510738,-0.5534926057,0.7319867015,-0.8103978038,-0.1691816896,0.1558824331,-0.9596022964,-0.2422350347,0.6124765873,0.9505869150,0.4925895035,-0.0756088123,-0.2614075243
2.8736996651,-0.2857283652,0.8111008406,-0.1123453528,0.0084757665,-0.9930415750,-0.0342799947,0.1982114166,0.3687264621,0.6142505407,0.2090930790,-0.0872908756,0.0045134127,0.1026751474,-0.1360885054,-0.1693430990,0.1250592619,-0.0613122471,0.0852488130,-0.0844760090,0.0261034686,0.1362663060,-0.9981166720,0.3521219492,-0.5411887169,0.9467127919,-0.7935990691,-0.1292271614,0.1407972872,-0.9657613635,-0.2125493139,0.6173087955,0.9597448707,0.5451020002,-0.0790106654,-0.2514570057
2.8759212494,-0.2932809889,0.8112854362,-0.1077712551,0.0093917567,-0.9929273129,-0.0489134453,0.2075503618,0.3619858921,0.6531426311,0.1998552531,-0.1039068103,0.0034209753,0.0823598281,-0.1370634437,-0.1374045312,0.1026723608,-0.0342526734,0.0929968059,-0.1029360741,0.0343334116,0.1322285980,-1.0595636368,0.3441733718,-0.5284031034,1.1093856096,-0.7766411304,-0.1000332460,0.1305127740,-0.9727760553,-0.1856933683,0.6187399626,0.9726914167,0.6041690707,-0.0786324963,-0.2347453684
2.8804700375,-0.3029997647,0.8085399270,-0.1037748605,0.0095367087,-0.9925752282,-0.0627236143,0.2138174772,0.3525369465,0.6866206527,0.1950316727,-0.1197704822,0.0040153996,0.0619160347,-0.1449110210,-0.1236442104,0.0869561061,-0.0075043170,0.1025082991,-0.1140829623,0.0413026065,0.1363273859,-1.1027525663,0.3427945077,-0.5160070658,1.2080395222,-0.7716196179,-0.0836997107,0.1268890202,-0.9781367779,-0.1682926863,0.6190978885,0.9762350321,0.6462526321,-0.0756041706,-0.2164274752
2.8815221786,-0.3119108975,0.8081974983,-0.1019574031,0.0097401934,-0.9920707941,-0.0728381723,0.2214768529,0.3402518034,0.7161351442,0.1944303066,-0.1318094879,0.0060748192,0.0474204905,-0.1581554115,-0.1272608936,0.0794220418,0.0116636986,0.1103304327,-0.1201312840,0.0449133702,0.1417480707,-1.1225299835,0.3385601640,-0.5093979836,1.2520500422,-0.7895514965,-0.0741904527,0.1296296716,-0.9782245159,-0.1577963382,0.6217099428,0.9708539844,0.6739849448,-0.0724705905,-0.2048503906
2.8844499588,-0.3213666379,0.8061555028,-0.0997245908,0.0091798762,-0.9916067123,-0.0817735642,0.2282448262,0.3244227767,0.7391070724,0.1901265681,-0.1456446648,0.0099930232,0.0295758210,-0.1714041680,-0.1253873408,0.0742111951,0.0350809209,0.1177928224,-0.1246359423,0.0468800887,0.1476347893,-1.1345010996,0.3420570195,-0.5162851214,1.2841715813,-0.7758899927,-0.0631252229,0.1307858527,-0.9802515507,-0.1624011397,0.6385990381,0.9412295222,0.6657564640,-0.0687236786,-0.1875664443
2.8866260052,-0.3314234018,0.8056116700,-0.0981627181,0.0088237850,-0.9912763834,-0.0875060782,0.2355046421,0.3065325320,0.7594811916,0.1794595867,-0.1569984555,0.0152906468,0.0097746113,-0.1851779968,-0.1223309487,0.0787751451,0.0552777983,0.1227031127,-0.1321929097,0.0476030484,0.1560276747,-1.1422156096,0.3500640988,-0.5276810527,1.3041459322,-0.7471945286,-0.0509842224,0.1245396063,-0.9728691578,-0.1762714982,0.6605702639,0.8729009032,0.6506862640,-0.0667722151,-0.1619039178
2.8873326778,-0.3406145871,0.8045177460,-0.0968318358,0.0083643114,-0.9912877679,-0.0888942778,0.2368959635,0.2896251976,0.7672072053,0.1707811952,-0.1608751118,0.0219667125,-0.0120581426,-0.2010792494,-0.1212442815,0.0932199135,0.0729380324,0.1241066232,-0.1439653188,0.0474210642,0.1706361175,-1.1439526081,0.3612109125,-0.5378242731,1.3065425158,-0.7149010301,-0.0402145348,0.1107680127,-0.9606696963,-0.2153721601,0.6933622360,0.7494812608,0.5968747139,-0.0592218824,-0.1181318983
2.8884198666,-0.3481450379,0.8027229905,-0.0964924842,0.0079610525,-0.9913664460,-0.0884218141,0.2398208082,0.2717461288,0.7696825266,0.1673096567,-0.1738876998,0.0342399366,-0.0299212057,-0.2205799222,-0.1330192387,0.1230629086,0.0773681328,0.1183737218,-0.1580225378,0.0488564260,0.1812262535,-1.1393419504,0.3706130087,-0.5528919697,1.3025019169,-0.6572742462,-0.0296450276,0.0985376388,-0.9481979012,-0.2641886771,0.7258771062,0.5880258679,0.5522504449,-0.0515764579,-0.0393352024
2.8864922523,-0.3571765721,0.8028116822,-0.0978082418,0.0072850930,-0.9917691946,-0.0823066309,0.2384652346,0.2544380128,0.7640118599,0.1662692279,-0.1817929000,0.0452170409,-0.0433221944,-0.2460649610,-0.1602794230,0.1675207913,0.0719255432,0.1087949574,-0.1723724455,0.0470157675,0.1895704716,-1.1321506500,0.3774310052,-0.5718252063,1.2853947878,-0.6026073694,-0.0172675624,0.0692255795,-0.9363408089,-0.3273525536,0.7657754421,0.3632749915,0.5291169882,-0.0454453938,0.0660786778
2.8873140812,-0.3624433577,0.8014235497,-0.0997956321,0.0063765664,-0.9920067191,-0.0769598857,0.2353796810,0.2419299185,0.7534251809,0.1681950539,-0.1883413047,0.0607359521,-0.0560641065,-0.2703277767,-0.1848649979,0.2209890634,0.0569187999,0.1040018573,-0.1844624728,0.0476851948,0.1966985166,-1.1266613007,0.3900862634,-0.5844076276,1.2732716799,-0.5082560182,0.0031645433,0.0247803796,-0.9264829755,-0.4108135402,0.8019678593,0.0828136802,0.5389156938,-0.0151299015,0.2136301696
2.8855965137,-0.3670308888,0.8030604124,-0.1024642214,0.0055537391,-0.9926916361,-0.0635099858,0.2230193764,0.2318085432,0.7292762995,0.1869194508,-0.1948830634,0.0699869618,-0.0622517914,-0.2990521491,-0.2159189433,0.2803139985,0.0412383154,0.0989466831,-0.1942722350,0.0492360033,0.2013779581,-1.1230683327,0.3847066164,-0.5897116065,1.2499090433,-0.4513310492,0.0122481715,-0.0202618130,-0.9225758314,-0.4789406955,0.8070536852,-0.1637635082,0.5846053362,-0.0110420892,0.2994409204
2.8868908882,-0.3693205416,0.8003212810,-0.1057548299,0.0038120789,-0.9932410717,-0.0476813354,0.2145135105,0.2206576765,0.7059187889,0.1942529231,-0.1991360635,0.0717272311,-0.0604551546,-0.3221999407,-0.2406005412,0.3262189031,0.0226375796,0.0926990509,-0.1987500340,0.0486158058,0.2034287304,-1.1177456379,0.3680721819,-0.5884628296,1.2249617577,-0.4128459990,0.0126243997,-0.0475787818,-0.9188938141,-0.5107875466,0.7814733386,-0.3100906014,0.6139899492,-0.0244795270,0.3159414530
2.8861088753,-0.3698893487,0.8023219109,-0.1081786007,0.0020338108,-0.9937430024,-0.0277140494,0.2013024986,0.2085570395,0.6710615754,0.1967826486,-0.2031528801,0.0668685064,-0.0514593124,-0.3406893611,-0.2696281075,0.3569133282,0.0053054728,0.0900785029,-0.1995871514,0.0482058451,0.2055563331,-1.1144293547,0.3402396441,-0.5797866583,1.1915268898,-0.4069299400,0.0028448375,-0.0614304580,-0.9091019630,-0.5297502875,0.7251086831,-0.3919977248,0.6265226603,-0.0484224372,0.2844649255
2.8897213936,-0.3675679266,0.8008407950,-0.1091853976,-0.0003130068,-0.9939925075,-0.0075721852,0.1908699125,0.1965212822,0.6422302723,0.1853888631,-0.1968886554,0.0590166003,-0.0364295319,-0.3512899578,-0.2972121537,0.3627703786,-0.0028048612,0.0875301957,-0.1931026876,0.0458578318,0.2053183019,-1.1101852655,0.3054648638,-0.5744276643,1.1567960978,-0.4175802469,-0.0139958430,-0.0662753657,-0.8948528171,-0.5347710252,0.6612378955,-0.4149076045,0.6328854561,-0.0757471398,0.2238307148
2.8906669617,-0.3652663529,0.8012773395,-0.1098338068,-0.0034253355,-0.9938277602,0.0152050713,0.1838086694,0.1808072478,0.6115746498,0.1628148407,-0.1841322482,0.0479477011,-0.0111451093,-0.3588405550,-0.3318987787,0.3507627249,-0.0043647839,0.0780188888,-0.1833509654,0.0423721373,0.1993080080,-1.1005294323,0.2603577375,-0.5669542551,1.1184302568,-0.4457745850,-0.0410472639,-0.0537720434,-0.8829847574,-0.5232134461,0.5827262998,-0.3633605838,0.6227282882,-0.1214808077,0.0890453607
2.8917763233,-0.3618533015,0.8026742935,-0.1105962694,-0.0073063667,-0.9931086302,0.0380838178,0.1803344637,0.1642342806,0.5858784914,0.1334855407,-0.1674693227,0.0336815640,0.0215044003,-0.3665123582,-0.3743548095,0.3274154663,-0.0064069554,0.0693807825,-0.1696440727,0.0349311642,0.1896891445,-1.0866177082,0.2153293341,-0.5642584562,1.0824835300,-0.4763597846,-0.0692630187,-0.0429652967,-0.8740885258,-0.5067484975,0.5078034401,-0.2662869692,0.6055929065,-0.1661184728,-0.0521851964
2.8926088810,-0.3569601476,0.8021889329,-0.1124488860,-0.0118675483,-0.9916638732,0.0617829412,0.1803980917,0.1490413249,0.5561060905,0.1082795113,-0.1580713987,0.0237207003,0.0591085367,-0.3771860898,-0.4263775647,0.3120523095,-0.0256742332,0.0523258746,-0.1444153935,0.0239354745,0.1819647551,-1.0665558577,0.1640735865,-0.5692137480,1.0430409908,-0.5173194408,-0.0972229987,-0.0231611542,-0.8695557117,-0.4853610694,0.4211129844,-0.0842469037,0.5829074383,-0.2178067863,-0.2381315380
2.8922455311,-0.3508210778,0.8035101891,-0.1135397255,-0.0154272169,-0.9899591804,0.0827738643,0.1823671311,0.1402756274,0.5347077250,0.0853178725,-0.1501487494,0.0147315478,0.0901939645,-0.3784452379,-0.4618511498,0.2963806391,-0.0439990647,0.0429284871,-0.1143556759,0.0107185673,0.1704464406,-1.0422967672,0.1184774116,-0.5739192963,1.0155688524,-0.5576221347,-0.1205740198,0.0011477189,-0.8713939190,-0.4575115442,0.3330101669,0.1661324948,0.6284496784,-0.2627533972,-0.4009858668
2.8910064697,-0.3449440897,0.8039515018,-0.1142130569,-0.0181112029,-0.9880298972,0.1020992249,0.1841790676,0.1385202408,0.5264298916,0.0695803463,-0.1420102119,0.0080163525,0.1178820506,-0.3756837249,-0.4935164452,0.2834756672,-0.0591500849,0.0381817967,-0.0921231806,0.0008618884,0.1562043726,-1.0109770298,0.0871282592,-0.5833593607,0.9983114004,-0.5753566027,-0.1302148551,0.0105551984,-0.8863131404,-0.4446713328,0.2596822083,0.4308143556,0.7060087919,-0.2805879116,-0.5059553385
2.8883464336,-0.3384396732,0.8051485419,-0.1149477810,-0.0189873576,-0.9860644341,0.1187579334,0.1856357604,0.1455513835,0.5236697793,0.0597869568,-0.1328243017,-0.0005977009,0.1425482929,-0.3607605398,-0.5029630661,0.2619241476,-0.0680410862,0.0422166362,-0.0805468038,-0.0048341639,0.1400099695,-0.9767451286,0.0716218054,-0.5925505161,0.9800708294,-0.5787632465,-0.1189353913,-0.0016425413,-0.9032011032,-0.4545013905,0.2044032812,0.6647790670,0.7499947548,-0.2647536397,-0.5719404817
2.8868224621,-0.3317406476,0.8041329384,-0.1164315045,-0.0196720492,-0.9840760827,0.1328567713,0.1829483211,0.1567822844,0.5142161250,0.0587743670,-0.1228088364,-0.0024578157,0.1654837579,-0.3490424156,-0.5256151557,0.2478937060,-0.0761555135,0.0433093309,-0.0717519969,-0.0071120868,0.1326463521,-0.9397833943,0.0661285371,-0.6015881896,0.9455869794,-0.5610283613,-0.1108316332,-0.0330290794,-0.9087477326,-0.4707920849,0.1631876230,0.8077386618,0.7770832181,-0.2505973279,-0.5953732729
2.8849577904,-0.3237076104,0.8068810105,-0.1178249642,-0.0199542735,-0.9822450876,0.1446155161,0.1769580692,0.1711148769,0.5045623183,0.0639420003,-0.1066215038,-0.0005032169,0.1846049875,-0.3366382718,-0.5474542975,0.2407072634,-0.0867953449,0.0378438197,-0.0602178313,-0.0072050034,0.1309442073,-0.9007007480,0.0743224099,-0.6292748451,0.8845340610,-0.5287461281,-0.1018377617,-0.0846322402,-0.9078758955,-0.4944490790,0.1416348368,0.8949704766,0.7792500257,-0.2385190576,-0.5925807357
2.8836271763,-0.3160803318,0.8055953979,-0.1202405617,-0.0201710425,-0.9809605479,0.1511679143,0.1722713709,0.1884651184,0.5032015443,0.0746561363,-0.0941453651,0.0051367711,0.1987076253,-0.3193622231,-0.5575264096,0.2365537137,-0.1000753045,0.0336400121,-0.0455044992,-0.0052666012,0.1322294027,-0.8636253476,0.0970309898,-0.6637074351,0.7979763150,-0.4956541657,-0.0912138224,-0.1489641815,-0.9011971951,-0.5197574496,0.1288814545,0.9398017526,0.7645065188,-0.2273022085,-0.5893742442
2.8805515766,-0.3075246811,0.8073190451,-0.1228789166,-0.0205852166,-0.9800370932,0.1549333483,0.1628803462,0.2049779743,0.4967668056,0.0922155827,-0.0804655179,0.0101334909,0.2059182525,-0.3053930104,-0.5651486516,0.2405235469,-0.1111850813,0.0292208120,-0.0273441039,-0.0036168296,0.1338136345,-0.8365671039,0.1305194944,-0.6950099468,0.6850610971,-0.4714663029,-0.0856338739,-0.2242610902,-0.8879444599,-0.5401258469,0.1226697713,0.9527081847,0.7339754701,-0.2145109773,-0.5686873794
2.8819329739,-0.3003576994,0.8072861433,-0.1260079890,-0.0214004889,-0.9799400568,0.1529099345,0.1511178017,0.2217455506,0.4913151264,0.1219547689,-0.0709114522,0.0198682509,0.2060966045,-0.2916291654,-0.5595850348,0.2490056753,-0.1167158633,0.0222103801,-0.0029918558,-0.0041206446,0.1374222338,-0.8221213818,0.1747955233,-0.7205898166,0.5530657768,-0.4753019810,-0.0881760046,-0.2808734477,-0.8691408634,-0.5507511497,0.1302043945,0.9496018887,0.6862637401,-0.1966359168,-0.5377914310
2.8816530704,-0.2934615016,0.8076336384,-0.1287300438,-0.0219523180,-0.9805415869,0.1465773135,0.1328439265,0.2406293601,0.4808106422,0.1663410813,-0.0659026578,0.0283312090,0.1961438954,-0.2788662314,-0.5390267372,0.2641319931,-0.1191411614,0.0188631304,0.0214396548,-0.0071102208,0.1426256150,-0.8184378743,0.2306810617,-0.7390183806,0.3957671225,-0.5170325637,-0.0871045664,-0.3182218969,-0.8529306650,-0.5512585640,0.1394191682,0.9366243482,0.6390317678,-0.1763028204,-0.5068131089
2.8822627068,-0.2851734757,0.8086058497,-0.1319309175,-0.0226939283,-0.9818075299,0.1346593648,0.1151145026,0.2605009377,0.4663309753,0.2217362523,-0.0644879714,0.0347822234,0.1837616116,-0.2649262249,-0.5153576136,0.2785074413,-0.1237881705,0.0192878377,0.0447448604,-0.0136808194,0.1467486322,-0.8291526437,0.2821635306,-0.7443619370,0.2464838028,-0.5775597692,-0.0926724598,-0.3353294730,-0.8425539136,-0.5389335752,0.1622770429,0.9210790992,0.5908625126,-0.1546885818,-0.4705921412
2.8839147091,-0.2809890509,0.8084589243,-0.1346032172,-0.0223342963,-0.9834621549,0.1191024706,0.0954896063,0.2803190053,0.4501870871,0.2805995345,-0.0582135543,0.0336556733,0.1668485254,-0.2494809777,-0.4807566702,0.2953901589,-0.1275681406,0.0202697143,0.0587133951,-0.0201756451,0.1524085701,-0.8506730795,0.3272203803,-0.7288429737,0.1129247919,-0.6548673511,-0.1073805466,-0.3138256967,-0.8363516331,-0.5173856616,0.1923914105,0.8947793245,0.5369828939,-0.1389427185,-0.4357954860
2.8819096088,-0.2757852077,0.8088959455,-0.1370928437,-0.0220822264,-0.9851948619,0.1005436406,0.0795706362,0.2984346151,0.4357439876,0.3358489275,-0.0486723594,0.0322042182,0.1486826688,-0.2309498638,-0.4358920753,0.3092361093,-0.1353391111,0.0212561041,0.0641950518,-0.0283292979,0.1637256294,-0.8767875433,0.3584349155,-0.6925278902,0.0096054915,-0.7376220822,-0.1338600069,-0.2475734800,-0.8319329023,-0.4860093594,0.2297494560,0.8537952900,0.4750557542,-0.1258242875,-0.4208617508
2.8825211525,-0.2716405392,0.8100514412,-0.1385630667,-0.0199194308,-0.9868884087,0.0803412795,0.0700917765,0.3161340356,0.4319030643,0.3823626637,-0.0409262665,0.0295301694,0.1376859993,-0.2069312036,-0.3933317065,0.3059819937,-0.1360439658,0.0239996593,0.0602083839,-0.0324514173,0.1762886345,-0.8984519243,0.3751150668,-0.6387284994,-0.0476196110,-0.8064485788,-0.1670813560,-0.1601872742,-0.8376090527,-0.4519774616,0.2684450746,0.8177797794,0.4120443761,-0.1124907732,-0.4258815348
2.8837084770,-0.2690661848,0.8096646070,-0.1383589506,-0.0174134336,-0.9884218574,0.0597975925,0.0668910071,0.3283977807,0.4368526936,0.4133270681,-0.0355210453,0.0262186378,0.1315562576,-0.1842021942,-0.3534156680,0.2912246585,-0.1311352104,0.0309033450,0.0477891266,-0.0334402993,0.1884113848,-0.9173327088,0.3797141016,-0.5714609027,-0.0585642345,-0.8464099169,-0.2058617622,-0.0465814061,-0.8384562135,-0.4127802849,0.3023455441,0.7709112763,0.3643212020,-0.1064399779,-0.4393125474
2.8817229271,-0.2693749964,0.8104596734,-0.1375114173,-0.0138406847,-0.9896054864,0.0397490337,0.0696207583,0.3332505226,0.4467566311,0.4338124394,-0.0404771566,0.0223030522,0.1345466077,-0.1626731753,-0.3220037222,0.2572531104,-0.1152124703,0.0437543318,0.0359731130,-0.0332856663,0.1946927607,-0.9255511761,0.3634558320,-0.5062582493,-0.0443773419,-0.8812866211,-0.2425963283,0.0587032624,-0.8276435733,-0.3740831912,0.3164169490,0.7285475731,0.3288824856,-0.1071100980,-0.4555637538
2.8837821484,-0.2723501027,0.8119962215,-0.1350590736,-0.0095288819,-0.9906208515,0.0184016246,0.0749202594,0.3315601945,0.4596613348,0.4352946579,-0.0440762676,0.0151268961,0.1333526969,-0.1447250545,-0.2926945984,0.2238026410,-0.1006148905,0.0531646870,0.0185204204,-0.0275967028,0.2026195079,-0.9272513986,0.3379316926,-0.4402925670,-0.0123935007,-0.8988817930,-0.2765978575,0.1489721388,-0.8106071353,-0.3291429579,0.3234958649,0.6738784909,0.2902424037,-0.1131144911,-0.4867587984
2.8833756447,-0.2762853801,0.8118987679,-0.1324314773,-0.0048768041,-0.9911801219,-0.0003641433,0.0925728977,0.3257977366,0.4922407269,0.4142761528,-0.0437570512,0.0130012063,0.1351783425,-0.1327053457,-0.2723613977,0.1875725091,-0.0777271390,0.0610690042,-0.0025153384,-0.0205117650,0.2100997567,-0.9280841947,0.3093314171,-0.3734081984,0.0792264566,-0.9315706491,-0.3050506711,0.2393547893,-0.7778946161,-0.2810138464,0.3256474435,0.6115236878,0.2919915915,-0.1303067207,-0.5183658600
2.8839111328,-0.2808677852,0.8126439452,-0.1297802031,-0.0009696878,-0.9913820028,-0.0178307462,0.1260060817,0.3090518713,0.5376999974,0.3547787368,-0.0681868121,0.0262133721,0.1335470527,-0.1239412203,-0.2453674376,0.1542058140,-0.0615549088,0.0643531457,-0.0175901689,-0.0118894652,0.2073700279,-0.9289191961,0.2911615968,-0.3199181855,0.2470488548,-0.9609041810,-0.3169743419,0.3235116899,-0.7534004450,-0.2391383946,0.3341335356,0.6115825176,0.3264723122,-0.1352752894,-0.5464207530
2.8862111568,-0.2890716195,0.8121744990,-0.1278803349,0.0023774619,-0.9912347794,-0.0330844335,0.1550352275,0.2887816727,0.5687081218,0.2985177934,-0.0838865191,0.0302472394,0.1274569184,-0.1207998544,-0.2260990292,0.1298557073,-0.0378921516,0.0701810494,-0.0319286026,-0.0027620378,0.1978057623,-0.9378628135,0.2805412114,-0.2780329585,0.4381699562,-0.9823448658,-0.3027940094,0.3609507382,-0.7327717543,-0.2050160766,0.3448310494,0.6372222304,0.3582991958,-0.1335331351,-0.5498045087
2.8883359432,-0.2953755260,0.8123956919,-0.1280212700,0.0058101933,-0.9907369018,-0.0449128896,0.1831977367,0.2684108317,0.5801137686,0.2471502274,-0.0955354497,0.0343119502,0.1155377626,-0.1207029745,-0.2106947750,0.1291336119,-0.0140309567,0.0709614083,-0.0487463698,0.0131988348,0.1858593971,-0.9613530636,0.2844250500,-0.2484388351,0.6866965890,-0.9529867768,-0.2523950636,0.3632016480,-0.7263452411,-0.1831531525,0.3564467728,0.7137866020,0.3993709683,-0.1200518832,-0.5214948058
2.8896498680,-0.3024296761,0.8115538359,-0.1301204413,0.0082209865,-0.9897138476,-0.0588865466,0.2140295357,0.2541083992,0.6019162536,0.2154187709,-0.1307680756,0.0482672229,0.0969287753,-0.1206815690,-0.1837580800,0.1477174908,-0.0102988444,0.0661361367,-0.0602046400,0.0332657620,0.1762578934,-0.9900555015,0.2934576869,-0.2545122206,0.9236018658,-0.8557951450,-0.1631212085,0.3087894619,-0.7461601496,-0.1686997414,0.3675446808,0.8466529846,0.4510936141,-0.0853652060,-0.4502329528
2.8892414570,-0.3104349971,0.8091846108,-0.1333813220,0.0095917052,-0.9883708358,-0.0723917410,0.2434143275,0.2458266616,0.6321322322,0.2124753445,-0.1746574044,0.0644290522,0.0738451481,-0.1267028898,-0.1648055762,0.1855356693,-0.0185898300,0.0601078346,-0.0695532486,0.0495307520,0.1825487018,-1.0119396448,0.2975367308,-0.2802660465,1.0950587988,-0.7703831792,-0.1008870900,0.2460076958,-0.7793559432,-0.1574021429,0.3699473739,0.9869573116,0.5235053301,-0.0717433468,-0.3982217014
2.8897299767,-0.3182860911,0.8084597588,-0.1405844986,0.0120572792,-0.9869809151,-0.0771962106,0.2584108412,0.2410975099,0.6431155801,0.2380767912,-0.2067825198,0.0751579180,0.0541700087,-0.1495850384,-0.1888153255,0.2503434420,-0.0275153983,0.0495809391,-0.0824045911,0.0597162731,0.2044159621,-1.0327376127,0.2853921354,-0.2955764830,1.2026147842,-0.7605406642,-0.0606344342,0.1868085265,-0.8142966628,-0.1484874785,0.3466477394,1.1062521935,0.6100351810,-0.0640051365,-0.3674983084
2.8891878128,-0.3272339404,0.8045111299,-0.1471200734,0.0137109347,-0.9857625961,-0.0802482069,0.2708461583,0.2299644500,0.6472431421,0.2533711195,-0.2396816909,0.0809497684,0.0274769217,-0.1763415039,-0.2202797532,0.3271666169,-0.0384693220,0.0406588130,-0.0907379910,0.0662636384,0.2289617360,-1.0427269936,0.2676635981,-0.3056681752,1.2652199268,-0.7709168792,-0.0430490077,0.1581509560,-0.8546110988,-0.1455269158,0.3100962639,1.1864492893,0.7158161998,-0.0757211819,-0.3645717800
2.8901133537,-0.3359447122,0.8040593266,-0.1524809152,0.0147439037,-0.9849388003,-0.0801730528,0.2804231942,0.2174094766,0.6479260325,0.2640618086,-0.2645207047,0.0870530829,0.0033201606,-0.2081104666,-0.2684479356,0.4011922181,-0.0578528792,0.0248723347,-0.0924095288,0.0689365789,0.2523368895,-1.0442034006,0.2456500977,-0.3183737695,1.2917902470,-0.7878114581,-0.0359568633,0.1466827542,-0.9024580717,-0.1523222029,0.2845504582,1.2244791985,0.7571868300,-0.0855243281,-0.3699862361
2.8928983212,-0.3422269523,0.8009772897,-0.1557733268,0.0139200678,-0.9845775366,-0.0784086883,0.2797212303,0.2053352594,0.6482615471,0.2789082229,-0.2851367593,0.0946213081,-0.0213553905,-0.2407022715,-0.3157560229,0.4570872486,-0.0822164342,0.0115435254,-0.0905806124,0.0683360994,0.2690644562,-1.0439736843,0.2225779146,-0.3261530697,1.2958395481,-0.7970864177,-0.0340539850,0.1407603770,-0.9511193037,-0.1632993519,0.2630702257,1.2077642679,0.7690235972,-0.1016181707,-0.3754037619
2.8928012848,-0.3478179574,0.7980524302,-0.1554032564,0.0112132346,-0.9850670695,-0.0732591525,0.2762207687,0.1848711222,0.6405791044,0.2739306092,-0.2935874760,0.0950644016,-0.0378607102,-0.2646424770,-0.3556059301,0.4605061412,-0.0977386311,0.0042130705,-0.0872390866,0.0661275387,0.2694578469,-1.0399531126,0.1982281059,-0.3338514566,1.2888603210,-0.7974388003,-0.0356253386,0.1408645511,-0.9985749125,-0.1707189977,0.2541823983,1.1438148022,0.7578832507,-0.1273889542,-0.3906726241
2.8958504200,-0.3532865047,0.7979176641,-0.1540251672,0.0062927911,-0.9858934283,-0.0651979521,0.2659895718,0.1607309729,0.6244678497,0.2643032372,-0.2841514945,0.0898190364,-0.0511798710,-0.2850591242,-0.3879700899,0.4222636223,-0.0888355449,0.0087068165,-0.0801158920,0.0609299429,0.2670411170,-1.0412409306,0.1718603522,-0.3346685171,1.2691006660,-0.8021900654,-0.0485456362,0.1467381865,-1.0443840027,-0.1738400012,0.2517095804,1.0102221966,0.7190236449,-0.1666447222,-0.4184806943
2.8983912468,-0.3551098406,0.7956075072,-0.1514385641,0.0005562181,-0.9872570038,-0.0488843136,0.2555782795,0.1308423579,0.5947892070,0.2344067395,-0.2640648484,0.0729038268,-0.0508109219,-0.3060688376,-0.4178610742,0.3763239682,-0.0593847781,0.0292750709,-0.0759232193,0.0583138019,0.2645393610,-1.0516321659,0.1407402605,-0.3397131860,1.2477816343,-0.7974162698,-0.0662281662,0.1433772743,-1.0788183212,-0.1633650064,0.2508904338,0.8043418527,0.6901731491,-0.2181015313,-0.4597863257
2.9005036354,-0.3562116623,0.7982192039,-0.1484638602,-0.0056235511,-0.9884100556,-0.0311836731,0.2458446771,0.1083019748,0.5694507360,0.2085749954,-0.2419357300,0.0659212619,-0.0392502248,-0.3313083351,-0.4470044971,0.3567894101,-0.0520730801,0.0341865756,-0.0642792806,0.0506684557,0.2647095323,-1.0660785437,0.1127642989,-0.3614709675,1.2276024818,-0.7636263371,-0.0844321325,0.1437517107,-1.1027023792,-0.1438786387,0.2796646357,0.5834302902,0.6590377688,-0.2463127077,-0.4702925682
2.9010391235,-0.3552488983,0.7985156178,-0.1447496861,-0.0120760417,-0.9893679619,-0.0072590318,0.2319338918,0.0858096853,0.5407897830,0.1863128990,-0.2078316063,0.0595718697,-0.0180759560,-0.3644466698,-0.4854537547,0.3704447150,-0.0527411774,0.0300217457,-0.0525256768,0.0313298590,0.2665602267,-1.0766841173,0.0894589871,-0.3852244020,1.2040377855,-0.7180101871,-0.1076105535,0.1534435302,-1.1176978350,-0.1398798972,0.3445896208,0.3106852174,0.5530882478,-0.2394635230,-0.4605533481
2.9010069370,-0.3542710543,0.8003891110,-0.1398985833,-0.0190813094,-0.9898023009,0.0188585036,0.2235570699,0.0639381930,0.5156234503,0.1583563238,-0.1736596227,0.0602056049,0.0018907341,-0.3911704421,-0.4929479361,0.4024992883,-0.0568602160,0.0299517792,-0.0384440050,0.0029003033,0.2509354055,-1.0696135759,0.0649204850,-0.4024342000,1.1888530254,-0.6597689390,-0.1077844054,0.1641848832,-1.1450445652,-0.1657963097,0.4401566982,0.0574648045,0.3975871503,-0.1916418076,-0.4067380726
2.8968467712,-0.3514074087,0.8023875952,-0.1397624612,-0.0246894732,-0.9888135791,0.0458753891,0.2299720794,0.0438325778,0.4834987819,0.1300535351,-0.1608942151,0.0626866296,0.0418937169,-0.4057282209,-0.4925862849,0.4263885319,-0.0825923383,0.0139151821,-0.0245261937,-0.0207503308,0.2406970114,-1.0409537554,0.0372714140,-0.4063903689,1.1798286438,-0.6409897804,-0.1087972745,0.2085181922,-1.1639093161,-0.1950996071,0.5228570104,-0.0326388404,0.2986384332,-0.1475014091,-0.3761647046
2.8958048820,-0.3498108685,0.8027312160,-0.1389317065,-0.0310853496,-0.9873060584,0.0704165250,0.2313522547,0.0222529974,0.4530659318,0.1034222096,-0.1446075737,0.0650689974,0.0752114877,-0.4222000241,-0.4949787855,0.4435533285,-0.1152028739,-0.0025898586,-0.0077935094,-0.0435327478,0.2338336706,-1.0144209862,0.0065704416,-0.3966410458,1.1677429676,-0.6415432096,-0.1127937064,0.2541069984,-1.1577733755,-0.2143542916,0.5991011858,-0.0907705575,0.2472950518,-0.1137646884,-0.3397653103
2.8921551704,-0.3489869833,0.8032214642,-0.1371851563,-0.0376748629,-0.9845986366,0.1016187221,0.2268676460,-0.0030495792,0.4124742150,0.0840725452,-0.1353501827,0.0651697293,0.1155037880,-0.4410471618,-0.5122569203,0.4493594766,-0.1439964175,-0.0121155726,0.0089317579,-0.0668085217,0.2240370214,-0.9848680496,-0.0305739678,-0.3725093007,1.1566921473,-0.6649587154,-0.1180630773,0.2751650214,-1.1293799877,-0.2314766943,0.6611893177,-0.1783166081,0.2234308869,-0.0995064303,-0.2878300250
2.8887879848,-0.3484335542,0.8023852110,-0.1352671981,-0.0434632972,-0.9814421535,0.1287826598,0.2241043001,-0.0235227998,0.3745005131,0.0718526542,-0.1294764131,0.0687313527,0.1436586678,-0.4570918381,-0.5267873406,0.4632416070,-0.1759589314,-0.0208559185,0.0278105028,-0.0699483976,0.2064448148,-0.9416183829,-0.0808602422,-0.3307288885,1.1446725130,-0.7284144163,-0.1322416514,0.3186952472,-1.0460777283,-0.2594302595,0.7200248837,-0.2823618948,0.2242196798,-0.0774772018,-0.2505569756
2.8849298954,-0.3436057866,0.8008186817,-0.1349547505,-0.0484697856,-0.9778658152,0.1523689479,0.2176573873,-0.0335065164,0.3566195071,0.0795881972,-0.1326802969,0.0734220669,0.1723860949,-0.4633699358,-0.5450662971,0.4680495560,-0.2091483027,-0.0333980322,0.0474754609,-0.0874239281,0.2077638656,-0.9179891348,-0.0994227678,-0.2988091707,1.1380268335,-0.7474895120,-0.1382000446,0.3297660351,-0.9908957481,-0.2578639090,0.7446961999,-0.3550247252,0.2560237348,-0.0810881779,-0.2266871035
2.8843364716,-0.3406207860,0.7999691367,-0.1356569976,-0.0522023588,-0.9744322896,0.1713295728,0.2098019570,-0.0348010287,0.3487978280,0.0945970416,-0.1338056177,0.0764699355,0.1912181526,-0.4687945843,-0.5626530051,0.4800769091,-0.2430435866,-0.0481454097,0.0626763329,-0.1015803516,0.2117812634,-0.8956168294,-0.1078405157,-0.2543190420,1.1303386688,-0.7899381518,-0.1516357660,0.3628699183,-0.9232489467,-0.2583161891,0.7501294613,-0.4184437394,0.2864456773,-0.0803964436,-0.2101045549
2.8839874268,-0.3361805081,0.7989290953,-0.1362003833,-0.0548969321,-0.9710902572,0.1882006377,0.1978228986,-0.0306985714,0.3453992307,0.1136645824,-0.1376839578,0.0777271390,0.2064963132,-0.4697456658,-0.5787718892,0.4897309244,-0.2672518790,-0.0615680590,0.0749130622,-0.1103721559,0.2176799774,-0.8779214621,-0.1060457975,-0.2048363388,1.1232107878,-0.8297132850,-0.1657475978,0.3963857889,-0.8517835140,-0.2598829567,0.7391800284,-0.4635769725,0.3092676401,-0.0828884393,-0.2158111930
2.8820152283,-0.3292824030,0.7978403568,-0.1373100132,-0.0565435700,-0.9688668847,0.1981054395,0.1850129366,-0.0184439309,0.3468025625,0.1384138912,-0.1402410716,0.0752150118,0.2174570560,-0.4641175866,-0.5917904973,0.4929049611,-0.2877663970,-0.0708639175,0.0850840583,-0.1142875105,0.2230686545,-0.8691990376,-0.0929141194,-0.1559138000,1.1204169989,-0.8607670069,-0.1785045564,0.4262952507,-0.7832451463,-0.2622358501,0.7206986547,-0.4901777506,0.3352871239,-0.0820870772,-0.2077579498
2.8832676411,-0.3221955895,0.7987860441,-0.1393842548,-0.0556607656,-0.9676576257,0.2027623802,0.1729407012,0.0030407256,0.3529066443,0.1623939872,-0.1362516731,0.0713782609,0.2237438411,-0.4474521279,-0.5976183414,0.4892869294,-0.2998729646,-0.0773305446,0.0914816782,-0.1140747443,0.2273177207,-0.8693803549,-0.0748186857,-0.1131247953,1.1101224422,-0.8925460577,-0.1921076179,0.4618456960,-0.7279042602,-0.2655470967,0.7006126642,-0.5016295314,0.3518896401,-0.0780868977,-0.2045991570
2.8848218918,-0.3124915957,0.8002800941,-0.1412696242,-0.0523714572,-0.9672033191,0.2044942975,0.1556181163,0.0325506516,0.3563059568,0.1876472086,-0.1267039031,0.0676832944,0.2271092236,-0.4217441082,-0.6005422473,0.4788672328,-0.3020958006,-0.0814288557,0.0922689289,-0.1067055911,0.2276190370,-0.8822812438,-0.0531865545,-0.0813497081,1.0827236176,-0.9009951353,-0.2055915594,0.4791919589,-0.6887012720,-0.2681431472,0.6769820452,-0.5034865141,0.3515187800,-0.0768356994,-0.2052030712
2.8856165409,-0.3032388389,0.8008622527,-0.1417544335,-0.0485138148,-0.9676882625,0.2028090656,0.1336390227,0.0616255328,0.3529275060,0.2151482701,-0.1120523438,0.0643804073,0.2255994380,-0.3969633281,-0.6070065498,0.4669336975,-0.2970284224,-0.0869610459,0.0908153579,-0.0994263068,0.2261432558,-0.9061422348,-0.0347199552,-0.0611168146,1.0157258511,-0.9112173319,-0.2347706556,0.5049361587,-0.6672850251,-0.2714291215,0.6563523412,-0.5041556954,0.3354259431,-0.0810731873,-0.2112565190
2.8872113228,-0.2944106460,0.8021243215,-0.1425896585,-0.0431777798,-0.9689685702,0.1972402632,0.1085419804,0.0978947431,0.3446767628,0.2497720867,-0.0907260552,0.0620067902,0.2195412070,-0.3629539907,-0.6044732928,0.4451281428,-0.2884868085,-0.0886830762,0.0829681978,-0.0877457634,0.2266158611,-0.9389916658,-0.0193453878,-0.0646631941,0.9035239220,-0.8927434087,-0.2728430331,0.5362210870,-0.6632708311,-0.2743943334,0.6396886706,-0.4984625280,0.2951395214,-0.0888637453,-0.2265415192
2.8892343044,-0.2854375243,0.8048471808,-0.1417928636,-0.0382377952,-0.9713567495,0.1868119687,0.0724397153,0.1362881362,0.3301211298,0.3034006357,-0.0634980425,0.0551206805,0.2054984570,-0.3280684352,-0.5882149339,0.4272569418,-0.2756505311,-0.0881529674,0.0709959045,-0.0816524997,0.2354875207,-0.9903655052,-0.0143825589,-0.0937678739,0.7452082634,-0.8677999377,-0.3105946481,0.5765491128,-0.6835835576,-0.2788634300,0.6274800301,-0.4843337536,0.2231914401,-0.1023845747,-0.2563157678
2.8905413151,-0.2769118845,0.8066710830,-0.1382951587,-0.0325439461,-0.9738723636,0.1771664023,0.0293321852,0.1721076369,0.3164311945,0.3636932671,-0.0413914882,0.0452040769,0.1891507953,-0.2927455008,-0.5714997649,0.4080551863,-0.2575432360,-0.0793611109,0.0606566928,-0.0759433359,0.2357082069,-1.0586361885,-0.0158160441,-0.1519670486,0.5841076374,-0.8230112195,-0.3208983839,0.5754482746,-0.7220584750,-0.2774309814,0.6292332411,-0.4721893668,0.1713584512,-0.1165896207,-0.2897358835
2.8922333717,-0.2701051533,0.8066697717,-0.1329479069,-0.0247059949,-0.9767142534,0.1665646136,-0.0180587508,0.2103356570,0.3041376472,0.4206037223,-0.0394006819,0.0373711400,0.1696845889,-0.2488509119,-0.5469207764,0.3744856417,-0.2342848480,-0.0631480515,0.0485174321,-0.0658101961,0.2293613404,-1.1464328766,-0.0187208951,-0.2536221147,0.4278101325,-0.7666074038,-0.3104539216,0.5456306338,-0.7756251693,-0.2774834633,0.6432405710,-0.4581959546,0.1150677428,-0.1357025653,-0.3486824632
2.8931384087,-0.2641802132,0.8084461093,-0.1258527189,-0.0155616542,-0.9799643755,0.1535862833,-0.0571062900,0.2474177927,0.2950945795,0.4675126374,-0.0615633763,0.0338432454,0.1385459006,-0.2053383440,-0.5138186812,0.3589578569,-0.2173095047,-0.0450180769,0.0399130955,-0.0555786341,0.2331864983,-1.2650237083,-0.0216394197,-0.3797176480,0.2873727679,-0.6526065469,-0.2851380110,0.5153827667,-0.8327908516,-0.2634387314,0.6585894823,-0.4673079252,0.0918753594,-0.1484888792,-0.3957365751
2.8933532238,-0.2588582635,0.8067700267,-0.1189352423,-0.0065367911,-0.9826097488,0.1424419433,0.0012434507,0.2337494493,0.3264522254,0.4101911485,-0.0874685496,0.0481989942,0.1541990787,-0.2012871355,-0.4888263643,0.3279494643,-0.1851575971,-0.0260872226,0.0291274376,-0.0417562723,0.2355414182,-1.2466689348,0.0226081833,-0.4063531458,0.2893282771,-0.7010930181,-0.3025200665,0.4740342498,-0.7461526990,-0.3005019426,0.6725878119,-0.4547690451,0.1863360256,-0.1469110250,-0.3121346831
2.8924510479,-0.2594904304,0.8066986799,-0.1150791645,0.0045101056,-0.9854876995,0.1247015595,0.0108945528,0.2454563379,0.3376094699,0.4049848616,-0.1115024835,0.0536129177,0.1464563161,-0.1775052249,-0.4597791433,0.3046813607,-0.1605939716,-0.0075568072,0.0194324404,-0.0297293067,0.2386314571,-1.2967869043,0.0432727300,-0.4827186465,0.2200873196,-0.6683357358,-0.2985531390,0.4382360578,-0.7314164639,-0.3120111823,0.6872613430,-0.4530555904,0.2219701707,-0.1525152475,-0.2938607931
2.8897552490,-0.2586194873,0.8068466187,-0.1106526032,0.0146297412,-0.9884996414,0.1020313129,0.0205456521,0.2571632266,0.3487668037,0.3997786045,-0.1355364174,0.0590268448,0.1387135684,-0.1537233591,-0.4307319224,0.2814132869,-0.1360303611,0.0109736063,0.0097374450,-0.0177023448,0.2417215109,-1.3469049931,0.0639372617,-0.5590841770,0.1508463919,-0.6355785728,-0.2945862114,0.4024378657,-0.7166801691,-0.3235204220,0.7019350529,-0.4513421655,0.2576043010,-0.1581194699,-0.2755869031
2.8900430202,-0.2630363405,0.8062247634,-0.1063915342,0.0249685384,-0.9910277724,0.0769506767,0.0301967543,0.2688701153,0.3599240482,0.3945723176,-0.1595703363,0.0644407719,0.1309708059,-0.1299414486,-0.4016847014,0.2581451833,-0.1114667356,0.0295040198,0.0000424478,-0.0056753829,0.2448115349,-1.3970229626,0.0846018046,-0.6354496479,0.0816054493,-0.6028213501,-0.2906192839,0.3666396737,-0.7019439340,-0.3350296617,0.7166085839,-0.4496287107,0.2932384312,-0.1637237072,-0.2573130131
2.8879485130,-0.2666454613,0.8058236241,-0.1016297340,0.0331925564,-0.9930077791,0.0500518195,0.0398478545,0.2805770040,0.3710813522,0.3893660307,-0.1836042851,0.0698546991,0.1232280582,-0.1061595678,-0.3726375103,0.2348770946,-0.0869031101,0.0480344370,-0.0096525513,0.0063515827,0.2479015589,-1.4471409321,0.1052663550,-0.7118151784,0.0123645067,-0.5700641274,-0.2866523564,0.3308414817,-0.6872076988,-0.3465389013,0.7312822342,-0.4479152560,0.3288725913,-0.1693279445,-0.2390391231
2.8879837990,-0.2717430890,0.8055685163,-0.0982883498,0.0384137183,-0.9941831827,0.0215317346,0.0494989529,0.2922838926,0.3822385967,0.3841597438,-0.2076382190,0.0752686262,0.1154852957,-0.0823776796,-0.3435902596,0.2116089910,-0.0623394847,0.0665648431,-0.0193475448,0.0183785409,0.2509915829,-1.4972589016,0.1259308904,-0.7881807089,-0.0568764210,-0.5373069048,-0.2826854289,0.2950432897,-0.6724714041,-0.3580481112,0.7459557652,-0.4462018013,0.3645067215,-0.1749321520,-0.2207652330
2.8845913410,-0.2790797353,0.8066089749,-0.0965878740,0.0412270017,-0.9944467545,-0.0068408689,-0.0088685695,0.3580191731,0.3535946012,0.4524406195,-0.2423497587,0.0761763752,0.1025502756,0.0045489226,-0.2912764847,0.1277399808,-0.0011945857,0.0988982022,-0.0399285033,0.0403649397,0.2363763303,-1.6519827843,0.1139609665,-0.9446268678,-0.1517772079,-0.4656536579,-0.2730024457,0.1987253278,-0.7182461619,-0.3372219801,0.7683680654,-0.5354194641,0.4007701278,-0.2033440471,-0.2110832930
2.8830370903,-0.2859715521,0.8070954680,-0.0963612273,0.0431460999,-0.9939464331,-0.0303880610,0.0378836468,0.3449203074,0.3829286993,0.4054187536,-0.2624149024,0.0837376565,0.0986758247,0.0017889250,-0.2682713866,0.1273613423,0.0140206488,0.1132841036,-0.0457533151,0.0498453416,0.2499147356,-1.7072625160,0.1333324462,-1.0253281593,-0.2145129293,-0.4389461279,-0.2712687850,0.1534885466,-0.7018826604,-0.3477624655,0.7840507627,-0.5451496840,0.4448979497,-0.2111804932,-0.1847042590
2.8817319870,-0.2950379550,0.8077901006,-0.0972179025,0.0429558195,-0.9931015372,-0.0495262705,0.0784522593,0.3274045587,0.4157104492,0.3685408831,-0.2797400057,0.0915104076,0.0922570303,-0.0110319965,-0.2564486265,0.1418047100,0.0113513842,0.1221560910,-0.0484325364,0.0544594303,0.2602617145,-1.6476129293,0.1879245043,-1.0172772408,-0.2645992339,-0.4390352368,-0.2707846463,0.1876486987,-0.6282626987,-0.3925758302,0.7899765968,-0.4410614371,0.4714091420,-0.1917448491,-0.1659435481
2.8813283443,-0.3040256500,0.8080124259,-0.1014331803,0.0399393663,-0.9920057058,-0.0635671169,0.1268911809,0.2972611189,0.4515792429,0.3210721314,-0.2872133553,0.0976958126,0.0823778436,-0.0453862995,-0.2763991654,0.1862334460,-0.0063508912,0.1257319897,-0.0554780215,0.0704950616,0.2566418350,-1.5269438028,0.2378348410,-0.9636278152,-0.2861935794,-0.4589574039,-0.2492093742,0.2486109287,-0.5628653169,-0.4257045090,0.7960143089,-0.2347486913,0.4563109279,-0.1640407741,-0.1498292387
2.8807919025,-0.3145152032,0.8089991808,-0.1071666628,0.0364983529,-0.9910794497,-0.0703189597,0.1515635997,0.2630482912,0.4615907371,0.3006260395,-0.2878902256,0.1028283089,0.0643880367,-0.0958575681,-0.3194580674,0.2552885711,-0.0139092114,0.1250868738,-0.0554725379,0.0759358630,0.2582990825,-1.4002633095,0.2537799776,-0.9168288112,-0.2509256601,-0.5675891042,-0.2158918530,0.2531595826,-0.5406005383,-0.4406349361,0.7599661946,0.0153186880,0.4062415063,-0.1179178208,-0.1213652194
2.8808929920,-0.3242858052,0.8095161915,-0.1125748754,0.0307450667,-0.9902332425,-0.0762870535,0.1759724021,0.2273813933,0.4758457243,0.2782481015,-0.2803482413,0.1101523042,0.0360794775,-0.1576255113,-0.3688201308,0.3533905447,-0.0305034742,0.1148393601,-0.0493336506,0.0733957663,0.2546584904,-1.2857639790,0.2418494672,-0.8685401678,-0.1946390718,-0.6602991223,-0.1816453934,0.2596761882,-0.5690361261,-0.4407610893,0.6949245930,0.2424367815,0.3141539991,-0.0713116452,-0.1358934641
2.8855209351,-0.3318566084,0.8078163862,-0.1183809787,0.0259511266,-0.9898868203,-0.0737333372,0.1736063659,0.1981054842,0.4601309896,0.2905510962,-0.2837808728,0.1126177162,0.0047447509,-0.2104767561,-0.4054574370,0.4427781999,-0.0410791188,0.1032337397,-0.0515277907,0.0753362551,0.2420154661,-1.1920251846,0.2122334093,-0.8274106979,-0.1200452372,-0.7385503650,-0.1545945704,0.2826505601,-0.6461679339,-0.4314981103,0.5812451243,0.4490014315,0.2847779095,-0.0522834696,-0.2296428680
2.8920891285,-0.3408037722,0.8056893349,-0.1243633628,0.0218908768,-0.9898295403,-0.0655135661,0.1694884747,0.1777165383,0.4564226568,0.3058337867,-0.2902365625,0.1093425676,-0.0166406091,-0.2401127815,-0.4190431535,0.4697170854,-0.0532798283,0.0977411270,-0.0566112250,0.0766713098,0.2272760123,-1.1200615168,0.1703217626,-0.7864143252,-0.0420276150,-0.8064572811,-0.1404606998,0.3322308958,-0.7697414756,-0.4225488901,0.4288368225,0.5744853616,0.3694974482,-0.0881102979,-0.4788624346
2.8980379105,-0.3459459543,0.8024500012,-0.1265518814,0.0160049200,-0.9904628396,-0.0520753674,0.1603321433,0.1481941044,0.4444483221,0.3109615147,-0.2895659804,0.0910014883,-0.0312407780,-0.2645078003,-0.4200562835,0.4403243363,-0.0508554392,0.1003756821,-0.0746728554,0.0719102770,0.2184767127,-1.0925360918,0.1350529641,-0.7659085989,-0.0202275123,-0.8486281633,-0.1501122862,0.3472654819,-0.8680080771,-0.4596971571,0.2893033624,0.4771740735,0.4632327259,-0.1927866191,-0.7205406427
2.9016840458,-0.3497332931,0.8016165495,-0.1266625077,0.0084932316,-0.9912648797,-0.0357545055,0.1549607515,0.1176219955,0.4292671978,0.2971181870,-0.2847110629,0.0903717130,-0.0462008752,-0.2839597166,-0.3958229125,0.4047738314,-0.0462203212,0.1000041068,-0.0819716603,0.0636125579,0.1970776021,-1.0900565386,0.0970958769,-0.7752124667,-0.0302235819,-0.8465592861,-0.1521956474,0.3194782734,-0.9863873720,-0.5092279315,0.2009989172,0.3478392959,0.4745871127,-0.2531185150,-0.8180377483
2.9055662155,-0.3543375432,0.7997580767,-0.1263759881,0.0024347471,-0.9919008017,-0.0124911051,0.1546142548,0.0871960521,0.4011026621,0.2695389390,-0.2791797221,0.0836148262,-0.0514997616,-0.3048101664,-0.3751781881,0.3902715445,-0.0376043320,0.1027371213,-0.0877986774,0.0502271242,0.1683834344,-1.0965960026,0.0499322638,-0.7995134592,-0.0424307548,-0.8220359683,-0.1460822672,0.2859855592,-1.1227747202,-0.5696491003,0.1482121497,0.2390586883,0.4375827312,-0.2795745432,-0.9035766721
2.9082965851,-0.3551368713,0.8010436893,-0.1242059395,-0.0042889984,-0.9921323061,0.0150991241,0.1456203759,0.0603297129,0.3723379076,0.2584826052,-0.2650238872,0.0724549592,-0.0479319692,-0.3306800425,-0.3725340068,0.3862076998,-0.0217491407,0.1042079777,-0.0866071358,0.0272944551,0.1478623301,-1.1186647415,0.0017384944,-0.8300749660,-0.0506282970,-0.7987162471,-0.1449788064,0.2571143806,-1.2680491209,-0.6542419791,0.1439231336,0.1541066617,0.3298714757,-0.2606533468,-0.9751588702
2.9084055424,-0.3563672304,0.8010483980,-0.1230817065,-0.0109839132,-0.9916230440,0.0376034491,0.1513098478,0.0422072485,0.3747904301,0.2360856980,-0.2459905148,0.0645774379,-0.0386242568,-0.3486004472,-0.3657505810,0.3938828409,-0.0213682782,0.0979594663,-0.0901470110,-0.0042618741,0.1199525148,-1.1340296268,-0.0368770547,-0.8532188535,-0.0557848923,-0.7575492263,-0.1527153403,0.2413619757,-1.3888894320,-0.7324343920,0.1811961234,0.1109030247,0.2305598706,-0.2278004289,-1.0123558044
2.9056944847,-0.3556146324,0.8027569056,-0.1220651418,-0.0178360045,-0.9903717041,0.0628163815,0.1608381867,0.0205830969,0.3715730608,0.2066825181,-0.2199583799,0.0554751493,-0.0228281915,-0.3752500117,-0.3706280887,0.4142831564,-0.0314493664,0.0832086280,-0.0974433050,-0.0377792194,0.0979377478,-1.1459432840,-0.0743605345,-0.8685681820,-0.0568056218,-0.7324457169,-0.1631150991,0.2186863571,-1.5182383060,-0.8227695227,0.2554080784,0.0622609667,0.0963081867,-0.1745139807,-1.0236858130
2.9060389996,-0.3532196581,0.8022912741,-0.1221060976,-0.0232109819,-0.9882796407,0.0886269584,0.1772401184,0.0017212845,0.3514888585,0.1643194854,-0.2010259926,0.0428311490,0.0096512390,-0.3918397129,-0.3887365162,0.4116224051,-0.0494544208,0.0769525021,-0.1103465334,-0.0696226358,0.0662652776,-1.1344974041,-0.1053138673,-0.8715445995,-0.0583054423,-0.7069367170,-0.1834651679,0.1983075440,-1.6507738829,-0.9098338485,0.3434478641,-0.0196645483,-0.0536933951,-0.1184152141,-0.9589436054
2.8998808861,-0.3505900502,0.8037633300,-0.1240485460,-0.0281853937,-0.9850568175,0.1161058098,0.1913571060,-0.0138206324,0.3241550326,0.1380176097,-0.1881088912,0.0310226958,0.0478559509,-0.4079860151,-0.4198859334,0.4151436985,-0.0746833533,0.0686322525,-0.1287494749,-0.1037191600,0.0323278941,-1.0974777937,-0.1215506643,-0.8766492009,-0.0428085737,-0.7202065587,-0.1997027993,0.1755688190,-1.7717585564,-0.9817817211,0.4335841238,-0.1042182595,-0.1658270657,-0.0888199210,-0.8966966867
2.8974409103,-0.3482810855,0.8034269810,-0.1249845698,-0.0331292935,-0.9815393686,0.1409317404,0.1998053640,-0.0235700943,0.3043028116,0.1262849718,-0.1741938293,0.0210725218,0.0840719640,-0.4203349650,-0.4580772817,0.4205622077,-0.1009033918,0.0605298690,-0.1452824622,-0.1359454542,0.0009865689,-1.0584808588,-0.1326167434,-0.8774616718,-0.0147157731,-0.7500518560,-0.2075144500,0.1506108940,-1.8700908422,-1.0306760073,0.5087272525,-0.1746290773,-0.2438363880,-0.0773806050,-0.8735740781
2.8938188553,-0.3430145979,0.8048977256,-0.1267438680,-0.0371971130,-0.9780365229,0.1612357348,0.2065982074,-0.0303047094,0.2855664790,0.1170165017,-0.1617107838,0.0140409712,0.1161302254,-0.4253055751,-0.4876304865,0.4229708910,-0.1276777238,0.0549619049,-0.1472008973,-0.1584077328,-0.0153249893,-1.0209927559,-0.1386127025,-0.8761692643,0.0106386598,-0.7675302029,-0.2165236473,0.1264208555,-1.9518293142,-1.0516316891,0.5829669237,-0.2210163623,-0.2911767066,-0.0719284862,-0.8314536214
2.8893644810,-0.3380584121,0.8041957617,-0.1290136874,-0.0399756804,-0.9752754569,0.1749149263,0.2107037306,-0.0291678440,0.2746504247,0.1177468672,-0.1507135779,0.0087771891,0.1429062188,-0.4243342578,-0.5105699897,0.4271078706,-0.1503038853,0.0486326627,-0.1383314580,-0.1675027907,-0.0218754746,-0.9856410027,-0.1373809427,-0.8713632822,0.0201892462,-0.7831025720,-0.2235005349,0.0969359502,-2.0180363655,-1.0573892593,0.6470484734,-0.2484318763,-0.3181605637,-0.0698901787,-0.8024325371
2.8870604038,-0.3328936994,0.8060154319,-0.1316335350,-0.0417009816,-0.9731976986,0.1839019656,0.2091146857,-0.0246915612,0.2581785917,0.1264827847,-0.1417048424,0.0067868768,0.1680720448,-0.4176855683,-0.5343708992,0.4239309132,-0.1650612205,0.0409765691,-0.1215054989,-0.1637188494,-0.0174956396,-0.9451339245,-0.1251157820,-0.8641049266,0.0168187823,-0.7942821980,-0.2258178890,0.0652007386,-2.0686352253,-1.0574021339,0.7013621926,-0.2650551498,-0.3293691576,-0.0713544264,-0.7774288058
2.8854413033,-0.3264718950,0.8063604832,-0.1356720179,-0.0421142094,-0.9724302292,0.1849295944,0.2094290555,-0.0144745447,0.2520808578,0.1353677362,-0.1353814006,0.0030541716,0.1901950687,-0.4062950015,-0.5561135411,0.4184562266,-0.1753905118,0.0343178436,-0.1027925685,-0.1523434222,-0.0040648710,-0.8971264958,-0.0957339630,-0.8540455699,-0.0029101695,-0.8016940951,-0.2249877006,0.0290714316,-2.1033349037,-1.0606952906,0.7530967593,-0.2731321752,-0.3291032016,-0.0752260387,-0.7419087291
2.8839020729,-0.3206057250,0.8071674109,-0.1404139251,-0.0421228744,-0.9725869298,0.1805110574,0.2111373097,0.0004858426,0.2590600550,0.1473614126,-0.1286508441,-0.0006310958,0.2066163719,-0.3906395733,-0.5666887164,0.4095754325,-0.1792417765,0.0309007466,-0.0835620686,-0.1372050643,0.0104353661,-0.8486521840,-0.0406268537,-0.8409112692,-0.0401785858,-0.8170873523,-0.2234327495,-0.0096910596,-2.1240429878,-1.0725872517,0.8052503467,-0.2738324106,-0.3242138624,-0.0747435912,-0.6982346773
2.8848488331,-0.3117465079,0.8081328273,-0.1465552151,-0.0408909805,-0.9735266566,0.1705736816,0.2109286934,0.0234392080,0.2731979489,0.1675809622,-0.1219431013,-0.0074371654,0.2140294611,-0.3725061417,-0.5671172738,0.4077315629,-0.1813347787,0.0277107414,-0.0662626252,-0.1231341958,0.0219355226,-0.8130782247,0.0343307480,-0.8189236522,-0.0911154523,-0.8407924175,-0.2223834246,-0.0450298488,-2.1304192543,-1.0942516327,0.8572810292,-0.2699715495,-0.3125225008,-0.0748786330,-0.6464638710
2.8827435970,-0.3038489819,0.8093137741,-0.1511395425,-0.0388964228,-0.9751940966,0.1569727361,0.2075352818,0.0532557778,0.2982206345,0.1942684501,-0.1148316860,-0.0163234677,0.2175190747,-0.3521552980,-0.5641199946,0.4077767730,-0.1845735908,0.0272935480,-0.0526854992,-0.1135742813,0.0233972147,-0.8051835895,0.1251737773,-0.7809056640,-0.1500992775,-0.8758779764,-0.2244998366,-0.0685273632,-2.1263847351,-1.1258261204,0.9073700905,-0.2714697421,-0.2908296287,-0.0761467591,-0.5937324166
2.8828783035,-0.2950356305,0.8091384768,-0.1580926180,-0.0365501158,-0.9770696163,0.1378613710,0.2022909373,0.0944985449,0.3339948058,0.2391918302,-0.1060889959,-0.0275691953,0.2144942433,-0.3371837139,-0.5530074239,0.4292573631,-0.1940999776,0.0259382650,-0.0420418121,-0.1050974727,0.0292859823,-0.8418441415,0.2314261347,-0.7246248126,-0.2187355161,-0.9367508292,-0.2386745363,-0.0539877973,-2.1148104668,-1.1512811184,0.9410818815,-0.2801274061,-0.2564864457,-0.0769332573,-0.5392768979
2.8811633587,-0.2849577963,0.8109024167,-0.1644980460,-0.0315424018,-0.9790887237,0.1154587418,0.1901963204,0.1481877416,0.3720201552,0.2986838520,-0.0903033465,-0.0440052785,0.2137478292,-0.3050406575,-0.5320988297,0.4296603203,-0.1968688816,0.0332485884,-0.0409465991,-0.0883158296,0.0322446190,-0.9345598221,0.3457514346,-0.6465501189,-0.2653894126,-0.9812960625,-0.2676039040,0.0049805739,-2.0968751907,-1.1690981388,0.9391255975,-0.2966881394,-0.2134005725,-0.0836851820,-0.5264043212
2.8784463406,-0.2774107754,0.8105784059,-0.1708481759,-0.0255474523,-0.9803405404,0.0953446552,0.1782597750,0.2039484382,0.4026482999,0.3675297201,-0.0711087883,-0.0537836216,0.2160356194,-0.2650896311,-0.4949548542,0.4244194925,-0.2055618316,0.0382529199,-0.0534679815,-0.0761544779,0.0349776931,-1.0871663094,0.4761264324,-0.5597565770,-0.2656489313,-0.9269211888,-0.3062617779,0.1075462848,-2.0720744133,-1.1783266068,0.9272429943,-0.3133179247,-0.1742131561,-0.1048456803,-0.5568150878
2.8780841827,-0.2702260911,0.8109644055,-0.1738579571,-0.0180466790,-0.9816191792,0.0766259804,0.1667242348,0.2517682910,0.4154208601,0.4227461219,-0.0571926311,-0.0613982491,0.2224346548,-0.2176155299,-0.4595378637,0.3990495801,-0.2131817937,0.0482759662,-0.0659844950,-0.0585656911,0.0246305428,-1.2632132769,0.5896725059,-0.4903057516,-0.2155835927,-0.8360300660,-0.3387007713,0.2212906927,-2.0563499928,-1.1793606281,0.9005070329,-0.3222201467,-0.1456665099,-0.1268057376,-0.6158310175
2.8757481575,-0.2634712458,0.8126493692,-0.1734052747,-0.0100904554,-0.9831491709,0.0569780208,0.1568644643,0.2968785763,0.4262133241,0.4632577896,-0.0341071561,-0.0657319650,0.2325827479,-0.1664479971,-0.4238721430,0.3496622145,-0.2033521384,0.0587256365,-0.0764427558,-0.0328033082,0.0143127665,-1.4422392845,0.6819552779,-0.4586026371,-0.1472292393,-0.7521162033,-0.3552146256,0.3182330430,-2.0440046787,-1.1688439846,0.8656086922,-0.3278473616,-0.1358844787,-0.1360463351,-0.6647415757
2.8746232986,-0.2582719624,0.8114038110,-0.1705972403,-0.0024436251,-0.9846198559,0.0376085564,0.1462512314,0.3318923414,0.4289931655,0.4938597083,-0.0223828442,-0.0691062286,0.2418591529,-0.1199224368,-0.3902206421,0.2904544473,-0.1801491678,0.0691350326,-0.0772498623,-0.0058547053,-0.0084773358,-1.6033856869,0.7552714348,-0.4481579661,-0.1132376567,-0.6687413454,-0.3714011610,0.3904228806,-2.0370635986,-1.1600908041,0.8325665593,-0.3345113993,-0.1451066434,-0.1407889724,-0.6857513785
2.8733115196,-0.2549314499,0.8142331839,-0.1644865870,0.0042911600,-0.9862333536,0.0164185371,0.1417677104,0.3570096493,0.4377909303,0.4984927773,-0.0170944277,-0.0752406567,0.2547915876,-0.0756713003,-0.3584479094,0.2100601196,-0.1418044269,0.0874238983,-0.0732837021,0.0241136197,-0.0374366418,-1.7474220991,0.8161806464,-0.4529832602,-0.1098704413,-0.5920622945,-0.3845600188,0.4443180859,-2.0216989517,-1.1580177546,0.8112915754,-0.3396441340,-0.1375693828,-0.1557525247,-0.6862100363
2.8724665642,-0.2528023720,0.8119141459,-0.1589638591,0.0094848247,-0.9872112274,-0.0073862569,0.1462577581,0.3663505912,0.4365906715,0.4988050461,-0.0252835900,-0.0799434558,0.2655603588,-0.0456105806,-0.3308340311,0.1482574940,-0.1091992855,0.1050848216,-0.0622167327,0.0573903061,-0.0652050301,-1.8739734888,0.8597027659,-0.4686985910,-0.1380766779,-0.5241419077,-0.4026753604,0.4933348298,-1.9992533922,-1.1512956619,0.7950356007,-0.3395562172,-0.1165845469,-0.1737687439,-0.6666215658
2.8719098568,-0.2515912652,0.8117088079,-0.1542966068,0.0138345379,-0.9874121547,-0.0319114961,0.1522905678,0.3647981882,0.4297187030,0.4840708077,-0.0456255227,-0.0798275396,0.2658921182,-0.0269764103,-0.3093052208,0.1083292961,-0.0789511204,0.1231349558,-0.0449247546,0.0955109745,-0.0819550008,-1.9837033749,0.8969578147,-0.5156394243,-0.1720664352,-0.4720769525,-0.4122193158,0.5246400833,-1.9744315147,-1.1488292217,0.7805101275,-0.3477198780,-0.0826773420,-0.1965342462,-0.6513642073
2.8723101616,-0.2528545260,0.8121386170,-0.1499283314,0.0179442689,-0.9868702888,-0.0573284887,0.1614603698,0.3682341874,0.4352183342,0.4804114103,-0.0760776997,-0.0618446805,0.2621473372,-0.0127398074,-0.2897705436,0.0851069018,-0.0534103550,0.1364825517,-0.0212419778,0.1375039518,-0.0856703818,-2.0804784298,0.9315555096,-0.5737269521,-0.2119362801,-0.4330608845,-0.4179364443,0.5442808270,-1.9369871616,-1.1498409510,0.7615040541,-0.3569622040,-0.0313664228,-0.2250171900,-0.6378502846
2.8746757507,-0.2533186674,0.8085811138,-0.1477362216,0.0215376988,-0.9856258631,-0.0790681988,0.1688538939,0.3648857474,0.4327339530,0.4729070961,-0.1049446911,-0.0446065180,0.2533681989,-0.0027235630,-0.2654232681,0.0759429708,-0.0263852235,0.1485780180,0.0044622179,0.1775295138,-0.0747041479,-2.1635835171,0.9648874402,-0.6204559207,-0.2442750037,-0.3927206993,-0.4200658798,0.5660780668,-1.8866343498,-1.1511949301,0.7249904871,-0.3627898395,0.0075253630,-0.2512586713,-0.6426116228
2.8769440651,-0.2575878203,0.8074722290,-0.1472636014,0.0247167815,-0.9837180972,-0.1000061110,0.1761309654,0.3583499491,0.4223296344,0.4690985382,-0.1369997412,-0.0250939392,0.2442234159,0.0050290902,-0.2370769680,0.0773319900,-0.0053141168,0.1577777565,0.0327960849,0.2180422843,-0.0547572561,-2.2353460789,1.0116600990,-0.6611725092,-0.2662737966,-0.3416543007,-0.4153058529,0.5986558199,-1.8171938658,-1.1551069021,0.6768211722,-0.3485144973,0.0369808674,-0.2679542601,-0.6596416831
2.8792681694,-0.2622735202,0.8070392609,-0.1474541724,0.0279326066,-0.9819767475,-0.1148855910,0.1771711707,0.3472358882,0.3983486891,0.4635917842,-0.1623274088,-0.0145109426,0.2294367701,0.0094201937,-0.2168266326,0.0882891864,0.0128600337,0.1644378901,0.0591349304,0.2650482059,-0.0187775511,-2.2997138500,1.0676428080,-0.6740565300,-0.2746848762,-0.2689931691,-0.4051128924,0.6593444347,-1.7218433619,-1.1421242952,0.5990861058,-0.3132444918,0.0594144277,-0.2861475348,-0.6946232319
2.8840689659,-0.2665620744,0.8052301407,-0.1482906044,0.0312065724,-0.9805184007,-0.1249786392,0.1792972684,0.3319106996,0.3716168106,0.4535668492,-0.1803912520,-0.0035285065,0.2121518552,0.0042640944,-0.2245640457,0.1101961061,0.0246101804,0.1654624492,0.0767957047,0.3208927512,0.0267931763,-2.3555448055,1.1456069946,-0.6770725846,-0.2707847357,-0.1724196672,-0.3767570257,0.7434933186,-1.5900170803,-1.1169894934,0.5005394220,-0.2375943512,0.0902540386,-0.2972370088,-0.7492184043
2.8892297745,-0.2732104659,0.8058972955,-0.1497320831,0.0320931561,-0.9798963666,-0.1278806031,0.1771252900,0.3137330711,0.3485625982,0.4411456287,-0.1941458285,0.0104071125,0.1804656684,-0.0129356021,-0.2429020852,0.1594871879,0.0226701908,0.1592488736,0.0357065648,0.3263792098,0.0782719105,-2.4258432388,1.2085313797,-0.7922013998,-0.3056546450,-0.0252303723,-0.3067746460,0.8931418061,-1.3110599518,-0.9962164164,0.2851950526,-0.1639219075,0.1410556734,-0.3339973688,-0.7957556248
2.8930599689,-0.2785321772,0.8048249483,-0.1535473913,0.0268124677,-0.9796094298,-0.1267661303,0.2020168304,0.2799424231,0.3650110066,0.3988464773,-0.2114649713,0.0325721465,0.1485299021,-0.0468817428,-0.2687737346,0.2253439277,-0.0064008581,0.1484463215,0.0282307621,0.2797801197,0.1040800437,-2.4956591129,1.2077398300,-0.9130373597,-0.3151526451,0.0358610302,-0.2447706312,0.9709263444,-1.0510972738,-0.8343834281,0.1289895177,-0.0153559111,0.2584160864,-0.3342679143,-0.8298701644
2.8979709148,-0.2848839462,0.8050368428,-0.1588481516,0.0213908404,-0.9795762897,-0.1214084774,0.2272014022,0.2496116757,0.3858819604,0.3608862758,-0.2317172587,0.0549162365,0.1239805967,-0.0962291658,-0.3347150087,0.2924931347,-0.0383918509,0.1312391758,0.0376163311,0.2166423500,0.1326725036,-2.4658901691,1.1710293293,-0.8843412399,-0.3027294874,0.0149075035,-0.2425749749,0.9814642668,-0.9961760044,-0.7853154540,0.2020466626,0.0099653415,0.2484022230,-0.3097554743,-0.7557937503
2.9005546570,-0.2914307117,0.8051734567,-0.1620187163,0.0167696774,-0.9799425602,-0.1148097739,0.2373873740,0.2214662731,0.3887628317,0.3403776884,-0.2449795902,0.0675878599,0.0999015123,-0.1512977779,-0.4087014496,0.3589407504,-0.0567559935,0.1163545996,0.0534966365,0.1637418121,0.1510692090,-2.4361207485,1.1343188286,-0.8556450605,-0.2903062999,-0.0060460288,-0.2403793335,0.9920021296,-0.9412547350,-0.7362474203,0.2751038074,0.0352865979,0.2383883297,-0.2852430344,-0.6817172766
2.9045488834,-0.2969539762,0.8053705096,-0.1649634987,0.0122691179,-0.9812555313,-0.0988637358,0.2386902422,0.1927436739,0.3744247854,0.3274557590,-0.2614785731,0.0710592940,0.0930113718,-0.2053439319,-0.4900709987,0.3995348215,-0.0705170408,0.1088383794,0.0783069655,0.1400714368,0.1782619208,-2.4063518047,1.0976083279,-0.8269489408,-0.2778831124,-0.0269995593,-0.2381836772,1.0025401115,-0.8863334060,-0.6871794462,0.3481609523,0.0606078506,0.2283744663,-0.2607305944,-0.6076408625
2.9082169533,-0.3024845719,0.8037449121,-0.1644877344,0.0051513016,-0.9832992554,-0.0777162015,0.2334375978,0.1602704376,0.3590311408,0.3074727952,-0.2637853026,0.0673792362,0.0917969272,-0.2610514462,-0.5763835311,0.4058265984,-0.0777792931,0.1023950353,0.1176895499,0.1129539236,0.1975216866,-2.3765826225,1.0608978271,-0.7982527018,-0.2654599547,-0.0479530878,-0.2359880060,1.0130779743,-0.8314120770,-0.6381114125,0.4212180972,0.0859291032,0.2183605880,-0.2362181395,-0.5335643291
2.9139573574,-0.3073181808,0.8036271930,-0.1632187963,-0.0030774302,-0.9852598310,-0.0511193015,0.2258107662,0.1232267469,0.3239104152,0.2782436013,-0.2528431714,0.0574156269,0.0941895843,-0.3060894310,-0.6363791823,0.3757247329,-0.0752647147,0.0985754207,0.1614541262,0.0757357255,0.2120080739,-2.3468134403,1.0241873264,-0.7695565820,-0.2530367970,-0.0689066201,-0.2337923646,1.0236158371,-0.7764908671,-0.5890433788,0.4942752421,0.1112503558,0.2083467245,-0.2117057145,-0.4594879150
2.9156551361,-0.3109523356,0.8037323952,-0.1544768959,-0.0112470845,-0.9877434373,-0.0193216670,0.2090514004,0.0864237770,0.2915080786,0.2379150093,-0.2346008867,0.0413149893,0.0975448638,-0.3443164825,-0.6693496108,0.3418604434,-0.0592671409,0.1021427661,0.1911224574,0.0400832444,0.2062469870,-2.3170442581,0.9874768257,-0.7408604622,-0.2406136096,-0.0898601487,-0.2315967083,1.0341538191,-0.7215695381,-0.5399754047,0.5673323870,0.1365716159,0.1983328462,-0.1871932596,-0.3854114711
2.9163703918,-0.3130913079,0.8041794300,-0.1449222416,-0.0169488359,-0.9890808463,0.0207208451,0.1941330433,0.0555986352,0.2603659332,0.1949412227,-0.2106387615,0.0241685100,0.1087787449,-0.3709313273,-0.6846835017,0.3318684101,-0.0385741591,0.1100704819,0.2193280756,0.0190141313,0.1921652406,-2.2872753143,0.9507662058,-0.7121642828,-0.2281904221,-0.1108136773,-0.2294010520,1.0446916819,-0.6666482687,-0.4909073710,0.6403895020,0.1618928462,0.1883189678,-0.1626808345,-0.3113350272
2.9172363281,-0.3144713640,0.8038880825,-0.1368978918,-0.0210252218,-0.9884217978,0.0619614795,0.1815638691,0.0312457215,0.2365600467,0.1585105956,-0.1873400807,0.0157843325,0.1263317615,-0.3928663731,-0.7010247111,0.3440322876,-0.0302552637,0.1103656515,0.2393707335,-0.0037784970,0.1868557185,-2.2575061321,0.9140557647,-0.6834681034,-0.2157672644,-0.1317671984,-0.2272053957,1.0552296638,-0.6117269993,-0.4418393970,0.7134466767,0.1872141212,0.1783050895,-0.1381683946,-0.2372585535
2.9179506302,-0.3150055707,0.8048202395,-0.1320082098,-0.0231368896,-0.9850160480,0.1085442305,0.1675893813,0.0152725633,0.2085113823,0.1366220713,-0.1690324992,0.0136525612,0.1487918794,-0.4089426696,-0.7085254192,0.3717967272,-0.0281111188,0.1005192548,0.2333268970,-0.0223238785,0.1779415309,-2.2277369499,0.8773452044,-0.6547719240,-0.2033440769,-0.1527207345,-0.2250097394,1.0657674074,-0.5568056703,-0.3927713633,0.7865037918,0.2125353664,0.1682912111,-0.1136559471,-0.1631821096
2.9182727337,-0.3141794503,0.8030859232,-0.1281576455,-0.0264088754,-0.9797002673,0.1518736780,0.1605821997,-0.0010676893,0.1922738552,0.1098416001,-0.1515915990,0.0179294832,0.1593520790,-0.4354276359,-0.7116127014,0.4107276201,-0.0476250164,0.0796704739,0.2269950807,-0.0368434526,0.1681604087,-2.1979677677,0.8406347632,-0.6260758042,-0.1909209043,-0.1736742705,-0.2228140831,1.0763053894,-0.5018844008,-0.3437033892,0.8595609665,0.2378566265,0.1582773477,-0.0891434997,-0.0891056508
2.9197330475,-0.3127105832,0.8019006252,-0.1256823689,-0.0312262662,-0.9721811414,0.1951735020,0.1588623077,-0.0213619042,0.1696970761,0.0892011672,-0.1498851478,0.0257202573,0.1684924364,-0.4625421166,-0.7065972090,0.4493893385,-0.0739735812,0.0564235635,0.2175423801,-0.0573519357,0.1646151096,-2.1681985855,0.8039242029,-0.5973796248,-0.1784977317,-0.1946277916,-0.2206184268,1.0868432522,-0.4469630718,-0.2946353555,0.9326180816,0.2631778717,0.1482634693,-0.0646310598,-0.0150291910
2.9193575382,-0.3100501299,0.8004594445,-0.1227850914,-0.0378785692,-0.9635845423,0.2345076501,0.1570262760,-0.0451811478,0.1511988342,0.0730139986,-0.1437062770,0.0306875780,0.1626114398,-0.4991290569,-0.6889051795,0.5027569532,-0.1060241610,0.0359788015,0.2160965502,-0.0774502680,0.1677792221,-2.1026089191,0.7579827905,-0.5045937300,-0.1818117946,-0.1808826476,-0.2176831067,1.0989730358,-0.4467622340,-0.2981126308,0.9572478533,0.1853586882,0.1837030202,-0.0579898246,0.0112756854
2.9197008610,-0.3083880842,0.7961554527,-0.1206424162,-0.0457257815,-0.9548128843,0.2677442133,0.1561091691,-0.0663085580,0.1410222650,0.0662635937,-0.1392324418,0.0328374095,0.1571245193,-0.5297669172,-0.6674140692,0.5499745607,-0.1391856670,0.0195904840,0.2174596488,-0.0985418335,0.1771236807,-2.0287785530,0.6989631057,-0.4089774787,-0.1977617294,-0.1735454053,-0.2203595042,1.1072273254,-0.4534396827,-0.2960858941,0.9867327809,0.1142251268,0.2132225782,-0.0519991890,0.0332561173
2.9190807343,-0.3055470884,0.7917955518,-0.1202025861,-0.0539454594,-0.9463191032,0.2951633930,0.1571722627,-0.0841576084,0.1338849813,0.0656338930,-0.1368246824,0.0314337574,0.1512050629,-0.5525864959,-0.6393392682,0.5898809433,-0.1693396121,0.0103298659,0.2205735743,-0.1168104410,0.1924385428,-1.9455523491,0.6225293279,-0.3163766563,-0.2215945870,-0.1914875656,-0.2391903698,1.0891225338,-0.4653509557,-0.2935880423,1.0209501982,0.0437888987,0.2224465460,-0.0526871607,0.0461009070
2.9215354919,-0.3006707430,0.7887448072,-0.1205380261,-0.0615627170,-0.9385422468,0.3175202012,0.1576107591,-0.0971581116,0.1335785985,0.0678560659,-0.1356799006,0.0269995835,0.1508713961,-0.5694953799,-0.6205459237,0.6143649220,-0.1993954480,0.0018189917,0.2185733467,-0.1309222430,0.2101419568,-1.8438681364,0.5219743848,-0.2284694910,-0.2547556460,-0.2317039371,-0.2711339891,1.0750371218,-0.4862097502,-0.2943273485,1.0517635345,-0.0142016793,0.2206051350,-0.0517497659,0.0486141331
2.9214789867,-0.2942228913,0.7864744067,-0.1210040748,-0.0667101517,-0.9325616956,0.3335212171,0.1530565321,-0.0996098593,0.1367463470,0.0760408118,-0.1306765378,0.0237647239,0.1430296600,-0.5794595480,-0.6002943516,0.6395226717,-0.2207698375,-0.0048406576,0.2198953927,-0.1248752773,0.2210606933,-1.7064508200,0.3737449944,-0.1368712485,-0.3137740195,-0.3246748447,-0.3153816760,1.0034066439,-0.4985970855,-0.3045273125,1.0810582638,-0.0615543947,0.2048540115,-0.0511506908,0.0403355733
2.9215025902,-0.2872807384,0.7841040492,-0.1213950217,-0.0682381988,-0.9293155074,0.3420226872,0.1407265216,-0.0884218886,0.1433324814,0.0941438526,-0.1243243739,0.0214426368,0.1388070434,-0.5728939772,-0.5875547528,0.6444433928,-0.2385160476,-0.0175210480,0.2066860944,-0.1135489047,0.2273084074,-1.5636655092,0.1954095215,-0.0789933577,-0.3659227788,-0.4677394331,-0.3611724377,0.8911368847,-0.5220234394,-0.3045898676,1.1092090607,-0.0898663849,0.1796111315,-0.0571383946,0.0555570796
2.9217538834,-0.2788694799,0.7853640914,-0.1247511879,-0.0682913288,-0.9290353060,0.3415653110,0.1287268400,-0.0582412779,0.1673470736,0.1252432764,-0.1127838641,0.0189715587,0.1389261484,-0.5559806228,-0.5818204880,0.6368170381,-0.2549826503,-0.0322783291,0.1831170171,-0.1010813639,0.2413133383,-1.4162051678,0.0191277061,-0.0732998922,-0.3931261599,-0.6670345664,-0.3861793578,0.7333955169,-0.5579198599,-0.3006886542,1.1321735382,-0.1106809676,0.1561962068,-0.0575925596,0.0694473907
2.9200313091,-0.2689350545,0.7860087752,-0.1310715675,-0.0651979372,-0.9314572215,0.3331019580,0.1144545600,-0.0100130215,0.2008967847,0.1699298769,-0.1026621312,0.0159852840,0.1392975748,-0.5272963047,-0.5813001394,0.6215780377,-0.2638339102,-0.0498288795,0.1532155573,-0.0832355991,0.2649613917,-1.3324387074,0.0180479307,-0.1762043685,-0.2807773352,-0.6666498184,-0.3504224718,0.6424328089,-0.6025117636,-0.2965099216,1.1508216858,-0.1045867652,0.1764888614,-0.0531246252,0.0760243759
2.9200167656,-0.2592537403,0.7894483209,-0.1375210881,-0.0588745438,-0.9355574846,0.3199280202,0.0972849056,0.0565399155,0.2517531514,0.2290964574,-0.0940403491,0.0125115458,0.1396134794,-0.4874776006,-0.5808385611,0.5977259874,-0.2620910704,-0.0620192438,0.1150582582,-0.0687111393,0.2847934067,-1.2486722469,0.0169681571,-0.2791088521,-0.1684284806,-0.6662649512,-0.3146656156,0.5514701009,-0.6471036673,-0.2923311591,1.1694698334,-0.0984925628,0.1967815161,-0.0486566909,0.0826013684
2.9185051918,-0.2495641112,0.7904592752,-0.1456925422,-0.0494184308,-0.9415373802,0.2997313440,0.0805299729,0.1419084221,0.3187511861,0.3053173125,-0.0863853320,0.0145840403,0.1412589997,-0.4330187142,-0.5786991119,0.5649791360,-0.2536071241,-0.0724493787,0.0653158277,-0.0559965819,0.3099464774,-1.1649057865,0.0158883817,-0.3820133209,-0.0560796559,-0.6658802032,-0.2789087296,0.4605073929,-0.6916955709,-0.2881524265,1.1881179810,-0.0923983604,0.2170741707,-0.0441887528,0.0891783535
2.9196007252,-0.2396510839,0.7939022183,-0.1513418108,-0.0396614634,-0.9478846192,0.2775561213,0.0593130179,0.2186048031,0.3688148558,0.3828989267,-0.0659883395,0.0035125169,0.1346952617,-0.3802594543,-0.5682588816,0.5394843817,-0.2471293062,-0.0725228116,0.0181058981,-0.0572883226,0.3193576634,-1.0811393261,0.0148086064,-0.4849177897,0.0562691987,-0.6654953957,-0.2431518734,0.3695446849,-0.7362874150,-0.2839736938,1.2067661285,-0.0863041580,0.2373668253,-0.0397208184,0.0957553387
2.9176871777,-0.2327991575,0.7932802439,-0.1581976861,-0.0301409811,-0.9552798271,0.2480029017,0.0843370259,0.1848621070,0.3158720732,0.3769993782,-0.0755493790,0.0002816636,0.1216490865,-0.3094900250,-0.4567489624,0.4817253351,-0.2021762133,-0.0121037811,0.0014850944,-0.0852598101,0.2779609561,-1.0694633722,0.1101806909,-0.5970137715,0.1730947644,-0.5708587170,-0.1994113326,0.3396078944,-0.7673273087,-0.2835179567,1.2114521265,-0.0728933588,0.2826876044,-0.0396074578,0.1071498469
2.9162571430,-0.2262769341,0.7932647467,-0.1617504209,-0.0212052129,-0.9637411833,0.2111636400,0.0841634721,0.2152437568,0.3326530755,0.4043283761,-0.0924326926,0.0042371172,0.1312989742,-0.2499451339,-0.4129917026,0.4095643461,-0.1653094292,0.0109934239,-0.0223136842,-0.0784456804,0.2759661376,-1.0562148094,0.1846802086,-0.6967463493,0.2611907721,-0.5343087316,-0.1623743176,0.2944234312,-0.7918218374,-0.2822444737,1.2116729021,-0.0614088997,0.3285319209,-0.0359877795,0.1177347079
2.9133007526,-0.2257072926,0.7941271663,-0.1635149717,-0.0128410095,-0.9708433747,0.1748173833,0.0755518377,0.2546004355,0.3571414351,0.4453642964,-0.0876522213,0.0017961669,0.1298326403,-0.2087558508,-0.3895788789,0.3808195591,-0.1583768725,0.0129726836,-0.0525898188,-0.0726419836,0.2828293145,-0.9749353528,0.1610471159,-0.7667307854,0.3330613971,-0.5605129600,-0.1432483941,0.2058005333,-0.8284748793,-0.2794591188,1.2279996872,-0.0613907129,0.3439916372,-0.0340924151,0.1274096072
2.9121718407,-0.2234327346,0.7958253026,-0.1659902334,-0.0042062784,-0.9763659239,0.1383443177,0.0817053020,0.2714532018,0.3695746064,0.4457083941,-0.1166781560,0.0082282294,0.1379199177,-0.1574114859,-0.3463189006,0.3117176294,-0.1233445704,0.0382863507,-0.0696291104,-0.0591694862,0.2732395530,-0.9555890560,0.2034960538,-0.8365178704,0.3857710063,-0.5664134622,-0.1226160526,0.1679313928,-0.8438474536,-0.2739671469,1.2294042110,-0.0544691049,0.3789940774,-0.0340217501,0.1472358406
2.9067261219,-0.2222182006,0.7968235612,-0.1654120088,0.0050095781,-0.9809407592,0.1018281356,0.0448118597,0.4131128490,0.4779469669,0.5987799764,-0.0206876621,-0.0190438908,0.0959007218,-0.1387416571,-0.3947962821,0.4130503535,-0.2048320472,-0.0266274754,-0.1600347459,-0.0701123327,0.3293609619,-0.6623070240,0.0094097313,-0.9994401336,0.6180133820,-0.6635713577,-0.0643674955,-0.0852688625,-0.9592468739,-0.2630799413,1.3000067472,-0.0558331311,0.3388300836,-0.0173811447,0.1286402792
2.9031593800,-0.2226069123,0.7987930179,-0.1616511196,0.0135455001,-0.9845447540,0.0660082027,0.0373457745,0.4125987589,0.4596550763,0.6127123237,-0.0349035375,-0.0173524804,0.1073507965,-0.0899867043,-0.3477441072,0.3461269140,-0.1718930304,-0.0075893924,-0.1695157439,-0.0616855547,0.3201714158,-0.6576281786,0.0391566642,-1.0286973715,0.6222760081,-0.6567914486,-0.0646104142,-0.1199995801,-0.9717471004,-0.2659580410,1.2966545820,-0.0587491617,0.3685846329,-0.0249983408,0.1501438022
2.8983087540,-0.2220423222,0.8013895750,-0.1572953910,0.0212618597,-0.9868834615,0.0294473711,0.0411053076,0.4120272398,0.4550947547,0.6095080376,-0.0685302913,-0.0079676360,0.1239672899,-0.0439986400,-0.2959275544,0.2658403814,-0.1306466609,0.0208897237,-0.1736943573,-0.0494271778,0.3102820218,-0.6498173475,0.0665147081,-1.0466682911,0.6205437779,-0.6653298736,-0.0667447075,-0.1486911029,-0.9750872254,-0.2683176994,1.2933070660,-0.0613179654,0.4058305621,-0.0265109576,0.1661091596
2.8957557678,-0.2248377800,0.8004888892,-0.1512520909,0.0278407391,-0.9880628586,-0.0089179780,0.0541033074,0.4054936767,0.4553913176,0.5831092000,-0.1097684279,0.0014022813,0.1332102865,-0.0075627975,-0.2465999722,0.2016640306,-0.0956897065,0.0515472069,-0.1744299978,-0.0330775715,0.2961841226,-0.6325783730,0.0876857340,-1.0576263666,0.6186897755,-0.6881259680,-0.0686095208,-0.1619252563,-0.9738974571,-0.2665634155,1.2940008640,-0.0691118017,0.4365900457,-0.0275751986,0.1830982715
2.8930318356,-0.2288486063,0.8005099297,-0.1457192153,0.0348454565,-0.9875288606,-0.0483581200,0.0649699196,0.4081903696,0.4597873986,0.5712945461,-0.1495504379,0.0175717976,0.1347621977,0.0227034073,-0.1971623600,0.1524037868,-0.0588827990,0.0767171085,-0.1762455404,-0.0120258639,0.2847181857,-0.6107753515,0.1096314713,-1.0639257431,0.6143515110,-0.7229305506,-0.0631262586,-0.1802027076,-0.9730080962,-0.2640358508,1.2898738384,-0.0820855871,0.4705444574,-0.0224113744,0.2040985972
2.8927867413,-0.2334698439,0.7994570136,-0.1405691803,0.0416844524,-0.9852577448,-0.0881468952,0.0736080632,0.4140603244,0.4625360072,0.5646043420,-0.1893168092,0.0401828587,0.1270149350,0.0459126830,-0.1491997540,0.1206625029,-0.0202949215,0.0934555009,-0.1777236462,0.0138225062,0.2766359448,-0.5857500434,0.1377868056,-1.0679551363,0.6030522585,-0.7841044068,-0.0484544858,-0.1933344752,-0.9790216684,-0.2635022402,1.2845582962,-0.1039665490,0.5147313476,-0.0060745575,0.2223602980
2.8887233734,-0.2395154387,0.7987000346,-0.1378483921,0.0461498350,-0.9810990095,-0.1277213544,0.0973808616,0.4119865000,0.4799612164,0.5629323125,-0.2283085436,0.0653416291,0.1179122627,0.0585421510,-0.1078858301,0.1181321740,-0.0070036459,0.1068616658,-0.1790350974,0.0385713167,0.2643140256,-0.5620054007,0.1625563800,-1.0728212595,0.5910818577,-0.8189922571,-0.0307384096,-0.2095269561,-0.9878675342,-0.2597094774,1.2785575390,-0.1282479018,0.5383121967,0.0065340637,0.2392653227
2.8865222931,-0.2462856472,0.7982826233,-0.1373349577,0.0507467166,-0.9756202102,-0.1634903550,0.1144545004,0.4127451181,0.4926092029,0.5772754550,-0.2605710030,0.0885125771,0.1040103808,0.0625997558,-0.0885759220,0.1331568807,0.0040158802,0.1116110608,-0.1849799901,0.0658107102,0.2595482171,-0.5366382003,0.2020959854,-1.0691710711,0.5645518303,-0.8420534730,-0.0070833620,-0.2316415459,-1.0048779249,-0.2715535462,1.2603033781,-0.1711235642,0.5655569434,0.0297752507,0.2717195451
2.8835885525,-0.2558724582,0.7973557115,-0.1375098974,0.0538981780,-0.9701178074,-0.1925032437,0.1327773482,0.4013425410,0.5062522292,0.5862459540,-0.2878547907,0.1016921028,0.0837985277,0.0519743487,-0.1033515185,0.1705821455,0.0025260579,0.1134381741,-0.1964571625,0.0900274962,0.2560040057,-0.5166423917,0.2440360337,-1.0584589243,0.5405051112,-0.8502663374,0.0153281894,-0.2546868920,-1.0194289684,-0.2969874144,1.2270997763,-0.2203786075,0.6003685594,0.0419509597,0.3053187728
2.8781085014,-0.2654725015,0.7989491224,-0.1399495304,0.0542399511,-0.9654386044,-0.2130739242,0.1640882790,0.3737753034,0.5294638872,0.5718985796,-0.3087213635,0.1080305651,0.0513812117,0.0181438737,-0.1611780524,0.2361453176,-0.0024821660,0.1096345335,-0.2090047598,0.1072264314,0.2578172088,-0.4996761978,0.2910147011,-1.0365116596,0.5167666078,-0.8642410040,0.0313556083,-0.2651770115,-1.0246820450,-0.3385924399,1.1785286665,-0.2711937726,0.6309155822,0.0387447812,0.3283480108
2.8717014790,-0.2762764692,0.8006699085,-0.1442682743,0.0508150011,-0.9621253014,-0.2256533206,0.2195915431,0.3284583390,0.5795409083,0.5221967101,-0.3289543092,0.1179405004,0.0054782508,-0.0431264788,-0.2485152632,0.3373889327,-0.0053117289,0.1021514684,-0.2227678150,0.1124615595,0.2690942585,-0.4957888126,0.3370268047,-1.0120313168,0.4879724681,-0.8645777702,0.0441196412,-0.2571141124,-1.0048120022,-0.3815149367,1.1173988581,-0.3129843771,0.6565960646,0.0272964984,0.3252881765
2.8648247719,-0.2860180736,0.8023567796,-0.1495036483,0.0452536009,-0.9616346955,-0.2255205214,0.2758000195,0.2776541412,0.6346507072,0.4546873868,-0.3420973718,0.1261980683,-0.0400797203,-0.1212184951,-0.3477503657,0.4297078550,0.0030234002,0.0940303653,-0.2401445657,0.1022490934,0.2897458076,-0.5053048730,0.3848785460,-0.9766631126,0.4610009789,-0.8443108797,0.0481776744,-0.2118264288,-0.9534389377,-0.4386133552,1.0214550495,-0.3509564102,0.6830222011,-0.0069281380,0.2413412780
2.8605449200,-0.2940410376,0.8039028049,-0.1520564258,0.0390710868,-0.9624985456,-0.2212438434,0.3182058930,0.2351003885,0.6879813075,0.3856221735,-0.3436571956,0.1224524602,-0.0757779926,-0.1773519665,-0.4282371998,0.4359169304,0.0139061995,0.0921799317,-0.2593702078,0.0896464214,0.3114031553,-0.5095603466,0.4139593840,-0.9316864014,0.4419301450,-0.7951689959,0.0257786177,-0.1592818648,-0.8737385273,-0.4887728393,0.8964276314,-0.3761270642,0.7016600966,-0.0734634325,0.0911088139
2.8581278324,-0.3014490604,0.8030495644,-0.1541878134,0.0313603915,-0.9650421739,-0.2096097469,0.3460762203,0.1886619776,0.7218832970,0.3175172806,-0.3326173127,0.1060152948,-0.1007115617,-0.2028380185,-0.4775010347,0.3345631659,0.0368898399,0.1049764827,-0.2834120989,0.0765337870,0.3350440562,-0.5109347105,0.4326205552,-0.8866845369,0.4147519171,-0.7448594570,-0.0207638536,-0.0725492835,-0.7642670274,-0.5295225382,0.7106100321,-0.3653034568,0.6040976644,-0.1760567576,-0.1867084652
2.8566126823,-0.3066583872,0.8018251061,-0.1532717347,0.0230467226,-0.9688317776,-0.1932398230,0.3640973568,0.1420514584,0.7391455770,0.2472755462,-0.3047004938,0.0807719678,-0.1173578650,-0.2152746320,-0.5002004504,0.1956395656,0.0752696693,0.1319676042,-0.2901764214,0.0632783845,0.3484064043,-0.5016878247,0.4404122233,-0.8658145070,0.3849923611,-0.7256863117,-0.0503936969,-0.0005862483,-0.6521220207,-0.5396730304,0.5199695230,-0.3047670424,0.4644915760,-0.2363922149,-0.4915456772
2.8563458920,-0.3123601377,0.8019741774,-0.1500241756,0.0159340929,-0.9744867682,-0.1661759168,0.3642669916,0.0993795916,0.7261596322,0.1855251491,-0.2795105875,0.0588428639,-0.1330279559,-0.2404875457,-0.5161682367,0.1104474515,0.1081186086,0.1497315168,-0.3191085160,0.0566909015,0.3481183648,-0.4848960936,0.4416692853,-0.8242581487,0.3759173751,-0.6936964393,-0.0726414472,0.0572256781,-0.5551158190,-0.5438389778,0.3797812760,-0.2234951705,0.4292965531,-0.2426543385,-0.6277511120
2.8573586941,-0.3177270293,0.8037880659,-0.1456000209,0.0090335719,-0.9799125791,-0.1359794587,0.3468101025,0.0671546012,0.7019746900,0.1448112875,-0.2581332028,0.0470669456,-0.1463231146,-0.2741249204,-0.5206611156,0.0764446855,0.1370024979,0.1527529061,-0.3245283663,0.0422519743,0.3444751203,-0.4773765206,0.4531521797,-0.8213080764,0.3608836830,-0.6492468119,-0.0852908865,0.1046638191,-0.4485174119,-0.5635017753,0.2753352523,-0.1139750034,0.3999534249,-0.2332363278,-0.7070951462
2.8608429432,-0.3215991855,0.8047041893,-0.1413011998,0.0040097348,-0.9842540622,-0.1061216965,0.3215347230,0.0464167669,0.6574774981,0.1305466741,-0.2510255575,0.0375120305,-0.1506797969,-0.3087984025,-0.5112310648,0.0988265723,0.1484459341,0.1434074938,-0.3179447949,0.0330657996,0.3391848505,-0.4752002656,0.4674548805,-0.8306185007,0.3459456861,-0.6075025797,-0.0942460448,0.1315557361,-0.3409378529,-0.5897613764,0.2197059393,-0.0058655385,0.3762527108,-0.2171065211,-0.7092887163
2.8634061813,-0.3248778284,0.8068149090,-0.1379662305,-0.0008089592,-0.9868844151,-0.0838080570,0.2945601940,0.0371242985,0.6243925691,0.1420682967,-0.2436702996,0.0359501541,-0.1507457942,-0.3362590373,-0.4773934484,0.1614860743,0.1543183774,0.1213651150,-0.3012666404,0.0301727429,0.3333598673,-0.4761536717,0.4874338508,-0.8541811705,0.3255071044,-0.5398592353,-0.1062276959,0.1387286186,-0.2437752932,-0.6126331687,0.2162173092,0.0880133361,0.3431286216,-0.1984356493,-0.6623032689
2.8648366928,-0.3262419105,0.8073838353,-0.1328696012,-0.0049095610,-0.9889263511,-0.0659264326,0.2729482353,0.0284130219,0.5937916636,0.1426784843,-0.2312529832,0.0321740396,-0.1483761966,-0.3542356193,-0.4338254333,0.2489641458,0.1481548548,0.0967563912,-0.2792880535,0.0306358188,0.3232915998,-0.4732834697,0.5081099272,-0.8869060278,0.3020013571,-0.4668480754,-0.1187473759,0.1254269630,-0.1502784789,-0.6321528554,0.2485699654,0.1529588252,0.2966202497,-0.1824578047,-0.5708175302
2.8654124737,-0.3260839283,0.8106122613,-0.1279088110,-0.0096398136,-0.9906706214,-0.0460226573,0.2601244450,0.0154551780,0.5592865348,0.1302277446,-0.2154995501,0.0319996588,-0.1398497671,-0.3704298437,-0.3868250251,0.3599881232,0.1202054545,0.0677686557,-0.2599521279,0.0262138769,0.3101864457,-0.4670337439,0.5282490849,-0.9073134661,0.2892300189,-0.3871070147,-0.1358511299,0.0983797163,-0.0583361685,-0.6507276893,0.3079809546,0.1737079620,0.2527218759,-0.1679228246,-0.4414404035
2.8660302162,-0.3266123533,0.8108058572,-0.1243714765,-0.0165572912,-0.9918247461,-0.0232657474,0.2503589690,-0.0054514320,0.5242609978,0.1138720289,-0.2022066712,0.0354489610,-0.1284044981,-0.3880781829,-0.3452644944,0.4680655301,0.0675711855,0.0401569605,-0.2483221591,0.0181859564,0.2922811508,-0.4644522965,0.5417237878,-0.9285839200,0.2809949815,-0.3132258356,-0.1540031284,0.0637457594,0.0249464847,-0.6538668275,0.3652688861,0.2025823295,0.2165358514,-0.1570025086,-0.3676970005
2.8651494980,-0.3260752857,0.8106280565,-0.1196200922,-0.0252052117,-0.9924964905,0.0025321359,0.2360558212,-0.0300526153,0.4821124375,0.1031538099,-0.1921549141,0.0419694297,-0.1036491841,-0.4004456997,-0.3217718899,0.5378193855,0.0152506633,0.0208312999,-0.2320633978,0.0045073531,0.2693102658,-0.4640367925,0.5500761271,-0.9360387921,0.2779648900,-0.2499696165,-0.1708071083,0.0254939999,0.1089594662,-0.6465344429,0.4170478880,0.2237162143,0.1996703595,-0.1485604793,-0.2864432931
2.8636972904,-0.3244307041,0.8122403622,-0.1156478673,-0.0356664956,-0.9923228025,0.0254732799,0.2274756283,-0.0592014641,0.4288870990,0.0897362009,-0.1813882142,0.0456159078,-0.0738428012,-0.3998371661,-0.2960194051,0.5740624070,-0.0410034694,0.0203089248,-0.2053194046,-0.0137845818,0.2489490509,-0.4629393518,0.5565919876,-0.9363535047,0.2710637748,-0.1819552481,-0.1899660081,-0.0112421913,0.1795190722,-0.6346364617,0.4689149261,0.2353491783,0.1657325327,-0.1318936497,-0.1983002424
2.8612384796,-0.3212959170,0.8118951917,-0.1092519760,-0.0472022817,-0.9918116331,0.0463204905,0.2075095028,-0.0902632475,0.3867910504,0.0936819166,-0.1723727435,0.0501169078,-0.0445455723,-0.3990652561,-0.2860101461,0.5646469593,-0.0900107697,0.0170614067,-0.1705711782,-0.0341914669,0.2269375473,-0.4620181024,0.5594806075,-0.9232900143,0.2639515996,-0.1379349530,-0.2085348666,-0.0358405001,0.2375324219,-0.6156032085,0.5135334134,0.2438778579,0.1562082767,-0.1234292984,-0.1405176967
2.8618240356,-0.3188112676,0.8116369843,-0.1072005853,-0.0572744794,-0.9908398390,0.0588567480,0.1948695779,-0.1129893064,0.3577569127,0.1023424044,-0.1603906006,0.0494246222,-0.0157095063,-0.3987065256,-0.2841071486,0.5388010144,-0.1355174482,0.0233943127,-0.1199778169,-0.0588526540,0.2117818296,-0.4398404658,0.5628854632,-0.8909879327,0.2646259964,-0.1069250181,-0.2270937115,-0.0358470231,0.2839526534,-0.5881196260,0.5523502231,0.2581984997,0.1441922784,-0.1137028411,-0.1079406440
2.8616333008,-0.3147847652,0.8109301925,-0.1068744734,-0.0664115697,-0.9895064831,0.0710226223,0.1735547632,-0.1289792955,0.3454144299,0.1303294897,-0.1449022293,0.0497096330,0.0076634400,-0.4055331945,-0.2903909087,0.5199140310,-0.1722731888,0.0188996345,-0.0686688870,-0.0890318081,0.2044837326,-0.4084119797,0.5658758283,-0.8351882100,0.2737703323,-0.1128364503,-0.2378852367,-0.0182680581,0.3256299794,-0.5586133003,0.5798605680,0.2662544250,0.1419571936,-0.1111893207,-0.0982574895
2.8643321991,-0.3104880154,0.8097677231,-0.1077643633,-0.0731895566,-0.9883276820,0.0789845660,0.1451123059,-0.1305089742,0.3511802852,0.1806853414,-0.1284470856,0.0474110432,0.0378433131,-0.4056098163,-0.3039715588,0.4888431430,-0.1954838336,0.0184176974,-0.0154936006,-0.1162824854,0.2070300430,-0.3620133102,0.5717376471,-0.7516225576,0.2885394096,-0.1422629058,-0.2444590926,0.0304130130,0.3631573617,-0.5283035040,0.5892664790,0.2802376449,0.1409126967,-0.1093150899,-0.1089776307
2.8636882305,-0.3048192561,0.8083133101,-0.1106222719,-0.0773694366,-0.9872921109,0.0838508606,0.1052329466,-0.1153198332,0.3723067641,0.2613893747,-0.1161184758,0.0443444401,0.0685652345,-0.4015567601,-0.3282386661,0.4592584074,-0.2093953192,0.0138418619,0.0352756791,-0.1349482536,0.2205160260,-0.3054075539,0.5760212541,-0.6497592330,0.3074869812,-0.1870348305,-0.2391718328,0.0932251438,0.3944654167,-0.5055297613,0.5900335908,0.2813289165,0.1584329009,-0.1062497124,-0.1237014681
2.8674228191,-0.2980103791,0.8062044382,-0.1157206297,-0.0778156891,-0.9866681695,0.0839007497,0.0660836548,-0.0754590854,0.4084289968,0.3491891623,-0.1014572978,0.0342488065,0.0996081233,-0.3888269067,-0.3552623689,0.4270176589,-0.2147739381,0.0175451897,0.0769546106,-0.1408717036,0.2371880412,-0.2397294790,0.5672425032,-0.5354075432,0.3398818374,-0.2643066645,-0.2140670568,0.1314320862,0.4149967730,-0.4900950491,0.5925761461,0.2750150263,0.1664027870,-0.0968314335,-0.1275941879
2.8693397045,-0.2919280231,0.8033738732,-0.1198166534,-0.0732957795,-0.9865375757,0.0837572962,0.0185123123,-0.0175783820,0.4333351254,0.4387721121,-0.0958616212,0.0262255352,0.1227615997,-0.3657709956,-0.3840266168,0.4018209875,-0.2265776545,0.0179110412,0.0836414695,-0.1293341964,0.2532264590,-0.1722648442,0.5573719144,-0.4243915677,0.3692053258,-0.2914973795,-0.1881766915,0.1935070604,0.4140341878,-0.4924926460,0.5946145058,0.2715432644,0.1850048900,-0.0889717191,-0.1306530684
2.8734774590,-0.2860062122,0.8016427755,-0.1246879846,-0.0659626126,-0.9865272641,0.0828600004,-0.0282142572,0.0461839810,0.4491241276,0.5033560395,-0.0812572241,0.0198753476,0.1337416172,-0.3454373777,-0.4193486571,0.4002606869,-0.2461227477,0.0076972987,0.0750264749,-0.1148663312,0.2743456364,-0.1054449379,0.5375710726,-0.3267569542,0.4018007219,-0.3358571827,-0.1752420962,0.3034063578,0.4123208821,-0.4974968731,0.5857774019,0.2620416284,0.1929289699,-0.0886654109,-0.1441865414
2.8766748905,-0.2802875042,0.7986882329,-0.1287404001,-0.0573916771,-0.9867132306,0.0808029473,-0.0540909581,0.1074424312,0.4686134756,0.5108780861,-0.0707665309,0.0128801139,0.1418018192,-0.3275527060,-0.4538115859,0.4025627375,-0.2603797317,0.0042656725,0.0636065751,-0.1009176672,0.2867900431,-0.0525901392,0.5225923657,-0.2697010338,0.4452009499,-0.3671913147,-0.1693084836,0.3745267689,0.4120569229,-0.5035526752,0.5782080293,0.2524026632,0.1878785640,-0.0914136767,-0.1489462405
2.8817846775,-0.2749956250,0.7942056656,-0.1303813159,-0.0473887697,-0.9870970249,0.0799652189,-0.0693615749,0.1690627486,0.4978862703,0.4749729037,-0.0749418363,0.0092198653,0.1463698894,-0.3087762296,-0.4930491447,0.4098416567,-0.2711203098,-0.0006563740,0.0389503576,-0.0862263665,0.3030213416,0.0066025639,0.5211443305,-0.2408618480,0.4786103070,-0.3648598492,-0.1572885215,0.4015976489,0.4043903053,-0.5152736306,0.5608410239,0.2370721996,0.1871127486,-0.0957080200,-0.1599545032
2.8848805428,-0.2680951655,0.7901393771,-0.1316924989,-0.0364035927,-0.9877946377,0.0747903585,-0.0709687397,0.2210316956,0.5315786004,0.3836714327,-0.0626003891,-0.0036806455,0.1546914577,-0.2828118503,-0.5199824572,0.3988251984,-0.2775754929,-0.0007455045,0.0110102808,-0.0712894425,0.3145846426,0.0660914332,0.5242688060,-0.2465595901,0.5068608522,-0.3362649679,-0.1448759884,0.3827079833,0.3885126412,-0.5310714841,0.5512411594,0.2255855352,0.1750748008,-0.1006739810,-0.1570682079
2.8881046772,-0.2631970048,0.7868202329,-0.1321186870,-0.0243636519,-0.9885407686,0.0688347593,-0.0671284273,0.2681555748,0.5648038983,0.2772803605,-0.0194900054,-0.0213396456,0.1647068262,-0.2470634580,-0.5288934708,0.3769922256,-0.2698054314,0.0012088310,-0.0182745047,-0.0560556464,0.3247158229,0.1313383579,0.5297808647,-0.2708626091,0.5168721080,-0.3155520260,-0.1399109364,0.3481061757,0.3752650619,-0.5460798144,0.5402361751,0.2090315819,0.1740374416,-0.1088368148,-0.1521379203
2.8898770809,-0.2566806674,0.7844161391,-0.1318371296,-0.0129139246,-0.9894617200,0.0584612451,-0.0643076226,0.3137900233,0.5806533098,0.2066604942,0.0267043412,-0.0357804410,0.1710399836,-0.2040080130,-0.5186555386,0.3522812724,-0.2645548880,0.0028230038,-0.0457235649,-0.0405629314,0.3337190151,0.2038360685,0.5364171863,-0.3089380264,0.4998275638,-0.2980229557,-0.1434939653,0.3033013344,0.3615215123,-0.5602140427,0.5244547129,0.1963132173,0.1634965688,-0.1184494123,-0.1406996846
2.8900535107,-0.2512728274,0.7827571034,-0.1290064007,-0.0026384722,-0.9905506968,0.0464727245,-0.0640614331,0.3578941226,0.5856997967,0.1750519872,0.0591786318,-0.0458452329,0.1739933640,-0.1566458791,-0.4935311973,0.3144674301,-0.2516089082,0.0109356726,-0.0694388077,-0.0260135774,0.3328033686,0.2677935660,0.5436496139,-0.3485520482,0.4654490948,-0.2741176784,-0.1480201781,0.2546758354,0.3496693075,-0.5761436820,0.5083936453,0.1873789579,0.1445358098,-0.1247623712,-0.1257248074
2.8891203403,-0.2473376989,0.7832140923,-0.1272623688,0.0070668152,-0.9911854863,0.0361334607,-0.0662727877,0.3997622728,0.5752282739,0.1825906336,0.0726891309,-0.0488249362,0.1780421734,-0.1120592728,-0.4709280729,0.2797786891,-0.2396189421,0.0169622544,-0.0889293998,-0.0115313856,0.3303272724,0.3213236034,0.5445312262,-0.3800943196,0.4261388481,-0.2731602788,-0.1483931094,0.2227217406,0.3436300755,-0.5896327496,0.4922271073,0.1807060093,0.1288943589,-0.1265956163,-0.1079263017
2.8886384964,-0.2440532297,0.7822639942,-0.1248337552,0.0155284526,-0.9917652607,0.0240229554,-0.0684319288,0.4358767271,0.5594183803,0.2146364599,0.0609661415,-0.0428416282,0.1813645065,-0.0713158175,-0.4475904405,0.2401019931,-0.2184784710,0.0273546614,-0.1055889800,0.0025030447,0.3225491643,0.3619835377,0.5411686897,-0.4038383365,0.3881936371,-0.2753547728,-0.1448781937,0.2037687004,0.3383857608,-0.6016027927,0.4736774266,0.1790661067,0.1063691601,-0.1238446459,-0.0943314061
2.8842911720,-0.2435052842,0.7848435640,-0.1217302009,0.0228310786,-0.9921926260,0.0146373706,-0.0690685809,0.4674353898,0.5384728909,0.2647333145,0.0287966710,-0.0337845944,0.1838454455,-0.0372983254,-0.4263813496,0.2036598772,-0.1946436316,0.0357811898,-0.1198512614,0.0172924791,0.3127958477,0.3934451640,0.5367213488,-0.4226711392,0.3535249233,-0.2895984054,-0.1371383518,0.1872934699,0.3324850202,-0.6110305190,0.4567692280,0.1815091223,0.0913829729,-0.1174853966,-0.0792260617
2.8792018890,-0.2429073751,0.7851229906,-0.1189028770,0.0298530683,-0.9924457073,0.0047294702,-0.0662304386,0.4964362085,0.5146799684,0.3368120790,-0.0164213348,-0.0187648404,0.1880522817,-0.0079422956,-0.4028627574,0.1665918529,-0.1665499806,0.0432016887,-0.1317179948,0.0332140587,0.3023775220,0.4168722630,0.5286564827,-0.4353617430,0.3236856163,-0.3223292828,-0.1203727424,0.1672236174,0.3264052868,-0.6215482354,0.4423980713,0.1769850254,0.0849176496,-0.1099935621,-0.0640869066
2.8738505840,-0.2459491342,0.7879046202,-0.1168156490,0.0365338698,-0.9924539924,-0.0073785889,-0.0603600629,0.5207980871,0.4920470715,0.4142536223,-0.0662426800,-0.0014530625,0.1884064972,0.0164343491,-0.3698035777,0.1424504071,-0.1419956237,0.0446765721,-0.1418126374,0.0510744601,0.2907311022,0.4358406961,0.5207469463,-0.4472124875,0.2958975136,-0.3649110496,-0.1040948331,0.1539281607,0.3158921897,-0.6337657571,0.4325014651,0.1738742292,0.0819771364,-0.1019463092,-0.0497102812
2.8666284084,-0.2499922663,0.7904046774,-0.1158676296,0.0426125638,-0.9921504259,-0.0199087914,-0.0459419042,0.5316203237,0.4672683775,0.4690936804,-0.1196374595,0.0102988714,0.1918614507,0.0365004726,-0.3363944888,0.1193344817,-0.1206903011,0.0484921075,-0.1516038477,0.0693219602,0.2812300026,0.4526242316,0.5102596879,-0.4618615806,0.2744676769,-0.4043641686,-0.0876738653,0.1412995756,0.3014139533,-0.6432157159,0.4242343605,0.1699600667,0.0854580328,-0.0919375494,-0.0415209495
2.8579819202,-0.2529108524,0.7902568579,-0.1153695434,0.0474872589,-0.9916002154,-0.0341146402,-0.0082264086,0.5342091322,0.4710941613,0.4872805774,-0.1598009467,0.0196320880,0.1936208606,0.0525687076,-0.3024480939,0.1041647941,-0.1102240309,0.0528329387,-0.1566657722,0.0842716768,0.2654734552,0.4686089456,0.4999300539,-0.4713381529,0.2605145574,-0.4429605901,-0.0727459714,0.1296385825,0.2913452089,-0.6477012634,0.4214286208,0.1601599008,0.0981390849,-0.0859265849,-0.0327597708
2.8518009186,-0.2590248883,0.7927725315,-0.1155019403,0.0517339408,-0.9906777143,-0.0504044220,0.0283329319,0.5301797390,0.4718857706,0.4910612404,-0.1945407093,0.0237845238,0.1942385882,0.0641042143,-0.2692374587,0.0916148871,-0.0983916894,0.0585725605,-0.1607047617,0.1010473892,0.2518081367,0.4799984992,0.4889381528,-0.4800378382,0.2504298985,-0.4823880196,-0.0555448309,0.1187402233,0.2800750136,-0.6554760337,0.4214813113,0.1462182552,0.1143138930,-0.0796996653,-0.0261015557
2.8440215588,-0.2655098140,0.7948772907,-0.1151865795,0.0538675375,-0.9896025062,-0.0672101080,0.0663648844,0.5170096159,0.4802616239,0.4848761857,-0.2207496762,0.0296280272,0.1938389838,0.0671483874,-0.2388005853,0.0854308605,-0.0942335352,0.0624630526,-0.1600367427,0.1178736091,0.2413866222,0.4832092524,0.4795954823,-0.4903253019,0.2470107526,-0.5150128603,-0.0420148596,0.1145351380,0.2684309483,-0.6666486263,0.4303916097,0.1375456750,0.1257744730,-0.0715203732,-0.0182267241
2.8384768963,-0.2716161311,0.7979199886,-0.1145987436,0.0545715950,-0.9883987904,-0.0834079757,0.1012194157,0.4982866049,0.4856720269,0.4700938165,-0.2390202135,0.0322157182,0.1909947991,0.0636205897,-0.2167235315,0.0841838717,-0.0921687037,0.0667693317,-0.1572865397,0.1352304965,0.2345437109,0.4807955921,0.4684952199,-0.4956394434,0.2471485734,-0.5400623679,-0.0320780128,0.1078240275,0.2596820295,-0.6764366627,0.4398368001,0.1305387318,0.1382700950,-0.0657275990,-0.0112143010
2.8340289593,-0.2795695066,0.8003835082,-0.1132236496,0.0519434735,-0.9870639443,-0.1009307876,0.1357536763,0.4676705599,0.5003117919,0.4474773109,-0.2517912090,0.0348725803,0.1813635528,0.0465632901,-0.2010661215,0.0928312913,-0.0952975750,0.0718122274,-0.1475239545,0.1502604038,0.2289342731,0.4712353051,0.4578127563,-0.4986086190,0.2527375221,-0.5587438941,-0.0283662304,0.1136593074,0.2503024340,-0.6890717149,0.4587842822,0.1246549711,0.1484067440,-0.0596487410,-0.0019251414
2.8289551735,-0.2881213725,0.8022021055,-0.1127687097,0.0480316691,-0.9857872128,-0.1148902401,0.1555123925,0.4345675707,0.4986369610,0.4279841483,-0.2560137510,0.0381224304,0.1662249863,0.0209386311,-0.1954048127,0.1122588143,-0.0952254161,0.0766198188,-0.1408927143,0.1670841277,0.2372764200,0.4485681355,0.4465103447,-0.4997833967,0.2609197795,-0.5600838661,-0.0341007449,0.1216514036,0.2354503870,-0.7024971247,0.4765423238,0.1285514385,0.1577798873,-0.0564972572,0.0002362000
2.8261973858,-0.2965599895,0.8037955761,-0.1133884564,0.0422959253,-0.9846184254,-0.1260187030,0.1807968616,0.3977502286,0.5160803199,0.4044766724,-0.2630570829,0.0429544896,0.1530919075,-0.0147424461,-0.2095469832,0.1399239898,-0.1044170931,0.0801478624,-0.1327137053,0.1758968383,0.2394248545,0.4353351891,0.4415414333,-0.4972620606,0.2668068409,-0.5530027151,-0.0425725393,0.1374667436,0.2299539149,-0.7060686350,0.4934565127,0.1347913891,0.1554851383,-0.0534996167,0.0065969424
2.8220741749,-0.3084403872,0.8051415682,-0.1121075377,0.0352153368,-0.9841127992,-0.1330929101,0.1885234118,0.3584036231,0.5165700316,0.3845693469,-0.2648327351,0.0445905626,0.1291014403,-0.0634768754,-0.2464887351,0.1748957932,-0.1031614020,0.0861579105,-0.1245253533,0.1846335232,0.2525981665,0.4095554352,0.4363002181,-0.4874746501,0.2710890770,-0.5492101312,-0.0535155721,0.1441620737,0.2195587903,-0.7086821198,0.5084576011,0.1475432515,0.1717244834,-0.0561054163,0.0142858662
2.8210568428,-0.3175567985,0.8066840172,-0.1106519550,0.0245582387,-0.9838569760,-0.1384864897,0.2003981322,0.3117776811,0.5359211564,0.3510546684,-0.2600285709,0.0484583862,0.1039094701,-0.1224435866,-0.2869592011,0.2139563709,-0.1057344154,0.0896269456,-0.1142486632,0.1859154552,0.2596405447,0.3868810833,0.4389768541,-0.4722052217,0.2731376588,-0.5141541958,-0.0708931610,0.1543869078,0.2112655044,-0.7075061202,0.5245696306,0.1656627953,0.1716389656,-0.0583451949,0.0176113881
2.8192262650,-0.3275261819,0.8066250682,-0.1088972613,0.0120463055,-0.9840210676,-0.1403522640,0.2100572884,0.2619171739,0.5535933375,0.3115796447,-0.2530919909,0.0544160269,0.0788606033,-0.1862159669,-0.3262244463,0.2553869486,-0.1089411378,0.0938523114,-0.1030083001,0.1774858534,0.2617678046,0.3705648780,0.4446411729,-0.4517879784,0.2741567194,-0.4635636508,-0.0883814618,0.1659151465,0.2081698328,-0.6995390058,0.5356439352,0.1833323389,0.1573498398,-0.0584411882,0.0217596572
2.8179898262,-0.3340963721,0.8087182641,-0.1060304493,-0.0023056343,-0.9847888947,-0.1376336813,0.2143779695,0.2091231495,0.5662950277,0.2698498666,-0.2448530197,0.0570750460,0.0526757538,-0.2573985159,-0.3647155464,0.3008528054,-0.1113238782,0.0948141590,-0.0903897062,0.1619374156,0.2612907887,0.3553722799,0.4536017179,-0.4270514250,0.2788742781,-0.4303247929,-0.1013860703,0.1719176918,0.2153052390,-0.6858685017,0.5454356074,0.2027080953,0.1668595970,-0.0549297370,0.0326404087
2.8159959316,-0.3405850828,0.8084959388,-0.1031736359,-0.0166067965,-0.9858510494,-0.1310616881,0.2108157128,0.1614889950,0.5658082962,0.2386782318,-0.2327334732,0.0524933599,0.0337453075,-0.3190223277,-0.3820680380,0.3381781876,-0.1193351373,0.0942802429,-0.0748331845,0.1413895786,0.2588743865,0.3434406817,0.4715095460,-0.4037826359,0.2730802298,-0.3912937641,-0.1212380528,0.1643459350,0.2248163372,-0.6712855101,0.5555664301,0.2229205370,0.1673985124,-0.0591600500,0.0284948554
2.8146982193,-0.3457924128,0.8069075942,-0.1000422463,-0.0319575332,-0.9868961573,-0.1224999651,0.2040611655,0.1129296571,0.5588936210,0.2046086788,-0.2209465802,0.0479513668,0.0166430976,-0.3735457063,-0.3815062940,0.3651491702,-0.1258512735,0.0953332782,-0.0552975945,0.1136673689,0.2484283000,0.3297793269,0.4935626388,-0.3868477643,0.2735705376,-0.3596061766,-0.1375441104,0.1432818323,0.2368397564,-0.6589218974,0.5688130260,0.2290284634,0.1656550020,-0.0690463856,0.0189129189
2.8153717518,-0.3480943739,0.8059762120,-0.0963524804,-0.0463903807,-0.9880297184,-0.1111820191,0.1916294843,0.0692982376,0.5379627347,0.1744562387,-0.2090560049,0.0367311575,0.0056332317,-0.4162839949,-0.3668059707,0.3788616955,-0.1374834180,0.0987545997,-0.0344549343,0.0826631784,0.2357638329,0.3139693439,0.5238827467,-0.3773866892,0.2644637227,-0.3248219490,-0.1584572643,0.1108008102,0.2513729334,-0.6491249204,0.5838529468,0.2343980968,0.1590107083,-0.0805272534,0.0120636709
2.8142950535,-0.3503163457,0.8044699430,-0.0932835340,-0.0591835976,-0.9891378284,-0.0969628096,0.1764588207,0.0336829424,0.5142146945,0.1547367722,-0.2009532750,0.0305759814,0.0016672603,-0.4478254020,-0.3490901887,0.3816371858,-0.1478304714,0.1019495502,-0.0151574006,0.0510598831,0.2218699306,0.2949408293,0.5566346645,-0.3772348166,0.2559150755,-0.2888645232,-0.1723617911,0.0797208026,0.2625253499,-0.6367940903,0.5954977274,0.2412851155,0.1541515142,-0.0873678178,-0.0049320683
2.8143846989,-0.3505353928,0.8021571636,-0.0891172290,-0.0696114227,-0.9900950193,-0.0832120106,0.1569159329,0.0098598422,0.5015081763,0.1421664208,-0.1897548735,0.0241705608,0.0025372098,-0.4711526334,-0.3419550359,0.3698684871,-0.1534461528,0.1051324084,0.0086930962,0.0205950886,0.2067253292,0.2704488039,0.5890960097,-0.3806704283,0.2485944331,-0.2432297170,-0.1860521287,0.0525108390,0.2718198001,-0.6263401508,0.6109011173,0.2484302670,0.1512158364,-0.0940162763,-0.0192221180
2.8168051243,-0.3477033079,0.8009605408,-0.0857020989,-0.0768735409,-0.9908624887,-0.0702647343,0.1401631534,-0.0007857410,0.4980545342,0.1404823810,-0.1804680526,0.0175572280,0.0081184497,-0.4843328297,-0.3438493013,0.3578223884,-0.1585923135,0.1051002890,0.0289647970,-0.0086709410,0.1944882870,0.2477561235,0.6202443838,-0.3939755261,0.2475076914,-0.1958639324,-0.1984543502,0.0328443572,0.2733125985,-0.6163603067,0.6266351342,0.2552509904,0.1488864869,-0.1018081605,-0.0354001075
2.8164868355,-0.3451565504,0.8001319170,-0.0828812197,-0.0813179240,-0.9916169643,-0.0566909201,0.1226904243,-0.0016710197,0.4956051707,0.1476327777,-0.1722770482,0.0116016539,0.0170082487,-0.4906405509,-0.3586346805,0.3484290242,-0.1628940105,0.1023919284,0.0446765013,-0.0356027111,0.1854491830,0.2261985838,0.6478642821,-0.4123692513,0.2507368922,-0.1554352194,-0.2093256116,0.0211616047,0.2719871700,-0.6065134406,0.6393395066,0.2609985173,0.1535611749,-0.1067348421,-0.0494000912
2.8190150261,-0.3389916718,0.7998876572,-0.0804170445,-0.0813245699,-0.9924028516,-0.0453429036,0.1065124422,0.0113285379,0.4984734058,0.1625841707,-0.1673702002,0.0034107699,0.0286958646,-0.4816122651,-0.3741343319,0.3371762037,-0.1675342619,0.1004750356,0.0573755875,-0.0549651757,0.1813246012,0.2108707726,0.6717135906,-0.4356653392,0.2541498542,-0.1293790191,-0.2156266868,0.0159413293,0.2658400834,-0.5982748866,0.6541378498,0.2649394870,0.1669205427,-0.1084346697,-0.0534912124
2.8189730644,-0.3323928118,0.7995615005,-0.0790510178,-0.0780636147,-0.9930958748,-0.0376514234,0.0906571001,0.0382180922,0.5098956227,0.1878283471,-0.1639822721,-0.0039772224,0.0401165262,-0.4610810876,-0.3897695243,0.3281211555,-0.1753946841,0.0963995084,0.0674135461,-0.0687665567,0.1798529178,0.2042444646,0.6868379116,-0.4527606666,0.2583752871,-0.1127255410,-0.2201774418,0.0192932133,0.2567616403,-0.5877283216,0.6631467342,0.2709080279,0.1840915680,-0.1085580736,-0.0529920869
2.8201222420,-0.3269349337,0.7984600663,-0.0779163241,-0.0719073415,-0.9938950539,-0.0305128060,0.0725839809,0.0729725510,0.5202704072,0.2149901092,-0.1601747721,-0.0120726237,0.0505984165,-0.4338949025,-0.4092524648,0.3200392723,-0.1860015988,0.0895645246,0.0718522444,-0.0782633573,0.1808319092,0.2012978941,0.6968661547,-0.4696512222,0.2632036209,-0.1059819460,-0.2169897258,0.0196231455,0.2472565770,-0.5788526535,0.6713291407,0.2770689130,0.2022248060,-0.1047803238,-0.0462411121
2.8198676109,-0.3181344569,0.8000052571,-0.0783398226,-0.0615188852,-0.9947372079,-0.0240041241,0.0553804711,0.1213661954,0.5245406032,0.2522922754,-0.1573713869,-0.0214884374,0.0658594072,-0.3942088783,-0.4300911129,0.3111058772,-0.1976058334,0.0828654319,0.0674426705,-0.0786035359,0.1850639731,0.2049418390,0.7023358345,-0.4856368005,0.2663874328,-0.1112293452,-0.2110869139,0.0203895401,0.2369943857,-0.5718763471,0.6754255295,0.2848820090,0.2160098851,-0.1006346792,-0.0280929841
2.8210515976,-0.3105863333,0.7998704910,-0.0799331143,-0.0487733930,-0.9954404831,-0.0181701258,0.0404191688,0.1741846055,0.5206407309,0.2910766304,-0.1562120467,-0.0307254642,0.0823038816,-0.3520786166,-0.4540001750,0.3080262840,-0.2102932483,0.0753569826,0.0550311953,-0.0733041391,0.1913443953,0.2126823217,0.7016431093,-0.4949844778,0.2687319219,-0.1258117855,-0.2038479447,0.0212751068,0.2302736342,-0.5683927536,0.6677609086,0.2872806489,0.2233203948,-0.0990218297,-0.0049364767
2.8200881481,-0.3036809564,0.7994979024,-0.0817078874,-0.0346726477,-0.9959936142,-0.0108790146,0.0226080250,0.2292914540,0.5144912004,0.3329340518,-0.1545627266,-0.0382607095,0.0964396894,-0.3092544973,-0.4811631441,0.3042829931,-0.2176654935,0.0665293857,0.0333057716,-0.0646343380,0.1979967058,0.2190424800,0.6964124441,-0.5047305226,0.2744700909,-0.1456629783,-0.1927013248,0.0204270203,0.2265854925,-0.5698440075,0.6531553864,0.2850599885,0.2294154018,-0.0978433862,0.0204535052
2.8208370209,-0.2958073616,0.8005946279,-0.0837338120,-0.0195907317,-0.9962713718,-0.0069463579,0.0069643585,0.2845595181,0.5007385015,0.3678559661,-0.1510304809,-0.0471231192,0.1087747812,-0.2636487782,-0.5044275522,0.2969168425,-0.2245657444,0.0601809137,0.0097346269,-0.0511727445,0.2023553103,0.2238156796,0.6880392432,-0.5119509101,0.2777639925,-0.1672589928,-0.1858045608,0.0245577469,0.2232702374,-0.5757201314,0.6348618269,0.2807791233,0.2246689498,-0.0991941914,0.0472299196
2.8207211494,-0.2911426723,0.7990062833,-0.0868946463,-0.0039471183,-0.9962045550,-0.0031934653,-0.0075124498,0.3397795856,0.4825486243,0.4064587057,-0.1524063796,-0.0537290424,0.1212325469,-0.2167064101,-0.5248343945,0.2879097760,-0.2286432683,0.0521148033,-0.0169504322,-0.0348223113,0.2106461227,0.2281658500,0.6749117374,-0.5190514326,0.2829539776,-0.1913706958,-0.1762997806,0.0221313275,0.2223950326,-0.5861223936,0.6126393080,0.2697186470,0.2142882496,-0.1076329947,0.0645250380
2.8191494942,-0.2855303884,0.8000497818,-0.0890264884,0.0098664891,-0.9959782362,-0.0020569081,-0.0120384190,0.3866240084,0.4715395272,0.4290304780,-0.1604472399,-0.0572336763,0.1287860721,-0.1711700112,-0.5250872970,0.2750909626,-0.2282436192,0.0491905883,-0.0424055792,-0.0172394719,0.2151194811,0.2312644422,0.6596010923,-0.5234678388,0.2871637046,-0.2069882154,-0.1690068543,0.0101821460,0.2209100425,-0.6011064649,0.5889893174,0.2546113729,0.1928438544,-0.1181373969,0.0808863565
2.8192687035,-0.2822870314,0.7989867330,-0.0918811262,0.0231072716,-0.9955006242,-0.0015415043,-0.0092457943,0.4280919135,0.4620467424,0.4412516057,-0.1652512699,-0.0586958453,0.1383855641,-0.1277167350,-0.5210650563,0.2575328350,-0.2237094045,0.0469972715,-0.0681322888,0.0027721280,0.2201043814,0.2335506082,0.6466157436,-0.5300930738,0.2867278159,-0.2150177062,-0.1671263874,0.0003854019,0.2193391919,-0.6180811524,0.5669442415,0.2380329967,0.1738750190,-0.1302165538,0.0889554322
2.8164844513,-0.2803930938,0.8016594052,-0.0935822874,0.0332444720,-0.9950484633,-0.0039697681,-0.0002413082,0.4638215005,0.4662477672,0.4528490901,-0.1691951454,-0.0530738682,0.1422133595,-0.0940582007,-0.5073087811,0.2453576177,-0.2178823948,0.0453119911,-0.0903471410,0.0217680112,0.2233101577,0.2353072315,0.6311720610,-0.5340485573,0.2873262465,-0.2248256952,-0.1620813906,-0.0075525884,0.2182513326,-0.6352249384,0.5459344387,0.2212703377,0.1598786265,-0.1359572262,0.1007889733
2.8146553040,-0.2802811265,0.8005241752,-0.0938465223,0.0413444862,-0.9946995378,-0.0075000911,0.0127378302,0.4882171750,0.4716411531,0.4525290430,-0.1739186049,-0.0462145582,0.1434855312,-0.0685607120,-0.4916504323,0.2290398777,-0.2042206824,0.0483389311,-0.1088295206,0.0419081524,0.2221202254,0.2373790592,0.6145907044,-0.5370700955,0.2882392108,-0.2383500636,-0.1552377641,-0.0114087397,0.2143336087,-0.6486904621,0.5271093249,0.2097297609,0.1578200459,-0.1346812695,0.1087939143
2.8119616508,-0.2820064127,0.8022862077,-0.0933196545,0.0464619659,-0.9944753647,-0.0123093501,0.0293787997,0.5000658631,0.4811170995,0.4451279938,-0.1778219193,-0.0422956981,0.1426768452,-0.0538699664,-0.4762699306,0.2142003179,-0.1891562194,0.0547305085,-0.1244914979,0.0615365990,0.2191820145,0.2375154346,0.5960621834,-0.5411300063,0.2931027710,-0.2595157921,-0.1440148354,-0.0131430803,0.2084302008,-0.6610739231,0.5131381750,0.1980871409,0.1637392193,-0.1278913170,0.1164987534
2.8097417355,-0.2856823206,0.8043075800,-0.0927671865,0.0475622565,-0.9944075942,-0.0169002693,0.0503852479,0.4946579635,0.4915358722,0.4274356961,-0.1820907593,-0.0391903669,0.1398507059,-0.0520769060,-0.4577860832,0.2039390355,-0.1750295013,0.0608908050,-0.1371109784,0.0790409967,0.2174690962,0.2348252535,0.5817034841,-0.5449640155,0.2957060635,-0.2742566764,-0.1360203028,-0.0186539274,0.2032314688,-0.6731142998,0.5038200021,0.1858981103,0.1765993088,-0.1208366752,0.1216759235
2.8077511787,-0.2899460793,0.8040862083,-0.0916149318,0.0453086868,-0.9944948554,-0.0231033489,0.0745240301,0.4750959575,0.5037918687,0.3997342288,-0.1810624152,-0.0383058190,0.1345219463,-0.0606667846,-0.4405575991,0.1959857047,-0.1615325660,0.0683011338,-0.1437588930,0.0937656984,0.2148149312,0.2293655425,0.5698099732,-0.5490404367,0.2994174659,-0.2863633931,-0.1305183470,-0.0179980602,0.1990473121,-0.6837621927,0.5009938478,0.1734717637,0.1930645704,-0.1123641804,0.1260299981
2.8042094707,-0.2969624400,0.8068122864,-0.0899474546,0.0396125466,-0.9947152734,-0.0296963565,0.1014349982,0.4412214160,0.5192047358,0.3601377904,-0.1815002114,-0.0387967341,0.1255898625,-0.0816029757,-0.4219277203,0.1959534138,-0.1495893300,0.0762324035,-0.1440754831,0.1045681238,0.2109668702,0.2215453237,0.5621209741,-0.5529910922,0.3036780357,-0.2902773321,-0.1284610480,-0.0223046914,0.1945167929,-0.6932111979,0.5070154667,0.1667973399,0.2074574530,-0.1032362729,0.1280113161
2.8031511307,-0.3042130768,0.8079200983,-0.0872659907,0.0314873420,-0.9950281978,-0.0362231508,0.1277970970,0.3937003613,0.5267736912,0.3094802201,-0.1813206524,-0.0388744436,0.1127169207,-0.1129872650,-0.4114726186,0.2004355937,-0.1397684216,0.0831662342,-0.1427439898,0.1111944467,0.2062769830,0.2148052901,0.5568926930,-0.5522212982,0.3076911569,-0.2921371758,-0.1287984103,-0.0230600387,0.1936003268,-0.6974331141,0.5114666820,0.1582619995,0.2291431576,-0.0960643664,0.1292700320
2.8016052246,-0.3122151792,0.8094478846,-0.0844523013,0.0201880261,-0.9952765703,-0.0434138663,0.1492497921,0.3404096961,0.5429551005,0.2631067336,-0.1837333292,-0.0314429961,0.0921821371,-0.1556116492,-0.3958792388,0.2188626230,-0.1321863383,0.0893921778,-0.1391642690,0.1116585806,0.2018061727,0.2064032704,0.5613110065,-0.5555226207,0.3082441390,-0.2735376060,-0.1353860348,-0.0160285309,0.1944489777,-0.7009909153,0.5221043825,0.1599417776,0.2262972593,-0.0872808993,0.1284952760
2.7996904850,-0.3204449117,0.8107463121,-0.0819079131,0.0082610929,-0.9954567552,-0.0478407890,0.1628111452,0.2865253985,0.5526267290,0.2247004956,-0.1845870167,-0.0228771158,0.0675717443,-0.2051864862,-0.3903424442,0.2493122220,-0.1252258420,0.0928397626,-0.1337594241,0.1080661789,0.1988080591,0.2008748353,0.5676910877,-0.5529555678,0.3024029136,-0.2543863654,-0.1419079155,-0.0116568897,0.1986557543,-0.6916076541,0.5285982490,0.1712356359,0.2346724868,-0.0802498534,0.1187801957
2.8008959293,-0.3276453614,0.8107034564,-0.0800715238,-0.0025429230,-0.9954652190,-0.0512939058,0.1710750759,0.2400127202,0.5568981767,0.1970766783,-0.1886468381,-0.0131516159,0.0443173721,-0.2514252365,-0.3886054456,0.2837373018,-0.1235657558,0.0902063623,-0.1254974008,0.1008706838,0.1987398416,0.1959130615,0.5800507069,-0.5523017049,0.2932151854,-0.2328242362,-0.1471359283,-0.0143773025,0.2013446838,-0.6807619929,0.5375640392,0.1863303334,0.2361518890,-0.0756530464,0.1138574556
2.8000159264,-0.3347711861,0.8107752800,-0.0773539469,-0.0128520746,-0.9955088496,-0.0530412346,0.1721405089,0.1975497305,0.5580105782,0.1708023995,-0.1908754855,-0.0090272492,0.0234015509,-0.2898268700,-0.3820484579,0.3056457639,-0.1191820577,0.0916073769,-0.1139942706,0.0915048942,0.1956641972,0.1890947372,0.5966696739,-0.5542864203,0.2839277387,-0.2089228630,-0.1563108414,-0.0204202384,0.2011719793,-0.6684102416,0.5540664196,0.2066200078,0.2352938503,-0.0731335878,0.1047046259
2.8015568256,-0.3388755620,0.8106436729,-0.0741361827,-0.0227693971,-0.9955545664,-0.0534459352,0.1651938856,0.1614002138,0.5541173816,0.1545926780,-0.1863287240,-0.0054337936,0.0081890598,-0.3190077841,-0.3685401678,0.3099536002,-0.1136735305,0.0922484398,-0.0971671492,0.0788279772,0.1913830042,0.1865093708,0.6114242077,-0.5483924747,0.2767470479,-0.1920956820,-0.1672619581,-0.0269882847,0.2010158300,-0.6510854959,0.5653168559,0.2303873599,0.2308504581,-0.0740311742,0.0943771377
2.8024632931,-0.3400529027,0.8100906014,-0.0697443932,-0.0323751085,-0.9957807064,-0.0500840433,0.1460694671,0.1339624375,0.5448867679,0.1558028013,-0.1799524128,-0.0065348931,0.0000357911,-0.3408600092,-0.3553094268,0.2989351749,-0.1065367386,0.0898876488,-0.0789803192,0.0622473545,0.1895775646,0.1843122542,0.6320390105,-0.5403382778,0.2648838758,-0.1700495631,-0.1793498248,-0.0448221415,0.2053461969,-0.6369311810,0.5751841068,0.2479256839,0.2370525599,-0.0813888684,0.0845675766
2.8048269749,-0.3412916064,0.8103771806,-0.0662761033,-0.0389124863,-0.9957762361,-0.0502298661,0.1273726374,0.1195747629,0.5364892483,0.1601294726,-0.1721855700,-0.0049523450,-0.0038156360,-0.3460741043,-0.3363560140,0.2738846540,-0.1035254300,0.0924888402,-0.0563816205,0.0438926928,0.1829537302,0.1864104271,0.6453280449,-0.5282370448,0.2609588206,-0.1618416011,-0.1891023219,-0.0446940921,0.2027802765,-0.6183199883,0.5823684931,0.2703911662,0.2263131142,-0.0838002339,0.0711005107
2.8085215092,-0.3391735852,0.8089491129,-0.0641981885,-0.0430422761,-0.9958676100,-0.0476823188,0.1045991704,0.1164802387,0.5260971785,0.1766236126,-0.1619105935,-0.0049274806,-0.0015393493,-0.3458481729,-0.3335376084,0.2478247434,-0.0970594734,0.0928832889,-0.0356726125,0.0252410620,0.1788061708,0.1916200668,0.6523392797,-0.5109896660,0.2620798945,-0.1650853753,-0.1982605904,-0.0450581387,0.2040821463,-0.5982462764,0.5842409730,0.2894086540,0.2234209478,-0.0891851634,0.0612653643
2.8116943836,-0.3362065852,0.8081602454,-0.0618253611,-0.0429689549,-0.9961385727,-0.0451575480,0.0762345046,0.1267343909,0.5092900991,0.2049238533,-0.1550059021,-0.0058493610,0.0037796223,-0.3335533440,-0.3367131352,0.2211089283,-0.0911169052,0.0913925543,-0.0192323588,0.0113143800,0.1767768711,0.1985486150,0.6500918269,-0.4932589829,0.2694248259,-0.1820404381,-0.1993321180,-0.0416484252,0.2056806684,-0.5789714456,0.5839293003,0.3082192540,0.2280892879,-0.0913731381,0.0588067025
2.8163158894,-0.3340551555,0.8087887168,-0.0610200576,-0.0389920473,-0.9964901209,-0.0419950597,0.0447566137,0.1463827342,0.4803515673,0.2419899106,-0.1543717235,-0.0066859974,0.0089427279,-0.3140177429,-0.3432470560,0.1994435042,-0.0809715614,0.0909825191,-0.0084191104,0.0038704886,0.1741829515,0.2057047039,0.6358875036,-0.4735182524,0.2822334468,-0.2043517083,-0.1916486323,-0.0354916230,0.2062750906,-0.5581790805,0.5762490034,0.3333041370,0.2364146262,-0.0873729363,0.0610143431
2.8186702728,-0.3323859572,0.8075904250,-0.0608776212,-0.0324489921,-0.9966469407,-0.0439979881,0.0139591349,0.1669210643,0.4397238791,0.2795196176,-0.1601240337,-0.0073656542,0.0052648927,-0.2877189219,-0.3389100134,0.1925848424,-0.0760827437,0.0856947079,-0.0042853416,0.0020366453,0.1741697043,0.2149880975,0.6051267982,-0.4523444474,0.3054731488,-0.2447593361,-0.1759921014,-0.0276617296,0.2013484538,-0.5320990682,0.5590566993,0.3696889877,0.2484963983,-0.0789225698,0.0661898032
2.8239030838,-0.3320490718,0.8069976568,-0.0616038889,-0.0258430690,-0.9967069626,-0.0459606349,-0.0136189526,0.1724422574,0.3767521679,0.3159229159,-0.1727733165,-0.0065682395,-0.0036980039,-0.2657888532,-0.3223115802,0.1954901367,-0.0638180077,0.0768771023,-0.0054962332,0.0045313700,0.1755867302,0.2196408212,0.5605871677,-0.4228047431,0.3367430270,-0.2849781215,-0.1603452414,-0.0349633209,0.1960276365,-0.5024778247,0.5278863907,0.4143860638,0.2663507760,-0.0710692331,0.0783135742
2.8272523880,-0.3344497383,0.8053319454,-0.0647318140,-0.0194326248,-0.9959107637,-0.0599497072,-0.0263085067,0.1632812172,0.3060299158,0.3308137059,-0.1901432574,-0.0001648299,-0.0259405095,-0.2470121831,-0.2842311561,0.2174822390,-0.0574051030,0.0736384243,-0.0092056422,0.0096757747,0.1770895272,0.2179278880,0.5024157166,-0.3914281130,0.3878092170,-0.3366315961,-0.1468722671,-0.0379550420,0.1770636886,-0.4713098407,0.4876331389,0.4748272002,0.2646766007,-0.0617837571,0.0786707029
2.8301119804,-0.3393191099,0.8040654063,-0.0707753301,-0.0137636773,-0.9939709306,-0.0826028958,-0.0384204276,0.1549799740,0.2454709113,0.3737613559,-0.2170629948,0.0192359928,-0.0599052645,-0.2360871136,-0.2431513816,0.2701262236,-0.0519433506,0.0667694360,-0.0186457317,0.0189781357,0.1854477823,0.2026410997,0.4424976110,-0.3584591746,0.4537194073,-0.3771077394,-0.1341031641,-0.0373980813,0.1473860890,-0.4419314861,0.4373766482,0.5469093323,0.2768776417,-0.0560171679,0.0602845028
2.8334319592,-0.3468848765,0.8046655655,-0.0772679597,-0.0096657742,-0.9906065464,-0.1124051213,-0.0358549505,0.1531237662,0.2355390489,0.4163565338,-0.2498562783,0.0467976667,-0.1052972004,-0.2351487428,-0.2079254985,0.3362457454,-0.0434971265,0.0630999506,-0.0363738611,0.0298192278,0.1976119578,0.1705067456,0.3925706744,-0.3222057521,0.5267570615,-0.4091558456,-0.1216275468,-0.0188103300,0.1022248492,-0.4255142212,0.3680845797,0.6069052219,0.2902244031,-0.0547377877,0.0238883160
2.8357119560,-0.3572899699,0.8053403497,-0.0790881887,-0.0063626459,-0.9860237241,-0.1464985907,-0.0158561692,0.1544537097,0.2663128376,0.4103796184,-0.2544615567,0.0607258305,-0.1563765556,-0.2370163500,-0.1892053783,0.3833728731,-0.0128086805,0.0703888386,-0.0646997839,0.0443046093,0.2061337382,0.1209350377,0.3623161018,-0.2784409225,0.5984122157,-0.4329785407,-0.1154044867,0.0149567965,0.0540059358,-0.4245247543,0.2722288668,0.6278829575,0.3427232504,-0.0716330037,-0.0580220595
2.8394041061,-0.3651447892,0.8062649369,-0.0755907595,-0.0045537516,-0.9810208082,-0.1785034239,-0.0011891900,0.1546132565,0.3088654578,0.3748686612,-0.2317111343,0.0573208071,-0.1868518442,-0.2304629982,-0.1655040532,0.3516678512,0.0505918749,0.0856235847,-0.0998445526,0.0639488399,0.1990652084,0.0446418598,0.3582448363,-0.2124145627,0.6772737503,-0.4976844490,-0.1156615242,0.0907416791,0.0141276037,-0.4379012883,0.1531311423,0.6158230901,0.4689012766,-0.1078012809,-0.1660459787
2.8470878601,-0.3720648289,0.8078828454,-0.0679721013,-0.0057012248,-0.9753542542,-0.2098365426,0.0074492185,0.1528957635,0.3672389686,0.3225827217,-0.1847100705,0.0440685190,-0.1936241686,-0.2337862551,-0.1625843793,0.2489150316,0.1104868874,0.1013795361,-0.1213281676,0.0843321756,0.1857336760,-0.0511852056,0.4077816606,-0.1340606213,0.7467196584,-0.5314270258,-0.1180943698,0.1567064673,-0.0149496859,-0.4886304140,0.0516331270,0.5516286492,0.5422213674,-0.1490655541,-0.2544684410
2.8558702469,-0.3784253597,0.8067893386,-0.0622988269,-0.0089225397,-0.9688857794,-0.2393732369,0.0039064875,0.1526816040,0.4274726808,0.2842819393,-0.1584892720,0.0483319089,-0.1775196642,-0.2687665522,-0.2274957299,0.1429091543,0.1125456989,0.1053853780,-0.1203224286,0.0966281965,0.1848432869,-0.1643468738,0.4803477228,-0.0116469450,0.7640632987,-0.6561233401,-0.1588413864,0.2574378252,-0.0472098440,-0.5543146729,-0.0652526319,0.4561222494,0.5753605366,-0.1968972832,-0.3541572094
2.8665049076,-0.3862911165,0.8054625392,-0.0555620566,-0.0121580083,-0.9619984031,-0.2670656741,-0.0091720019,0.1571270227,0.4839461446,0.2526560426,-0.1601447016,0.0595368519,-0.1443441510,-0.3220009506,-0.3461434543,0.0904396325,0.0451387428,0.0946541727,-0.1046314538,0.0972933322,0.1876135021,-0.2688446939,0.5830318928,0.1270208955,0.7022311687,-0.7384570837,-0.2348998636,0.3631513119,-0.0817083418,-0.6346626282,-0.1906736344,0.3426679075,0.5561937094,-0.2494818568,-0.4592500329
2.8810033798,-0.3898683190,0.8044729233,-0.0474940576,-0.0138307698,-0.9566810131,-0.2869049609,-0.0438654833,0.1740978062,0.5088439584,0.2487096637,-0.1599329412,0.0656674057,-0.0993316546,-0.3707019687,-0.4234162271,0.0858850107,-0.0083530322,0.0802859738,-0.0798803493,0.0892476588,0.1844081581,-0.3419962525,0.6756703258,0.2477216870,0.5236235857,-0.7883456349,-0.3448860347,0.4942770600,-0.1104781702,-0.7203274369,-0.2886901796,0.1684406847,0.4510327578,-0.2921162546,-0.5491607189
2.8948278427,-0.3929919302,0.8011984825,-0.0396489911,-0.0123572694,-0.9525422454,-0.3015602231,-0.0831672847,0.2065194547,0.5328074098,0.2577176094,-0.1452578753,0.0684913620,-0.0499118827,-0.4091556072,-0.4536092281,0.1522243917,-0.0496538728,0.0621501207,-0.0528890304,0.0882321373,0.1919762492,-0.4026364088,0.7427713871,0.3178084791,0.2875041366,-0.7385270596,-0.4122149646,0.5720490217,-0.1535183638,-0.7911004424,-0.3421315551,-0.0572493821,0.3425756395,-0.3132013977,-0.6279262304
2.9114193916,-0.3946431577,0.7997031808,-0.0358367115,-0.0106140282,-0.9471554756,-0.3185900450,-0.1081432030,0.2401421964,0.5591630340,0.2645419836,-0.1239729896,0.0731450543,0.0133562097,-0.4500573277,-0.4728557765,0.2571860254,-0.0692885891,0.0521048307,-0.0147312395,0.0878486335,0.1901383847,-0.4486535192,0.7735424042,0.3461811244,0.0540477149,-0.6548598409,-0.4626742303,0.6257500648,-0.2059555203,-0.8392297029,-0.3398508430,-0.2772754729,0.2523438036,-0.3292995691,-0.6537544727
2.9253926277,-0.3942601979,0.7977287769,-0.0368609652,-0.0095835067,-0.9408771992,-0.3366000354,-0.1155661568,0.2726613879,0.5921637416,0.2614260614,-0.0958736688,0.0777404606,0.0894007012,-0.4879921377,-0.4988310337,0.3600951731,-0.0748368800,0.0556985922,0.0379460752,0.0881024525,0.1800724417,-0.4738788307,0.7730235457,0.3220918775,-0.1155270115,-0.5543504953,-0.4760484397,0.6287964582,-0.2754503787,-0.8567007184,-0.2816922963,-0.4569162428,0.2008104771,-0.3409957886,-0.6259073615
2.9366853237,-0.3933844566,0.7944682240,-0.0383433886,-0.0099276295,-0.9335566163,-0.3562347889,-0.1131910086,0.3011505604,0.6220797896,0.2581966817,-0.0555203483,0.0829766616,0.1677739024,-0.5083581209,-0.5257101059,0.4141069949,-0.0508310497,0.0750612393,0.1164864078,0.0793810263,0.1689034849,-0.4797216654,0.7317431569,0.2700662017,-0.2349518985,-0.4927640855,-0.4817971289,0.6142941117,-0.3577811718,-0.8331494927,-0.1699413657,-0.5915172100,0.2056927085,-0.3514012992,-0.5701667070
2.9492683411,-0.3890526593,0.7925080061,-0.0392936319,-0.0133772511,-0.9248114824,-0.3781544566,-0.1158653125,0.3306938708,0.6436409354,0.2704972029,0.0023407573,0.0818144232,0.2331333905,-0.5000978708,-0.5325939059,0.4060434997,-0.0391171686,0.1033693179,0.2070268840,0.0599548221,0.1666515023,-0.4524612427,0.6748676896,0.2119069993,-0.3062340021,-0.4509418011,-0.4743587077,0.5791568160,-0.4488333166,-0.7788687348,-0.0162368249,-0.6618731618,0.2785211205,-0.3474759161,-0.4886319637
2.9631416798,-0.3840787411,0.7871848941,-0.0426788330,-0.0177029222,-0.9156781435,-0.3992476761,-0.1257946938,0.3682571054,0.6688408256,0.2960202098,0.0542785004,0.0717033148,0.2815630734,-0.4662690163,-0.5402092338,0.3306301236,-0.0383122414,0.1403578520,0.2610045075,0.0327863619,0.1704043001,-0.3829982877,0.6184398532,0.1843917370,-0.3246307969,-0.4293975234,-0.4726332724,0.5714047551,-0.5410969853,-0.6984787583,0.1376535296,-0.6295233965,0.3559388518,-0.3163599372,-0.4152548611
2.9766654968,-0.3773022890,0.7843443155,-0.0437549576,-0.0216288865,-0.9068447351,-0.4186291397,-0.1481483281,0.4205283225,0.6739387512,0.3415640891,0.1163354367,0.0607816875,0.3049932420,-0.4264658093,-0.5401563048,0.2499610633,-0.0812929198,0.1567933261,0.2718368173,0.0074080317,0.1740212590,-0.2979637086,0.5813130140,0.1968703270,-0.2877430022,-0.4292658269,-0.4615668356,0.5221557021,-0.6154100299,-0.6110066175,0.3019179702,-0.5521350503,0.4520732760,-0.2923272848,-0.3056131899
2.9895617962,-0.3695252836,0.7820971608,-0.0444474071,-0.0232450869,-0.8989632726,-0.4351426661,-0.1778489053,0.4795643091,0.6586732864,0.3860849738,0.2122823596,0.0542591326,0.3071728051,-0.3819195628,-0.5273013711,0.1957961470,-0.1329033673,0.1518219411,0.2722690403,-0.0120079406,0.1749499887,-0.2442926913,0.5484674573,0.2087935656,-0.2152285427,-0.4573795795,-0.4366653562,0.4691351056,-0.6462179422,-0.5517009497,0.4287516177,-0.4700832367,0.5178313255,-0.2620421648,-0.2342654318
3.0038526058,-0.3610903323,0.7790916562,-0.0456248000,-0.0229761470,-0.8919577599,-0.4492235482,-0.2022708505,0.5309536457,0.6430549026,0.4277355671,0.2753752470,0.0508609191,0.3003378808,-0.3388616741,-0.5037121177,0.1599902660,-0.1569485366,0.1435911059,0.2652454972,-0.0223816931,0.1762859523,-0.2073205709,0.5266770720,0.2169165313,-0.0872034878,-0.4912007153,-0.3961353898,0.4335077703,-0.6498113871,-0.5078037977,0.5194971561,-0.3793750703,0.5488467216,-0.2107719630,-0.1679769307
3.0142180920,-0.3534563184,0.7761769295,-0.0461778194,-0.0211141910,-0.8854833841,-0.4618884921,-0.2048711926,0.5658205152,0.6413186789,0.4412703216,0.3106629550,0.0499551520,0.2958877385,-0.3108454645,-0.4964661002,0.1484264135,-0.1747715026,0.1256915629,0.2559288144,-0.0214719474,0.1758882254,-0.1806111932,0.5245808363,0.2191288322,0.0440638661,-0.5225433111,-0.3498620391,0.3931078911,-0.6424067020,-0.4903475046,0.5869511962,-0.3173035383,0.5361450911,-0.1636179388,-0.1016312540
3.0232326984,-0.3505183160,0.7741578817,-0.0467517003,-0.0187963415,-0.8774316311,-0.4770478904,-0.1846655607,0.5681587458,0.6422302127,0.3821751177,0.3535488844,0.0290428791,0.2904819548,-0.2891041338,-0.4753738046,0.1373029053,-0.1841368377,0.1267019063,0.2457967997,-0.0152419582,0.1652892232,-0.1704886854,0.5255767107,0.2358642966,0.1612409353,-0.5619760752,-0.3306933045,0.3714760244,-0.6288092136,-0.4632653296,0.6402585506,-0.2705095410,0.5537199974,-0.1302610487,-0.0469169803
3.0268664360,-0.3454582393,0.7714534402,-0.0467034504,-0.0164161865,-0.8703004718,-0.4900269508,-0.1518791765,0.5474989414,0.6467795968,0.3073910177,0.3745706975,0.0108132986,0.2880283296,-0.2725125253,-0.4571987987,0.1243968830,-0.1880941838,0.1316254586,0.2388277203,-0.0069582863,0.1531385779,-0.1591220051,0.5311914682,0.2523805201,0.2398365140,-0.5751532912,-0.3210906684,0.3638098836,-0.6135194302,-0.4464653730,0.6777286530,-0.2442985028,0.5693104267,-0.1094282866,-0.0079436647
3.0296921730,-0.3449778259,0.7699959874,-0.0448116921,-0.0129200425,-0.8624679446,-0.5039584041,-0.1247902364,0.5358746052,0.6472660899,0.2401365191,0.4121501744,-0.0094283195,0.2856438756,-0.2597925961,-0.4420647323,0.1134966686,-0.1862179935,0.1387321055,0.2318660766,0.0068436037,0.1361839026,-0.1513451785,0.5440650582,0.2742905915,0.3045492470,-0.5814967155,-0.3203788698,0.3701892197,-0.6049184799,-0.4291349053,0.7107148170,-0.2284599394,0.5941648483,-0.1017140970,0.0155472793
3.0271511078,-0.3449192643,0.7694298029,-0.0451201722,-0.0091156308,-0.8585454226,-0.5106670856,-0.1123676598,0.5365709066,0.6625509262,0.2213738263,0.4388245642,-0.0141455354,0.2870951891,-0.2498739511,-0.4255435467,0.1089768261,-0.1814981997,0.1386817992,0.2136606723,0.0207210649,0.1254467517,-0.1489082575,0.5617581010,0.2890550494,0.3487458527,-0.6106671095,-0.3248413801,0.3786646128,-0.5973409414,-0.4212909937,0.7312418818,-0.2222511321,0.6204766631,-0.0972567275,0.0299679767
3.0280675888,-0.3450491726,0.7682034373,-0.0445035025,-0.0070814481,-0.8548544645,-0.5169072747,-0.1047438756,0.5389045477,0.6849063039,0.2082931548,0.4551289678,-0.0114364605,0.2884781361,-0.2462835908,-0.4299013317,0.1112267151,-0.1802814603,0.1384345144,0.1998682767,0.0308718961,0.1177212968,-0.1501811594,0.5819125175,0.3007119894,0.3800773919,-0.6363407969,-0.3250959814,0.3826005757,-0.5909816027,-0.4202012718,0.7462695837,-0.2251649648,0.6475996971,-0.0917225406,0.0429259054
3.0282146931,-0.3458905816,0.7676334977,-0.0432991162,-0.0052838139,-0.8523402810,-0.5211653113,-0.0963970423,0.5406560898,0.7064179182,0.2013711482,0.4602235556,-0.0099421060,0.2898154557,-0.2418985218,-0.4288605750,0.1085246578,-0.1772205979,0.1355702430,0.1857737005,0.0387337059,0.1113588735,-0.1547879577,0.6023786664,0.3106907308,0.3999137580,-0.6711684465,-0.3280888498,0.3864666522,-0.5833004713,-0.4251694381,0.7533460855,-0.2354991734,0.6722915173,-0.0929342061,0.0470524020
3.0252275467,-0.3458845913,0.7679842710,-0.0423860699,-0.0044099740,-0.8510439396,-0.5233623981,-0.0897810310,0.5360742211,0.7108485699,0.1931768358,0.4627679586,-0.0099576255,0.2893261313,-0.2394118309,-0.4284831285,0.1059878767,-0.1736565083,0.1354974657,0.1765564233,0.0440123789,0.1066993922,-0.1545879096,0.6158534288,0.3192162216,0.4072232842,-0.6851655841,-0.3334051967,0.3884267211,-0.5789446235,-0.4305244684,0.7517196536,-0.2446056306,0.6843301654,-0.0971047953,0.0458987989
3.0243608952,-0.3452823460,0.7679477930,-0.0419951305,-0.0046096896,-0.8510226607,-0.5234267116,-0.0827972144,0.5293259621,0.7125855684,0.1882984638,0.4613211453,-0.0093385568,0.2852609158,-0.2379741669,-0.4305901527,0.1041686088,-0.1708866656,0.1304032654,0.1668006927,0.0460264571,0.1037953198,-0.1562810540,0.6224085093,0.3190494478,0.4108648002,-0.6931851506,-0.3335041106,0.3874119222,-0.5760753751,-0.4352690578,0.7499344945,-0.2526753545,0.6828542352,-0.0995596498,0.0473263301
3.0212402344,-0.3460002244,0.7692661881,-0.0412093364,-0.0049362946,-0.8531191945,-0.5200625658,-0.0714428052,0.5168772936,0.7152739167,0.1789169312,0.4508129656,-0.0075673610,0.2764138579,-0.2378304452,-0.4320967197,0.1046327651,-0.1700277030,0.1248240471,0.1559730768,0.0480461046,0.1036395580,-0.1544764042,0.6249078512,0.3120501339,0.4105275571,-0.6887320876,-0.3316302001,0.3848660886,-0.5714102387,-0.4403841794,0.7460656166,-0.2525886297,0.6840916872,-0.1028924733,0.0421881080
