0.0000927972,-0.1181472589,0.8393286905,-0.0614955015,0.0059973165,-0.6911101184,0.7201035618,0.0930250795,0.2402547718,0.0726089849,0.1319288691,0.1635331372,-0.1054293234,0.0615200541,-0.0880823945,-0.1874780974,0.1577459335,0.2020429781,0.0824616876,0.0214796590,0.0951081205,-0.0128709577,0.0593136058,0.2017593793,-0.5994856347,1.2787214915,-0.2752794309,0.1640006994,0.1149266811,-0.0395952063,-0.3791217368,0.6959902323,1.2779854214,0.2236546236,0.1633817583,-0.0618137675
-0.0000958444,-0.1182052447,0.8394155109,-0.0612044874,0.0069141280,-0.6912499504,0.7199859107,0.0921484149,0.2415292127,0.0718562459,0.1297588270,0.1655064477,-0.1053536078,0.0611645224,-0.0862380433,-0.1879435349,0.1536497745,0.2037921439,0.0820472913,0.0194480396,0.0979017457,-0.0153334311,0.0588606229,0.1977946618,-0.5982608113,1.2841316865,-0.2755681153,0.1598077700,0.1153824553,-0.0425843766,-0.3781202553,0.7000758855,1.2830050353,0.2249736307,0.1589951417,-0.0615011212
-0.0001518243,-0.1181205963,0.8393885473,-0.0609984516,0.0069530140,-0.6911760855,0.7200739291,0.0912580859,0.2411442247,0.0735454413,0.1298105275,0.1650964243,-0.1061035209,0.0613986627,-0.0869717154,-0.1887278290,0.1535577348,0.2064322745,0.0820504988,0.0197966861,0.0975261120,-0.0155555905,0.0587525678,0.1977448050,-0.5973428981,1.2850150637,-0.2754535858,0.1589601477,0.1152901696,-0.0428170227,-0.3782574156,0.7008452108,1.2840313967,0.2251943171,0.1573483815,-0.0612451471
-0.0001515941,-0.1180046847,0.8393767309,-0.0610645753,0.0068542707,-0.6911908346,0.7200551137,0.0909944412,0.2411612883,0.0731093829,0.1298006645,0.1657713861,-0.1064405543,0.0615332355,-0.0869203861,-0.1895126145,0.1534606832,0.2073359532,0.0819214531,0.0202944954,0.0974583627,-0.0158253304,0.0586824927,0.1979667613,-0.5968607147,1.2850915249,-0.2753625485,0.1588100530,0.1153137642,-0.0426897218,-0.3782307695,0.7009525902,1.2842610644,0.2252174444,0.1569087882,-0.0612642371
-0.0001572437,-0.1178940136,0.8393640300,-0.0611446852,0.0067515630,-0.6912002374,0.7200402598,0.0907825567,0.2411994130,0.0726569677,0.1297545949,0.1664541462,-0.1067931732,0.0616952894,-0.0868492846,-0.1903196527,0.1533992451,0.2082030702,0.0817801837,0.0208416765,0.0973976794,-0.0160733419,0.0586371593,0.1982247281,-0.5964657944,1.2850438654,-0.2753017679,0.1587713667,0.1153804847,-0.0424526927,-0.3782319826,0.7009653048,1.2842778538,0.2252070864,0.1566572725,-0.0613565265
-0.0000871290,-0.1179637854,0.8393995199,-0.0611311173,0.0070182247,-0.6911668828,0.7200708793,0.0916698854,0.2406673572,0.0740421309,0.1298852625,0.1633163131,-0.1056018599,0.0617958166,-0.0873469775,-0.1863768357,0.1533745701,0.2067973465,0.0820091787,0.0199401042,0.0970021055,-0.0162576536,0.0588327760,0.1985070377,-0.5967988084,1.2849916012,-0.2753551784,0.1588514440,0.1151331980,-0.0426321473,-0.3780729522,0.7011391675,1.2844575765,0.2253012997,0.1572088022,-0.0609427261
0.0000732957,-0.1180206579,0.8393939978,-0.0612089749,0.0070693764,-0.6912851631,0.7199502125,0.0921371500,0.2401396196,0.0743994868,0.1300014737,0.1618980613,-0.1053850296,0.0622843780,-0.0877785807,-0.1846307185,0.1534580548,0.2076295199,0.0818509667,0.0199562994,0.0963612129,-0.0163746372,0.0589753342,0.1987694491,-0.5966557217,1.2847214176,-0.2753849801,0.1589332048,0.1150451491,-0.0425647103,-0.3780914747,0.7014201046,1.2845990308,0.2252038771,0.1574208472,-0.0605398557
0.0002333034,-0.1179913340,0.8393902721,-0.0612877154,0.0071291887,-0.6913972614,0.7198352711,0.0926068493,0.2396210928,0.0747362001,0.1300733509,0.1605090680,-0.1051697300,0.0628188111,-0.0881891676,-0.1829092968,0.1534279065,0.2085192936,0.0816940327,0.0199685269,0.0957367605,-0.0165136606,0.0591221427,0.1990291231,-0.5965284507,1.2844406898,-0.2754087206,0.1590294322,0.1149734421,-0.0424812375,-0.3781111877,0.7016859694,1.2847560176,0.2250963784,0.1575912517,-0.0601428227
0.0001281634,-0.1180853100,0.8393884994,-0.0611637965,0.0070617584,-0.6911235085,0.7201093095,0.0915767694,0.2408012563,0.0733149417,0.1299188261,0.1649538924,-0.1059306143,0.0614044399,-0.0869325207,-0.1887232966,0.1533474054,0.2052948084,0.0822716434,0.0203261536,0.0962067484,-0.0164696486,0.0589712599,0.1993792635,-0.5963452133,1.2845987611,-0.2753696879,0.1590365642,0.1152608793,-0.0424138727,-0.3789119850,0.7015858369,1.2848363269,0.2251796922,0.1574200429,-0.0602559400
0.0000399775,-0.1181230265,0.8393869699,-0.0610820088,0.0071868345,-0.6909542519,0.7202774184,0.0910067615,0.2407202895,0.0725618185,0.1298948105,0.1662018377,-0.1062353652,0.0609095372,-0.0867224074,-0.1899510250,0.1535872616,0.2043344439,0.0823730844,0.0202625991,0.0964689568,-0.0166362359,0.0587370190,0.1998164371,-0.5961811615,1.2845513078,-0.2752940685,0.1589374042,0.1153343656,-0.0425807200,-0.3795065966,0.7012470481,1.2849134949,0.2252526337,0.1573378075,-0.0602809285
-0.0001255610,-0.1181610934,0.8393860041,-0.0610109448,0.0072909419,-0.6908001225,0.7204302170,0.0904970548,0.2406125332,0.0718623838,0.1298957726,0.1674176782,-0.1065236839,0.0605125465,-0.0865243118,-0.1911259156,0.1537056019,0.2034426928,0.0824930781,0.0202423636,0.0967168607,-0.0167543437,0.0585160686,0.2002522097,-0.5960199984,1.2844747370,-0.2752111642,0.1588491776,0.1154237662,-0.0427534913,-0.3801060113,0.7009033586,1.2849928888,0.2253226440,0.1572548492,-0.0602931415
-0.0001094194,-0.1181105204,0.8393988114,-0.0609551345,0.0072427696,-0.6909839124,0.7202591524,0.0910147488,0.2414935621,0.0736992981,0.1298035987,0.1644911841,-0.1069868498,0.0612410772,-0.0865726506,-0.1882748648,0.1536303799,0.2053547617,0.0814998821,0.0204326975,0.0963713396,-0.0167554767,0.0583004197,0.1993717287,-0.5964620585,1.2844627987,-0.2752025290,0.1588946979,0.1153374891,-0.0429302055,-0.3782240981,0.7018887285,1.2850505261,0.2251813680,0.1573650529,-0.0602529639
-0.0001572695,-0.1181942587,0.8393898944,-0.0610058475,0.0073385857,-0.6911109267,0.7201320148,0.0912656914,0.2419165366,0.0742190227,0.1298475588,0.1643121928,-0.1081409356,0.0615041428,-0.0860593598,-0.1881258972,0.1534318202,0.2049729721,0.0808623058,0.0206855325,0.0965564177,-0.0165133999,0.0579704736,0.1987360405,-0.5969007369,1.2843024352,-0.2751495581,0.1589711555,0.1153897582,-0.0430918581,-0.3764453018,0.7028776632,1.2850820378,0.2250048650,0.1574902475,-0.0601949859
-0.0002124065,-0.1181906929,0.8393809727,-0.0610433479,0.0074511814,-0.6912205515,0.7200224572,0.0914799429,0.2423452297,0.0746841041,0.1298339676,0.1641794312,-0.1093057694,0.0616956379,-0.0855522908,-0.1880319797,0.1533179139,0.2045447799,0.0802144233,0.0208732911,0.0967532079,-0.0163096361,0.0576528264,0.1981020400,-0.5973269724,1.2841314634,-0.2750998253,0.1590531529,0.1154493408,-0.0432520213,-0.3746666427,0.7038825069,1.2850978222,0.2248232721,0.1576280837,-0.0601509214
-0.0003648112,-0.1181840806,0.8393939136,-0.0610724729,0.0070728914,-0.6909147635,0.7203172334,0.0911387754,0.2417826074,0.0728150250,0.1299270040,0.1652186510,-0.1059822258,0.0614062144,-0.0860465066,-0.1876570732,0.1535789224,0.2048389102,0.0822546874,0.0206133632,0.0964439141,-0.0165118807,0.0578661061,0.1979067277,-0.5969076761,1.2839568351,-0.2750406368,0.1590392387,0.1154855990,-0.0426457331,-0.3753777543,0.7030282445,1.2853591664,0.2250230659,0.1576037434,-0.0602168327
-0.0004185354,-0.1180785411,0.8393934159,-0.0611236373,0.0069645426,-0.6908494532,0.7203765884,0.0911004734,0.2419078589,0.0722292742,0.1299102712,0.1661359601,-0.1055323118,0.0613645682,-0.0856315610,-0.1871976764,0.1537726114,0.2040217456,0.0827172321,0.0205297560,0.0961706209,-0.0167834120,0.0579679598,0.1974335657,-0.5965611251,1.2839626933,-0.2749844791,0.1589864231,0.1155294659,-0.0421546821,-0.3760677981,0.7023861632,1.2855980077,0.2252976746,0.1575271224,-0.0602621908
-0.0005666894,-0.1179739886,0.8393921137,-0.0611928872,0.0068629101,-0.6907938902,0.7204249665,0.0910802922,0.2420948537,0.0716570229,0.1299125270,0.1670341104,-0.1051027476,0.0613362218,-0.0851580361,-0.1867287560,0.1539568015,0.2032101318,0.0831585920,0.0204836823,0.0959373792,-0.0170453866,0.0580755090,0.1969625562,-0.5962230798,1.2839562310,-0.2749296202,0.1589350950,0.1155710309,-0.0416637443,-0.3767476927,0.7017454430,1.2858539057,0.2255843264,0.1574453816,-0.0603144515
-0.0005034815,-0.1179520506,0.8393946845,-0.0609574281,0.0070713609,-0.6908461302,0.7203928180,0.0908386761,0.2414229710,0.0729472827,0.1298073244,0.1642303435,-0.1053841198,0.0610520398,-0.0868581217,-0.1877928310,0.1536467086,0.2064006022,0.0823942219,0.0205659234,0.0956673836,-0.0165924814,0.0578448211,0.1973670822,-0.5964845295,1.2838703441,-0.2750407575,0.1589590926,0.1155549999,-0.0419999069,-0.3770076879,0.7019775160,1.2857376566,0.2253158378,0.1574265174,-0.0602489305
-0.0002812275,-0.1179846475,0.8393984076,-0.0608889277,0.0071371130,-0.6907568496,0.7204835701,0.0905036759,0.2410135521,0.0728845731,0.1298552214,0.1635363240,-0.1047347863,0.0607998551,-0.0874742638,-0.1877273243,0.1535691005,0.2075477024,0.0828021765,0.0207525443,0.0953993086,-0.0162759887,0.0575637391,0.1975699965,-0.5966994097,1.2837655813,-0.2751709125,0.1590207710,0.1155651470,-0.0424829380,-0.3774862252,0.7021830611,1.2855606700,0.2250108554,0.1574484108,-0.0601175744
-0.0001477617,-0.1179283943,0.8394016555,-0.0608187500,0.0071975171,-0.6906631624,0.7205787059,0.0901928202,0.2405934410,0.0728148344,0.1298632181,0.1628688929,-0.1040842906,0.0605243794,-0.0881062560,-0.1876692734,0.1535696326,0.2086489928,0.0832143737,0.0209199629,0.0951344434,-0.0159479586,0.0572734615,0.1977549685,-0.5969136998,1.2836736726,-0.2753026618,0.1590817593,0.1155819065,-0.0429807814,-0.3779762799,0.7023942013,1.2854018686,0.2247042244,0.1574617829,-0.0599776451
-0.0001537088,-0.1176820740,0.8393738122,-0.0608905942,0.0072450348,-0.6909607561,0.7202868030,0.0898982291,0.2410045524,0.0717995601,0.1298654009,0.1657276904,-0.1058894451,0.0602323851,-0.0869444993,-0.1890023570,0.1534002325,0.2070935634,0.0827150063,0.0209403456,0.0955920994,-0.0160501241,0.0570526300,0.1982695163,-0.5964771383,1.2838306605,-0.2752375449,0.1590527509,0.1156637525,-0.0429585458,-0.3791773472,0.7015582353,1.2855090142,0.2247194112,0.1575203333,-0.0598474826
-0.0002370790,-0.1175695778,0.8393544260,-0.0608145938,0.0073664797,-0.6910353991,0.7202203811,0.0892911195,0.2410044220,0.0706080329,0.1298123618,0.1669798714,-0.1061976117,0.0595246736,-0.0869160549,-0.1904537096,0.1533749656,0.2081688738,0.0831531561,0.0210066377,0.0957548051,-0.0160323768,0.0568634631,0.1988899279,-0.5960209001,1.2839603568,-0.2752670830,0.1589310514,0.1156491572,-0.0429156530,-0.3800666765,0.7009786398,1.2855954206,0.2247129544,0.1575994941,-0.0597710885
-0.0002269434,-0.1173697554,0.8393364372,-0.0607134720,0.0074998994,-0.6911087713,0.7201571301,0.0886072220,0.2409703530,0.0694151902,0.1297922688,0.1682219986,-0.1064909124,0.0587853250,-0.0869151460,-0.1919028893,0.1532962654,0.2092837616,0.0836041401,0.0210556663,0.0958805588,-0.0160748619,0.0566914636,0.1995175569,-0.5955497125,1.2840825994,-0.2752992672,0.1588118615,0.1156434849,-0.0428701022,-0.3809478170,0.7004203986,1.2856778116,0.2247148658,0.1576808620,-0.0596980280
-0.0002565642,-0.1174302886,0.8394094554,-0.0607241484,0.0074161871,-0.6908703125,0.7203858614,0.0888341962,0.2409140507,0.0712724843,0.1297602808,0.1652678333,-0.1051397187,0.0593133391,-0.0869024733,-0.1886588242,0.1533771852,0.2055728791,0.0828726173,0.0210296318,0.0963288004,-0.0159834704,0.0569627893,0.1986890945,-0.5962671120,1.2841639698,-0.2752516830,0.1587768715,0.1154452802,-0.0430967650,-0.3795147785,0.7010105023,1.2854450326,0.2247135977,0.1574904548,-0.0601708564
-0.0002855404,-0.1174811106,0.8394147668,-0.0606687434,0.0074643173,-0.6908309675,0.7204277631,0.0886197248,0.2405507590,0.0701904304,0.1298172461,0.1653479367,-0.1044810234,0.0591093812,-0.0871166344,-0.1892415528,0.1535156169,0.2045701058,0.0833700084,0.0211944668,0.0967868408,-0.0154954249,0.0569158269,0.1978482317,-0.5970188341,1.2840194035,-0.2751617542,0.1587678329,0.1151700325,-0.0433134231,-0.3780835022,0.7016493484,1.2852784120,0.2244587284,0.1575286010,-0.0604343601
-0.0002281689,-0.1175308484,0.8394230630,-0.0605803798,0.0075495495,-0.6907732426,0.7204896594,0.0882975526,0.2401788826,0.0690511662,0.1298121914,0.1654877246,-0.1038209910,0.0588433085,-0.0873308931,-0.1898877064,0.1535728349,0.2036175826,0.0838644838,0.0212920130,0.0972519218,-0.0151101673,0.0568845379,0.1969970302,-0.5977564677,1.2838550700,-0.2750787043,0.1587846852,0.1149097237,-0.0435359776,-0.3766611833,0.7023002038,1.2850916846,0.2241781129,0.1575979181,-0.0606923965
-0.0001830348,-0.1173514180,0.8393979887,-0.0605661687,0.0073832728,-0.6909743636,0.7202996983,0.0889354217,0.2407665043,0.0717109965,0.1298172254,0.1646324924,-0.1050572320,0.0592634218,-0.0868816401,-0.1875398963,0.1536243093,0.2063605503,0.0823485840,0.0208245924,0.0965314170,-0.0156475137,0.0570411055,0.1973640210,-0.5976956814,1.2839057796,-0.2750648468,0.1588338894,0.1154642000,-0.0438454795,-0.3770242041,0.7020510696,1.2845148535,0.2241896086,0.1575066359,-0.0605466888
-0.0001731041,-0.1173173554,0.8393967346,-0.0606370454,0.0073046618,-0.6911010943,0.7201729431,0.0892999740,0.2407146893,0.0717023926,0.1298299432,0.1642144749,-0.1045632894,0.0595516802,-0.0865834552,-0.1864871767,0.1534389706,0.2067608888,0.0821696001,0.0206610274,0.0962830517,-0.0157492963,0.0572699712,0.1977078759,-0.5977628299,1.2838424640,-0.2749488940,0.1588829047,0.1154652776,-0.0441148813,-0.3772803072,0.7017742461,1.2840121763,0.2242088389,0.1573902524,-0.0606163579
-0.0001648554,-0.1171958895,0.8393949125,-0.0607023206,0.0072239987,-0.6912101119,0.7200636245,0.0896442819,0.2406427786,0.0716449405,0.1298386709,0.1638047018,-0.1040655625,0.0598142467,-0.0863099163,-0.1854804577,0.1533286304,0.2071147008,0.0819934131,0.0204476789,0.0960282276,-0.0158495451,0.0575022791,0.1980522976,-0.5978283088,1.2837716185,-0.2748217667,0.1589377250,0.1154419564,-0.0443730787,-0.3775478337,0.7014971694,1.2834900501,0.2242274967,0.1572789475,-0.0607115678
0.0001545064,-0.1171643187,0.8393920974,-0.0607867362,0.0072821501,-0.6910280851,0.7202306079,0.0889821726,0.2403233384,0.0722865976,0.1298339246,0.1640381092,-0.1050908774,0.0593829665,-0.0874558336,-0.1867315378,0.1535374226,0.2073298812,0.0825268860,0.0203554890,0.0964363033,-0.0156079087,0.0576324872,0.1976831365,-0.5978948485,1.2835748092,-0.2747639593,0.1591067385,0.1156056892,-0.0444860295,-0.3775836211,0.7013685483,1.2837991220,0.2244629280,0.1572046038,-0.0605764754
0.0004809802,-0.1171052803,0.8393942735,-0.0607480709,0.0073152007,-0.6910711664,0.7201921984,0.0886700478,0.2397634400,0.0727588592,0.1298385893,0.1633123888,-0.1048963956,0.0591654892,-0.0879544415,-0.1856180087,0.1536920074,0.2083380308,0.0827195447,0.0199905765,0.0964827429,-0.0155696913,0.0577657171,0.1972307281,-0.5980857040,1.2833061529,-0.2745530544,0.1593229558,0.1157138557,-0.0444461293,-0.3776210505,0.7011382750,1.2842596508,0.2247157867,0.1570880635,-0.0603990599
0.0008103206,-0.1169605269,0.8393966514,-0.0607119914,0.0073447627,-0.6911240520,0.7201441892,0.0883756709,0.2392038117,0.0732637852,0.1298602039,0.1625646464,-0.1046990427,0.0589778608,-0.0884456862,-0.1844768840,0.1537903730,0.2093776340,0.0829174576,0.0196671940,0.0965254024,-0.0155352437,0.0579130927,0.1967858899,-0.5982860935,1.2830160581,-0.2743328086,0.1595496570,0.1158268028,-0.0443908096,-0.3776580728,0.7008974262,1.2847265636,0.2249666362,0.1569630997,-0.0602126175
0.0007183960,-0.1169387779,0.8393872381,-0.0608017249,0.0074466078,-0.6909335730,0.7203183296,0.0885234778,0.2401505148,0.0725404843,0.1298350121,0.1648503250,-0.1056200176,0.0587617825,-0.0877236377,-0.1869030912,0.1534669719,0.2066426893,0.0825619401,0.0201518234,0.0970335952,-0.0155935403,0.0577668927,0.1971787405,-0.5978660522,1.2831986379,-0.2744397403,0.1591562247,0.1156120573,-0.0443145837,-0.3771422028,0.7013020199,1.2847199395,0.2247387558,0.1572362121,-0.0603247208
0.0005840363,-0.1169350756,0.8393825971,-0.0608393805,0.0074721114,-0.6909312698,0.7203170953,0.0885365920,0.2407201366,0.0727735389,0.1297737727,0.1655597499,-0.1061517921,0.0586201413,-0.0873237353,-0.1872020293,0.1535649598,0.2058631885,0.0824228641,0.0204310185,0.0974337887,-0.0155889402,0.0575696658,0.1977818891,-0.5975571295,1.2833766136,-0.2742836353,0.1591088818,0.1156608934,-0.0442638353,-0.3764501029,0.7017619606,1.2846476464,0.2244592344,0.1574477543,-0.0602928980
0.0004554880,-0.1169309030,0.8393784137,-0.0608698708,0.0074956791,-0.6909426056,0.7203034009,0.0885456777,0.2412745361,0.0730480254,0.1297349404,0.1662535878,-0.1066738807,0.0584781273,-0.0869369040,-0.1874581286,0.1536237864,0.2051160337,0.0822931830,0.0207514388,0.0978191394,-0.0155906106,0.0573745809,0.1983828848,-0.5972452811,1.2835334172,-0.2741128887,0.1590905234,0.1157316108,-0.0442063641,-0.3757593932,0.7022167753,1.2845656110,0.2241760466,0.1576631054,-0.0602503135
0.0003051203,-0.1169071278,0.8393926756,-0.0608539192,0.0074161317,-0.6910035483,0.7202471088,0.0887661022,0.2408539582,0.0731630606,0.1297825222,0.1644014695,-0.1064930270,0.0588801428,-0.0870177681,-0.1864750900,0.1536013306,0.2066100280,0.0822254986,0.0201816721,0.0977146160,-0.0154154273,0.0573310035,0.1977667294,-0.5977064775,1.2832604257,-0.2743134162,0.1590827338,0.1153922292,-0.0441314240,-0.3752208175,0.7021542678,1.2845539456,0.2242753070,0.1576113175,-0.0603191106
0.0003323940,-0.1169625582,0.8393996350,-0.0609440111,0.0073885580,-0.6909702467,0.7202717229,0.0890851450,0.2412400811,0.0739277634,0.1298085038,0.1641180157,-0.1075021692,0.0592464804,-0.0866896234,-0.1860117234,0.1535373943,0.2063158133,0.0818266663,0.0197290172,0.0980627544,-0.0151780880,0.0572602977,0.1971418246,-0.5982915085,1.2830935075,-0.2742006536,0.1591576035,0.1152847535,-0.0440269022,-0.3748753294,0.7020743960,1.2845325138,0.2243885374,0.1575274467,-0.0603549804
0.0003557282,-0.1169303583,0.8394061039,-0.0610439018,0.0073603200,-0.6909366444,0.7202957873,0.0894325781,0.2416456950,0.0746911393,0.1298060057,0.1638480929,-0.1085200679,0.0596052721,-0.0863426434,-0.1855498886,0.1535220354,0.2059935758,0.0814199086,0.0192886497,0.0984357955,-0.0149264361,0.0571740683,0.1965051038,-0.5988820557,1.2829388366,-0.2740730054,0.1592301382,0.1151786094,-0.0439154677,-0.3745419548,0.7019793529,1.2845057132,0.2245023769,0.1574412002,-0.0603920539
0.0002326124,-0.1169644198,0.8393778241,-0.0610048534,0.0073473069,-0.6911862599,0.7200597052,0.0893083590,0.2409135790,0.0721448323,0.1298828066,0.1646342312,-0.1066282038,0.0591447863,-0.0870929778,-0.1874803747,0.1536114824,0.2068882882,0.0816374370,0.0198346959,0.0981584552,-0.0145521846,0.0572700296,0.1968813211,-0.5988522815,1.2827783160,-0.2740137368,0.1592142421,0.1152253107,-0.0434052263,-0.3743029255,0.7022636836,1.2844228321,0.2243322877,0.1575977318,-0.0602121772
0.0002492827,-0.1169376951,0.8393743349,-0.0610616810,0.0073489904,-0.6913270771,0.7199196733,0.0895925331,0.2410363288,0.0714997081,0.1298815191,0.1648297861,-0.1076127391,0.0591073613,-0.0871478138,-0.1882543078,0.1537949022,0.2067615021,0.0806536130,0.0199319774,0.0980196403,-0.0144131172,0.0573187246,0.1970636805,-0.5988661049,1.2826749993,-0.2739889843,0.1592144262,0.1153210340,-0.0430424557,-0.3743766954,0.7024474123,1.2842774021,0.2241777274,0.1577784710,-0.0600061870
0.0002614441,-0.1169113806,0.8393694699,-0.0611476754,0.0073418811,-0.6914762770,0.7197691414,0.0899415499,0.2412060833,0.0708714539,0.1298963419,0.1650010026,-0.1086140898,0.0591341217,-0.0871579336,-0.1890142888,0.1539631263,0.2066316991,0.0796535492,0.0200458287,0.0979271947,-0.0142170774,0.0573637998,0.1972306877,-0.5988686701,1.2825753016,-0.2739677849,0.1592051785,0.1154149113,-0.0426941734,-0.3744601512,0.7026381097,1.2841421666,0.2240296779,0.1579595316,-0.0597969921
0.0000708820,-0.1171242155,0.8393909679,-0.0610262945,0.0073672349,-0.6912100290,0.7200348680,0.0894065219,0.2409805791,0.0718607071,0.1298768432,0.1644198622,-0.1057388281,0.0594267200,-0.0866333701,-0.1877004758,0.1535007327,0.2055839396,0.0820252663,0.0198755840,0.0976686657,-0.0140455849,0.0574374414,0.1975446560,-0.5988930805,1.2824784296,-0.2740383161,0.1591605307,0.1154967537,-0.0426303660,-0.3741368287,0.7031035225,1.2839877060,0.2237054036,0.1578021634,-0.0601177881
-0.0000759332,-0.1172704888,0.8393966210,-0.0610987386,0.0073867139,-0.6913099000,0.7199326376,0.0897437258,0.2411355674,0.0713380013,0.1299075521,0.1642429813,-0.1057216939,0.0598034544,-0.0862915545,-0.1885622977,0.1534426698,0.2041747512,0.0815497710,0.0200408461,0.0976331488,-0.0142480068,0.0573174793,0.1976346512,-0.5988112288,1.2823898147,-0.2741081652,0.1591382627,0.1155771130,-0.0430933514,-0.3738240269,0.7034372415,1.2838567012,0.2234507686,0.1578844284,-0.0600784061
-0.0002312858,-0.1173268252,0.8394014271,-0.0611887681,0.0074065429,-0.6914025740,0.7198357858,0.0900984293,0.2413340039,0.0707857441,0.1299343045,0.1640711520,-0.1057215670,0.0601958254,-0.0859089315,-0.1894499805,0.1534073813,0.2027486327,0.0810589223,0.0201812517,0.0976342157,-0.0144154150,0.0571747256,0.1977195942,-0.5987254041,1.2823197442,-0.2741811498,0.1591058492,0.1156476447,-0.0435998950,-0.3734991796,0.7037713124,1.2837676738,0.2231930448,0.1579756417,-0.0600196834
-0.0002110241,-0.1173990784,0.8393846848,-0.0609670702,0.0071679970,-0.6911891321,0.7200619555,0.0900218566,0.2415352937,0.0741530253,0.1299455483,0.1641221206,-0.1058233916,0.0599084337,-0.0865737547,-0.1867309249,0.1537319170,0.2063325540,0.0828289409,0.0202624450,0.0971146465,-0.0145746422,0.0571937545,0.1978486411,-0.5983890848,1.2822937141,-0.2742868785,0.1591786193,0.1156875886,-0.0436659414,-0.3738475922,0.7035688706,1.2840193255,0.2235022581,0.1578193890,-0.0599717978
-0.0001564832,-0.1173624946,0.8393913750,-0.0609183033,0.0070400315,-0.6911631276,0.7200923061,0.0901983445,0.2414603016,0.0757639405,0.1299215444,0.1636775223,-0.1059203311,0.0601416715,-0.0868576874,-0.1861951047,0.1538194756,0.2065588715,0.0833993566,0.0205073929,0.0967017146,-0.0148626070,0.0571427415,0.1979288397,-0.5980998091,1.2823281176,-0.2743747935,0.1592582435,0.1157172841,-0.0435931302,-0.3743442698,0.7032143440,1.2843133782,0.2238992278,0.1576160687,-0.0598833271
-0.0001100651,-0.1174163597,0.8393965126,-0.0608866103,0.0069053902,-0.6911209093,0.7201368100,0.0903921279,0.2414126295,0.0773246492,0.1299137010,0.1632215566,-0.1060330814,0.0603961265,-0.0871250839,-0.1857077934,0.1539725822,0.2067306554,0.0839599508,0.0207157912,0.0963120989,-0.0151222951,0.0571020457,0.1980155957,-0.5978291576,1.2823488561,-0.2744702219,0.1593360476,0.1157472831,-0.0434999874,-0.3748389727,0.7028527654,1.2846042653,0.2242955429,0.1574023698,-0.0598089726
-0.0000392453,-0.1176566953,0.8393947704,-0.0609276335,0.0072991832,-0.6911383049,0.7201127612,0.0902854862,0.2411317111,0.0731215727,0.1298704736,0.1636396017,-0.1059563844,0.0602044225,-0.0866924847,-0.1871787059,0.1534917158,0.2054776544,0.0823235550,0.0208271271,0.0966228663,-0.0149310771,0.0571807953,0.1982531690,-0.5973521251,1.2825437709,-0.2744133770,0.1593290876,0.1157260527,-0.0435411362,-0.3753184652,0.7026061285,1.2851400409,0.2244320398,0.1574225597,-0.0602202335
-0.0000643940,-0.1179133183,0.8394112031,-0.0608507525,0.0073825014,-0.6910525479,0.7202007086,0.0903694508,0.2410515022,0.0728829130,0.1299050425,0.1628402133,-0.1061808552,0.0604726749,-0.0866543190,-0.1873473329,0.1533614454,0.2047490724,0.0822872085,0.0210475417,0.0968037744,-0.0151607131,0.0571992675,0.1986145568,-0.5966391620,1.2826735657,-0.2744483737,0.1593321630,0.1158026129,-0.0439153883,-0.3756098133,0.7023383746,1.2856513337,0.2246774091,0.1571484117,-0.0605146648
-0.0000833796,-0.1181678127,0.8394273228,-0.0607826533,0.0074451920,-0.6909843089,0.7202712843,0.0905298068,0.2409487126,0.0727097365,0.1299260651,0.1620338767,-0.1063945195,0.0607637166,-0.0866406726,-0.1874581144,0.1532518066,0.2040210737,0.0822619511,0.0213231029,0.0969604932,-0.0153424402,0.0571903057,0.1989662108,-0.5959281718,1.2828497898,-0.2744786898,0.1593125502,0.1158755038,-0.0443105593,-0.3758931859,0.7020704913,1.2862055595,0.2249345239,0.1568345959,-0.0607867715
0.0002710493,-0.1184224074,0.8393965328,-0.0607681690,0.0074735938,-0.6909955202,0.7202614568,0.0906300965,0.2409008027,0.0729318611,0.1299986744,0.1632556002,-0.1056355876,0.0608075804,-0.0871147107,-0.1870462743,0.1536386556,0.2057569543,0.0829614503,0.0209282414,0.0967654667,-0.0152199486,0.0564553582,0.1994278288,-0.5954430400,1.2830553494,-0.2744536375,0.1593356001,0.1159885142,-0.0446128661,-0.3765931977,0.7019038809,1.2864639538,0.2247654804,0.1571241144,-0.0604804441
0.0005010360,-0.1186349667,0.8394016810,-0.0607873771,0.0074377429,-0.6908916833,0.7203598106,0.0910704168,0.2405081715,0.0728498045,0.1299768701,0.1623767862,-0.1052866202,0.0613651630,-0.0875767187,-0.1869298224,0.1536977409,0.2057550471,0.0836362594,0.0211315376,0.0966663883,-0.0154623777,0.0557365270,0.1998818337,-0.5949121523,1.2831352008,-0.2743771576,0.1593722107,0.1160067936,-0.0451153270,-0.3774007009,0.7016268592,1.2867788421,0.2246541893,0.1572343096,-0.0603117446
0.0007286545,-0.1188486088,0.8394053988,-0.0608284857,0.0073883124,-0.6907844998,0.7204596332,0.0915486730,0.2401323917,0.0727586682,0.1300021479,0.1614669753,-0.1049456755,0.0619796470,-0.0880243596,-0.1868269048,0.1537721781,0.2057344915,0.0843072895,0.0213557338,0.0965844216,-0.0156527071,0.0550084971,0.2003393280,-0.5944119471,1.2832182002,-0.2742964529,0.1594045006,0.1160148256,-0.0456124302,-0.3782045268,0.7013213070,1.2871288679,0.2245448264,0.1573062891,-0.0601437730
0.0008979823,-0.1189402691,0.8393925976,-0.0609587289,0.0072911912,-0.6910181052,0.7202255551,0.0922192325,0.2400347218,0.0742130273,0.1300653692,0.1621503212,-0.1054393862,0.0621759203,-0.0880855470,-0.1868878789,0.1537645366,0.2057335787,0.0833531136,0.0211669483,0.0968330518,-0.0160478860,0.0547342846,0.2032533832,-0.5895610501,1.2836203329,-0.2745290143,0.1592290874,0.1160921215,-0.0464055090,-0.3830275140,0.6958858340,1.2873267255,0.2249903906,0.1565088987,-0.0610984567
0.0010478420,-0.1190210812,0.8394010966,-0.0610451876,0.0071511521,-0.6911578756,0.7200855068,0.0929595234,0.2398420937,0.0753246705,0.1301072951,0.1614093015,-0.1053765947,0.0625638796,-0.0884759527,-0.1867831380,0.1539095133,0.2058183948,0.0839416951,0.0210767016,0.0969959692,-0.0164230724,0.0540293469,0.2064171197,-0.5845126987,1.2841353186,-0.2746579911,0.1589699643,0.1160306080,-0.0471191512,-0.3878091258,0.6903646876,1.2874542510,0.2253586077,0.1556500475,-0.0620396036
0.0012875494,-0.1190990460,0.8394089107,-0.0611397719,0.0069963775,-0.6912949236,0.7199474340,0.0937157536,0.2396305698,0.0764267811,0.1301811811,0.1606512233,-0.1053091338,0.0629773090,-0.0888823521,-0.1866758106,0.1540722512,0.2058957650,0.0845332405,0.0209890981,0.0971400846,-0.0167470509,0.0532849862,0.2095807168,-0.5794682595,1.2847193092,-0.2747695555,0.1586780941,0.1159314647,-0.0478124142,-0.3925960910,0.6848187843,1.2875721692,0.2257175485,0.1547866452,-0.0629791366
0.0026567790,-0.1193625681,0.8388956910,-0.0608459576,0.0074983365,-0.6919906004,0.7192986538,0.0932242238,0.2381371715,0.0759592960,0.1301538863,0.1582303347,-0.1042497541,0.0599373312,-0.0902466410,-0.1834280805,0.1561465946,0.2048622617,0.0833972057,0.0199965229,0.0967570872,-0.0164287240,0.0497519897,0.2263942142,-0.5612186784,1.2704586699,-0.2728023010,0.1558950526,0.1210795074,-0.0543477861,-0.4138457711,0.6624768725,1.2647609958,0.2274471251,0.1484795667,-0.0752359286
0.0040277857,-0.1196173889,0.8383972897,-0.0604487512,0.0079483476,-0.6926916920,0.7186522052,0.0927497337,0.2366041427,0.0776948847,0.1304564709,0.1541282942,-0.1030919610,0.0567043740,-0.0922349357,-0.1803113130,0.1589730857,0.2035179936,0.0836968093,0.0192435853,0.0961688199,-0.0155155489,0.0464773248,0.2436525337,-0.5429229595,1.2551191856,-0.2703456234,0.1535965369,0.1261753788,-0.0594937953,-0.4358652536,0.6392618225,1.2395543752,0.2286296912,0.1432252941,-0.0882700686
0.0054042931,-0.1198854713,0.8378131921,-0.0600473877,0.0083930232,-0.6934000154,0.7179974144,0.0922997048,0.2350532848,0.0794538069,0.1307854450,0.1499864546,-0.1019244238,0.0534189388,-0.0942545557,-0.1771586659,0.1619339023,0.2020970426,0.0840154616,0.0186195444,0.0955862128,-0.0145732230,0.0435645586,0.2610742198,-0.5247644106,1.2396273190,-0.2677703988,0.1514518856,0.1312566794,-0.0637911284,-0.4581239212,0.6157652248,1.2138414442,0.2294258373,0.1382779928,-0.1014034429
0.0070413938,-0.1204067099,0.8358280459,-0.0570230347,0.0084420429,-0.6985856661,0.7132006538,0.0913747304,0.2297035520,0.0901454143,0.1337494122,0.1377442989,-0.1005889445,0.0416632126,-0.0990602552,-0.1550391721,0.1656393910,0.1928602134,0.0928237312,0.0175145803,0.0911771573,-0.0093684043,0.0472774272,0.2787812744,-0.4991673413,1.2050331911,-0.2693591810,0.1464571887,0.1431149650,-0.0794948442,-0.4978035922,0.5569278834,1.1565483005,0.2381428833,0.1305565913,-0.1402918354
0.0086779748,-0.1210938002,0.8339029293,-0.0533373820,0.0094894197,-0.7037572349,0.7083719567,0.0891711051,0.2248386096,0.1008326817,0.1344874707,0.1265202880,-0.0992254991,0.0291627626,-0.1031584194,-0.1333011635,0.1663412450,0.1851295112,0.1013879702,0.0159998254,0.0880919351,-0.0081548862,0.0541780515,0.2950582113,-0.4739169126,1.1687172149,-0.2713564233,0.1420911132,0.1573852362,-0.0906133054,-0.5384806325,0.4985851677,1.0976964365,0.2458219474,0.1233444849,-0.1804505706
0.0103707414,-0.1219154815,0.8318949091,-0.0495439984,0.0106000134,-0.7088742360,0.7035128638,0.0868026174,0.2199748193,0.1114352725,0.1351585327,0.1152631381,-0.0978270671,0.0166837769,-0.1073279252,-0.1116216760,0.1668493697,0.1773625657,0.1099179726,0.0144178156,0.0851138254,-0.0073744216,0.0617770656,0.3110164670,-0.4485803980,1.1321039408,-0.2731618894,0.1378118870,0.1717993552,-0.0986757406,-0.5791190918,0.4393181624,1.0383139855,0.2519498270,0.1160239863,-0.2206109116
0.0115569797,-0.1206012278,0.8284888669,-0.0467041616,0.0124421754,-0.7139306437,0.6985463116,0.0812057394,0.2190251142,0.1215343918,0.1351414863,0.0944326511,-0.0961472822,-0.0013296690,-0.1230804041,-0.0932478702,0.1678682954,0.1366034497,0.1293835917,0.0154660067,0.0883596884,-0.0034294457,0.0731494549,0.3308303689,-0.4536779833,1.0694498090,-0.2613776250,0.1346530166,0.1763815602,-0.1119765257,-0.6132121709,0.3962468887,0.9807647991,0.2494073060,0.1135140559,-0.2510818257
0.0128575534,-0.1191782302,0.8250858187,-0.0435853714,0.0141733025,-0.7189280641,0.6935718215,0.0751861399,0.2174366583,0.1315518228,0.1355107791,0.0735391277,-0.0940445003,-0.0201000610,-0.1401065256,-0.0753209554,0.1708719722,0.0942186283,0.1481109235,0.0166449620,0.0911174100,0.0003434213,0.0852457985,0.3513678554,-0.4592656638,1.0044882668,-0.2499069138,0.1334396392,0.1811839672,-0.1235712708,-0.6472327249,0.3522299883,0.9225635943,0.2457857012,0.1119268908,-0.2811970542
0.0141847890,-0.1177937207,0.8216997607,-0.0402862004,0.0157976595,-0.7238373701,0.6886123131,0.0690064460,0.2153459930,0.1414256133,0.1358664239,0.0527464735,-0.0915455988,-0.0388798015,-0.1581316399,-0.0579706048,0.1744392773,0.0510256781,0.1661063274,0.0177229155,0.0936527687,0.0040039234,0.0972462107,0.3725493776,-0.4649998375,0.9400793732,-0.2386845321,0.1318290896,0.1850106244,-0.1334092231,-0.6812698768,0.3073869321,0.8646313392,0.2410956550,0.1099221332,-0.3105967660
0.0149173847,-0.1162666017,0.8179413678,-0.0388492364,0.0179472914,-0.7277136757,0.6845446937,0.0635738195,0.2180111628,0.1472718146,0.1361527411,0.0257951494,-0.0908727410,-0.0688743346,-0.1888964400,-0.0760431010,0.1940579033,0.0116524586,0.1574223298,0.0164916118,0.0996014492,0.0054938053,0.1119107716,0.4180689663,-0.4933228498,0.8429542546,-0.2124338673,0.1331835350,0.1658203364,-0.1364582573,-0.7221912080,0.2691042049,0.8141775482,0.2314017547,0.1126707819,-0.3276246427
0.0155251182,-0.1146551474,0.8141523202,-0.0369185001,0.0200814557,-0.7314743171,0.6805726140,0.0569357550,0.2200942025,0.1526982496,0.1370509507,-0.0011907285,-0.0898807629,-0.1006938691,-0.2207010216,-0.0928657456,0.2166119689,-0.0291636641,0.1486447168,0.0157929760,0.1047720604,0.0058160491,0.1272970658,0.4676897601,-0.5225026658,0.7434383036,-0.1877094976,0.1360139998,0.1444984923,-0.1368087119,-0.7629011155,0.2290037890,0.7640338920,0.2213321452,0.1153652224,-0.3435318366
0.0160759372,-0.1128861045,0.8102555887,-0.0347244260,0.0220174461,-0.7351457579,0.6766610384,0.0498711408,0.2215373424,0.1578483380,0.1381533993,-0.0280123572,-0.0884870795,-0.1330451039,-0.2534719604,-0.1083348073,0.2403266072,-0.0704355366,0.1398187306,0.0152783988,0.1094724645,0.0057435612,0.1420482066,0.5204253451,-0.5521313982,0.6440676868,-0.1648288322,0.1385788882,0.1215487823,-0.1350187589,-0.8034713421,0.1876790929,0.7142180517,0.2111131804,0.1181493554,-0.3588906201
0.0150207715,-0.1125595903,0.8069419558,-0.0322835615,0.0224593906,-0.7382278585,0.6734040216,0.0460606123,0.2220917495,0.1614500423,0.1406446629,-0.0522029712,-0.0876703146,-0.1674704368,-0.2885029204,-0.1224634627,0.2800114311,-0.0841331056,0.1418680592,0.0131482380,0.1092351261,0.0041982140,0.1536130284,0.5498987854,-0.5706113166,0.5790864522,-0.1616649319,0.1410667601,0.1030267446,-0.1344542208,-0.8396079896,0.1356177861,0.6602809403,0.2098758481,0.1187203945,-0.3757877166
0.0139023719,-0.1120799767,0.8035128859,-0.0297175770,0.0225746122,-0.7411741883,0.6702746266,0.0423312134,0.2217734058,0.1647355869,0.1429263009,-0.0760735239,-0.0864291510,-0.2017276302,-0.3246695377,-0.1354895775,0.3195645529,-0.0975568409,0.1437687949,0.0104580554,0.1088448087,0.0029186851,0.1635587463,0.5792509654,-0.5894647302,0.5172620650,-0.1596466442,0.1414633544,0.0844603039,-0.1328181649,-0.8752166784,0.0830480500,0.6064176065,0.2083225856,0.1194864963,-0.3926883685
0.0129272402,-0.1115198262,0.8001359246,-0.0270455084,0.0224202663,-0.7440007619,0.6672546279,0.0386128846,0.2208095233,0.1676598121,0.1452937613,-0.0998825782,-0.0848978760,-0.2359344257,-0.3617643261,-0.1473800244,0.3592076616,-0.1109986545,0.1454363054,0.0073935947,0.1080303332,0.0017358407,0.1731771571,0.6096258720,-0.6084922268,0.4557082637,-0.1586328600,0.1414898527,0.0659745722,-0.1296201538,-0.9098345829,0.0294684371,0.5525391021,0.2061799092,0.1203869546,-0.4094206265
0.0090202197,-0.1121216288,0.7977352417,-0.0224930439,0.0200873510,-0.7470502144,0.6640832316,0.0228096960,0.2202088452,0.1725602514,0.1826529740,-0.1190782919,-0.0898199552,-0.2607767807,-0.3943965042,-0.1581054231,0.3896957705,-0.1072506414,0.1595170265,0.0121668470,0.1011137337,-0.0013368970,0.1845316011,0.6299164795,-0.6108291554,0.4009910947,-0.1657574903,0.1435216400,0.0467893083,-0.1214014491,-0.9224105873,0.0010076025,0.4993566711,0.2003314662,0.1213351412,-0.4163191321
0.0051244659,-0.1128040327,0.7953894212,-0.0180749825,0.0180941719,-0.7500814769,0.6608507199,0.0055227149,0.2207291498,0.1772726464,0.2222638302,-0.1393110596,-0.0949183381,-0.2845855070,-0.4258298340,-0.1689836939,0.4172255340,-0.1019583659,0.1729601501,0.0151602614,0.0947980941,-0.0049680481,0.1976126029,0.6502195294,-0.6111484170,0.3466994918,-0.1729838712,0.1448351854,0.0278116463,-0.1156225903,-0.9338613247,-0.0241699582,0.4471122730,0.1939981608,0.1223130809,-0.4232322253
0.0011828832,-0.1134762550,0.7932201173,-0.0137566131,0.0160640595,-0.7530545903,0.6576180392,-0.0122590944,0.2214953285,0.1819812628,0.2630788564,-0.1601777586,-0.1000012965,-0.3078387144,-0.4570164537,-0.1796038087,0.4437167889,-0.0962694841,0.1859956118,0.0174862118,0.0886256648,-0.0085688206,0.2113698221,0.6707020577,-0.6108799218,0.2922712304,-0.1804985688,0.1460484464,0.0093196487,-0.1105029326,-0.9447977056,-0.0482348295,0.3952090288,0.1874371580,0.1233321330,-0.4299000165
-0.0027823665,-0.1154794063,0.7909082065,-0.0096057940,0.0154471242,-0.7555720069,0.6548129942,-0.0217004327,0.2234233374,0.1845941041,0.2862419522,-0.1756530791,-0.1058296376,-0.3267073859,-0.4610476310,-0.1664271978,0.4647697139,-0.0999778430,0.2094931780,0.0204786190,0.0825533716,-0.0146231972,0.2317958054,0.6823132029,-0.6139850726,0.2442623711,-0.1836418666,0.1490890184,-0.0134666621,-0.1040038348,-0.9685286895,-0.0792505105,0.3947956932,0.1923464032,0.1258125054,-0.4359877944
-0.0067959482,-0.1174475989,0.7887774343,-0.0059792483,0.0147562369,-0.7582049878,0.6518218304,-0.0298419519,0.2260887260,0.1877960576,0.3088402790,-0.1909580656,-0.1117138420,-0.3438888192,-0.4637297647,-0.1534185795,0.4840572703,-0.1030851873,0.2330494524,0.0236043238,0.0778396131,-0.0202039487,0.2519211723,0.6931061135,-0.6174224575,0.1971759784,-0.1868237863,0.1517075832,-0.0361198963,-0.0999129293,-0.9938939092,-0.1080057608,0.3995606357,0.1988730863,0.1248838537,-0.4413163699
-0.0118557013,-0.1206358343,0.7860112629,-0.0037349473,0.0138672783,-0.7612606781,0.6482869186,-0.0392520712,0.2337869154,0.1906281552,0.3454708975,-0.2164540796,-0.1200907313,-0.3649295601,-0.4642344167,-0.1373527096,0.5202778572,-0.1185688403,0.2560771368,0.0311018005,0.0747683032,-0.0230209164,0.2653602733,0.7029478909,-0.6249318769,0.1566430645,-0.1894317385,0.1523105147,-0.0596329884,-0.0985593058,-1.0190212323,-0.1364477035,0.4099792068,0.2044576397,0.1241668352,-0.4500704792
-0.0179809900,-0.1223063601,0.7832986120,0.0012386135,0.0134375096,-0.7655701044,0.6432109408,-0.0429658915,0.2382020610,0.1969330749,0.3574588941,-0.2275297078,-0.1273931923,-0.3809486155,-0.4597635352,-0.1311882198,0.5284981241,-0.1156367497,0.2577257002,0.0410868663,0.0690312080,-0.0289910075,0.2777930246,0.7048989395,-0.6161970471,0.1402859407,-0.1903834640,0.1561762947,-0.0711183638,-0.0983898431,-1.0246367831,-0.1566078247,0.4097038778,0.2100837488,0.1220933424,-0.4539282250
-0.0238736510,-0.1239044898,0.7809702790,0.0059913316,0.0130347120,-0.7699118103,0.6379890317,-0.0445757824,0.2425884667,0.2039900327,0.3654635284,-0.2363927068,-0.1345047215,-0.3941106148,-0.4543913577,-0.1262232536,0.5313624613,-0.1097740698,0.2592686806,0.0496796058,0.0632193537,-0.0345903891,0.2905500135,0.7053119266,-0.6056309522,0.1271464806,-0.1903336135,0.1582043731,-0.0828943250,-0.0993469988,-1.0283986022,-0.1751279260,0.4075777260,0.2145440083,0.1212778687,-0.4584256671
-0.0297426045,-0.1255626391,0.7786168101,0.0105502730,0.0125038143,-0.7742049307,0.6327235349,-0.0453855455,0.2470271976,0.2111859371,0.3727452587,-0.2448960935,-0.1415805374,-0.4062555752,-0.4488386918,-0.1215952723,0.5330772581,-0.1033571776,0.2608226502,0.0577623818,0.0575577197,-0.0396743537,0.3034615565,0.7051977185,-0.5945464514,0.1146402877,-0.1900263188,0.1596768970,-0.0948971319,-0.1008945239,-1.0319140420,-0.1930031754,0.4051571151,0.2187664983,0.1208237029,-0.4631498453
-0.0358085558,-0.1268048652,0.7761101379,0.0142305937,0.0111747739,-0.7766441776,0.6296796296,-0.0470194289,0.2511604676,0.2143790560,0.3829083370,-0.2530832033,-0.1496686344,-0.4160926294,-0.4439290144,-0.1161445499,0.5431319910,-0.1031317092,0.2579873129,0.0664250132,0.0498083772,-0.0432585516,0.3150516668,0.6987369219,-0.5842556842,0.1109063787,-0.1910947355,0.1619167360,-0.1003900927,-0.1082083225,-1.0413251140,-0.2084843873,0.4055819613,0.2239399894,0.1204311353,-0.4682635487
-0.0418843757,-0.1280752044,0.7735533600,0.0177937880,0.0095369683,-0.7789275725,0.6267888513,-0.0484458412,0.2548789693,0.2172915653,0.3935906466,-0.2615168911,-0.1575869447,-0.4260708739,-0.4396726704,-0.1106775815,0.5546197787,-0.1037974120,0.2552880791,0.0741152285,0.0424104357,-0.0459471898,0.3256051286,0.6906998814,-0.5742858223,0.1090230183,-0.1921421971,0.1633813522,-0.1054444726,-0.1178448781,-1.0519055492,-0.2220615713,0.4075800235,0.2295864735,0.1196105059,-0.4733169501
-0.0479611915,-0.1293238567,0.7709971797,0.0213289273,0.0077734989,-0.7811493189,0.6239313993,-0.0497805549,0.2584287522,0.2201794222,0.4044029866,-0.2699936389,-0.1654584060,-0.4360870116,-0.4355464158,-0.1051385190,0.5663545558,-0.1045809960,0.2526861644,0.0813114891,0.0350892117,-0.0482882142,0.3359099456,0.6820928175,-0.5642424740,0.1076561620,-0.1931396073,0.1645606540,-0.1105068118,-0.1286097985,-1.0628737402,-0.2346081532,0.4102674976,0.2353980521,0.1185504316,-0.4783604505
-0.0535097991,-0.1305674913,0.7680969199,0.0237865032,0.0077197835,-0.7813645564,0.6235736021,-0.0565381900,0.2659871468,0.2192130035,0.4202970643,-0.2817988480,-0.1753421219,-0.4472778969,-0.4328545126,-0.1034976509,0.5896032021,-0.1187366185,0.2504814139,0.0780648382,0.0307415826,-0.0495642150,0.3415075067,0.6748303035,-0.5683035824,0.0924270222,-0.1915006160,0.1666287252,-0.1219420372,-0.1331963278,-1.0703018070,-0.2454318493,0.4120400195,0.2381142950,0.1174498479,-0.4868758361
-0.0592258719,-0.1319982693,0.7651611867,0.0263596427,0.0077751268,-0.7813518853,0.6234853230,-0.0645971866,0.2738407141,0.2172802355,0.4380576997,-0.2945315730,-0.1855370169,-0.4595420457,-0.4305615260,-0.1019776077,0.6154966939,-0.1345776633,0.2482332572,0.0748103445,0.0263899339,-0.0514573212,0.3474422505,0.6686042468,-0.5731525798,0.0754660838,-0.1902397807,0.1698798921,-0.1331008328,-0.1357306348,-1.0776075193,-0.2579105481,0.4133981499,0.2404355481,0.1159439187,-0.4954523838
-0.0649040497,-0.1334622131,0.7621090093,0.0290529161,0.0078895930,-0.7813085230,0.6234185386,-0.0731992690,0.2817517653,0.2152968554,0.4563511204,-0.3075675576,-0.1957879015,-0.4723467311,-0.4283369312,-0.1002872168,0.6420449862,-0.1508047985,0.2459892362,0.0718059697,0.0218453323,-0.0537526416,0.3533419339,0.6628708778,-0.5783599395,0.0580055133,-0.1891027082,0.1734798828,-0.1441158749,-0.1371821111,-1.0847268570,-0.2712879190,0.4144129386,0.2426843066,0.1143919493,-0.5039739694
-0.0712289251,-0.1328412892,0.7604908074,0.0309817133,0.0117498176,-0.7805126219,0.6242612613,-0.0819065173,0.2957267996,0.2072952703,0.4546750111,-0.3054740744,-0.2070807553,-0.4824461121,-0.4180139037,-0.1082418326,0.6569644757,-0.1601509257,0.2394759852,0.0688166653,0.0240334692,-0.0601954990,0.3579431895,0.6552465296,-0.5728967305,0.0462786509,-0.1862181594,0.1790918751,-0.1500204068,-0.1394142351,-1.0819104532,-0.2858539524,0.4165522731,0.2514425320,0.1099349642,-0.5087473081
-0.0778336095,-0.1358824788,0.7563223423,0.0320947384,0.0106436696,-0.7798281146,0.6250797964,-0.0885252315,0.3046580391,0.1994790253,0.4822766276,-0.3275722924,-0.2185955617,-0.4982479783,-0.4185975914,-0.1027057873,0.7072312123,-0.1947588285,0.2391440886,0.0730500847,0.0188809477,-0.0619412961,0.3556739173,0.6509264502,-0.5760570522,0.0416636580,-0.1833241948,0.1819057660,-0.1595041489,-0.1405107661,-1.0794653649,-0.3001805570,0.4256212171,0.2575326619,0.1070201045,-0.5209408067
-0.0846720151,-0.1370021278,0.7529601503,0.0338001566,0.0111874990,-0.7789444260,0.6260814408,-0.0973081761,0.3152459627,0.1908136189,0.4990557744,-0.3396879619,-0.2305708202,-0.5143851450,-0.4155840146,-0.1018083546,0.7473788016,-0.2208995920,0.2356122786,0.0743587507,0.0149999138,-0.0646316416,0.3542396279,0.6458330116,-0.5760806039,0.0360072675,-0.1805256072,0.1846384146,-0.1676959388,-0.1412881500,-1.0764591148,-0.3162235332,0.4318977623,0.2652470364,0.1027772749,-0.5299534453
-0.0897698251,-0.1376187927,0.7504349507,0.0362512332,0.0126385199,-0.7786416033,0.6262933574,-0.1048628238,0.3236398548,0.1870577313,0.5062458126,-0.3462023538,-0.2392336941,-0.5286892875,-0.4116047379,-0.1007492906,0.7731083674,-0.2404709288,0.2299053780,0.0755709058,0.0124267946,-0.0667401816,0.3526437992,0.6413424613,-0.5785349178,0.0333416772,-0.1785095203,0.1871265375,-0.1731626220,-0.1452868352,-1.0688173668,-0.3293652059,0.4240307475,0.2704764418,0.0967135559,-0.5405071713
-0.0948519165,-0.1382143270,0.7482493807,0.0386031009,0.0141852780,-0.7784538824,0.6263530406,-0.1111818405,0.3320103892,0.1840207162,0.5110297244,-0.3514511574,-0.2477635781,-0.5416197420,-0.4069323447,-0.1001301949,0.7959076442,-0.2584315809,0.2241278465,0.0766107697,0.0101103673,-0.0687819041,0.3511378731,0.6364257105,-0.5806216429,0.0311142296,-0.1766519812,0.1893951281,-0.1781926866,-0.1490727017,-1.0597624265,-0.3423791517,0.4137059576,0.2744948949,0.0920389934,-0.5521141893
-0.0995840270,-0.1388015314,0.7461795015,0.0410763941,0.0154760143,-0.7782207452,0.6264548623,-0.1171453141,0.3391909265,0.1812915495,0.5151454658,-0.3563248395,-0.2556659263,-0.5539985045,-0.4029997390,-0.0990896383,0.8173047410,-0.2754206342,0.2188475817,0.0774231629,0.0074827086,-0.0705765005,0.3495945505,0.6310934224,-0.5826943214,0.0290060991,-0.1747359167,0.1915835735,-0.1831859401,-0.1526893537,-1.0504328319,-0.3555167126,0.4025083857,0.2780063378,0.0878858585,-0.5640549917
-0.1045239900,-0.1373986568,0.7470269823,0.0441390080,0.0200926872,-0.7783417459,0.6259649819,-0.1171235549,0.3480943672,0.1802525809,0.4857105343,-0.3358176246,-0.2613683011,-0.5599796076,-0.3900566647,-0.1063398928,0.8096263619,-0.2745128218,0.2102980920,0.0726529939,0.0088334405,-0.0762700815,0.3533087213,0.6229289556,-0.5837191308,0.0295987694,-0.1722856159,0.1945048415,-0.1848427769,-0.1466891048,-1.0409207184,-0.3589689771,0.3786032273,0.2734082628,0.0859568300,-0.5673769103
-0.1075657401,-0.1381497341,0.7470095597,0.0477972171,0.0210166421,-0.7780678495,0.6260065082,-0.1159352079,0.3465704901,0.1801286681,0.4698746408,-0.3274957351,-0.2617999973,-0.5667046739,-0.3883245839,-0.1042419471,0.8133811129,-0.2819455606,0.2086783560,0.0703948626,0.0064594073,-0.0799712795,0.3549080673,0.6144781280,-0.5902767712,0.0314681984,-0.1697350311,0.1964020769,-0.1881530645,-0.1402798757,-1.0347319114,-0.3619361466,0.3577581207,0.2666161396,0.0857297676,-0.5741222025
-0.1105656535,-0.1389634610,0.7468305363,0.0518800547,0.0210619073,-0.7776046792,0.6262553942,-0.1149694632,0.3426803400,0.1796631964,0.4551261499,-0.3197871123,-0.2618000000,-0.5747675774,-0.3890402343,-0.1003541079,0.8199712635,-0.2907973786,0.2076966976,0.0680603614,0.0022570655,-0.0829014503,0.3555529799,0.6060657475,-0.5976193095,0.0338725030,-0.1672976292,0.1980237583,-0.1914193061,-0.1335717979,-1.0289914748,-0.3655783702,0.3372029961,0.2599300955,0.0856020858,-0.5808430926
-0.1126564443,-0.1396364856,0.7473945732,0.0545804580,0.0222847725,-0.7772651086,0.6264050714,-0.1091328115,0.3408938360,0.1796084997,0.4303957562,-0.3076801279,-0.2618000000,-0.5777031329,-0.3866300427,-0.0997082167,0.8176175708,-0.2927047630,0.2065591875,0.0661971742,0.0016920681,-0.0862780492,0.3523384571,0.5987883883,-0.6021343852,0.0394199594,-0.1638645987,0.1990450771,-0.1926160878,-0.1261637324,-1.0123451066,-0.3643470625,0.3285445171,0.2589931310,0.0860191429,-0.5842569424
-0.1147866679,-0.1402884195,0.7481367860,0.0566903257,0.0235451724,-0.7770587579,0.6264275844,-0.1018384217,0.3398630050,0.1798810208,0.4047908386,-0.2952663067,-0.2618000000,-0.5786110387,-0.3831319608,-0.0998512492,0.8134683676,-0.2938347088,0.2052814395,0.0643395660,0.0019001785,-0.0888026214,0.3491470170,0.5912228425,-0.6061727427,0.0456220155,-0.1604017234,0.1996358334,-0.1938402858,-0.1198773250,-0.9956816252,-0.3619582668,0.3211428226,0.2583079304,0.0854978513,-0.5875982179
-0.1168621919,-0.1409342279,0.7490215789,0.0585586751,0.0247546649,-0.7769169028,0.6263850368,-0.0941696958,0.3389822541,0.1801304761,0.3794050823,-0.2830014458,-0.2618000000,-0.5787695206,-0.3793449009,-0.1001468840,0.8088756605,-0.2947950253,0.2040392311,0.0624454766,0.0025294814,-0.0908276211,0.3459959253,0.5833144199,-0.6099758554,0.0520082765,-0.1568921297,0.2000992088,-0.1950863928,-0.1141634834,-0.9792437179,-0.3590407669,0.3142101925,0.2576470897,0.0847198996,-0.5909361347
-0.1184376034,-0.1411612796,0.7501071821,0.0591909390,0.0266220038,-0.7757943055,0.6276391457,-0.0856097467,0.3402484799,0.1803555188,0.3494175307,-0.2669252557,-0.2618000000,-0.5754045177,-0.3758336630,-0.1053939892,0.8014604204,-0.2917719093,0.2027154975,0.0596810885,0.0041842637,-0.0938337842,0.3416062699,0.5775336963,-0.6164577354,0.0559791673,-0.1555014595,0.1994120813,-0.1952802384,-0.1092199362,-0.9647260806,-0.3548807860,0.3109453598,0.2587995984,0.0851113863,-0.5911742524
-0.1200023905,-0.1413872991,0.7512877793,0.0595425182,0.0285058879,-0.7746989314,0.6288749228,-0.0766232776,0.3419201643,0.1805033649,0.3194800324,-0.2509919800,-0.2618000000,-0.5709004202,-0.3718148731,-0.1111273520,0.7930431909,-0.2886693656,0.2003887568,0.0570504904,0.0063049444,-0.0964839331,0.3372363534,0.5716803615,-0.6231696707,0.0597408090,-0.1545476860,0.1988565547,-0.1951692385,-0.1046175225,-0.9507182575,-0.3504118342,0.3086115388,0.2602978428,0.0851110984,-0.5909858956
-0.1215600699,-0.1416995632,0.7526082611,0.0597584691,0.0303674466,-0.7736401070,0.6300696218,-0.0676125332,0.3437847390,0.1806139431,0.2901140538,-0.2353904649,-0.2618000000,-0.5659520741,-0.3675947388,-0.1169622859,0.7843165905,-0.2854590287,0.1980408195,0.0545056712,0.0086347851,-0.0988942219,0.3328805739,0.5656968907,-0.6298603854,0.0635004207,-0.1536535119,0.1983538514,-0.1949793791,-0.1001118165,-0.9368575895,-0.3458363579,0.3065743734,0.2618671018,0.0849187349,-0.5907364012
-0.1229117736,-0.1419098154,0.7537799277,0.0588267921,0.0327407311,-0.7725844044,0.6313325519,-0.0592955583,0.3483835576,0.1797969312,0.2645187120,-0.2185392571,-0.2618000000,-0.5581925839,-0.3615924162,-0.1244622613,0.7732013594,-0.2809939897,0.1975934254,0.0545450196,0.0134334547,-0.1010139776,0.3274735951,0.5636662308,-0.6335698271,0.0640510667,-0.1537006741,0.1972912858,-0.1949516656,-0.0971463320,-0.9242656172,-0.3375424284,0.3081368452,0.2647885995,0.0851849370,-0.5888322543
-0.1241390654,-0.1421909739,0.7550198689,0.0576012409,0.0351926317,-0.7715866057,0.6325327546,-0.0511047836,0.3537557086,0.1789863294,0.2399783283,-0.2023121977,-0.2618000000,-0.5495508673,-0.3548647208,-0.1324495451,0.7610202752,-0.2766024134,0.1953387458,0.0544378731,0.0188839806,-0.1027606016,0.3224014895,0.5616095040,-0.6368370427,0.0639949381,-0.1539757055,0.1964105811,-0.1949268466,-0.0952245645,-0.9120936762,-0.3283284839,0.3107792757,0.2679837445,0.0850398819,-0.5868171363
-0.1254545777,-0.1423839419,0.7563111041,0.0562524996,0.0376602950,-0.7705991261,0.6337147192,-0.0430209553,0.3594922230,0.1782091822,0.2161009914,-0.1864296735,-0.2618000000,-0.5405431945,-0.3478108093,-0.1405279031,0.7484130276,-0.2720449095,0.1930717068,0.0541218290,0.0246139843,-0.1043358825,0.3175884889,0.5594182804,-0.6399254890,0.0641887021,-0.1542933381,0.1951050514,-0.1947859138,-0.0936486231,-0.9000847882,-0.3188788491,0.3142800223,0.2711350764,0.0842365912,-0.5843862775
-0.1248787715,-0.1422117414,0.7571254022,0.0556440781,0.0388822840,-0.7698898308,0.6345561858,-0.0379909464,0.3593979124,0.1750988944,0.1995015868,-0.1771432375,-0.2618000000,-0.5347371463,-0.3465089608,-0.1463291219,0.7372487087,-0.2655723621,0.1942511609,0.0541137676,0.0289413853,-0.1064167524,0.3145028189,0.5597491671,-0.6419932483,0.0676287070,-0.1542890293,0.1948687086,-0.1966146395,-0.0959059110,-0.8955210732,-0.3151117166,0.3039971649,0.2704494850,0.0825440275,-0.5840054562
-0.1243951960,-0.1420274871,0.7579602807,0.0553670440,0.0400347342,-0.7691216133,0.6354397331,-0.0340981253,0.3590058697,0.1716840960,0.1840860776,-0.1684344712,-0.2618000000,-0.5299350121,-0.3456291820,-0.1515497401,0.7269483399,-0.2600773718,0.1947685297,0.0541423366,0.0326598642,-0.1087958139,0.3110665247,0.5601429807,-0.6440659076,0.0712662797,-0.1541290369,0.1945531695,-0.1987793992,-0.0971573629,-0.8902962096,-0.3123892280,0.2918056542,0.2691588397,0.0821982943,-0.5839023528
-0.1240556101,-0.1418522675,0.7587951381,0.0552157272,0.0412079810,-0.7683363798,0.6363272218,-0.0306107579,0.3586552730,0.1681829680,0.1690316613,-0.1598803118,-0.2618000000,-0.5254978873,-0.3448271651,-0.1566794804,0.7169151322,-0.2547442565,0.1952426939,0.0543203729,0.0360807470,-0.1114198030,0.3075283606,0.5607170151,-0.6462542921,0.0749739491,-0.1539455980,0.1941928096,-0.2010122799,-0.0977899288,-0.8846621436,-0.3101653393,0.2788799632,0.2676435237,0.0823213796,-0.5838736765
-0.1229719481,-0.1417686542,0.7587032247,0.0555744476,0.0414159252,-0.7674562124,0.6373438349,-0.0356680596,0.3561595521,0.1603463893,0.1742738829,-0.1655342259,-0.2618000000,-0.5244464371,-0.3481560956,-0.1590500905,0.7138970941,-0.2548622616,0.1953389649,0.0542589111,0.0383874055,-0.1115223188,0.3023248637,0.5625399543,-0.6518411094,0.0765406781,-0.1521680734,0.1932882799,-0.2033279022,-0.0983077510,-0.8854238205,-0.3128079675,0.2836071036,0.2724818500,0.0839019785,-0.5853108702
-0.1223430765,-0.1442179605,0.7578179384,0.0569186569,0.0392858317,-0.7668016256,0.6381474414,-0.0401629897,0.3492448304,0.1537128378,0.1921411702,-0.1826746870,-0.2618000000,-0.5258471305,-0.3578444357,-0.1551551321,0.7252004994,-0.2650253954,0.1999755867,0.0587384818,0.0308370367,-0.1123473521,0.2960056915,0.5722894194,-0.6606065400,0.0786127914,-0.1507048895,0.1915990955,-0.2076600575,-0.0980191990,-0.8811610802,-0.3151380955,0.2936213984,0.2763859711,0.0843682795,-0.5913429438
-0.1212214629,-0.1434602203,0.7577405835,0.0575177141,0.0398959060,-0.7659219745,0.6391115382,-0.0466568745,0.3468940859,0.1457723680,0.1958651847,-0.1861724032,-0.2618000000,-0.5269393229,-0.3608276112,-0.1581921513,0.7220369055,-0.2618314140,0.2008245101,0.0577745226,0.0346011096,-0.1127729350,0.2920235190,0.5727525015,-0.6653008449,0.0785252042,-0.1490247107,0.1912737253,-0.2087352651,-0.0992254540,-0.8842086518,-0.3174919038,0.2995038758,0.2824387982,0.0837048283,-0.5901870127
-0.1156549416,-0.1430273422,0.7565128806,0.0603803083,0.0354306268,-0.7646726794,0.6406048567,-0.0669025583,0.3278608498,0.1415836189,0.2372966738,-0.2132455690,-0.2618000000,-0.5343486058,-0.3817651506,-0.1455580420,0.7291273211,-0.2626648718,0.2118422550,0.0597769047,0.0257410422,-0.1124674203,0.2844984754,0.5777811434,-0.6711203261,0.0766164031,-0.1491017220,0.1894111041,-0.2118018352,-0.1058270281,-0.8960427278,-0.3253233185,0.3026005969,0.2846820482,0.0815361362,-0.5956291423
-0.1099983064,-0.1419198739,0.7551857692,0.0640715824,0.0312718252,-0.7633620939,0.6420243133,-0.0911310127,0.3081371049,0.1376909956,0.2807673062,-0.2400266033,-0.2618000000,-0.5449780941,-0.4026433408,-0.1322888205,0.7352428358,-0.2613987710,0.2222086922,0.0603170806,0.0181760393,-0.1121824314,0.2774772029,0.5802022625,-0.6752280897,0.0734093316,-0.1493963041,0.1882046047,-0.2138305794,-0.1134923738,-0.9099368800,-0.3331734941,0.3036733451,0.2865825045,0.0798724946,-0.5991816987
-0.1043389462,-0.1407178619,0.7540004467,0.0681379091,0.0273570229,-0.7619450297,0.6434660755,-0.1171896481,0.2881191972,0.1344115153,0.3259486239,-0.2676194093,-0.2618000000,-0.5565199549,-0.4234799715,-0.1188622149,0.7405773775,-0.2596271006,0.2325635944,0.0602742522,0.0109499140,-0.1126624461,0.2707258215,0.5819337997,-0.6789402396,0.0699611106,-0.1495874902,0.1873606935,-0.2156991551,-0.1216987399,-0.9242550087,-0.3405266477,0.3044707324,0.2884033460,0.0785943692,-0.6024016206
-0.0995070656,-0.1390604703,0.7508166742,0.0708756012,0.0241568875,-0.7621894817,0.6430087775,-0.1487764583,0.2790122380,0.1428156354,0.3908031819,-0.2931049276,-0.2618000000,-0.5744581864,-0.4375351735,-0.0999594105,0.7556051794,-0.2647204903,0.2409064535,0.0604958088,0.0041437712,-0.1107563933,0.2680520217,0.5874933040,-0.6818375869,0.0739700641,-0.1486432523,0.1879322702,-0.2176194889,-0.1296944134,-0.9416641922,-0.3502250059,0.3119748310,0.2925148995,0.0787598178,-0.6033154840
-0.0949103739,-0.1371198883,0.7475605948,0.0738079115,0.0216347615,-0.7628012680,0.6420424868,-0.1846329284,0.2723775181,0.1511931237,0.4623591537,-0.3215850638,-0.2618000000,-0.5948064325,-0.4491782913,-0.0806585851,0.7711738851,-0.2697277037,0.2481720587,0.0622730628,-0.0023860992,-0.1097638971,0.2648928416,0.5933595627,-0.6847143838,0.0786916884,-0.1473552944,0.1878618631,-0.2199306891,-0.1386281851,-0.9597056944,-0.3598056571,0.3218181392,0.2976098580,0.0779518398,-0.6031213590
-0.0902244021,-0.1347536186,0.7434660193,0.0777155873,0.0206697248,-0.7637712924,0.6404580103,-0.2327518510,0.2696764002,0.1580103254,0.5516868745,-0.3585663526,-0.2618000000,-0.6243207365,-0.4584032782,-0.0588161465,0.7939333498,-0.2772600459,0.2548476086,0.0672846990,-0.0097710117,-0.1111219803,0.2591584138,0.6021369099,-0.6887212972,0.0835767658,-0.1466648069,0.1869104050,-0.2232386322,-0.1490534836,-0.9783450431,-0.3704899616,0.3360032279,0.3039169235,0.0758863320,-0.6030260401
-0.0853289453,-0.1321416902,0.7385604580,0.0782124552,0.0228105841,-0.7645110023,0.6394414879,-0.2468238747,0.3085758942,0.1447051873,0.5874260496,-0.3656471828,-0.2618000000,-0.6474780174,-0.4612780089,-0.0482314028,0.8114814157,-0.2787159436,0.2617991310,0.0704871995,-0.0117939775,-0.1158460567,0.2574570242,0.6093126146,-0.6919110763,0.0847112310,-0.1444396814,0.1864337993,-0.2262332906,-0.1572925909,-0.9909289541,-0.3778332886,0.3479009167,0.3107543689,0.0742136778,-0.6014342320
-0.0813060646,-0.1274984732,0.7338690015,0.0775231844,0.0259059176,-0.7661009348,0.6375016839,-0.2641560711,0.3521143998,0.1298186787,0.6246093064,-0.3705652084,-0.2618000000,-0.6735248465,-0.4555680974,-0.0376778074,0.8310853234,-0.2788896201,0.2617999999,0.0769432884,-0.0136233349,-0.1175947585,0.2535185339,0.6203329550,-0.6944310673,0.0848642286,-0.1424677182,0.1857210931,-0.2300249611,-0.1678005216,-1.0015748129,-0.3857435764,0.3620224752,0.3179887043,0.0720821784,-0.6009501552
-0.0768043873,-0.1224939676,0.7281513749,0.0770781586,0.0303000955,-0.7682557615,0.6347629059,-0.2890410303,0.3980352470,0.1124442969,0.6715737215,-0.3803489768,-0.2618000000,-0.7064463379,-0.4472089756,-0.0255711302,0.8575144758,-0.2814159109,0.2618000000,0.0874945705,-0.0149815563,-0.1201801379,0.2471342418,0.6341816215,-0.6984662044,0.0836278512,-0.1413676173,0.1848460681,-0.2348095405,-0.1797574604,-1.0141179131,-0.3949435200,0.3807928883,0.3264435894,0.0686376555,-0.6006404617
-0.0579418437,-0.1075328166,0.7285730486,0.0843790828,0.0316359114,-0.7678919267,0.6342092151,-0.3143050380,0.3919071611,0.1032031861,0.6613656964,-0.3590459600,-0.2618000000,-0.7396005422,-0.4608258460,-0.0078749653,0.8056043452,-0.2119546464,0.2618000000,0.0876937214,-0.0199700318,-0.1174637343,0.2292878765,0.6378583389,-0.7024221660,0.0851612672,-0.1387866203,0.1851210570,-0.2378265998,-0.2032520695,-1.0410142751,-0.4022095186,0.3871929568,0.3260130705,0.0670421212,-0.5982671405
-0.0397323471,-0.0924624691,0.7293308075,0.0929377526,0.0325624484,-0.7673095001,0.6336705706,-0.3380345204,0.3838718482,0.0960909681,0.6454749109,-0.3343883002,-0.2618000000,-0.7705156230,-0.4746098352,0.0093748948,0.7471944373,-0.1399621560,0.2618000000,0.0877462290,-0.0273697333,-0.1153621628,0.2090665301,0.6410773053,-0.7070596855,0.0885367052,-0.1363318384,0.1853954475,-0.2414062221,-0.2298708326,-1.0691400957,-0.4078366491,0.3960812535,0.3251158573,0.0667637768,-0.5963447684
-0.0219555220,-0.0784685209,0.7295812045,0.1010221034,0.0324297419,-0.7665502612,0.6333589373,-0.3582081583,0.3750978107,0.0897792697,0.6309634689,-0.3123418194,-0.2618000000,-0.7967653415,-0.4899393024,0.0257859271,0.6886932873,-0.0706100189,0.2618000000,0.0869241927,-0.0358558772,-0.1137252526,0.1912807552,0.6450202052,-0.7121450428,0.0922586807,-0.1339888206,0.1853541152,-0.2451832540,-0.2550766051,-1.0972277210,-0.4118493816,0.4055402620,0.3242094380,0.0667216448,-0.5943727306
-0.0084071808,-0.0686702265,0.7294319857,0.1020643904,0.0364647921,-0.7663337630,0.6332343507,-0.3745847324,0.3702094649,0.0820531501,0.6337608678,-0.3219280525,-0.2618000000,-0.7939846894,-0.4910128037,0.0240940140,0.6222532192,-0.0064730057,0.2618000000,0.0908316998,-0.0374520567,-0.1185892087,0.1807677266,0.6531516514,-0.7175130927,0.1025515935,-0.1321532363,0.1861736704,-0.2483156280,-0.2755101624,-1.1038295328,-0.4042735661,0.4376227881,0.3338085038,0.0669888952,-0.5870536274
0.0051716694,-0.0593461584,0.7295589360,0.1012140563,0.0400448617,-0.7662082497,0.6333064360,-0.3868065427,0.3668790537,0.0731594451,0.6370632437,-0.3329613436,-0.2618000000,-0.7856914053,-0.4909432328,0.0199301667,0.5561070877,0.0564812061,0.2618000000,0.0927192689,-0.0368085025,-0.1210685007,0.1723035508,0.6601364322,-0.7207100542,0.1141829764,-0.1301229385,0.1867748225,-0.2509565264,-0.2961850102,-1.1079193534,-0.3947525559,0.4681455772,0.3427995316,0.0655413328,-0.5794076506
0.0187696749,-0.0507685716,0.7295827642,0.0980679204,0.0426195385,-0.7662270251,0.6336106090,-0.3941250491,0.3648220988,0.0632822521,0.6435733618,-0.3476101564,-0.2618000000,-0.7718044250,-0.4902669764,0.0144374937,0.4928685957,0.1165517643,0.2618000000,0.0942995659,-0.0332429575,-0.1229651659,0.1690308647,0.6665209369,-0.7246328214,0.1253718457,-0.1273974646,0.1862840526,-0.2536888042,-0.3169457729,-1.1138154261,-0.3804326273,0.5021005265,0.3528021407,0.0626420157,-0.5703442322
0.0328756366,-0.0419563707,0.7280712127,0.1031196034,0.0419454054,-0.7607893037,0.6393798289,-0.4327720794,0.3377242596,0.0752829067,0.6680285382,-0.3467135194,-0.2618000000,-0.7353026797,-0.5237278914,-0.0096246870,0.3779999056,0.1860595846,0.2618000000,0.0737315767,-0.0404653115,-0.1211691691,0.1502318333,0.6743982584,-0.7318129226,0.1215695033,-0.1276044564,0.1836487366,-0.2577788480,-0.3321633891,-1.1221029001,-0.3824767289,0.5162360143,0.3526027941,0.0615982848,-0.5705337551
0.0474188794,-0.0322296749,0.7273371246,0.1044058876,0.0425603995,-0.7546221242,0.6464003966,-0.4736373445,0.3160996871,0.0816201118,0.6977235614,-0.3460747194,-0.2618000000,-0.6947185262,-0.5485891092,-0.0435328182,0.2684547477,0.2522601716,0.2618000000,0.0528861096,-0.0415305539,-0.1193835690,0.1352844917,0.6852532551,-0.7423882930,0.1146865603,-0.1287023382,0.1811952705,-0.2617069197,-0.3417844810,-1.1301991647,-0.3854753047,0.5316272439,0.3527280687,0.0610532535,-0.5704131464
0.0624004251,-0.0221115895,0.7275707072,0.1031474579,0.0448197067,-0.7484718651,0.6535607570,-0.5143424881,0.2997102316,0.0858558185,0.7267973593,-0.3435791954,-0.2618000000,-0.6576361426,-0.5626103529,-0.0813840634,0.1712655955,0.3112663273,0.2618000000,0.0330346623,-0.0366500105,-0.1169560105,0.1216251819,0.6963877719,-0.7540752927,0.1064209222,-0.1301600553,0.1791542975,-0.2650987635,-0.3485698645,-1.1380216674,-0.3897413969,0.5466842783,0.3529940751,0.0602621427,-0.5700567202
0.0896940027,-0.0462069322,0.7293874432,0.0851706567,0.0530350739,-0.7490240602,0.6549016700,-0.4857578991,0.3097642350,0.0789940686,0.7780944087,-0.4124858036,-0.2618000000,-0.5619947435,-0.5608554364,-0.1344428530,0.1442313968,0.2635741483,0.2618000000,0.0364255386,0.0173175344,-0.1262483096,0.1302121575,0.6938327870,-0.7848278193,0.0969552223,-0.1319066258,0.1799096034,-0.2640081178,-0.3432249927,-1.1506749617,-0.3751700671,0.5697850525,0.3597535723,0.0535645164,-0.5567498975
0.1153029946,-0.0736213832,0.7308755976,0.0653955532,0.0577105685,-0.7501941945,0.6554399915,-0.4333961501,0.3203308507,0.0817987543,0.8149435003,-0.4812527363,-0.2618000000,-0.4763574288,-0.5596284093,-0.1768150184,0.1582604652,0.1866050449,0.2618000000,0.0355465592,0.0666589893,-0.1291994761,0.1399520373,0.6893972158,-0.8104151144,0.0952994668,-0.1331222303,0.1803655341,-0.2639813155,-0.3396505555,-1.1566264830,-0.3602641929,0.5860535692,0.3631928534,0.0508263457,-0.5457314185
0.1412435730,-0.1029912169,0.7317711323,0.0470577423,0.0593939901,-0.7489468680,0.6582830028,-0.3721325108,0.3181257525,0.0895308936,0.8431851849,-0.5493185538,-0.2514674013,-0.3885153294,-0.5681381315,-0.2233321176,0.1830401742,0.0997088586,0.2618000000,0.0259152039,0.1098385536,-0.1420169830,0.1640369841,0.6867478456,-0.8371256272,0.0924865115,-0.1332332331,0.1789857902,-0.2657632874,-0.3243982766,-1.1592437805,-0.3443046457,0.5979484213,0.3640548052,0.0510011080,-0.5346715371
0.1727437777,-0.1056890966,0.7357482651,0.0450981515,0.0496697222,-0.7438092234,0.6650164770,-0.3518936870,0.2478099297,0.1184482108,0.8364137181,-0.5534220012,-0.1857910113,-0.3904032347,-0.5903474278,-0.2222012833,0.2717614536,0.0503768299,0.2454984331,0.0022178605,0.1166895421,-0.1241117659,0.1610183497,0.6744982499,-0.8528364734,0.0904977812,-0.1329558075,0.1779161663,-0.2631452184,-0.3241230113,-1.1605393995,-0.3240398238,0.6068397599,0.3645812329,0.0506173845,-0.5203987175
0.1966916729,-0.1060792045,0.7422584666,0.0423178150,0.0515000862,-0.7418188898,0.6672793107,-0.3455222705,0.2130428512,0.1408550511,0.8167140918,-0.5444942775,-0.1364505693,-0.4301880320,-0.5756974772,-0.2166042620,0.3977504134,-0.0212492428,0.2057425502,-0.0012171265,0.1391179108,-0.1096367837,0.1393171825,0.6648462849,-0.8715379165,0.0897538041,-0.1308405932,0.1758086516,-0.2645105645,-0.3369543635,-1.1663234682,-0.3073309335,0.6226692334,0.3640871717,0.0530957151,-0.5146319732
0.2197484506,-0.1040493994,0.7484842944,0.0405903684,0.0540405826,-0.7393400794,0.6699315520,-0.3463886158,0.1790803443,0.1610512130,0.7953317352,-0.5292936969,-0.0884424792,-0.4808479957,-0.5599895186,-0.2094184713,0.5325611415,-0.0940771543,0.1633506815,-0.0084580583,0.1589828500,-0.0973322150,0.1174873045,0.6548833726,-0.8890386144,0.0924194213,-0.1309086188,0.1742428905,-0.2646238013,-0.3516397567,-1.1690031521,-0.2877923970,0.6392396476,0.3640611703,0.0545067231,-0.5059354685
0.2374749761,-0.0992579866,0.7486353033,0.0479026927,0.0515710527,-0.7410300750,0.6677725559,-0.3629769034,0.1473913440,0.2089288381,0.8007235458,-0.5093732297,-0.0486723581,-0.5441736211,-0.5721129064,-0.2501820014,0.6888653811,-0.1727326514,0.1222953868,0.0003574148,0.1513111471,-0.0881714756,0.0896390881,0.6511113011,-0.9039372529,0.0931673771,-0.1299738970,0.1720116202,-0.2649245506,-0.3766337240,-1.1762901308,-0.2612685688,0.6855105368,0.3723594439,0.0575944705,-0.4967568428
0.2570909380,-0.0944923177,0.7502261355,0.0543734981,0.0501238620,-0.7435954866,0.6645275566,-0.3768109412,0.1169593205,0.2602751350,0.7963138037,-0.4846654511,-0.0072208619,-0.5894170785,-0.5787568625,-0.2993638736,0.8107926318,-0.2319103164,0.0809078605,0.0093339488,0.1438225252,-0.0801292923,0.0676382828,0.6495287163,-0.9145994390,0.0921858898,-0.1275722482,0.1697227463,-0.2653521621,-0.3940831172,-1.1760707885,-0.2389202694,0.7253430293,0.3791941506,0.0600543491,-0.4874608051
0.2744157036,-0.0900223758,0.7492335214,0.0647510833,0.0455162184,-0.7441557918,0.6633006321,-0.3984218684,0.0783287243,0.3101022804,0.8020304763,-0.4656530641,0.0323273903,-0.6510231415,-0.6022911912,-0.3372303450,0.9627405214,-0.3085102056,0.0394672109,0.0157672020,0.1259112824,-0.0740159345,0.0407679668,0.6503969226,-0.9304227357,0.0908414991,-0.1266164663,0.1675414620,-0.2662763729,-0.4214292844,-1.1823106160,-0.2099061448,0.7790464262,0.3885905932,0.0602720848,-0.4752335118
0.2927851669,-0.0862901909,0.7476136410,0.0740499415,0.0392327461,-0.7414179340,0.6657903912,-0.4070545000,0.1009620753,0.3245816407,0.8367251898,-0.4532105648,-0.0208487566,-0.7011631173,-0.6407402689,-0.3135217881,1.0075445476,-0.3217309200,0.0463914673,0.0177679500,0.1060406847,-0.0662472465,0.0265480193,0.6522162356,-0.9253185235,0.0949237799,-0.1260091001,0.1672691578,-0.2635471881,-0.4316782809,-1.1883491965,-0.1718665615,0.8177070460,0.3828471977,0.0659570203,-0.4543887143
0.3104210473,-0.0826554360,0.7437190521,0.0842174060,0.0332492532,-0.7384821206,0.6681662019,-0.4256414290,0.1270941143,0.3383126505,0.8905485324,-0.4515061985,-0.0744101428,-0.7652589188,-0.6805937009,-0.2799946255,1.0677511517,-0.3430228976,0.0531710379,0.0180418504,0.0853265725,-0.0607210872,0.0140952873,0.6556041041,-0.9180705711,0.0989970008,-0.1250866432,0.1657915937,-0.2619998619,-0.4572222711,-1.1960884266,-0.1211460981,0.8669414437,0.3759079074,0.0705380822,-0.4285356433
0.3288302025,-0.0790571845,0.7427567999,0.0912589221,0.0293272823,-0.7366742399,0.6694197367,-0.4355281919,0.1591009874,0.3524209381,0.9292443824,-0.4422310112,-0.1269289656,-0.8120446430,-0.7078152444,-0.2582233619,1.1033708078,-0.3523238529,0.0583853532,0.0207054033,0.0732180171,-0.0535501258,0.0039359988,0.6559430154,-0.9090607945,0.1033030477,-0.1230982702,0.1649377877,-0.2598970544,-0.4732236722,-1.1985715166,-0.0763924705,0.9043181514,0.3666288701,0.0765247606,-0.4081302283
0.3487519422,-0.0766212392,0.7361568402,0.0967268836,0.0272332915,-0.7395747332,0.6655309699,-0.4355322408,0.2199339554,0.3176920640,0.9361740540,-0.4350080346,-0.1165997771,-0.8553300316,-0.7260706509,-0.2232934587,1.0977368780,-0.3251020464,0.0703134024,0.0295454038,0.0567300472,-0.0534416376,0.0065660483,0.6610138246,-0.8921995386,0.0925823257,-0.1254698717,0.1632148113,-0.2601820520,-0.4898030194,-1.2125209216,-0.0512201402,0.9498933252,0.3675961266,0.0811039373,-0.3960007325
0.3689635333,-0.0744235027,0.7302993065,0.1015425100,0.0263258568,-0.7436062533,0.6603376470,-0.4353154601,0.2841332177,0.2846914711,0.9393214665,-0.4265720934,-0.1064789249,-0.8957196008,-0.7376271833,-0.1900752473,1.0844813587,-0.2941005390,0.0818406689,0.0433510629,0.0424485189,-0.0541713706,0.0103466202,0.6682192780,-0.8760269793,0.0776064369,-0.1279170584,0.1631769741,-0.2607569863,-0.5049691689,-1.2269993541,-0.0269620280,0.9975812273,0.3693440814,0.0838047310,-0.3823968453
0.3892241631,-0.0725612099,0.7247728969,0.1057418253,0.0260335381,-0.7483972397,0.6542495646,-0.4345239809,0.3509510350,0.2526834806,0.9398549225,-0.4174164007,-0.0969792566,-0.9335539456,-0.7445446419,-0.1581965893,1.0674884925,-0.2619599237,0.0930433957,0.0601944261,0.0297161576,-0.0551329042,0.0145784204,0.6756838021,-0.8605282837,0.0614825835,-0.1304424054,0.1639941060,-0.2611303104,-0.5189933928,-1.2411631785,-0.0032401869,1.0453142099,0.3705342005,0.0858278649,-0.3683074346
0.4093013931,-0.0718286006,0.7164470542,0.1075043801,0.0290791245,-0.7512216730,0.6505868204,-0.4159855775,0.3981178594,0.2118236931,0.8784194700,-0.3995644355,-0.1479062644,-0.9485076927,-0.7470151569,-0.1279788804,1.0156672360,-0.2074641676,0.1111608949,0.0683595674,0.0284241923,-0.0659772075,0.0200522228,0.6839724746,-0.8634245759,0.0372568183,-0.1325671166,0.1648706837,-0.2656166856,-0.5371886490,-1.2641183412,0.0336591689,1.0565240361,0.3541286130,0.0847195643,-0.3512543720
0.4300596138,-0.0695369936,0.7123954710,0.1096592633,0.0321750918,-0.7541730480,0.6466549491,-0.3848353051,0.4401865783,0.1796252851,0.7841547581,-0.3612475796,-0.1943386950,-0.9443893993,-0.7457712315,-0.1119763617,0.9308371763,-0.1352768007,0.1261076648,0.0745219091,0.0344608860,-0.0776002090,0.0262725625,0.6796157185,-0.8658995365,0.0145763996,-0.1350389866,0.1695052091,-0.2670008582,-0.5645717761,-1.2889982759,0.0824760890,1.0622993613,0.3346874527,0.0857589954,-0.3354517599
0.4503801591,-0.0688712173,0.7057082887,0.1093833328,0.0333631835,-0.7570723748,0.6432445910,-0.3526280528,0.4862093163,0.1429507945,0.7089141653,-0.3371143459,-0.2432549121,-0.9423776496,-0.7485634071,-0.0865212055,0.8653921410,-0.0757236292,0.1450954676,0.0804798098,0.0376948751,-0.0834589612,0.0332269673,0.6819114349,-0.8679410158,-0.0091745465,-0.1368281313,0.1716323397,-0.2701866557,-0.5895774494,-1.3123110430,0.1280766253,1.0678063840,0.3164083579,0.0884889165,-0.3213647850
0.4878392292,-0.0677936029,0.7047674424,0.1249516584,0.0167710030,-0.7455649069,0.6543995615,-0.3542783863,0.3960038355,0.1327512525,0.6941346080,-0.3663564220,-0.2617536373,-0.9144343518,-0.8248799355,-0.0311669962,0.6948126046,0.0669930398,0.2316513636,0.0470119845,0.0090325771,-0.0883479980,0.0268308368,0.6654526729,-0.8772755108,-0.0219906255,-0.1369591515,0.1707592101,-0.2761841799,-0.5977150605,-1.3359352643,0.1408751071,1.0909529664,0.3139033175,0.0934779714,-0.3183240027
0.5209430084,-0.0435659892,0.7061258232,0.1473547130,0.0021350398,-0.7359849137,0.6607633744,-0.3974602054,0.3005463122,0.1267209253,0.6646969858,-0.3470412355,-0.2617998841,-0.9073945297,-0.8752593947,-0.0052032261,0.4729822097,0.2588910850,0.2617246284,0.0225173534,-0.0364584505,-0.0789439680,-0.0056460568,0.6569496590,-0.8793170616,-0.0330041663,-0.1380261408,0.1701798036,-0.2827198788,-0.6213627400,-1.3508735257,0.1434205107,1.1152747763,0.3131442774,0.0977782554,-0.3174806608
0.5469993532,-0.0146982779,0.7035821454,0.1621047143,-0.0081905880,-0.7281865114,0.6658824074,-0.4453184634,0.2318416725,0.1143952739,0.6439557001,-0.3231621490,-0.2617999997,-0.9127187659,-0.9041501326,0.0048313603,0.3030776870,0.4209801662,0.2617998116,0.0025364045,-0.0747668489,-0.0682089296,-0.0356690968,0.6594812523,-0.8805244093,-0.0422281474,-0.1398765063,0.1690616783,-0.2896228218,-0.6398622154,-1.3569833529,0.1429113943,1.1398370747,0.3127642652,0.1035753990,-0.3167358915
0.5621167794,-0.0061484048,0.7007938248,0.1655182212,-0.0079853560,-0.7244768289,0.6690839087,-0.4676170504,0.2179114967,0.1083007274,0.6573912606,-0.3270476091,-0.2618000000,-0.8740888180,-0.9207411294,-0.0185990120,0.2055122298,0.5107025523,0.2618000000,-0.0184006435,-0.0995532278,-0.0778749137,-0.0449222870,0.6789688138,-0.8913207309,-0.0450095052,-0.1418215770,0.1701785789,-0.2973359415,-0.6464014191,-1.3405007322,0.1432850963,1.1725060827,0.3152116548,0.1062785403,-0.3106552072
0.5768440113,-0.0056769986,0.7015218736,0.1520484969,-0.0038603318,-0.7222230270,0.6747297620,-0.4618264261,0.2286416843,0.0850083793,0.6751981240,-0.3470059134,-0.2618000000,-0.8204541238,-0.9227356706,-0.0539949362,0.2036278216,0.5235999998,0.2618000000,-0.0385625515,-0.0967191240,-0.0879098232,-0.0292743410,0.7008783799,-0.9068513279,-0.0511733136,-0.1414611716,0.1698613590,-0.3022257298,-0.6303586651,-1.3154805866,0.1448563874,1.2045910853,0.3175162354,0.1011069082,-0.3049046051
0.5918106900,-0.0054910156,0.7042796912,0.1409822903,0.0005840303,-0.7190998227,0.6804550666,-0.4495543120,0.2342725820,0.0638190621,0.6707345986,-0.3553946670,-0.2618000000,-0.7947004467,-0.9238804396,-0.0687856730,0.2275995584,0.5236000000,0.2618000000,-0.0593304146,-0.0853993514,-0.0921849669,-0.0253503980,0.7067810264,-0.9201836751,-0.0519929916,-0.1402969995,0.1706619259,-0.3063734253,-0.6165026419,-1.3036971007,0.1403290080,1.2232254964,0.3187625792,0.1012223756,-0.3025095696
0.6191368640,-0.0177498261,0.7034394036,0.1368159064,-0.0065700252,-0.7208531250,0.6794181442,-0.4229561203,0.2043784768,0.0621189753,0.7168235905,-0.4197202630,-0.2618000000,-0.7351532854,-0.9473053757,-0.0666778350,0.1788422750,0.5236000000,0.2618000000,-0.0659662083,-0.0938501766,-0.0983994885,-0.0314896642,0.6968452656,-0.9364965201,-0.0600351468,-0.1401706265,0.1706842573,-0.3098655199,-0.6033319666,-1.2863891002,0.1421890191,1.2401214612,0.3233010620,0.1024435668,-0.2978053428
0.6462234320,-0.0296033264,0.7012806699,0.1324468131,-0.0150704625,-0.7227804328,0.6780996746,-0.3949183309,0.1728808219,0.0611103151,0.7641735665,-0.4847949999,-0.2618000000,-0.6755400993,-0.9741845536,-0.0644328004,0.1308960681,0.5234463294,0.2618000000,-0.0716063522,-0.1032837440,-0.1020432274,-0.0390171116,0.6852514028,-0.9529969271,-0.0674169234,-0.1407975691,0.1709746726,-0.3131362682,-0.5922529273,-1.2716707290,0.1454813302,1.2571159367,0.3277968557,0.1046704995,-0.2926333619
0.6731746142,-0.0411851876,0.6983943903,0.1243667864,-0.0255953836,-0.7262136069,0.6756416032,-0.3561068414,0.1440579996,0.0604441084,0.8110937080,-0.5519906879,-0.2618000000,-0.6079915325,-0.9998420173,-0.0635884682,0.0855780652,0.5212687336,0.2618000000,-0.0723276714,-0.1099442730,-0.0997552696,-0.0427100620,0.6732080007,-0.9710719333,-0.0764985348,-0.1413010386,0.1710628155,-0.3156646325,-0.5767942656,-1.2585620484,0.1488951424,1.2742609839,0.3324615050,0.1053144843,-0.2866518990
0.6852314388,-0.0396235468,0.7051212408,0.1133764550,-0.0206297173,-0.7333279693,0.6700375241,-0.3323497318,0.1608101126,0.0648758160,0.7917063953,-0.5436111043,-0.2618000000,-0.5761275168,-0.9400751390,-0.0761771787,0.1054414217,0.4543487813,0.2618000000,-0.0617038249,-0.1052889428,-0.0904523468,-0.0560743608,0.6763536021,-0.9831080841,-0.0847309160,-0.1429304748,0.1709633112,-0.3192388072,-0.5727770313,-1.2550344640,0.1679844639,1.2585140023,0.3107187268,0.1082260005,-0.2715172517
0.6968273674,-0.0387604448,0.7122170847,0.1019374949,-0.0140306163,-0.7399918803,0.6646983571,-0.3084403469,0.1802510482,0.0679843449,0.7690509315,-0.5340827726,-0.2618000000,-0.5475842914,-0.8776389119,-0.0874248770,0.1308845069,0.3826985649,0.2618000000,-0.0530932592,-0.0967974263,-0.0839439317,-0.0680306065,0.6786473254,-0.9941936425,-0.0925239965,-0.1447277320,0.1711186180,-0.3228779961,-0.5720028686,-1.2515363137,0.1909852147,1.2432304317,0.2885179156,0.1123814338,-0.2559100761
0.7081401646,-0.0381897589,0.7194392457,0.0895152871,-0.0062490232,-0.7462984497,0.6595351295,-0.2846227184,0.2026448685,0.0697717543,0.7464544477,-0.5250282536,-0.2618000000,-0.5201109674,-0.8124182837,-0.0980790151,0.1592695777,0.3085729256,0.2618000000,-0.0459738569,-0.0853021292,-0.0785372866,-0.0787732362,0.6810955934,-1.0046944497,-0.1000330772,-0.1464268521,0.1712609453,-0.3265427734,-0.5728063100,-1.2473843483,0.2163179893,1.2288482251,0.2665052024,0.1164632098,-0.2400485924
0.7237122495,-0.0539921177,0.7229346696,0.0769050272,-0.0079788120,-0.7499338589,0.6569788145,-0.2249561698,0.2004440583,0.0838860443,0.7279987163,-0.5406351856,-0.2618000000,-0.5129396723,-0.8083089479,-0.0890762803,0.2464198276,0.2439444176,0.2618000000,-0.0512935941,-0.0833738455,-0.0860874393,-0.0748731034,0.6799034984,-1.0230996763,-0.1125668420,-0.1511686245,0.1713786945,-0.3308749150,-0.5961423380,-1.2837354704,0.2404186306,1.2107035932,0.2561607208,0.1186009381,-0.2338608344
0.7369206020,-0.0674835242,0.7272484444,0.0608430173,-0.0077994565,-0.7533968878,0.6546987285,-0.1641537739,0.2072742023,0.0945278488,0.7035767361,-0.5490456497,-0.2618000000,-0.5163791747,-0.7926742993,-0.0794274416,0.3599310213,0.1654610125,0.2505625401,-0.0571457506,-0.0757503759,-0.0902112444,-0.0698788397,0.6803440819,-1.0403433947,-0.1257027991,-0.1553743372,0.1717133566,-0.3349879667,-0.6254231839,-1.3175892955,0.2705208271,1.1937703310,0.2465567188,0.1205309962,-0.2271494469
0.7442346821,-0.0658463917,0.7370002394,0.0490735831,-0.0010570844,-0.7568242812,0.6517727160,-0.1291310089,0.2236076081,0.1043025784,0.6428492979,-0.5087405435,-0.2618000000,-0.5383280051,-0.7490017447,-0.0923860202,0.4484132640,0.1142288307,0.1980103933,-0.0640913379,-0.0664744840,-0.0916953712,-0.0837532525,0.6760848978,-1.0537477025,-0.1315655457,-0.1605363310,0.1744597043,-0.3380191517,-0.6748250761,-1.3468227812,0.3050706935,1.1743242812,0.2380677719,0.1242286175,-0.2224795012
0.7459660444,-0.0657222336,0.7428749660,0.0370746131,0.0074473538,-0.7614451752,0.6471253782,-0.1013078108,0.2543062426,0.1138822113,0.6030377982,-0.4870768935,-0.2618000000,-0.5584216022,-0.7087460991,-0.0984758470,0.4997506677,0.0909778992,0.1892988372,-0.0706037543,-0.0630254678,-0.0946345410,-0.0811986765,0.6856633602,-1.0625357999,-0.1300195695,-0.1629303418,0.1745997339,-0.3410873530,-0.7494941548,-1.3976923522,0.3251948117,1.0737480388,0.2384958490,0.1182377819,-0.2240380053
0.7477108953,-0.0654532521,0.7479664195,0.0250253743,0.0161195335,-0.7659328876,0.6422310356,-0.0758763460,0.2856535922,0.1243984764,0.5693889833,-0.4686656129,-0.2618000000,-0.5798631708,-0.6689187359,-0.1052300515,0.5531507874,0.0669871353,0.1808133121,-0.0769830100,-0.0599735160,-0.0967371192,-0.0785425131,0.6973105560,-1.0708226419,-0.1303290904,-0.1653942740,0.1746949298,-0.3445933028,-0.8281679548,-1.4478634125,0.3505082902,0.9683707090,0.2382642734,0.1152907055,-0.2263212873
0.7492098538,-0.0648954133,0.7526104196,0.0133810598,0.0245035510,-0.7700748513,0.6373423308,-0.0515503612,0.3159599856,0.1356671875,0.5384524955,-0.4515181039,-0.2618000000,-0.6017911309,-0.6308803369,-0.1130691958,0.6069082626,0.0430171803,0.1726802451,-0.0837543366,-0.0593684185,-0.0988012049,-0.0762236727,0.7109532720,-1.0796737300,-0.1313289634,-0.1680888572,0.1749123175,-0.3481342550,-0.9119984747,-1.4961971524,0.3825084251,0.8610431801,0.2371481932,0.1126366653,-0.2288174479
0.7521204520,-0.0649813142,0.7551849101,0.0069767444,0.0283052467,-0.7724473393,0.6344093678,-0.0362954303,0.3276422801,0.1443935202,0.5212128564,-0.4443640721,-0.2618000000,-0.6140250132,-0.6174387043,-0.1205139059,0.6277968569,0.0468768910,0.1665946753,-0.0929565370,-0.0712989172,-0.1042318921,-0.0553340930,0.7297897142,-1.0852711203,-0.1146430316,-0.1684705522,0.1762164061,-0.3517447335,-1.0047515233,-1.5263882196,0.4275692104,0.7256559860,0.2457162824,0.1104719337,-0.1963302874
0.7549912607,-0.0649528488,0.7576683900,0.0007444817,0.0320914228,-0.7747017639,0.6315114911,-0.0215584060,0.3389433448,0.1530720028,0.5044429885,-0.4372151657,-0.2618000000,-0.6261449035,-0.6044866059,-0.1285626435,0.6480426681,0.0510588831,0.1605119871,-0.1049827724,-0.0852274056,-0.1107545542,-0.0314978493,0.7505868918,-1.0877491208,-0.0973103357,-0.1679997974,0.1766307696,-0.3559475895,-1.1041108236,-1.5506665570,0.4851454792,0.5880703108,0.2544172912,0.1083145675,-0.1661396352
0.7577386646,-0.0647109235,0.7601903416,-0.0054270843,0.0357108206,-0.7768763946,0.6286162196,-0.0070203270,0.3498497457,0.1618787268,0.4884805614,-0.4303317883,-0.2618000000,-0.6382133199,-0.5921168273,-0.1368507265,0.6681870736,0.0553611282,0.1544728515,-0.1194133444,-0.1009903545,-0.1179868486,-0.0051546182,0.7733409146,-1.0875772070,-0.0801718309,-0.1674392777,0.1769610483,-0.3601608380,-1.2101421771,-1.5693040024,0.5552764887,0.4494246323,0.2624236581,0.1053989920,-0.1384599195
0.7569551993,-0.0630718610,0.7612082934,-0.0104875751,0.0357427191,-0.7782382903,0.6268633283,0.0063950187,0.3587919374,0.1660443109,0.4764120427,-0.4227952534,-0.2618000000,-0.6252100179,-0.5837714962,-0.1492010965,0.6637543771,0.0470164556,0.1472861829,-0.1403706795,-0.1139705813,-0.1277064113,0.0218272040,0.7821992989,-1.0791795932,-0.0863333182,-0.1696269959,0.1761249840,-0.3604433275,-1.2966533045,-1.5613202711,0.6201802390,0.3582556993,0.2957503337,0.1066984989,-0.0826367327
0.7562883636,-0.0612844914,0.7622709939,-0.0160813037,0.0356594199,-0.7795613401,0.6251031231,0.0208591947,0.3680306124,0.1701293214,0.4644943371,-0.4152141270,-0.2618000000,-0.6103852631,-0.5748518190,-0.1620076526,0.6581919756,0.0392332905,0.1402130689,-0.1614254490,-0.1273865591,-0.1366246577,0.0491950276,0.7923510427,-1.0705607772,-0.0939483087,-0.1720877762,0.1762571350,-0.3603315632,-1.3767173590,-1.5516207266,0.6839889336,0.2671137372,0.3296885835,0.1046658434,-0.0294668913
0.7556031070,-0.0593972376,0.7633807257,-0.0218477497,0.0355723921,-0.7808606100,0.6233089030,0.0354832008,0.3773987633,0.1742904513,0.4531719410,-0.4079931153,-0.2618000000,-0.5952787218,-0.5656572455,-0.1746134077,0.6524990799,0.0314989970,0.1332754872,-0.1822233444,-0.1409889897,-0.1454756813,0.0765475759,0.8027687971,-1.0620358688,-0.1018426257,-0.1746192133,0.1765308672,-0.3601653233,-1.4513802034,-1.5415616021,0.7483282693,0.1740474379,0.3639513595,0.1009635527,0.0198540633
0.7554338970,-0.0594024862,0.7633305748,-0.0230867702,0.0332456617,-0.7828520404,0.6208900143,0.0464318658,0.3772386934,0.1880185052,0.4496091532,-0.4054514198,-0.2618000000,-0.5756240536,-0.5614075356,-0.1966375947,0.6437461012,0.0432797522,0.1351137126,-0.1909304350,-0.1561383269,-0.1562074652,0.1109430309,0.8140554473,-1.0383345380,-0.0948305304,-0.1756205212,0.1785634747,-0.3613462963,-1.5201213815,-1.5363305864,0.8046545975,0.1199681126,0.3910228121,0.0994371425,0.0706005637
0.7558910286,-0.0593343686,0.7633217230,-0.0238979200,0.0304014818,-0.7847767630,0.6185709916,0.0568284929,0.3740179861,0.2019434867,0.4466085587,-0.4032445955,-0.2597637204,-0.5558563994,-0.5588120895,-0.2171807152,0.6325856677,0.0568173167,0.1380185677,-0.2000892140,-0.1723949701,-0.1672794643,0.1455695368,0.8236054984,-1.0137629295,-0.0861193532,-0.1757228074,0.1794327990,-0.3634775390,-1.5853570994,-1.5295234950,0.8594347261,0.0668857635,0.4164822047,0.0945727726,0.1214947450
0.7569472151,-0.0593905594,0.7633382605,-0.0243688810,0.0271277182,-0.7866001318,0.6163850073,0.0668903705,0.3683494882,0.2157799259,0.4437380277,-0.4012212641,-0.2562653279,-0.5361386634,-0.5576285277,-0.2365095325,0.6201344171,0.0714478265,0.1418532470,-0.2097119918,-0.1893053257,-0.1786639751,0.1803041939,0.8317036457,-0.9885098113,-0.0771868499,-0.1755151830,0.1805021428,-0.3660747105,-1.6481017971,-1.5219024217,0.9139967556,0.0126338381,0.4410876090,0.0884967102,0.1714490318
0.7563589527,-0.0602088931,0.7622949791,-0.0207642679,0.0235143823,-0.7880272040,0.6148406661,0.0716250470,0.3575918290,0.2267569544,0.4403916609,-0.4021598609,-0.2547809463,-0.5125467698,-0.5559189007,-0.2475776813,0.5742419764,0.1017259759,0.1443466912,-0.2115293726,-0.2144073821,-0.1920553947,0.2106659271,0.8445914528,-0.9590853797,-0.0817560747,-0.1768498091,0.1796434074,-0.3671127271,-1.7182602901,-1.5164720876,0.9748406259,-0.0087409257,0.4492254287,0.0883472163,0.1991222989
0.7559909071,-0.0610317665,0.7614011833,-0.0174567599,0.0204221257,-0.7897054882,0.6128975773,0.0763637293,0.3480258438,0.2384853853,0.4367701700,-0.4028331645,-0.2532248981,-0.4883215556,-0.5523223094,-0.2591591318,0.5263858584,0.1331111833,0.1464771177,-0.2128560648,-0.2369707872,-0.2060152257,0.2415341170,0.8567542074,-0.9293020444,-0.0880718821,-0.1792625919,0.1799610744,-0.3678554926,-1.7938492192,-1.5059557477,1.0414130252,-0.0258480936,0.4564230513,0.0873318241,0.2271898526
0.7557613124,-0.0619026291,0.7605613326,-0.0143008587,0.0175121962,-0.7914403272,0.6108281402,0.0811043065,0.3386827924,0.2504219320,0.4332118503,-0.4036566582,-0.2514421766,-0.4639918339,-0.5482747093,-0.2704420492,0.4783670458,0.1645993952,0.1487541273,-0.2146614132,-0.2570076286,-0.2203390502,0.2735458222,0.8664764026,-0.8987608720,-0.0944886222,-0.1819483907,0.1802709285,-0.3681392246,-1.8739867933,-1.4904504503,1.1133415447,-0.0403912191,0.4639907968,0.0857623812,0.2550432594
0.7570149395,-0.0621662727,0.7589591466,-0.0106916845,0.0136093972,-0.7947867470,0.6066419858,0.0811643546,0.3262823549,0.2617120365,0.4436663730,-0.4104691614,-0.2485803134,-0.4423399065,-0.5458542750,-0.2778441548,0.4123587228,0.2129247502,0.1498965774,-0.2136616223,-0.2607276719,-0.2283445205,0.2899856688,0.8617067140,-0.8820790653,-0.1055705379,-0.1797032147,0.1801090555,-0.3710180752,-1.9423833722,-1.4739232553,1.1720453026,-0.0193869585,0.4699789769,0.0872198840,0.2605619209
0.7585220500,-0.0622746469,0.7574548466,-0.0074843893,0.0104219424,-0.7982878246,0.6021394491,0.0798224622,0.3157404633,0.2728755891,0.4561073178,-0.4181379982,-0.2455325865,-0.4202523546,-0.5411087808,-0.2862512008,0.3443705760,0.2625670178,0.1506605813,-0.2094134668,-0.2636960663,-0.2354096223,0.3019769146,0.8566055589,-0.8692432386,-0.1151995507,-0.1777031047,0.1808863733,-0.3738914802,-2.0039156384,-1.4588728600,1.2242715563,0.0028465392,0.4744700257,0.0867466121,0.2669130653
0.7600264713,-0.0624174361,0.7559588068,-0.0046321146,0.0076349703,-0.8017877819,0.5975421354,0.0781903058,0.3064630155,0.2839442494,0.4689744436,-0.4259319094,-0.2425802821,-0.3981777519,-0.5350670314,-0.2951519515,0.2766760819,0.3120271383,0.1511994469,-0.2034337102,-0.2666767413,-0.2415760195,0.3117345713,0.8521825744,-0.8586181106,-0.1240464536,-0.1759719341,0.1814484017,-0.3764552892,-2.0589296907,-1.4460006578,1.2708245638,0.0239004734,0.4784372047,0.0854221778,0.2733292804
0.7609897655,-0.0622862300,0.7545305205,-0.0028450971,0.0060703152,-0.8050719591,0.5931392731,0.0761502821,0.3018010561,0.2908529562,0.4823120948,-0.4347731896,-0.2399625279,-0.4002114401,-0.5332383446,-0.2946607251,0.2602071037,0.3376957240,0.1502938689,-0.1937629560,-0.2606370145,-0.2378252331,0.3116932353,0.8491582344,-0.8553142287,-0.1314457460,-0.1739584755,0.1818332711,-0.3788868494,-2.0999349937,-1.4327144224,1.3117908105,0.0354944244,0.4790282167,0.0821801176,0.2763512553
0.7616926838,-0.0621879059,0.7528594718,-0.0002544135,0.0041698846,-0.8080772827,0.5890616713,0.0720328059,0.2957944717,0.2965454139,0.4971875262,-0.4442471747,-0.2372576536,-0.4090336405,-0.5348265240,-0.2910611071,0.2546886273,0.3576575582,0.1495509974,-0.1837084651,-0.2577207695,-0.2349484383,0.3091389283,0.8478683246,-0.8544147287,-0.1380782621,-0.1725898584,0.1822576560,-0.3809146880,-2.1332851836,-1.4239834891,1.3463765566,0.0428840091,0.4781929843,0.0797885727,0.2780068982
0.7623152907,-0.0620945497,0.7511416474,0.0029023619,0.0020908188,-0.8109416838,0.5851160485,0.0667666427,0.2887373634,0.3018523351,0.5122111730,-0.4535841924,-0.2343157410,-0.4204688622,-0.5379316483,-0.2863503125,0.2520924399,0.3762594821,0.1488660938,-0.1738059339,-0.2570972295,-0.2331094711,0.3058321759,0.8481645861,-0.8543057006,-0.1445147949,-0.1715472339,0.1826617431,-0.3827377501,-2.1602402367,-1.4180085437,1.3752501413,0.0478819885,0.4765163853,0.0778002697,0.2791906284
0.7633848663,-0.0617240074,0.7489586420,0.0059210854,0.0003346952,-0.8132148778,0.5819333219,0.0575080220,0.2841809279,0.3092352329,0.5339796792,-0.4650810984,-0.2322558598,-0.4325820606,-0.5412865609,-0.2756293142,0.2499718195,0.3839634334,0.1622824281,-0.1629537801,-0.2536859525,-0.2259535335,0.2964190072,0.8514214178,-0.8643561474,-0.1422059488,-0.1680548680,0.1834539669,-0.3853010100,-2.1733115234,-1.4124209337,1.3869022908,0.0504451751,0.4821235294,0.0759583646,0.2755411319
0.7644733324,-0.0613068930,0.7468371341,0.0087901591,-0.0014463298,-0.8154668426,0.5787352329,0.0478507945,0.2801613738,0.3162519871,0.5568984035,-0.4769336252,-0.2303400178,-0.4451126142,-0.5445139342,-0.2647440133,0.2490250866,0.3910437009,0.1755350415,-0.1523513929,-0.2520565564,-0.2190575292,0.2861804693,0.8557758091,-0.8750191809,-0.1381136349,-0.1647628535,0.1835279583,-0.3876674965,-2.1765236807,-1.4095728273,1.3892625331,0.0508829847,0.4860165188,0.0743787485,0.2714229142
0.7654083045,-0.0608072689,0.7446447379,0.0116464233,-0.0032409991,-0.8176791485,0.5755472759,0.0380321328,0.2763318739,0.3231423805,0.5799803955,-0.4887383918,-0.2284330300,-0.4578038660,-0.5476896849,-0.2538625221,0.2483396407,0.3979612807,0.1886838365,-0.1425668928,-0.2515607185,-0.2127607063,0.2764622582,0.8611279158,-0.8851748475,-0.1336287341,-0.1615735440,0.1833098721,-0.3899470884,-2.1726245431,-1.4079317790,1.3847249578,0.0500840103,0.4884357042,0.0730153183,0.2671916537
0.7677876500,-0.0606458849,0.7434734433,0.0133990901,-0.0030900242,-0.8191288951,0.5734446523,0.0305993008,0.2725396664,0.3258249798,0.5920841924,-0.4992709586,-0.2256312110,-0.4673336634,-0.5452111258,-0.2301043704,0.2458023436,0.4063079654,0.2009343991,-0.1382494008,-0.2457861145,-0.2060693912,0.2678375856,0.8574879098,-0.8924615914,-0.1271616084,-0.1589009951,0.1833745136,-0.3911486628,-2.1581095846,-1.4123930164,1.3741947182,0.0529838731,0.4895633106,0.0715206237,0.2597744650
0.7702069240,-0.0605050982,0.7423837975,0.0149805452,-0.0030600766,-0.8206071241,0.5712881646,0.0242397728,0.2686516488,0.3286355982,0.6031837819,-0.5093109034,-0.2230003620,-0.4758071150,-0.5424453561,-0.2063427677,0.2427026175,0.4148161055,0.2135117816,-0.1351783808,-0.2401701764,-0.1998650066,0.2607715584,0.8532132285,-0.8982870877,-0.1195985627,-0.1558035299,0.1831356538,-0.3924221963,-2.1379698195,-1.4160767854,1.3582405693,0.0553084376,0.4895556639,0.0700127073,0.2519431423
0.7725142294,-0.0604278636,0.7413313687,0.0164941134,-0.0030620979,-0.8220911459,0.5691087028,0.0182076710,0.2647985162,0.3315054476,0.6140095304,-0.5191935521,-0.2203833339,-0.4837896251,-0.5395119978,-0.1826754082,0.2393803746,0.4233115417,0.2260678359,-0.1330821794,-0.2347787548,-0.1941194553,0.2549689329,0.8490284601,-0.9029345362,-0.1118339673,-0.1525135655,0.1827057428,-0.3937631462,-2.1135896690,-1.4190415137,1.3380137055,0.0574402561,0.4887291069,0.0686207133,0.2440655435
0.7722820617,-0.0604915281,0.7413366205,0.0190056432,-0.0025756092,-0.8225126497,0.5684233394,0.0142038972,0.2626298220,0.3332890503,0.6127314132,-0.5178672596,-0.2201429275,-0.4907842534,-0.5384105776,-0.1718231858,0.2386331781,0.4258140635,0.2307830288,-0.1291364240,-0.2324911536,-0.1928200705,0.2583699209,0.8503761733,-0.9012144117,-0.0976452811,-0.1498010853,0.1828000321,-0.3950620476,-2.0934075641,-1.4264029160,1.3192535998,0.0570449537,0.4872820313,0.0688370460,0.2402995283
0.7719916694,-0.0606807840,0.7413452854,0.0215997252,-0.0020302911,-0.8228436708,0.5678535226,0.0106254324,0.2602207098,0.3346607812,0.6098170759,-0.5159578392,-0.2200822799,-0.4975818311,-0.5372633431,-0.1611771630,0.2378993656,0.4281457147,0.2362284097,-0.1258399887,-0.2302386080,-0.1919855730,0.2626811044,0.8519407809,-0.8987029811,-0.0833324848,-0.1465984359,0.1821375167,-0.3968423865,-2.0733765776,-1.4334685031,1.3005137609,0.0567763568,0.4866053793,0.0691277407,0.2368363896
0.7721634880,-0.0622658337,0.7407735346,0.0246774011,0.0002127767,-0.8237381488,0.5664330876,0.0024402736,0.2611690651,0.3372740396,0.6176720548,-0.5226646388,-0.2199494851,-0.5132666531,-0.5350355693,-0.1453992737,0.2494561155,0.4233463330,0.2439098558,-0.1109494363,-0.2255333057,-0.1865973409,0.2560946019,0.8543256091,-0.9022009222,-0.0707647108,-0.1396215567,0.1798442699,-0.4013544657,-2.0491229638,-1.4533089600,1.2835076150,0.0499631533,0.4744287625,0.0674793452,0.2262040674
0.7710177246,-0.0622300625,0.7411684414,0.0263651840,0.0024024969,-0.8236363031,0.5665000841,-0.0027496875,0.2649574719,0.3380119151,0.6160098893,-0.5194642737,-0.2202862824,-0.5191107618,-0.5299983889,-0.1373656337,0.2524746877,0.4223460388,0.2463750118,-0.1086548635,-0.2251682861,-0.1891102288,0.2543107695,0.8547358360,-0.9029454679,-0.0689661292,-0.1396837713,0.1777002189,-0.4042598011,-2.0326974562,-1.4626492790,1.2659068524,0.0484102453,0.4752734622,0.0680821214,0.2192677586
0.7698240794,-0.0622284116,0.7418291408,0.0278626989,0.0045347740,-0.8233827991,0.5667837965,-0.0065406958,0.2685932753,0.3387936485,0.6116662120,-0.5145616048,-0.2204735864,-0.5222485640,-0.5249661635,-0.1309899383,0.2523458173,0.4226854484,0.2490499519,-0.1094561188,-0.2236645077,-0.1921437595,0.2561896224,0.8555009106,-0.9005886407,-0.0699686111,-0.1409621787,0.1768440443,-0.4063117942,-2.0191844221,-1.4671962774,1.2497826246,0.0504789949,0.4784565062,0.0682415155,0.2137605690
0.7686351319,-0.0622539462,0.7424519933,0.0292360711,0.0065919337,-0.8231090303,0.5670919880,-0.0097003581,0.2721003281,0.3396000537,0.6066279565,-0.5093378081,-0.2206481557,-0.5243990553,-0.5199062771,-0.1249923038,0.2512412244,0.4234459779,0.2517628180,-0.1113541346,-0.2215357804,-0.1951598717,0.2597787394,0.8560756038,-0.8966371037,-0.0721453305,-0.1423099772,0.1765719188,-0.4082075890,-2.0074335425,-1.4695365683,1.2347587778,0.0541904703,0.4822300165,0.0679552011,0.2088255688
0.7678817048,-0.0623231890,0.7431002347,0.0306479156,0.0075416035,-0.8232019478,0.5668706930,-0.0111718819,0.2732282795,0.3427475430,0.6016992512,-0.5028918960,-0.2208459507,-0.5277810816,-0.5171721220,-0.1204768805,0.2516023568,0.4241991784,0.2532725287,-0.1084007295,-0.2200648511,-0.1981557788,0.2672344867,0.8546689232,-0.8862489619,-0.0730763724,-0.1435362399,0.1773069751,-0.4085499999,-1.9951166497,-1.4716372615,1.2200597070,0.0542525540,0.4862394167,0.0674174192,0.2066645682
0.7671944311,-0.0624265125,0.7437458105,0.0321044595,0.0080617464,-0.8232935943,0.5666497768,-0.0117092602,0.2730520292,0.3462640817,0.5962289634,-0.4966473269,-0.2206812509,-0.5313110463,-0.5157162203,-0.1161214893,0.2524718708,0.4252081809,0.2534084771,-0.1059315872,-0.2190250519,-0.2009683156,0.2755959403,0.8524879037,-0.8749162216,-0.0738239426,-0.1441524480,0.1779124853,-0.4091076462,-1.9825122368,-1.4733666661,1.2049492681,0.0538004159,0.4902461896,0.0670464226,0.2046581598
0.7665096258,-0.0625257970,0.7444003512,0.0335766192,0.0084516369,-0.8233610186,0.5664607784,-0.0119968384,0.2725203878,0.3497867834,0.5904165870,-0.4902281291,-0.2204575227,-0.5348210812,-0.5145386457,-0.1115887578,0.2534577047,0.4261494433,0.2536226988,-0.1037994048,-0.2181872992,-0.2037262747,0.2842712853,0.8500693100,-0.8631776853,-0.0744987830,-0.1445362768,0.1784383409,-0.4097871817,-1.9695942897,-1.4747643277,1.1894081455,0.0532862474,0.4942415205,0.0667516262,0.2026058938
0.7634895476,-0.0627956085,0.7443532609,0.0344835236,0.0091669800,-0.8229378716,0.5670097993,-0.0117910886,0.2772939210,0.3504654276,0.5870145583,-0.4845504852,-0.2227689826,-0.5333803219,-0.5108353451,-0.1083960936,0.2527035579,0.4165149472,0.2591747816,-0.1029346327,-0.2158628168,-0.2067609068,0.2909962944,0.8507898826,-0.8531513706,-0.0764219490,-0.1449975605,0.1787462449,-0.4127461035,-1.9557933135,-1.4762160142,1.1737932851,0.0550323134,0.4982682208,0.0665408181,0.2012335302
0.7599171453,-0.0624109267,0.7444634398,0.0347747050,0.0103123558,-0.8226997715,0.5673177780,-0.0119303040,0.2851218406,0.3508139031,0.5842589738,-0.4783303366,-0.2263006669,-0.5318169789,-0.5044830970,-0.1077526508,0.2526241201,0.4066362791,0.2617996718,-0.1012463677,-0.2131443530,-0.2086636712,0.2972092569,0.8526703958,-0.8429213568,-0.0786951879,-0.1457886899,0.1791993219,-0.4158675426,-1.9416579207,-1.4776761554,1.1573555992,0.0574676739,0.5022825398,0.0660409462,0.2000023798
0.7556965326,-0.0613212261,0.7447126531,0.0347338813,0.0118862512,-0.8226667835,0.5673373228,-0.0127277895,0.2955636608,0.3511426353,0.5817632600,-0.4710676817,-0.2309240471,-0.5306635541,-0.4954425306,-0.1087371960,0.2526748109,0.3969280645,0.2618000000,-0.0989385359,-0.2102683273,-0.2097372255,0.3029486496,0.8554321575,-0.8322494243,-0.0810592804,-0.1467458812,0.1797293836,-0.4189884984,-1.9272283611,-1.4791447819,1.1399895967,0.0602712832,0.5062970481,0.0654663851,0.1987635256
0.7478978452,-0.0592053640,0.7429981820,0.0351703820,0.0130906905,-0.8235665534,0.5659768636,-0.0185323284,0.3137002234,0.3488359799,0.5948800365,-0.4675840922,-0.2416047575,-0.5313280640,-0.4828836032,-0.1156480574,0.2501563203,0.3727367507,0.2618000000,-0.0935631204,-0.2098881862,-0.2095630470,0.3081476791,0.8626003341,-0.8194203129,-0.0866233948,-0.1476107148,0.1796727559,-0.4207009120,-1.9157507051,-1.4802707035,1.1262763335,0.0623045308,0.5047693473,0.0653778870,0.1972289486
0.7401514075,-0.0571663069,0.7409378710,0.0353270704,0.0151032172,-0.8245360014,0.5645035636,-0.0267422643,0.3345142822,0.3456333661,0.6121857781,-0.4662343968,-0.2526377656,-0.5328397208,-0.4686513670,-0.1228401137,0.2488510051,0.3480020300,0.2618000000,-0.0872138607,-0.2076807843,-0.2090772638,0.3129176662,0.8705183131,-0.8069206512,-0.0935933690,-0.1487805702,0.1799124058,-0.4222479966,-1.9060879124,-1.4819990697,1.1141641434,0.0642302559,0.5027384857,0.0655112452,0.1955008679
0.7328226097,-0.0543405441,0.7388287271,0.0364996832,0.0163796159,-0.8252271032,0.5633823830,-0.0385819487,0.3520508809,0.3412874964,0.6313538935,-0.4647278032,-0.2617988547,-0.5362363082,-0.4568698171,-0.1284903110,0.2455553955,0.3258423612,0.2618000000,-0.0817041615,-0.2075625282,-0.2083342141,0.3164029549,0.8781931713,-0.7944454400,-0.1010002083,-0.1501103289,0.1804221842,-0.4236646385,-1.8985461952,-1.4838730944,1.1033968995,0.0661559066,0.5004632892,0.0656720461,0.1935635771
0.7363645127,-0.0658180305,0.7334018371,0.0358458953,0.0125773412,-0.8205867102,0.5702581286,-0.0368550096,0.3400905496,0.3294449029,0.6670932768,-0.4987488869,-0.2560383085,-0.5676210206,-0.5115898166,-0.1080331358,0.3466603353,0.2549925181,0.2618000000,-0.0851049687,-0.1935474400,-0.2062520240,0.3218133476,0.8648733917,-0.7969596453,-0.1066974820,-0.1491135696,0.1821697062,-0.4268812941,-1.8819819910,-1.4942631625,1.0935588161,0.0509018423,0.4936530102,0.0636877667,0.1915519992
0.7338131136,-0.0687452255,0.7308263679,0.0349419450,0.0096563307,-0.8169911616,0.5755095635,-0.0389072859,0.3404301523,0.3171870245,0.6866529759,-0.5094283031,-0.2583483867,-0.6086580457,-0.5478534366,-0.0974851893,0.4498012191,0.1865384938,0.2332873898,-0.0911117677,-0.1851646621,-0.1998725942,0.3266769179,0.8560464311,-0.7916658648,-0.1091408201,-0.1483587284,0.1835346416,-0.4279144858,-1.8753543981,-1.4972902863,1.0865310354,0.0429576784,0.4925446542,0.0628626814,0.1902274232
0.7289904864,-0.0676266271,0.7290864639,0.0355538611,0.0083425181,-0.8120423813,0.5824547161,-0.0513995903,0.3434958341,0.2983150207,0.6978531309,-0.5065807543,-0.2617999540,-0.6606504760,-0.5818224471,-0.0921068204,0.5611018604,0.1163175939,0.1941669300,-0.1133629728,-0.1757273630,-0.1982254632,0.3360675436,0.8432006577,-0.7778227011,-0.1073712988,-0.1497496410,0.1873375655,-0.4267004729,-1.8783937282,-1.4885526807,1.0775443184,0.0388623962,0.5006547986,0.0634882006,0.1937835233
0.7253060244,-0.0694420310,0.7242032765,0.0425321388,0.0041638196,-0.8061197679,0.5902072514,-0.0707793814,0.3273735549,0.2740876900,0.7154351789,-0.5212022640,-0.2618000000,-0.7000927392,-0.6341982904,-0.0622918231,0.5908925378,0.0860495740,0.2016301388,-0.1274239986,-0.1699931049,-0.1966221610,0.3335781187,0.8242389786,-0.7761149645,-0.1044161993,-0.1461544092,0.1886138294,-0.4283883266,-1.8742535436,-1.4897194556,1.0541651193,0.0708779003,0.5058213976,0.0639262064,0.1850949256
0.7217979242,-0.0712958526,0.7197697038,0.0487265903,0.0007753547,-0.8006604260,0.5971331513,-0.0883464899,0.3131970925,0.2520956319,0.7319496155,-0.5352805390,-0.2618000000,-0.7352677406,-0.6821552166,-0.0340897540,0.6099590814,0.0612918426,0.2080834671,-0.1374790155,-0.1636435774,-0.1946047491,0.3276077064,0.8058799986,-0.7778030460,-0.0987378262,-0.1425500089,0.1892498880,-0.4301612550,-1.8644589678,-1.4930462274,1.0259647629,0.1056890435,0.5091173663,0.0612630675,0.1785466896
0.7184360910,-0.0731612294,0.7156414312,0.0541447542,-0.0021018899,-0.7953641583,0.6037050467,-0.1045547978,0.3005098415,0.2310644098,0.7485809915,-0.5495397212,-0.2618000000,-0.7679081544,-0.7274909927,-0.0069323159,0.6237861503,0.0387946778,0.2139185787,-0.1459395249,-0.1560760809,-0.1919521669,0.3207563505,0.7876736916,-0.7806122400,-0.0921666633,-0.1391033821,0.1895247851,-0.4318232496,-1.8510002333,-1.4978489423,0.9948389860,0.1403577331,0.5113948517,0.0577333946,0.1727606231
0.7126159033,-0.0795345798,0.7094430287,0.0604902053,-0.0038233965,-0.7906139452,0.6093077271,-0.1142696169,0.2936878399,0.2172832365,0.7644142460,-0.5708940294,-0.2618000000,-0.7899245282,-0.7716589565,0.0172392194,0.6079212379,0.0225074675,0.2252137491,-0.1379016744,-0.1380163867,-0.1857152361,0.3135774085,0.7704749532,-0.7882093043,-0.0876040326,-0.1355487643,0.1873550617,-0.4361908350,-1.8239009085,-1.5414561499,0.9493380071,0.2450333455,0.5169756420,0.0648941166,0.1429658050
0.7058364586,-0.0828306470,0.7046671507,0.0682583394,-0.0071844428,-0.7850956010,0.6155599728,-0.1245728663,0.2814265845,0.2028935168,0.7675804157,-0.5790668571,-0.2618000000,-0.8058595015,-0.8170861282,0.0345212419,0.5721093224,0.0190897809,0.2316184790,-0.1397020629,-0.1280767816,-0.1827035999,0.3073747335,0.7499025967,-0.7939211838,-0.0757393205,-0.1332566242,0.1878620765,-0.4378006222,-1.7994896928,-1.5804836196,0.9005581339,0.3633363103,0.5284706622,0.0667727724,0.1254682955
0.6983716860,-0.0857991587,0.7003638398,0.0764012905,-0.0106916920,-0.7793189187,0.6218605580,-0.1336877599,0.2681442170,0.1884774115,0.7662543739,-0.5839871904,-0.2618000000,-0.8186671597,-0.8624864270,0.0477673472,0.5298408376,0.0184473724,0.2367953789,-0.1447798248,-0.1203327070,-0.1810338580,0.3033541485,0.7298627346,-0.7966403349,-0.0622108224,-0.1309975084,0.1880312242,-0.4390088890,-1.7765424199,-1.6192139881,0.8550981336,0.4874672439,0.5387991110,0.0664129472,0.1130574647
0.6870866563,-0.0885439245,0.6964787381,0.0872955991,-0.0127940140,-0.7754111228,0.6252626506,-0.1336527201,0.2551507577,0.1747244552,0.7337020550,-0.5716573713,-0.2618000000,-0.8303554479,-0.8936489354,0.0561278193,0.4800376856,0.0319029564,0.2537133650,-0.1380508544,-0.1094682511,-0.1837284630,0.2901155031,0.7072549264,-0.8040654593,-0.0461438060,-0.1301569252,0.1855821755,-0.4435963202,-1.7061643448,-1.6462242760,0.7961355894,0.6524161263,0.5532087662,0.0547334938,0.1127634274
0.6738755789,-0.0890089889,0.6947389745,0.0977216136,-0.0158704176,-0.7721382865,0.6276950555,-0.1280203403,0.2420640216,0.1625626877,0.6870062975,-0.5474062097,-0.2618000000,-0.8370070434,-0.9186438399,0.0576007757,0.4240420489,0.0482746316,0.2617999999,-0.1370065058,-0.0991403458,-0.1871500256,0.2862256671,0.6829006692,-0.8026366946,-0.0312425927,-0.1300400077,0.1839601430,-0.4469841030,-1.6209963400,-1.6660501170,0.7305492086,0.8085925113,0.5637682016,0.0491709110,0.1112851896
0.6591179362,-0.0872549254,0.6939435077,0.1071640496,-0.0190122300,-0.7693006189,0.6295482184,-0.1220162689,0.2315964397,0.1493520206,0.6364140628,-0.5171229778,-0.2618000000,-0.8439389316,-0.9367576972,0.0555715682,0.3707552785,0.0635393632,0.2618000000,-0.1398993978,-0.0875488205,-0.1889034998,0.2873360024,0.6580220608,-0.7945546874,-0.0179302136,-0.1295896190,0.1832091655,-0.4500563555,-1.5354421265,-1.6799161379,0.6714766749,0.9592262044,0.5719215366,0.0501847322,0.1056870572
0.6375551035,-0.0762257882,0.6982807523,0.1135641508,-0.0131007813,-0.7701983926,0.6274758874,-0.1060829416,0.2557589288,0.1515779246,0.5250316255,-0.4227232824,-0.2618000000,-0.8695691991,-0.9040563818,0.0610924076,0.3624932912,0.1191862737,0.2618000000,-0.1408526465,-0.0623495846,-0.1847968250,0.2797311154,0.6411895336,-0.7806475608,-0.0168243136,-0.1295558651,0.1812551098,-0.4538896182,-1.4013823164,-1.6405599638,0.5783981738,1.0449336504,0.5727330330,0.0435721433,0.1041294141
0.6158692783,-0.0653744617,0.7022210377,0.1190492059,-0.0076309072,-0.7710407453,0.6255119702,-0.0864837809,0.2793867348,0.1543653608,0.4125948232,-0.3285298071,-0.2618000000,-0.8945790779,-0.8726798153,0.0652193505,0.3588356209,0.1722336398,0.2618000000,-0.1510703183,-0.0453180129,-0.1822764692,0.2819925462,0.6317165659,-0.7571162905,-0.0170817768,-0.1292886181,0.1802317139,-0.4567551680,-1.2232775489,-1.5834993334,0.4461352771,1.1113680544,0.5703118165,0.0402747012,0.0896527697
0.5940636779,-0.0547379003,0.7056410920,0.1235735802,-0.0026641733,-0.7718988174,0.6236142142,-0.0656730942,0.3028514598,0.1571536650,0.3041941813,-0.2370185087,-0.2618000000,-0.9188674365,-0.8425828764,0.0679683139,0.3592932606,0.2231152172,0.2618000000,-0.1657007018,-0.0483110621,-0.1808333036,0.2918421851,0.6424024431,-0.7263202332,-0.0190724460,-0.1280808444,0.1789985200,-0.4600749920,-0.9828962816,-1.5050426366,0.2573354274,1.1547898405,0.5642437993,0.0333226728,0.0653181891
0.5757751103,-0.0514698475,0.7062343243,0.1236351119,0.0029335722,-0.7750114781,0.6197281356,-0.0411535927,0.3393536583,0.1690453714,0.2385363936,-0.1452434218,-0.2618000000,-0.9534024312,-0.8176917005,0.0800295644,0.4121425538,0.2256446447,0.2618000000,-0.1551131509,-0.0702235823,-0.1733281662,0.2905793934,0.6712473373,-0.7072256382,-0.0009851395,-0.1237082189,0.1788557667,-0.4639809391,-0.7626703453,-1.4145228831,0.0846430856,1.1713005712,0.5533883435,0.0306740852,0.0480632702
0.5573295529,-0.0483975028,0.7063510376,0.1233624992,0.0097581404,-0.7784559156,0.6153802564,-0.0198689677,0.3796656225,0.1817792958,0.1814471563,-0.0589499131,-0.2618000000,-0.9907290098,-0.7895082716,0.0909177856,0.4712675290,0.2249940751,0.2618000000,-0.1276662357,-0.0823920542,-0.1634266162,0.2753967693,0.6944180599,-0.7053760159,0.0177114176,-0.1200773612,0.1788775006,-0.4678861043,-0.6097012819,-1.3390741669,-0.0197057408,1.1883917863,0.5442287026,0.0329351079,0.0365674828
0.5383644847,-0.0457437242,0.7060292900,0.1224867532,0.0173497703,-0.7823096808,0.6104814035,0.0011565996,0.4232575489,0.1960123695,0.1300402441,0.0231394802,-0.2618000000,-1.0296667072,-0.7582505868,0.1003764138,0.5367120602,0.2208401688,0.2618000000,-0.0926437555,-0.0837126683,-0.1535383265,0.2542926394,0.7088142730,-0.7126622175,0.0373810658,-0.1170897369,0.1791086921,-0.4713700146,-0.5076779688,-1.2748286817,-0.0716017451,1.2127848318,0.5364042703,0.0375793198,0.0291496948
0.5153953532,-0.0481622695,0.7038924721,0.1147337746,0.0268277846,-0.7833636665,0.6102932057,-0.0365492027,0.4692375396,0.2229477132,0.2031969987,-0.0357378924,-0.2618000000,-1.0511388240,-0.7280295273,0.0907377315,0.6534191182,0.1659544892,0.2618000000,-0.0592394813,-0.0748500426,-0.1430384812,0.2307321977,0.7263254512,-0.7334931497,0.0282795142,-0.1148159591,0.1772612181,-0.4735935071,-0.4654048218,-1.2473396110,-0.1141359934,1.2117887526,0.5334068929,0.0348546481,0.0203429802
0.4899693323,-0.0536045350,0.7006255296,0.1064166207,0.0366515148,-0.7848435283,0.6093872377,-0.0763754669,0.5190460766,0.2454152114,0.2908618906,-0.1042873047,-0.2618000000,-1.0718991383,-0.6964309469,0.0790166263,0.7819566715,0.0993422589,0.2618000000,-0.0283429830,-0.0576774032,-0.1377071200,0.2122588653,0.7361190938,-0.7524222915,0.0191104073,-0.1133526499,0.1779875374,-0.4750370987,-0.4522194375,-1.2263640121,-0.1254111899,1.2210055103,0.5315809381,0.0342843433,0.0139222145
0.4625861903,-0.0615131963,0.6961991573,0.0971030528,0.0446658443,-0.7870238195,0.6075931756,-0.1145786515,0.5698515579,0.2636547524,0.3912101012,-0.1808425422,-0.2618000000,-1.0876459682,-0.6646136582,0.0666761013,0.9157329006,0.0250277377,0.2618000000,0.0009837115,-0.0420792439,-0.1365801139,0.2032070760,0.7474018403,-0.7687406407,0.0085135750,-0.1121957212,0.1786182797,-0.4764471737,-0.4493499199,-1.2040854630,-0.1205767381,1.2367346444,0.5306826617,0.0334166501,0.0087046160
0.4430768885,-0.0686860550,0.6939282407,0.0918818586,0.0459512957,-0.7855688551,0.6101866734,-0.1556056311,0.5896163641,0.2829681307,0.4988733140,-0.2306837243,-0.2618000000,-1.0917631679,-0.6594968999,0.0604879463,1.0069309575,-0.0358905892,0.2618000000,0.0122456325,-0.0374144647,-0.1352079857,0.1998087703,0.7520925759,-0.7781568244,0.0019086315,-0.1128649991,0.1797793134,-0.4808467103,-0.4487052610,-1.2044893556,-0.1106742432,1.2229118005,0.5220039119,0.0310184067,0.0083162931
0.4235432794,-0.0762098474,0.6912458628,0.0864679772,0.0459492613,-0.7846487986,0.6121586536,-0.1989482025,0.6096663368,0.2981791101,0.6179002994,-0.2867290611,-0.2618000000,-1.0927308823,-0.6537722301,0.0552829826,1.0951011662,-0.0962812152,0.2618000000,0.0236522344,-0.0359108163,-0.1340681638,0.2005393850,0.7594389055,-0.7857541540,-0.0061110433,-0.1132938141,0.1803920398,-0.4857166042,-0.4465507333,-1.2023251761,-0.1001299215,1.2077936034,0.5132288201,0.0295754580,0.0074130133
0.4043010654,-0.0838593715,0.6881911552,0.0812329327,0.0450990302,-0.7842706426,0.6134222422,-0.2440361340,0.6297396859,0.3102842141,0.7442812899,-0.3464766346,-0.2618000000,-1.0913329220,-0.6469739113,0.0506486019,1.1784499515,-0.1544704595,0.2618000000,0.0362680067,-0.0366055342,-0.1329261268,0.2027182226,0.7681469807,-0.7927099717,-0.0149002912,-0.1137083743,0.1809261929,-0.4907348958,-0.4437719493,-1.1991216312,-0.0894941620,1.1923945113,0.5044948905,0.0283891744,0.0064387035
0.3923279626,-0.0873283954,0.6856383918,0.0812973158,0.0442412590,-0.7830019482,0.6150946322,-0.2589643665,0.6384064473,0.3209777335,0.7744364413,-0.3656811321,-0.2618000000,-1.0797145640,-0.6451426837,0.0390227379,1.2039672912,-0.1899693175,0.2575400362,0.0364935041,-0.0363250962,-0.1355508322,0.2058322657,0.7656367055,-0.7983536264,-0.0211908336,-0.1130683108,0.1811392850,-0.4908837141,-0.4423380650,-1.2085604019,-0.0847593320,1.1745797972,0.4970381875,0.0262923939,0.0060658748
0.3805633274,-0.0878453657,0.6839878582,0.0815428101,0.0425534435,-0.7819278286,0.6165458989,-0.2777591372,0.6445731623,0.3317409052,0.8041462140,-0.3805962715,-0.2569629532,-1.0698315466,-0.6418296524,0.0251039701,1.2240247193,-0.2189974610,0.2469330502,0.0370365272,-0.0399854414,-0.1335864628,0.2067369518,0.7667951147,-0.8022776107,-0.0289157174,-0.1128165746,0.1809131753,-0.4912414196,-0.4409218105,-1.2149485920,-0.0834126031,1.1558658718,0.4893845019,0.0245096881,0.0046200366
0.3700109387,-0.0877863905,0.6832036979,0.0827764363,0.0403898803,-0.7803666918,0.6185018557,-0.2985852411,0.6459407384,0.3434205040,0.8328223109,-0.3946772795,-0.2480823829,-1.0602951347,-0.6408833056,0.0125690441,1.2376990766,-0.2428620236,0.2370891294,0.0363843222,-0.0452913028,-0.1308146680,0.2058751305,0.7677664172,-0.8061098572,-0.0369456887,-0.1127283613,0.1808330624,-0.4916895945,-0.4388936846,-1.2212128435,-0.0841662017,1.1364780297,0.4814402120,0.0226994401,0.0026796667
0.3639411947,-0.0855769123,0.6853197115,0.0859603887,0.0400402528,-0.7788307986,0.6200243358,-0.3093070329,0.6502630487,0.3495235621,0.8325014894,-0.3895889154,-0.2563796818,-1.0447286075,-0.6431676621,-0.0137895430,1.2160805360,-0.2371473646,0.2229981529,0.0340863031,-0.0486217466,-0.1323123823,0.2062096492,0.7560873765,-0.8023557914,-0.0429057264,-0.1159687501,0.1835097005,-0.4885246862,-0.4321719686,-1.2333978831,-0.0840570375,1.1248148192,0.4730025729,0.0224589926,-0.0016435300
0.3605201303,-0.0861504776,0.6847968615,0.0889160344,0.0354078463,-0.7761323109,0.6232646784,-0.3233718631,0.6476906902,0.3504271523,0.8609845473,-0.4074911884,-0.2617993225,-1.0343619793,-0.6564348706,-0.0196954165,1.2078143354,-0.2388537132,0.2208571977,0.0305981985,-0.0668111409,-0.1300516944,0.2067470972,0.7611558412,-0.7981701856,-0.0510774175,-0.1200624004,0.1824912766,-0.4907402067,-0.4221285654,-1.2392667606,-0.0885601460,1.1214419851,0.4659955679,0.0224688876,-0.0083118507
0.3575611782,-0.0844095914,0.6862501126,0.0935641214,0.0311525801,-0.7727932102,0.6269497000,-0.3395105461,0.6388721333,0.3545076497,0.8764073806,-0.4146453092,-0.2617999999,-1.0244810305,-0.6704308687,-0.0301763673,1.1877894628,-0.2309646128,0.2150243818,0.0245131769,-0.0821143382,-0.1280031117,0.2055825311,0.7589880225,-0.7939111413,-0.0591473897,-0.1241069039,0.1829068514,-0.4907604354,-0.4124674624,-1.2479538864,-0.0938946648,1.1148908066,0.4582656232,0.0210276496,-0.0134328749
0.3576708489,-0.0827330245,0.6876993986,0.0972027523,0.0298145620,-0.7701209685,0.6297431307,-0.3473962189,0.6302862714,0.3627350938,0.8687706948,-0.4070195799,-0.2618000000,-1.0163033622,-0.6789734238,-0.0385824679,1.1636355422,-0.2210380906,0.2126353503,0.0148432648,-0.0826935584,-0.1288752923,0.2026234195,0.7512810267,-0.7961218158,-0.0599286246,-0.1250438936,0.1833736034,-0.4895666887,-0.4058668230,-1.2465443272,-0.0967774800,1.1163088394,0.4576452765,0.0206383678,-0.0182424702
0.3583281191,-0.0817686741,0.6883599522,0.1007416855,0.0274357145,-0.7671012365,0.6329724223,-0.3563625679,0.6204691911,0.3690723799,0.8690276578,-0.4055156362,-0.2618000000,-1.0092543570,-0.6904501219,-0.0422629132,1.1431585316,-0.2131781743,0.2132943928,0.0049203953,-0.0900300323,-0.1303687858,0.2008932931,0.7517233156,-0.7990129996,-0.0618879102,-0.1272871127,0.1824703324,-0.4893849034,-0.3917914229,-1.2388981993,-0.1052459494,1.1179655661,0.4575255174,0.0195312241,-0.0265147460
0.3585955494,-0.0802739344,0.6893406983,0.1045731151,0.0253965694,-0.7641028304,0.6360552982,-0.3647011353,0.6104991243,0.3764720382,0.8649281135,-0.4007570283,-0.2618000000,-1.0022725791,-0.7010208660,-0.0479556592,1.1214866077,-0.2046042933,0.2124567970,-0.0047067364,-0.0959381446,-0.1320751256,0.1984465580,0.7499529369,-0.8020649857,-0.0633782793,-0.1290836519,0.1818606598,-0.4886255017,-0.3779118623,-1.2326996918,-0.1139096557,1.1183387611,0.4573579885,0.0184646345,-0.0338518450
0.3604026207,-0.0788800307,0.6909212571,0.1084996184,0.0245044285,-0.7615590463,0.6384788053,-0.3701737466,0.5959594839,0.3845199173,0.8524248714,-0.3869058375,-0.2618000000,-0.9997850229,-0.7111054958,-0.0526603180,1.0994180030,-0.1920717618,0.2129109195,-0.0142695059,-0.0947754549,-0.1342418148,0.1925491918,0.7463827528,-0.8035344960,-0.0625516112,-0.1297209306,0.1817862126,-0.4869270835,-0.3799642130,-1.2460191520,-0.1221653979,1.1063948930,0.4575138613,0.0150494805,-0.0423974672
0.3626170013,-0.0776523031,0.6920249532,0.1123804753,0.0232062202,-0.7590050725,0.6408926588,-0.3760852248,0.5812087194,0.3920374655,0.8435351831,-0.3758896377,-0.2618000000,-0.9982067821,-0.7220335187,-0.0550569608,1.0787537179,-0.1800213440,0.2145677063,-0.0235279426,-0.0945877290,-0.1358048934,0.1865028007,0.7445778848,-0.8049476623,-0.0627117148,-0.1311263511,0.1810964905,-0.4857568316,-0.3825176620,-1.2591889582,-0.1302510719,1.0947848399,0.4578619073,0.0125202617,-0.0523838211
0.3652601382,-0.0766506421,0.6924400798,0.1158382294,0.0213067937,-0.7566582452,0.6431141618,-0.3832399306,0.5674481879,0.3984744326,0.8426034270,-0.3702295875,-0.2618000000,-0.9983358844,-0.7335747743,-0.0537103383,1.0612268840,-0.1690799193,0.2177041926,-0.0314593534,-0.0980090754,-0.1368456231,0.1822421628,0.7496959345,-0.8064256024,-0.0663642464,-0.1340970804,0.1793415529,-0.4852541112,-0.3800969998,-1.2691068863,-0.1423225907,1.0819738865,0.4583189872,0.0108537614,-0.0655191530
0.3689760734,-0.0743256807,0.6944261985,0.1191102683,0.0215062028,-0.7539539738,0.6456807513,-0.3906586143,0.5462148635,0.3939262795,0.8243718757,-0.3575489548,-0.2618000000,-0.9939460047,-0.7381162975,-0.0520325395,1.0324183006,-0.1527299753,0.2281753114,-0.0384938656,-0.0957627702,-0.1370091084,0.1769413915,0.7438488136,-0.8119906385,-0.0581595496,-0.1323594797,0.1814171918,-0.4829041018,-0.3851012899,-1.2759734245,-0.1475014067,1.0713793506,0.4600509655,0.0086625987,-0.0707715327
0.3730593050,-0.0723799606,0.6961013231,0.1217349536,0.0214082201,-0.7514564866,0.6481014103,-0.3971025811,0.5258018731,0.3891963489,0.8097114560,-0.3478939091,-0.2618000000,-0.9876897480,-0.7428689076,-0.0498681798,1.0034866651,-0.1365268556,0.2400660300,-0.0450268507,-0.0944300010,-0.1373042930,0.1722448191,0.7389325774,-0.8181874183,-0.0478612705,-0.1298970962,0.1821480928,-0.4808670588,-0.3899892593,-1.2810286526,-0.1513535019,1.0614753972,0.4621067772,0.0066420557,-0.0771256061
0.3772981320,-0.0704725465,0.6977490820,0.1240935303,0.0212529391,-0.7490716968,0.6504157911,-0.4032935925,0.5059818549,0.3843744435,0.7960540853,-0.3387681980,-0.2618000000,-0.9808631009,-0.7473466682,-0.0478695837,0.9745971980,-0.1203167060,0.2520360947,-0.0513271225,-0.0931661790,-0.1373166821,0.1677234634,0.7341734409,-0.8243370127,-0.0368930382,-0.1272187158,0.1820987078,-0.4789591177,-0.3951548331,-1.2855680684,-0.1546602360,1.0517130883,0.4642449914,0.0045743675,-0.0839306408
0.3839828291,-0.0673150486,0.6993738005,0.1262403795,0.0202518959,-0.7467822713,0.6526633639,-0.4130814266,0.4824383308,0.3774967898,0.7914820407,-0.3352646742,-0.2618000000,-0.9739521703,-0.7559169102,-0.0466198029,0.9381281040,-0.0960162624,0.2617755902,-0.0548834935,-0.0931229280,-0.1381942012,0.1625377383,0.7289922043,-0.8273121237,-0.0384543115,-0.1275984471,0.1789985388,-0.4785086334,-0.4030736468,-1.2885455292,-0.1621214228,1.0431783156,0.4695166735,0.0017560980,-0.0927929927
0.3893220761,-0.0611215528,0.7011712362,0.1282684543,0.0205312961,-0.7455176464,0.6537041444,-0.4286823485,0.4646270576,0.3702482782,0.7865612609,-0.3260981123,-0.2618000000,-0.9716084182,-0.7570065246,-0.0505571015,0.9011580481,-0.0690709199,0.2617999390,-0.0557964188,-0.0937238369,-0.1360253945,0.1550367916,0.7278130690,-0.8276758499,-0.0430221812,-0.1290057099,0.1765864904,-0.4781860702,-0.4132178435,-1.2892180048,-0.1714659180,1.0345211342,0.4754894101,-0.0012624183,-0.1023807256
0.3946834311,-0.0547827882,0.7028306829,0.1304053619,0.0214713777,-0.7443840759,0.6545424120,-0.4458973032,0.4481704607,0.3631001570,0.7828205487,-0.3173755408,-0.2618000000,-0.9696733215,-0.7570140128,-0.0551623515,0.8633788660,-0.0414297960,0.2617999998,-0.0562069193,-0.0939297948,-0.1339102202,0.1470660528,0.7281078458,-0.8273898246,-0.0491157124,-0.1310548140,0.1748206960,-0.4779556521,-0.4237194539,-1.2893046399,-0.1816241660,1.0259755713,0.4813162707,-0.0044878142,-0.1123402202
0.4030662117,-0.0489519574,0.7040478446,0.1327993070,0.0211123819,-0.7448099722,0.6535875738,-0.4626082366,0.4230196472,0.3476778866,0.7874945800,-0.3194098819,-0.2618000000,-0.9678664017,-0.7590084449,-0.0569808081,0.8156292837,-0.0043139652,0.2618000000,-0.0538317725,-0.0967234776,-0.1326385840,0.1428124184,0.7322564112,-0.8260144837,-0.0518436051,-0.1321782554,0.1744140126,-0.4775373322,-0.4338019501,-1.2938738044,-0.1905435029,1.0168217569,0.4854323426,-0.0068433098,-0.1198249114
0.4117431433,-0.0431010277,0.7050764412,0.1350737043,0.0206260527,-0.7454150817,0.6524461788,-0.4798636512,0.3984447664,0.3328987548,0.7954283348,-0.3233764987,-0.2618000000,-0.9657501917,-0.7607662548,-0.0582233793,0.7668619090,0.0337106081,0.2618000000,-0.0507755342,-0.0997585542,-0.1314580697,0.1394328741,0.7367690278,-0.8246418160,-0.0548587850,-0.1328701997,0.1739048659,-0.4773486321,-0.4438692580,-1.2987758682,-0.1990476392,1.0085930053,0.4893474268,-0.0089448115,-0.1261205311
0.4204401867,-0.0371265270,0.7057875979,0.1372940471,0.0200666574,-0.7460347115,0.6512909359,-0.4975694054,0.3740585973,0.3185429375,0.8051285118,-0.3282439191,-0.2618000000,-0.9635748254,-0.7625914977,-0.0592176559,0.7179032114,0.0720149522,0.2618000000,-0.0475762742,-0.1028305055,-0.1302732610,0.1363840274,0.7414251435,-0.8232763625,-0.0581241943,-0.1333950494,0.1733514478,-0.4772685679,-0.4541259181,-1.3040996867,-0.2073086030,1.0007304992,0.4931990127,-0.0110821332,-0.1319509805
0.4286538020,-0.0318619081,0.7057616641,0.1384262280,0.0215964867,-0.7481628220,0.6485554433,-0.5129078641,0.3543183555,0.2987865583,0.8121293637,-0.3440295939,-0.2618000000,-0.9556734022,-0.7552409828,-0.0624213387,0.6636310970,0.1113058006,0.2618000000,-0.0423838639,-0.1078751273,-0.1325142440,0.1299000782,0.7512618195,-0.8224144963,-0.0632123952,-0.1342791913,0.1722758967,-0.4780366606,-0.4670022747,-1.3100786095,-0.2153068101,0.9882666975,0.4958725368,-0.0134510524,-0.1374426607
0.4388109434,-0.0268005781,0.7049612977,0.1332981903,0.0240552899,-0.7538254363,0.6429620106,-0.5257005802,0.3496400980,0.2786022879,0.8409942947,-0.3748698651,-0.2618000000,-0.9347335014,-0.7358766664,-0.0702417382,0.6071545931,0.1522582532,0.2618000000,-0.0252917738,-0.1085920362,-0.1324497474,0.1345113814,0.7731353180,-0.8239250067,-0.0779024494,-0.1361885343,0.1695946279,-0.4794175770,-0.4672767200,-1.3095840604,-0.2261260605,0.9726619309,0.4983028837,-0.0150403667,-0.1483098557
0.4467840059,-0.0213252911,0.7055601782,0.1363584912,0.0255210606,-0.7546265887,0.6413218762,-0.5417274861,0.3248891672,0.2602645748,0.8397828939,-0.3856352490,-0.2618000000,-0.9290357736,-0.7320522758,-0.0725771198,0.5495761203,0.1938447909,0.2618000000,-0.0237160389,-0.1132191368,-0.1327435500,0.1211832489,0.7786820756,-0.8222386946,-0.0817352337,-0.1382742613,0.1705764312,-0.4795847364,-0.4843364955,-1.3190038648,-0.2362274169,0.9597512864,0.4998199453,-0.0171896493,-0.1520593183
0.4623522868,-0.0125408023,0.7019715115,0.1433746378,0.0222552154,-0.7545574695,0.6399933154,-0.5555643009,0.2973940888,0.2258017164,0.8328355572,-0.3868012924,-0.2618000000,-0.9125230355,-0.7455401580,-0.0772445894,0.4380433788,0.2579837839,0.2618000000,-0.0275305751,-0.1279553782,-0.1355384382,0.1083379985,0.7843068841,-0.8253553541,-0.0832033601,-0.1400029229,0.1712721291,-0.4805909042,-0.4989211471,-1.3219042501,-0.2417452563,0.9520070479,0.5016917555,-0.0172274364,-0.1549909684
0.4774041136,-0.0046512009,0.6992396125,0.1493950784,0.0187176310,-0.7540884706,0.6392818935,-0.5636486286,0.2685799942,0.1913540238,0.8201931472,-0.3862477449,-0.2618000000,-0.8915913096,-0.7575988862,-0.0857376834,0.3281236841,0.3196513583,0.2618000000,-0.0334196769,-0.1438184940,-0.1401381331,0.0975114359,0.7912606597,-0.8298949708,-0.0830866475,-0.1415123846,0.1718049938,-0.4814739160,-0.5118033621,-1.3216021000,-0.2457530500,0.9454945047,0.5036180748,-0.0173510907,-0.1581391916
0.4921662010,0.0019174466,0.6972058222,0.1536038299,0.0154754018,-0.7536892759,0.6388418041,-0.5647356057,0.2410618289,0.1563112294,0.8034267034,-0.3861901854,-0.2618000000,-0.8717741129,-0.7664504214,-0.0942830404,0.2324098691,0.3714743032,0.2618000000,-0.0399102658,-0.1576555259,-0.1453975519,0.0892359594,0.7984511483,-0.8351014363,-0.0820395672,-0.1428287782,0.1721392414,-0.4821623084,-0.5228131909,-1.3193630428,-0.2487911449,0.9393855820,0.5054180929,-0.0178538083,-0.1613441861
0.5273223971,-0.0189442131,0.6986078134,0.1395262367,-0.0004471374,-0.7492217649,0.6474557718,-0.4823117364,0.1956148349,0.1393785907,0.8113566930,-0.4534548439,-0.2618000000,-0.7630208367,-0.8288240452,-0.0881503632,0.1638843317,0.3672412673,0.2618000000,-0.0660784235,-0.1446202084,-0.1571149498,0.1148271011,0.7884879322,-0.8708428976,-0.0834354849,-0.1403722647,0.1675194115,-0.4794343472,-0.4885066440,-1.2923058448,-0.2379166713,0.8611630160,0.4967677040,-0.0294908093,-0.1788547089
0.5608325707,-0.0378736323,0.6961935241,0.1361197841,-0.0157914119,-0.7404044483,0.6580450506,-0.4246955251,0.1371963163,0.1180352013,0.8204046143,-0.5140281914,-0.2618000000,-0.7015594476,-0.9080722041,-0.0657011256,0.1268568641,0.3501844490,0.2618000000,-0.1042341856,-0.1419460554,-0.1636923110,0.1153567798,0.7748731125,-0.8957986370,-0.0835901118,-0.1399887557,0.1660930078,-0.4791491256,-0.4735805220,-1.2762009845,-0.2384222721,0.7826799932,0.4866367525,-0.0358961416,-0.1916429728
0.5935603182,-0.0574760653,0.6918646047,0.1336779095,-0.0305503906,-0.7319740535,0.6673910961,-0.3674947572,0.0811324624,0.0940005777,0.8316593610,-0.5770745919,-0.2618000000,-0.6433262664,-0.9873577449,-0.0485016639,0.0951318558,0.3288003235,0.2618000000,-0.1407814926,-0.1414308099,-0.1735955639,0.1156512793,0.7616638780,-0.9199395729,-0.0826297989,-0.1398844771,0.1645385264,-0.4789761740,-0.4585369145,-1.2585606309,-0.2383881753,0.7021421275,0.4746105239,-0.0401992552,-0.2052633558
0.6152894395,-0.0725594908,0.6900281735,0.1249519896,-0.0370042132,-0.7256746310,0.6755842053,-0.3277004257,0.0626662871,0.0852191972,0.8477816377,-0.6182107606,-0.2618000000,-0.5766801217,-1.0331827414,-0.0638567518,0.0955305186,0.2543850843,0.2618000000,-0.1695336495,-0.1233096695,-0.1770191030,0.1107917048,0.7490499692,-0.9456884575,-0.0851914507,-0.1407225701,0.1624811875,-0.4798465168,-0.4376744292,-1.2167071720,-0.2395541379,0.5839694634,0.4515146163,-0.0427312562,-0.2213991096
0.6299812685,-0.0668583748,0.6934247862,0.1178986165,-0.0455618548,-0.7153972038,0.6871905663,-0.3162374386,0.0423331289,0.0702191409,0.8383111145,-0.6040977640,-0.2618000000,-0.5224471256,-1.0581790337,-0.0955166432,0.0819915382,0.2030226108,0.2126810311,-0.2120486156,-0.1119562273,-0.1702769303,0.0988843645,0.7320445971,-0.9676695595,-0.0895835454,-0.1437794444,0.1624766907,-0.4789460405,-0.4180570577,-1.1815491747,-0.2458553590,0.4542655941,0.4285902863,-0.0364064541,-0.2334649730
0.6449868069,-0.0635933486,0.7002549182,0.1061246036,-0.0382090117,-0.7132616910,0.6917625315,-0.3098818112,0.0610108603,0.0589269184,0.8272382670,-0.5964011547,-0.2618000000,-0.4824702359,-1.0336972024,-0.1279454993,0.0777177407,0.1401725777,0.1542095583,-0.2299946906,-0.0822201961,-0.1645919641,0.0795013594,0.7285873868,-0.9871842477,-0.0882739396,-0.1447911599,0.1608869433,-0.4799030919,-0.3916656920,-1.1187496374,-0.2601144754,0.3183820969,0.3950665873,-0.0278129828,-0.2539244303
0.6512938280,-0.0571939543,0.7079776724,0.0913723226,-0.0238287025,-0.7194333551,0.6881125920,-0.3143222769,0.1077929191,0.0672630331,0.8225095476,-0.5790742587,-0.2618000000,-0.4795559207,-0.9661838719,-0.1410033133,0.1212956581,0.1068328363,0.1267788309,-0.2196925454,-0.0493622870,-0.1517882215,0.0648175435,0.7273621717,-0.9912396998,-0.0835036412,-0.1456162184,0.1607645094,-0.4816468429,-0.3635060231,-1.0583336288,-0.2705632284,0.2000202806,0.3579384476,-0.0185781730,-0.2656821622
0.6575941790,-0.0522312712,0.7154658088,0.0737766576,-0.0057927130,-0.7269283746,0.6827141331,-0.3218477909,0.1657423511,0.0724050510,0.8284111646,-0.5699979353,-0.2618000000,-0.4812918926,-0.8877199762,-0.1539212891,0.1756605011,0.0653973734,0.0977015321,-0.2032843377,-0.0079389217,-0.1401662257,0.0510316231,0.7267919763,-0.9973312795,-0.0783653168,-0.1462758893,0.1599556637,-0.4840146695,-0.3317953271,-0.9961681588,-0.2803466774,0.0785901541,0.3164993082,-0.0062688693,-0.2741749441
0.6632754682,-0.0485699414,0.7224155382,0.0548503386,0.0114415040,-0.7338708567,0.6769742225,-0.3262770025,0.2243468741,0.0741552098,0.8371780961,-0.5643504419,-0.2618000000,-0.4812587737,-0.8099455588,-0.1679412043,0.2365258458,0.0185037663,0.0694998190,-0.1901669968,0.0320019043,-0.1297966681,0.0433428829,0.7293193965,-1.0018767512,-0.0746188220,-0.1462971376,0.1588344150,-0.4862250427,-0.3070907146,-0.9354352005,-0.2803666062,-0.0306219734,0.2783017079,0.0002642454,-0.2745184608
0.6679034504,-0.0454693885,0.7275549927,0.0375660056,0.0260349361,-0.7439885210,0.6666273756,-0.3190481296,0.2784360515,0.0828658969,0.8373077609,-0.5635013086,-0.2618000000,-0.5026779992,-0.7383825253,-0.1892179385,0.3387610915,-0.0145352642,0.0623306335,-0.1639114293,0.0627219015,-0.1202902299,0.0425790501,0.7333392897,-0.9998572932,-0.0757194075,-0.1444270628,0.1576484344,-0.4876350734,-0.2826830188,-0.8746620461,-0.2802006579,-0.0566079614,0.2696949006,0.0117346487,-0.2729478726
0.6764956110,-0.0422818561,0.7296787753,0.0254832360,0.0345188580,-0.7511303819,0.6587580759,-0.3212653461,0.3046475786,0.0935867786,0.8565056147,-0.5730256895,-0.2466737316,-0.5295112025,-0.6953906961,-0.2036507275,0.4411986482,-0.0425821091,0.0663539539,-0.1419086517,0.0846359497,-0.1113670798,0.0363147241,0.7321302872,-1.0011152629,-0.0789981583,-0.1431009804,0.1567190108,-0.4896807424,-0.2631233221,-0.8249665604,-0.2800708799,-0.0769359381,0.2621666832,0.0207327993,-0.2699078401
0.6900220023,-0.0407410450,0.7298572593,0.0209659821,0.0357928276,-0.7544525978,0.6550424252,-0.3292050503,0.2937931503,0.1082519930,0.8860776784,-0.5913473615,-0.2134940639,-0.5621551227,-0.6884486190,-0.2068579651,0.5426633908,-0.0661206828,0.0853561863,-0.1245173637,0.0998341014,-0.1016343615,0.0193057091,0.7191253787,-1.0067148700,-0.0856048654,-0.1402218002,0.1558924232,-0.4931417180,-0.2555951818,-0.7959240722,-0.2797196615,-0.0878143543,0.2560335752,0.0283541125,-0.2695987902
0.6999347942,-0.0378280151,0.7292148702,0.0219445188,0.0337041373,-0.7576555015,0.6514143153,-0.3369473113,0.2800394984,0.1345674890,0.9040669919,-0.5955818501,-0.1875911203,-0.5908843607,-0.6948818233,-0.2286370486,0.6449686683,-0.0994700534,0.0808141036,-0.1119404197,0.1018980673,-0.0965994530,0.0101611750,0.7122708900,-1.0039711050,-0.0860264763,-0.1391860752,0.1570072092,-0.4937501342,-0.2539901917,-0.7697916528,-0.2853423012,-0.1007426311,0.2569784777,0.0311297184,-0.2763653971
0.7094054739,-0.0351031248,0.7287961247,0.0238635128,0.0305506596,-0.7601793256,0.6485557669,-0.3432162612,0.2627616307,0.1610453086,0.9177503083,-0.5974254893,-0.1617311257,-0.6192628627,-0.7056932234,-0.2497590077,0.7486636386,-0.1341978382,0.0760141829,-0.1027158942,0.0999472299,-0.0922908119,0.0027693187,0.7071567288,-0.9997315225,-0.0865243066,-0.1379671741,0.1576938276,-0.4945999705,-0.2529355367,-0.7422498890,-0.2896420180,-0.1125678458,0.2591343992,0.0328674272,-0.2837648513
0.7186567227,-0.0324786383,0.7281788272,0.0263027161,0.0265072638,-0.7622986764,0.6461472433,-0.3486152099,0.2429516551,0.1878455474,0.9298909518,-0.5986966895,-0.1355588000,-0.6472531393,-0.7198416909,-0.2695209487,0.8532807170,-0.1696776832,0.0712678296,-0.0954576482,0.0955939037,-0.0881331486,-0.0035102753,0.7028073675,-0.9947218474,-0.0873087252,-0.1366568410,0.1582365643,-0.4955670262,-0.2520684298,-0.7141011121,-0.2931742228,-0.1239620405,0.2613798947,0.0342122508,-0.2912567215
0.7211246332,-0.0323752043,0.7266975748,0.0304199371,0.0226157024,-0.7634151754,0.6447948724,-0.3508497320,0.2247563646,0.1941706969,0.9346874509,-0.6018851589,-0.1252612960,-0.6720804765,-0.7201043601,-0.2670283491,0.9182026194,-0.2070685532,0.0683763722,-0.0888707992,0.0835912819,-0.0867244121,-0.0064960482,0.7084824273,-0.9912097995,-0.0904809126,-0.1377878019,0.1585219763,-0.4973084501,-0.2576160231,-0.7105868534,-0.2878889679,-0.1250044657,0.2617845865,0.0384316069,-0.2973517220
0.7240642680,-0.0321746217,0.7257601176,0.0342005114,0.0191281376,-0.7650158305,0.6428181846,-0.3515920584,0.2075219972,0.2019777425,0.9363700831,-0.6034276014,-0.1144171196,-0.6932122438,-0.7173871266,-0.2669117525,0.9756562283,-0.2402252538,0.0650831146,-0.0817912999,0.0736275294,-0.0857511944,-0.0076470900,0.7142682682,-0.9867060978,-0.0951997128,-0.1397459820,0.1589133085,-0.4986191912,-0.2671313469,-0.7101030396,-0.2796588112,-0.1198231328,0.2642441486,0.0408756975,-0.3026800789
0.7270259321,-0.0320283975,0.7249790825,0.0376129275,0.0157699960,-0.7668105622,0.6405764097,-0.3515001789,0.1911225520,0.2100887818,0.9372098208,-0.6046152193,-0.1035890535,-0.7125354524,-0.7132853288,-0.2678389540,1.0308480533,-0.2722374754,0.0615457666,-0.0747247307,0.0648603986,-0.0843079375,-0.0080384650,0.7197174520,-0.9813936117,-0.1003863737,-0.1418034942,0.1595411383,-0.4997699847,-0.2786198398,-0.7107819072,-0.2699488068,-0.1119797409,0.2675101419,0.0420069169,-0.3076652482
0.7300535971,-0.0314127120,0.7237565489,0.0401456908,0.0129168543,-0.7670243563,0.6402305172,-0.3534517302,0.1793168346,0.2203392276,0.9402820613,-0.6081563927,-0.0954021226,-0.7283917215,-0.7218031144,-0.2662007655,1.0515610475,-0.2792266356,0.0633193904,-0.0702543516,0.0613311322,-0.0821894178,-0.0124832853,0.7191548707,-0.9821580456,-0.1039652205,-0.1424413333,0.1609340465,-0.5022529494,-0.2938514071,-0.6896902705,-0.2439538413,-0.1172752632,0.2597181930,0.0408214495,-0.3067194990
0.7336772050,-0.0306560587,0.7229771617,0.0425566794,0.0103814028,-0.7674274635,0.6396375878,-0.3547380685,0.1674133627,0.2316851276,0.9406242637,-0.6103186844,-0.0852375290,-0.7418336614,-0.7288701330,-0.2662641986,1.0663868041,-0.2824734394,0.0651215645,-0.0672315645,0.0588256180,-0.0798608760,-0.0158365516,0.7171613669,-0.9805583418,-0.1059033828,-0.1428662872,0.1622787112,-0.5045171652,-0.3081267385,-0.6642808987,-0.2166892921,-0.1281523190,0.2469111523,0.0423060770,-0.3065894843
0.7373704227,-0.0299772997,0.7224699689,0.0447693028,0.0079035683,-0.7679092523,0.6389433647,-0.3553017277,0.1557536282,0.2431882217,0.9398224428,-0.6118919503,-0.0750215367,-0.7541084634,-0.7352920188,-0.2670369266,1.0796754884,-0.2849566996,0.0668333996,-0.0647174031,0.0567248569,-0.0773061837,-0.0184457922,0.7147883176,-0.9779192168,-0.1073207037,-0.1429929139,0.1633796325,-0.5069591733,-0.3214914786,-0.6372877790,-0.1894592612,-0.1412420740,0.2326079056,0.0453766976,-0.3068575660
0.7378725135,-0.0295690696,0.7229458237,0.0471061905,0.0073837509,-0.7683248448,0.6382816148,-0.3554989705,0.1509834968,0.2487754851,0.9322149244,-0.6092299097,-0.0728674643,-0.7629427893,-0.7352630081,-0.2621092166,1.0875532898,-0.2904847506,0.0715091935,-0.0712109437,0.0532701441,-0.0756007989,-0.0194209640,0.7133154244,-0.9744865642,-0.1145988339,-0.1437918669,0.1624004905,-0.5074867180,-0.3258652888,-0.6293187443,-0.1881930720,-0.1520438474,0.2246220171,0.0465219506,-0.3158756133
0.7383987635,-0.0291768437,0.7234205878,0.0492622807,0.0070905225,-0.7687636655,0.6375934275,-0.3549353174,0.1473771594,0.2556484736,0.9234286601,-0.6073224012,-0.0701633678,-0.7708226629,-0.7346358472,-0.2583052642,1.0946972766,-0.2958389839,0.0760795495,-0.0749807607,0.0505592146,-0.0741703001,-0.0220674453,0.7123090362,-0.9740206659,-0.1232797824,-0.1447801424,0.1618715898,-0.5076926439,-0.3284127205,-0.6242463543,-0.1900152145,-0.1606676513,0.2198446812,0.0453839983,-0.3242695139
0.7389547744,-0.0287911977,0.7240146089,0.0512758580,0.0068681197,-0.7693081660,0.6367798372,-0.3540917664,0.1441721141,0.2626627935,0.9145802095,-0.6054789942,-0.0675388436,-0.7783159475,-0.7334715276,-0.2547702847,1.1014716261,-0.3010401147,0.0805818937,-0.0772717479,0.0481852973,-0.0727113838,-0.0257359065,0.7112539708,-0.9750236200,-0.1322227043,-0.1460184320,0.1616587941,-0.5076147222,-0.3302277137,-0.6201352184,-0.1931019044,-0.1684716113,0.2159041072,0.0433046005,-0.3322754137
0.7364277644,-0.0283980613,0.7238958586,0.0542288870,0.0051079176,-0.7699201144,0.6358114143,-0.3529251123,0.1439091638,0.2709225163,0.9088361212,-0.6008562780,-0.0704568437,-0.7786372157,-0.7315943279,-0.2562144159,1.0960141102,-0.2985546683,0.0840817939,-0.0710855918,0.0387043563,-0.0743706290,-0.0303242887,0.7108258804,-0.9793666907,-0.1276873145,-0.1439030677,0.1643825810,-0.5072507788,-0.3444248192,-0.6154587630,-0.1770860562,-0.1820085808,0.2068907091,0.0456720338,-0.3275100522
0.7359781416,-0.0260443031,0.7267907670,0.0567901340,0.0047021738,-0.7715455018,0.6336168471,-0.3481052489,0.1430070227,0.2834400573,0.8841353242,-0.5824117492,-0.0693856576,-0.7688198912,-0.7219463229,-0.2674960759,1.0635848744,-0.2779689313,0.0846844182,-0.0692906495,0.0309073432,-0.0781024647,-0.0294642201,0.7072314443,-0.9777687523,-0.1160402049,-0.1428948085,0.1660103503,-0.5052427304,-0.3582579466,-0.6030358239,-0.1562425507,-0.1983079529,0.1951951878,0.0504664344,-0.3175235792
0.7317445874,-0.0272150253,0.7252984236,0.0586815532,0.0025286264,-0.7722102280,0.6326463823,-0.3457857476,0.1466990640,0.2893828147,0.8895095890,-0.5872366409,-0.0758208828,-0.7712963076,-0.7213083994,-0.2654318634,1.0739472634,-0.2878739499,0.0895573268,-0.0604651870,0.0239658335,-0.0757500281,-0.0368442291,0.7046936513,-0.9826415910,-0.1106172653,-0.1375521302,0.1661012896,-0.5072063696,-0.3777217856,-0.6021158965,-0.1398583080,-0.2105665712,0.1839490752,0.0555904158,-0.3155692288
0.7273428337,-0.0257783943,0.7277726470,0.0624759087,0.0020847839,-0.7748550595,0.6290405800,-0.3380229491,0.1495547534,0.2995661360,0.8616651404,-0.5697918587,-0.0830707680,-0.7524171298,-0.7120265033,-0.2935689027,1.0317811593,-0.2837749818,0.0772706828,-0.0550006232,0.0134992362,-0.0823814498,-0.0252639125,0.7022307710,-0.9620156300,-0.1057639857,-0.1411867990,0.1663180123,-0.5053137410,-0.3731214910,-0.6018445040,-0.1513626717,-0.1924092074,0.1974016867,0.0561058291,-0.3224731197
0.7195625552,-0.0276315526,0.7262421487,0.0657210758,0.0001723693,-0.7767482047,0.6263728418,-0.3329440926,0.1570205407,0.3039530067,0.8616335660,-0.5738542177,-0.0964627126,-0.7452433196,-0.7107068627,-0.3095674070,1.0294185381,-0.3080431941,0.0690294844,-0.0419692970,0.0037962047,-0.0838774018,-0.0213131322,0.7009608364,-0.9485570301,-0.1075578781,-0.1408748639,0.1659779448,-0.5065925460,-0.3720727393,-0.6123752427,-0.1673381312,-0.1698086250,0.2120794200,0.0536330808,-0.3363663366
0.7133971713,-0.0277866810,0.7262145957,0.0688716617,-0.0008179592,-0.7789993563,0.6232303170,-0.3279137865,0.1636759820,0.3102112897,0.8521925924,-0.5697989403,-0.1070405095,-0.7334956799,-0.7050491135,-0.3309412139,1.0115018175,-0.3210181121,0.0590000648,-0.0305737119,-0.0060081520,-0.0877343975,-0.0149389606,0.7000524093,-0.9336464899,-0.1076730221,-0.1424750161,0.1667758061,-0.5071136058,-0.3690292580,-0.6208795878,-0.1837309804,-0.1447164189,0.2304968420,0.0486641039,-0.3463872466
0.7032781668,-0.0287102153,0.7312582050,0.0695969046,0.0018946652,-0.7815097494,0.6199961232,-0.3057212519,0.1775073752,0.3081970435,0.8020013038,-0.5403800599,-0.1253661544,-0.7165941599,-0.6880214052,-0.3366524638,0.9524376343,-0.2974402934,0.0556169801,-0.0253422601,-0.0114950102,-0.0980479170,0.0121992783,0.7089290740,-0.9116176643,-0.0871618832,-0.1415906759,0.1704183623,-0.5061163048,-0.3615956332,-0.6688112599,-0.1991360946,-0.0717320012,0.2620404559,0.0480600084,-0.3441495497
0.6905359292,-0.0324926921,0.7316173411,0.0703291622,0.0022479574,-0.7831551676,0.6178322904,-0.2890456027,0.1938684604,0.3014962846,0.7843309676,-0.5343685095,-0.1487775105,-0.7170044678,-0.6834745563,-0.3254721751,0.9381999723,-0.3023937232,0.0567632688,-0.0153340742,-0.0170965184,-0.1011814377,0.0306817719,0.7151153002,-0.8950116656,-0.0695680502,-0.1359881805,0.1724408482,-0.5071804178,-0.3593728139,-0.7233018853,-0.2152340613,0.0015672165,0.2873432602,0.0479128683,-0.3487589660
0.6808735584,-0.0335070304,0.7359826711,0.0714662381,0.0038809558,-0.7853914399,0.6148477869,-0.2664349751,0.2043534833,0.3006777920,0.7351502964,-0.5061905411,-0.1658959266,-0.7027059608,-0.6700378633,-0.3267289227,0.8818391613,-0.2794635506,0.0548437355,-0.0100220361,-0.0204857489,-0.1116616438,0.0585365684,0.7170982064,-0.8731779213,-0.0466245966,-0.1323542781,0.1738981799,-0.5070793469,-0.3608791956,-0.7856362583,-0.2273500855,0.0957586569,0.3268356733,0.0402409042,-0.3367775317
0.6684614655,-0.0374369491,0.7389455101,0.0731540120,0.0063111989,-0.7868014833,0.6128230456,-0.2394889059,0.2188280028,0.3021732196,0.6838806209,-0.4781544167,-0.1871369213,-0.7090217763,-0.6672603314,-0.3156728669,0.8559544496,-0.2485814485,0.0647139601,0.0067795024,-0.0317071711,-0.1213628599,0.0788529740,0.7205030600,-0.8568460023,-0.0536771480,-0.1312480102,0.1720703290,-0.5097096018,-0.3686955515,-0.8838008727,-0.2332580101,0.2630907779,0.3761475655,0.0362766537,-0.3161611616
0.6561734921,-0.0412556906,0.7416490028,0.0756693988,0.0085199632,-0.7878922417,0.6110870378,-0.2144479866,0.2310345157,0.3037115153,0.6328831688,-0.4499331534,-0.2078507765,-0.7177771360,-0.6663292520,-0.3028479718,0.8307350345,-0.2174317674,0.0750592688,0.0227560987,-0.0434356732,-0.1312695473,0.0988567476,0.7246629742,-0.8409572176,-0.0649978562,-0.1321780900,0.1732971960,-0.5103529847,-0.3786541012,-0.9841175799,-0.2350158930,0.4335550997,0.4205294653,0.0342769834,-0.2864850746
0.6439272488,-0.0452165841,0.7442276006,0.0784132295,0.0108226426,-0.7889405630,0.6093496729,-0.1905420694,0.2430037262,0.3052788418,0.5827812932,-0.4220451521,-0.2288667085,-0.7274448543,-0.6654021312,-0.2893523735,0.8059594928,-0.1864246193,0.0855454302,0.0388868829,-0.0545570973,-0.1412282341,0.1188404565,0.7283132007,-0.8251541194,-0.0775593515,-0.1332996262,0.1751391839,-0.5106585259,-0.3891300702,-1.0851817306,-0.2330266177,0.6041843105,0.4583810565,0.0361516180,-0.2499148888
0.6288550717,-0.0492164756,0.7457223957,0.0859161788,0.0139095838,-0.7917398140,0.6046263314,-0.1647574245,0.2513144839,0.3103375103,0.5166073534,-0.3776647152,-0.2526409246,-0.7535469104,-0.6590562304,-0.2728565364,0.8098651026,-0.1741708171,0.0920210436,0.0783402851,-0.0651423003,-0.1470646008,0.1396298469,0.7345605226,-0.7998701079,-0.0853238647,-0.1317944966,0.1782196370,-0.5144635637,-0.4092097905,-1.1899754356,-0.1980444671,0.7576466429,0.4739834996,0.0414219425,-0.2103731329
0.6191351614,-0.0528972934,0.7478687645,0.0966620139,0.0137444798,-0.7920435740,0.6026064397,-0.1461878510,0.2373623116,0.3129073061,0.4504735827,-0.3325959070,-0.2617999428,-0.7816987094,-0.6687277361,-0.2488998308,0.7983107101,-0.1461119612,0.1058963254,0.1098033027,-0.0757987857,-0.1514989696,0.1584911076,0.7284931063,-0.7744376307,-0.0913832146,-0.1290663044,0.1815157457,-0.5175364113,-0.4291299755,-1.2949779630,-0.1595587166,0.8928967990,0.4781809773,0.0539387075,-0.1772294550
0.6127445467,-0.0566020959,0.7498389142,0.1105197585,0.0102770759,-0.7906332279,0.6021452181,-0.1334135497,0.2066283936,0.3132538641,0.3875728907,-0.2892941308,-0.2618000000,-0.8171097691,-0.6912240714,-0.2132589832,0.7816763494,-0.1106126279,0.1254955975,0.1390421591,-0.0907182082,-0.1561952605,0.1757045068,0.7170413457,-0.7530331115,-0.0975707031,-0.1252673626,0.1843478893,-0.5218146542,-0.4556531024,-1.4042448863,-0.1119980245,1.0303547261,0.4755432274,0.0642731038,-0.1398894405
0.6214433305,-0.0604596247,0.7521783219,0.1300630271,-0.0015072836,-0.7831706338,0.6080502408,-0.1332322619,0.1375437283,0.2791844776,0.3509233493,-0.2650630896,-0.2618000000,-0.8683104734,-0.7449541136,-0.1456754090,0.7548179678,-0.0592859660,0.1558140810,0.1482024230,-0.1061721110,-0.1573642828,0.1838668005,0.6911342791,-0.7351429268,-0.1025384130,-0.1203917005,0.1886684388,-0.5285705662,-0.4852341993,-1.5166070396,-0.0782595941,1.1265235084,0.4672137409,0.0712444443,-0.1167996928
0.6304901195,-0.0675087046,0.7549805615,0.1420529645,-0.0100782855,-0.7791191823,0.6104856126,-0.1276356288,0.0892520151,0.2481506522,0.3412966585,-0.2604417034,-0.2618000000,-0.8969367825,-0.7814096157,-0.0888001275,0.7235864062,-0.0127071724,0.1887640600,0.1593296942,-0.1237856390,-0.1594896071,0.1983915853,0.6854138893,-0.7107074940,-0.1009866769,-0.1192517787,0.1921910640,-0.5314829997,-0.4887484024,-1.5874980722,-0.0618419031,1.1940222108,0.4568340865,0.0858863426,-0.1174009986
0.6393744494,-0.0731073226,0.7574592634,0.1627927604,-0.0247340885,-0.7692808879,0.6173278363,-0.1219797800,0.0140015279,0.2111315891,0.3022409280,-0.2315483880,-0.2618000000,-0.9427850455,-0.8406643225,-0.0141558315,0.6749434700,0.0470580426,0.2248483169,0.1693495030,-0.1301965578,-0.1629505093,0.2113123773,0.6396770225,-0.7037279151,-0.1078445016,-0.1114232851,0.1969356367,-0.5374832852,-0.4968055804,-1.7155372589,-0.0418123277,1.2683765580,0.4440836627,0.0991701738,-0.1018882243
0.6265014500,-0.0765280909,0.7563587375,0.1737589167,-0.0253384286,-0.7714089561,0.6116322632,-0.1063869968,0.0258633783,0.1943349981,0.2632739996,-0.2003588321,-0.2618000000,-0.9896257833,-0.8316634055,0.0102505585,0.7083388698,0.0310850407,0.2179694682,0.1975983890,-0.1462260438,-0.1716245908,0.2144860557,0.6598076938,-0.6976427037,-0.1129535984,-0.1053431410,0.1973642752,-0.5496224249,-0.5056456451,-1.7604125267,-0.0108066831,1.3041055991,0.4070978494,0.0970005791,-0.0710301377
0.6139394464,-0.0795034552,0.7555958500,0.1828239349,-0.0231340165,-0.7739016534,0.6059013591,-0.0930388669,0.0459332084,0.1775280755,0.2273949978,-0.1701632149,-0.2618000000,-1.0257855677,-0.8173231976,0.0208231913,0.7367994058,0.0172537949,0.2091501931,0.2202303646,-0.1520431223,-0.1827930789,0.2207890433,0.6746671435,-0.6876781256,-0.1180882089,-0.1022880794,0.1993482100,-0.5560028741,-0.5124430171,-1.7979653527,0.0167084814,1.3190227772,0.3671205157,0.0995274405,-0.0551991734
0.6014126843,-0.0821603473,0.7547829296,0.1913179889,-0.0203694140,-0.7764300469,0.6001157358,-0.0805405377,0.0684742643,0.1612388967,0.1939343706,-0.1410992242,-0.2618000000,-1.0589979868,-0.8017806603,0.0276489837,0.7641568290,0.0041386428,0.1998055486,0.2412361307,-0.1558623304,-0.1940788565,0.2283707435,0.6885320283,-0.6755962528,-0.1234636913,-0.0992187021,0.2016668505,-0.5617514191,-0.5159853834,-1.8339143227,0.0405246551,1.3283299402,0.3269498936,0.1050588953,-0.0441496673
0.5945275698,-0.0815037563,0.7517601404,0.1973599139,-0.0183748139,-0.7752962128,0.5996892637,-0.0705717974,0.0860573650,0.1645164115,0.1703986234,-0.1257701805,-0.2618000000,-1.0766892717,-0.7971457155,0.0254027767,0.7800578288,-0.0062123513,0.1913596282,0.2440468300,-0.1599799885,-0.1988434894,0.2212011853,0.6942017605,-0.6785663610,-0.1386813995,-0.0989948610,0.2025536087,-0.5654693542,-0.5277372384,-1.8438311598,0.0521978291,1.3303118829,0.3097907007,0.1084623970,-0.0430233168
0.5877256292,-0.0805704470,0.7487963880,0.2027262700,-0.0166653384,-0.7741126351,0.5994780682,-0.0601855390,0.1040309382,0.1674552604,0.1484085772,-0.1110257062,-0.2618000000,-1.0917464240,-0.7929423776,0.0217775729,0.7950781274,-0.0161323781,0.1828453609,0.2459156861,-0.1630238761,-0.2015360231,0.2126758470,0.6991159435,-0.6814595838,-0.1534922295,-0.0995022744,0.2042853805,-0.5679935280,-0.5386935046,-1.8532656334,0.0626572763,1.3309442082,0.2944813565,0.1127025442,-0.0443532107
0.5809455148,-0.0796346216,0.7458035777,0.2078758170,-0.0150886763,-0.7729378892,0.5992720550,-0.0495427842,0.1220554003,0.1706404442,0.1271549470,-0.0966999298,-0.2618000000,-1.1060339121,-0.7889006154,0.0179185132,0.8098990624,-0.0259999135,0.1743721442,0.2477968965,-0.1657918393,-0.2035870581,0.2038023777,0.7038102050,-0.6841245734,-0.1683819493,-0.1000183012,0.2064197646,-0.5708311943,-0.5485296710,-1.8628711342,0.0719235390,1.3313471214,0.2793696048,0.1173131664,-0.0460382312
0.5798128148,-0.0799482617,0.7439075590,0.2125032269,-0.0173802488,-0.7699868606,0.6013821913,-0.0546202482,0.1153839096,0.1802297935,0.1180465828,-0.0980848774,-0.2618000000,-1.1166894407,-0.7985814536,0.0256942217,0.8136717156,-0.0268868968,0.1764959747,0.2428368350,-0.1652681588,-0.2036613534,0.2038217591,0.7051294967,-0.6860203902,-0.1553689860,-0.0961706691,0.2095693033,-0.5722490375,-0.5589223308,-1.8682124044,0.0775300263,1.3375905237,0.2755906535,0.1216901285,-0.0470829710
0.5786329233,-0.0802136261,0.7420028190,0.2173533669,-0.0195417795,-0.7668260707,0.6036169398,-0.0611090810,0.1084976612,0.1891268535,0.1098811509,-0.0997683800,-0.2618000000,-1.1282515753,-0.8084511445,0.0335860445,0.8171264606,-0.0272961221,0.1784591970,0.2372051642,-0.1646614047,-0.2041426094,0.2029895119,0.7046374245,-0.6878692458,-0.1392058390,-0.0908926494,0.2106496337,-0.5742863700,-0.5680489198,-1.8736771890,0.0818545131,1.3435308446,0.2725620606,0.1259756574,-0.0482223713
0.5775803254,-0.0802895948,0.7401999775,0.2222300255,-0.0215617823,-0.7635986698,0.6058597005,-0.0680265955,0.1016095203,0.1977444024,0.1017475220,-0.1014067088,-0.2618000000,-1.1400816835,-0.8180790662,0.0413028358,0.8201547443,-0.0272862572,0.1802432293,0.2315504769,-0.1638735116,-0.2047893682,0.2017377238,0.7037840518,-0.6898291404,-0.1223147781,-0.0853577896,0.2111954374,-0.5764304572,-0.5759689948,-1.8792081758,0.0848695203,1.3494187706,0.2695956909,0.1303272530,-0.0493741706
0.5745684174,-0.0772738985,0.7371433473,0.2226134022,-0.0181566293,-0.7622442539,0.6075337911,-0.0792707082,0.1155582625,0.2205262342,0.0998878166,-0.0912117101,-0.2618000000,-1.1478378658,-0.8095568761,0.0417202246,0.8370461733,-0.0414653837,0.1775503579,0.2287388657,-0.1550766448,-0.2050547759,0.1908500369,0.7101193537,-0.6963441318,-0.1178960599,-0.0860283404,0.2095330103,-0.5789558928,-0.5776642012,-1.8714250117,0.0965416156,1.3421136240,0.2566956856,0.1345859125,-0.0473272100
0.5716435826,-0.0743820663,0.7340956791,0.2228115969,-0.0144110766,-0.7611599057,0.6089194619,-0.0902593311,0.1304476161,0.2440382883,0.0985674079,-0.0816076519,-0.2618000000,-1.1546516353,-0.7999732659,0.0409894133,0.8534313835,-0.0554144356,0.1747770929,0.2266488500,-0.1459556335,-0.2059476383,0.1808203086,0.7179227514,-0.7028857137,-0.1152895887,-0.0882366601,0.2088567991,-0.5807678492,-0.5817057745,-1.8628952182,0.1107266391,1.3344681380,0.2431566288,0.1396540988,-0.0458912309
0.5685819386,-0.0716792768,0.7310820067,0.2229238342,-0.0105816483,-0.7601660701,0.6101971310,-0.1007801193,0.1456090549,0.2677479502,0.0972599930,-0.0721526570,-0.2618000000,-1.1612914216,-0.7900675558,0.0400060587,0.8700253062,-0.0695759661,0.1720055487,0.2247208139,-0.1368408168,-0.2070875486,0.1712569754,0.7261939774,-0.7092917762,-0.1132113025,-0.0906802925,0.2084980550,-0.5824375431,-0.5885193375,-1.8539758593,0.1277908116,1.3267903798,0.2295303210,0.1447959512,-0.0445689592
0.5715463425,-0.0708286724,0.7291127165,0.2239706193,-0.0087381066,-0.7576229235,0.6129994396,-0.1086053184,0.1421910952,0.2785327744,0.0930043163,-0.0614956710,-0.2618000000,-1.1674212532,-0.7948953967,0.0445501642,0.8698745702,-0.0671914653,0.1830081110,0.2267417775,-0.1244136456,-0.2072246531,0.1573046900,0.7052921547,-0.7264807929,-0.1069180561,-0.0851826836,0.2116819595,-0.5789645114,-0.5885427787,-1.8707480097,0.1388895834,1.3137617500,0.2203405293,0.1496121605,-0.0381765107
0.5743191086,-0.0698972062,0.7270903332,0.2239026640,-0.0078832064,-0.7558653864,0.6152015684,-0.1133363893,0.1392849758,0.2908412670,0.0912652448,-0.0529136165,-0.2618000000,-1.1712167619,-0.7984328865,0.0501598388,0.8709338981,-0.0657436807,0.1939474613,0.2265196102,-0.1201581749,-0.2059027231,0.1470409616,0.6971518187,-0.7394132341,-0.1008898890,-0.0829932687,0.2114883767,-0.5762527593,-0.5865208400,-1.8736273322,0.1483692578,1.3067129839,0.2095842668,0.1533270892,-0.0342414486
0.5766832309,-0.0689040466,0.7250299833,0.2223398677,-0.0088248840,-0.7552023208,0.6165683736,-0.1131673752,0.1364131192,0.3050577393,0.0929131374,-0.0472752851,-0.2618000000,-1.1723163232,-0.8004274988,0.0584197028,0.8743691130,-0.0662490919,0.2048588651,0.2169122233,-0.1323562757,-0.2026162825,0.1507510434,0.7177798027,-0.7374023256,-0.1046053394,-0.0878993972,0.2067860628,-0.5757908082,-0.5937898646,-1.8458882383,0.1657109509,1.3090418465,0.1952479410,0.1530745763,-0.0381540051
0.5793802944,-0.0681706835,0.7228844404,0.2224422039,-0.0068216348,-0.7528645303,0.6194093398,-0.1186182955,0.1351804735,0.3070675822,0.0883069483,-0.0492755263,-0.2618000000,-1.1772252958,-0.8063065105,0.0592751062,0.8766051482,-0.0668077783,0.2110562106,0.2192288048,-0.1174319096,-0.2037449544,0.1413748486,0.7030676877,-0.7462263046,-0.1014183607,-0.0845223356,0.2096755012,-0.5740761052,-0.5999041258,-1.8623633742,0.1742728993,1.2992646218,0.1917033681,0.1565352656,-0.0328974769
0.5816570667,-0.0673627281,0.7208878718,0.2197206615,-0.0068187010,-0.7527660163,0.6204995254,-0.1175090404,0.1365190878,0.3128002162,0.0918356505,-0.0574709239,-0.2618000000,-1.1748135060,-0.8078211400,0.0608062822,0.8801539522,-0.0690589555,0.2166123211,0.2132410332,-0.1227608262,-0.2018768323,0.1478161956,0.7255202960,-0.7382943048,-0.1080818762,-0.0902893681,0.2061160468,-0.5762318236,-0.6137877342,-1.8398444815,0.1905280706,1.3035544218,0.1851138941,0.1569526416,-0.0358734352
0.5844109158,-0.0666730959,0.7188223227,0.2195684275,-0.0048888389,-0.7504711784,0.6233448606,-0.1227155665,0.1356187330,0.3144695479,0.0879815845,-0.0600399623,-0.2618000000,-1.1789696065,-0.8138096817,0.0612634587,0.8827368221,-0.0698088206,0.2225399067,0.2155404783,-0.1075283878,-0.2025400713,0.1385685717,0.7110388488,-0.7468157372,-0.1055648779,-0.0869435289,0.2093839904,-0.5748036935,-0.6214697980,-1.8564096481,0.2006748555,1.2934323642,0.1819091033,0.1602499632,-0.0305927812
0.5911206306,-0.0690036578,0.7193210608,0.2162883979,-0.0054521930,-0.7528535397,0.6216117359,-0.1156514274,0.1270991905,0.3028140185,0.0950523662,-0.0810255599,-0.2618000000,-1.1646133395,-0.8127989914,0.0659700410,0.8658441323,-0.0587337307,0.2363232944,0.2200847455,-0.1288258757,-0.2030380306,0.1477394396,0.7427118055,-0.7373708464,-0.0999366190,-0.0892512685,0.2074841293,-0.5759947788,-0.6189360639,-1.8302837775,0.2107406343,1.3021292170,0.1762044391,0.1646807615,-0.0287471542
0.5980780885,-0.0690336834,0.7191197862,0.2147120599,-0.0075702786,-0.7528392680,0.6221530831,-0.1138175224,0.1122995537,0.2864599523,0.0983571214,-0.0944680914,-0.2618000000,-1.1567520816,-0.8186858988,0.0740389774,0.8453668796,-0.0415867977,0.2473729956,0.2187152074,-0.1382419124,-0.2012660739,0.1580617390,0.7542288773,-0.7323165766,-0.1010369354,-0.0902659460,0.2054220407,-0.5759061908,-0.6202323671,-1.8221042062,0.2211186552,1.3036084962,0.1688729047,0.1644946089,-0.0284246924
0.6051385928,-0.0691752385,0.7188583659,0.2136926309,-0.0095025084,-0.7522625331,0.6231743280,-0.1127577633,0.0965730394,0.2690341652,0.0999796941,-0.1066262071,-0.2618000000,-1.1504532944,-0.8261161795,0.0824656166,0.8252389585,-0.0246118754,0.2587310442,0.2176102651,-0.1436006448,-0.1997060705,0.1668774766,0.7588798353,-0.7290512092,-0.1021005921,-0.0897550850,0.2045894946,-0.5750890243,-0.6222023114,-1.8211856798,0.2315611873,1.3020106686,0.1615034044,0.1639767817,-0.0270266978
0.6108644502,-0.0652189408,0.7184874338,0.2116647250,-0.0096282530,-0.7519442418,0.6242477057,-0.1177831192,0.0904302448,0.2605406291,0.1015816575,-0.1255340294,-0.2618000000,-1.1430371317,-0.8263657461,0.0820552742,0.8035207747,-0.0079848347,0.2617923276,0.2126478255,-0.1508833987,-0.1990618302,0.1668241498,0.7647993844,-0.7301697213,-0.1032524408,-0.0891960107,0.2037464245,-0.5749201138,-0.6350926005,-1.8309628145,0.2307514167,1.3013319581,0.1601107150,0.1647322269,-0.0309008057
0.6163612722,-0.0604831143,0.7182344372,0.2097036029,-0.0089391533,-0.7518794948,0.6249973726,-0.1260813438,0.0865163852,0.2525677040,0.1053554336,-0.1441441435,-0.2618000000,-1.1358901048,-0.8239962714,0.0787428572,0.7803497508,0.0099918602,0.2617999808,0.2093340783,-0.1572910133,-0.1968927897,0.1626502515,0.7706733854,-0.7318488464,-0.1038735562,-0.0895141998,0.2032483085,-0.5744833842,-0.6481483526,-1.8418890822,0.2275716456,1.3016985208,0.1596598805,0.1657612484,-0.0353161584
0.6218408294,-0.0563533531,0.7184897807,0.2047621728,-0.0077903719,-0.7541492253,0.6239156262,-0.1316823811,0.0895109249,0.2482250224,0.1198252453,-0.1708942340,-0.2618000000,-1.1174819383,-0.8151799946,0.0691624848,0.7553444544,0.0271437960,0.2618000000,0.2044791918,-0.1762520370,-0.1937741610,0.1658773853,0.8042563263,-0.7234301460,-0.1072442094,-0.0959062266,0.1990837677,-0.5759395798,-0.6647011100,-1.8266051453,0.2270994231,1.3158190930,0.1579668855,0.1669443697,-0.0415106873
0.6303583480,-0.0513045780,0.7190758347,0.2052546352,-0.0099759751,-0.7537897098,0.6241571021,-0.1481825195,0.0715995826,0.2343482485,0.1400689306,-0.1868451624,-0.2618000000,-1.1145689165,-0.8191419235,0.0730860606,0.7159551248,0.0632874329,0.2618000000,0.2012944600,-0.1747265380,-0.1896303382,0.1596693535,0.7926538992,-0.7309139486,-0.1099096612,-0.0949925086,0.2005621757,-0.5743786425,-0.6755761109,-1.8396417639,0.2264092525,1.3049106842,0.1628343857,0.1636690455,-0.0420301144
0.6388757236,-0.0466069793,0.7199785784,0.2047365742,-0.0116941501,-0.7546826105,0.6232177304,-0.1662481345,0.0572691739,0.2234055525,0.1700062523,-0.2092777834,-0.2618000000,-1.1065047296,-0.8195280969,0.0735492937,0.6738973546,0.1001583451,0.2618000000,0.1998396192,-0.1785626256,-0.1859417645,0.1533308713,0.7904635945,-0.7370009415,-0.1099172940,-0.0950269154,0.2013014165,-0.5735174433,-0.6845470092,-1.8433897606,0.2248149466,1.2982020033,0.1692330313,0.1631402584,-0.0414557186
0.6475581831,-0.0428539332,0.7210495237,0.1976424806,-0.0132325589,-0.7594816330,0.6196369892,-0.1858572120,0.0570771537,0.2170850374,0.2378341650,-0.2563390450,-0.2618000000,-1.0768946344,-0.8099523457,0.0632896851,0.6307288570,0.1347319655,0.2618000000,0.1947865539,-0.2003766850,-0.1824108897,0.1668710237,0.8332160862,-0.7263301773,-0.1163124584,-0.1037937338,0.1956822357,-0.5750567458,-0.6984608589,-1.8030054741,0.2327945017,1.3117370465,0.1767594755,0.1631670944,-0.0437960618
0.6507844920,-0.0386703981,0.7207068607,0.1912967465,-0.0099109667,-0.7628189326,0.6175877295,-0.2066681922,0.0751698512,0.2117355572,0.2906944908,-0.2853330015,-0.2618000000,-1.0469372716,-0.7934956106,0.0454631274,0.5962170599,0.1552196567,0.2618000000,0.1895942376,-0.2252123730,-0.1783396637,0.1584582341,0.8649397623,-0.7350678407,-0.1261919285,-0.1068382927,0.1943162465,-0.5746829688,-0.7370433064,-1.8278945254,0.2256443720,1.2763141054,0.1750175900,0.1538868123,-0.0562271152
0.6542216194,-0.0345194872,0.7210987156,0.1844727369,-0.0062578977,-0.7662761807,0.6154278698,-0.2260994340,0.0938700859,0.2053350344,0.3405467526,-0.3127746478,-0.2618000000,-1.0167787979,-0.7754766605,0.0279371109,0.5607814783,0.1767234602,0.2618000000,0.1884426395,-0.2454361553,-0.1716526011,0.1420492763,0.8909090617,-0.7499716135,-0.1333250793,-0.1101195896,0.1942358273,-0.5734948719,-0.7700809205,-1.8613841895,0.2116652266,1.2376698881,0.1725944758,0.1477746574,-0.0664530214
0.6577754265,-0.0303022895,0.7220046204,0.1770581906,-0.0024647363,-0.7699160395,0.6130853238,-0.2442638794,0.1132300150,0.1979483380,0.3890959838,-0.3397867728,-0.2618000000,-0.9860971081,-0.7559095158,0.0110407321,0.5244519374,0.1990985714,0.2618000000,0.1892918047,-0.2637547798,-0.1634538533,0.1221619769,0.9152971717,-0.7676530746,-0.1389118423,-0.1135851093,0.1941206547,-0.5720973328,-0.7895240904,-1.8987003080,0.1839974503,1.1988812678,0.1705129860,0.1427180970,-0.0752772961
0.6624433598,-0.0274829939,0.7215230850,0.1713377791,-0.0021273487,-0.7709034859,0.6134709898,-0.2548782153,0.1216099605,0.1988575420,0.4234590999,-0.3549107138,-0.2618000000,-0.9216735533,-0.7577674732,-0.0345585992,0.4361476191,0.2311748658,0.2618000000,0.1713529612,-0.2785815964,-0.1577388861,0.0926054574,0.9380894178,-0.8043507981,-0.1463089891,-0.1178919043,0.1924495399,-0.5722056011,-0.7905703889,-1.9259897762,0.1424574715,1.0790982480,0.1751864155,0.1323801847,-0.0706859435
0.6674772263,-0.0242958288,0.7225450268,0.1632718976,-0.0003579496,-0.7729032995,0.6131579315,-0.2620986888,0.1352152944,0.1995075723,0.4540807352,-0.3675326850,-0.2618000000,-0.8536103189,-0.7494773952,-0.0839193864,0.3485805708,0.2625731009,0.2618000000,0.1560417888,-0.2859865702,-0.1512201169,0.0633825782,0.9581812806,-0.8415225763,-0.1535931874,-0.1225901082,0.1909497674,-0.5718543073,-0.7719880951,-1.9556518996,0.0825329899,0.9560925578,0.1814154344,0.1274927862,-0.0662153125
0.6730341903,-0.0209744902,0.7248967039,0.1533341454,0.0032055072,-0.7758639324,0.6119751000,-0.2682801679,0.1541182281,0.1999920896,0.4837604919,-0.3793365159,-0.2618000000,-0.7855335595,-0.7302857699,-0.1338993123,0.2621379911,0.2932966325,0.2618000000,0.1446238824,-0.2855895774,-0.1446650883,0.0334956778,0.9749765892,-0.8802472134,-0.1606525693,-0.1272570843,0.1893697871,-0.5716215235,-0.7285140827,-1.9897118932,-0.0006057735,0.8359309718,0.1894859545,0.1238357985,-0.0612899260
0.6892683891,-0.0424935099,0.7281002455,0.1294066877,0.0020166536,-0.7770461164,0.6159944604,-0.1988832746,0.1590901673,0.1941409842,0.4876708093,-0.4207146580,-0.2618000000,-0.6928209356,-0.7366118806,-0.1478278255,0.2652253026,0.2521781854,0.2618000000,0.1383450696,-0.2231378199,-0.1459570564,0.0418664684,0.9403143984,-0.9234840246,-0.1575360965,-0.1289946855,0.1893434105,-0.5697051968,-0.4316162233,-2.0665427779,-0.2970183509,0.7664967811,0.2167146517,0.1306669749,-0.0113291272
0.6986745299,-0.0457162269,0.7345097677,0.1123839388,0.0049866193,-0.7773027856,0.6189873693,-0.1589213036,0.1715200556,0.1885351019,0.4561664177,-0.4110918241,-0.2618000000,-0.6335519228,-0.7137927709,-0.1778189604,0.2515519525,0.2338665772,0.2125445413,0.1163117345,-0.1789758444,-0.1460791415,0.0424654852,0.9116268871,-0.9528520164,-0.1515457732,-0.1285840528,0.1930731083,-0.5659560300,-0.3161406850,-2.1279650453,-0.4291045972,0.6942207852,0.2489235748,0.1290705882,0.0350007116
0.7069801453,-0.0431795914,0.7416338345,0.0922524250,0.0169383558,-0.7817310686,0.6165217908,-0.1456699138,0.2130388337,0.1876016222,0.4568316327,-0.4105821581,-0.2617945250,-0.5838912956,-0.6528666735,-0.2158112586,0.2253092950,0.2267735176,0.1433038672,0.0956748410,-0.1384472305,-0.1478175374,0.0466542882,0.9092216029,-0.9650341608,-0.1417370168,-0.1296144457,0.1910630852,-0.5654697136,-0.1866212600,-2.1610009863,-0.5801982729,0.6335836401,0.2726524681,0.1286149892,0.0654760308
0.7218576058,-0.0406363394,0.7473350977,0.0787757156,0.0210786872,-0.7851082942,0.6139666456,-0.1361216233,0.2219859866,0.2027721880,0.4620877489,-0.4100085677,-0.2439597210,-0.5742999896,-0.6254308100,-0.2327827473,0.3041505270,0.1757574812,0.1293224641,0.0663493491,-0.1065467077,-0.1524133393,0.0679153092,0.8940109956,-0.9550423319,-0.1404386152,-0.1335813530,0.1893636343,-0.5644930883,-0.0647036392,-2.1763106849,-0.7124285723,0.5365526580,0.3040746506,0.1220501408,0.0986301683
0.7385655151,-0.0384975642,0.7524627251,0.0693868896,0.0219689345,-0.7863044594,0.6135373848,-0.1308975343,0.2132992923,0.2156333555,0.4663857888,-0.4089279936,-0.2184261892,-0.5758809427,-0.6156093063,-0.2402654475,0.3921578692,0.1225287607,0.1207235345,0.0280915487,-0.0860107617,-0.1586035114,0.0928069042,0.8804958839,-0.9418760155,-0.1410505283,-0.1362157169,0.1878848873,-0.5641693365,0.0402188980,-2.1872561388,-0.8240458827,0.4296462793,0.3337080352,0.1148159473,0.1255238836
0.7552572673,-0.0363857290,0.7575889160,0.0610312236,0.0225467843,-0.7870016038,0.6135106421,-0.1265234423,0.2018943083,0.2279682164,0.4685446459,-0.4064748791,-0.1923625665,-0.5811967315,-0.6087592349,-0.2460040313,0.4836720386,0.0678176024,0.1125202869,-0.0115240082,-0.0708563574,-0.1650936528,0.1172647404,0.8704049776,-0.9287842606,-0.1424691840,-0.1384669505,0.1865204214,-0.5640931836,0.1287976895,-2.1930485053,-0.9150796612,0.3152131175,0.3613488429,0.1060274272,0.1477896438
0.7667739324,-0.0369669966,0.7604065198,0.0568310617,0.0214386989,-0.7883216435,0.6122577880,-0.1153979429,0.1861863099,0.2345718600,0.4590240814,-0.4018332609,-0.1721866693,-0.5661662598,-0.5874163713,-0.2563299599,0.5392578044,0.0228740057,0.1085595980,-0.0494717659,-0.0656350303,-0.1791639196,0.1565511423,0.8587288058,-0.9009703068,-0.1296669125,-0.1368993977,0.1878263945,-0.5654614967,0.1889993330,-2.1872127778,-0.9762645521,0.2663441342,0.3786082807,0.1042808254,0.1644109789
0.7783591764,-0.0373792365,0.7635395399,0.0518548626,0.0205015197,-0.7898273107,0.6107893092,-0.1024319114,0.1717385343,0.2415477819,0.4478581167,-0.3962604613,-0.1533933015,-0.5481965991,-0.5644929792,-0.2674074204,0.5910909503,-0.0202180426,0.1039833245,-0.0835679720,-0.0608710405,-0.1902869420,0.1911314339,0.8472202092,-0.8763525259,-0.1158032797,-0.1340299947,0.1881743921,-0.5679858773,0.2337166932,-2.1781275288,-1.0211540418,0.2164293935,0.3959487941,0.0983946538,0.1820725785
0.7899307912,-0.0376788909,0.7666384649,0.0464409435,0.0196966507,-0.7913394151,0.6092923854,-0.0888308188,0.1581028038,0.2483286979,0.4364643381,-0.3905538722,-0.1348199446,-0.5295300814,-0.5411152826,-0.2780446934,0.6423356743,-0.0630960203,0.0992915935,-0.1151270191,-0.0565416942,-0.1995626996,0.2219027204,0.8360254834,-0.8546781649,-0.1016050671,-0.1310826994,0.1883489040,-0.5706198220,0.2672106610,-2.1661421201,-1.0534539401,0.1635612896,0.4132275274,0.0912914683,0.1989572331
0.7989612078,-0.0379211763,0.7683766691,0.0417368009,0.0185277201,-0.7939667766,0.6062437799,-0.0760895189,0.1488613538,0.2580576357,0.4289437084,-0.3888711758,-0.1207973166,-0.5290923996,-0.5367085514,-0.2763054255,0.6631195434,-0.0783625260,0.1019722488,-0.1399255385,-0.0564779781,-0.2061294587,0.2533572171,0.8277618852,-0.8247992721,-0.0976499682,-0.1283597577,0.1885309135,-0.5729760347,0.2858825871,-2.1548365570,-1.0794966752,0.1282829778,0.4215933035,0.0898410864,0.2076990025
0.8080815688,-0.0380968435,0.7701227499,0.0375036402,0.0177307120,-0.7967136367,0.6029315715,-0.0643056204,0.1391058591,0.2683393841,0.4205399033,-0.3865097152,-0.1064201251,-0.5293610964,-0.5318147137,-0.2744869165,0.6812315192,-0.0916341757,0.1046127475,-0.1626955309,-0.0561304571,-0.2129103987,0.2825380048,0.8191126768,-0.7965332541,-0.0950421316,-0.1258561935,0.1897366400,-0.5753148089,0.2968817316,-2.1440063805,-1.0978981150,0.0937089423,0.4302524343,0.0871037145,0.2171318529
0.8173394966,-0.0381119227,0.7719507765,0.0333024213,0.0170704467,-0.7994653878,0.5995453631,-0.0526786662,0.1293557144,0.2786045913,0.4121128509,-0.3841638922,-0.0920256554,-0.5297509150,-0.5267242457,-0.2727141441,0.6990022038,-0.1046530431,0.1072628541,-0.1842605356,-0.0557529731,-0.2194839627,0.3099953141,0.8100953775,-0.7697658757,-0.0926033481,-0.1234604023,0.1911845658,-0.5775978552,0.3024546385,-2.1326518000,-1.1102399898,0.0583311460,0.4388688933,0.0837942127,0.2264214628
0.8241576137,-0.0381602594,0.7731873904,0.0309414845,0.0152843956,-0.8030134534,0.5949608437,-0.0414050329,0.1189975529,0.2904130068,0.4016636974,-0.3770807627,-0.0824439271,-0.5270079824,-0.5222058172,-0.2692286189,0.7096526708,-0.1175635237,0.1109758335,-0.1953051693,-0.0552645224,-0.2249779077,0.3379740174,0.8046294771,-0.7424781657,-0.0844846945,-0.1203019761,0.1932507273,-0.5804788208,0.3067814147,-2.1146681370,-1.1154658920,0.0380912655,0.4414377814,0.0833047721,0.2280794552
0.8310572183,-0.0380449599,0.7743167191,0.0282707883,0.0138024129,-0.8066727392,0.5901604424,-0.0294794416,0.1087914603,0.3001404668,0.3900367587,-0.3723056653,-0.0720715386,-0.5242794033,-0.5165574080,-0.2660340751,0.7203678544,-0.1304838005,0.1144312088,-0.2049030781,-0.0544268531,-0.2299642461,0.3643769860,0.7990051802,-0.7165300886,-0.0758325738,-0.1171355796,0.1948629243,-0.5835434432,0.3082120887,-2.0960920745,-1.1173468115,0.0180393275,0.4433658979,0.0822434220,0.2295666055
0.8379883204,-0.0378402362,0.7754414233,0.0255051467,0.0123597546,-0.8103227413,0.5852980257,-0.0174767134,0.0986561718,0.3098293321,0.3785310726,-0.3676765777,-0.0617657741,-0.5214027959,-0.5106752935,-0.2629889744,0.7309680481,-0.1433757043,0.1178095675,-0.2140554442,-0.0535350129,-0.2346660277,0.3899858517,0.7928400946,-0.6912272293,-0.0669918097,-0.1140154057,0.1963658981,-0.5865730662,0.3072258520,-2.0773431219,-1.1166915040,-0.0022401372,0.4450134960,0.0810432559,0.2309955457
0.8428071137,-0.0374049881,0.7762654236,0.0234987346,0.0108653795,-0.8133281194,0.5812289766,-0.0083519204,0.0917979478,0.3217944186,0.3694762977,-0.3622936480,-0.0538726836,-0.5186146089,-0.5034377806,-0.2659756787,0.7367195563,-0.1471410110,0.1163246836,-0.2108814046,-0.0567244849,-0.2320243451,0.3966772295,0.7919399156,-0.6830321434,-0.0524717817,-0.1096822098,0.1980611756,-0.5901777066,0.3103883495,-2.0691330728,-1.1228736772,-0.0022943126,0.4469091612,0.0845235841,0.2326697500
0.8478515803,-0.0369092384,0.7770366314,0.0210708613,0.0095893177,-0.8164925226,0.5768916920,0.0010915722,0.0858888743,0.3342582963,0.3608837443,-0.3573912174,-0.0467750290,-0.5149708440,-0.4948423020,-0.2692290569,0.7411551563,-0.1502255945,0.1146493356,-0.2057844538,-0.0587092543,-0.2288994881,0.3998648370,0.7901049943,-0.6781063145,-0.0354945974,-0.1065159796,0.1994449268,-0.5931090446,0.3161478632,-2.0636547675,-1.1317644966,0.0019627732,0.4480717685,0.0871216054,0.2362085542
0.8528552856,-0.0364335493,0.7779091320,0.0184621513,0.0084322488,-0.8196880197,0.5724505188,0.0107055141,0.0803092281,0.3468204519,0.3524597462,-0.3526828472,-0.0397538961,-0.5109746332,-0.4856947041,-0.2726726490,0.7451151192,-0.1530815089,0.1129049934,-0.2003241133,-0.0600102797,-0.2256361952,0.4023573930,0.7876816157,-0.6738534526,-0.0177085968,-0.1035982795,0.2005958009,-0.5958001889,0.3239482438,-2.0592871919,-1.1427489852,0.0075900857,0.4490087975,0.0892739179,0.2403932980
0.8563419912,-0.0363995967,0.7780636818,0.0178693304,0.0068774444,-0.8205236670,0.5712917816,0.0150603394,0.0722735504,0.3525523179,0.3466120206,-0.3485518769,-0.0342056290,-0.4964329918,-0.4790138167,-0.2682795170,0.7173567792,-0.1366354532,0.1172720633,-0.1921252213,-0.0642953946,-0.2223094178,0.3924859364,0.7865532127,-0.6782964600,-0.0098580775,-0.1015661999,0.1996598851,-0.5970936198,0.3379272319,-2.0570672021,-1.1560378925,0.0132746106,0.4515909047,0.0911694252,0.2461942952
0.8600927260,-0.0363336533,0.7785000023,0.0169076133,0.0057952738,-0.8214918777,0.5699400339,0.0196463095,0.0653964366,0.3585381399,0.3401825910,-0.3440284967,-0.0284394251,-0.4802283021,-0.4707559404,-0.2651900729,0.6865966048,-0.1183990283,0.1213638376,-0.1830541127,-0.0671700477,-0.2187774716,0.3815620104,0.7851921667,-0.6839953574,-0.0019932845,-0.1005572344,0.1994790417,-0.5975845073,0.3547026261,-2.0552813867,-1.1719583505,0.0194605667,0.4533849160,0.0931792133,0.2521958552
0.8637828634,-0.0361986760,0.7788994439,0.0157459583,0.0048813825,-0.8225173455,0.5685010583,0.0244170721,0.0590923955,0.3646525412,0.3337868621,-0.3395590041,-0.0227666663,-0.4634020918,-0.4618404840,-0.2622847275,0.6550676312,-0.0998390620,0.1252729792,-0.1738663062,-0.0693104642,-0.2151140376,0.3706217286,0.7834639389,-0.6898261413,0.0059441180,-0.0997673728,0.1994515779,-0.5978692127,0.3739336585,-2.0541058039,-1.1902991567,0.0259942329,0.4549050872,0.0952298571,0.2582953708
0.8660754701,-0.0358334748,0.7784339104,0.0160176695,0.0034508766,-0.8230305639,0.5677607037,0.0233475719,0.0532339973,0.3686326783,0.3364708175,-0.3413248175,-0.0180115042,-0.4466363201,-0.4598444478,-0.2634087280,0.6127930999,-0.0745803358,0.1281259630,-0.1647864919,-0.0759065876,-0.2116970661,0.3652068016,0.7837296417,-0.6983267093,0.0012278488,-0.1008973026,0.1978673418,-0.5995922571,0.3942590214,-2.0629688486,-1.2077868810,0.0354277306,0.4552378848,0.0979767445,0.2631632357
0.8684583735,-0.0355958072,0.7778830579,0.0164835790,0.0024527687,-0.8235321446,0.5670247634,0.0209423679,0.0482086274,0.3727336816,0.3402268394,-0.3437002612,-0.0140293955,-0.4303199598,-0.4574679746,-0.2648170875,0.5700785161,-0.0490661529,0.1308011830,-0.1560626944,-0.0815546390,-0.2092509832,0.3611267187,0.7845812838,-0.7063608298,-0.0055956976,-0.1025002174,0.1973210692,-0.6010211870,0.4152879280,-2.0730573123,-1.2259385411,0.0458585860,0.4556615400,0.1006256679,0.2681404127
0.8708091628,-0.0352948751,0.7774256506,0.0170006747,0.0016118322,-0.8240512706,0.5662577880,0.0181096387,0.0435627386,0.3768645490,0.3443781518,-0.3462781452,-0.0101344632,-0.4142236673,-0.4549900729,-0.2661499114,0.5274232645,-0.0236360861,0.1333401074,-0.1476089161,-0.0868899439,-0.2072223198,0.3576980798,0.7855420436,-0.7140217855,-0.0129813094,-0.1042017966,0.1971402847,-0.6023340537,0.4369557868,-2.0835891670,-1.2447235074,0.0566229939,0.4559313386,0.1032020492,0.2732053286
0.8721606308,-0.0342741490,0.7765732660,0.0173653578,0.0002395569,-0.8245534631,0.5655174387,0.0138062172,0.0417265509,0.3849348664,0.3543036882,-0.3508569810,-0.0070785150,-0.4058150270,-0.4559425499,-0.2684059190,0.5012801766,-0.0050445354,0.1417220528,-0.1373719751,-0.0903555748,-0.2037028457,0.3491709778,0.7883800014,-0.7253594683,-0.0158171231,-0.1058958940,0.1971454453,-0.6045565217,0.4638065202,-2.0877502181,-1.2664753315,0.0609683575,0.4572892044,0.1046028521,0.2786867432
0.8734119447,-0.0333054533,0.7756828351,0.0181285508,-0.0013786433,-0.8249855693,0.5648612798,0.0084407355,0.0392790709,0.3928973470,0.3654312076,-0.3557665635,-0.0046919553,-0.3993501078,-0.4582945896,-0.2697034581,0.4779426954,0.0121634470,0.1501650772,-0.1274824321,-0.0951928900,-0.2008157582,0.3402222039,0.7915988907,-0.7369403091,-0.0178903438,-0.1078342873,0.1968053238,-0.6068098277,0.4933465299,-2.0910302287,-1.2905834458,0.0641904557,0.4578626469,0.1065255662,0.2836310026
0.8747169015,-0.0322409422,0.7747586163,0.0190791174,-0.0030482882,-0.8253858993,0.5642382586,0.0026483621,0.0366069548,0.4008311363,0.3767813933,-0.3607370040,-0.0022911268,-0.3936441277,-0.4612114055,-0.2706903057,0.4555352668,0.0289265646,0.1586131363,-0.1180395105,-0.1004161423,-0.1983375363,0.3315471253,0.7948887625,-0.7482640328,-0.0198532153,-0.1098448133,0.1963404492,-0.6090387342,0.5251137990,-2.0945720682,-1.3168336076,0.0672994452,0.4580778300,0.1086754531,0.2884054894
0.8753561909,-0.0320413204,0.7741535545,0.0194436168,-0.0029451360,-0.8247831355,0.5651071150,-0.0021520381,0.0384143561,0.4082088072,0.3858399873,-0.3663679331,-0.0009060405,-0.3891023090,-0.4605342015,-0.2670481880,0.4426131385,0.0380898205,0.1715614149,-0.1169721519,-0.1036030419,-0.1991837332,0.3316424737,0.7959761576,-0.7472154178,-0.0201568203,-0.1126548519,0.1963161805,-0.6090153614,0.5538729825,-2.0923966892,-1.3417881865,0.0614266768,0.4609361899,0.1082936844,0.2892050084
0.8759219042,-0.0319648919,0.7734886449,0.0200137358,-0.0028431264,-0.8240868254,0.5661027038,-0.0074305472,0.0401262406,0.4153736126,0.3952977081,-0.3719785356,0.0002718679,-0.3854886447,-0.4605466209,-0.2632638366,0.4312696924,0.0462762144,0.1844332028,-0.1169897795,-0.1070144887,-0.2002516557,0.3332631512,0.7970992535,-0.7444632690,-0.0210480228,-0.1147201390,0.1959832496,-0.6094266172,0.5818982497,-2.0895070250,-1.3659708356,0.0535101638,0.4648110378,0.1083373093,0.2888363594
0.8763831885,-0.0318029340,0.7728054446,0.0206872699,-0.0027410410,-0.8233620218,0.5671327046,-0.0129578750,0.0417795603,0.4224721473,0.4049030258,-0.3776369346,0.0014599271,-0.3822457600,-0.4608406894,-0.2593713034,0.4203809381,0.0541916781,0.1972949504,-0.1171355528,-0.1105600825,-0.2014296739,0.3351269504,0.7983217224,-0.7414343728,-0.0221596376,-0.1165878375,0.1956278507,-0.6099913725,0.6094818710,-2.0864477852,-1.3896366376,0.0449867904,0.4689753063,0.1085920750,0.2880882641
0.8760669409,-0.0316174605,0.7725184579,0.0222192340,-0.0026675671,-0.8229371255,0.5676915335,-0.0179229095,0.0423721853,0.4270290286,0.4096793374,-0.3778627169,-0.0004841664,-0.3828028026,-0.4611941404,-0.2560403303,0.4146654017,0.0566585244,0.2031413894,-0.1149755960,-0.1108303607,-0.2019967981,0.3382842133,0.7970948939,-0.7366698008,-0.0199843389,-0.1167551224,0.1960445325,-0.6095613653,0.6350983327,-2.0842485433,-1.4145150502,0.0422625402,0.4710460342,0.1092370931,0.2864910084
0.8757460877,-0.0314489466,0.7722851198,0.0239372222,-0.0026931919,-0.8224731005,0.5682937226,-0.0228755228,0.0423408829,0.4315739948,0.4139058789,-0.3780102419,-0.0013832397,-0.3840764623,-0.4621925915,-0.2522793413,0.4099356777,0.0586645707,0.2092625093,-0.1131131685,-0.1111416933,-0.2028590622,0.3414424828,0.7951135465,-0.7318444038,-0.0172266049,-0.1165432275,0.1961488942,-0.6093038044,0.6603727215,-2.0833303232,-1.4393352249,0.0406204134,0.4731415409,0.1095460187,0.2853454596
0.8754369208,-0.0312866360,0.7719512521,0.0257383931,-0.0027640809,-0.8219865542,0.5689182716,-0.0278839231,0.0420647095,0.4361055268,0.4180032155,-0.3780830623,-0.0022185167,-0.3856142637,-0.4634874166,-0.2483557172,0.4055100273,0.0605338061,0.2154257242,-0.1113648837,-0.1114830306,-0.2038593525,0.3445367470,0.7928733341,-0.7267365499,-0.0144094872,-0.1161680999,0.1963922183,-0.6095295304,0.6853760874,-2.0829476221,-1.4642861931,0.0393615215,0.4752639874,0.1099429385,0.2848072703
0.8750805616,-0.0319965000,0.7714853636,0.0270411402,-0.0018979618,-0.8220739065,0.5687351464,-0.0324056417,0.0439226989,0.4382067527,0.4245859322,-0.3817570419,-0.0012597806,-0.3899334480,-0.4625646695,-0.2422794446,0.4080885442,0.0585509832,0.2188975479,-0.1103372329,-0.1089312113,-0.2061626997,0.3499659539,0.7914561048,-0.7225745100,-0.0136486525,-0.1156072787,0.1955676597,-0.6086328417,0.7129688024,-2.0761419762,-1.4875558707,0.0384021049,0.4764536113,0.1087031680,0.2811417238
0.8746632292,-0.0328287252,0.7710592672,0.0285068245,-0.0009082839,-0.8221424881,0.5685668521,-0.0377043532,0.0461592467,0.4407248102,0.4321554475,-0.3858800663,-0.0027347994,-0.3951304724,-0.4617071791,-0.2360718677,0.4117488696,0.0559349507,0.2223106946,-0.1090158915,-0.1065060202,-0.2090134119,0.3554889953,0.7906145319,-0.7185369359,-0.0136545536,-0.1150556077,0.1951222121,-0.6078941265,0.7409558780,-2.0686772573,-1.5110016010,0.0366723381,0.4777541460,0.1075045643,0.2772559350
0.8742370893,-0.0335822433,0.7705305745,0.0300548126,0.0001449605,-0.8222060189,0.5683959445,-0.0433309213,0.0484823722,0.4432335029,0.4399949246,-0.3901313161,-0.0042040764,-0.4006581521,-0.4608347366,-0.2298189757,0.4156394413,0.0531989030,0.2257196944,-0.1075184271,-0.1040326355,-0.2120634365,0.3609396351,0.7898767098,-0.7146806816,-0.0138946258,-0.1145505443,0.1948150108,-0.6071534322,0.7693263274,-2.0611807963,-1.5347246590,0.0347654175,0.4791928333,0.1063648049,0.2732692143
0.8736025906,-0.0341757684,0.7699583537,0.0317286939,0.0007036535,-0.8224352575,0.5679727476,-0.0485907448,0.0507166211,0.4480780776,0.4481092999,-0.3939977332,-0.0033121598,-0.4092678320,-0.4612407395,-0.2231561787,0.4251230482,0.0477274365,0.2296031353,-0.1030316093,-0.1010243223,-0.2112307806,0.3635597817,0.7844585447,-0.7122138201,-0.0094557261,-0.1138071945,0.1949837192,-0.6051507532,0.8012436355,-2.0465295390,-1.5591103017,0.0430694113,0.4794013588,0.1075657130,0.2716567704
0.8731073267,-0.0347324907,0.7692200942,0.0334252854,0.0010587206,-0.8226461351,0.5675693489,-0.0537749896,0.0521948965,0.4516337403,0.4562322858,-0.3981211690,-0.0042287069,-0.4184287028,-0.4623759752,-0.2166116804,0.4358811842,0.0418842659,0.2311349079,-0.0978962138,-0.0983248310,-0.2099857792,0.3646448361,0.7784959499,-0.7108536096,-0.0036232564,-0.1130075957,0.1946578405,-0.6031408154,0.8342549716,-2.0321748900,-1.5847424267,0.0523369147,0.4793325285,0.1083317353,0.2709131855
0.8725433405,-0.0352875321,0.7685603390,0.0351230796,0.0014218304,-0.8228467568,0.5671750722,-0.0590206939,0.0536948583,0.4551689608,0.4644639635,-0.4023007936,-0.0050928228,-0.4276952556,-0.4634927385,-0.2100273274,0.4467956860,0.0359700218,0.2327048729,-0.0925315882,-0.0953063200,-0.2086996962,0.3652126592,0.7721817123,-0.7099677115,0.0026534959,-0.1122701224,0.1940992647,-0.6011401379,0.8682467808,-2.0184650079,-1.6113241558,0.0621352590,0.4794210659,0.1089769742,0.2704480378
0.8721554548,-0.0361177613,0.7670837384,0.0366130985,0.0013178817,-0.8230237319,0.5668242063,-0.0661779504,0.0562505299,0.4594582667,0.4816672622,-0.4111910877,-0.0057327771,-0.4417378133,-0.4682429383,-0.2045473396,0.4697340191,0.0253687765,0.2345136746,-0.0803075082,-0.0859717286,-0.2013717181,0.3529378202,0.7635119732,-0.7202919735,0.0041881485,-0.1123812864,0.1927866903,-0.5996918348,0.9075071021,-1.9978130014,-1.6431778666,0.1030261248,0.4858230786,0.1126780027,0.2700163922
0.8717881446,-0.0368765789,0.7654590893,0.0380441493,0.0010856215,-0.8231547891,0.5665400757,-0.0740136090,0.0590241844,0.4638550392,0.5009868152,-0.4211532792,-0.0060804897,-0.4571774550,-0.4735907272,-0.1989864842,0.4952860086,0.0141861621,0.2350677220,-0.0675433217,-0.0762828852,-0.1938081463,0.3389537169,0.7545123227,-0.7322778780,0.0062751834,-0.1136525204,0.1919181209,-0.5975894093,0.9485519881,-1.9796949892,-1.6768297689,0.1486278091,0.4912949314,0.1146432369,0.2724389912
0.8716089570,-0.0376553894,0.7638656094,0.0394852383,0.0009076649,-0.8232636447,0.5662835540,-0.0822519565,0.0619164500,0.4682345146,0.5210722905,-0.4315787898,-0.0062562031,-0.4730679847,-0.4788544474,-0.1931292930,0.5212109093,0.0029122880,0.2358547160,-0.0552649130,-0.0654051320,-0.1866336784,0.3252859770,0.7444472198,-0.7441678237,0.0084957611,-0.1152850803,0.1910637171,-0.5953087118,0.9907339598,-1.9642148540,-1.7112475268,0.1963884896,0.4961308968,0.1163161197,0.2762824740
0.8707823214,-0.0425305241,0.7600524441,0.0416859368,0.0006043947,-0.8228499379,0.5667273569,-0.0909551610,0.0629587735,0.4667245374,0.5543820085,-0.4573154117,-0.0081721625,-0.4937305799,-0.4910384485,-0.1829572521,0.5682614439,-0.0330927213,0.2415919923,-0.0226973594,-0.0331855654,-0.1739993539,0.2909696528,0.7132258828,-0.7826950422,0.0082921711,-0.1133366123,0.1884320126,-0.5971743119,1.0365914116,-1.9381841364,-1.7358991837,0.2891631775,0.5014726432,0.1240480882,0.2689057055
0.8714791647,-0.0420697054,0.7575972210,0.0422457373,0.0014237144,-0.8230263694,0.5664281650,-0.1040615876,0.0694563916,0.4675686550,0.5816711584,-0.4702309818,-0.0068300229,-0.5039581262,-0.4932873473,-0.1829026473,0.5820350239,-0.0431776131,0.2406669902,-0.0011176218,-0.0088433851,-0.1628314738,0.2635576368,0.6892868224,-0.8110066032,0.0204959873,-0.1157056639,0.1872883270,-0.5910366256,1.0877838784,-1.9330093860,-1.7727909814,0.4136048869,0.5226044005,0.1320172333,0.2841933115
0.8719874722,-0.0440909514,0.7545902326,0.0425237392,0.0024256455,-0.8232510665,0.5660773174,-0.1147394821,0.0760641922,0.4684609392,0.6140004668,-0.4906837944,-0.0061883491,-0.5165619652,-0.4976228422,-0.1795366222,0.6080891196,-0.0630892328,0.2429440827,0.0197277772,0.0259650330,-0.1523626864,0.2394068285,0.6563253632,-0.8371967609,0.0282224995,-0.1170222484,0.1841971957,-0.5878711281,1.1475019233,-1.9341654718,-1.8124652863,0.5357553955,0.5273653240,0.1373280180,0.2973336270
0.8688645692,-0.0481868439,0.7504465670,0.0422706637,0.0027648258,-0.8210348181,0.5693042896,-0.1218182316,0.0849753686,0.4594007496,0.6500674119,-0.5161163103,-0.0161595785,-0.5448975473,-0.5193569583,-0.1647411103,0.6400303304,-0.0907968986,0.2277849690,0.0378429578,0.0791894042,-0.1316272311,0.2018066584,0.6068585529,-0.8687637432,0.0163492114,-0.1183179801,0.1797822042,-0.5900100319,1.1489998127,-1.9341166837,-1.8071295330,0.6148344503,0.5294301847,0.1374197873,0.2977410451
0.8692193574,-0.0476809544,0.7472764090,0.0396676796,0.0046335389,-0.8194427815,0.5717679017,-0.1362307959,0.0987908184,0.4522854418,0.6880882064,-0.5348732773,-0.0179794261,-0.5596812801,-0.5317617835,-0.1588775536,0.6334186965,-0.0891728474,0.2098829028,0.0540624993,0.1192793657,-0.1123504640,0.1675131942,0.5757400546,-0.8945170332,0.0150262720,-0.1237301389,0.1779315648,-0.5877030921,1.1490000000,-1.9288173742,-1.7914910494,0.7041272731,0.5519032521,0.1450648663,0.3138051165
0.8680719434,-0.0496259997,0.7438833554,0.0372719007,0.0069613300,-0.8178801016,0.5741380363,-0.1463480592,0.1133863087,0.4446381519,0.7248605732,-0.5572272156,-0.0229286343,-0.5768168079,-0.5446719679,-0.1515112638,0.6392427909,-0.0989586400,0.1930048423,0.0749422801,0.1686989249,-0.0968619669,0.1332183627,0.5361147318,-0.9242475458,0.0074435520,-0.1283165596,0.1752297673,-0.5876398732,1.1490000000,-1.9144820276,-1.7707310908,0.7809997829,0.5627904596,0.1497661354,0.3234052383
0.8640552555,-0.0515616853,0.7407661901,0.0357796046,0.0094666183,-0.8172332733,0.5751173619,-0.1536770015,0.1301924386,0.4353659357,0.7544173013,-0.5753194155,-0.0292503777,-0.5997120001,-0.5510905045,-0.1371338354,0.6541732947,-0.0942170394,0.2063638647,0.0997442316,0.2128160139,-0.0868651295,0.1088498942,0.4984626072,-0.9491410577,0.0146401755,-0.1287411831,0.1760605999,-0.5883100387,1.1490000000,-1.9076506286,-1.7590958670,0.8239115659,0.5757256821,0.1479631270,0.3241814689
0.8602238280,-0.0535518145,0.7377453295,0.0346472637,0.0118702837,-0.8166155743,0.5760188080,-0.1606027945,0.1458655578,0.4272247056,0.7818273786,-0.5930336904,-0.0381455547,-0.6232031596,-0.5578645721,-0.1218728232,0.6682442046,-0.0889123856,0.2199302720,0.1240301809,0.2574260750,-0.0791738580,0.0868951297,0.4587619493,-0.9718594079,0.0230992500,-0.1279679165,0.1757008503,-0.5899718076,1.1490000000,-1.8979174693,-1.7454358159,0.8613358116,0.5888747145,0.1490193017,0.3225502671
0.8564369606,-0.0556237450,0.7348496131,0.0334620801,0.0143226337,-0.8160383252,0.5768505899,-0.1670786518,0.1614064040,0.4192174685,0.8081913771,-0.6103146222,-0.0469992236,-0.6461703150,-0.5641985551,-0.1067106439,0.6816205951,-0.0834748350,0.2335177762,0.1486450646,0.3027151383,-0.0740551696,0.0671203781,0.4182823324,-0.9938448382,0.0317815751,-0.1269130829,0.1749393786,-0.5920059955,1.1490000000,-1.8850418894,-1.7294690380,0.8957718318,0.6014728971,0.1511637569,0.3205065569
0.8482567475,-0.0584110840,0.7334336032,0.0349004811,0.0164438441,-0.8137622215,0.5799160313,-0.1697091749,0.1754989131,0.4079023433,0.8177201628,-0.6165463411,-0.0627475987,-0.6802580471,-0.5694734868,-0.0869821556,0.7391062755,-0.1054036923,0.2417104654,0.1753870045,0.3545671079,-0.0753830339,0.0537425602,0.3627216144,-1.0127541213,0.0243277726,-0.1258340462,0.1738447798,-0.5931265023,1.1490000000,-1.8808538619,-1.7425640748,0.9105970038,0.6148815632,0.1379662139,0.2968985911
0.8480686371,-0.0571056817,0.7301181166,0.0322949339,0.0186857975,-0.8128342506,0.5812988554,-0.1843580571,0.1905686648,0.4010771625,0.8518434476,-0.6321594147,-0.0649059730,-0.7036173571,-0.5699204359,-0.0662413602,0.7613346871,-0.0948394202,0.2549841722,0.1993508169,0.3855664464,-0.0684520585,0.0403061015,0.3388951877,-1.0229760348,0.0322743732,-0.1261536223,0.1740347509,-0.5930004588,1.1490000000,-1.8687534325,-1.7512983465,0.9359064696,0.6487661552,0.1403032435,0.2853661361
0.8390610952,-0.0587587637,0.7292376136,0.0341170126,0.0204051515,-0.8104931403,0.5843975776,-0.1880316382,0.2048783143,0.3896774973,0.8593760536,-0.6352870301,-0.0822221007,-0.7388033157,-0.5735238201,-0.0468257164,0.8191353987,-0.1171345449,0.2610203023,0.2241682877,0.4355788556,-0.0699124522,0.0291546035,0.2863099202,-1.0377796966,0.0215626899,-0.1258419840,0.1721543426,-0.5941177521,1.1489124719,-1.8649305220,-1.7672067935,0.9552188610,0.6645327310,0.1294425971,0.2629820919
0.8368122520,-0.0545338200,0.7255610806,0.0314337686,0.0226747323,-0.8113337988,0.5832968727,-0.2071759333,0.2274080331,0.3843912378,0.8994194371,-0.6483153269,-0.0874637370,-0.7609494805,-0.5611772942,-0.0323229871,0.8401855607,-0.1079228964,0.2617666199,0.2385715291,0.4433290917,-0.0626018820,0.0157858586,0.2909122243,-1.0449174143,0.0390244536,-0.1230164962,0.1747645291,-0.5934600635,1.1489805965,-1.8751749012,-1.7975116452,0.9557462284,0.6949695118,0.1188988606,0.2382610834
0.8266523271,-0.0552845808,0.7237237377,0.0341025304,0.0240053830,-0.8101454955,0.5847435636,-0.2138075850,0.2441023435,0.3748307505,0.9117946755,-0.6515010215,-0.1069569007,-0.7927210457,-0.5576757096,-0.0167814571,0.8941660308,-0.1314380651,0.2612220255,0.2513725689,0.4696113165,-0.0625930110,0.0046708061,0.2661198795,-1.0554961293,0.0360915015,-0.1195464453,0.1736505181,-0.5937926426,1.1486987613,-1.8985942437,-1.8371541266,0.9499582334,0.7080299423,0.0966495527,0.2045868821
0.8245540869,-0.0499717225,0.7199316794,0.0315486535,0.0265534571,-0.8112128164,0.5832952622,-0.2364615910,0.2678737424,0.3689028220,0.9542342728,-0.6640959977,-0.1126115907,-0.8177935479,-0.5432571878,-0.0020679651,0.9161783879,-0.1208336303,0.2617738763,0.2554219977,0.4787576228,-0.0440729170,-0.0099369708,0.2738803247,-1.0520960694,0.0498329347,-0.1168179514,0.1744836772,-0.5922866628,1.1489993673,-1.9253980252,-1.8842435053,0.9575048150,0.7323119979,0.0872918669,0.1725288961
0.8195053926,-0.0474357122,0.7161768435,0.0314708229,0.0278593376,-0.8109332731,0.5836271680,-0.2528035617,0.2833053364,0.3560638856,0.9824067360,-0.6749733934,-0.1219187090,-0.8277318511,-0.5314812953,0.0051462850,0.9317204649,-0.1194606869,0.2617722560,0.2492011069,0.4781495991,-0.0269695079,-0.0151287203,0.2778701582,-1.0354731430,0.0613283152,-0.1162639598,0.1749397598,-0.5897026646,1.1490000000,-1.9493628268,-1.9111056832,0.9485138554,0.7375243425,0.0790945184,0.1610281727
0.8088700773,-0.0492170769,0.7139437673,0.0351664196,0.0279259396,-0.8088507821,0.5862967483,-0.2569183681,0.2919213846,0.3411533054,0.9872639503,-0.6785541310,-0.1408596496,-0.8407552378,-0.5281367725,0.0124621949,0.9674376513,-0.1409277886,0.2612343648,0.2451785364,0.4860270065,-0.0212037971,-0.0175085347,0.2625851731,-1.0256624750,0.0637922107,-0.1143899070,0.1758458891,-0.5882363904,1.1490000000,-1.9696891069,-1.9329688312,0.9258477434,0.7327050483,0.0624876387,0.1481910156
0.8074220380,-0.0437834178,0.7104681846,0.0314625181,0.0271452845,-0.8084375473,0.5871132561,-0.2721853006,0.3037238555,0.3283700142,1.0186796748,-0.6878759246,-0.1436501044,-0.8383405415,-0.5169668547,0.0171826457,0.9641079424,-0.1230657971,0.2617704126,0.2319066127,0.4760558080,-0.0022097715,-0.0132037059,0.2801608786,-1.0071507981,0.0847277674,-0.1137368610,0.1781359544,-0.5869835552,1.1490000000,-1.9810394329,-1.9456579475,0.9089595755,0.7412381458,0.0629325393,0.1444756484
0.8053145647,-0.0434280415,0.7083806565,0.0315844362,0.0266043739,-0.8077678345,0.5880525114,-0.2763481623,0.3094904590,0.3275624554,1.0300532075,-0.6933894418,-0.1484212981,-0.8291747415,-0.5144587377,0.0136495667,0.9561811864,-0.1197961142,0.2615454103,0.2257875605,0.4710812059,0.0079440230,-0.0167399511,0.2865122668,-1.0017591004,0.0882291524,-0.1132925247,0.1752409088,-0.5897110175,1.1490000000,-2.0017343939,-1.9690187004,0.9134735575,0.7521397365,0.0657555752,0.1394797373
0.8020005055,-0.0421547315,0.7072321978,0.0319489639,0.0253691037,-0.8073391239,0.5886758118,-0.2776784734,0.3155634787,0.3288518108,1.0348412650,-0.6942110541,-0.1544343617,-0.8195460058,-0.5106217043,0.0083820201,0.9472289379,-0.1165653158,0.2571717653,0.2206770569,0.4634384222,0.0194594356,-0.0211011254,0.2950011733,-0.9975115828,0.0896956513,-0.1131668673,0.1737763784,-0.5915849272,1.1490000000,-2.0249804789,-1.9951708256,0.9243489452,0.7600492462,0.0664979402,0.1356805941
0.7987232368,-0.0419887886,0.7063151901,0.0320529471,0.0237639142,-0.8069082434,0.5893275589,-0.2748314956,0.3203464777,0.3311906284,1.0364807709,-0.6951108719,-0.1605004071,-0.8070882888,-0.5077126187,0.0033371031,0.9376829172,-0.1145796436,0.2539704514,0.2184203096,0.4571438533,0.0203083984,-0.0185570594,0.3023733022,-0.9981278961,0.0911459261,-0.1147806429,0.1734696550,-0.5940875305,1.1490000000,-2.0454597448,-1.9999999698,0.9339728122,0.7746581758,0.0624820122,0.1302856184
0.7978269632,-0.0417069551,0.7066965001,0.0325532646,0.0243414662,-0.8051735168,0.5916446448,-0.2769136430,0.3241685505,0.3353583310,1.0337196539,-0.6928543858,-0.1613190909,-0.7919700414,-0.5062952504,-0.0033679115,0.9184459356,-0.1107521853,0.2530779849,0.2059797305,0.4511243632,0.0273504433,-0.0225429214,0.3107253047,-0.9919575254,0.0909111032,-0.1153255513,0.1725912258,-0.5934380855,1.1490000000,-2.0469930472,-2.0000000000,0.9422524371,0.7698571938,0.0630621676,0.1332101775
0.7970835431,-0.0415784834,0.7073211410,0.0329060424,0.0245639550,-0.8030645883,0.5944754592,-0.2779426651,0.3262737678,0.3391649506,1.0288709846,-0.6893764215,-0.1616274379,-0.7744051318,-0.5064165042,-0.0108438648,0.8969832207,-0.1060640794,0.2528461291,0.1935027006,0.4455929851,0.0335334051,-0.0267139031,0.3183686216,-0.9871348887,0.0908130775,-0.1163456556,0.1721335337,-0.5930962916,1.1490000000,-2.0452948150,-1.9980279454,0.9484260523,0.7621402680,0.0639605113,0.1388786530
0.7964992424,-0.0414969297,0.7081721799,0.0330724972,0.0244983427,-0.8008496972,0.5974494151,-0.2776830817,0.3275952073,0.3430562414,1.0228720193,-0.6855170116,-0.1617191040,-0.7554661438,-0.5070858949,-0.0184030845,0.8749088323,-0.1013783021,0.2529704448,0.1818932472,0.4403543859,0.0381024363,-0.0304334301,0.3254823612,-0.9838661383,0.0910373160,-0.1176673975,0.1719067564,-0.5929394732,1.1490000000,-2.0416838809,-1.9919545749,0.9534352362,0.7544101646,0.0645489416,0.1449307346
0.7965667410,-0.0410331512,0.7094118994,0.0314504761,0.0238241046,-0.8000662923,0.5986127358,-0.2729354514,0.3250276637,0.3393606544,1.0141835954,-0.6811082701,-0.1611407875,-0.7374597728,-0.5056398974,-0.0250066038,0.8545317537,-0.0939321758,0.2616166381,0.1778317875,0.4335865265,0.0403663699,-0.0331366005,0.3303056332,-0.9825037810,0.0902226853,-0.1191406931,0.1711315466,-0.5918340380,1.1490000000,-2.0399214523,-1.9817460287,0.9751327974,0.7442079281,0.0710086912,0.1510534460
0.7943848829,-0.0385429511,0.7112994117,0.0294664698,0.0237409994,-0.8001053343,0.5986648028,-0.2695637165,0.3289582804,0.3353324944,1.0034776340,-0.6717586948,-0.1643259303,-0.7214954219,-0.4972066077,-0.0361589949,0.8352071224,-0.0865472399,0.2617876487,0.1783731582,0.4257318220,0.0422223863,-0.0370998230,0.3375300045,-0.9826798064,0.0900773940,-0.1205890519,0.1702434756,-0.5905248195,1.1490000000,-2.0384521919,-1.9708736227,1.0010550821,0.7340427330,0.0765034343,0.1582072783
0.7920528317,-0.0362767601,0.7131919948,0.0272046868,0.0247638110,-0.8004640572,0.5982507432,-0.2670769843,0.3359492093,0.3311606496,0.9934664355,-0.6628517255,-0.1682380487,-0.7055455424,-0.4860240008,-0.0484788401,0.8150466727,-0.0788450309,0.2617999999,0.1814938721,0.4191307584,0.0426577164,-0.0417433265,0.3457238100,-0.9836153214,0.0899221338,-0.1223002012,0.1691485886,-0.5891257177,1.1490000000,-2.0369181016,-1.9606763673,1.0288817200,0.7234001671,0.0810384652,0.1661572747
0.7917569349,-0.0342632964,0.7147028244,0.0246686923,0.0263481934,-0.8010606254,0.5974940190,-0.2656633506,0.3429741694,0.3300120583,0.9873682322,-0.6570032218,-0.1693761698,-0.6932383445,-0.4764419400,-0.0590995839,0.7965438192,-0.0677459373,0.2618000000,0.1875349306,0.4264356196,0.0418607488,-0.0473760072,0.3455794148,-0.9851367543,0.0881776937,-0.1238753011,0.1676923201,-0.5883124872,1.1490000000,-2.0349288127,-1.9645963221,1.0420472882,0.7239735762,0.0788678537,0.1713897656
0.7916971612,-0.0321431755,0.7160647267,0.0220018666,0.0283771739,-0.8017780154,0.5965422600,-0.2653703513,0.3511689454,0.3288010955,0.9830701834,-0.6523445849,-0.1706191577,-0.6814927382,-0.4658731934,-0.0695522547,0.7777731668,-0.0562330830,0.2618000000,0.1940496242,0.4359605413,0.0412714614,-0.0538241372,0.3430579962,-0.9859639597,0.0870923456,-0.1250707355,0.1666269114,-0.5875270165,1.1490000000,-2.0318146459,-1.9680742848,1.0507433381,0.7260797871,0.0763766212,0.1734910289
0.7915848996,-0.0301167742,0.7173654691,0.0191943586,0.0306142338,-0.8025193058,0.5955309472,-0.2654728387,0.3600488448,0.3273493139,0.9795250331,-0.6481105082,-0.1719422842,-0.6697975169,-0.4547243905,-0.0800507310,0.7589216885,-0.0446373423,0.2618000000,0.2010568461,0.4465193374,0.0402299819,-0.0604134844,0.3395391724,-0.9868120800,0.0864920426,-0.1260977695,0.1656500034,-0.5868934152,1.1490000000,-2.0279297348,-1.9707759755,1.0572925689,0.7288297446,0.0743170254,0.1739514891
0.7922377632,-0.0294375568,0.7180899562,0.0168828954,0.0318972843,-0.8039383481,0.5936165964,-0.2632538819,0.3642353920,0.3251675892,0.9786952892,-0.6469001314,-0.1711079322,-0.6614815132,-0.4466567394,-0.0857570348,0.7449270910,-0.0360398321,0.2618000000,0.2064482271,0.4504656888,0.0393028461,-0.0650312033,0.3374868938,-0.9846870045,0.0894676280,-0.1272774964,0.1658772222,-0.5856328489,1.1490000000,-2.0207598760,-1.9609288944,1.0599097201,0.7260361336,0.0739964485,0.1765847971
0.7927814460,-0.0289102477,0.7186830698,0.0151123222,0.0326566547,-0.8051596925,0.5919653962,-0.2607254397,0.3666364682,0.3235272106,0.9773924900,-0.6462860589,-0.1710756172,-0.6547736398,-0.4403888824,-0.0898503373,0.7333145787,-0.0289424892,0.2618000000,0.2122212233,0.4528666465,0.0364276409,-0.0686263284,0.3352110680,-0.9836283457,0.0931207890,-0.1283627083,0.1659216620,-0.5848289545,1.1490000000,-2.0111432977,-1.9483324059,1.0602252635,0.7237616064,0.0744284974,0.1796656713
0.7931987506,-0.0283767882,0.7191708341,0.0137231122,0.0332852539,-0.8062872396,0.5904275191,-0.2583881423,0.3682424378,0.3219686943,0.9756533763,-0.6454937505,-0.1710655377,-0.6490475835,-0.4348675466,-0.0933600492,0.7227326643,-0.0225313499,0.2618000000,0.2189208066,0.4543823250,0.0318801934,-0.0718375628,0.3329032878,-0.9836705531,0.0970770427,-0.1293516413,0.1657913353,-0.5842165885,1.1490000000,-1.9994847464,-1.9340454487,1.0589104916,0.7221351120,0.0751802850,0.1826580622
0.7942040343,-0.0279215678,0.7194780038,0.0122617109,0.0343557184,-0.8069830023,0.5894470028,-0.2582955495,0.3710726564,0.3217900059,0.9765384878,-0.6460118922,-0.1696328019,-0.6447934649,-0.4298207652,-0.0963091985,0.7135524056,-0.0151404563,0.2618000000,0.2275645173,0.4617339080,0.0270720177,-0.0763752421,0.3306643155,-0.9884276474,0.1027492702,-0.1305739737,0.1656837074,-0.5837108888,1.1490000000,-1.9913547201,-1.9324912239,1.0688534258,0.7267327209,0.0784313018,0.1826383705
0.7954401678,-0.0272611320,0.7196291961,0.0108572130,0.0357072428,-0.8077988446,0.5882755650,-0.2594481651,0.3745906823,0.3215183087,0.9791348540,-0.6471883472,-0.1683186397,-0.6413934345,-0.4244826425,-0.0990057568,0.7047028837,-0.0074868404,0.2618000000,0.2356553070,0.4686184049,0.0236138399,-0.0822056678,0.3289387729,-0.9923873304,0.1087896395,-0.1318919923,0.1653382131,-0.5826347394,1.1490000000,-1.9863791907,-1.9340724012,1.0829816500,0.7306865489,0.0814274097,0.1828204839
0.7966362886,-0.0264824123,0.7197883554,0.0094692132,0.0371153194,-0.8086261994,0.5870744899,-0.2612794835,0.3783187255,0.3210662298,0.9825444897,-0.6486239464,-0.1669489047,-0.6385008631,-0.4190634768,-0.1015116861,0.6961217581,0.0002669080,0.2618000000,0.2426838094,0.4752602211,0.0214159400,-0.0885138878,0.3275655521,-0.9951371538,0.1148713251,-0.1332944615,0.1648496184,-0.5813373678,1.1490000000,-1.9838101627,-1.9377032803,1.0996698185,0.7337316760,0.0840658151,0.1835404080
0.7975303905,-0.0256046816,0.7197122697,0.0086577013,0.0379572370,-0.8090334133,0.5864718480,-0.2637787602,0.3812374379,0.3216260538,0.9860535138,-0.6491592169,-0.1661455060,-0.6361940288,-0.4139695065,-0.0997370971,0.6882515818,0.0037113037,0.2618000000,0.2474433763,0.4813229405,0.0204892596,-0.0947020182,0.3245674103,-0.9997234751,0.1152726848,-0.1342366436,0.1629804191,-0.5807674829,1.1490000000,-1.9887209212,-1.9480152581,1.1011877308,0.7372109661,0.0808115620,0.1833170297
0.7979567486,-0.0242599766,0.7197579431,0.0083286675,0.0384263794,-0.8094552738,0.5858636415,-0.2669617333,0.3833408179,0.3221835769,0.9887913893,-0.6484639263,-0.1652931649,-0.6356312997,-0.4094696057,-0.0974229173,0.6818107035,0.0067647205,0.2618000000,0.2507484784,0.4862664827,0.0219376199,-0.1016658851,0.3223331757,-1.0027364526,0.1142267267,-0.1349641408,0.1615421177,-0.5798534250,1.1490000000,-1.9947553609,-1.9605280680,1.1009879047,0.7404461984,0.0782965892,0.1806574852
0.7984318546,-0.0227092330,0.7197068680,0.0082320472,0.0386527920,-0.8097980884,0.5853761620,-0.2703936721,0.3846249243,0.3227460452,0.9912923885,-0.6474145304,-0.1642829236,-0.6357448556,-0.4057050403,-0.0945929162,0.6759997563,0.0096382948,0.2618000000,0.2527129650,0.4905430233,0.0248066367,-0.1089873526,0.3205257167,-1.0046722268,0.1124822872,-0.1357171037,0.1604479648,-0.5788288998,1.1490000000,-2.0021511991,-1.9745392880,1.1006496397,0.7433908124,0.0763598007,0.1767990076
0.7985425965,-0.0223668407,0.7197995143,0.0086112018,0.0399326998,-0.8097314907,0.5853769210,-0.2748635732,0.3884249883,0.3243130261,0.9940901823,-0.6455001804,-0.1641543417,-0.6360107808,-0.4028754442,-0.0947694204,0.6719033170,0.0110432111,0.2618000000,0.2501602761,0.4914785734,0.0299673719,-0.1125522786,0.3217867289,-1.0051044809,0.1172846501,-0.1357939123,0.1612023051,-0.5765414800,1.1490000000,-2.0102946657,-1.9885255504,1.1030074850,0.7453245216,0.0743546442,0.1708867361
0.7985042978,-0.0220476082,0.7198310372,0.0087682310,0.0412587041,-0.8095799254,0.5854922560,-0.2792978310,0.3915226678,0.3234740235,0.9968371484,-0.6445527371,-0.1643539623,-0.6360142479,-0.3998991008,-0.0952148743,0.6685825918,0.0120103800,0.2618000000,0.2460212722,0.4928227397,0.0348231824,-0.1149869205,0.3226792945,-1.0045553808,0.1231661815,-0.1355854504,0.1614025923,-0.5742817364,1.1490000000,-2.0207686638,-1.9999586017,1.1066519234,0.7479581450,0.0720653044,0.1646156707
0.7983930925,-0.0220378969,0.7199155309,0.0089318740,0.0425307670,-0.8093203458,0.5857575721,-0.2827084119,0.3942825228,0.3225721746,0.9986976591,-0.6436965373,-0.1648273631,-0.6354356670,-0.3973397233,-0.0959678104,0.6659495155,0.0118911525,0.2618000000,0.2426964103,0.4948583175,0.0337349191,-0.1133380356,0.3224128696,-1.0059832403,0.1299783238,-0.1357957068,0.1613567564,-0.5727225982,1.1490000000,-2.0296976093,-1.9999999997,1.1087213805,0.7556579496,0.0684815947,0.1575914184
0.7967708241,-0.0217305453,0.7193273373,0.0082222644,0.0448026596,-0.8080159995,0.5873970212,-0.2907185957,0.4038768158,0.3180545459,1.0070153254,-0.6435454750,-0.1672887142,-0.6345564500,-0.3930142376,-0.0990200711,0.6709478159,0.0024598462,0.2618000000,0.2394804290,0.4941699680,0.0371652166,-0.1128227653,0.3235456414,-1.0070098503,0.1312878178,-0.1360717991,0.1597187920,-0.5719456201,1.1490000000,-2.0347443131,-2.0000000000,1.1150284637,0.7574131925,0.0683784941,0.1538276756
0.7951050209,-0.0215454697,0.7183428735,0.0070833413,0.0472628862,-0.8065449814,0.5892378458,-0.2996591933,0.4147308789,0.3119644758,1.0182811199,-0.6451918781,-0.1705553482,-0.6345252700,-0.3887660803,-0.1025695181,0.6795955036,-0.0091911122,0.2618000000,0.2361857242,0.4935439012,0.0400610120,-0.1118558345,0.3264741912,-1.0087073905,0.1311409839,-0.1366534861,0.1583328831,-0.5713485547,1.1490000000,-2.0392341664,-2.0000000000,1.1226212852,0.7580887271,0.0688319034,0.1518058283
0.7933974684,-0.0214052507,0.7171857375,0.0058573556,0.0498778163,-0.8050308290,0.5911034252,-0.3093153845,0.4261540141,0.3051700508,1.0307839841,-0.6475803546,-0.1740612720,-0.6351835801,-0.3844326686,-0.1062215171,0.6897785116,-0.0217212691,0.2618000000,0.2331159175,0.4928377993,0.0424189151,-0.1105714860,0.3302521781,-1.0107665019,0.1301520117,-0.1374524862,0.1572455923,-0.5706947260,1.1490000000,-2.0435096693,-2.0000000000,1.1308809004,0.7584583030,0.0692910514,0.1506967355
0.7925580651,-0.0241372589,0.7143805197,0.0068401188,0.0517082986,-0.8044282118,0.5917556224,-0.3156600381,0.4312782923,0.3009320888,1.0455779421,-0.6617935957,-0.1801113609,-0.6396760467,-0.3917129631,-0.1165859860,0.7053068759,-0.0486388202,0.2618000000,0.2231499074,0.4918705155,0.0443238887,-0.1041220023,0.3336932649,-1.0120808462,0.1298800542,-0.1384244626,0.1567804848,-0.5693596662,1.1490000000,-2.0439350544,-2.0000000000,1.1361364466,0.7539197272,0.0677239978,0.1488093917
0.7911517399,-0.0268364532,0.7113844315,0.0080406484,0.0530562393,-0.8034841601,0.5929026799,-0.3221653451,0.4355119445,0.2955608822,1.0605895727,-0.6750634112,-0.1846904166,-0.6456950766,-0.4006849521,-0.1264289804,0.7259809765,-0.0783521092,0.2618000000,0.2112086767,0.4902043411,0.0467013189,-0.0966204743,0.3369878049,-1.0129875205,0.1291309721,-0.1389586829,0.1565162370,-0.5678530162,1.1490000000,-2.0445013139,-2.0000000000,1.1403953097,0.7480645865,0.0658895092,0.1468975356
0.7896050546,-0.0295359807,0.7084447722,0.0094671739,0.0541883322,-0.8023464183,0.5943182837,-0.3288398137,0.4390248860,0.2898300960,1.0754992592,-0.6882492525,-0.1894402496,-0.6523793264,-0.4108478656,-0.1358699320,0.7487910534,-0.1093717214,0.2618000000,0.1982162938,0.4879635449,0.0492037251,-0.0887254824,0.3402777496,-1.0135939276,0.1281018118,-0.1393008018,0.1563645427,-0.5663031331,1.1490000000,-2.0454100664,-2.0000000000,1.1444350873,0.7419934676,0.0640596811,0.1448085188
0.7881908839,-0.0380442477,0.7025402530,0.0109526814,0.0525802635,-0.7983394217,0.5998079046,-0.3274676822,0.4318887420,0.2781790403,1.0965525344,-0.7151647953,-0.1943308283,-0.6552179378,-0.4618597183,-0.1191028716,0.7325332636,-0.1241863160,0.2617832765,0.1754917878,0.4804343245,0.0493145040,-0.0742567548,0.3428594746,-1.0139561947,0.1288411218,-0.1384985149,0.1571697708,-0.5638305442,1.1490000000,-2.0424377473,-1.9975821478,1.1496256496,0.7294740854,0.0635683914,0.1441243448
0.7856827924,-0.0457847987,0.6971037523,0.0134239766,0.0493217047,-0.7937348654,0.6061123078,-0.3247443530,0.4207539415,0.2665204594,1.1122968116,-0.7375142729,-0.2004374933,-0.6575379022,-0.5161985425,-0.1037994904,0.7131556064,-0.1374171847,0.2602285086,0.1509998315,0.4686461550,0.0490322703,-0.0596033344,0.3456002218,-1.0146339227,0.1304938796,-0.1369046658,0.1581139038,-0.5614759742,1.1490000000,-2.0402219102,-1.9885389784,1.1555924261,0.7173647384,0.0626619563,0.1433938867
0.7764353554,-0.0467421294,0.6939337328,0.0152209925,0.0475095145,-0.7907914542,0.6100492139,-0.3291703612,0.4262375061,0.2502315059,1.1191669204,-0.7411232670,-0.2169378998,-0.6676050562,-0.5500837765,-0.0993065972,0.6951737310,-0.1493682014,0.2345045769,0.1347910069,0.4542476190,0.0529801513,-0.0513879423,0.3541007749,-1.0143211563,0.1334224172,-0.1348869744,0.1586231603,-0.5597581964,1.1490000000,-2.0371904041,-1.9812006709,1.1635496030,0.7094622471,0.0619822560,0.1409537035
0.7589305091,-0.0507105948,0.6923905043,0.0215938387,0.0472744145,-0.7875639952,0.6140372866,-0.3271307595,0.4372992021,0.2337263913,1.1000892535,-0.7288875297,-0.2458173079,-0.6931419184,-0.5900863075,-0.0920246634,0.6944816304,-0.1639890794,0.2234117926,0.1264723721,0.4466689022,0.0480985963,-0.0462617857,0.3459063645,-1.0119274574,0.1368590092,-0.1318206659,0.1615611467,-0.5562412414,1.1490000000,-2.0383326408,-1.9837701925,1.1652404150,0.6989006823,0.0530860683,0.1301494444
0.7484482317,-0.0509892308,0.6897696212,0.0240996304,0.0454285595,-0.7853486986,0.6169139935,-0.3309297324,0.4437133811,0.2197011487,1.0998297747,-0.7241999953,-0.2617600433,-0.7047917750,-0.6281937327,-0.0844062831,0.6587819059,-0.1493923925,0.2169292434,0.1185295670,0.4265295133,0.0484813735,-0.0361404726,0.3594155058,-1.0090056258,0.1462420432,-0.1305236418,0.1632626145,-0.5539967104,1.1490000000,-2.0363140512,-1.9817513852,1.1786899387,0.6948342092,0.0564515169,0.1291178939
0.7415203444,-0.0511256279,0.6875300970,0.0311201054,0.0408353539,-0.7808663179,0.6225847785,-0.3419471606,0.4272609583,0.2084441004,1.0988491033,-0.7190050183,-0.2617999001,-0.7187648667,-0.6820614457,-0.0724103142,0.6084564196,-0.1234306656,0.2161813546,0.1048345040,0.4010791991,0.0467404980,-0.0279538929,0.3673807901,-1.0063442232,0.1549545514,-0.1287630566,0.1644663916,-0.5514879041,1.1490000000,-2.0357216795,-1.9815416048,1.1929408151,0.6887215217,0.0572822700,0.1270443914
0.7307468740,-0.0519822448,0.6872499938,0.0487053668,0.0311104362,-0.7759971320,0.6280830989,-0.3416357208,0.3829996999,0.2039621443,1.0579263683,-0.6967353303,-0.2618000000,-0.7482259302,-0.7367034070,-0.0523981440,0.5911199004,-0.0743428422,0.2349308162,0.0877592883,0.3635640142,0.0349659432,-0.0224261309,0.3653629532,-0.9954453407,0.1730003963,-0.1246917659,0.1684751571,-0.5467229535,1.1490000000,-2.0428063824,-1.9818821706,1.1948480808,0.6747508627,0.0479596499,0.1153362722
0.7201041105,-0.0527719476,0.6874285919,0.0645249755,0.0195742425,-0.7718286878,0.6322450896,-0.3346782292,0.3389382546,0.2010158151,1.0159095730,-0.6739351306,-0.2618000000,-0.7745074017,-0.7879712697,-0.0283249873,0.5686913369,-0.0225052534,0.2531374853,0.0719531437,0.3237060517,0.0265497711,-0.0160527987,0.3662642003,-0.9838386499,0.1935742015,-0.1212870809,0.1710679462,-0.5436336196,1.1490000000,-2.0484885080,-1.9797400687,1.1960403577,0.6639964491,0.0430512456,0.1053297379
0.7075741083,-0.0509280914,0.6893738309,0.0812666687,0.0076768836,-0.7682958650,0.6348686934,-0.3283767725,0.2954414323,0.1994151587,0.9624360470,-0.6387726551,-0.2618000000,-0.8070710250,-0.8310581807,-0.0027442392,0.5414411663,0.0331058480,0.2617999459,0.0591133698,0.2822065781,0.0200885579,-0.0132813034,0.3650096802,-0.9702058530,0.2175770529,-0.1167468021,0.1720718387,-0.5415084039,1.1490000000,-2.0552812307,-1.9797726342,1.1955113263,0.6526083159,0.0381987936,0.0911906313
0.6847194466,-0.0453363639,0.6974381907,0.0933944979,0.0048071424,-0.7698862722,0.6312919190,-0.3068110742,0.2998858412,0.2138264427,0.8639248755,-0.5412972017,-0.2618000000,-0.8488945472,-0.8139208133,0.0198271481,0.5522243710,0.0564662162,0.2618000000,0.0682036191,0.2602784210,0.0212306121,-0.0210541577,0.3601882954,-0.9560888017,0.2277685851,-0.1119816709,0.1696687685,-0.5422136247,1.1490000000,-2.0776890765,-1.9852462506,1.1953837525,0.6439295587,0.0388477964,0.0891807302
0.6628747890,-0.0392716559,0.7048755656,0.1015703048,0.0030504381,-0.7726905406,0.6265967575,-0.2833442851,0.3115477204,0.2284108136,0.7736428152,-0.4496902850,-0.2618000000,-0.8807073805,-0.7899030201,0.0351311475,0.5605497603,0.0822225197,0.2618000000,0.0798506516,0.2436331872,0.0274682428,-0.0286156891,0.3602335579,-0.9427421302,0.2323737819,-0.1092411465,0.1691546314,-0.5425360417,1.1490000000,-2.0990797223,-1.9911484838,1.1979226724,0.6366106491,0.0397817017,0.0916475036
0.6411643838,-0.0329842896,0.7118797511,0.1083726581,0.0017116649,-0.7759431166,0.6214215293,-0.2581644047,0.3255450174,0.2439861303,0.6848007325,-0.3595825353,-0.2618000000,-0.9098403644,-0.7632087099,0.0476981564,0.5704249122,0.1073294785,0.2618000000,0.0924002252,0.2287330411,0.0352346689,-0.0360343992,0.3615846031,-0.9295524502,0.2353224278,-0.1070165159,0.1695735526,-0.5425722008,1.1490000000,-2.1201685034,-1.9970854530,1.2009144379,0.6292094452,0.0402586245,0.0948701645
0.6021462543,-0.0515446499,0.7109577830,0.0913235967,0.0170187222,-0.7872758642,0.6095630217,-0.1641770720,0.4521689619,0.2858187664,0.6008101108,-0.2924985375,-0.2618000000,-0.9149238301,-0.6919014507,0.0284637154,0.7327086239,-0.0030917903,0.2618000000,0.1243291503,0.2520105108,0.0254729295,-0.0185960308,0.3801695236,-0.9174405558,0.2388566722,-0.1049850704,0.1699634378,-0.5450921700,1.1490000000,-2.1349972720,-1.9902022410,1.2135014596,0.6186594697,0.0489784045,0.1038444007
0.5698999545,-0.0582619656,0.7094462154,0.0722933344,0.0268248693,-0.7967245975,0.5994030496,-0.0899257406,0.5605610393,0.3366937067,0.5449198446,-0.2220319465,-0.2332598045,-0.9055845297,-0.6260994778,-0.0039294690,0.8446047145,-0.0688185967,0.2464846795,0.1520000631,0.2635897187,0.0229430419,0.0037771463,0.4120059609,-0.9087541011,0.2402895464,-0.1033391085,0.1675038061,-0.5465229211,1.1490000000,-2.1497972689,-1.9751656531,1.2366798722,0.6153163667,0.0647553542,0.1252776112
0.5511589370,-0.0621683773,0.7124566020,0.0728551033,0.0250950666,-0.7982036942,0.5974388957,-0.0599821220,0.5895007265,0.3932338554,0.5022314603,-0.1578832391,-0.1505680968,-0.9184830474,-0.6128223400,-0.0025862841,0.8944933168,-0.0842802000,0.2459722782,0.1624937094,0.2634347417,0.0242459700,-0.0002474969,0.4071672577,-0.9018946251,0.2337777993,-0.1015094316,0.1681123908,-0.5477649438,1.1490000000,-2.1572170362,-1.9695079282,1.2357773210,0.6041800946,0.0592845467,0.1252871017
0.5322424342,-0.0607935465,0.7195171997,0.0727967261,0.0192655277,-0.8003576685,0.5947748134,-0.0554041543,0.5553451404,0.3965079373,0.5044728734,-0.1725933777,-0.1325237816,-0.8925118781,-0.5937311521,-0.0213688330,0.8883175667,-0.0884110364,0.2256099499,0.1638476067,0.2439406013,0.0314616497,0.0079001755,0.4189686255,-0.8947405285,0.2459971915,-0.0990146458,0.1703583441,-0.5452687645,1.1490000000,-2.1586204363,-1.9557958755,1.2385290561,0.5973966910,0.0645388536,0.1317675277
0.5141215035,-0.0615208498,0.7253794953,0.0736855938,0.0154543538,-0.8013618838,0.5934228909,-0.0663651890,0.5255688173,0.3902179225,0.5291053946,-0.2013853849,-0.1151198657,-0.8714603643,-0.5782927217,-0.0388595557,0.8905577235,-0.0988040780,0.2093569531,0.1643879429,0.2331204416,0.0386682462,0.0080237983,0.4215510957,-0.8881024606,0.2564598810,-0.0962300668,0.1711919582,-0.5425112529,1.1490000000,-2.1558683495,-1.9461617979,1.2329414154,0.5900952933,0.0643301178,0.1319669588
0.4959060736,-0.0622333688,0.7308208559,0.0748456320,0.0128106865,-0.8022297254,0.5921667716,-0.0835888010,0.4983324624,0.3812671671,0.5601606168,-0.2323715835,-0.0981500839,-0.8529939539,-0.5619115159,-0.0572170420,0.8947936636,-0.1100827291,0.1927586765,0.1658265864,0.2239914170,0.0436685573,0.0072695077,0.4230055456,-0.8818872957,0.2679700936,-0.0934610561,0.1720546422,-0.5397523531,1.1490000000,-2.1517673473,-1.9360773982,1.2246893444,0.5827738067,0.0643517807,0.1300461817
0.4759151269,-0.0643359485,0.7358064586,0.0770848718,0.0095222567,-0.8018813221,0.5924133646,-0.1247851081,0.4487204608,0.3908469629,0.6441705478,-0.2645416790,-0.1088126602,-0.8303556580,-0.5497433868,-0.0807657058,0.9046660616,-0.1394327541,0.1749387199,0.1710238738,0.2265432015,0.0553249749,-0.0067445679,0.4069892946,-0.8869913912,0.2554594558,-0.0938610556,0.1689804657,-0.5403430347,1.1490000000,-2.1494590720,-1.9411085228,1.2157962856,0.5837401949,0.0588653235,0.1198188845
0.4608344811,-0.0604189733,0.7410314753,0.0735836854,0.0069566771,-0.8026517291,0.5918506970,-0.1820706919,0.4109826654,0.3968686908,0.7585379542,-0.3050938486,-0.1138468477,-0.7922664603,-0.5285303896,-0.1140020608,0.8836452109,-0.1411536021,0.1542792739,0.1753462201,0.2245841243,0.0739603952,-0.0155743010,0.4078265500,-0.8908052387,0.2483495205,-0.0964425315,0.1671510924,-0.5385129799,1.1490000000,-2.1514927177,-1.9444536751,1.2194154150,0.5921276768,0.0658150243,0.1193276804
0.4441843440,-0.0589185073,0.7458188040,0.0710426786,0.0065735065,-0.8034805332,0.5910404044,-0.2381312694,0.3776833490,0.4063993389,0.8692944288,-0.3469222875,-0.1237391839,-0.7591494532,-0.5048442370,-0.1466416173,0.8733496151,-0.1531444172,0.1343202731,0.1803694929,0.2307557312,0.0907113915,-0.0279148830,0.4014803488,-0.8932435330,0.2363767328,-0.0992987900,0.1656122312,-0.5369141473,1.1490000000,-2.1543432873,-1.9521429843,1.2198259517,0.5971674780,0.0664449422,0.1148276516
0.4248547775,-0.0594705709,0.7457374865,0.0697421104,0.0104606767,-0.8034170679,0.5912255300,-0.2817396277,0.3502695419,0.4173950883,0.9108855268,-0.3775945305,-0.1445370497,-0.7473405371,-0.4813004719,-0.1796660637,0.9013778619,-0.1931036416,0.1146808135,0.1805231751,0.2454186559,0.0993227981,-0.0420904161,0.3887879835,-0.8898804193,0.2253733263,-0.1034230828,0.1665897624,-0.5347763553,1.1490000000,-2.1518674535,-1.9496189091,1.1973560662,0.5888518547,0.0575283851,0.1091001284
0.4112293018,-0.0560154954,0.7461527611,0.0634790347,0.0148060582,-0.8038102493,0.5913038778,-0.3311881777,0.3272934356,0.4302096736,0.9619693480,-0.4091373439,-0.1551405780,-0.7211631098,-0.4523375654,-0.2181489438,0.8986166959,-0.2064545153,0.0965231762,0.1781984178,0.2555296588,0.1088916140,-0.0466510418,0.3930671783,-0.8858878010,0.2221603890,-0.1097738084,0.1672890937,-0.5322082101,1.1490000000,-2.1492074054,-1.9396963489,1.1808730070,0.5873372809,0.0641004363,0.1152456149
0.3903211982,-0.0573008549,0.7470594036,0.0620647177,0.0186733474,-0.8038869894,0.5912402094,-0.3726612900,0.3028810772,0.4432410598,0.9975488561,-0.4380735249,-0.1795019781,-0.7051878712,-0.4252377313,-0.2525007250,0.9217796684,-0.2473992772,0.0753662774,0.1794400750,0.2710267055,0.1148080952,-0.0579571270,0.3786933365,-0.8836255592,0.2114361549,-0.1140745006,0.1674775076,-0.5302632081,1.1490000000,-2.1444422431,-1.9329107513,1.1544736351,0.5793497187,0.0573247365,0.1104801911
0.3798939741,-0.0542097803,0.7439636914,0.0556225652,0.0254735752,-0.8042177495,0.5911776709,-0.3781564553,0.3156987337,0.4413110158,1.0218760944,-0.4835350165,-0.1296856336,-0.7024477335,-0.3995679011,-0.2789296416,0.9457700476,-0.2405261472,0.0813308350,0.1744535505,0.2851770851,0.1195783034,-0.0600327020,0.3787811919,-0.8955520569,0.2044757093,-0.1173607591,0.1672680277,-0.5311007954,1.1490000000,-2.1356740670,-1.9342091736,1.1303970982,0.5898286347,0.0615993887,0.1090719207
0.3656089947,-0.0533273361,0.7414526639,0.0515235935,0.0305252710,-0.8046168389,0.5907666796,-0.3768223556,0.3239176821,0.4388645057,1.0377639368,-0.5278622463,-0.0870470091,-0.7039304263,-0.3762423243,-0.3017836897,0.9829240769,-0.2477043784,0.0858950453,0.1715250734,0.2996653417,0.1251677323,-0.0654757336,0.3701837577,-0.9089871723,0.1924959643,-0.1196493689,0.1665441258,-0.5317477030,1.1490000000,-2.1258063461,-1.9368586443,1.1023809019,0.5986557848,0.0593695121,0.1024223347
0.3512474291,-0.0525676567,0.7388084902,0.0476877615,0.0344957914,-0.8047408102,0.5907014019,-0.3748397196,0.3280131244,0.4351747054,1.0530076032,-0.5725783827,-0.0441577898,-0.7066105313,-0.3555726006,-0.3229453605,1.0230832103,-0.2568046827,0.0912267904,0.1679987385,0.3126259581,0.1314389908,-0.0712676991,0.3608232158,-0.9233501808,0.1806257448,-0.1216708993,0.1664404488,-0.5322053227,1.1490000000,-2.1143206668,-1.9385830257,1.0727774554,0.6070332235,0.0561780745,0.0940939410
0.3340158808,-0.0533167337,0.7357298348,0.0422078710,0.0391291409,-0.8041691763,0.5916074221,-0.3770467789,0.3548981353,0.4054200286,1.0725169111,-0.5964497031,-0.0529800703,-0.7302442597,-0.3756792156,-0.3081639719,1.0446657692,-0.2708578659,0.0734959037,0.1592103695,0.3331933650,0.1396526963,-0.0764283656,0.3548192028,-0.9372895117,0.1800345256,-0.1226174222,0.1678661532,-0.5320814937,1.1490000000,-2.1044446521,-1.9377630766,1.0379225276,0.6104934994,0.0542175657,0.0894455893
0.3165385466,-0.0540333485,0.7322877216,0.0379806324,0.0441678538,-0.8030638286,0.5930389190,-0.3839777142,0.3803675777,0.3740252539,1.0928294667,-0.6202544154,-0.0618482547,-0.7581743448,-0.3968875342,-0.2927127007,1.0688458832,-0.2867735361,0.0554270059,0.1487649127,0.3525602449,0.1453568310,-0.0815004396,0.3476620192,-0.9503343709,0.1815441304,-0.1232690277,0.1682327542,-0.5322116003,1.1490000000,-2.0946858400,-1.9369536947,1.0011607561,0.6130448921,0.0530106192,0.0841352833
0.2991656563,-0.0550031831,0.7287873082,0.0343561993,0.0495694672,-0.8018510139,0.5944724309,-0.3933225237,0.4053182946,0.3420405938,1.1129975265,-0.6440107131,-0.0708491799,-0.7883483433,-0.4174961287,-0.2764359743,1.0934774860,-0.3034436631,0.0371858042,0.1381785607,0.3717189831,0.1492719061,-0.0861048496,0.3398969133,-0.9630512325,0.1838466275,-0.1236971272,0.1679832869,-0.5325415952,1.1490000000,-2.0850517172,-1.9355657324,0.9637572660,0.6153550307,0.0522284489,0.0785510008
0.2720327245,-0.0567171233,0.7242654701,0.0337769368,0.0544050043,-0.7973536734,0.6001052688,-0.3975998191,0.4553007815,0.3215970585,1.1097788771,-0.6380705110,-0.1113540454,-0.8239330956,-0.4858862303,-0.2615416206,1.1205235563,-0.3154137787,0.0188718125,0.1284470337,0.3896633705,0.1429364196,-0.0861239774,0.3251494799,-0.9716770833,0.1902065202,-0.1219488430,0.1709193864,-0.5299424124,1.1490000000,-2.0758338053,-1.9424816395,0.9260508904,0.6107746531,0.0411681772,0.0605287839
0.2550848338,-0.0548926859,0.7194133262,0.0296075676,0.0601625290,-0.7922584945,0.6064901812,-0.4149593502,0.4976719243,0.3004641698,1.1198532298,-0.6368572441,-0.1319568366,-0.8532112320,-0.5555328469,-0.2443889396,1.1134596919,-0.2929344104,0.0084656016,0.1135452712,0.3965905746,0.1373306440,-0.0787183981,0.3326783779,-0.9777027209,0.2117033447,-0.1204529749,0.1714876375,-0.5268091273,1.1490000000,-2.0629140064,-1.9433768806,0.8948055447,0.6208290797,0.0460234071,0.0505448808
0.2288012821,-0.0570538108,0.7158005717,0.0296430909,0.0657039825,-0.7869494204,0.6127926922,-0.4215841926,0.5436943418,0.2785754266,1.1074586147,-0.6255120279,-0.1702603212,-0.8925697832,-0.6248256994,-0.2259961368,1.1350535946,-0.3026757008,-0.0085766590,0.1021987889,0.4161030097,0.1287202099,-0.0779642477,0.3162269292,-0.9864447189,0.2202786940,-0.1175744255,0.1721870273,-0.5242153605,1.1490000000,-2.0546239864,-1.9496936651,0.8574891713,0.6158585752,0.0355543245,0.0325682612
0.2009673096,-0.0575300259,0.7103723311,0.0318375689,0.0713335945,-0.7818438159,0.6185613430,-0.4296432640,0.5807109066,0.2403636861,1.0615307343,-0.5920614132,-0.2170538957,-0.8963279950,-0.6750054637,-0.2143025808,1.0775281692,-0.2835179046,-0.0084097225,0.0953175536,0.3898592729,0.1057430593,-0.0558617798,0.3427950443,-0.9817226728,0.2300747653,-0.1183445194,0.1697818373,-0.5233047415,1.1490000000,-2.0359747691,-1.9300544782,0.8470396442,0.6128301863,0.0491527646,0.0298462662
0.1708333756,-0.0608139177,0.7069190215,0.0411450567,0.0735356871,-0.7744146145,0.6270419379,-0.4295116368,0.5970523647,0.2098272462,0.9938390797,-0.5505749985,-0.2617944067,-0.9119154796,-0.7404875692,-0.1903366986,1.0266910193,-0.2734511529,-0.0042264079,0.0855362477,0.3725502291,0.0813767422,-0.0425882629,0.3421913132,-0.9827033486,0.2245988834,-0.1179412544,0.1696938282,-0.5227850551,1.1490000000,-2.0199263236,-1.9169099729,0.8324359334,0.5921299087,0.0455264317,0.0200738165
0.1533508083,-0.0588341298,0.7079934510,0.0584569392,0.0684623930,-0.7616366411,0.6417205887,-0.4454293791,0.5571957501,0.1885502292,0.9262935088,-0.5058942652,-0.2617999993,-0.9210524970,-0.8336376458,-0.1606226310,0.9060271249,-0.2080099515,0.0080119276,0.0595208380,0.3334356863,0.0566537366,-0.0302846255,0.3454845319,-0.9836175762,0.2225497466,-0.1180828111,0.1712101700,-0.5220511707,1.1490000000,-2.0013284639,-1.9019092694,0.8222830835,0.5733393290,0.0451767178,0.0133112776
0.1298917487,-0.0590373649,0.7065925121,0.0807203573,0.0611350389,-0.7473783984,0.6566370844,-0.4354366858,0.5032281920,0.1651320212,0.8036086659,-0.4252040623,-0.2618000000,-0.9343786297,-0.9185176187,-0.1358497637,0.7616020705,-0.1120331659,0.0524584800,0.0321853495,0.2652918345,0.0255883431,-0.0037688204,0.3677388734,-0.9784402279,0.2285114093,-0.1188973593,0.1747532494,-0.5213819052,1.1490000000,-1.9866155013,-1.8893396946,0.8310406073,0.5484031165,0.0479810052,-0.0002972741
0.1034981096,-0.0602491982,0.7056203256,0.1045561906,0.0499800092,-0.7323274344,0.6710190239,-0.4149544363,0.4432044739,0.1401887521,0.6718190900,-0.3396738992,-0.2618000000,-0.9397184070,-1.0059204366,-0.1138429333,0.6053949183,-0.0139492491,0.0962614107,0.0006081265,0.1867286462,-0.0042428388,0.0256285091,0.3957936434,-0.9717283790,0.2330384430,-0.1194132402,0.1766353897,-0.5215023348,1.1490000000,-1.9761576213,-1.8793654960,0.8487578149,0.5230343990,0.0508274161,-0.0126794344
0.0728581420,-0.0638282375,0.7048265840,0.1291372289,0.0349564163,-0.7159468684,0.6852165400,-0.3755349638,0.3787605877,0.1126577601,0.5173240593,-0.2437425815,-0.2618000000,-0.9380546841,-1.0986581504,-0.0944903848,0.4487239609,0.0786572950,0.1409461308,-0.0352921190,0.0976897700,-0.0363788837,0.0627627843,0.4339503550,-0.9652508668,0.2324170426,-0.1193349935,0.1764760228,-0.5224350557,1.1490000000,-1.9678636270,-1.8678869687,0.8746829711,0.4956628697,0.0530794825,-0.0239286212
0.0348574471,-0.0690851195,0.7040774054,0.1422884011,0.0272158107,-0.7133948167,0.6856246393,-0.3032206951,0.3834957717,0.1259454723,0.3568170488,-0.1131009173,-0.2618000000,-0.9281097000,-1.1223745388,-0.0917655049,0.3886072675,0.0914738478,0.1790153798,-0.0366097498,0.0175852569,-0.0637164132,0.1019559836,0.4872922330,-0.9488293912,0.2172334123,-0.1191576518,0.1771539871,-0.5241681430,1.1490000000,-1.9697696183,-1.8719049344,0.9935399054,0.4840675153,0.0631795273,-0.0248118130
-0.0006265325,-0.0732790013,0.7011418434,0.1501277002,0.0232425888,-0.7140351191,0.6834290778,-0.2497245469,0.4047387870,0.1344093501,0.2414540903,-0.0066616246,-0.2618000000,-0.9168681795,-1.1317453727,-0.0910958281,0.3349873570,0.1049080171,0.2163130006,-0.0344620386,-0.0476452242,-0.0809992691,0.1348180467,0.5330838616,-0.9237981203,0.2068181671,-0.1203256250,0.1787595323,-0.5251218516,1.1490000000,-1.9757937103,-1.8845684495,1.1141957364,0.4729968683,0.0678660729,-0.0270241605
-0.0353314616,-0.0774863094,0.6975564172,0.1571448474,0.0215635095,-0.7154276977,0.6804437680,-0.2057470701,0.4305746967,0.1420131459,0.1423747841,0.0909617590,-0.2618000000,-0.9075982847,-1.1361705848,-0.0913738428,0.2840659806,0.1185099301,0.2536135200,-0.0312511743,-0.1064333387,-0.1008227905,0.1678704864,0.5743174778,-0.8961147356,0.1991019766,-0.1211998039,0.1798818558,-0.5262239143,1.1490000000,-1.9796982460,-1.8962131959,1.2285240146,0.4635520635,0.0733498781,-0.0341040884
-0.0658799366,-0.0795910640,0.6980429602,0.1543215392,0.0372704207,-0.7255721111,0.6695826236,-0.1691853641,0.4872160103,0.1730378747,0.1159348363,0.1106161926,-0.2618000000,-0.9577668721,-1.0706208058,-0.0549355467,0.3422338781,0.1515868412,0.2618000000,-0.0134105421,-0.1103176856,-0.1138083565,0.1936420277,0.6103972254,-0.8653368916,0.1931155783,-0.1181582310,0.1818115972,-0.5272058596,1.1490000000,-1.9851971722,-1.9186111614,1.2685269229,0.4567768142,0.0612462772,-0.0480023940
-0.0975124648,-0.0779873967,0.6981398763,0.1525335947,0.0568861252,-0.7362255668,0.6568632933,-0.1489658234,0.5511770846,0.2043700396,0.1035900733,0.1304148455,-0.2618000000,-1.0206240749,-0.9927513943,-0.0246132411,0.4102205882,0.1833805537,0.2618000000,0.0088496100,-0.1092441431,-0.1299324158,0.2142212048,0.6407848898,-0.8340084921,0.1915937611,-0.1143522128,0.1835585388,-0.5275573436,1.1469751139,-1.9847369728,-1.9413226571,1.2950448975,0.4524640842,0.0557081556,-0.0692173353
-0.1300699496,-0.0756039943,0.6972175904,0.1521412970,0.0774647221,-0.7467611320,0.6428063894,-0.1312038353,0.6160021707,0.2392244543,0.0955626447,0.1505608863,-0.2618000000,-1.0896963623,-0.9121973432,0.0009402785,0.4861373370,0.2129514195,0.2618000000,0.0330093260,-0.1099074295,-0.1491617348,0.2351125223,0.6725894321,-0.8017031143,0.1889142393,-0.1106408482,0.1849162337,-0.5283883649,1.1404986379,-1.9817326113,-1.9619447337,1.3203847244,0.4487833562,0.0508846414,-0.0907612975
-0.1517855528,-0.0781570067,0.6932262317,0.1506221789,0.0906068994,-0.7516881853,0.6356636069,-0.1115003013,0.6551109315,0.2886472239,0.0991923683,0.1126177106,-0.2618000000,-1.1520778858,-0.8692086060,0.0184260345,0.6038460522,0.1702429626,0.2618000000,0.0337165626,-0.0902445459,-0.1637332866,0.2450436908,0.6777709573,-0.7917791585,0.1862316725,-0.1055717924,0.1865793953,-0.5286303225,1.1390351217,-1.9798760316,-1.9566606250,1.3238714556,0.4325254243,0.0492253300,-0.0964810114
-0.1745259222,-0.0802880565,0.6882916138,0.1489285306,0.1028400571,-0.7557608755,0.6293406982,-0.0910177854,0.6937489349,0.3372375741,0.1034046040,0.0757810032,-0.2618000000,-1.2140877809,-0.8278749836,0.0332044442,0.7260860951,0.1253612214,0.2618000000,0.0319133738,-0.0710337135,-0.1762292584,0.2537316410,0.6812804962,-0.7819360351,0.1862005022,-0.1001127028,0.1878287677,-0.5283920938,1.1375157055,-1.9779448691,-1.9514539722,1.3249843553,0.4165132594,0.0494073039,-0.1041736813
-0.1983713448,-0.0819296010,0.6824982808,0.1481069300,0.1140898184,-0.7592791963,0.6233321368,-0.0706228277,0.7306530350,0.3862665113,0.1091091032,0.0393709323,-0.2618000000,-1.2783468825,-0.7876179460,0.0472315997,0.8503027758,0.0799011722,0.2618000000,0.0291752495,-0.0556701531,-0.1887702551,0.2632556532,0.6881117938,-0.7720943032,0.1845717063,-0.0949516470,0.1887731739,-0.5286761771,1.1359793479,-1.9754505204,-1.9455798700,1.3275452234,0.4005242426,0.0497608731,-0.1111583453
-0.2149059812,-0.0824960526,0.6803463375,0.1534142793,0.1174675436,-0.7590341059,0.6217175091,-0.0655728508,0.7323076206,0.4024732171,0.1068720646,0.0095004254,-0.2618000000,-1.3147930954,-0.7692932323,0.0547956758,0.9195411022,0.0549884959,0.2618000000,0.0217637595,-0.0484533222,-0.1894767241,0.2616574561,0.6790563425,-0.7789765726,0.1952231448,-0.0871409752,0.1894960732,-0.5260413399,1.1358955740,-1.9788682666,-1.9413758810,1.3395663564,0.3937362395,0.0544009856,-0.1148769678
-0.2315597184,-0.0827863828,0.6781617336,0.1586332701,0.1204759567,-0.7588677590,0.6200328651,-0.0604663136,0.7334756478,0.4183523658,0.1050380400,-0.0203747465,-0.2618000000,-1.3508353814,-0.7499974087,0.0619661944,0.9880042326,0.0308000634,0.2618000000,0.0154543884,-0.0429113990,-0.1890495641,0.2586347987,0.6717766167,-0.7868160708,0.2064135689,-0.0796807005,0.1890325767,-0.5236541547,1.1357389571,-1.9810326678,-1.9371751140,1.3534203051,0.3870958736,0.0583549504,-0.1174300343
-0.2486092196,-0.0818516063,0.6761379532,0.1640595809,0.1235244431,-0.7589603841,0.6179039579,-0.0569556206,0.7349195526,0.4340177307,0.1029219338,-0.0484065234,-0.2618000000,-1.3881278887,-0.7282162867,0.0667452076,1.0550506079,0.0085168032,0.2590841936,0.0099924853,-0.0383608002,-0.1874012814,0.2541846077,0.6651976500,-0.7944055186,0.2178682962,-0.0725624436,0.1880542041,-0.5207856543,1.1350534199,-1.9831400487,-1.9337472611,1.3677175529,0.3805795400,0.0622142811,-0.1199056676
-0.2619665349,-0.0806700852,0.6748750164,0.1692484649,0.1249905180,-0.7591541802,0.6159685530,-0.0654196873,0.7325885668,0.4434930443,0.0995689420,-0.0596254506,-0.2618000000,-1.4180711769,-0.7167176856,0.0704232184,1.0989929752,-0.0136788558,0.2469042963,0.0049123985,-0.0316719338,-0.1808111822,0.2481833924,0.6609607404,-0.8033101029,0.2251918471,-0.0675470924,0.1869564876,-0.5184122487,1.1339017485,-1.9926186785,-1.9295877859,1.3668291686,0.3711140843,0.0640945065,-0.1248311351
-0.2758554375,-0.0773934198,0.6728159487,0.1796055951,0.1270296535,-0.7582547582,0.6137222654,-0.0845738850,0.7240713706,0.4519122900,0.0892089429,-0.0630278280,-0.2618000000,-1.4678424549,-0.7043693739,0.0807778533,1.1439493929,-0.0309946466,0.2304649427,-0.0121130078,-0.0135875522,-0.1740301335,0.2328204758,0.6234091318,-0.8099076250,0.2415188367,-0.0603927949,0.1913948613,-0.5091113386,1.1151528573,-2.0142938590,-1.9210832388,1.3550458311,0.3577311147,0.0628049706,-0.1404169269
-0.2895289437,-0.0754231121,0.6713753539,0.1859740306,0.1294944738,-0.7584665682,0.6110428022,-0.0977085876,0.7227638703,0.4613624267,0.0869681083,-0.0733702024,-0.2618000000,-1.5020975872,-0.6900241525,0.0823541701,1.1876610938,-0.0513515875,0.2161410602,-0.0162626615,-0.0067085357,-0.1692509200,0.2254846422,0.6197756303,-0.8186446312,0.2489554135,-0.0556519471,0.1893714818,-0.5073085813,1.0994431129,-2.0255409145,-1.9038400847,1.3564583826,0.3476785662,0.0668461230,-0.1449099405
-0.2984217758,-0.0728358647,0.6697435378,0.1933310421,0.1273445883,-0.7574151195,0.6105151929,-0.1098828897,0.7046310810,0.4608535262,0.0847618470,-0.0871937215,-0.2618000000,-1.5125414576,-0.6815245567,0.0844856464,1.1900508723,-0.0583879876,0.2069876046,-0.0196007104,-0.0086521207,-0.1647557654,0.2184830474,0.6178517282,-0.8263849178,0.2558033097,-0.0536880504,0.1883286610,-0.5041674982,1.0813554281,-2.0411687889,-1.8852658659,1.3562821637,0.3382871847,0.0704390121,-0.1457235429
-0.3071859700,-0.0701033422,0.6682271286,0.2000321259,0.1250522059,-0.7564961177,0.6099694405,-0.1206308604,0.6871037706,0.4606867368,0.0824986004,-0.1009631809,-0.2618000000,-1.5210367068,-0.6727077353,0.0857830771,1.1918709884,-0.0649793814,0.1978932079,-0.0226440816,-0.0097236131,-0.1582911323,0.2106631167,0.6156659698,-0.8341176495,0.2625223175,-0.0519704439,0.1873650632,-0.5009420508,1.0617762260,-2.0570375385,-1.8658500446,1.3565483214,0.3290129827,0.0740346803,-0.1463164274
-0.3159643055,-0.0673515675,0.6667253696,0.2065058325,0.1226896589,-0.7555544270,0.6094588555,-0.1309187858,0.6696918933,0.4604635885,0.0802776942,-0.1147737209,-0.2618000000,-1.5290809287,-0.6639082735,0.0871702387,1.1937972272,-0.0714951779,0.1890453822,-0.0256191949,-0.0102949804,-0.1511704676,0.2024952464,0.6132268868,-0.8419786618,0.2691720451,-0.0503052212,0.1864076338,-0.4977315897,1.0412844804,-2.0729899697,-1.8456485132,1.3570056610,0.3197759028,0.0776343883,-0.1466990758
-0.3199198039,-0.0651928364,0.6663029736,0.2120203798,0.1181467508,-0.7546991804,0.6095226418,-0.1346856907,0.6460377431,0.4606842795,0.0773914018,-0.1267137118,-0.2618000000,-1.5229270832,-0.6637301463,0.0839171193,1.1708484724,-0.0661990681,0.1841934864,-0.0270400593,-0.0146518059,-0.1497833820,0.2008444008,0.6141664182,-0.8448595663,0.2671365822,-0.0515263068,0.1850593121,-0.4980163338,1.0216711742,-2.0806889184,-1.8238507528,1.3633383656,0.3128165518,0.0816982035,-0.1457983210
-0.3237193776,-0.0629172940,0.6659372494,0.2171050612,0.1133442608,-0.7539553520,0.6095652534,-0.1373116599,0.6221662152,0.4610543910,0.0741521772,-0.1386916798,-0.2618000000,-1.5155128990,-0.6637352598,0.0804657955,1.1474380122,-0.0605726198,0.1794989450,-0.0282137225,-0.0188374098,-0.1472373741,0.1993796022,0.6156960348,-0.8477509458,0.2638631089,-0.0528780522,0.1842139910,-0.4984350450,1.0023774127,-2.0883742708,-1.8023364790,1.3700850228,0.3060397622,0.0853066904,-0.1445528023
-0.3274407230,-0.0607276498,0.6656305588,0.2220329626,0.1084437095,-0.7531857257,0.6096331586,-0.1395735156,0.5982752597,0.4612969852,0.0709411057,-0.1507036561,-0.2618000000,-1.5078688074,-0.6639979968,0.0771554218,1.1240535723,-0.0548674764,0.1749303099,-0.0293602348,-0.0228921752,-0.1442884333,0.1978725754,0.6172992653,-0.8507159493,0.2603146694,-0.0542775562,0.1834978656,-0.4988583851,0.9835147662,-2.0960195447,-1.7812420833,1.3768427362,0.2992471150,0.0888179544,-0.1432160731
-0.3280433663,-0.0603146966,0.6673814635,0.2266306436,0.1031390490,-0.7514706061,0.6109769358,-0.1467481583,0.5728997430,0.4578582554,0.0675754113,-0.1531827085,-0.2618000000,-1.4965808207,-0.6700793150,0.0801070772,1.0945513960,-0.0487153913,0.1756429100,-0.0330581691,-0.0267147794,-0.1452179701,0.1989196276,0.6186851516,-0.8457984870,0.2588362279,-0.0559717950,0.1838109336,-0.4982233083,0.9565142414,-2.1010662442,-1.7599069928,1.3796036440,0.2963265459,0.0890050192,-0.1471060235
-0.3285786874,-0.0598854182,0.6691140744,0.2313119120,0.0977515472,-0.7495072685,0.6125179906,-0.1543257196,0.5468257321,0.4539260373,0.0640821371,-0.1555019041,-0.2618000000,-1.4853806870,-0.6771597260,0.0832846936,1.0645036945,-0.0420830050,0.1765673446,-0.0376224755,-0.0298282590,-0.1461645398,0.2001480054,0.6192372119,-0.8405190850,0.2574736964,-0.0573823881,0.1839242967,-0.4977986191,0.9265517570,-2.1072844684,-1.7357527593,1.3826708893,0.2937124733,0.0894469877,-0.1508463190
-0.3287404822,-0.0630758062,0.6719153860,0.2294507001,0.0927428875,-0.7502881749,0.6130406085,-0.1460315023,0.5309553637,0.4540561966,0.0690538666,-0.1692505359,-0.2618000000,-1.4507375896,-0.6817520223,0.0767069085,1.0378149899,-0.0449723780,0.1830350736,-0.0214506506,-0.0491406772,-0.1506006517,0.2161627237,0.6647678769,-0.8387478983,0.2455973821,-0.0606362589,0.1769308139,-0.5045901271,0.9197178461,-2.0917593085,-1.7163907008,1.3946797654,0.2942969233,0.0937294224,-0.1402246330
-0.3275215347,-0.0620995819,0.6741128992,0.2340178808,0.0884056347,-0.7479244670,0.6148406842,-0.1524079962,0.5055307875,0.4460187930,0.0653008272,-0.1659721229,-0.2618000000,-1.4447525829,-0.6896063977,0.0827050194,1.0091934628,-0.0341506872,0.1827781431,-0.0290604053,-0.0492466348,-0.1511492045,0.2147403819,0.6530559016,-0.8343246456,0.2513214118,-0.0606713093,0.1804366321,-0.5014759543,0.9030065276,-2.0971233254,-1.7053464427,1.3923400254,0.2919316447,0.0932074033,-0.1465192709
-0.3261405181,-0.0620072414,0.6765068800,0.2375954354,0.0838324476,-0.7457465208,0.6167516976,-0.1558619170,0.4808329454,0.4381818281,0.0630988494,-0.1649527817,-0.2618000000,-1.4344950838,-0.6984758770,0.0881212297,0.9803254623,-0.0245557115,0.1845233557,-0.0347270602,-0.0515961493,-0.1529973965,0.2165484033,0.6468112136,-0.8298285742,0.2573349704,-0.0603208875,0.1817050486,-0.4998584914,0.8877897179,-2.1012611844,-1.6923695924,1.3929637525,0.2899716454,0.0945103385,-0.1497834177
-0.3246162959,-0.0620177230,0.6788448354,0.2407658767,0.0789809984,-0.7436782770,0.6186569444,-0.1579839955,0.4562789951,0.4305598671,0.0614269379,-0.1644450486,-0.2618000000,-1.4229809189,-0.7076626736,0.0934084627,0.9515014053,-0.0151786439,0.1866267689,-0.0396899488,-0.0546390377,-0.1546035727,0.2192323857,0.6422356195,-0.8256740008,0.2628187648,-0.0598649476,0.1820321167,-0.4987785533,0.8731785939,-2.1050030488,-1.6789772075,1.3944109865,0.2882402023,0.0958934208,-0.1519262160
-0.3229861882,-0.0631328131,0.6806133142,0.2373049978,0.0748529825,-0.7439462387,0.6201833302,-0.1500390874,0.4463457183,0.4327580780,0.0658036777,-0.1469560982,-0.2618000000,-1.3984284150,-0.7106605935,0.0969583632,0.9350148918,-0.0140619794,0.2030141009,-0.0306805099,-0.0634280845,-0.1544376405,0.2268095505,0.6622563661,-0.8244144337,0.2598126243,-0.0618944347,0.1780075766,-0.5019228732,0.8699289943,-2.0942289585,-1.6634219835,1.4026299812,0.2886492363,0.0979711406,-0.1424797296
-0.3219326731,-0.0619662268,0.6812418000,0.2392244484,0.0723599092,-0.7413539613,0.6228402772,-0.1575158412,0.4315994595,0.4308996360,0.0638862154,-0.1206157626,-0.2618000000,-1.3939966201,-0.7163437674,0.1052749740,0.9198636655,-0.0094293050,0.2150577813,-0.0391117507,-0.0577034018,-0.1551652597,0.2225534222,0.6465791117,-0.8184773460,0.2682773326,-0.0623569898,0.1819270582,-0.4982782608,0.8566545539,-2.0996547992,-1.6530291473,1.4003874424,0.2864214970,0.0972805968,-0.1482191092
-0.3206823617,-0.0624465318,0.6826709441,0.2366341416,0.0696081076,-0.7412172579,0.6243043896,-0.1523742374,0.4229105140,0.4335527073,0.0644792162,-0.0994796318,-0.2618000000,-1.3726025260,-0.7184179760,0.1060651594,0.9040535602,-0.0083634737,0.2291783383,-0.0316476178,-0.0641727664,-0.1568465411,0.2278728592,0.6624273485,-0.8164900820,0.2688010903,-0.0645091967,0.1789203440,-0.5008447154,0.8542952519,-2.0902436631,-1.6401469209,1.4071627893,0.2864737435,0.0995654053,-0.1408287047
-0.3188212182,-0.0611884877,0.6837525458,0.2360843740,0.0674662756,-0.7403843869,0.6257343124,-0.1550028178,0.4134786518,0.4373774624,0.0635389380,-0.0682530987,-0.2618000000,-1.3632940486,-0.7228368143,0.1064954983,0.8886865796,-0.0000508364,0.2358319452,-0.0301895077,-0.0668945110,-0.1557226852,0.2283244157,0.6639386074,-0.8137240220,0.2721475932,-0.0664944104,0.1791820048,-0.5012914348,0.8500230230,-2.0864405612,-1.6301426788,1.4088716612,0.2840694661,0.0997330142,-0.1390199967
-0.3169885384,-0.0598362379,0.6846118159,0.2361934080,0.0658773249,-0.7392052245,0.6272547235,-0.1595728495,0.4041232941,0.4408050348,0.0620003899,-0.0362853089,-0.2618000000,-1.3562485425,-0.7274808849,0.1069359244,0.8739937467,0.0080341289,0.2419925381,-0.0303608265,-0.0682722648,-0.1561443748,0.2283245947,0.6625624667,-0.8099474572,0.2773242789,-0.0680252406,0.1796700000,-0.5011943820,0.8451769262,-2.0844151193,-1.6206115463,1.4099753107,0.2812479113,0.1002798858,-0.1383099542
-0.3153266892,-0.0584767840,0.6853883204,0.2365056968,0.0645331371,-0.7379033782,0.6288077083,-0.1649009250,0.3950452728,0.4442560510,0.0604872041,-0.0041988052,-0.2618000000,-1.3500510740,-0.7321302114,0.1072641009,0.8598692958,0.0158268234,0.2480018209,-0.0310432798,-0.0691523871,-0.1573451343,0.2284834711,0.6604062644,-0.8058323475,0.2831302795,-0.0693250396,0.1799819153,-0.5010910252,0.8402277345,-2.0831156549,-1.6110595347,1.4110950341,0.2783543166,0.1010415447,-0.1377383348
-0.3106599017,-0.0568564779,0.6862638951,0.2359959886,0.0630129603,-0.7368454669,0.6303919559,-0.1683914592,0.3837306405,0.4423887963,0.0583357464,0.0056067970,-0.2618000000,-1.3403602797,-0.7371527521,0.1107237000,0.8365478360,0.0327749822,0.2572527732,-0.0321937532,-0.0702276957,-0.1576819226,0.2251868819,0.6574927611,-0.8056608470,0.2858586618,-0.0705284873,0.1794457597,-0.5011220513,0.8404796226,-2.0802759822,-1.6017833324,1.4137114552,0.2759074357,0.1027981029,-0.1350776349
-0.3067120949,-0.0539024365,0.6872482132,0.2352284988,0.0614637213,-0.7362193595,0.6315622052,-0.1736696448,0.3744894280,0.4404037155,0.0579919168,0.0166433091,-0.2618000000,-1.3313545590,-0.7396288257,0.1117980795,0.8131507971,0.0509318912,0.2617994316,-0.0321339102,-0.0722001611,-0.1561717327,0.2205861151,0.6554169672,-0.8051998081,0.2885137149,-0.0721458692,0.1792564740,-0.5008421509,0.8422666786,-2.0772015247,-1.5949075373,1.4164837298,0.2736531843,0.1045391120,-0.1325869092
-0.3033767538,-0.0494242988,0.6886042082,0.2326572957,0.0597962009,-0.7371688741,0.6315671367,-0.1765661205,0.3695699963,0.4409168067,0.0596302185,0.0282585309,-0.2618000000,-1.3173577874,-0.7366834464,0.1074143328,0.7880143557,0.0705923682,0.2618000000,-0.0241282540,-0.0795105611,-0.1518748449,0.2168640296,0.6652742657,-0.8072489392,0.2868060101,-0.0748533754,0.1771382579,-0.5021016012,0.8526243137,-2.0667066558,-1.5934316006,1.4208435216,0.2719822487,0.1058810282,-0.1259819793
-0.3009634334,-0.0456076198,0.6893943789,0.2296106452,0.0586147534,-0.7374822792,0.6324263991,-0.1800562816,0.3694287004,0.4352073679,0.0647188314,0.0296024936,-0.2618000000,-1.3028481630,-0.7349145535,0.1027866558,0.7684554155,0.0826964047,0.2618000000,-0.0191425000,-0.0817292843,-0.1474389052,0.2096216180,0.6665011473,-0.8082166830,0.2869551933,-0.0769199233,0.1773126228,-0.5015163139,0.8647583533,-2.0608544457,-1.5973036596,1.4212069311,0.2699569954,0.1069394414,-0.1231655103
-0.2985637233,-0.0417088505,0.6901284398,0.2265489891,0.0575412931,-0.7377099541,0.6333629124,-0.1844887957,0.3695591075,0.4289668541,0.0708732886,0.0307947072,-0.2618000000,-1.2884187106,-0.7330915330,0.0979064941,0.7488827229,0.0949104618,0.2618000000,-0.0151157398,-0.0830771416,-0.1430239719,0.2023286383,0.6662311267,-0.8083247314,0.2880140925,-0.0787253216,0.1775184603,-0.5008205874,0.8794781948,-2.0562404203,-1.6042632260,1.4213603752,0.2678565262,0.1083889280,-0.1210583068
-0.2961797487,-0.0379116346,0.6909576675,0.2234810926,0.0565374453,-0.7379242061,0.6342929801,-0.1891824736,0.3697919560,0.4226393247,0.0771753245,0.0319466399,-0.2618000000,-1.2740871091,-0.7311399539,0.0930435580,0.7294145807,0.1071193644,0.2618000000,-0.0114589213,-0.0841903879,-0.1388078821,0.1953523773,0.6657315706,-0.8079573237,0.2893028161,-0.0804239184,0.1776126128,-0.5001685624,0.8967032822,-2.0521301105,-1.6138149571,1.4215745851,0.2657269853,0.1099041578,-0.1191016254
-0.2952063230,-0.0349149180,0.6905319987,0.2175704675,0.0574444144,-0.7391944291,0.6347872296,-0.1892725211,0.3835607447,0.4209426075,0.0862409463,0.0241245446,-0.2618000000,-1.2511621541,-0.7251009584,0.0793779288,0.7132082615,0.1103566054,0.2618000000,-0.0055316851,-0.0812212007,-0.1331219248,0.1862014502,0.6659954002,-0.8106291589,0.2906206566,-0.0802003786,0.1776551558,-0.4987664668,0.9205752374,-2.0464084314,-1.6261735344,1.4142369179,0.2640490563,0.1094334681,-0.1179349648
-0.2940383469,-0.0321174511,0.6905216026,0.2107641572,0.0585554170,-0.7408932466,0.6350015200,-0.1881606097,0.3989685100,0.4195534760,0.0962330607,0.0157262643,-0.2618000000,-1.2259375506,-0.7172107003,0.0648756898,0.6970514791,0.1132210809,0.2618000000,0.0018054960,-0.0772414900,-0.1264667058,0.1770489796,0.6666934556,-0.8133836181,0.2920334410,-0.0800472092,0.1777061225,-0.4972612497,0.9489769727,-2.0399671530,-1.6427479988,1.4060542838,0.2625363871,0.1094031542,-0.1172856048
-0.2928300338,-0.0295354155,0.6907731019,0.2034639630,0.0600150040,-0.7428732510,0.6349330264,-0.1866321310,0.4156367876,0.4183898042,0.1064714394,0.0073254026,-0.2618000000,-1.2000173692,-0.7075001949,0.0500437445,0.6812222564,0.1158040877,0.2618000000,0.0098711852,-0.0724313904,-0.1197069521,0.1682489104,0.6679039778,-0.8157025104,0.2934558014,-0.0799483075,0.1776887558,-0.4957960308,0.9816024375,-2.0337501089,-1.6634969757,1.3979170834,0.2610904773,0.1095723150,-0.1166551343
-0.2891966037,-0.0262120308,0.6913489293,0.1949447382,0.0621852007,-0.7458330454,0.6339263508,-0.1937491858,0.4353615184,0.4018861154,0.1399903000,-0.0171276591,-0.2618000000,-1.1587035866,-0.6962900208,0.0245268380,0.6372027432,0.1403989987,0.2618000000,0.0205590730,-0.0640958586,-0.1115325400,0.1550713112,0.6653349063,-0.8227566020,0.2947940619,-0.0799040141,0.1773927022,-0.4945847229,1.0227688669,-2.0212219853,-1.6959862595,1.3394896487,0.2700386279,0.1063902877,-0.1179257950
-0.2850563204,-0.0230213808,0.6926159913,0.1851418683,0.0652608717,-0.7493220456,0.6324397040,-0.2019324155,0.4578640434,0.3841775647,0.1767390219,-0.0432360635,-0.2618000000,-1.1151250905,-0.6809977972,-0.0021795330,0.5923186984,0.1653929844,0.2618000000,0.0337726411,-0.0525920166,-0.1031742777,0.1418071154,0.6627389685,-0.8303254200,0.2964170686,-0.0799721057,0.1768871285,-0.4933522739,1.0722152109,-2.0069600210,-1.7359091024,1.2766637355,0.2801075216,0.1063483524,-0.1210114407
-0.2806704466,-0.0198225876,0.6944839384,0.1743287022,0.0690824436,-0.7531671282,0.6305365942,-0.2108347320,0.4821368651,0.3652121013,0.2144862638,-0.0696132554,-0.2618000000,-1.0711837691,-0.6618472413,-0.0287908824,0.5475316558,0.1905902626,0.2618000000,0.0477345619,-0.0378006254,-0.0953349271,0.1298075522,0.6597179227,-0.8371816289,0.2979605288,-0.0801449569,0.1761683027,-0.4922549677,1.1281051300,-1.9953200607,-1.7817276594,1.2144349116,0.2906395355,0.1068113464,-0.1246762838
-0.2736060915,-0.0176508409,0.6959850125,0.1691871880,0.0646691348,-0.7537352253,0.6317252636,-0.2108127637,0.4743819623,0.3557286812,0.2378829900,-0.0874052240,-0.2618000000,-0.9954159919,-0.6723154849,-0.0727491482,0.4325353414,0.2452446123,0.2618000000,0.0569421542,-0.0105415183,-0.0841692944,0.1086906674,0.6335348109,-0.8539797840,0.3018578091,-0.0792161406,0.1752410696,-0.4921704144,1.1397192965,-1.9644219783,-1.7808828050,1.0659163097,0.3149153443,0.0966577877,-0.1318325699
-0.2656666628,-0.0155061883,0.6990170681,0.1591636570,0.0613315138,-0.7561431010,0.6317855542,-0.2029127386,0.4747291641,0.3483607233,0.2612776069,-0.1062354012,-0.2618000000,-0.9104273188,-0.6697579099,-0.1221739134,0.3204482396,0.2971094308,0.2618000000,0.0813724172,0.0274139932,-0.0730760657,0.0846800927,0.6006347754,-0.8835720711,0.3096637482,-0.0770281097,0.1740689337,-0.4914422723,1.1393672860,-1.9115888828,-1.7580103593,0.8923344205,0.3443067940,0.0928368179,-0.1516536709
-0.2571688750,-0.0134800985,0.7031510502,0.1485728772,0.0604603168,-0.7589829530,0.6310432056,-0.1969432817,0.4791356076,0.3417415240,0.2824538039,-0.1235452452,-0.2618000000,-0.8338285562,-0.6572334335,-0.1687815655,0.2183443836,0.3436990912,0.2618000000,0.1083650551,0.0711270877,-0.0690236866,0.0638220801,0.5653519961,-0.9137467073,0.3174558217,-0.0754691680,0.1732202886,-0.4906472585,1.1356068900,-1.8575537421,-1.7316440126,0.7207349778,0.3705333675,0.0828866438,-0.1761883133
-0.2342778724,-0.0394037353,0.7085000856,0.1318082939,0.0560079629,-0.7576624958,0.6367395262,-0.1316076082,0.4579222971,0.3370583213,0.2916393239,-0.1814559646,-0.2618000000,-0.7530384590,-0.6954785552,-0.1795083915,0.2298349559,0.2945888669,0.2618000000,0.1247153636,0.1359411365,-0.0864945616,0.0746953759,0.5119399016,-0.9606732728,0.3195991256,-0.0756401224,0.1728735591,-0.4910398519,1.1313362822,-1.7966332357,-1.7028358025,0.5752178942,0.3964929250,0.0745535178,-0.1973494042
-0.2189931933,-0.0572998574,0.7159326039,0.1111739955,0.0446942849,-0.7539142033,0.6459536653,-0.0391993389,0.4295222534,0.3297878974,0.2376494098,-0.1902766874,-0.2618000000,-0.6446161331,-0.7288316517,-0.2158998536,0.2241078090,0.2535893846,0.2428395868,0.0867227675,-0.0060531099,-0.0830500071,0.0971819419,0.6532318204,-0.9698218254,0.3241952236,-0.0818416841,0.1759135258,-0.4831478193,0.2961793129,-1.3356702121,-0.8347386832,0.2347529676,0.3015782243,0.0694014266,-0.2711387542
-0.2097675462,-0.0548962366,0.7226891307,0.0988186683,0.0506080894,-0.7551671088,0.6460621719,-0.0379860192,0.4443976742,0.3160097758,0.2449779935,-0.1969158261,-0.2617756257,-0.6354275628,-0.7095677426,-0.2369673028,0.2540678781,0.2154417970,0.1686864910,-0.0039887648,-0.0036114360,-0.0979745354,0.1770170202,0.6734035559,-0.8828659071,0.3124516214,-0.0785804741,0.1733166399,-0.4813137445,0.0326901796,-1.1836313145,-0.5598199278,0.0992051147,0.2131426487,0.0793050915,-0.3311437452
-0.1966770357,-0.0541569191,0.7297305827,0.0905330972,0.0519313315,-0.7540756947,0.6484417798,-0.0233371573,0.4321919783,0.3083878528,0.2224767872,-0.1886298214,-0.2465324903,-0.6023724518,-0.6918258873,-0.2608037144,0.2488352401,0.1744213708,0.1484178491,-0.0297284889,0.0225373996,-0.0999028316,0.1919542619,0.6585778455,-0.8698289991,0.3094695493,-0.0769378902,0.1741812768,-0.4816078033,-0.0028465474,-1.1047266993,-0.4964869482,0.0180010726,0.1919955618,0.0768391283,-0.3234350997
-0.1833551897,-0.0533510940,0.7368010721,0.0818334900,0.0516199757,-0.7526187755,0.6513091715,-0.0069502648,0.4169994954,0.2997167127,0.2006015183,-0.1810088961,-0.2296102254,-0.5687273057,-0.6768028445,-0.2808701776,0.2456774524,0.1320554575,0.1299140972,-0.0530979042,0.0460924223,-0.0967040207,0.2011724739,0.6433590625,-0.8609078159,0.3092209956,-0.0756056439,0.1740856926,-0.4817001159,-0.0136516502,-1.0157064031,-0.4553216330,-0.0798991357,0.1618321055,0.0833704226,-0.3164693437
-0.1700321561,-0.0525774183,0.7438907062,0.0730241820,0.0510143152,-0.7509870464,0.6542808759,0.0099257588,0.4014911098,0.2907124062,0.1782257901,-0.1730974557,-0.2125733607,-0.5351573454,-0.6617782270,-0.2990991943,0.2428448340,0.0890543633,0.1121835016,-0.0724229148,0.0689050117,-0.0914853739,0.2056753540,0.6287448473,-0.8564913737,0.3096449187,-0.0743362369,0.1736063694,-0.4819573801,-0.0068809708,-0.9231044750,-0.4297381535,-0.1857864469,0.1290621900,0.0938100716,-0.3059909906
-0.1571573034,-0.0527596643,0.7504170300,0.0674681334,0.0466697010,-0.7531508004,0.6527126947,0.0253891028,0.3792550071,0.2936030339,0.1803331262,-0.1679643831,-0.1937903033,-0.5408373863,-0.6548850863,-0.3064624085,0.3338643904,0.0554475251,0.1120988270,-0.0607634372,0.0793867415,-0.0858012563,0.1982125005,0.6132149359,-0.8571300346,0.3063164358,-0.0739647537,0.1722258950,-0.4843754896,-0.0124465613,-0.8535097089,-0.4132424921,-0.1996754497,0.1350368671,0.1060485436,-0.3038045291
-0.1453491209,-0.0514367544,0.7567497463,0.0611787750,0.0429711700,-0.7545994186,0.6519128420,0.0402639827,0.3604700991,0.2936029969,0.1756828924,-0.1557475418,-0.1768653856,-0.5557892424,-0.6476313147,-0.3123962210,0.4430693769,0.0130055289,0.1086158524,-0.0552838993,0.0902261612,-0.0804584833,0.1929201358,0.5981112380,-0.8549584294,0.3045991290,-0.0761071338,0.1722852786,-0.4851633639,-0.0178170786,-0.7859362260,-0.3963535875,-0.2070073731,0.1506537870,0.1109736430,-0.2977330867
-0.1340637773,-0.0501749133,0.7627740325,0.0551323304,0.0393488444,-0.7556155352,0.6515038431,0.0547204326,0.3421646941,0.2924425278,0.1697603289,-0.1426811401,-0.1607715973,-0.5747216473,-0.6421573037,-0.3173347299,0.5607674274,-0.0342988774,0.1049324206,-0.0521149558,0.1012418162,-0.0758543035,0.1888999908,0.5831969191,-0.8515412670,0.3026121724,-0.0785966465,0.1723910425,-0.4857140613,-0.0222611599,-0.7192286518,-0.3796574504,-0.2109453648,0.1682386341,0.1129436296,-0.2910483131
-0.1276005219,-0.0508796313,0.7663837386,0.0535406353,0.0352407931,-0.7566492084,0.6506715472,0.0658961976,0.3232504572,0.2874876943,0.1654534609,-0.1272968816,-0.1523836940,-0.5730885410,-0.6179004813,-0.3090664421,0.6346807971,-0.0887353240,0.0993948875,-0.0459055855,0.1022839215,-0.0784920408,0.1848306905,0.5751529993,-0.8484781925,0.3061439348,-0.0776810777,0.1734407195,-0.4853353994,-0.0295670595,-0.6663627725,-0.3642490430,-0.2114070166,0.1801380054,0.1102730263,-0.3045360685
-0.1207483979,-0.0514157900,0.7702697961,0.0513269528,0.0319749904,-0.7581849579,0.6492293227,0.0772574988,0.3066637728,0.2840261393,0.1614002382,-0.1120592646,-0.1440150285,-0.5668949409,-0.5886267442,-0.3039039290,0.6991107187,-0.1379581635,0.0936706381,-0.0375454047,0.1054348788,-0.0814759202,0.1806312376,0.5669497413,-0.8458255696,0.3102072827,-0.0763899522,0.1739923520,-0.4851314615,-0.0356580828,-0.6144648962,-0.3485718289,-0.2083072349,0.1926830654,0.1053857456,-0.3214881246
-0.1139576230,-0.0520896265,0.7742066102,0.0485674795,0.0291981950,-0.7598879526,0.6475793116,0.0889526387,0.2921084845,0.2809088534,0.1576760215,-0.0970693579,-0.1360840883,-0.5585292350,-0.5563956164,-0.3004209335,0.7602737281,-0.1857298797,0.0878979169,-0.0284184371,0.1103945387,-0.0842086939,0.1763781839,0.5583882619,-0.8432319064,0.3144787076,-0.0750369400,0.1743435906,-0.4849621043,-0.0399260582,-0.5630332319,-0.3337753804,-0.2037583679,0.2056097522,0.0992123134,-0.3390346385
-0.1112001911,-0.0541695462,0.7761590951,0.0443942591,0.0277383154,-0.7609248172,0.6467249478,0.1035406534,0.2890412943,0.2772338477,0.1538804384,-0.0883435983,-0.1342513641,-0.5552853175,-0.5321372952,-0.3008552676,0.7922039594,-0.2100237410,0.0818175294,-0.0232276234,0.1122263349,-0.0851031684,0.1745034920,0.5546654758,-0.8420744534,0.3185990912,-0.0749495042,0.1742984198,-0.4867191628,-0.0432847834,-0.5193229918,-0.3084486664,-0.2111284652,0.2164477646,0.0885989349,-0.3459380205
-0.1078114485,-0.0560524909,0.7784487174,0.0400184164,0.0273249760,-0.7621233453,0.6456158909,0.1164746765,0.2873880591,0.2740620290,0.1504112320,-0.0793207917,-0.1315971176,-0.5492279034,-0.5051221010,-0.3037252303,0.8158468221,-0.2291706794,0.0755993339,-0.0188240520,0.1168353529,-0.0866650180,0.1739255045,0.5502140448,-0.8390616496,0.3218253315,-0.0753309645,0.1741856092,-0.4886138609,-0.0457044061,-0.4756568423,-0.2822104034,-0.2192988266,0.2265872289,0.0782292909,-0.3513117168
-0.1043206029,-0.0579518455,0.7808621293,0.0353523994,0.0275207277,-0.7634009210,0.6443693438,0.1290239502,0.2872931496,0.2711382862,0.1472077215,-0.0704022999,-0.1290063627,-0.5418607607,-0.4764111610,-0.3076993299,0.8366099694,-0.2468184730,0.0691790373,-0.0144809717,0.1232356427,-0.0884375880,0.1738538123,0.5452871053,-0.8353771415,0.3247520468,-0.0756278388,0.1741532912,-0.4905665576,-0.0468188748,-0.4320529193,-0.2557496155,-0.2275767725,0.2363533717,0.0680217019,-0.3564728874
-0.1024645281,-0.0584125288,0.7824073887,0.0323292305,0.0261845882,-0.7625387920,0.6456034223,0.1350876523,0.2855698148,0.2674516282,0.1474038322,-0.0641888517,-0.1260588750,-0.5308476479,-0.4747261371,-0.3144765615,0.8422784265,-0.2571651499,0.0725067056,-0.0121053292,0.1184607157,-0.0892936536,0.1752601075,0.5435504412,-0.8240115713,0.3361003387,-0.0751019159,0.1757229546,-0.4873123473,-0.0385628901,-0.4157009645,-0.2557270538,-0.2169728275,0.2387576065,0.0659264540,-0.3734885868
-0.0998675942,-0.0587981920,0.7840094100,0.0300333893,0.0241492454,-0.7611741379,0.6474015302,0.1394874403,0.2802147982,0.2625187220,0.1479059265,-0.0578918785,-0.1211922751,-0.5199619393,-0.4765703128,-0.3203368330,0.8462692002,-0.2655919447,0.0772156929,-0.0088510407,0.1125980404,-0.0910321428,0.1745919280,0.5402361247,-0.8158116449,0.3491167495,-0.0740266697,0.1764364195,-0.4837991287,-0.0322454490,-0.4046889959,-0.2589444334,-0.1989065123,0.2444648974,0.0617732873,-0.3898979003
-0.0969968078,-0.0590528392,0.7856338494,0.0280723362,0.0219089444,-0.7597120583,0.6492838598,0.1433916592,0.2736449878,0.2574212316,0.1482979844,-0.0514619719,-0.1158212856,-0.5096357702,-0.4794672617,-0.3256048561,0.8501566270,-0.2736206508,0.0822836507,-0.0050301658,0.1064103201,-0.0930629586,0.1727316451,0.5361213207,-0.8088371425,0.3630916607,-0.0729877772,0.1767667077,-0.4800994132,-0.0269392895,-0.3960625599,-0.2632817773,-0.1772575837,0.2519420699,0.0557693724,-0.4054789166
-0.0949969772,-0.0598792625,0.7864428815,0.0293206130,0.0189583172,-0.7591360004,0.6499949359,0.1450953997,0.2623042801,0.2574782430,0.1493626026,-0.0456332891,-0.1124753155,-0.4929536227,-0.4817505383,-0.3279247969,0.8210368104,-0.2588392461,0.0907379808,0.0005534497,0.1009610525,-0.0938437195,0.1714561630,0.5343551006,-0.8032468485,0.3677928856,-0.0737459137,0.1749912606,-0.4799078523,-0.0221589528,-0.3865634817,-0.2485441782,-0.1739073424,0.2538550299,0.0499068670,-0.3999938055
-0.0920153386,-0.0606241889,0.7877500487,0.0301723380,0.0170196604,-0.7589760961,0.6501963140,0.1463846125,0.2519817435,0.2592530007,0.1494570904,-0.0390849647,-0.1080633684,-0.4739190239,-0.4807144446,-0.3314483471,0.7837955871,-0.2386523266,0.0993131106,0.0056271050,0.0983364385,-0.0947530091,0.1720953794,0.5325428199,-0.7951888444,0.3698325539,-0.0751871013,0.1741110127,-0.4800956104,-0.0159429187,-0.3748537040,-0.2322619074,-0.1763677341,0.2524013839,0.0469735022,-0.3921372262
-0.0888482246,-0.0612910797,0.7892725335,0.0305831739,0.0157315377,-0.7589850291,0.6501991340,0.1477772946,0.2431986088,0.2616235973,0.1491481432,-0.0322987178,-0.1036802852,-0.4534774159,-0.4773964426,-0.3360131402,0.7436718818,-0.2169515906,0.1076186336,0.0106533865,0.0975470407,-0.0958229500,0.1736522066,0.5306640400,-0.7862720424,0.3707999690,-0.0765846962,0.1738678977,-0.4803786216,-0.0088264348,-0.3622291103,-0.2152711705,-0.1815165512,0.2495114179,0.0458753879,-0.3841494484
-0.0861035864,-0.0589066936,0.7919581694,0.0288590023,0.0175103131,-0.7588073668,0.6504397951,0.1467315664,0.2433010095,0.2589069165,0.1405918741,-0.0131537564,-0.1038176140,-0.4118699072,-0.4558821752,-0.3502965420,0.6481407347,-0.1616793204,0.1122784048,0.0102543951,0.0983877565,-0.1006431400,0.1830432917,0.5279109922,-0.7666309867,0.3690350267,-0.0798261013,0.1742764678,-0.4778925160,0.0017805388,-0.3641972638,-0.2219446664,-0.1860555481,0.2528569671,0.0457273326,-0.3814153449
-0.0828721335,-0.0594438280,0.7942827399,0.0261997567,0.0183893066,-0.7593230054,0.6499261340,0.1509392151,0.2428731277,0.2590416105,0.1390497904,-0.0036253367,-0.1039291673,-0.3670284462,-0.4351673863,-0.3585897812,0.5574271699,-0.1127269676,0.1211857599,0.0182105494,0.0987580874,-0.1054934343,0.1910574084,0.5260425294,-0.7539391713,0.3667566151,-0.0805014716,0.1745802832,-0.4757892640,0.0095806686,-0.3668421843,-0.2306511398,-0.1831391651,0.2558953343,0.0451135794,-0.3838564002
-0.0796230781,-0.0600212707,0.7965405570,0.0230220864,0.0188665523,-0.7599268973,0.6493266878,0.1562615789,0.2426448376,0.2593270218,0.1387473438,0.0048939464,-0.1040979096,-0.3215952524,-0.4141325176,-0.3647803308,0.4673173792,-0.0643556174,0.1299657980,0.0277861478,0.0990914239,-0.1092223062,0.1979260939,0.5243892850,-0.7431259524,0.3645270329,-0.0812227413,0.1749660055,-0.4735208334,0.0173355781,-0.3701031973,-0.2409404161,-0.1786192605,0.2594429887,0.0435371228,-0.3865948075
-0.0772765677,-0.0612792770,0.7989264384,0.0190170844,0.0202618942,-0.7598599987,0.6494925623,0.1622938934,0.2468302721,0.2587639676,0.1384901685,0.0143102679,-0.1037185570,-0.2867656733,-0.3963960156,-0.3691355074,0.4089173178,-0.0142860497,0.1339520030,0.0320150451,0.1069484530,-0.1109754341,0.2068468123,0.5234156845,-0.7325736769,0.3654198910,-0.0831855825,0.1753428109,-0.4727292445,0.0199069705,-0.3684700374,-0.2556388076,-0.1750763153,0.2679740113,0.0379079244,-0.3919447376
-0.0753188721,-0.0626291966,0.8010513499,0.0156967749,0.0210475469,-0.7595407356,0.6499295985,0.1675239604,0.2493582258,0.2573093758,0.1388458787,0.0235292442,-0.1033996046,-0.2552143303,-0.3815330911,-0.3712766687,0.3563369450,0.0326711885,0.1381192843,0.0350001596,0.1126780489,-0.1127132451,0.2158048697,0.5228430359,-0.7213653072,0.3665404466,-0.0852958793,0.1755807271,-0.4720880868,0.0219419186,-0.3665130823,-0.2698386274,-0.1714644540,0.2768707066,0.0319486517,-0.3974606676
-0.0733649369,-0.0639692047,0.8029756477,0.0128430716,0.0214864869,-0.7590851834,0.6505098545,0.1722612732,0.2506603076,0.2554377065,0.1392833697,0.0327484892,-0.1029177189,-0.2253020430,-0.3683304946,-0.3720565445,0.3061153659,0.0784521946,0.1424321025,0.0373353042,0.1169832561,-0.1146875263,0.2249327848,0.5225999939,-0.7098286766,0.3676273297,-0.0874336703,0.1757414458,-0.4715256987,0.0237046981,-0.3642322807,-0.2837701428,-0.1677311760,0.2858017534,0.0259051219,-0.4029716207
-0.0709105379,-0.0648671366,0.8050549282,0.0088353453,0.0222677754,-0.7583148916,0.6514480855,0.1777566982,0.2535570636,0.2522308822,0.1388527795,0.0403633491,-0.1026017211,-0.2074269576,-0.3597051096,-0.3717319029,0.2866893715,0.1116670292,0.1438674598,0.0416479918,0.1189678854,-0.1124471845,0.2279320687,0.5233788040,-0.7065440523,0.3632155388,-0.0892397068,0.1750043417,-0.4711335188,0.0308539530,-0.3688455201,-0.2841164151,-0.1430533199,0.2946745983,0.0254530456,-0.4015324170
-0.0685078464,-0.0656456985,0.8070045748,0.0056055541,0.0223348161,-0.7573900681,0.6525565252,0.1826428967,0.2542058957,0.2485511067,0.1386622570,0.0479944698,-0.1020273126,-0.1945309487,-0.3552241437,-0.3691439619,0.2769427845,0.1396886067,0.1456917286,0.0454012381,0.1187745564,-0.1106934289,0.2311671476,0.5247444108,-0.7037001074,0.3580892606,-0.0918705713,0.1748483613,-0.4702829718,0.0361230658,-0.3753506585,-0.2846247911,-0.1135694641,0.3050623653,0.0228578087,-0.3985115397
-0.0661051504,-0.0664465693,0.8087929193,0.0029703796,0.0220931080,-0.7563924451,0.6537381283,0.1868184571,0.2533665004,0.2446937339,0.1383678184,0.0558120628,-0.1010963986,-0.1842999584,-0.3529514232,-0.3653646357,0.2712334512,0.1658147011,0.1478299083,0.0488387990,0.1171361987,-0.1093300505,0.2344605885,0.5264537717,-0.7007782542,0.3526175653,-0.0947428836,0.1749386135,-0.4692591386,0.0404943533,-0.3824453881,-0.2850415438,-0.0820305706,0.3160982077,0.0191413013,-0.3945443528
-0.0651421890,-0.0669936895,0.8102790098,0.0005794741,0.0218708719,-0.7554338672,0.6548595281,0.1905951902,0.2544576977,0.2405459866,0.1379609421,0.0637120834,-0.1006362732,-0.1750767465,-0.3493426640,-0.3622112066,0.2661953566,0.1808608439,0.1496289512,0.0489906940,0.1166057297,-0.1100392637,0.2375398170,0.5267345997,-0.6977700579,0.3500684236,-0.0963348311,0.1756009311,-0.4683764694,0.0400710748,-0.3839624979,-0.2898640024,-0.0612759718,0.3270497816,0.0119819623,-0.3927101078
-0.0642096492,-0.0674483248,0.8117505715,-0.0017966386,0.0217314963,-0.7543902383,0.6560639317,0.1940424293,0.2559102512,0.2360767950,0.1377558334,0.0714945549,-0.1003487529,-0.1665040359,-0.3458043914,-0.3590941872,0.2625819680,0.1952161624,0.1511543880,0.0489666716,0.1160333939,-0.1105818444,0.2402329303,0.5269924978,-0.6945370041,0.3481320986,-0.0975813487,0.1760173505,-0.4676493337,0.0404090696,-0.3841710135,-0.2945394906,-0.0430823353,0.3368988726,0.0060034493,-0.3913939592
-0.0633950437,-0.0679903065,0.8132135279,-0.0041137170,0.0215950787,-0.7533222805,0.6572840114,0.1973343711,0.2573449630,0.2315290606,0.1376308364,0.0792535517,-0.1000582299,-0.1582281675,-0.3424341234,-0.3558999041,0.2594646843,0.2092826292,0.1526675056,0.0489289403,0.1153215130,-0.1111803100,0.2428393223,0.5272642261,-0.6912675962,0.3463892222,-0.0987482481,0.1762830287,-0.4670068611,0.0411321073,-0.3838944054,-0.2992022816,-0.0259445269,0.3462960996,0.0007500003,-0.3902425556
-0.0627883563,-0.0687468946,0.8141181570,-0.0055443706,0.0215354437,-0.7530351471,0.6576044037,0.2006138844,0.2577577299,0.2270701758,0.1369699196,0.0845029786,-0.0996355021,-0.1521555000,-0.3392554747,-0.3508346240,0.2554537175,0.2169158416,0.1548136249,0.0491395577,0.1139296990,-0.1095204617,0.2436861906,0.5282296017,-0.6904140876,0.3451658332,-0.0992825306,0.1762118992,-0.4663799411,0.0413032721,-0.3910347921,-0.3005193771,-0.0181100075,0.3491281416,-0.0029891483,-0.3879278273
-0.0622337018,-0.0694897836,0.8150044512,-0.0069030500,0.0214316697,-0.7527686194,0.6579000206,0.2038403298,0.2579615851,0.2227309656,0.1363772480,0.0897132262,-0.0990619794,-0.1467232189,-0.3364570375,-0.3451909943,0.2524328749,0.2243278045,0.1570120876,0.0495359698,0.1128417424,-0.1077032892,0.2443396433,0.5285409344,-0.6896637157,0.3442040730,-0.1000464876,0.1762086184,-0.4659329779,0.0416579147,-0.3980971422,-0.3019106391,-0.0120121416,0.3509435879,-0.0054347920,-0.3861764911
-0.0616798107,-0.0702282297,0.8159713906,-0.0082047010,0.0213064261,-0.7525046521,0.6581910571,0.2070076188,0.2580524449,0.2184141013,0.1357850690,0.0949271233,-0.0984436897,-0.1415523450,-0.3338604710,-0.3394041766,0.2497907394,0.2315608395,0.1592366609,0.0500099546,0.1117142251,-0.1059069056,0.2448523345,0.5287228538,-0.6889768529,0.3433683777,-0.1008109091,0.1761852270,-0.4655058123,0.0422140584,-0.4049824206,-0.3033364446,-0.0066497702,0.3524562734,-0.0073051704,-0.3846899766
-0.0632282792,-0.0702858115,0.8157105313,-0.0084929330,0.0203744628,-0.7531426012,0.6574868619,0.2101186141,0.2587390202,0.2174706805,0.1356981016,0.0964065409,-0.0996875992,-0.1390897667,-0.3313292678,-0.3358475456,0.2471348062,0.2276186603,0.1578109467,0.0500398191,0.1081378149,-0.1030334734,0.2411781323,0.5284275525,-0.6914281993,0.3441186213,-0.1014349449,0.1761423544,-0.4638062227,0.0355670901,-0.4092119453,-0.2968594514,-0.0162892687,0.3468188204,-0.0091311137,-0.3826587979
-0.0648796125,-0.0702709422,0.8155172006,-0.0087221808,0.0193875218,-0.7538230517,0.6567334728,0.2129630894,0.2594588895,0.2164313532,0.1359807993,0.0979285521,-0.1010356334,-0.1374761893,-0.3291798572,-0.3319685685,0.2461758262,0.2229172053,0.1561491678,0.0495696546,0.1043186616,-0.0993947498,0.2367757126,0.5280168925,-0.6934907700,0.3454431646,-0.1022908190,0.1759692572,-0.4618804029,0.0291979485,-0.4114521015,-0.2897622475,-0.0297430253,0.3387463403,-0.0085805966,-0.3821775605
-0.0665581116,-0.0703313392,0.8152283599,-0.0088945949,0.0183628975,-0.7544854867,0.6559994974,0.2157098140,0.2600600108,0.2153122407,0.1363073806,0.0994574733,-0.1023913940,-0.1361886835,-0.3272597091,-0.3279973987,0.2458333149,0.2178983390,0.1544773419,0.0489964146,0.1002768034,-0.0956312564,0.2322174844,0.5276238835,-0.6954193003,0.3469281021,-0.1031768228,0.1756923966,-0.4599605193,0.0231880922,-0.4129405248,-0.2825349939,-0.0448294530,0.3298739240,-0.0068420712,-0.3822588006
-0.0680435664,-0.0703685756,0.8148391377,-0.0088774988,0.0175554321,-0.7553693712,0.6550039006,0.2184314270,0.2605151927,0.2152871648,0.1362855029,0.0999038576,-0.1047580070,-0.1357777228,-0.3238822342,-0.3160015037,0.2446758838,0.2113848703,0.1550135548,0.0476258487,0.0973967846,-0.0921429487,0.2304395748,0.5265471537,-0.6956792602,0.3519687596,-0.1027404976,0.1759005996,-0.4576275936,0.0228651487,-0.4083159405,-0.2774245606,-0.0550666865,0.3257245974,-0.0053550150,-0.3829070212
-0.0695198092,-0.0704723450,0.8143492921,-0.0087460393,0.0168029458,-0.7563219557,0.6539252764,0.2211033346,0.2608845823,0.2156000748,0.1361957768,0.1002195081,-0.1070734067,-0.1356976514,-0.3205124552,-0.3036586492,0.2437035636,0.2047356606,0.1555393110,0.0466067925,0.0941860603,-0.0893668477,0.2289552162,0.5255612444,-0.6960575028,0.3574311551,-0.1018102029,0.1756997065,-0.4554751605,0.0233523649,-0.4035792843,-0.2723076919,-0.0651924118,0.3221464664,-0.0045070570,-0.3833446993
-0.0709908080,-0.0705984026,0.8139446327,-0.0085453877,0.0160841722,-0.7572851158,0.6528303984,0.2236554075,0.2611954503,0.2159575845,0.1360904557,0.1005315036,-0.1093708187,-0.1357856913,-0.3172014624,-0.2912247649,0.2428146849,0.1980962138,0.1560782826,0.0457250383,0.0908917702,-0.0868827184,0.2275390559,0.5245937849,-0.6965223292,0.3630091215,-0.1007813766,0.1753461274,-0.4533753085,0.0240822382,-0.3988847152,-0.2672264772,-0.0752393309,0.3186896429,-0.0038407592,-0.3836962578
-0.0730277445,-0.0707074760,0.8142826470,-0.0090239792,0.0161267042,-0.7566335113,0.6535780189,0.2242490555,0.2649785273,0.2138594383,0.1353600700,0.1055373514,-0.1132464147,-0.1389616330,-0.3154844317,-0.2834592446,0.2403742665,0.1767238024,0.1536591242,0.0431011568,0.0907403859,-0.0856475243,0.2275851665,0.5245450199,-0.6940679111,0.3593381659,-0.1017017547,0.1741337016,-0.4539442370,0.0271237803,-0.3940044385,-0.2647226586,-0.0759599808,0.3206963840,-0.0024941774,-0.3832845796
-0.0750661309,-0.0708755235,0.8146897076,-0.0093988962,0.0164124039,-0.7558372185,0.6544863580,0.2243229791,0.2691551244,0.2114128157,0.1346899933,0.1105065278,-0.1172687227,-0.1427159147,-0.3136199379,-0.2761351611,0.2392387913,0.1543729461,0.1512183021,0.0397908487,0.0906795923,-0.0851661936,0.2287391638,0.5253817687,-0.6913029257,0.3537924917,-0.1029031260,0.1737802575,-0.4547576948,0.0296547247,-0.3899014331,-0.2620965113,-0.0746975612,0.3239547014,-0.0022215951,-0.3820976147
-0.0771941745,-0.0710547782,0.8150108548,-0.0097035159,0.0167651347,-0.7550310332,0.6554028616,0.2241228448,0.2733493167,0.2088914291,0.1341040832,0.1154587067,-0.1212795936,-0.1468035498,-0.3118035893,-0.2688905642,0.2384934025,0.1317803786,0.1487615079,0.0362645696,0.0905936452,-0.0849698143,0.2303609689,0.5264616481,-0.6883263635,0.3475926097,-0.1041764875,0.1738324201,-0.4555408614,0.0319082488,-0.3860763857,-0.2592825201,-0.0725942783,0.3275795497,-0.0024824751,-0.3806118276
-0.0814499512,-0.0718071725,0.8154021760,-0.0092640746,0.0176795931,-0.7525642408,0.6582162809,0.2211592667,0.2809018511,0.2016343789,0.1329365104,0.1242240506,-0.1264640586,-0.1459043139,-0.3056561096,-0.2565276945,0.2372407215,0.1192219047,0.1571074418,0.0330122445,0.0900311083,-0.0828084874,0.2335471829,0.5294992119,-0.6891652850,0.3560495601,-0.1028092148,0.1753125914,-0.4526631612,0.0322063586,-0.3900075194,-0.2509112939,-0.0773564111,0.3279226523,-0.0016986853,-0.3745142325
-0.0856338053,-0.0725542110,0.8159180773,-0.0090445549,0.0186551040,-0.7500741479,0.6610287102,0.2183052257,0.2886212309,0.1942430630,0.1317701020,0.1329678631,-0.1315715188,-0.1438706391,-0.2990560804,-0.2446865460,0.2342843836,0.1075646425,0.1653006285,0.0296004192,0.0902916947,-0.0804863388,0.2360230268,0.5309731956,-0.6900575854,0.3671179429,-0.1010389511,0.1752742133,-0.4494095838,0.0327257243,-0.3942351900,-0.2423773699,-0.0828685468,0.3279172660,-0.0001319940,-0.3684238043
-0.0897883124,-0.0732966077,0.8163585195,-0.0089411200,0.0196295226,-0.7475837409,0.6638172102,0.2156024090,0.2964518657,0.1868369851,0.1305763191,0.1417101034,-0.1366649807,-0.1413409015,-0.2922451971,-0.2330207157,0.2307381302,0.0962024976,0.1734825933,0.0262431145,0.0908835563,-0.0779614391,0.2381857607,0.5319201028,-0.6909994333,0.3790844518,-0.0990957377,0.1745946094,-0.4461549906,0.0333264905,-0.3986109382,-0.2338389687,-0.0886672065,0.3278321784,0.0016885855,-0.3624286529
-0.0934702469,-0.0734003884,0.8166227545,-0.0089929250,0.0199878447,-0.7457210528,0.6658976834,0.2133163408,0.3028694675,0.1802788808,0.1302000074,0.1484079534,-0.1421173821,-0.1363917166,-0.2855305930,-0.2321488875,0.2298236906,0.1018047896,0.1751916965,0.0290887604,0.0890291735,-0.0797770645,0.2457669634,0.5325721735,-0.6566008326,0.3768584139,-0.1102547637,0.1742278876,-0.4423250288,0.0365568681,-0.3971142904,-0.2360706396,-0.1008865552,0.3263303673,0.0017239669,-0.3612488693
-0.0972307740,-0.0734885024,0.8168313082,-0.0090055984,0.0205277530,-0.7438416361,0.6679798882,0.2106428060,0.3096520606,0.1735848916,0.1299007889,0.1551796296,-0.1477344954,-0.1310090140,-0.2782782263,-0.2315813796,0.2274399337,0.1081485906,0.1766997653,0.0302791172,0.0867666452,-0.0815226108,0.2556733903,0.5348293626,-0.6194459939,0.3715831750,-0.1217739929,0.1749694461,-0.4392575524,0.0394818185,-0.3940372137,-0.2364903008,-0.1148493328,0.3239423578,0.0026460900,-0.3605683490
-0.1010963631,-0.0735838907,0.8170479016,-0.0090269732,0.0210997472,-0.7419330896,0.6700810436,0.2078921273,0.3165133157,0.1667448473,0.1296086708,0.1619531414,-0.1533935121,-0.1254303832,-0.2709208434,-0.2311119825,0.2246759441,0.1146516886,0.1781620670,0.0308292524,0.0843802743,-0.0833128254,0.2665518215,0.5372716743,-0.5814250301,0.3652070673,-0.1332359795,0.1761421857,-0.4362591213,0.0423434679,-0.3905104134,-0.2361457258,-0.1293439258,0.3212025056,0.0040038462,-0.3601788105
-0.1073643280,-0.0737717287,0.8173077074,-0.0091380440,0.0213635231,-0.7399519959,0.6722582389,0.2058444459,0.3267098408,0.1613653308,0.1292427254,0.1722895578,-0.1580663255,-0.1191074555,-0.2599991724,-0.2298711358,0.2223963974,0.1145928986,0.1756785325,0.0375909151,0.0814811569,-0.0843702172,0.2746333453,0.5365032842,-0.5403546737,0.3569725004,-0.1407025552,0.1773186589,-0.4279314965,0.0474132032,-0.3873975408,-0.2350958079,-0.1341257934,0.3214644235,0.0054585679,-0.3609723243
-0.1136486512,-0.0738715938,0.8175702708,-0.0094044093,0.0216006831,-0.7380225061,0.6743646996,0.2042284711,0.3370783196,0.1558330081,0.1288443124,0.1828059499,-0.1629352610,-0.1126402918,-0.2489182230,-0.2284559980,0.2204237626,0.1144359052,0.1731758789,0.0447575200,0.0788040891,-0.0851472321,0.2825797089,0.5352740334,-0.4996920058,0.3489022408,-0.1477145629,0.1784969162,-0.4191932783,0.0520044504,-0.3849754634,-0.2343787886,-0.1372613044,0.3225328098,0.0058845988,-0.3614976884
-0.1199211378,-0.0740432644,0.8178414654,-0.0097093891,0.0217748391,-0.7360909213,0.6764626669,0.2027405413,0.3473751907,0.1502863252,0.1284442968,0.1933047417,-0.1677920195,-0.1060507929,-0.2378934059,-0.2269269096,0.2184553076,0.1142601794,0.1707068016,0.0520109162,0.0761338751,-0.0858281879,0.2905239432,0.5337763583,-0.4591685901,0.3408639655,-0.1546619696,0.1795934531,-0.4103826089,0.0564278765,-0.3828092158,-0.2337832105,-0.1397834119,0.3238539773,0.0058906842,-0.3618432725
-0.1258576586,-0.0743000774,0.8179449068,-0.0090829849,0.0224713103,-0.7353553722,0.6772481201,0.2007183083,0.3562599159,0.1479704699,0.1277948158,0.2019809700,-0.1696171341,-0.1041618301,-0.2284500025,-0.2296340904,0.2170990629,0.1112831036,0.1670895158,0.0631906825,0.0712501010,-0.0870107836,0.2938624751,0.5215650789,-0.4030996764,0.3374230577,-0.1729936906,0.1800968792,-0.3888153767,0.0620951033,-0.3832777049,-0.2282639492,-0.1335890002,0.3325539888,0.0072074593,-0.3554989674
-0.1318002842,-0.0744428496,0.8180722873,-0.0081623536,0.0231196301,-0.7346369657,0.6780172470,0.1980083038,0.3645267948,0.1457695654,0.1273951519,0.2106380583,-0.1711655629,-0.1033723198,-0.2196834453,-0.2319449205,0.2165347868,0.1081778538,0.1635779234,0.0733272061,0.0662927837,-0.0885402079,0.2965497928,0.5082314601,-0.3466403163,0.3353993657,-0.1920878579,0.1794017596,-0.3660320842,0.0661277710,-0.3851399763,-0.2217705543,-0.1247797374,0.3426204851,0.0075181643,-0.3480724556
-0.1376225868,-0.0745261950,0.8182169160,-0.0071540682,0.0237103429,-0.7339108011,0.6787942066,0.1950710040,0.3725152323,0.1435272301,0.1271476598,0.2192953271,-0.1726228991,-0.1029138535,-0.2112282689,-0.2341263161,0.2162820397,0.1050067700,0.1601496789,0.0832938978,0.0611767429,-0.0903086721,0.2987582583,0.4947032387,-0.2902981121,0.3336753021,-0.2111292953,0.1779672637,-0.3431470758,0.0697211229,-0.3874292879,-0.2151339567,-0.1148766768,0.3529940691,0.0073749920,-0.3402914948
-0.1429389178,-0.0746923999,0.8186511166,-0.0074225022,0.0248067649,-0.7330263542,0.6797072127,0.1934029645,0.3827538617,0.1445482296,0.1263893246,0.2280458810,-0.1697795773,-0.1016761284,-0.2008408137,-0.2363714719,0.2163113049,0.1039548242,0.1546101894,0.0848093615,0.0578547992,-0.0932699086,0.2979109493,0.4742071960,-0.2603482581,0.3653342908,-0.2246555294,0.1764610261,-0.3082009149,0.0688284978,-0.3850216241,-0.2090036523,-0.1046143658,0.3598204902,0.0060427227,-0.3387736772
-0.1482342570,-0.0746876520,0.8190277762,-0.0078859898,0.0258418219,-0.7321145525,0.6806454976,0.1920375827,0.3932041320,0.1455738569,0.1255856601,0.2368140466,-0.1668705179,-0.0998066059,-0.1901969291,-0.2387483406,0.2157249419,0.1032999109,0.1490473015,0.0880223533,0.0553993312,-0.0962658594,0.2928406655,0.4529188719,-0.2339317907,0.4031338150,-0.2382593269,0.1711168118,-0.2716168759,0.0689168842,-0.3831092879,-0.2039776896,-0.0944347003,0.3658991444,0.0044105174,-0.3381866561
-0.1535335740,-0.0746313880,0.8195078822,-0.0084471165,0.0268160259,-0.7312182242,0.6815639776,0.1908647877,0.4037437399,0.1466857853,0.1248326906,0.2455658994,-0.1639348040,-0.0976490874,-0.1794380376,-0.2410876195,0.2148882593,0.1027933782,0.1434512632,0.0921389307,0.0532230772,-0.0991760775,0.2860756236,0.4323396768,-0.2083573586,0.4427495327,-0.2519877782,0.1645721320,-0.2356308226,0.0695221781,-0.3814007705,-0.1999118564,-0.0845994595,0.3719242430,0.0030748409,-0.3375385545
-0.1576842000,-0.0746802037,0.8207236910,-0.0088833552,0.0278933481,-0.7275525775,0.6854270889,0.1830255002,0.4124776388,0.1476686322,0.1250436636,0.2574334479,-0.1531186540,-0.0934010065,-0.1718357778,-0.2459895908,0.2139671656,0.1061828156,0.1366202346,0.0968464465,0.0497238484,-0.0989513497,0.2779793151,0.4097715278,-0.1824469875,0.4730867280,-0.2698665581,0.1540342141,-0.1976697548,0.0796018983,-0.3811524030,-0.1899729737,-0.0457189381,0.3840442162,0.0064275063,-0.3309756241
-0.1617354479,-0.0745918095,0.8219784495,-0.0091601512,0.0289095546,-0.7236336634,0.6895176941,0.1746924330,0.4208041912,0.1484108171,0.1253804373,0.2693980181,-0.1420137181,-0.0891479110,-0.1647497727,-0.2509427406,0.2126575205,0.1099356115,0.1299710410,0.1008960475,0.0458309263,-0.0993750550,0.2713323139,0.3880628803,-0.1567159428,0.5025139929,-0.2883203451,0.1429055508,-0.1588925790,0.0878766110,-0.3827377155,-0.1796830223,-0.0015382161,0.3978869446,0.0071187444,-0.3218795357
-0.1657684495,-0.0744510874,0.8232505712,-0.0093985867,0.0298958428,-0.7196854997,0.6935925941,0.1662099743,0.4290361659,0.1491313564,0.1257654267,0.2813672821,-0.1308476862,-0.0849695900,-0.1577857173,-0.2558582163,0.2113422565,0.1137437946,0.1233259171,0.1047797164,0.0418575431,-0.1000248185,0.2651252648,0.3672572820,-0.1306120397,0.5314401418,-0.3067628571,0.1318528624,-0.1206126897,0.0953432185,-0.3850113981,-0.1691458410,0.0444271646,0.4119758714,0.0072568970,-0.3112684976
-0.1714966789,-0.0747622658,0.8251425772,-0.0097789035,0.0305831693,-0.7169469633,0.6963878909,0.1543688911,0.4170916690,0.1541308215,0.1228976103,0.2456051268,-0.1172689079,-0.0797930877,-0.1479696398,-0.2625561781,0.2078698390,0.1184152278,0.1148469414,0.1077871896,0.0372629518,-0.0988538839,0.2588962495,0.3672725223,-0.1278334644,0.5606781120,-0.3124002729,0.1245496600,-0.0983234430,0.1069124401,-0.4051143023,-0.1406718521,0.1211348517,0.4267280380,0.0173016649,-0.2832640517
-0.1770416188,-0.0750005657,0.8271530333,-0.0100336831,0.0309202025,-0.7143498021,0.6990333515,0.1419718362,0.4041555871,0.1592640043,0.1225657250,0.2083013386,-0.1034288927,-0.0743002701,-0.1389589111,-0.2684381464,0.2040480720,0.1234729661,0.1066521344,0.1117929358,0.0319204463,-0.0987724136,0.2534864046,0.3684273000,-0.1256504532,0.5900650252,-0.3175805427,0.1179613021,-0.0782786092,0.1156474215,-0.4267040292,-0.1123073514,0.2050859978,0.4413079121,0.0253851183,-0.2496146896
-0.1825692883,-0.0751717509,0.8291151080,-0.0100984734,0.0310711804,-0.7117680895,0.7016543233,0.1292509835,0.3905020238,0.1641299337,0.1227810896,0.1707699054,-0.0895769812,-0.0689693966,-0.1305031839,-0.2740797459,0.2001707765,0.1286939585,0.0984789480,0.1158333950,0.0262108371,-0.0987688205,0.2481779538,0.3696534423,-0.1238054019,0.6198119622,-0.3227229939,0.1109366501,-0.0584235618,0.1227605809,-0.4475497125,-0.0827372371,0.2908821553,0.4531314674,0.0325150963,-0.2136856455
-0.1865834842,-0.0756039866,0.8313525107,-0.0112259940,0.0303339949,-0.7100164574,0.7034418640,0.1166230419,0.3683436088,0.1670642205,0.1233228853,0.1233022895,-0.0904337630,-0.0611741156,-0.1233772775,-0.2765966477,0.1957303709,0.1367337455,0.0914853207,0.1198886750,0.0214133617,-0.0980858914,0.2424066961,0.3687078766,-0.1290054814,0.6429856886,-0.3286208132,0.1051237417,-0.0434338848,0.1297986918,-0.4759759767,-0.0345373785,0.3573671567,0.4470118182,0.0418061492,-0.1670648349
-0.1905252819,-0.0760437416,0.8336510313,-0.0122573877,0.0291583774,-0.7082325831,0.7052702699,0.1044057568,0.3453678651,0.1704418239,0.1246050789,0.0751717595,-0.0910828062,-0.0526498951,-0.1171755780,-0.2789489358,0.1909760432,0.1449575866,0.0847250883,0.1228323858,0.0168449854,-0.0970858555,0.2381095626,0.3668706079,-0.1334161851,0.6649983039,-0.3346384953,0.0999832430,-0.0283438492,0.1371504014,-0.5021223821,0.0155236549,0.4192073264,0.4355762531,0.0523032614,-0.1219544879
-0.1943548571,-0.0764041706,0.8361035397,-0.0130657237,0.0276489147,-0.7063949191,0.7071570141,0.0923063726,0.3215228707,0.1741930976,0.1260097065,0.0269610078,-0.0915825268,-0.0440537833,-0.1119282714,-0.2812177654,0.1862020517,0.1533369688,0.0780900749,0.1251696363,0.0118754429,-0.0959600223,0.2343523326,0.3648018778,-0.1375184722,0.6866202794,-0.3406110103,0.0950974523,-0.0132642956,0.1443867028,-0.5261684636,0.0666903585,0.4782750842,0.4205037364,0.0629468512,-0.0784011633
-0.1949126806,-0.0762790775,0.8372219230,-0.0150779621,0.0267811606,-0.7058480325,0.7076962481,0.0902593974,0.3119204524,0.1645599062,0.1289271692,0.0307473443,-0.0877530665,-0.0383110711,-0.1085536221,-0.2801188026,0.1842896142,0.1610502125,0.0753455440,0.1258281415,0.0104432794,-0.0959997141,0.2323694636,0.3556836166,-0.1348084735,0.7188788449,-0.3526184393,0.0908653807,0.0011936272,0.1445218674,-0.5495925077,0.1034873187,0.5205550381,0.3991613080,0.0706585453,-0.0486571825
-0.1954260664,-0.0760817562,0.8384678132,-0.0171232718,0.0257941006,-0.7052141299,0.7083180704,0.0894789872,0.3019935617,0.1550241576,0.1293154858,0.0361370754,-0.0839362419,-0.0324433252,-0.1054137251,-0.2794026564,0.1825225710,0.1688818845,0.0725083296,0.1266313605,0.0098330535,-0.0954404645,0.2294051855,0.3460057990,-0.1325735852,0.7525445726,-0.3645828202,0.0857573916,0.0149473225,0.1457521267,-0.5723050964,0.1404978488,0.5587389058,0.3762855931,0.0791369833,-0.0218888566
-0.1960571791,-0.0757667720,0.8397161966,-0.0192047619,0.0246916946,-0.7045671136,0.7089475861,0.0890852739,0.2919590006,0.1455627441,0.1294122848,0.0417364470,-0.0801400269,-0.0264173899,-0.1023951184,-0.2787054266,0.1808746169,0.1766434871,0.0696248577,0.1275314474,0.0094235869,-0.0947592720,0.2263155992,0.3365539707,-0.1305603793,0.7867875353,-0.3765625646,0.0804755265,0.0282537404,0.1471033608,-0.5942033795,0.1780259067,0.5953681836,0.3523795949,0.0875385070,0.0036761944
-0.1961603806,-0.0764019370,0.8406403355,-0.0194268468,0.0234829807,-0.7043136292,0.7092344175,0.0895723902,0.2831071357,0.1482723151,0.1285897942,0.0392490736,-0.0788596762,-0.0219579813,-0.1029027223,-0.2753151363,0.1786107691,0.1803940329,0.0690003195,0.1296554404,0.0088656890,-0.0933758339,0.2241968185,0.3268272381,-0.1381598322,0.8143104956,-0.3823397498,0.0774248338,0.0350532588,0.1457226051,-0.6078186034,0.2234660731,0.6194127154,0.3248053157,0.0984713111,0.0374446770
-0.1962666098,-0.0770590993,0.8415708513,-0.0195427210,0.0222732841,-0.7041266116,0.7094559167,0.0900630138,0.2741958394,0.1512826407,0.1277976358,0.0366655780,-0.0777689842,-0.0179550984,-0.1036798213,-0.2718369294,0.1769326315,0.1838984256,0.0684087668,0.1320693455,0.0080414981,-0.0923153471,0.2228388912,0.3174880870,-0.1457637057,0.8405454781,-0.3878424715,0.0754928827,0.0418432811,0.1450268675,-0.6206532050,0.2686309555,0.6411968246,0.2959093889,0.1104300724,0.0707363812
-0.1964738523,-0.0776071535,0.8425893198,-0.0196156341,0.0210543311,-0.7039417494,0.7096745419,0.0904924723,0.2652220961,0.1543033408,0.1270562947,0.0340795045,-0.0767104009,-0.0141260868,-0.1045611834,-0.2683468784,0.1754502485,0.1873376412,0.0677994177,0.1345038232,0.0072363286,-0.0914624821,0.2218194706,0.3081892266,-0.1535822792,0.8668246214,-0.3933783261,0.0734645146,0.0486576222,0.1444867698,-0.6327143003,0.3142369775,0.6625942799,0.2661337661,0.1214883317,0.1031847585
-0.1960242075,-0.0774675872,0.8430529722,-0.0211471340,0.0206201592,-0.7031748886,0.7104031840,0.0907893756,0.2598881206,0.1563136323,0.1269178919,0.0434870248,-0.0792557711,-0.0102332629,-0.1030173691,-0.2667053957,0.1748354537,0.1911577568,0.0668175771,0.1335147099,0.0096232127,-0.0927035026,0.2198150641,0.2975449729,-0.1644049344,0.9118794447,-0.4051953307,0.0743305212,0.0541845174,0.1386689675,-0.6321974571,0.3583164480,0.6925248013,0.2418490025,0.1309097830,0.1254217423
-0.1956934197,-0.0772339811,0.8436085631,-0.0227309229,0.0201599622,-0.7023774323,0.7111559770,0.0910911575,0.2547520347,0.1581183053,0.1266869639,0.0531900057,-0.0819323136,-0.0062867155,-0.1013054692,-0.2653203118,0.1741774992,0.1947478148,0.0655934153,0.1323550269,0.0119753153,-0.0938951218,0.2167540877,0.2879056616,-0.1754124015,0.9589687806,-0.4176139056,0.0747665719,0.0584469482,0.1318274072,-0.6305788974,0.4030856786,0.7231008970,0.2172866910,0.1399142381,0.1470298202
-0.1954197697,-0.0769600753,0.8440781741,-0.0243470725,0.0196604046,-0.7015714422,0.7119116518,0.0914251375,0.2496795781,0.1598316510,0.1264923323,0.0629657974,-0.0846437781,-0.0023157118,-0.0995347578,-0.2639855598,0.1735908727,0.1983209181,0.0642802572,0.1311566589,0.0144407690,-0.0950554480,0.2135645254,0.2787848093,-0.1867739942,1.0069241312,-0.4301874469,0.0748845867,0.0620133705,0.1250157532,-0.6280135943,0.4482494735,0.7540183983,0.1922881206,0.1479797122,0.1678234938
-0.1943676526,-0.0772135888,0.8443723564,-0.0256420352,0.0200584933,-0.6995259960,0.7138652001,0.0909923080,0.2511697065,0.1549084164,0.1271983401,0.0875679249,-0.0871966048,0.0012380413,-0.0986151572,-0.2654146650,0.1733538781,0.2011262364,0.0647244375,0.1283918335,0.0187576109,-0.0962212893,0.2083699799,0.2686086974,-0.2068945228,1.0580291631,-0.4407909871,0.0782072143,0.0609618692,0.1193179384,-0.6113910611,0.4943080694,0.8084632806,0.1748000935,0.1564966859,0.1774422001
-0.1935205256,-0.0773887299,0.8445888931,-0.0269075814,0.0204619310,-0.6974539651,0.7158318644,0.0904398882,0.2526826573,0.1497908642,0.1277300102,0.1124380052,-0.0898588128,0.0045676954,-0.0976287214,-0.2669637575,0.1732603141,0.2038237208,0.0649739642,0.1255729311,0.0227542027,-0.0975944066,0.2027804605,0.2593135598,-0.2275674763,1.1098784228,-0.4516641382,0.0816024571,0.0591213296,0.1131453963,-0.5928586473,0.5410486252,0.8651172274,0.1575752639,0.1635290792,0.1859840659
-0.1927315305,-0.0775212873,0.8448139656,-0.0281692597,0.0208320451,-0.6953701203,0.7177972656,0.0898837082,0.2541742879,0.1445193596,0.1282490223,0.1373686585,-0.0925620658,0.0078451691,-0.0966353695,-0.2685487926,0.1732463482,0.2065070067,0.0651351450,0.1227119421,0.0267311702,-0.0990135325,0.1970026752,0.2504135977,-0.2487259858,1.1621577498,-0.4626235876,0.0851446864,0.0566809855,0.1074389308,-0.5732653121,0.5878973574,0.9221437701,0.1403380169,0.1701747968,0.1939004704
-0.1914105240,-0.0775860032,0.8449878439,-0.0285263223,0.0213232316,-0.6932863953,0.7197815938,0.0880019454,0.2540027460,0.1373622075,0.1286587007,0.1526855134,-0.0935748442,0.0098273681,-0.0979431554,-0.2723689035,0.1729401894,0.2085580478,0.0659788073,0.1178501060,0.0299677500,-0.1001541390,0.1879632418,0.2394753579,-0.2717140142,1.1978844937,-0.4707961060,0.0882176010,0.0528523978,0.0999934687,-0.5458567116,0.6160652523,0.9811393512,0.1426802655,0.1731485603,0.1900992146
-0.1901686661,-0.0777040322,0.8451639531,-0.0288794376,0.0218146530,-0.6912098992,0.7217471678,0.0859027773,0.2538767462,0.1301780189,0.1293900659,0.1679023078,-0.0945807483,0.0115979125,-0.0993327374,-0.2760448209,0.1728416826,0.2107152583,0.0668251044,0.1137953647,0.0329700476,-0.1012212362,0.1793303749,0.2285830629,-0.2956287974,1.2319386242,-0.4789489733,0.0924701113,0.0498330485,0.0937230803,-0.5180647040,0.6433797655,1.0402481795,0.1461121448,0.1757816836,0.1855817768
-0.1888408266,-0.0778018384,0.8453451207,-0.0292258162,0.0222913675,-0.6891370302,0.7236982107,0.0838066616,0.2536953104,0.1229676318,0.1301443624,0.1831010144,-0.0955845103,0.0133215073,-0.1007627575,-0.2796893340,0.1727777203,0.2128861003,0.0676703343,0.1098965472,0.0359357231,-0.1024034274,0.1709229191,0.2175950175,-0.3198584009,1.2657911565,-0.4871744776,0.0970739320,0.0467795386,0.0882977550,-0.4901501382,0.6704175470,1.0993517310,0.1498706478,0.1784153314,0.1811772090
-0.1878323655,-0.0772647495,0.8453916837,-0.0291047385,0.0227678987,-0.6879655980,0.7248019543,0.0810449409,0.2530320428,0.1190656772,0.1304940104,0.1909881509,-0.0958592200,0.0125182931,-0.1020667877,-0.2813942528,0.1727716535,0.2138446501,0.0682069963,0.1059299584,0.0377199324,-0.1012101155,0.1634684838,0.2091714351,-0.3426078174,1.2896590145,-0.4888156579,0.1021743462,0.0399320515,0.0814058882,-0.4577089024,0.6953120942,1.1429426691,0.1546627571,0.1777581995,0.1834052388
-0.1868185058,-0.0768207815,0.8454301774,-0.0289261648,0.0232355813,-0.6868111670,0.7258882873,0.0780847601,0.2523275160,0.1151701210,0.1310703734,0.1988516917,-0.0961397549,0.0116109339,-0.1036249179,-0.2828345409,0.1730790443,0.2151022054,0.0688911962,0.1019752574,0.0391659454,-0.1000384343,0.1566258796,0.2009557695,-0.3650577056,1.3121017165,-0.4898180939,0.1082589719,0.0332081588,0.0756042113,-0.4254396929,0.7195459829,1.1849766913,0.1594043006,0.1784231146,0.1863285709
-0.1857979185,-0.0763701150,0.8454701692,-0.0287319569,0.0237018957,-0.6856561415,0.7269720424,0.0750926170,0.2515813565,0.1112722935,0.1316630462,0.2067082291,-0.0964023135,0.0106453758,-0.1052288049,-0.2842545159,0.1734341527,0.2163535259,0.0695890270,0.0980242609,0.0405699926,-0.0989273843,0.1500878351,0.1924787449,-0.3875599631,1.3344344170,-0.4906979626,0.1142538371,0.0265624042,0.0709435270,-0.3929428906,0.7435081708,1.2270220923,0.1643270512,0.1789080144,0.1891235854
-0.1842379953,-0.0753594964,0.8455375974,-0.0284525198,0.0250018376,-0.6856303816,0.7269637832,0.0725151070,0.2509695334,0.1100101311,0.1289342545,0.2110012521,-0.0967431029,0.0080813248,-0.1053599467,-0.2822667925,0.1705345527,0.2193374920,0.0707882703,0.0911850605,0.0434630646,-0.0981491413,0.1485537387,0.1867673972,-0.4008589850,1.3436938192,-0.4904121174,0.1170224042,0.0263779154,0.0678951395,-0.3758631560,0.7456189812,1.2497348115,0.1778607541,0.1764191315,0.1812413756
-0.1826113771,-0.0744247423,0.8455406790,-0.0284106398,0.0257138189,-0.6857315532,0.7268451500,0.0702223786,0.2500471458,0.1091520311,0.1288699555,0.2136110432,-0.0969289730,0.0057686024,-0.1062553797,-0.2796890987,0.1698674708,0.2211342738,0.0721798759,0.0856912386,0.0446298065,-0.0959849991,0.1453558256,0.1829289761,-0.4147388376,1.3542829988,-0.4902516938,0.1206739248,0.0244254927,0.0645686494,-0.3569315724,0.7469727755,1.2740259788,0.1929234690,0.1735780542,0.1734381460
-0.1811037351,-0.0734323041,0.8455336952,-0.0284463617,0.0262750857,-0.6858520672,0.7267099603,0.0680643032,0.2490799278,0.1083098757,0.1291693621,0.2160585761,-0.0971300630,0.0034040473,-0.1073073280,-0.2770115126,0.1699062204,0.2225890138,0.0735429138,0.0805070525,0.0453910098,-0.0933624965,0.1415182034,0.1794426560,-0.4288214860,1.3654391633,-0.4901042672,0.1243546337,0.0219261436,0.0611767911,-0.3376108876,0.7479689108,1.2988460700,0.2082320386,0.1704284323,0.1658478195
-0.1805298665,-0.0725093800,0.8454666128,-0.0288102528,0.0263650203,-0.6858262613,0.7267167222,0.0671483876,0.2488075261,0.1059721125,0.1292479121,0.2176894002,-0.0969489830,0.0025646174,-0.1064063035,-0.2677998059,0.1697126106,0.2229294234,0.0756526259,0.0755485937,0.0456607722,-0.0918354012,0.1384793585,0.1788813566,-0.4357844029,1.3674276055,-0.4868337874,0.1239040102,0.0212444975,0.0597243083,-0.3273676904,0.7384381146,1.3148629420,0.2251450827,0.1650966040,0.1560813214
-0.1798004754,-0.0717215357,0.8454787216,-0.0293039940,0.0264005920,-0.6858524564,0.7266709659,0.0667006905,0.2486850479,0.1041921332,0.1293441494,0.2187812322,-0.0964592687,0.0021708041,-0.1054110759,-0.2586915490,0.1693648085,0.2230364438,0.0777519607,0.0711323557,0.0463009112,-0.0899140812,0.1361578096,0.1782243564,-0.4428076199,1.3675793267,-0.4826707561,0.1238920317,0.0212428719,0.0592715529,-0.3186126094,0.7280387806,1.3282467640,0.2416848263,0.1606714994,0.1464787925
-0.1791357954,-0.0709544322,0.8454004240,-0.0298474655,0.0264013971,-0.6858939995,0.7266096039,0.0664403251,0.2485736913,0.1024887971,0.1294513423,0.2198017637,-0.0959457236,0.0020048932,-0.1043970251,-0.2495314477,0.1689136028,0.2231548423,0.0798914448,0.0668773168,0.0470432093,-0.0879325761,0.1341564841,0.1775014028,-0.4499619675,1.3671287578,-0.4783817599,0.1241582004,0.0215577478,0.0592377013,-0.3103660562,0.7174377302,1.3407721414,0.2580830631,0.1567167265,0.1369588151
-0.1792943011,-0.0710386401,0.8452687498,-0.0300386564,0.0263260055,-0.6862876609,0.7262326535,0.0673774171,0.2492543749,0.1015556766,0.1295148676,0.2204268458,-0.0960732947,0.0024864101,-0.1026089989,-0.2401355147,0.1681530400,0.2220831848,0.0829430702,0.0626328062,0.0468054507,-0.0875079211,0.1326230796,0.1799249211,-0.4537901901,1.3632808987,-0.4721835670,0.1233136796,0.0237390650,0.0593808361,-0.3073527992,0.7083609884,1.3419933686,0.2665411556,0.1517034364,0.1268795548
-0.1794358626,-0.0711884710,0.8451359488,-0.0302197749,0.0262826654,-0.6866945044,0.7258420244,0.0683944246,0.2497553974,0.1003577159,0.1295163397,0.2207754422,-0.0963289225,0.0030708466,-0.1009254350,-0.2311033978,0.1673476048,0.2206984154,0.0857135612,0.0580871709,0.0466822924,-0.0871520343,0.1317201913,0.1823900572,-0.4570486738,1.3586788179,-0.4654722380,0.1225609607,0.0262041349,0.0605517496,-0.3052018319,0.6991294643,1.3406907851,0.2737624836,0.1477583312,0.1166515748
-0.1795693870,-0.0713643926,0.8450891646,-0.0303928968,0.0262504446,-0.6870896502,0.7254619209,0.0694056863,0.2502505649,0.0991384261,0.1295155829,0.2210957524,-0.0965767973,0.0036991077,-0.0992576656,-0.2221084024,0.1665382744,0.2192724725,0.0885075677,0.0534782567,0.0466059832,-0.0868890341,0.1310631971,0.1848558170,-0.4602577055,1.3537993927,-0.4586407157,0.1219020353,0.0287648903,0.0621130064,-0.3033178043,0.6898563715,1.3385480750,0.2807392114,0.1443229755,0.1062851802
-0.1797118409,-0.0715652179,0.8449226607,-0.0311476824,0.0261184083,-0.6873551632,0.7251831012,0.0715230900,0.2519821754,0.1000183588,0.1295184614,0.2206246113,-0.0972916281,0.0052487231,-0.0977024271,-0.2200967599,0.1662438302,0.2192009110,0.0900866035,0.0521475606,0.0470208864,-0.0881735776,0.1317105230,0.1908391411,-0.4588119120,1.3497584400,-0.4515345312,0.1215282327,0.0323609887,0.0639423477,-0.3043580053,0.6852859686,1.3353634045,0.2827438857,0.1427862030,0.0971519558
-0.1798007679,-0.0717980733,0.8448389888,-0.0319598813,0.0259945192,-0.6876174037,0.7249035502,0.0737167451,0.2536716462,0.1004212569,0.1294961556,0.2201039386,-0.0980772931,0.0070939795,-0.0960257375,-0.2184538815,0.1656716371,0.2191384070,0.0913819767,0.0502452466,0.0476098257,-0.0895185207,0.1329351342,0.1967320297,-0.4566915044,1.3460665392,-0.4441136104,0.1206943048,0.0357197339,0.0659409008,-0.3053633250,0.6812378200,1.3321290198,0.2842196800,0.1412235962,0.0881141320
-0.1799791888,-0.0720398515,0.8447553838,-0.0327874165,0.0258694395,-0.6878611680,0.7246397526,0.0759354400,0.2553866234,0.1007734823,0.1294706964,0.2195803177,-0.0988741717,0.0090464993,-0.0943191259,-0.2168697575,0.1649917872,0.2191003987,0.0926753683,0.0481265608,0.0482325635,-0.0909077109,0.1342466463,0.2026709195,-0.4543365012,1.3422161624,-0.4366076551,0.1200772465,0.0389834160,0.0677354332,-0.3065274860,0.6773336161,1.3286500545,0.2856178699,0.1400949188,0.0793860705
-0.1809593187,-0.0730236895,0.8445921505,-0.0332452350,0.0259148430,-0.6881460871,0.7243466975,0.0785134090,0.2579461834,0.1019365098,0.1288840657,0.2189467682,-0.1015480485,0.0114506251,-0.0915360255,-0.2160052055,0.1638286283,0.2179862221,0.0936490503,0.0468053842,0.0507266376,-0.0933555492,0.1347477431,0.2080331604,-0.4511617559,1.3402995094,-0.4316082740,0.1198753020,0.0426445867,0.0680176431,-0.3111826905,0.6739139383,1.3281155127,0.2864841509,0.1403844795,0.0728436353
-0.1818452908,-0.0739765465,0.8445202338,-0.0337546761,0.0259801975,-0.6884338916,0.7240472554,0.0810982775,0.2605402347,0.1020205296,0.1285927353,0.2187941313,-0.1032993492,0.0138644916,-0.0888792445,-0.2154662041,0.1626597213,0.2173402603,0.0941487866,0.0454999100,0.0536341080,-0.0957629394,0.1349688180,0.2129976929,-0.4479952880,1.3389848009,-0.4269300443,0.1194943242,0.0461600244,0.0678579243,-0.3161373990,0.6705699270,1.3281937787,0.2872693276,0.1405735368,0.0669610767
-0.1828138817,-0.0750039340,0.8444502786,-0.0342719284,0.0260432973,-0.6887097949,0.7237582470,0.0836481177,0.2631340712,0.1020713002,0.1283289937,0.2186474894,-0.1050385945,0.0163089326,-0.0862263770,-0.2149530600,0.1614399259,0.2167348248,0.0946517949,0.0441525059,0.0566089095,-0.0981234381,0.1350891847,0.2178639009,-0.4448057841,1.3378780248,-0.4222949152,0.1190097463,0.0496034982,0.0675615294,-0.3211319948,0.6672367087,1.3284713633,0.2880315384,0.1406604626,0.0612400196
-0.1845888932,-0.0761127459,0.8444284841,-0.0344719100,0.0262110431,-0.6881605962,0.7242649118,0.0847983694,0.2667942456,0.1019599718,0.1278635216,0.2202018247,-0.1083604033,0.0192680114,-0.0828888883,-0.2169708303,0.1594790505,0.2149973819,0.0947998754,0.0464469631,0.0557952307,-0.1010484724,0.1351364112,0.2219569437,-0.4397334617,1.3384740317,-0.4210234145,0.1185209687,0.0527992913,0.0670797198,-0.3239548853,0.6691739724,1.3272094671,0.2841756676,0.1417570446,0.0600859704
-0.1864110665,-0.0772247676,0.8444096343,-0.0346118767,0.0264295946,-0.6875678586,0.7248130340,0.0856877394,0.2702064786,0.1012112719,0.1275238825,0.2219429621,-0.1108808989,0.0220691938,-0.0796976520,-0.2193585332,0.1576138051,0.2140196629,0.0947486517,0.0483821726,0.0547129680,-0.1042333919,0.1353584338,0.2263674671,-0.4344773168,1.3390994354,-0.4201157716,0.1180192459,0.0560087958,0.0663377854,-0.3265893088,0.6712538705,1.3259888011,0.2798356992,0.1429730496,0.0594694489
-0.1882347581,-0.0784224407,0.8443932612,-0.0347196902,0.0266709751,-0.6869615656,0.7253737034,0.0864557757,0.2735966225,0.1004136631,0.1271920758,0.2237021833,-0.1133952832,0.0247919570,-0.0765337750,-0.2217786286,0.1557378627,0.2130576971,0.0946996240,0.0501998649,0.0535727540,-0.1075034984,0.1356562706,0.2308078509,-0.4291597446,1.3397100553,-0.4192502287,0.1175117400,0.0592189807,0.0655321419,-0.3291865845,0.6733906300,1.3248391675,0.2754207406,0.1441872897,0.0589551044
-0.1905087233,-0.0800128428,0.8443681445,-0.0346889400,0.0269249576,-0.6872312297,0.7251103095,0.0885606295,0.2776984692,0.0998599683,0.1270652322,0.2253550208,-0.1163515994,0.0271323729,-0.0726229826,-0.2245396171,0.1539521991,0.2112303595,0.0936399396,0.0512549658,0.0524450711,-0.1101173760,0.1338901092,0.2322305312,-0.4291506515,1.3396288036,-0.4167444963,0.1174224368,0.0606492629,0.0632716659,-0.3310003342,0.6767387249,1.3219906877,0.2714457900,0.1446382863,0.0594476790
-0.1928693489,-0.0816761167,0.8444250748,-0.0347244054,0.0271643214,-0.6875523003,0.7247952467,0.0908235283,0.2817488441,0.0993860876,0.1269803040,0.2269688072,-0.1193085810,0.0295611672,-0.0687296075,-0.2273443904,0.1522888373,0.2097047872,0.0926298282,0.0526343709,0.0514450786,-0.1124685972,0.1318585146,0.2335268278,-0.4294482910,1.3395969803,-0.4142617698,0.1174692010,0.0620219661,0.0610607812,-0.3329475889,0.6798225681,1.3190525599,0.2675811199,0.1451108715,0.0599782344
-0.1951388191,-0.0832473564,0.8443957513,-0.0347754426,0.0273854632,-0.6878768335,0.7244764778,0.0931461145,0.2857976910,0.0989347088,0.1268990113,0.2285770938,-0.1222612757,0.0320448914,-0.0648314187,-0.2301266327,0.1506098618,0.2081915475,0.0916261704,0.0541054413,0.0504578415,-0.1147452857,0.1297456851,0.2348049223,-0.4298344932,1.3395985386,-0.4118013925,0.1175384453,0.0633915072,0.0588766783,-0.3349391758,0.6828128973,1.3160710568,0.2637199754,0.1455896142,0.0605161110
-0.1974414388,-0.0844972949,0.8443713202,-0.0350969252,0.0274231085,-0.6878896674,0.7244473648,0.0951584254,0.2904644264,0.0995985475,0.1270167409,0.2303798378,-0.1257861671,0.0347340621,-0.0604597826,-0.2317168325,0.1492171479,0.2068078962,0.0889112969,0.0548799392,0.0471160731,-0.1157976321,0.1290193214,0.2359929153,-0.4286641643,1.3402174489,-0.4103720346,0.1173068267,0.0645002539,0.0573296837,-0.3367177353,0.6851557080,1.3140217594,0.2613550128,0.1461234110,0.0600370064
-0.1998439279,-0.0857473994,0.8443393069,-0.0354731205,0.0274500920,-0.6878920225,0.7244257834,0.0973049126,0.2950798760,0.1003120926,0.1271345329,0.2321272792,-0.1293691835,0.0375141970,-0.0560887195,-0.2333123331,0.1478793062,0.2055655406,0.0863243842,0.0554798791,0.0437031600,-0.1166744503,0.1285139434,0.2373380730,-0.4273308860,1.3406177647,-0.4089990423,0.1170755879,0.0656525302,0.0556509134,-0.3382657039,0.6877483006,1.3121196525,0.2591721960,0.1465720836,0.0594337599
-0.2021613616,-0.0869976889,0.8443088190,-0.0358603348,0.0274634562,-0.6878891142,0.7244089740,0.0994945746,0.2996894935,0.1010154680,0.1272447010,0.2338703892,-0.1329575222,0.0403387668,-0.0517135250,-0.2349070076,0.1465311685,0.2043174706,0.0837404042,0.0559945177,0.0402698109,-0.1175019147,0.1280753195,0.2387101152,-0.4259340195,1.3409380664,-0.4076271308,0.1168676996,0.0668309570,0.0539146509,-0.3397704847,0.6904240269,1.3102743533,0.2570315321,0.1469935184,0.0588180889
-0.2040874293,-0.0879642767,0.8442001019,-0.0362153204,0.0273317443,-0.6875779837,0.7246916190,0.1012073820,0.3031973967,0.1015084008,0.1274634555,0.2350631381,-0.1358155582,0.0432190070,-0.0482276472,-0.2355001146,0.1451858305,0.2026079495,0.0812800199,0.0570320277,0.0390537061,-0.1167244569,0.1273767904,0.2377956668,-0.4262733402,1.3422689754,-0.4074122079,0.1169899340,0.0673786258,0.0506030482,-0.3401303439,0.6929110352,1.3078485969,0.2558414631,0.1469998356,0.0582479255
-0.2059869900,-0.0889860912,0.8440892095,-0.0366315997,0.0271567540,-0.6872817539,0.7249582246,0.1030608315,0.3068039025,0.1021833999,0.1277098322,0.2360837405,-0.1386203451,0.0461897029,-0.0447511981,-0.2359280494,0.1439806251,0.2010473260,0.0789734325,0.0581732858,0.0380369858,-0.1156242329,0.1263876504,0.2365608619,-0.4267757099,1.3438752693,-0.4074088682,0.1170526326,0.0678977426,0.0472423777,-0.3406915652,0.6951568294,1.3054329764,0.2547986744,0.1470326490,0.0576432157
-0.2078836247,-0.0899135343,0.8439792671,-0.0370698652,0.0269580423,-0.6869888750,0.7252209144,0.1049758984,0.3104020307,0.1028739281,0.1279765096,0.2370871904,-0.1414188179,0.0492212753,-0.0412759437,-0.2363264771,0.1427748302,0.1994840569,0.0766771601,0.0593732534,0.0370501103,-0.1144250142,0.1252951014,0.2352780387,-0.4273321903,1.3455709043,-0.4074366691,0.1170807829,0.0684052196,0.0438726638,-0.3412957429,0.6973479713,1.3029990180,0.2537657432,0.1470716807,0.0570355188
-0.2098600953,-0.0912421921,0.8438645588,-0.0377753589,0.0269987046,-0.6873873464,0.7248053037,0.1082804788,0.3150284030,0.1041275922,0.1280343181,0.2377738136,-0.1448045923,0.0523413786,-0.0366108311,-0.2358929631,0.1414701249,0.1981331011,0.0745315047,0.0587845198,0.0375782525,-0.1137803948,0.1263248150,0.2351472628,-0.4263010078,1.3487961630,-0.4078441784,0.1174759831,0.0689347891,0.0422389269,-0.3407695136,0.7005935144,1.3010426172,0.2514305284,0.1469856789,0.0575630840
-0.2118519372,-0.0926038897,0.8437410805,-0.0384945184,0.0270632462,-0.6877642070,0.7244074463,0.1116751029,0.3198160173,0.1055547035,0.1280407162,0.2383799791,-0.1482388811,0.0555956165,-0.0317784416,-0.2350645632,0.1400120325,0.1967959908,0.0722452789,0.0578835130,0.0381370857,-0.1133246995,0.1276563108,0.2351118625,-0.4249987373,1.3521156737,-0.4081886896,0.1177199061,0.0693157934,0.0406120034,-0.3402222790,0.7042540450,1.2990981854,0.2489732292,0.1468776509,0.0581282472
-0.2138453819,-0.0938840339,0.8435316482,-0.0392112417,0.0271318620,-0.6881383661,0.7240110011,0.1150745095,0.3246143847,0.1069920764,0.1280481740,0.2389762018,-0.1516760700,0.0588789668,-0.0269322119,-0.2342313388,0.1385071051,0.1954660377,0.0699619090,0.0568938756,0.0386980988,-0.1128944734,0.1290599872,0.2350873858,-0.4236082910,1.3554398910,-0.4085063535,0.1179202878,0.0696639498,0.0389620753,-0.3396640368,0.7080227950,1.2971774322,0.2465243834,0.1467656303,0.0587042309
-0.2156308309,-0.0949654831,0.8435890808,-0.0392012179,0.0269136754,-0.6887393828,0.7234479810,0.1172620378,0.3270038904,0.1067281252,0.1286706638,0.2404608625,-0.1541152224,0.0607893519,-0.0239863441,-0.2321109397,0.1370557481,0.1942616760,0.0677603287,0.0553617621,0.0399786932,-0.1107344657,0.1304343616,0.2313753309,-0.4238731659,1.3581209638,-0.4088713446,0.1176916085,0.0691849885,0.0374742404,-0.3385354573,0.7111290562,1.2956168102,0.2445138419,0.1466224504,0.0587733695
-0.2173724040,-0.0959372003,0.8435552275,-0.0391278189,0.0267347041,-0.6893323463,0.7228936199,0.1192432930,0.3292214893,0.1064437196,0.1292886022,0.2416531139,-0.1562832126,0.0624082948,-0.0212369541,-0.2299702196,0.1359401892,0.1930999496,0.0657904375,0.0539343489,0.0413964087,-0.1085978516,0.1317750672,0.2273474756,-0.4242503199,1.3607334290,-0.4092922652,0.1174807163,0.0688650952,0.0359544367,-0.3376396277,0.7141534722,1.2939449194,0.2425373516,0.1464970174,0.0587382791
-0.2190203535,-0.0969073637,0.8435232846,-0.0390307576,0.0265664139,-0.6899271849,0.7223373901,0.1211504842,0.3314049101,0.1061705086,0.1299392086,0.2428329755,-0.1584390531,0.0639301435,-0.0185255469,-0.2278136023,0.1349059542,0.1919041148,0.0638323537,0.0525308645,0.0428192378,-0.1065114006,0.1331182927,0.2232747228,-0.4246622165,1.3633256700,-0.4097277823,0.1172851869,0.0685868588,0.0344577389,-0.3367907400,0.7171572707,1.2922318674,0.2405667276,0.1463886700,0.0586939080
-0.2194610434,-0.0973508520,0.8435164510,-0.0391853846,0.0267366413,-0.6904839319,0.7217905496,0.1225324356,0.3314253408,0.0965441325,0.1298321022,0.2416532815,-0.1581989820,0.0642676107,-0.0170406389,-0.2263624454,0.1343886143,0.1921731867,0.0631149658,0.0513684164,0.0451258639,-0.1050913361,0.1337448117,0.2208599484,-0.4255340538,1.3651816204,-0.4095407431,0.1172866674,0.0685650263,0.0334542067,-0.3381908347,0.7188180288,1.2920273209,0.2400662986,0.1464153946,0.0577755899
-0.2198073480,-0.0976991250,0.8435147258,-0.0392541008,0.0269517794,-0.6909771519,0.7213066565,0.1234749191,0.3313587978,0.0867371245,0.1299574718,0.2403883101,-0.1578795801,0.0643912048,-0.0156750392,-0.2250996871,0.1339628368,0.1923980561,0.0623915413,0.0501570412,0.0473779289,-0.1038326411,0.1342385702,0.2184774009,-0.4265796753,1.3670901499,-0.4093560107,0.1173606893,0.0685697818,0.0326333458,-0.3396855256,0.7202906905,1.2919257157,0.2396988671,0.1462925180,0.0568293607
-0.2201527559,-0.0981342484,0.8435138661,-0.0392906464,0.0271939004,-0.6914659592,0.7208270002,0.1243213972,0.3312854083,0.0769134650,0.1301287788,0.2391071743,-0.1575652395,0.0644006628,-0.0143281947,-0.2238527709,0.1335823258,0.1926130574,0.0616656373,0.0489661024,0.0496145341,-0.1026727798,0.1347167702,0.2160998382,-0.4276713135,1.3690243264,-0.4091857826,0.1174418619,0.0685697756,0.0318452301,-0.3411813402,0.7217315625,1.2918328904,0.2393392362,0.1461349659,0.0558796862
-0.2198914162,-0.0981483868,0.8432454134,-0.0394437442,0.0274950133,-0.6912244792,0.7210387886,0.1241347162,0.3315554995,0.0745447512,0.1301673653,0.2367997999,-0.1595380713,0.0648123872,-0.0142535592,-0.2242747593,0.1331093997,0.1918806960,0.0608789660,0.0468019178,0.0529263296,-0.1022012223,0.1358927644,0.2146882512,-0.4282111412,1.3710286557,-0.4095476269,0.1176462896,0.0684369565,0.0310121263,-0.3438376114,0.7198750697,1.2925562973,0.2403291788,0.1458388369,0.0541741631
-0.2195332686,-0.0982540779,0.8429791157,-0.0396084322,0.0278091992,-0.6910175180,0.7212160636,0.1239311074,0.3317910247,0.0724094392,0.1301728927,0.2345362727,-0.1615094440,0.0651261996,-0.0140144556,-0.2241002222,0.1326586278,0.1910318149,0.0606549683,0.0448957892,0.0562183806,-0.1018426279,0.1368032326,0.2133841033,-0.4286842126,1.3730443340,-0.4099593596,0.1177888721,0.0683293859,0.0302890883,-0.3465065448,0.7178628388,1.2933453280,0.2413977933,0.1454438371,0.0524227442
-0.2192609773,-0.0983587830,0.8427132596,-0.0397669494,0.0281274112,-0.6908210555,0.7213831907,0.1237242023,0.3320226443,0.0703125079,0.1301729139,0.2322772930,-0.1634734666,0.0654069445,-0.0137781573,-0.2238960676,0.1322304858,0.1901803357,0.0604354254,0.0430596306,0.0595002509,-0.1014982876,0.1376721822,0.2120871911,-0.4292042926,1.3751069325,-0.4103767036,0.1179184116,0.0682116377,0.0295927795,-0.3491716786,0.7158038121,1.2941469151,0.2424680018,0.1450224361,0.0506669334
-0.2193100104,-0.0985450577,0.8426007059,-0.0395385557,0.0282765852,-0.6903040945,0.7218846130,0.1229182217,0.3320206231,0.0667009941,0.1301848854,0.2307757880,-0.1645109837,0.0654343518,-0.0135022147,-0.2246906447,0.1316052337,0.1897297532,0.0605971304,0.0424834152,0.0613895600,-0.1005462206,0.1363233625,0.2109216367,-0.4317761794,1.3750815636,-0.4094187887,0.1169015161,0.0682257599,0.0298393800,-0.3510826536,0.7159651123,1.2956857398,0.2431971928,0.1444472297,0.0494628333
-0.2194590693,-0.0988082825,0.8424077140,-0.0392931606,0.0284557901,-0.6897854267,0.7223865867,0.1220387002,0.3317749930,0.0633142940,0.1302400718,0.2298376184,-0.1653346960,0.0655010034,-0.0135831713,-0.2256192681,0.1314280656,0.1893079164,0.0604734402,0.0420275280,0.0631554198,-0.0996376877,0.1349027535,0.2098545905,-0.4345336892,1.3746170288,-0.4084150337,0.1164171500,0.0682996777,0.0299540281,-0.3529188389,0.7159571922,1.2969942670,0.2439327346,0.1443021498,0.0485189304
-0.2195192713,-0.0989824655,0.8423031921,-0.0390306329,0.0286310338,-0.6892673250,0.7228882544,0.1211585000,0.3314907861,0.0599394073,0.1302564237,0.2289257557,-0.1661494821,0.0655090321,-0.0137097005,-0.2265376767,0.1313387733,0.1888442881,0.0603567185,0.0416009747,0.0648687183,-0.0987357124,0.1334967350,0.2088142043,-0.4373216516,1.3740248078,-0.4074199146,0.1160684507,0.0684250563,0.0300725495,-0.3547591641,0.7158992145,1.2982403128,0.2446524617,0.1442460341,0.0475971468
-0.2189551047,-0.0990498769,0.8420930196,-0.0390212593,0.0289558092,-0.6890782080,0.7230561014,0.1202699325,0.3315556058,0.0628212423,0.1301387160,0.2275021944,-0.1676269475,0.0651482948,-0.0143111620,-0.2269477868,0.1310044725,0.1865620114,0.0614923283,0.0402313026,0.0670513072,-0.0985916362,0.1330537186,0.2083136047,-0.4381998743,1.3734434415,-0.4074751029,0.1159220644,0.0685643846,0.0310182999,-0.3555049207,0.7153434257,1.3003750168,0.2449601461,0.1446234051,0.0466987601
-0.2183941257,-0.0990326435,0.8419497783,-0.0389398076,0.0292764508,-0.6889143712,0.7232036850,0.1195721904,0.3315269364,0.0663585885,0.1299980278,0.2263725548,-0.1688025001,0.0646210049,-0.0148483415,-0.2267192346,0.1309131692,0.1857418145,0.0621824133,0.0388688752,0.0689914467,-0.0987012577,0.1327495240,0.2078542436,-0.4389330177,1.3727820560,-0.4075810959,0.1158057507,0.0686950391,0.0318877029,-0.3561358500,0.7149807939,1.3025626182,0.2451763546,0.1450140420,0.0459109037
-0.2177416884,-0.0991036572,0.8417211591,-0.0388379643,0.0296098788,-0.6887624658,0.7233402611,0.1188662132,0.3314783905,0.0699446005,0.1298029046,0.2252702501,-0.1699703080,0.0640604226,-0.0153948703,-0.2264561638,0.1307650696,0.1849647658,0.0628776299,0.0375159568,0.0709110641,-0.0988753921,0.1324879613,0.2074042861,-0.4396426244,1.3720856494,-0.4076857893,0.1157026523,0.0688426009,0.0327370370,-0.3567502293,0.7146614178,1.3047849243,0.2453899916,0.1453977732,0.0451471113
